Fold,Epoch,Train_MSE,Val_MSE,Train_R2,Val_R2,Train_AuxAcc,Val_AuxAcc
1,1,0.05164683610200882,0.020173916593194008,-76.01401549445258,-27.876098759969075,0.5547315055941358,0.9934678819444445
1,2,0.015154101885855198,0.010995013639330864,-22.326872827388623,-14.485768837398952,0.9930025077160494,0.9928439670138889
1,3,0.008851682767271996,0.006974723655730486,-12.41669025833224,-8.638674444622463,0.992163387345679,0.9927951388888889
1,4,0.006038953550159931,0.0050154151394963264,-7.852474343629531,-5.739634667502509,0.9912814670138889,0.9900716145833334
1,5,0.004487788770347834,0.003971280995756388,-5.39089359295221,-4.203186019261678,0.9896912374614197,0.9815700954861111
1,6,0.0035247907508164644,0.003124215640127659,-3.912061270372367,-3.053869801097446,0.9876621576003086,0.9880479600694444
1,7,0.002906088251620531,0.002759258495643735,-2.9722636234613113,-2.463831212785509,0.9862045476466049,0.9832465277777778
1,8,0.0024670124985277653,0.0022940626367926598,-2.3144709325131076,-1.8581636110941568,0.9856656298225308,0.9908908420138889
1,9,0.0021218513138592243,0.001976992469280958,-1.82232541522862,-1.446828842163086,0.9848011911651234,0.9812934027777778
1,10,0.0019087144173681736,0.001604130258783698,-1.510081546983601,-0.9711042881011963,0.9842242959104939,0.9898763020833333
1,11,0.001718214014545083,0.0016146805137395859,-1.2122932077925883,-0.9337242629792956,0.9838957609953703,0.9882541232638888
1,12,0.0015367658343166113,0.0017009915318340063,-0.9587182729332535,-0.9693042039871216,0.9831078800154321,0.9824110243055556
1,13,0.001441578147932887,0.0012141310144215822,-0.8009888579815994,-0.4314063999387953,0.9813880449459876,0.9857530381944445
1,14,0.0012921537272632122,0.001264449441805482,-0.5992387645038557,-0.4689770698547363,0.9813042534722223,0.9814181857638888
1,15,0.001216495642438531,0.0012437965488061309,-0.48334134875992196,-0.4328340530395508,0.9813404224537037,0.9756293402777778
1,16,0.0011462527327239513,0.001350165344774723,-0.3823405087730031,-0.48959703577889335,0.9806387442129629,0.9800889756944444
1,17,0.0010909312404692173,0.0009973127162083983,-0.2942609741363996,-0.13141316307915582,0.9809118200231481,0.9878634982638889
1,18,0.0010309603530913591,0.0008779536001384258,-0.20740785716492452,0.005637730492485894,0.9811565634645062,0.9870496961805556
1,19,0.0009977573063224554,0.0008874688646756113,-0.16368343388592754,0.0038869659105936686,0.9807653356481482,0.9852701822916666
1,20,0.0009312661131843925,0.001002108328975737,-0.07344170632185759,-0.0871080756187439,0.9800485869984568,0.9818901909722222
1,21,0.0009003592422232032,0.0009375290246680379,-0.028609866124612315,-0.0016593204604254828,0.979954547646605,0.9809136284722222
1,22,0.0008751385612413287,0.000903173815459013,-5.56875158239294e-05,0.01068304114871555,0.9801474488811729,0.9785373263888889
1,23,0.0008812835440039635,0.0008884251583367586,0.009679801964465483,0.05940661562813653,0.9799117476851852,0.9815212673611111
1,24,0.0008170073851943016,0.0010380700696259737,0.09274782604641385,-0.08818075921800402,0.9799412856867284,0.9825520833333333
1,25,0.000796992564573884,0.0008810117142274976,0.11601247390111287,0.07264559931225247,0.9802607783564815,0.9805338541666667
1,26,0.0007977394852787256,0.0006738141528330743,0.11664876466915931,0.28696877559026085,0.9797718942901235,0.9827365451388889
1,27,0.0007405059295706451,0.0008374375756829977,0.18552131770569602,0.14418363041347929,0.9793167679398148,0.97744140625
1,28,0.0007384149357676506,0.0007603721460327506,0.19979809728669531,0.1973590162065294,0.9796935281635802,0.9799153645833333
1,29,0.0006996561423875391,0.0008717668242752552,0.23208082060755034,0.10414953894085355,0.979760440779321,0.9820041232638889
1,30,0.0007037456380203366,0.0007258523837663233,0.2419591254658169,0.2437587194972568,0.9796790605709876,0.9816786024305556
1,31,0.0006841307622380555,0.0006771284388378263,0.2664478309360551,0.3098204533259074,0.9799129533179012,0.9803276909722223
1,32,0.0006491164676845074,0.0008158950367942452,0.3082890550295512,0.1659903817706638,0.9794463734567901,0.9810872395833333
1,33,0.0006465192418545485,0.0005738112959079444,0.3134641224955335,0.42085998323228624,0.979979263117284,0.9867621527777778
1,34,0.0006257957429625094,0.0007051212014630437,0.33523773264001916,0.2790765669610765,0.9797278886959877,0.9853841145833333
1,35,0.0006206299876794219,0.0006624549860134721,0.33429563339845636,0.34024343755510117,0.9796350549768519,0.9841688368055556
1,36,0.0006210890132933855,0.0008362603257410228,0.3413423212957971,0.1746782355838352,0.9800594376929013,0.9777994791666667
1,37,0.0005970661295577884,0.0006872654194012284,0.37358931891712144,0.31468780438105265,0.9804862316743828,0.9789171006944445
1,38,0.0005548120243474841,0.0006588778342120349,0.41879678346492627,0.3510940008693271,0.9797447675540123,0.9821940104166667
1,39,0.0005531065398827195,0.0006044098408892751,0.4214692567601616,0.4049407654338413,0.9804006317515432,0.9815755208333333
1,40,0.0005526301683858037,0.0006489496445283294,0.41595445577009227,0.3841153211063809,0.9800564236111111,0.9799262152777778
1,41,0.000530645193066448,0.000697525218129158,0.45141301802646966,0.31481603119108414,0.9798864293981482,0.9820421006944444
1,42,0.0005208350485190749,0.0005477583035826683,0.4545597155888875,0.47612594895892674,0.9805718315972223,0.9856499565972222
1,43,0.0004826573422178626,0.0005956402746960521,0.496236824400631,0.43299427562289766,0.9810938705632716,0.9817762586805555
1,44,0.0004708299820777029,0.0005650871898978949,0.5123865187903981,0.4686133172776964,0.9810118875385803,0.9836805555555556
1,45,0.00045182209578342736,0.000600862898863852,0.5309312331823655,0.4235292938020494,0.9814814814814815,0.9829372829861112
1,46,0.00045940993004478514,0.0005469615571200848,0.5194448369520682,0.48113423850801257,0.9815845630787037,0.9822645399305555
1,47,0.00044508391874842346,0.000603539461735636,0.5394365627088664,0.4260696742269728,0.9815604504243827,0.9837348090277778
1,48,0.00044732599053531885,0.0005138429114595056,0.5327614972620834,0.5191752831141154,0.9818202642746914,0.9857367621527777
1,49,0.00042979902355000377,0.0005445251590572298,0.5520801366111379,0.49074033498764036,0.9820577739197531,0.9839192708333333
1,50,0.00041675177635625005,0.0005585163016803563,0.5688629299034307,0.46233278777864245,0.9820246190200618,0.9830078125
1,51,0.0004201522096991539,0.0006205755053088069,0.5635786587809339,0.408437983194987,0.9820650077160494,0.9827419704861111
1,52,0.00041840790072456,0.0005736473249271512,0.5653574983278911,0.45725682708952164,0.9821626639660493,0.9843153211805555
1,53,0.0004177098744548857,0.0005626919446513057,0.5681098233034582,0.46929979589250354,0.9820348668981481,0.9830891927083333
1,54,0.00040451931999996305,0.0005681123584508896,0.5765368326210681,0.462558913230896,0.9823308497299382,0.9825792100694445
1,55,0.0004038397455587983,0.0005084631266072392,0.5813546113025995,0.5283467319276598,0.9822561005015432,0.9836263020833333
1,56,0.00039658110472373664,0.000595266348682344,0.588634831081202,0.44503916634453666,0.9821391541280864,0.98408203125
1,57,0.00038859498454257846,0.0006730207242071629,0.59271227710041,0.3662258611785041,0.9828034577546296,0.9828993055555556
1,58,0.00042903603753075004,0.0005559706478379667,0.5573423080974155,0.4865567485491435,0.9821192611882716,0.9839952256944444
1,59,0.0003788618487305939,0.0005309985717758536,0.6117448846499125,0.5109231935607063,0.9826720437885802,0.9843858506944444
1,60,0.0003745501162484288,0.0005671326071023941,0.6139794074458841,0.47030082543691,0.9828329957561729,0.9840494791666666
1,61,0.0003610893036238849,0.0005051088519394398,0.6303058170977934,0.5415017114745246,0.9832338686342592,0.9871690538194444
1,62,0.00035514184855856,0.0005071380874142051,0.6337735803038985,0.5306788139873081,0.9832302517361111,0.9859754774305556
1,63,0.00033671330311335623,0.0005769585259258747,0.6519400926283848,0.4743324915568034,0.9835810908564815,0.98603515625
1,64,0.0003350772021804005,0.0006726091960445046,0.653987279056031,0.3727550043000115,0.9836046006944444,0.9857693142361111
1,65,0.00033438345417380333,0.0005136333638802171,0.6533003758501124,0.5336156116591559,0.984153163580247,0.9858561197916667
1,66,0.00031874747946858406,0.0005094192456454039,0.6715723773579538,0.5419909132851495,0.9839687017746913,0.9867621527777778
1,67,0.0003169068950228393,0.0004480575444176793,0.6731634740476256,0.593326391114129,0.9842592592592593,0.9875813802083333
1,68,0.00031567440601065755,0.000494146253913641,0.6674194770094789,0.5580199440320333,0.9843587239583333,0.9880316840277777
1,69,0.00031051295809447765,0.0005935423541814089,0.6784583727518717,0.4583898531066047,0.9844177999614198,0.9882378472222222
1,70,0.0003087453078478575,0.0005680748727172613,0.6814147054413219,0.4846280323134528,0.9845914110725309,0.9873752170138889
1,71,0.00030675058951601386,0.00048443296691402793,0.6834047931211966,0.5586394005351596,0.9843599295910493,0.9874240451388889
1,72,0.0002858974039554596,0.0005730962730012834,0.7026682672677217,0.4755685806274414,0.9845859857253086,0.9875705295138889
1,73,0.0002782469382509589,0.0005444060079753399,0.7137796091444698,0.508565194076962,0.9850145881558642,0.9880859375
1,74,0.0002821102680172771,0.0006009908393025398,0.7102943148142026,0.44178926282458836,0.9851267119984568,0.9873046875
1,75,0.0002882649714592844,0.00049668486462906,0.7026798095232175,0.5494347996181912,0.9848608699845679,0.9877115885416666
1,76,0.00026244716718792915,0.00049370969645679,0.7273087603074533,0.5534431046909756,0.9851146556712963,0.9887098524305555
1,77,0.0002412470494164154,0.0005166327464394271,0.7494898089656123,0.5295085019535488,0.985692756558642,0.9888997395833333
1,78,0.00023530104954261333,0.0005020437529310584,0.7540157970087028,0.5463799979951647,0.9859471450617284,0.9889377170138889
1,79,0.00023705820785835385,0.0005042048869654536,0.7544148125766236,0.5435618771447076,0.9859917534722222,0.9896592881944445
1,80,0.00022498576436191797,0.0005062106065452099,0.7653451511889329,0.5397969643274944,0.9861406491126543,0.9892035590277778
1,81,0.00022138076019473374,0.0005049867904745042,0.767367536197474,0.54378182888031,0.986206958912037,0.9895887586805555
1,82,0.00021835249208379537,0.0005230408860370517,0.7687793219531024,0.5260636634296841,0.9864354263117284,0.9889811197916667
1,83,0.00021708433632738888,0.0005249649984762073,0.7701224525769551,0.5253568040000067,0.9864938994984568,0.9892632378472223
1,84,0.00021080486476421356,0.0005182788008823991,0.7781894495457778,0.5287564529312981,0.9865348910108025,0.9896864149305555
1,85,0.00020421278895810246,0.0005267087835818529,0.7849258857008852,0.5215457346704271,0.986766975308642,0.9894748263888888
1,86,0.00020185348694212735,0.0005283711943775415,0.7862770700160367,0.5218966099951002,0.9867494936342592,0.9897515190972223
1,87,0.00020195776596665382,0.0005229383241385221,0.78686759898692,0.5257972942458259,0.9868851273148148,0.9896755642361111
2,1,0.10398512333631516,0.05025193840265274,-169.74716515482208,-75.38981547885471,0.47214928144290125,0.9908203125
2,2,0.03778558969497681,0.027275413274765015,-58.15194048587187,-40.34646335177951,0.9931767216435186,0.9934733072916667
2,3,0.021818744018673897,0.01664866879582405,-32.866686946963085,-24.056299352645873,0.993529972029321,0.9931532118055556
2,4,0.01398114301264286,0.01133117824792862,-20.578883798034102,-15.873582368426852,0.9932472511574074,0.9927083333333333
2,5,0.00997003074735403,0.00845523551106453,-14.31641779181398,-11.41157440609402,0.9922164351851852,0.9914388020833333
2,6,0.007641901727765799,0.006330844946205616,-10.458719663266782,-8.246709738837348,0.9907684702932099,0.9939670138888889
2,7,0.0060633709654212,0.005326912272721529,-7.972368466706923,-6.5481314897537235,0.9886387201003086,0.9922797309027778
2,8,0.0049068257212638855,0.004573282320052385,-6.122897143128477,-5.416444216834174,0.9877387152777778,0.9758951822916667
2,9,0.00412717554718256,0.003623689990490675,-4.927469452516532,-4.075556516647339,0.9847071518132716,0.9849229600694445
2,10,0.0034870761446654797,0.0033632880076766014,-3.980526116747915,-3.5708720631069606,0.9845033998842593,0.9875162760416667
2,11,0.0030487170442938805,0.002737723756581545,-3.298335968123542,-2.752734300825331,0.9838017216435185,0.9844563802083334
2,12,0.0026817605830729008,0.002413625828921795,-2.7341993782255383,-2.2812129815419513,0.9829017168209877,0.9858018663194444
2,13,0.0023934703785926104,0.0025605412665754557,-2.3103956550727656,-2.3373763852649265,0.9828010464891975,0.9742621527777777
2,14,0.002174678724259138,0.002122274599969387,-1.9521557531239073,-1.8030018568038941,0.9808774594907408,0.9744032118055556
2,15,0.001979685388505459,0.0018312485190108418,-1.6695833571163226,-1.3901839150322808,0.9812162422839507,0.9812879774305555
2,16,0.001816650154069066,0.0017593991942703724,-1.4160740396122873,-1.2720660275883144,0.9819751880787037,0.9767035590277777
2,17,0.0016833104891702533,0.0016116569750010967,-1.232366508466226,-1.0369034899605645,0.9802221981095679,0.9836100260416667
2,18,0.00154279510024935,0.0015536572318524122,-1.0153199619717068,-0.9440072072876824,0.980714096257716,0.9779622395833333
2,19,0.001452792901545763,0.0013827726943418384,-0.8753356584796199,-0.7114718053076002,0.9808774594907408,0.9819715711805556
2,20,0.001359288115054369,0.0014240103773772717,-0.7373839806627345,-0.7378123627768622,0.9805603780864197,0.9800509982638889
2,21,0.0012817834503948689,0.0014780113706365228,-0.6215055031540954,-0.8261740472581651,0.9804150993441358,0.9764756944444445
2,22,0.0012275599874556065,0.0011292495764791965,-0.5440948556970667,-0.3484718918800354,0.9803499951774691,0.9812065972222223
2,23,0.001168611110188067,0.001188172958791256,-0.4526549342237873,-0.42925451729032726,0.9808738425925926,0.9774522569444445
2,24,0.0011091174092143774,0.001074030064046383,-0.3715546276834276,-0.25997398296991986,0.9799165702160494,0.9790093315972223
2,25,0.001059956382960081,0.0010333319660276175,-0.3014190355936686,-0.19747292200724284,0.9805037133487654,0.9779568142361111
2,26,0.0010176316136494279,0.0009943738114088774,-0.23310518853458356,-0.16023977332644992,0.9798382040895062,0.9842556423611111
2,27,0.0009626701357774436,0.0012648904230445623,-0.1721370828004531,-0.39781504737006296,0.9801341869212963,0.9825466579861111
2,28,0.0009693283354863524,0.000973314221482724,-0.15756797584486595,-0.08914002312554253,0.9805977527006173,0.9777180989583333
2,29,0.000929885427467525,0.000852667260915041,-0.1016934041623716,0.03577421638700697,0.9797905815972222,0.9865125868055555
2,30,0.0008689588285051286,0.0009014005190692842,-0.02233336560520125,0.011529988712734647,0.9798707561728395,0.9751302083333333
2,31,0.0008561852155253291,0.000832875317428261,-0.001295020403685393,0.0930958800845676,0.9798677420910494,0.9783257378472222
2,32,0.0008137820987030864,0.0009002607548609376,0.04815133368527448,0.01855464908811781,0.9806031780478395,0.9741373697916667
2,33,0.0007963958196341991,0.0008069388568401337,0.07607719736334718,0.12479954560597738,0.9801221305941358,0.9793674045138889
2,34,0.0007827755762264132,0.000871388241648674,0.09363523339047844,0.08111257288191054,0.9796410831404321,0.9774088541666667
2,35,0.0007688142359256744,0.0008731425041332841,0.11694558917740244,0.06757034063339233,0.9804856288580247,0.9765245225694444
2,36,0.0007416520966216922,0.0008460578392259777,0.15432862219987092,0.09355788628260295,0.980176986882716,0.982373046875
2,37,0.0007129483856260777,0.0008420867379754782,0.17930452632315366,0.11286515924665663,0.9800214602623457,0.97548828125
2,38,0.0007118129287846386,0.0007424221839755774,0.1986946744683348,0.22738806936475967,0.9802951388888889,0.978515625
2,39,0.0006698510842397809,0.0007651499472558498,0.23970828026901056,0.20842929946051703,0.9804952739197531,0.9749620225694444
2,40,0.0006579068722203374,0.0007053955923765898,0.26105487685144685,0.2754049566056993,0.9808316454475309,0.9804796006944444
2,41,0.0006447647465392947,0.0006475347327068448,0.28030429401515444,0.3384377638498942,0.9809594425154321,0.9820692274305556
2,42,0.0006442719022743404,0.000711018277797848,0.2740054882602927,0.27655878067016604,0.9803988233024692,0.9795355902777778
2,43,0.0006144324433989823,0.0008137421682476997,0.3192162989098349,0.17020033730400932,0.9811077353395061,0.9786512586805556
2,44,0.0006040092557668686,0.0006749679450877011,0.3260204712549845,0.32115410698784724,0.9812590422453704,0.9796278211805556
2,45,0.0005749476840719581,0.0006698108045384288,0.36182510175822696,0.3182619055112203,0.9816990981867284,0.9809027777777778
2,46,0.0005750289419665933,0.0007682412397116423,0.3644835714940672,0.2154195533858405,0.9814422984182098,0.9788248697916667
2,47,0.0005411860765889287,0.0007346973288804293,0.40434547088764333,0.24910640716552734,0.981667148919753,0.9760416666666667
2,48,0.0005536254611797631,0.0007472725701518357,0.3895059575269252,0.23876927693684896,0.9818274980709877,0.9734266493055556
2,49,0.0005375822074711323,0.0006186534883454442,0.4141082613556473,0.3916252228948805,0.9811324508101852,0.9799696180555556
2,50,0.0005246171494945884,0.000702276942320168,0.42409470537562427,0.29238013558917575,0.9819986979166667,0.9778157552083333
2,51,0.0005080514820292592,0.0006783164571970701,0.4472531390778812,0.32956836488511826,0.9820631992669753,0.9817816840277778
2,52,0.00048708703252486885,0.0007271717768162489,0.47259997026419936,0.27323890129725137,0.9822247540509259,0.9786675347222222
2,53,0.0004988200962543488,0.0005586161278188229,0.46255908439188825,0.4485718475447761,0.9821307146990741,0.9825792100694445
2,54,0.0004882928333245218,0.0005523899453692138,0.4671909694318418,0.4625758237308926,0.9818980275848765,0.9807508680555556
2,55,0.0004706661566160619,0.0006056712009012699,0.49115585736286493,0.4184116178088718,0.9822705680941358,0.980712890625
2,56,0.0004601434920914471,0.0005390486912801862,0.5028370676217255,0.47413756847381594,0.9829011140046297,0.981201171875
2,57,0.00044594070641323924,0.0006018525455147028,0.5165463363682782,0.42706677781211005,0.9829023196373456,0.9811740451388888
2,58,0.00044247735058888793,0.0005636168061755598,0.5230448178303094,0.4630447957250807,0.9831983024691358,0.9834364149305556
2,59,0.00041334301931783557,0.0005614164983853698,0.5520675825484005,0.44972143835491607,0.9834273726851852,0.9796712239583333
2,60,0.00041453790618106723,0.0005245341453701258,0.5602910963105566,0.4907708684603373,0.9831790123456791,0.98408203125
2,61,0.0004032396827824414,0.0005426607094705105,0.5649953540460563,0.4770773225360446,0.9837426456404321,0.9808430989583333
2,62,0.00038971088360995054,0.0005482652341015637,0.5812219658015687,0.48562239011128744,0.9838692370756172,0.9817599826388889
2,63,0.00038955200579948723,0.0005364274838939309,0.5833182836756294,0.4880774113867018,0.9839753327546297,0.9801812065972222
2,64,0.00037302589043974876,0.0006037694402039051,0.6004033318272344,0.4071229298909505,0.9841525607638889,0.98134765625
2,65,0.0003636138280853629,0.0005447897710837424,0.61141892215352,0.48132800658543906,0.9842683015046296,0.98330078125
2,66,0.00035035141627304256,0.0005819156067445874,0.6294583358882386,0.45181767145792645,0.9844376929012346,0.9835774739583333
2,67,0.0003575618611648679,0.0005200141458772123,0.6182305500831133,0.5221257262759739,0.9844027295524691,0.9830674913194445
2,68,0.00034369766945019364,0.0005993029335513711,0.6320480783780416,0.4294001301129659,0.9847318672839506,0.9814290364583333
2,69,0.00032430197461508214,0.0005433008773252368,0.6547265264723036,0.48175741036732994,0.9848747347608025,0.9833279079861111
2,70,0.0003155148879159242,0.0005548675544559956,0.6642201083677787,0.46227820184495716,0.9850133825231482,0.983984375
2,71,0.0003112754493486136,0.0005061945994384587,0.668758048981796,0.5388340168529087,0.9851689091435185,0.9846245659722223
2,72,0.000312991498503834,0.0004960601218044758,0.6645624534583386,0.5496852000554403,0.9854480131172839,0.9833875868055556
2,73,0.0003046504862140864,0.0005738320760428905,0.6757407147207378,0.4557965066697862,0.9853184076003086,0.9835774739583333
2,74,0.00029708765214309096,0.0005057922680862248,0.683355035752426,0.5421418057547676,0.985570384837963,0.9851942274305555
2,75,0.00029935003840364516,0.0005030856700614095,0.684786515177032,0.5367158903015985,0.9854926215277777,0.9845920138888888
2,76,0.0002913394710049033,0.0005698067834600806,0.6944017327862021,0.473884994453854,0.985716869212963,0.9840223524305556
2,77,0.0003000739961862564,0.0004999227821826935,0.6864437296066755,0.5358690791659885,0.9854407793209876,0.9851453993055556
2,78,0.0003091844264417887,0.0005288345273584127,0.6741170805177571,0.5002808199988471,0.9853184076003086,0.9839409722222222
2,79,0.00029971980256959796,0.0005706763477064669,0.681995501783159,0.47144327296151056,0.9848554446373456,0.9828450520833333
2,80,0.00031189131550490856,0.0005609513027593493,0.6736306938124291,0.4823570132255554,0.9849687741126543,0.9793728298611111
2,81,0.00027935387333855033,0.0005338942864909768,0.7049275424745348,0.5115316775110033,0.9853172019675925,0.983349609375
2,82,0.00024359569943044335,0.0005071617197245359,0.7416400729874034,0.540605816576216,0.9862383053626543,0.9839138454861112
2,83,0.0002374253235757351,0.0004979167715646327,0.7457648705553126,0.5531897319687737,0.9866554542824074,0.9853407118055556
2,84,0.0002234612184111029,0.0005048985476605594,0.7604653733747977,0.552626038922204,0.9869423948688272,0.9860894097222223
2,85,0.00021475856192409992,0.0005087851895950735,0.7706637567943997,0.5468902296490139,0.9872347608024692,0.9866644965277778
2,86,0.00021057960111647844,0.0005040467367507517,0.7734675430957182,0.5575935628679064,0.9874095775462963,0.9868001302083333
2,87,0.0002054935903288424,0.0005183263565413654,0.7778696694491822,0.5345141702228122,0.9875361689814814,0.9871473524305555
2,88,0.0002029273600783199,0.0005127255572006106,0.7816459022922281,0.5445320659213596,0.9876663773148148,0.9862358940972222
2,89,0.0001966332201845944,0.0005106399767100811,0.7873364925384522,0.5495800548129611,0.9878020109953703,0.9870008680555555
2,90,0.00018801173428073525,0.0005124742165207863,0.7955443963592435,0.5471806870566474,0.9880268614969135,0.9872016059027777
2,91,0.00018658822227735072,0.000524120288901031,0.7960730217121266,0.5384752684169345,0.9881004050925926,0.9870985243055556
2,92,0.0001840852346504107,0.0005075410008430481,0.7988180912571189,0.5586914605564541,0.9882703993055556,0.9873643663194445
3,1,0.08813174068927765,0.047136805951595306,-133.8555474575655,-70.61756769816081,0.837280574845679,0.9954481336805555
3,2,0.03510867804288864,0.025029687210917473,-53.28215254088979,-36.80694709353977,0.9946198640046297,0.9933539496527778
3,3,0.019818393513560295,0.015173245221376419,-29.78213921358556,-21.831798585255942,0.9926227334104938,0.9934516059027778
3,4,0.01293652132153511,0.010923595167696476,-18.799555624267203,-15.140356953938802,0.9916702835648148,0.9897515190972223
3,5,0.00924197118729353,0.008074882440268993,-12.945576415238557,-10.76215541627672,0.9904676649305556,0.9883897569444444
3,6,0.007044743746519089,0.0061673857271671295,-9.489891509656553,-7.896502537197537,0.9887104552469136,0.9872667100694444
3,7,0.005575323477387428,0.005027696490287781,-7.218739836892964,-6.158882485495673,0.9880551938657407,0.9867730034722222
3,8,0.00456424243748188,0.0040388936176896095,-5.640095455852555,-4.75306318865882,0.9874125916280864,0.9812934027777778
3,9,0.0038143012207001448,0.003877700539305806,-4.469416991575264,-4.311310839653015,0.9849597318672839,0.9773383246527778
3,10,0.0033080868888646364,0.002898859791457653,-3.667447766845609,-3.0360712157355416,0.9834936824845679,0.9870008680555555
3,11,0.0028749704360961914,0.0027175606228411198,-3.0122047736320967,-2.722923888100518,0.9835226176697531,0.9816080729166666
3,12,0.0025748135522007942,0.002636654768139124,-2.547995399104224,-2.505231338077121,0.9817973572530864,0.9786675347222222
3,13,0.002282933797687292,0.0022524313535541296,-2.1032404667065467,-1.9842746178309123,0.9813982928240741,0.9757975260416667
3,14,0.0020781036000698805,0.0020892606116831303,-1.8057944824666152,-1.7533551348580254,0.9800708912037037,0.9826388888888888
3,15,0.0018930515507236123,0.001736797159537673,-1.5266381100372033,-1.30758695602417,0.9808889130015432,0.9797743055555556
3,16,0.0017345491796731949,0.0016770001966506243,-1.2904353353712295,-1.1823876844512091,0.980445240162037,0.9822374131944445
3,17,0.0016040001064538956,0.001510143862105906,-1.0960600014086124,-0.9498491273985968,0.9803427613811728,0.981005859375
3,18,0.0014821715885773301,0.00146685098297894,-0.9040368396558879,-0.8596575842963324,0.9799406828703704,0.9819769965277778
3,19,0.0014116425300017,0.0012494567781686783,-0.8020043817567236,-0.5957128246625264,0.9797507957175926,0.9812771267361111
3,20,0.0013251351192593575,0.0018285170663148165,-0.6679584469324277,-1.1220272541046143,0.9795645254629629,0.9771647135416667
3,21,0.0012522065080702305,0.0014967466704547405,-0.5634401652548048,-0.797979732354482,0.9802879050925926,0.9820638020833333
3,22,0.001199658028781414,0.0011668589431792498,-0.4736490395334032,-0.43084385527504815,0.9797483844521605,0.9804796006944444
3,23,0.001114394050091505,0.0011440985836088657,-0.364377565001264,-0.3699513143963284,0.9796495225694445,0.9771104600694445
3,24,0.0010645126458257437,0.001032432192005217,-0.2921038632039671,-0.2303757561577691,0.9798207224151234,0.9781684027777777
3,25,0.0010279855923727155,0.000946086598560214,-0.2351465858059165,-0.12839623822106255,0.9799877025462963,0.9834689670138889
3,26,0.0009749094024300575,0.001078400993719697,-0.16072491819475904,-0.25703045262230767,0.9794319058641975,0.9830295138888889
3,27,0.0009508122457191348,0.0009606580133549869,-0.12544214534170833,-0.12384062343173557,0.9795621141975308,0.9829535590277778
3,28,0.0009179887711070478,0.0009053089306689799,-0.08082881312311431,-0.05424706803427802,0.9795343846450617,0.9841254340277777
3,29,0.0008876944775693119,0.0009332271874882281,-0.03962177332536674,-0.05053634643554687,0.9792516637731481,0.9827039930555556
3,30,0.0008505856385454535,0.0009116128785535693,0.015041877458124985,-0.047623654206593834,0.9798412181712963,0.9804307725694444
3,31,0.0008299559121951461,0.0008678481681272388,0.03350539619539991,0.0261339889632331,0.9795138888888889,0.9827853732638889
3,32,0.0007991510210558772,0.0008364565437659621,0.0875313448317257,0.03230045371585422,0.9797489872685186,0.9809190538194444
3,33,0.0007749479846097529,0.0009126130025833845,0.10621172866703552,-0.01817803117964003,0.9795217255015433,0.9817816840277778
3,34,0.0007689736085012555,0.0006722977268509567,0.12972398201624552,0.2528874980078803,0.9794409481095679,0.9846571180555556
3,35,0.0007457956089638174,0.0006782251293770969,0.158320669480312,0.2491803076532152,0.9798785927854938,0.9816731770833333
3,36,0.0007211600313894451,0.0008425050764344633,0.19191440932544662,0.08403178320990669,0.9793987509645061,0.9823784722222222
3,37,0.0007075542234815657,0.000768394093029201,0.21373463839660456,0.14606383641560872,0.9795850212191358,0.9810763888888889
3,38,0.0006804188014939427,0.0007949349237605929,0.2409772871453085,0.1241254621081882,0.9792775848765433,0.9823133680555556
3,39,0.0006656104233115911,0.0007414148421958089,0.26200278982704067,0.19521331787109375,0.9799081307870371,0.9797417534722223
3,40,0.0006475333939306438,0.0007534436881542206,0.2893013562685178,0.1796580645773146,0.9795373987268519,0.9773817274305555
3,41,0.000630540307611227,0.0007004481740295887,0.3033429593215754,0.25003709660636053,0.9794855565200618,0.9825737847222222
3,42,0.0006151674315333366,0.0007655104855075479,0.3245831942852633,0.18276075919469198,0.9796965422453704,0.9831325954861111
3,43,0.0005877443472854793,0.0006836391403339803,0.3546582887202133,0.2580637574195862,0.980591121720679,0.9828667534722222
3,44,0.0005581399891525507,0.0006928985239937901,0.38928711458488746,0.2672665476799011,0.9809865692515433,0.982080078125
3,45,0.000549039279576391,0.0006970179965719581,0.39716980942973384,0.2583320869339837,0.9807713638117284,0.9831163194444444
3,46,0.0005379009526222944,0.0007069189450703561,0.40862534590709354,0.2594216174549527,0.9809648678626544,0.9843967013888889
3,47,0.0005252442206256092,0.0006514987908303738,0.41970891010614086,0.3125361124674479,0.9812427662037037,0.9833767361111111
3,48,0.0005188706563785672,0.0006121806800365448,0.4257800453974877,0.361973065800137,0.9812861689814815,0.9841688368055556
3,49,0.0005016609211452305,0.000687094870954752,0.44928601067743185,0.27935109006034003,0.9815797405478395,0.9835123697916667
3,50,0.0004984962288290262,0.0006189037812873721,0.45219544716823246,0.3522792418797811,0.9815996334876543,0.9836588541666667
3,51,0.0004923098022118211,0.0006056296406313777,0.45800009318339974,0.37633705139160156,0.9816502700617284,0.9848578559027777
3,52,0.0004870434640906751,0.0006816249806433916,0.46726553984630254,0.28562391731474135,0.9821331259645062,0.9828396267361111
3,53,0.000471657607704401,0.0007676865207031369,0.4828158519886158,0.1994032382965088,0.9818781346450617,0.9830946180555555
3,54,0.00046243524411693215,0.0006366346497088671,0.4916464498013626,0.3476686769061618,0.9821252893518518,0.9840494791666666
3,55,0.00045879679964855313,0.0005592838861048222,0.4943288879630006,0.4176848782433404,0.9825213396990741,0.9845648871527778
3,56,0.0004442074859980494,0.0006531907129101455,0.5093394245630429,0.3229087948799133,0.9823682243441358,0.985693359375
3,57,0.00043942645424976945,0.0007106178090907633,0.5220115733735355,0.270416620042589,0.9826744550540123,0.9843315972222222
3,58,0.00043367466423660517,0.0005646059289574623,0.5248219812357867,0.42343996630774605,0.9827775366512346,0.98515625
3,59,0.0004219228867441416,0.0005800915532745421,0.5378640589890656,0.40871402952406144,0.9830843701774692,0.9851508246527778
3,60,0.0004186813021078706,0.0005828053690493107,0.5440028648317596,0.40682630274030895,0.9828498746141975,0.9855034722222222
3,61,0.00041288798092864454,0.0005590128712356091,0.5495903740694493,0.4370208634270562,0.9831145109953704,0.9852810329861111
3,62,0.00040623045060783625,0.0006705528357997537,0.5585070698349565,0.3243093768755595,0.983152488425926,0.9847113715277778
3,63,0.000412970082834363,0.0006338069797493517,0.554058974613378,0.36327963405185276,0.9830397617669753,0.9863715277777778
3,64,0.0003979652829002589,0.0006321228574961424,0.5664109605330008,0.370515849855211,0.9834358121141975,0.986083984375
3,65,0.00038224225863814354,0.0006184028461575508,0.5866905127042605,0.37203112575742936,0.983471378279321,0.9859212239583334
3,66,0.0003773834905587137,0.0006576899904757738,0.5903063779995765,0.32673623429404364,0.9835985725308642,0.9861545138888889
3,67,0.00037330540362745523,0.0005954722873866558,0.5887714252059842,0.39964780277676054,0.9840344087577161,0.9847819010416666
3,68,0.00037747432361356914,0.0006533301202580333,0.5944040341141783,0.324415651957194,0.9836461950231481,0.9850640190972222
3,69,0.0003651028382591903,0.0005420190282166004,0.6058988794868375,0.4763987236552768,0.9838824990354939,0.9874620225694445
3,70,0.0003479662991594523,0.0005581387085840106,0.6224509454067843,0.4451095660527547,0.9843201437114197,0.9865342881944444
3,71,0.0003357289533596486,0.0005302564240992069,0.636879445741206,0.47736420631408694,0.9845118393132716,0.9866970486111111
3,72,0.00033728309790603817,0.000501219998113811,0.6359484648998873,0.5110261956850688,0.9845564477237654,0.9866482204861111
3,73,0.0003378510591574013,0.0005589933134615421,0.6361460339875868,0.43989363776312934,0.9843653549382716,0.9884657118055555
3,74,0.0003256860945839435,0.0005024002166464925,0.6491866565045016,0.5116431580649482,0.9847764756944445,0.9876573350694444
3,75,0.00033385923597961664,0.0006006552139297128,0.6425242518201286,0.40374429490831165,0.984692081404321,0.9871853298611111
3,76,0.00032533472403883934,0.0005373347084969282,0.6510416749082966,0.4719496885935465,0.9847638165509259,0.9882921006944444
3,77,0.0003421870351303369,0.0006620757048949599,0.6304898022133627,0.3268292440308465,0.9845431857638889,0.9869411892361111
3,78,0.00031571180443279445,0.0006004519527778029,0.658990411993898,0.4065122657352024,0.9847650221836419,0.9885308159722223
3,79,0.0003147497773170471,0.0005342969670891762,0.6617712920094714,0.46666468381881715,0.985180965470679,0.9859646267361111
3,80,0.0003213181043975055,0.0005685366922989488,0.6611981284471206,0.4297918796539307,0.9847825038580247,0.9853461371527777
3,81,0.00029023588285781443,0.0005198095459491014,0.6880001372761196,0.4975553830464681,0.9851255063657407,0.9882595486111111
3,82,0.00026628701016306877,0.000538756197784096,0.7127373791035311,0.4786651889483134,0.9859061535493827,0.9884385850694445
3,83,0.0002618785947561264,0.0005055473884567618,0.7136471470197042,0.5139073967933655,0.9860882040895061,0.9889105902777777
3,84,0.00025157255004160106,0.0005280104232951999,0.7243524218782966,0.4900784651438395,0.9863600742669754,0.9886013454861111
3,85,0.0002494321088306606,0.0005011354805901647,0.7258461085366614,0.5213535732693142,0.9864366319444444,0.9893988715277777
3,86,0.0002463301061652601,0.000523322552908212,0.7303301655215981,0.49745308558146156,0.9866235050154321,0.9891330295138889
3,87,0.00023823432275094092,0.000509760226123035,0.736858915693966,0.5106505685382419,0.9867326147762345,0.9892686631944444
3,88,0.0002390398585703224,0.0005360577488318086,0.7371271466031487,0.48562400870853,0.9868598090277778,0.9892035590277778
3,89,0.00023278006119653583,0.0005137185798957944,0.7437573896514045,0.5066573169496325,0.9868905526620371,0.9898328993055555
3,90,0.00023208887432701886,0.0005313199362717569,0.7438258147534029,0.4886794567108154,0.9870177469135802,0.9894314236111111
3,91,0.00023479366791434586,0.0005214936682023108,0.7441638977439315,0.5010393751992119,0.9869851948302469,0.9893229166666667
3,92,0.0002316404861630872,0.0005205933703109622,0.7471111244625516,0.4922766354348924,0.9870756172839507,0.9888834635416667
4,1,0.08788275718688965,0.042755126953125,-127.81197768788279,-62.682219653659395,0.5240077642746913,0.9927897135416667
4,2,0.03208482638001442,0.022896137088537216,-49.56234578379878,-32.99839157528348,0.9931640625,0.9939507378472222
4,3,0.01842457801103592,0.014349214732646942,-27.851734532250298,-20.143253792656793,0.9936692226080247,0.9933865017361111
4,4,0.012091939337551594,0.009943153709173203,-17.66998675369922,-13.511635351181031,0.9925720968364198,0.9928059895833333
4,5,0.00871284119784832,0.007397504057735205,-12.191771655612522,-9.628742912080552,0.9919945987654321,0.9918565538194445
4,6,0.006778325419872999,0.006083704996854067,-9.074849828967341,-7.618739779790243,0.9906039014274691,0.9903537326388889
4,7,0.005447498522698879,0.0048668477684259415,-6.990291643731388,-5.79646602736579,0.9882390528549383,0.9898328993055555
4,8,0.004502578638494015,0.004681662190705538,-5.514148661236704,-5.282671297921075,0.9862630208333333,0.9738986545138889
4,9,0.003823355073109269,0.0034459885209798813,-4.460665986273024,-3.6832159254286023,0.9841754677854938,0.9882758246527777
4,10,0.0032934024930000305,0.0029438594356179237,-3.6435222616902103,-2.962558807267083,0.9836787471064815,0.9867350260416666
4,11,0.002848035655915737,0.0024306122213602066,-2.9753173257097787,-2.2394541131125556,0.9831693672839507,0.9866482204861111
4,12,0.002555259270593524,0.002243978437036276,-2.508956150949737,-1.9576226512591044,0.9825056664737655,0.9828342013888889
4,13,0.0022654326166957617,0.0021069571375846863,-2.0719424056418148,-1.7260882629288568,0.9819775993441358,0.9848036024305555
4,14,0.0020654082763940096,0.001924324780702591,-1.7734456331641586,-1.4875475578837924,0.9817081404320988,0.9847601996527777
4,15,0.0019055454758927226,0.0016815889393910766,-1.5176676873807553,-1.1417108178138733,0.9817033179012346,0.9832248263888889
4,16,0.0017422070959582925,0.0016019019531086087,-1.2884409816176803,-1.0064862728118897,0.9814507378472223,0.9781412760416667
4,17,0.0016164632979780436,0.0015445849858224392,-1.0959394599184578,-0.9077690389421251,0.9811420958719136,0.9824001736111111
4,18,0.001486877677962184,0.0015784186543896794,-0.9181924262164551,-0.9141101611985101,0.9816731770833333,0.9799750434027777
4,19,0.0014453954063355923,0.0016211159527301788,-0.829842256911007,-0.9705604924096002,0.9814362702546297,0.9754014756944445
4,20,0.0013634511269629002,0.0011926863808184862,-0.7271049518644074,-0.43818174733055965,0.9806779272762346,0.9865071614583333
4,21,0.001269992208108306,0.0010994399199262261,-0.5999595200573956,-0.30927455557717215,0.980958236882716,0.9854275173611111
4,22,0.0012210756540298462,0.0011887851869687438,-0.5052320951296959,-0.3832695722579956,0.9811547550154321,0.9857964409722222
4,23,0.0011549389455467463,0.0012005297467112541,-0.41091250637431204,-0.40932541026009456,0.9810589072145062,0.9777940538194444
4,24,0.00110681785736233,0.0010389451636001468,-0.35327054497636395,-0.2036836716863844,0.980543499228395,0.9791069878472223
4,25,0.0010751612717285752,0.0011213142424821854,-0.30906949013839535,-0.29381855461332534,0.9810010368441358,0.9752495659722222
4,26,0.0010308418422937393,0.0009363854769617319,-0.2381639649838577,-0.06888863775465223,0.9805893132716049,0.9820963541666666
4,27,0.0009811569470912218,0.001091808662749827,-0.17538388702604507,-0.24853094153934055,0.9809889805169754,0.9784016927083333
4,28,0.0009447649936191738,0.0011425233678892255,-0.12006227852385722,-0.2824996405177646,0.9803518036265432,0.978369140625
4,29,0.0009320296812802553,0.0008356386097148061,-0.08899611705615197,0.05926826662487454,0.9804090711805555,0.9809027777777778
4,30,0.0008757718605920672,0.0009151510894298553,-0.03305567709016211,-0.02354282405641344,0.9801848234953704,0.9801920572916667
4,31,0.0008565697353333235,0.0008193365065380931,0.0002253202744472174,0.07764724095662436,0.9806471836419753,0.9807888454861111
4,32,0.0008196276612579823,0.0008279448375105858,0.04993373567675367,0.08741702636082967,0.9809853636188272,0.9812662760416667
4,33,0.0008171289227902889,0.0008022008696570992,0.049941707687613406,0.12024176253212823,0.980591121720679,0.9814019097222222
4,34,0.000785814831033349,0.0009483995381742716,0.09063363089973545,-0.07243740691079034,0.980346378279321,0.9762966579861111
4,35,0.0007808837108314037,0.0007784648914821446,0.11061248779296876,0.14059850772221882,0.9800528067129629,0.9784722222222222
4,36,0.0007522124797105789,0.000749165948946029,0.14464068913165434,0.19050895108116997,0.9801384066358024,0.980224609375
4,37,0.0007442459464073181,0.0007968086283653975,0.16122477142899125,0.15722185373306274,0.9801697530864197,0.9831597222222223
4,38,0.0007330082589760423,0.0007751600351184607,0.16794235971238877,0.16055010027355618,0.9803735050154321,0.9820095486111111
4,39,0.0007053057197481394,0.0007300167344510555,0.21027426646079547,0.22324253850513034,0.9804886429398149,0.9821831597222223
4,40,0.000666801817715168,0.0007341473246924579,0.24959285406418788,0.21853415701124404,0.9808147665895062,0.9788140190972222
4,41,0.0006588173564523458,0.0006990915280766785,0.26575487896248146,0.2437250057856242,0.980664665316358,0.9792100694444444
4,42,0.0006394725642167032,0.0006758965319022536,0.2906195839246114,0.28487823406855267,0.9806984230324074,0.9781792534722222
4,43,0.0006155366427265108,0.0007285111350938678,0.3170645688786919,0.20725456608666315,0.9805531442901234,0.9808213975694444
4,44,0.0006123259663581848,0.0006462959572672844,0.3176284246974521,0.3119772447480096,0.9808412905092593,0.9825466579861111
4,45,0.0005960968555882573,0.000736161251552403,0.33478050894207423,0.19090367290708754,0.9813765914351852,0.9791124131944444
4,46,0.0005872733308933675,0.0006317266961559653,0.35032202196709905,0.3319061835606893,0.9814308449074074,0.9817599826388889
4,47,0.00058150221593678,0.000751660147216171,0.3581677261693978,0.19414283831914267,0.9806146315586419,0.9799153645833333
4,48,0.0005677457666024566,0.0007697647088207304,0.37495741858894444,0.17079753478368123,0.9813681520061729,0.9794379340277778
4,49,0.0005379824433475733,0.0008504044380970299,0.40830078316323554,0.09160159164004855,0.9815887827932098,0.9786892361111111
4,50,0.0005383290117606521,0.0006974071147851646,0.414136556489968,0.28317244052886964,0.9813802083333333,0.9818901909722222
4,51,0.0005279306787997484,0.0006268473225645721,0.431269414630937,0.33935437864727447,0.9819239486882716,0.9828233506944445
4,52,0.0004976406926289201,0.0005656334105879068,0.4541645207522828,0.4317483146985372,0.982007137345679,0.9842990451388889
4,53,0.0004849736869800836,0.0006097460864111781,0.4713293614210906,0.366749550236596,0.9820692274305556,0.9818250868055556
4,54,0.0004847282252740115,0.0005820170626975596,0.4768279630460857,0.4173705259958903,0.9822952835648148,0.9829969618055555
4,55,0.0004729275533463806,0.0006662996020168066,0.4860664086577333,0.3290590246518453,0.9823097511574074,0.9843044704861111
4,56,0.0004581379471346736,0.0006225485121831298,0.507211309303472,0.3523288051287333,0.9823706356095679,0.9824869791666667
4,57,0.00046457487042061985,0.000613028765656054,0.4982620539488616,0.3912141760190328,0.9826069396219136,0.9786783854166666
4,58,0.0004553748294711113,0.0006618789630010724,0.507564996348487,0.3463162554634942,0.9825780044367284,0.9821560329861111
4,59,0.0004390135873109102,0.0006309761665761471,0.5321883581302784,0.37383252647187976,0.9831325954861111,0.9814832899305556
4,60,0.00042584683978930116,0.0005883947014808655,0.5428882186795458,0.4164237764146593,0.9828745900848765,0.9826497395833333
4,61,0.00039709615521132946,0.0005871440516784787,0.5751887980802559,0.43291253513760036,0.983399040316358,0.9831000434027778
4,62,0.0003746144357137382,0.0005598345305770636,0.5992864199626593,0.4569296571943495,0.984009090470679,0.9846788194444445
4,63,0.0003552920534275472,0.0005855736089870334,0.6177179183489011,0.4311355935202705,0.9841748649691358,0.9858615451388889
4,64,0.00034806522307917476,0.0006116718868725002,0.6247772416950744,0.4018815133306715,0.9845413773148148,0.9844889322916667
4,65,0.00034047928056679666,0.0006529003148898482,0.6331930538754404,0.3646207637257046,0.9846637490354938,0.9836371527777777
4,66,0.000344121886882931,0.0006159445038065314,0.6310531931158937,0.40319686995612253,0.984595630787037,0.9845703125
4,67,0.00033423712011426687,0.0006370244082063437,0.6417708600008929,0.3443835430675083,0.9849175347222222,0.9852810329861111
4,68,0.0003445114998612553,0.0005652041872963309,0.6234150032938263,0.45557805432213677,0.9848054108796296,0.9856282552083333
4,69,0.0003364713629707694,0.0005544124869629741,0.6372020936306612,0.46947956482569375,0.9847957658179012,0.9854926215277777
4,70,0.0003232568269595504,0.000587153946980834,0.6527087841504886,0.4375386767917209,0.9851303288966049,0.9862033420138889
4,71,0.0003211438306607306,0.0005324900848791003,0.6498738219708572,0.5099640885988871,0.9852406442901235,0.9866482204861111
4,72,0.0003116357256658375,0.0005711412522941828,0.6643251086458748,0.45277087820900813,0.9853045428240741,0.9843044704861111
4,73,0.00030908919870853424,0.0006030846852809191,0.6685425199108359,0.3996380223168267,0.9852418499228395,0.9849229600694445
4,74,0.0003084308700636029,0.0005501193227246404,0.668865818006021,0.4860135595003764,0.9853491512345679,0.9864203559027778
4,75,0.0003018756688106805,0.0005505752051249146,0.6757146065617785,0.4812046104007297,0.9853943624614198,0.9864583333333333
4,76,0.00029585385345853865,0.0005516401724889874,0.6840668919645709,0.4712524003452725,0.9855420524691358,0.9866265190972222
4,77,0.0002993204689119011,0.0005575596005655825,0.6784259151529383,0.47829435269037884,0.9856011284722223,0.9856825086805555
4,78,0.0002836959029082209,0.000585222034715116,0.6918389209994563,0.4399876634279887,0.9857542438271605,0.986181640625
4,79,0.0002794396714307368,0.0005582679295912385,0.6979626958752856,0.47755453719033136,0.9859730661651235,0.9853949652777778
4,80,0.0002702362253330648,0.0005977080436423421,0.7086812896493041,0.4330563770400153,0.9860478153935185,0.9857638888888889
4,81,0.0002504723670426756,0.0005670554819516838,0.728997372109213,0.4748206350538466,0.9864263840663581,0.9872721354166667
4,82,0.0002449203748255968,0.0005829804576933384,0.7335021940278418,0.45744707187016803,0.9866614824459876,0.9867892795138888
4,83,0.00024006571038626134,0.000566664501093328,0.738267848962619,0.46881997055477564,0.9868664400077161,0.9873969184027778
4,84,0.00023928943846840411,0.000576644903048873,0.7401449583194873,0.4575047002898322,0.9868284625771605,0.9880262586805556
4,85,0.00023560828412882984,0.0005754070589318871,0.7425705497647509,0.45992946094936793,0.9869773582175926,0.9878851996527778
4,86,0.0002309303090441972,0.0005517726531252265,0.7486256946752101,0.4882119337717692,0.9871033468364198,0.987548828125
4,87,0.00022490977426059544,0.0005769772687926888,0.7531467517217,0.4606142971250746,0.9872190875771605,0.9875054253472222
4,88,0.0002229227393399924,0.000586382404435426,0.7569174626727163,0.45408031675550675,0.9873101128472223,0.987646484375
4,89,0.0002179043658543378,0.0005701200570911169,0.7608895462236287,0.47246929539574517,0.9873860677083334,0.9879286024305556
4,90,0.00021366134751588106,0.0005742556531913579,0.7649183926758942,0.467360164059533,0.9874186197916667,0.9885579427083333
4,91,0.00021181411284487695,0.0005779585335403681,0.7663650065292547,0.4650146868493822,0.9875705295138889,0.9883517795138889
5,1,0.054505541920661926,0.024955634027719498,-80.67916518435067,-40.03588214450412,0.3353232301311728,0.9940755208333333
5,2,0.018664563074707985,0.01328270323574543,-27.74477846475295,-20.60101515981886,0.9946059992283951,0.9943630642361111
5,3,0.010463438928127289,0.008040504530072212,-14.858459964799293,-11.791234800550672,0.9944769965277778,0.9940158420138889
5,4,0.006808874197304249,0.005554023198783398,-8.979153890079923,-7.644924608866374,0.9941966869212963,0.9938422309027778
5,5,0.005003684666007757,0.004110896959900856,-6.115942887023643,-5.320367982652452,0.993674647955247,0.9934353298611112
5,6,0.003959229681640863,0.003972009755671024,-4.515439767013361,-4.84210467338562,0.9929530767746914,0.9902126736111111
5,7,0.003220971208065748,0.002939193043857813,-3.4102227717270086,-3.3211509625116986,0.9919258777006172,0.99013671875
5,8,0.0026791011914610863,0.0026203570887446404,-2.601188873067314,-2.788357390297784,0.9903133439429013,0.9899251302083333
5,9,0.002327774651348591,0.0018640522612258792,-2.0552563112459064,-1.71068051788542,0.9874047550154321,0.9853624131944444
5,10,0.0019793545361608267,0.002043710555881262,-1.5597113989017628,-1.792213461134169,0.9848011911651234,0.9791829427083333
5,11,0.0017635428812354803,0.0020244382321834564,-1.227284578629482,-1.8085166480806139,0.982737750771605,0.9737684461805556
5,12,0.001607139129191637,0.0015128660015761852,-1.0094343144216655,-1.099056057135264,0.9824803481867284,0.9762098524305556
5,13,0.0014662129106000066,0.0014802790246903896,-0.8094028284520278,-0.9961672928598192,0.9815755208333333,0.9772623697916667
5,14,0.0013476626481860876,0.0011792534496635199,-0.6449132081903057,-0.5815080642700196,0.9818883825231481,0.97744140625
5,15,0.0012470113579183817,0.0011627951171249151,-0.49356604358296335,-0.5508027421103583,0.9813898533950617,0.9816731770833333
5,16,0.0011790014104917645,0.0010259788250550628,-0.40291985243926814,-0.3436696476406521,0.9812548225308642,0.98232421875
5,17,0.0011461242102086544,0.0009738585213199258,-0.33880299432778066,-0.2802244464556376,0.9814278308256172,0.9800889756944444
5,18,0.0010619619861245155,0.0010044234804809093,-0.2358555202130918,-0.3065372943878174,0.9814350646219135,0.9774685329861111
5,19,0.0009845334570854902,0.0008829469443298876,-0.1361864780202324,-0.14127470387352836,0.9809202594521605,0.9839138454861112
5,20,0.0009854789823293686,0.0009110515238717198,-0.1308968115735937,-0.16785266664293078,0.9808129581404321,0.9786566840277777
5,21,0.0009199806372635067,0.0010047664400190115,-0.04289895060621662,-0.2365418725543552,0.9801860291280864,0.982470703125
5,22,0.0009404062293469906,0.0008321534842252731,-0.0746299930560736,-0.01942371924718221,0.9809540171682098,0.9777235243055555
5,23,0.0008552030194550753,0.0008503156714141369,0.04331436642894038,-0.08510349194208781,0.9809274932484567,0.9762532552083333
5,24,0.0008327196701429784,0.0008296672021970153,0.07811133890976141,-0.029613233937157524,0.9804627218364198,0.9778157552083333
5,25,0.0007951672887429595,0.0008058850653469563,0.12951265441046822,0.0184871859020657,0.9805127555941358,0.9822699652777778
5,26,0.0007744807517156005,0.0007121271337382495,0.1515573388264503,0.17160770363277858,0.9801534770447531,0.9854600694444444
5,27,0.000753790489397943,0.000831816578283906,0.17168763228404668,0.015620211760203043,0.9803807388117284,0.9750868055555556
5,28,0.0007348667131736875,0.000720308511517942,0.20053514080283083,0.13853201866149903,0.9802523389274691,0.9781521267361111
5,29,0.0007106930715963244,0.0006057679420337081,0.23025165752128318,0.2915219783782959,0.9805254147376543,0.9786241319444444
5,30,0.0006866941694170237,0.0006492524407804012,0.2545470268638046,0.2415028836992052,0.9805501302083334,0.9782172309027778
5,31,0.0006814888911321759,0.0007037221803329885,0.26515023664191917,0.19770193232430353,0.9801721643518518,0.9776475694444444
5,32,0.0006468897918239236,0.0006422188598662615,0.3013421369187626,0.25705328120125664,0.9801082658179012,0.9811089409722222
5,33,0.0006335478974506259,0.0006144687649793923,0.32192407301914544,0.2990318947368198,0.9808051215277778,0.9760525173611111
5,34,0.0006194625748321414,0.0005384027026593685,0.33790173869074125,0.40326928430133396,0.9803946035879629,0.9828776041666667
5,35,0.0006058420985937119,0.0005413844482973218,0.36214295743424213,0.39202822049458824,0.9809504002700618,0.9769585503472222
5,36,0.0006239410722628236,0.000514654500875622,0.3399166698809023,0.43637015024820963,0.9803819444444445,0.9806803385416667
5,37,0.0005707531236112118,0.0006811088533140719,0.4010297186580705,0.2325883944829305,0.9810848283179012,0.9754123263888889
5,38,0.0005720689077861607,0.0005861244280822575,0.39894763084105506,0.34469697607888117,0.9808400848765432,0.9796332465277777
5,39,0.0005345650715753436,0.0007194910431280732,0.43889357307810845,0.18237685097588432,0.9812909915123457,0.9755696614583333
5,40,0.0005437620566226542,0.0008158325217664242,0.4346684937123899,0.08372181918885972,0.9808774594907408,0.9778917100694444
5,41,0.0005409433506429195,0.0005480611580424011,0.43668964159341506,0.4097816917631361,0.9810426311728395,0.9814507378472223
5,42,0.0005076924571767449,0.0005920135881751776,0.46767851452768583,0.3545788672235277,0.9817406925154321,0.9800455729166667
5,43,0.0004996485076844692,0.0006215645116753876,0.47891812648302245,0.2877064559194777,0.9813169126157407,0.9788194444444445
5,44,0.0004973312607035041,0.0006742433761246502,0.47967107796374664,0.27566049893697103,0.9817654079861111,0.9778049045138889
5,45,0.00046652264427393675,0.0005949974292889237,0.5105162888397405,0.35281487703323366,0.982054759837963,0.9808159722222223
5,46,0.0004364146152511239,0.0004881047352682799,0.5417898419462605,0.48850398725933497,0.9826937451774691,0.9822916666666667
5,47,0.00042183155892416835,0.0005276097217574716,0.558538873254517,0.42773614194658066,0.9828076774691358,0.9824001736111111
5,48,0.00041200933628715575,0.0005204220651648939,0.5651115287969142,0.4443616482946608,0.9830415702160494,0.9825900607638889
5,49,0.0004060807405039668,0.0004963467363268137,0.5761650332698116,0.486601005660163,0.9832585841049383,0.9827311197916667
5,50,0.0004037439066451043,0.0004636680241674185,0.5738415634190595,0.5191288047366672,0.9833471981095679,0.9835015190972223
5,51,0.000388129148632288,0.0005033013876527548,0.5971579035123189,0.4757639010747274,0.9836160542052469,0.9821994357638889
5,52,0.0003772884956561029,0.0004929947317577899,0.6020137093685292,0.48669362465540567,0.983520206404321,0.9832302517361111
5,53,0.0003760632826015353,0.00046593957813456655,0.6061436784120253,0.5199950377146403,0.9840416425540124,0.9822916666666667
5,54,0.0003619246417656541,0.0005468176677823067,0.6225626726209381,0.41334514485465157,0.9838794849537037,0.9808648003472222
5,55,0.00036287918919697404,0.00046589586418122053,0.6144612850966277,0.5231627808676825,0.9839928144290123,0.9837293836805555
5,56,0.0003569136024452746,0.00047935210750438273,0.6284507460064358,0.5139511651462979,0.9842978395061729,0.9837239583333334
5,57,0.00034810364013537765,0.00047860504128038883,0.6389143655329574,0.5140367269515991,0.9842574508101852,0.9837239583333334
5,58,0.0003399310226086527,0.0004681964928749949,0.6441629262618077,0.5225782513618469,0.984373794367284,0.9835991753472222
5,59,0.0003272306057624519,0.00047029461711645126,0.6598988930384319,0.5254231505923801,0.9847312644675926,0.9842447916666667
5,60,0.00030891940696164966,0.0005318383336998522,0.6796846198446956,0.43892771270540026,0.9850441261574074,0.9829915364583334
5,61,0.00030455359956249595,0.00048456521471962333,0.6787858490590696,0.50288970735338,0.9852231626157407,0.984326171875
5,62,0.00029750054818578064,0.00047509686555713415,0.6881440701308074,0.5169874482684665,0.9852973090277778,0.9854600694444444
5,63,0.0002911021583713591,0.00045163239701651037,0.6930339259865843,0.5458491696251764,0.9855523003472222,0.9852322048611111
5,64,0.00028739197296090424,0.0004450773703865707,0.6976359496881932,0.5551621278127035,0.9856529706790124,0.9856553819444445
5,65,0.00028349505737423897,0.00047828006790950894,0.7010608545056096,0.5095499104923672,0.9857819733796296,0.9846788194444445
5,66,0.0002775444299913943,0.0004626812878996134,0.7084308462378419,0.5307333747545878,0.985790412808642,0.985498046875
5,67,0.00027589075034484267,0.0004761028103530407,0.7104982271606539,0.5225314709875318,0.9859917534722222,0.9856608072916667
5,68,0.00027066245093010366,0.00044948203139938414,0.7156138402444345,0.553632292482588,0.9861044801311728,0.9855794270833333
5,69,0.0002690839464776218,0.0004397139127831906,0.716662256805985,0.563240917523702,0.9862262490354938,0.9859375
5,70,0.0002692911948543042,0.0004729363427031785,0.7186565349131455,0.5137218183941311,0.9861086998456791,0.9852213541666667
5,71,0.0002702675119508058,0.00047933467430993915,0.7152615363215222,0.5095766345659892,0.9861002604166667,0.9852430555555556
5,72,0.0002632642863318324,0.0004678440745919943,0.7230682973508482,0.5339259531762864,0.9862497588734568,0.9856119791666667
5,73,0.00025859824381768703,0.00043605794780887663,0.7303805310049175,0.5638047920333015,0.9863546489197531,0.9870279947916667
5,74,0.0002603278262540698,0.0004796563589479774,0.7262563168266674,0.5144896666208904,0.9863956404320988,0.9851725260416667
5,75,0.00024776184000074863,0.0004421326448209584,0.7412193293924685,0.5622900830374824,0.9864963107638889,0.9862738715277778
5,76,0.0002442559925839305,0.000437598442658782,0.7435812286388727,0.5643038074175517,0.9865782937885802,0.9859754774305556
5,77,0.0002465637808199972,0.0004584765119943768,0.7424778240698355,0.5381673985057407,0.9866349585262346,0.98583984375
5,78,0.00023798785696271807,0.00045481714187189937,0.7510386434602149,0.540359546078576,0.9867651668595679,0.9864040798611111
5,79,0.0002402826794423163,0.00048730263370089233,0.7472168973934503,0.5124597960048252,0.9868736738040124,0.985400390625
5,80,0.0002380949881626293,0.0004674980300478637,0.7517403939623891,0.5264014416270786,0.9868923611111111,0.98642578125
5,81,0.00023244021576829255,0.0004683799925260246,0.7555369408042343,0.5240316086345249,0.9871250482253087,0.985205078125
5,82,0.00023069861344993114,0.00044014648301526904,0.7596370490980737,0.5580339034398397,0.987060546875,0.9864529079861111
5,83,0.0002131703367922455,0.0004519668873399496,0.7751938139950788,0.5453495873345269,0.9872685185185185,0.9870008680555555
5,84,0.00020821121870540082,0.00046648632269352674,0.7792993939953086,0.5285395622253418,0.9874415268132716,0.9870225694444444
5,85,0.00020564906299114227,0.0004630928742699325,0.7818999160954981,0.5316958559883965,0.987547622492284,0.9870930989583333
5,86,0.0002029145834967494,0.0004853657155763358,0.7841454557430597,0.5040024492475722,0.987695915316358,0.9868055555555556
5,87,0.00020249739463906735,0.0004513903404586017,0.7846014125847522,0.5460434118906657,0.987697120949074,0.9873209635416667
5,88,0.00020087877055630088,0.0004652019124478102,0.7856206396479666,0.5352159354421827,0.987815272955247,0.9877658420138888
5,89,0.00020350664271973073,0.00046431395458057523,0.78401991541003,0.5391328281826443,0.9878285349151235,0.9872612847222222
5,90,0.00019469016115181148,0.00046497301082126796,0.7924985898865594,0.5323487771881952,0.9879195601851852,0.9875271267361111
5,91,0.00019221608818043023,0.00047306594206020236,0.7949072587637254,0.5230496923128763,0.9879720052083333,0.9874891493055555
5,92,0.00019151211017742753,0.0004718253039754927,0.7949790617566049,0.5237473673290677,0.9880292727623456,0.9876247829861111
5,93,0.0001894987653940916,0.00047026757965795696,0.7969184127854713,0.5270240916146173,0.9881263261959876,0.9876356336805555
6,1,0.11050374805927277,0.05248823016881943,-172.58276126060957,-76.16798455980089,0.9791473765432098,0.9911675347222222
6,2,0.039271991699934006,0.028215117752552032,-59.93010710257071,-40.27062967088487,0.9908613040123457,0.9909125434027778
6,3,0.02244464121758938,0.01765148527920246,-33.82092539704876,-24.578595447540284,0.9906961323302469,0.9903049045138889
6,4,0.01471758633852005,0.012233086861670017,-21.714881040431834,-16.536883788638644,0.9895284770447531,0.9907389322916667
6,5,0.010608813725411892,0.009512403979897499,-15.182940188749336,-12.272340663274129,0.9893102575231482,0.9901801215277778
6,6,0.0081148287281394,0.00730447843670845,-11.183955625840175,-9.128696468141344,0.9897334346064814,0.9874782986111111
6,7,0.006444036029279232,0.005750416778028011,-8.578015623269257,-6.95890536043379,0.98623046875,0.9838650173611111
6,8,0.005241296254098415,0.005175315774977207,-6.708385118437402,-5.94780629740821,0.9848132474922839,0.9741319444444444
6,9,0.00442777993157506,0.004223135765641928,-5.441603871922434,-4.654032346937392,0.9834484712577161,0.9792209201388888
6,10,0.0037977108731865883,0.0037064342759549618,-4.463863039899755,-3.886262904273139,0.9837094907407408,0.9815592447916667
6,11,0.003318564034998417,0.003339582122862339,-3.7324276532655882,-3.285390263133579,0.9834551022376543,0.9911349826388889
6,12,0.0029716966673731804,0.0029823703225702047,-3.1792730702294243,-2.841685157352024,0.9837679639274691,0.9774088541666667
6,13,0.0026410992722958326,0.002895258367061615,-2.6785945421383706,-2.5749990304311114,0.9821108217592592,0.9859103732638889
6,14,0.002403474412858486,0.002461841329932213,-2.3196521348423427,-2.0401125854916042,0.9825382185570988,0.9797417534722223
6,15,0.002208719728514552,0.002107728738337755,-2.0171483799263283,-1.633583034409417,0.981567081404321,0.9813639322916666
6,16,0.0019970929715782404,0.0019041411578655243,-1.708852877293104,-1.3539063268237643,0.9815532166280864,0.977197265625
6,17,0.0018714844482019544,0.001856854883953929,-1.5044545504781934,-1.2805006967650518,0.9808804735725308,0.9754665798611111
6,18,0.0017211942467838526,0.0018259065691381693,-1.290409243842702,-1.1803678698009914,0.9799352575231481,0.9829481336805556
6,19,0.0016249562613666058,0.0015362324193120003,-1.134953338422893,-0.8424840105904473,0.9813187210648148,0.978955078125
6,20,0.0014907136792317033,0.001587783102877438,-0.9489054598926027,-0.8882035149468316,0.9805103443287037,0.9751898871527778
6,21,0.0014365380629897118,0.0014569431077688932,-0.8576704605126086,-0.7023386187023587,0.9805471161265432,0.9792914496527778
6,22,0.001337228575721383,0.0013744481839239597,-0.7186173702463692,-0.5892922626601325,0.9802035108024691,0.9818033854166667
6,23,0.0013059996999800205,0.001305028679780662,-0.6622722797923618,-0.48678971264097426,0.9803156346450618,0.9784396701388889
6,24,0.0012054668040946126,0.001387974712997675,-0.5286298007140925,-0.5534916308191088,0.9803246768904321,0.975390625
6,25,0.0011646009515970945,0.0013401597971096635,-0.454235640278569,-0.472179913520813,0.9800576292438271,0.9763454861111112
6,26,0.0011255040299147367,0.0011637917486950755,-0.4037117225152475,-0.2856794754664103,0.9796525366512345,0.9792209201388888
6,27,0.0010635342914611101,0.001321048242971301,-0.3152767699441792,-0.4317245986726549,0.979714023919753,0.9814073350694444
6,28,0.001023493125103414,0.0013590556336566806,-0.2536960569428809,-0.4670352750354343,0.9800317081404321,0.9763726128472222
6,29,0.0010150584857910872,0.001047604251652956,-0.2343287114743833,-0.14689882066514756,0.9800937982253086,0.9752712673611111
6,30,0.000941742560826242,0.0010194641072303057,-0.1425486155498175,-0.10632793638441297,0.9793288242669753,0.9785047743055556
6,31,0.0009191418648697436,0.0010013212449848652,-0.1103179516615691,-0.06150636540518867,0.9793378665123457,0.9736328125
6,32,0.0008833340834826231,0.001129570766352117,-0.054267873881775654,-0.18427411052915785,0.9794861593364198,0.9822699652777778
6,33,0.0008633591933175921,0.0010458201868459582,-0.02833270643964226,-0.0930720051129659,0.9800268856095679,0.9734212239583333
6,34,0.000831571058370173,0.001039015594869852,0.010888742370369993,-0.08116400241851807,0.979052734375,0.9810275607638889
6,35,0.0008118244004435837,0.0010412383126094937,0.04585835874816518,-0.06691995859146119,0.9797013647762346,0.9759548611111111
6,36,0.0007822997868061066,0.0009275588672608137,0.0774153881602817,0.06508249706692165,0.9796350549768519,0.9783040364583333
6,37,0.0007743042660877109,0.0008377719786949456,0.0956607828905553,0.15183779133690728,0.9795386043595679,0.9802083333333333
6,38,0.0007524596294388175,0.0008752261055633426,0.12308540741602579,0.12102275556988186,0.9799949363425926,0.9765950520833333
6,39,0.0007271331269294024,0.0009336384246125817,0.15132550074730391,0.06416840155919393,0.9798797984182098,0.9771484375
6,40,0.0007195447105914354,0.000852433848194778,0.1664454839847706,0.16055111487706503,0.9793776523919753,0.9821234809027778
6,41,0.0006994683062657714,0.0008425756241194904,0.19766154259811214,0.15507457653681436,0.9799304349922839,0.9737684461805556
6,42,0.0006898359279148281,0.000827990414109081,0.20959586331873764,0.18181352880265977,0.9796591676311729,0.9793511284722223
6,43,0.00066121865529567,0.0008062034612521529,0.23879835664490123,0.20411108864678276,0.9798484519675926,0.9800021701388889
6,44,0.0006466321647167206,0.0008983762818388641,0.26113839826466123,0.12298457754982842,0.9799895109953703,0.9797417534722223
6,45,0.0006307510193437338,0.0007744393078610301,0.2828593708850719,0.2508677363395691,0.979857494212963,0.9775553385416667
6,46,0.0006201533251442015,0.0008396795601584017,0.3051395489845747,0.1915226658185323,0.9798388069058642,0.9807562934027778
6,47,0.0006099341553635895,0.0008118354016914964,0.31295595743038035,0.21929805808597141,0.9803656684027777,0.9782118055555555
6,48,0.0005736372550018132,0.0008537594694644213,0.35037361250983345,0.14970120853847926,0.9799219955632716,0.9799967447916667
6,49,0.0005831796443089843,0.0007634760113433003,0.33869784746640996,0.275594170888265,0.9807574990354938,0.9795030381944444
6,50,0.0005801747320219874,0.0007613982306793332,0.357031042487533,0.28346722655826145,0.9806580343364197,0.9832139756944445
6,51,0.0005453996127471328,0.0007239400874823332,0.39406052312733214,0.3228983971807692,0.9809100115740741,0.9824815538194445
6,52,0.0005277465679682791,0.0006486978381872177,0.417005110964363,0.3972940511173672,0.9810227382330247,0.9834092881944444
6,53,0.0005129226483404636,0.0008974903030321002,0.4281928459803263,0.16606833007600572,0.9811746479552469,0.9796657986111111
6,54,0.0005370271392166615,0.0007918350165709853,0.40755240343235155,0.2520270691977607,0.9808949411651234,0.9823025173611111
6,55,0.0005051579792052507,0.0006494260160252452,0.44206493621991005,0.3898276170094808,0.9813506703317901,0.9802083333333333
6,56,0.00047702103620395064,0.0006970009417273104,0.4726187648596587,0.36112154059939916,0.9815206645447531,0.9830078125
6,57,0.000462330412119627,0.0007040200289338827,0.48498048973672186,0.34833903180228337,0.9820963541666666,0.9829155815972223
6,58,0.0004480306524783373,0.0007282481528818607,0.5007982468899386,0.3334282782342699,0.9824104214891975,0.9813313802083333
6,59,0.0004398471210151911,0.0007478026673197746,0.5140510157302574,0.31583100027508204,0.9822530864197531,0.9802029079861111
6,60,0.0004375871503725648,0.0006278228829614818,0.5202057655946708,0.44124343130323623,0.9823212046682098,0.9833441840277778
6,61,0.00043341651326045394,0.000745865807402879,0.5225990260088885,0.309927052921719,0.9825496720679012,0.9838595920138888
6,62,0.0004146396822761744,0.0006316883955150843,0.5452116751376493,0.43576377497779,0.98291015625,0.982861328125
6,63,0.0003997497260570526,0.0005952034262008965,0.5664153675974152,0.46633558140860665,0.9832224151234568,0.9866048177083333
6,64,0.0003847453626804054,0.000676449213642627,0.5799841443697612,0.39079168770048356,0.983400245949074,0.9836154513888888
6,65,0.00037575489841401577,0.0006488095968961716,0.5897529980282724,0.40458093881607055,0.983447868441358,0.9859212239583334
6,66,0.00037419889122247696,0.0006363667780533433,0.5866646556206692,0.4280662417411804,0.9837926793981482,0.9846245659722223
6,67,0.00037427039933390915,0.0005910979816690087,0.5903449012909406,0.4789659513367547,0.9836709104938272,0.9848578559027777
6,68,0.00037213246105238795,0.0006770165637135506,0.5948391912895956,0.39286254909303453,0.9836588541666667,0.98330078125
6,69,0.00036578543949872255,0.0005932534113526344,0.5998501009411282,0.47270518408881296,0.9835714457947531,0.9853732638888889
6,70,0.0003559752949513495,0.000597996695432812,0.6092988034825266,0.4857287618849013,0.9840741946373457,0.9867730034722222
6,71,0.00033511847141198814,0.0006574311410076916,0.6370481499919185,0.40747325287924874,0.9845293209876543,0.9860026041666666
6,72,0.0003280422533862293,0.0006034350371919572,0.6423647749571153,0.47206374141905044,0.9846330054012346,0.9867784288194444
6,73,0.0003242520324420184,0.0005603998433798552,0.6432604984000877,0.5238967193497552,0.9849054783950617,0.9860297309027778
6,74,0.0003087177756242454,0.0007075071334838867,0.659677513734794,0.3669011010064019,0.9849579234182099,0.9839898003472223
6,75,0.00031557161128148437,0.0005502836429513991,0.652813998710962,0.521471975909339,0.9850604021990741,0.9868435329861112
6,76,0.00030277768382802606,0.0005936415400356054,0.6702936462414117,0.4894747495651245,0.9849223572530864,0.9863118489583333
6,77,0.0002877602819353342,0.0005822839448228478,0.6888034077338231,0.4842850751347012,0.985252700617284,0.9866048177083333
6,78,0.00028418953297659755,0.0005668974481523037,0.6888147845680331,0.5132832593388028,0.9854781539351852,0.9847819010416666
6,79,0.00029975734651088715,0.0005471918266266584,0.6713214546074102,0.5337754156854417,0.9850314670138889,0.9838758680555556
6,80,0.0003136862942483276,0.000577762839384377,0.6611560870099951,0.5016115797890557,0.9846535011574075,0.983056640625
6,81,0.0002999267017003149,0.0006071752868592739,0.677564047736886,0.4757781399620904,0.9847083574459876,0.9847547743055556
6,82,0.0002955905220005661,0.0005337156471796334,0.6844457156864213,0.5476086139678955,0.9849229600694445,0.9851725260416667
6,83,0.00029597117099910975,0.0006479989388026297,0.6750128283912753,0.4190124750137329,0.9848554446373456,0.9848958333333333
6,84,0.00028381648007780313,0.0005869197193533182,0.6960111662193581,0.4932420704099867,0.9854823736496914,0.9863389756944444
6,85,0.00026960449758917093,0.0005996947875246406,0.7092711099871882,0.4804069519042969,0.9857656973379629,0.98623046875
6,86,0.00024488772032782435,0.0005627820501103997,0.7358800136012795,0.5206475999620226,0.9863389756944444,0.987841796875
6,87,0.00024323337129317224,0.0005603014724329114,0.7380182133780585,0.5175576607386271,0.9865638261959877,0.9884819878472222
6,88,0.0002290191623615101,0.0005571676883846521,0.7501899557349122,0.5145306057400174,0.9868435329861112,0.9870551215277777
6,89,0.00023818443878553808,0.0005749983247369528,0.7428601129555408,0.5124060776498582,0.9868266541280865,0.9880805121527778
6,90,0.0002358790661673993,0.0005455452483147383,0.7468767230893358,0.535076998339759,0.9869225019290123,0.9875054253472222
6,91,0.00021313212346285582,0.0005393202882260084,0.7687289616208017,0.5397064288457235,0.9872347608024692,0.9889702690972222
6,92,0.0001936810731422156,0.0005599491996690631,0.7874311313217068,0.526748443974389,0.9878387827932099,0.9887749565972223
6,93,0.0001875892048701644,0.0005434473278000951,0.7929675119894523,0.5371064172850715,0.9882541232638888,0.9887912326388889
6,94,0.0001823478378355503,0.00055932835675776,0.797528049092234,0.5253029280238681,0.9884566695601852,0.9892849392361112
6,95,0.0001815431605791673,0.0005381489172577858,0.7982121722197827,0.5478605548540751,0.9886248553240741,0.9893229166666667
6,96,0.00017774375737644732,0.0005573168164119124,0.8028020002223827,0.5296145253711276,0.9888286072530864,0.9895833333333334
6,97,0.00017437408678233624,0.0005506013403646648,0.8046620108463146,0.5374050855636596,0.9887725453317902,0.9897298177083333
6,98,0.0001727226481307298,0.0005672993138432503,0.8073121259241929,0.5106714487075805,0.9890606915509259,0.9893391927083334
6,99,0.00016837293514981866,0.0005537596298381686,0.8120580776238148,0.5321976251072353,0.9891595534336419,0.9897135416666667
6,100,0.00016133388271555305,0.000551162869669497,0.8187342361167625,0.5358324223094516,0.9893590856481481,0.9897243923611111
6,101,0.00015862350119277835,0.0005510183982551098,0.8210625697065282,0.5358192841211955,0.9895097897376544,0.9898491753472223
6,102,0.00015726177662145346,0.00054334313608706,0.822128559924938,0.5455300344361199,0.9896635079089506,0.9901638454861111
7,1,0.07684433460235596,0.04129108786582947,-121.50204331433332,-64.87451877593995,0.9465675636574075,0.99306640625
7,2,0.03153763711452484,0.023088252171874046,-47.75723429079409,-35.63585211435954,0.993431712962963,0.9933213975694445
7,3,0.018458830192685127,0.01443266961723566,-27.438941625312523,-21.69942855834961,0.9934377411265433,0.9932562934027778
7,4,0.012124615721404552,0.010014405474066734,-17.454118854616894,-14.431909089618259,0.9931676793981481,0.990576171875
7,5,0.008632495999336243,0.007496076636016369,-11.8500937414758,-10.435551685757106,0.9911590952932099,0.9875922309027778
7,6,0.0064875055104494095,0.0059782336466014385,-8.567891958613455,-7.950171481238471,0.9882764274691358,0.9852918836805555
7,7,0.005132430698722601,0.00445941649377346,-6.482850564850701,-5.660870673921373,0.9861014660493828,0.9872884114583333
7,8,0.004140341654419899,0.00398471113294363,-4.958940049159674,-4.790857399834527,0.985326244212963,0.9764268663194444
7,9,0.0034646554850041866,0.0031588380225002766,-3.926665242218677,-3.5747717830869887,0.983569637345679,0.9856770833333334
7,10,0.0029775272123515606,0.0027370403986424208,-3.1676258001798465,-2.920019671652052,0.9840036651234568,0.9863172743055556
7,11,0.0026173836085945368,0.0023389749694615602,-2.60571306988045,-2.314064367612203,0.9827100212191358,0.9794813368055556
7,12,0.0022921739146113396,0.0022559347562491894,-2.1342182400785847,-2.116599022017585,0.9820535542052469,0.9768283420138889
7,13,0.002112896414473653,0.0018358801025897264,-1.8244008657373028,-1.5249881982803344,0.9818926022376543,0.9852322048611111
7,14,0.001882022712379694,0.0018338628578931093,-1.5010124792287378,-1.4459551360872056,0.9818431712962963,0.9815483940972223
7,15,0.0017333929426968098,0.0015476973494514823,-1.2636670405482069,-1.079737773206499,0.9810824170524691,0.9857313368055556
7,16,0.0015745144337415695,0.0017358344048261642,-1.048761581050025,-1.2311245918273925,0.9817587770061729,0.9825032552083334
7,17,0.0014648307114839554,0.0015450487844645977,-0.8866800673214006,-0.9654876920912001,0.9808792679398148,0.9863715277777778
7,18,0.0013972235610708594,0.0012885797768831253,-0.7736452714896497,-0.660189425945282,0.9813410252700617,0.9831868489583333
7,19,0.0012886370532214642,0.0013151804450899363,-0.6179738779126862,-0.6490025374624464,0.9807984905478395,0.9806749131944444
7,20,0.0012140278704464436,0.0013269796036183834,-0.5022184934145139,-0.652395428551568,0.9805362654320988,0.9824598524305556
7,21,0.0011862762039527297,0.0011837139027193189,-0.4547103859760143,-0.49724435011545814,0.980102840470679,0.98857421875
7,22,0.001122881192713976,0.0011270892573520541,-0.36535158333954987,-0.3753894633717007,0.980323471257716,0.9838595920138888
7,23,0.0010506161488592625,0.001236584852449596,-0.26532070033344224,-0.4855847054057651,0.9803264853395062,0.9811089409722222
7,24,0.001028487691655755,0.0011183118913322687,-0.22603267328238782,-0.32401195367177327,0.9806610484182099,0.9783854166666667
7,25,0.000972465262748301,0.0009883055463433266,-0.15024026426268214,-0.19145130581325956,0.9798002266589506,0.986572265625
7,26,0.0009544175118207932,0.0008835354237817228,-0.11514684094323052,-0.06289563046561347,0.9802812741126543,0.9840277777777777
7,27,0.0009165661176666617,0.0009233194869011641,-0.07770156919220347,-0.07925077544318306,0.9802643952546296,0.9816569010416667
7,28,0.0008823972893878818,0.001071628648787737,-0.02235811006875686,-0.19258175293604532,0.9796929253472222,0.9843532986111111
7,29,0.0008450145833194256,0.0008346739341504872,0.033455775990898225,0.03051649729410807,0.9802161699459877,0.9805555555555555
7,30,0.0008398045320063829,0.000809870776720345,0.03358358394952468,0.0766572462187873,0.9807526765046296,0.9815592447916667
7,31,0.0008003503317013383,0.0008615213446319103,0.09007860745912717,0.01860867871178521,0.9802185812114198,0.9795084635416667
7,32,0.0007733809761703014,0.0008008423610590398,0.1265486424351916,0.08759845627678765,0.9798930603780864,0.9832790798611111
7,33,0.000741796160582453,0.0008672623662278056,0.16923390965402862,0.014992327160305447,0.9802294319058642,0.9811197916666666
7,34,0.0007275938987731934,0.0008306783274747431,0.186691755865827,0.06684596141179402,0.9801161024305556,0.9802897135416667
7,35,0.0007132272003218532,0.0008657798171043396,0.20573078320350177,0.06039000352223714,0.9802137586805556,0.9847547743055556
7,36,0.0006983503117226064,0.0008599931607022882,0.22209639784730512,0.051945103539360896,0.980102840470679,0.9847547743055556
7,37,0.0006817906978540123,0.0007824130007065833,0.2485736049251792,0.15216081539789836,0.9802854938271605,0.9839518229166667
7,38,0.0006479077856056392,0.0010585905984044075,0.2900956223040451,-0.1627809484799703,0.9805995611496914,0.9789930555555556
7,39,0.0006519399466924369,0.0008279343601316214,0.29287845072922886,0.10422163804372152,0.9803192515432099,0.980224609375
7,40,0.0006239693611860275,0.0008123494335450232,0.3229980414296374,0.08970577584372627,0.980224006558642,0.9824815538194445
7,41,0.0006251281592994928,0.000821681460365653,0.32465660572052,0.0906772149933709,0.9798484519675926,0.9795030381944444
7,42,0.0006159048061817884,0.0007580748060718179,0.3291220352973467,0.1906645933787028,0.9801359953703703,0.9827365451388889
7,43,0.0005789842689409852,0.0006238981150090694,0.37151049787615553,0.32615868912802803,0.9803813416280864,0.9810980902777777
7,44,0.0005662322510033846,0.0007157058571465313,0.39717418529369214,0.23554625908533733,0.9808334538966049,0.98291015625
7,45,0.0005605386104434729,0.0006652810843661427,0.39596015170768456,0.29926308923297457,0.9805296344521605,0.9805067274305556
7,46,0.0005497874226421118,0.0007971497252583504,0.411253637737698,0.13477850357691448,0.9808708285108024,0.9779459635416666
7,47,0.000535710365511477,0.0007046881364658475,0.4256193290522069,0.25464709732267593,0.9810215326003087,0.9815375434027778
7,48,0.0005168317002244294,0.0006740732351318002,0.4511660112275018,0.2737122098604838,0.981199363425926,0.9827907986111111
7,49,0.0005191285745240748,0.000890295603312552,0.448815354300134,0.09086920817693074,0.9807436342592593,0.982666015625
7,50,0.0005272402777336538,0.0006686327396892011,0.4468391749593947,0.3027193135685391,0.9813078703703704,0.9808322482638889
7,51,0.0004803474002983421,0.000711914908606559,0.4907312379943,0.2485903713438246,0.981467616705247,0.981103515625
7,52,0.0004558789078146219,0.000616491015534848,0.5212664081726546,0.36510362095303006,0.9817183883101852,0.9828776041666667
7,53,0.0004332606331445277,0.000622580002527684,0.5419404359511387,0.3618237124549018,0.9821102189429012,0.9846842447916667
7,54,0.0004170719184912741,0.0006525032222270966,0.5592338773939345,0.332193120320638,0.982689525462963,0.9842339409722223
7,55,0.00041339040035381913,0.0006456465926021338,0.5613511787520514,0.3379261189036899,0.9826316550925925,0.9840006510416667
7,56,0.00040533137507736683,0.0006127783562988043,0.5690778739658403,0.3723058660825094,0.9830970293209876,0.9844563802083334
7,57,0.00039972292142920196,0.0006337169324979186,0.5758882811040054,0.3486971563763089,0.9832163869598766,0.9852647569444445
7,58,0.00039669853867962956,0.0006464062025770545,0.5782618864082996,0.3410153243276808,0.98330078125,0.9846625434027778
7,59,0.0003840398567263037,0.0006192800356075168,0.5945143603984221,0.36865648031234743,0.9835226176697531,0.9842393663194444
7,60,0.0003759366227313876,0.0006000347202643752,0.6012078007062276,0.3946821212768555,0.9836455922067902,0.9853190104166667
7,61,0.0003661992959678173,0.0006092935218475759,0.6108348781679883,0.38491603003607855,0.9837287808641976,0.9862575954861111
7,62,0.0003613877634052187,0.0005714375292882323,0.6142326407962375,0.42373983595106335,0.9840344087577161,0.9861979166666667
7,63,0.00036096476833336055,0.0006222842494025826,0.6190946913059847,0.36078787644704186,0.9839029947916667,0.9840603298611111
7,64,0.00036145257763564587,0.0006024290341883898,0.6152612187244274,0.3818358580271403,0.9839289158950617,0.9851942274305555
7,65,0.00034667973523028195,0.0005933442735113204,0.6324569022213972,0.38625919156604344,0.9840241608796296,0.9851671006944445
7,66,0.00033133808756247163,0.0006609165575355291,0.6471331253463839,0.3375961330201891,0.9843086902006173,0.9853352864583333
7,67,0.0003337583038955927,0.0005698218010365963,0.647095799298934,0.4305513885286119,0.984352695794753,0.9867024739583333
7,68,0.0003233628813177347,0.0005525972228497267,0.6555337858788761,0.455439465575748,0.9845244984567901,0.9862684461805555
7,69,0.00031798917916603386,0.0006180637865327299,0.662793689009584,0.378890155421363,0.9847372926311728,0.9855088975694445
7,70,0.00031410512747243047,0.0006132469279691577,0.6657015392809739,0.38784191873338486,0.9847378954475309,0.9855740017361111
7,71,0.00032002897933125496,0.0006000165012665093,0.6578247105633771,0.39361338350507946,0.9847011236496913,0.9863064236111111
7,72,0.00031527032842859626,0.0005771791329607368,0.6703535952685792,0.4224759499231974,0.984839168595679,0.9846082899305556
7,73,0.000303439621347934,0.0005560886347666383,0.6787137676168371,0.4425338175561693,0.984814453125,0.9860243055555555
7,74,0.0002935622469522059,0.0005889357416890562,0.6900116002118146,0.4238042738702562,0.9852376302083333,0.9860080295138889
7,75,0.00029063678812235594,0.0005904054851271212,0.6938082617006184,0.41446296374003094,0.9854480131172839,0.9855740017361111
7,76,0.0002765114768408239,0.0005993651575408876,0.70848661955492,0.3985163066122267,0.9855342158564815,0.9873155381944444
7,77,0.00026395145687274635,0.0005653306725434959,0.7175789763898025,0.4408899029095968,0.9858078944830246,0.9877604166666667
7,78,0.00025310376076959074,0.0005533807561732829,0.7296736914434551,0.4567943347824944,0.9861454716435185,0.9879448784722222
7,79,0.00024777118233032525,0.000555478734895587,0.7342180025430374,0.45288632843229504,0.9863974488811729,0.988427734375
7,80,0.00023908220464363694,0.0005705534131266177,0.7421451861475721,0.4403387837939792,0.9866421923225308,0.9881673177083333
7,81,0.0002364849206060171,0.0005804682732559741,0.7450222139005308,0.43396814664204914,0.9866783613040123,0.9883083767361112
7,82,0.0002318462065886706,0.0005634927074424922,0.7488469079688743,0.44509269926283096,0.9868923611111111,0.98818359375
7,83,0.00023058074293658137,0.0005662214243784547,0.7499905259520919,0.44884190029568144,0.9868827160493827,0.9879503038194445
7,84,0.00022645464923698455,0.0006058849394321442,0.7546261846283335,0.4027814467748006,0.9870135271990741,0.988232421875
7,85,0.0002210137026850134,0.000583242392167449,0.7605918161663008,0.42997655603620744,0.9871467496141976,0.98837890625
7,86,0.00021423363068606704,0.0005905830767005682,0.7663262877935245,0.419164510567983,0.9872486255787037,0.9887098524305555
7,87,0.00021392809867393225,0.0005848747678101063,0.7658861105824695,0.43006605439715917,0.9873649691358025,0.9887966579861112
7,88,0.00021083046158310026,0.0005810881266370416,0.7693999183030776,0.43417075475056965,0.9874481577932098,0.9890787760416667
8,1,0.16105520725250244,0.09860189259052277,-249.4551085672261,-165.72120844523113,0.9152759693287037,0.9949652777777778
8,2,0.07438652217388153,0.05339410901069641,-113.6132649033158,-89.1221849653456,0.9952015817901234,0.9947482638888889
8,3,0.04225718230009079,0.032280318439006805,-63.932415319372105,-53.33977781931559,0.9945505401234568,0.9940321180555556
8,4,0.02693042904138565,0.02176702581346035,-40.42096477908853,-35.37453583611382,0.9937325183256173,0.9935384114583333
8,5,0.018778003752231598,0.015620054677128792,-27.631013929108043,-24.92737684249878,0.9931610484182098,0.9929470486111112
8,6,0.013919088989496231,0.012043755501508713,-19.99591459757016,-18.685711966620552,0.991675106095679,0.9906521267361111
8,7,0.010701795108616352,0.009042421355843544,-15.003604568081137,-13.85493212276035,0.9900004822530865,0.9939181857638889
8,8,0.008528834208846092,0.007451016455888748,-11.66778668768612,-11.084588119718763,0.9881540557484568,0.9919704861111112
8,9,0.007016342133283615,0.006147115025669336,-9.306786405009987,-8.878739298714532,0.9862250434027777,0.9869737413194445
8,10,0.0058653345331549644,0.004943366162478924,-7.569366147488724,-6.954313304689196,0.9846878616898148,0.9903374565972223
8,11,0.004974834155291319,0.004267421551048756,-6.197101858810142,-5.781587081485324,0.9840844425154321,0.9893500434027778
8,12,0.004259140230715275,0.0037901154719293118,-5.125925096170402,-4.939937337239583,0.9832682291666667,0.985595703125
8,13,0.003746297210454941,0.0033206911757588387,-4.322337210619891,-4.198907481299506,0.9820246190200618,0.9840386284722222
8,14,0.0032951217144727707,0.0032049166038632393,-3.6452302364655482,-3.832180553012424,0.9824767312885803,0.9808322482638889
8,15,0.0029814995359629393,0.0026868251152336597,-3.161295192035628,-3.0890581289927166,0.9810094762731482,0.9831976996527778
8,16,0.002675066003575921,0.0024575996212661266,-2.692992933885551,-2.7518801318274604,0.9817171826774691,0.9769639756944445
8,17,0.0024458374828100204,0.002269782591611147,-2.347867626466869,-2.371024923854404,0.9812891830632716,0.9812825520833334
8,18,0.0022172594908624887,0.0020607244223356247,-2.014582004812029,-2.0668521404266356,0.9811414930555555,0.9794053819444445
8,19,0.0020628501661121845,0.0020429829601198435,-1.7798072067307837,-1.8955060455534194,0.9805374710648148,0.9815483940972223
8,20,0.0019163851393386722,0.0017685904167592525,-1.5598333716392516,-1.571284212006463,0.9811969521604939,0.9770562065972223
8,21,0.0017851676093414426,0.001902464427985251,-1.3611477192537285,-1.6380130926767984,0.9803982204861111,0.9762858072916667
8,22,0.0016975391190499067,0.0016057944158092141,-1.210789034101698,-1.2198373119036356,0.9804621190200618,0.9811414930555555
8,23,0.001585054793395102,0.001427097013220191,-1.0565097412945312,-1.0250440014733209,0.9808641975308642,0.9785970052083334
8,24,0.0014631630619987845,0.001442917506210506,-0.898337236304342,-0.9615578293800354,0.9804898485725309,0.9789713541666667
8,25,0.0014164946042001247,0.0012692626332864165,-0.8112275086803201,-0.7822166482607523,0.9803481867283951,0.978125
8,26,0.0013258313992992043,0.0011634738184511662,-0.6885028150346544,-0.6360802968343099,0.9803650655864198,0.9851508246527778
8,27,0.0012664888054132462,0.0012284694239497185,-0.601621980725983,-0.683450534608629,0.9807068624614198,0.97841796875
8,28,0.0012276259949430823,0.001057012123055756,-0.5302248251290969,-0.45975890424516463,0.980712890625,0.9788411458333334
8,29,0.0011521761771291494,0.0011286349035799503,-0.43600386513604056,-0.5071312785148621,0.98046875,0.978076171875
8,30,0.0011159696150571108,0.000998318544588983,-0.38357436186001626,-0.348722157213423,0.9800925925925926,0.9801812065972222
8,31,0.0010807211510837078,0.0008907576557248831,-0.32075710002286933,-0.18890142573250665,0.9805579668209876,0.9820746527777777
8,32,0.0010350386146456003,0.0010588791919872165,-0.26225399220431295,-0.3806381106376648,0.980421127507716,0.9746256510416667
8,33,0.0010037116007879376,0.0009610351407900453,-0.21757483776704764,-0.22463354799482557,0.980128761574074,0.9736273871527777
8,34,0.000959046883508563,0.0008841094095259905,-0.1585426155431771,-0.1480552911758423,0.980346981095679,0.9805555555555555
8,35,0.0009195239399559796,0.0008878608932718635,-0.10542217919855942,-0.14923248291015626,0.980711684992284,0.9789659288194444
8,36,0.0008927119197323918,0.0008613012614659965,-0.06562751325560205,-0.08967458407084147,0.9805748456790123,0.9741427951388889
8,37,0.0008631600067019463,0.0008127335458993912,-0.017685246614762295,-0.03216938575108846,0.980102237654321,0.975146484375
8,38,0.0008380658109672368,0.0007252258365042508,0.009279332926243911,0.07928429577085706,0.9806785300925925,0.9775390625
8,39,0.0007974130567163229,0.0007666937308385968,0.06095599833829903,0.03125378688176473,0.9805495273919753,0.9771158854166667
8,40,0.0007837211014702916,0.0006412489456124604,0.0878765078238499,0.20120179388258191,0.9805766541280864,0.9809787326388889
8,41,0.0007486556423828006,0.0007757524726912379,0.1331103104132193,0.03170321649975247,0.9807442370756173,0.9801161024305556
8,42,0.0007424174109473825,0.0007266767788678408,0.1473989399862878,0.10707927809821235,0.9805248119212963,0.9780815972222222
8,43,0.0007318530697375536,0.000747926824260503,0.15653376284940743,0.09527835978402031,0.9805447048611111,0.9766438802083334
8,44,0.000701015000231564,0.0005957623943686485,0.18738306569464414,0.2717766152487861,0.9809443721064814,0.9786892361111111
8,45,0.0006705438136123121,0.0007191504118964076,0.23220786547955172,0.14197556840048897,0.9808551552854938,0.9805284288194445
8,46,0.0006453132955357432,0.0007727831834927201,0.26072237697648415,0.1153251674440172,0.9811722366898148,0.9826714409722223
8,47,0.0006877193227410316,0.0006232241867110133,0.2172711189882255,0.2761279291576809,0.9810601128472223,0.9798882378472222
8,48,0.0006261968519538641,0.0005473938654176891,0.2957429575331417,0.36034836504194473,0.9809166425540123,0.9845648871527778
8,49,0.0006021588924340904,0.0005292968126013875,0.32310802068239375,0.38294252157211306,0.9812469859182099,0.9832682291666667
8,50,0.0005805914988741279,0.0005667050136253238,0.34660172550766555,0.3222377300262451,0.981907672646605,0.9793728298611111
8,51,0.0005696424632333219,0.0005433466285467148,0.36033497327639735,0.3726289497481452,0.9816544897762346,0.9837185329861111
8,52,0.0005494803190231323,0.0005904285935685039,0.3846985596197623,0.314908500512441,0.9819836275077161,0.9799858940972223
8,53,0.0005292104324325919,0.0005816355114802718,0.4087095159071463,0.33218478759129844,0.9821650752314814,0.98037109375
8,54,0.0005190271767787635,0.0005224220221862197,0.4201206688527708,0.41661285824245875,0.9824116271219135,0.9816623263888888
8,55,0.0005003924015909433,0.0005208308575674891,0.43907440974388595,0.4000429272651672,0.9828082802854938,0.9795030381944444
8,56,0.0004921258077956736,0.0005155556718818843,0.45175823385332836,0.4199983530574375,0.9820216049382716,0.9825520833333333
8,57,0.00046888680662959814,0.0004943432868458331,0.4833168768588407,0.437687975830502,0.9831133053626543,0.9810818142361111
8,58,0.00047976727364584804,0.0004964960971847177,0.4670938971601887,0.46094085905287,0.982861930941358,0.9815212673611111
8,59,0.00043736197403632104,0.0005263388156890869,0.5167278771047239,0.4179638663927714,0.983326702353395,0.9824869791666667
8,60,0.000467526784632355,0.00042246392695233226,0.4834354946642746,0.5359623140758938,0.9830379533179012,0.9855251736111111
8,61,0.0004261721041984856,0.00045562797458842397,0.528340545112704,0.4996396925714281,0.9832597897376543,0.9824978298611111
8,62,0.00042224075878039,0.00043436288251541555,0.5340638315236127,0.5198375079366896,0.9836076147762346,0.9837456597222223
8,63,0.00041686551412567496,0.00045783992391079664,0.5446211083435718,0.5036670605341593,0.9837119020061729,0.9837076822916667
8,64,0.0004015782615169883,0.0004433603025972843,0.5562611768275132,0.5175828470124139,0.9839494116512346,0.9836046006944444
8,65,0.00038183602737262845,0.00046375259989872575,0.5802810267165855,0.5081830885675218,0.9839735243055555,0.9829861111111111
8,66,0.0003869370848406106,0.00043834641110152006,0.5743101047880855,0.5399556001027425,0.9840524932484568,0.9852647569444445
8,67,0.00039300561184063554,0.00041367230005562305,0.573385524161068,0.5650263667106629,0.9836293161651235,0.9857584635416666
8,68,0.0003898438299074769,0.00044625299051404,0.5785980190759824,0.5223412646187676,0.9838047357253087,0.9797634548611112
8,69,0.00036686199018731713,0.0004501278745010495,0.6031903459702009,0.5285927295684815,0.9838553722993827,0.9826334635416667
8,70,0.00035658746492117643,0.00046581763308495283,0.6123192428070822,0.5311087608337403,0.9843828366126544,0.9851996527777778
8,71,0.00033899792470037937,0.0005031215259805322,0.6340534233752592,0.47317127386728924,0.9849103009259259,0.9837131076388889
8,72,0.00033502752194181085,0.00047027162509039044,0.6320307269508456,0.5207226859198676,0.9849211516203704,0.9848036024305555
8,73,0.00033185561187565327,0.00045675633009523153,0.6435232339081941,0.5305518243047926,0.9852683738425926,0.9847384982638889
8,74,0.00031263864366337657,0.0004211934865452349,0.6633433022616823,0.5773873011271159,0.985278018904321,0.987060546875
8,75,0.00030662486096844077,0.0004663019790314138,0.6665644567689778,0.525322335296207,0.9856969762731481,0.9843532986111111
8,76,0.0002915422082878649,0.0004111153830308467,0.6818727774384581,0.5781354546546936,0.9857488184799382,0.9862684461805555
8,77,0.00026625642203725874,0.00039875422953628004,0.70785697463118,0.6012741115358141,0.9865324797453704,0.9878472222222222
8,78,0.0002527067263145,0.0004019436310045421,0.7214206454194623,0.5973692999945747,0.986814597800926,0.9879991319444444
8,79,0.00024509470677003264,0.00041848013643175364,0.7289107518431581,0.5819005727767944,0.9870961130401235,0.9869140625
8,80,0.00024209108960349113,0.00039947396726347506,0.7326232506905073,0.6027913371721904,0.9872034143518519,0.9888726128472223
8,81,0.00023800319468136877,0.00040321145206689835,0.7376423475183087,0.6017866373062134,0.987328197337963,0.9882703993055556
8,82,0.00023565799347124994,0.00040349349728785455,0.7393204781744215,0.604795057243771,0.9875301408179012,0.9889702690972222
8,83,0.0002337673940928653,0.0004130700835958123,0.7422532901351835,0.5946127507421706,0.9874867380401234,0.9885199652777777
8,84,0.0002354978205403313,0.00038998539093881845,0.7407243256215696,0.6130000419086881,0.9874445408950617,0.9887858072916667
8,85,0.0002276244922541082,0.0004052178410347551,0.7462737864918179,0.6008311933941312,0.9876639660493827,0.9888617621527778
8,86,0.000224428775254637,0.0003982508205808699,0.7518887053301305,0.6078610512945387,0.9877851321373456,0.9894965277777777
8,87,0.00022089850972406566,0.00041074410546571016,0.7567053493158317,0.6020415332582262,0.9878695264274692,0.9888834635416667
8,88,0.00022124842507764697,0.0004047520342282951,0.756941748401265,0.6041343013445536,0.9878936390817902,0.9891764322916666
8,89,0.00021792671759612858,0.00040844077011570334,0.760140268743774,0.6062858766979642,0.9880063657407407,0.9894259982638889
8,90,0.0002208951482316479,0.00040849848301149905,0.7568972031275432,0.599816824330224,0.9880202305169753,0.9885362413194444
8,91,0.00023228031932376325,0.00040667993016541004,0.745249683768661,0.6028485059738159,0.9878279320987654,0.9882215711805555
8,92,0.00021406309679150581,0.0003820268902927637,0.7640159820332939,0.627359410127004,0.988035300925926,0.9889268663194445
8,93,0.0002148287749150768,0.0003941495670005679,0.7659079903437768,0.6220058507389492,0.9881160783179013,0.9889485677083333
8,94,0.00020719788153655827,0.00037648246507160366,0.7730512486563789,0.6390305068757799,0.9883764949845679,0.9886664496527777
8,95,0.0002103932056343183,0.0004053818993270397,0.771444547617877,0.6063789327939352,0.988255328896605,0.988037109375
8,96,0.00020933075575158,0.00040617643389850855,0.7727486414673888,0.6061094019148084,0.988257740162037,0.9887315538194444
8,97,0.0002065764565486461,0.00038848986150696874,0.7724607361687554,0.6219302402602301,0.9884072386188272,0.98857421875
8,98,0.00020649861835408956,0.00038641015999019146,0.7704814285407832,0.6271156840854221,0.9884415991512345,0.9895399305555556
8,99,0.0001951332378666848,0.0004032104043290019,0.7844353525726884,0.6153330789672004,0.9887641059027777,0.9893120659722222
8,100,0.00019293304649181664,0.0004162173718214035,0.78706079736168,0.597028390566508,0.988817756558642,0.9879286024305556
8,101,0.00019594101468101144,0.0003986357478424907,0.7858737685062267,0.6175314413176642,0.9887496383101851,0.9893283420138889
8,102,0.00018710861331783235,0.00039647449739277363,0.7962048801375025,0.619577337635888,0.9889521846064815,0.9891004774305555
8,103,0.00018075390835292637,0.00039146526250988245,0.8005658385194379,0.6276561564869351,0.9891185619212963,0.9902560763888889
8,104,0.00017092921189032495,0.0004119799705222249,0.8101014954072457,0.61109486023585,0.9894513165509259,0.9900716145833334
8,105,0.0001660646521486342,0.00040497779264114797,0.8142456805264509,0.6140321294466654,0.9897846739969136,0.9901584201388889
8,106,0.00016282984870485961,0.0004109099681954831,0.8170949488510321,0.6088482684559292,0.9899094569830247,0.9900987413194444
8,107,0.00015990024257916957,0.00040919409366324544,0.819497416343218,0.6113623062769572,0.9900450906635803,0.9907172309027777
8,108,0.00016077491454780102,0.00041037003393284976,0.8192503427281792,0.6075437426567077,0.9902211130401235,0.9904242621527778
8,109,0.0001583055272931233,0.0004230185877531767,0.82099772264928,0.5934669587347242,0.9902946566358025,0.9907118055555556
8,110,0.00015673114103265107,0.0004143575206398964,0.8226126770914337,0.6061855991681416,0.9903995466820987,0.9906684027777778
8,111,0.00015475825057365,0.00041921227239072323,0.8251329473507257,0.6029895689752367,0.990479721257716,0.9908365885416667
8,112,0.00015188739052973688,0.0004166201688349247,0.8274772624910613,0.6058384895324707,0.9906087239583333,0.9910536024305555
8,113,0.0001501808437751606,0.0004161206306889653,0.8291273152386701,0.6056594848632812,0.9907033661265432,0.9910047743055556
8,114,0.00014962253044359386,0.0004209193866699934,0.8296582098360414,0.601577795876397,0.9907913773148148,0.9908474392361111
9,1,0.07922057062387466,0.033882856369018555,-118.71506374500416,-56.42398891448975,0.7816997010030864,0.9949435763888889
9,2,0.02530067041516304,0.01836797036230564,-37.58120080453378,-29.669462829165987,0.9950026523919753,0.9925184461805555
9,3,0.014576200395822525,0.011442252434790134,-21.417853848139444,-17.877738009558783,0.9933135609567901,0.9924370659722223
9,4,0.009624624624848366,0.007938381284475327,-13.443487274499587,-11.886562485165067,0.9927631896219136,0.9923990885416667
9,5,0.006976444739848375,0.00607515312731266,-9.292162925225718,-8.555916139814588,0.9919728973765433,0.9904025607638889
9,6,0.005480519495904446,0.004672663286328316,-6.939791638762863,-6.224919854270087,0.9910379292052469,0.9910319010416667
9,7,0.0043925754725933075,0.004316710401326418,-5.2079629956940074,-5.349282307094998,0.990599681712963,0.9876681857638889
9,8,0.003681544214487076,0.0035989154130220413,-4.124846804583514,-4.077374988132053,0.9887146749614197,0.9833170572916666
9,9,0.0031696693040430546,0.0028823940083384514,-3.311946040907024,-3.0990136014090646,0.9853479456018519,0.9870768229166667
9,10,0.0027600377798080444,0.002504999516531825,-2.7158511797587077,-2.496170645289951,0.986133415316358,0.9839789496527778
9,11,0.0024518193677067757,0.0026298509910702705,-2.2415034070427033,-2.3500105328030054,0.9851291232638889,0.989892578125
9,12,0.0021995154675096273,0.001954756211489439,-1.8652658327126208,-1.6069728983773126,0.9854721257716049,0.9897569444444444
9,13,0.001955744344741106,0.0022607343271374702,-1.5379692155637859,-1.8658294863171048,0.9852936921296296,0.9755533854166667
9,14,0.0017952283378690481,0.001739760860800743,-1.2879412999859563,-1.238641247484419,0.9830271026234568,0.9814670138888889
9,15,0.0016333095263689756,0.0017502006376162171,-1.0518859848564053,-1.178549767865075,0.983495490933642,0.9800184461805556
9,16,0.0015278338687494397,0.0017563882283866405,-0.9063152105719955,-1.1524020195007325,0.9826515480324074,0.9818467881944445
9,17,0.0014624425675719976,0.0013159244554117322,-0.8037826692616498,-0.6360134892993503,0.981617717978395,0.984765625
9,18,0.001358022796921432,0.0012743363622575998,-0.6530853657074916,-0.5795835799641079,0.9816647376543209,0.9848524305555556
9,19,0.0012713773176074028,0.001463168766349554,-0.5464736601452769,-0.7057746410369873,0.9816050588348766,0.9772243923611111
9,20,0.0012134559219703078,0.0011912797344848514,-0.4575452866377654,-0.41266621351242067,0.9812915943287037,0.9847927517361111
9,21,0.0011328259715810418,0.0011075822403654456,-0.33907039636447106,-0.29619844224717884,0.9814025125385802,0.9829752604166667
9,22,0.0010980115039274096,0.0011888594599440694,-0.29529505644315557,-0.3170797864596049,0.9813132957175926,0.9801432291666666
9,23,0.0010389634408056736,0.0010472461581230164,-0.20244540991606536,-0.18063762850231593,0.9807785976080247,0.9841742621527778
9,24,0.0010141948005184531,0.0009551156545057893,-0.17682225851365077,-0.09837145672904121,0.9814386815200618,0.9821506076388888
9,25,0.0009752493351697922,0.0010557457571849227,-0.11506174949952114,-0.13958347108629016,0.9807587046682099,0.98251953125
9,26,0.0009457406122237444,0.0009304895647801459,-0.07840971828978739,-0.03996922042634752,0.9808877073688271,0.9820855034722222
9,27,0.0009071773383766413,0.0010092821903526783,-0.02810346903624358,-0.08917915688620673,0.9805627893518518,0.9755479600694444
9,28,0.0008838878711685538,0.0010052527068182826,0.00736057096057468,-0.049238810274336076,0.9805483217592592,0.9810329861111111
9,29,0.0008570204954594374,0.0009241251973435283,0.03807380258301158,0.02152146100997925,0.9803608458719136,0.9794650607638888
9,30,0.0008239852031692863,0.000755234737880528,0.08228238364796579,0.18951789670520358,0.979931037808642,0.9819173177083333
9,31,0.0007946521509438753,0.0008952509379014373,0.12250338836952492,0.0787378019756741,0.9801450376157408,0.9817274305555556
9,32,0.0007828333182260394,0.0008254103595390916,0.13985532581070323,0.1360920098092821,0.9805688175154321,0.9753797743055556
9,33,0.0007636058144271374,0.0008832491002976894,0.15541719183509733,0.12410064008500842,0.9801384066358024,0.9825358072916667
9,34,0.0007554497569799423,0.000678694574162364,0.17884966944470818,0.3016704863972134,0.9802475163966049,0.9806857638888888
9,35,0.0007131472229957581,0.0007412388804368675,0.22772604241783237,0.2668611274825202,0.9802854938271605,0.9827094184027778
9,36,0.0007101748487912118,0.0006499988958239555,0.2324970202681459,0.3314463588926527,0.9803813416280864,0.9847439236111111
9,37,0.0006798433023504913,0.0009452081867493689,0.26924235658881107,0.05983414782418145,0.9802167727623456,0.9767957899305556
9,38,0.000699187396094203,0.000687779625877738,0.24662600225872464,0.29044120179282296,0.9800033757716049,0.9799207899305555
9,39,0.0006675408221781254,0.0007045147940516472,0.2859978178401052,0.30497383144166734,0.9806821469907407,0.9790907118055555
9,40,0.0006471711676567793,0.0006743595586158335,0.30760495486082856,0.3320653504795498,0.9802282262731481,0.9767795138888888
9,41,0.0006274530896916986,0.0009725579293444753,0.3333636433989913,0.06025482945972019,0.9804952739197531,0.9745768229166667
9,42,0.0006416308460757136,0.0009086804930120707,0.3132067182917654,0.10662855837080214,0.9802143614969135,0.9781195746527778
9,43,0.0006215260946191847,0.0007245647720992565,0.3390859403727967,0.3211827079455058,0.9801082658179012,0.982373046875
9,44,0.0006151426932774484,0.0006633088923990726,0.3463138337488528,0.3768671340412564,0.9807315779320988,0.9814127604166667
9,45,0.0005678149173036218,0.000632049806881696,0.39553404148714044,0.4037557111846076,0.9807062596450618,0.9812391493055556
9,46,0.0005357412155717611,0.0006836724933236837,0.43302934419961625,0.33765905035866633,0.9809383439429012,0.9826768663194444
9,47,0.0005386383272707462,0.000625526939984411,0.42533956810280127,0.4015480332904392,0.9814272280092593,0.9806532118055555
9,48,0.0005227434448897839,0.0006511264364235103,0.4488515936298135,0.3736515416039361,0.9812090084876544,0.9808051215277778
9,49,0.0005263747880235314,0.0006614661542698741,0.4371900855759044,0.3560101734267341,0.9813609182098766,0.9793999565972222
9,50,0.0005063147400505841,0.0006664543761871755,0.46254424533726257,0.3567206038369073,0.981349464699074,0.9813639322916666
9,51,0.0005055303918197751,0.0006096862489357591,0.463040676087509,0.41705891026390923,0.981593605324074,0.9798719618055556
9,52,0.00052415463142097,0.000603458727709949,0.4450063162379795,0.4276344378789266,0.9813573013117284,0.9803765190972222
9,53,0.00048457173397764564,0.0006805891171097755,0.48810825171294037,0.35338304307725693,0.9815761236496914,0.9792371961805556
9,54,0.00048170762602239847,0.0005950178019702435,0.4931506735307199,0.44195435841878256,0.9816918643904321,0.9815266927083334
9,55,0.0004730389919131994,0.0005940361879765987,0.501194241458987,0.46304753886328803,0.9819118923611111,0.9839138454861112
9,56,0.0004587981093209237,0.0006354149081744254,0.5180194938624346,0.4083693848715888,0.9823061342592593,0.9794650607638888
9,57,0.0004610035102814436,0.0005547245382331312,0.5175329941290396,0.4695334871610006,0.9820963541666666,0.9817111545138889
9,58,0.00044704743777401745,0.0005963036674074829,0.5302774143807683,0.4424428078863356,0.9821711033950618,0.9830349392361111
9,59,0.00044449069537222385,0.0006151990965008736,0.5292453826209645,0.42935663726594714,0.9825116946373457,0.9828504774305555
9,60,0.00043065741192549467,0.0006867735064588487,0.5518547359807991,0.3855664968490601,0.9827184606481482,0.9818901909722222
9,61,0.0004246069001965225,0.000598043785430491,0.5547674240889373,0.45705513026979233,0.9826388888888888,0.9813639322916666
9,62,0.00041774529381655157,0.000601306208409369,0.5675639445399061,0.43920791149139404,0.9827431761188271,0.9835069444444444
9,63,0.00041087911813519895,0.0006127347005531192,0.5704142252604166,0.3973992731836107,0.982958984375,0.9815972222222222
9,64,0.0004003231297247112,0.0005883971462026238,0.5803012072304149,0.4664257473415799,0.9830445842978395,0.9814507378472223
9,65,0.0003876357222907245,0.0006066407659091055,0.597030070387287,0.4249562038315667,0.9832959587191358,0.9839626736111111
9,66,0.00037079633329994977,0.0005510716000571847,0.6128917027402807,0.50097752544615,0.9838776765046297,0.9833550347222222
9,67,0.0003544585779309273,0.0005537758115679026,0.6293375709910451,0.49376367463005916,0.9841248312114198,0.9844021267361112
9,68,0.00034576805774122477,0.0005444930866360664,0.6349168929052942,0.5103447026676602,0.9843852478780865,0.9856662326388889
9,69,0.00033700387575663626,0.0005315672606229782,0.6462447188518665,0.5233709851900736,0.9844925491898148,0.9852864583333333
9,70,0.00033093951060436666,0.0005566357867792249,0.6508294052547878,0.4990305675400628,0.9846293885030865,0.9850640190972222
9,71,0.0003248743014410138,0.0005593257956206799,0.657612783084681,0.49967058897018435,0.9847589940200617,0.9854817708333333
9,72,0.0003235099429730326,0.0005855760537087917,0.6581512611589314,0.4785132090250651,0.9848536361882716,0.9846082899305556
9,73,0.000320026942063123,0.0005418499931693077,0.6613310303217099,0.511131054825253,0.9849537037037037,0.9862141927083333
9,74,0.0003122714697383344,0.0005581661825999618,0.6704835913799427,0.5082876112725999,0.9850513599537037,0.9849229600694445
9,75,0.0003170102136209607,0.0005144813330844045,0.66722695592009,0.5385063197877672,0.9850374951774692,0.9866644965277778
9,76,0.0003051306994166225,0.0005501018604263663,0.6782401530830948,0.513586593998803,0.9851423852237654,0.98525390625
9,77,0.0003140786720905453,0.0005944338627159595,0.6689510327798349,0.4760767923461066,0.9851098331404321,0.9852322048611111
9,78,0.0003031594678759575,0.0005797601188533008,0.6809985661212309,0.48632531033621895,0.9852563175154321,0.9852376302083333
9,79,0.00029874563915655017,0.000537292449735105,0.6852564367247217,0.5347676290406121,0.9853389033564814,0.9867838541666667
9,80,0.00029572914354503155,0.0005458167870528996,0.6897162063622181,0.5184595293468899,0.9853919511959877,0.9857421875
9,81,0.0002910367038566619,0.0005341468495316803,0.6933619135691795,0.5304409397972955,0.9855143229166666,0.9863661024305556
9,82,0.00028460542671382427,0.000536529696546495,0.7009274051513201,0.5326714396476746,0.9855987172067902,0.9862413194444445
9,83,0.00027745182160288095,0.0005773352459073067,0.707836984263526,0.5096375173992581,0.9858247733410493,0.9862847222222222
9,84,0.00027168364613316953,0.0005234968848526478,0.7135045662338351,0.5383803380860223,0.9859670380015432,0.98662109375
9,85,0.00026094206259585917,0.0005510408664122224,0.7238431441931077,0.5221095230844286,0.986133415316358,0.9866807725694444
9,86,0.0002552682999521494,0.0005489822360686958,0.7287832825272171,0.5234273155530293,0.9862654320987654,0.9865505642361111
9,87,0.0002526598109398037,0.0005341242649592459,0.7314336829715304,0.5399874475267198,0.9863431954089507,0.9871419270833334
9,88,0.00024920576834119856,0.000533808022737503,0.7333633518513338,0.5356142203013102,0.9864330150462963,0.98662109375
9,89,0.0002472817723173648,0.0005481940461322665,0.7366662899653117,0.5238722258143955,0.98642578125,0.9875217013888888
9,90,0.0002432041655993089,0.0005643483600579202,0.7407929101108033,0.5080048203468323,0.9865825135030865,0.9866536458333334
9,91,0.00024196080630645156,0.0005424295086413622,0.7414414887075071,0.5333371758460999,0.9866078317901235,0.9872884114583333
9,92,0.00023646892805118114,0.0005337259499356151,0.747009242316823,0.5382425692346361,0.9866650993441358,0.9876085069444445
9,93,0.00023627496557310224,0.0005415022606030107,0.7469402330893057,0.5317280411720275,0.9867778260030864,0.9875108506944444
9,94,0.000232863865676336,0.0005405980045907199,0.7501165119218237,0.5336506591902839,0.986792293595679,0.9876356336805555
9,95,0.00023174930538516492,0.0005274112336337566,0.7514103393495819,0.5424421747525533,0.9868598090277778,0.9875868055555556
10,1,0.0856940895318985,0.04051673784852028,-135.26366867018334,-59.859618716769745,0.0030574845679012344,0.0038682725694444446
10,2,0.03135082125663757,0.021755099296569824,-48.095597240071235,-31.58661583794488,0.9081229504243827,0.9919325086805556
10,3,0.01684572547674179,0.012462057173252106,-25.060627986766672,-17.527486112382675,0.9903024932484568,0.9907931857638889
10,4,0.010264966636896133,0.00939425639808178,-14.760917570561539,-13.250679328706529,0.9913767119984568,0.9904405381944444
10,5,0.007175706326961517,0.005824649706482887,-9.721964830233727,-7.469329500198365,0.9916678722993827,0.9928493923611111
10,6,0.005420134402811527,0.004682998172938824,-6.95846810164275,-5.696325069003635,0.9899625048225309,0.9896538628472222
10,7,0.0043643624521791935,0.0036854250356554985,-5.233343539708926,-4.189269076453315,0.988500072337963,0.9914442274305556
10,8,0.0035727464128285646,0.0030633490532636642,-3.9972369458940293,-3.234009379810757,0.9886055652006173,0.9907823350694445
10,9,0.0030318680219352245,0.003118066117167473,-3.163682700969555,-3.1773448520236545,0.9870701919367284,0.9844997829861111
10,10,0.002625745488330722,0.0023502763360738754,-2.554624862729767,-2.138448037041558,0.9849832417052469,0.9859646267361111
10,11,0.0023002910893410444,0.0021616723388433456,-2.0615389738553835,-1.8607685221566095,0.9844063464506173,0.9849989149305556
10,12,0.002027778886258602,0.002142569748684764,-1.6829846218780236,-1.755204407374064,0.983446662808642,0.9842502170138889
10,13,0.0018536068964749575,0.0015808073803782463,-1.3994797519695612,-1.0535155985090467,0.9825285734953704,0.9839789496527778
10,14,0.0016788600478321314,0.0015311797615140676,-1.153075102965037,-0.9574439287185669,0.9817714361496913,0.9823404947916666
10,15,0.001507733715698123,0.0014228846412152052,-0.9022317678840072,-0.7908229894108243,0.9809889805169754,0.9845106336805556
10,16,0.0014282821211963892,0.0014632302336394787,-0.7665516130718184,-0.8560769319534302,0.9806357301311729,0.9789605034722222
10,17,0.0013305677566677332,0.00129147048573941,-0.6346943141501626,-0.5982899904251099,0.9804422260802469,0.9840603298611111
10,18,0.0012491510715335608,0.001178052043542266,-0.5166745706840797,-0.4318857921494378,0.980712890625,0.9767306857638889
10,19,0.0011929827742278576,0.0010106146801263094,-0.4290324158138699,-0.24201170603434244,0.9805712287808642,0.9806911892361111
10,20,0.0011083290446549654,0.0011508148163557053,-0.31289227744679393,-0.4038059790929159,0.9801221305941358,0.9759223090277778
10,21,0.0010626495350152254,0.0011687595397233963,-0.24492547423751265,-0.37043882343504164,0.9801263503086419,0.97900390625
10,22,0.0010382734471932054,0.0009400649578310549,-0.19605286842511024,-0.13872432708740234,0.9796459056712963,0.9812228732638889
10,23,0.0009763623820617795,0.0011130062630400062,-0.12505235598411088,-0.3180978735287984,0.9801450376157408,0.9800184461805556
10,24,0.0009321406250819564,0.0010565747506916523,-0.07122115117532235,-0.23495723009109498,0.9798828125,0.974267578125
10,25,0.0009574306895956397,0.0008541825227439404,-0.07035917470484604,-0.009170475271013048,0.9798249421296297,0.9808973524305555
10,26,0.0008762170909903944,0.0008389785652980208,0.012740368166087587,0.03272381491131253,0.9804325810185185,0.9772243923611111
10,27,0.0008283347706310451,0.0009989308891817927,0.07467231985963421,-0.13371420833799574,0.9798146942515432,0.9766818576388889
10,28,0.000835007696878165,0.000810555589850992,0.06829276496981397,0.05441558625962999,0.9797465760030865,0.9838650173611111
10,29,0.0008263394702225924,0.0008239211747422814,0.07819150082858992,0.060506721337636314,0.9799515335648148,0.9812554253472222
10,30,0.0007739139837212861,0.0008038664236664772,0.14902561181857263,0.08310027519861857,0.9800166377314815,0.974853515625
10,31,0.0007825620705261827,0.0008262578048743308,0.15645447145273655,0.05028700431187948,0.9790014949845679,0.9774576822916666
10,32,0.0007509069400839508,0.0007019927725195885,0.18312619394726223,0.20760892894532945,0.9794578269675925,0.9848253038194444
10,33,0.0007228946778923273,0.0007378223235718906,0.21798800539087365,0.18525930643081664,0.9799913194444444,0.9792100694444444
10,34,0.0006928438670001924,0.0007157031213864684,0.25397149957256554,0.19361228148142498,0.9799732349537037,0.9775553385416667
10,35,0.0006797530222684145,0.000734321482013911,0.27306875431979144,0.1924094107415941,0.979662784529321,0.9813530815972222
10,36,0.0006850847275927663,0.0007456139428541064,0.27328953949021706,0.167082236872779,0.9798442322530864,0.9833658854166667
10,37,0.0006607164978049695,0.0006372941425070167,0.31006246716887864,0.2913779536883036,0.9799382716049383,0.972119140625
10,38,0.0006564301438629627,0.0006843096343800426,0.3007888462808397,0.2529524829652574,0.9793686101466049,0.9810763888888889
10,39,0.0006150320987217128,0.0006741572869941592,0.3487159231562673,0.254359413517846,0.9798990885416666,0.9794596354166667
10,40,0.0006350880721583962,0.0006736065843142569,0.325017179236,0.25530733797285293,0.979906925154321,0.9827745225694444
10,41,0.0006033499375917017,0.0005907914601266384,0.3710807177755568,0.35889272822274104,0.9800950038580247,0.9819769965277778
10,42,0.0005720681510865688,0.0006569825345650315,0.4052519648163407,0.2849903027216593,0.9803964120370371,0.9759548611111111
10,43,0.0005565426545217633,0.0005745197413489223,0.4208574770409384,0.3761677079730564,0.9800654658564815,0.9832628038194444
10,44,0.0005639020819216967,0.000583284068852663,0.409626430493814,0.3774714668591817,0.9803722993827161,0.9779513888888889
10,45,0.0005440446548163891,0.0008466461440548301,0.4429589688042064,0.08267839484744602,0.9804627218364198,0.9778049045138889
10,46,0.0005563651211559772,0.0006214454770088196,0.423823047125781,0.32497021357218425,0.9804150993441358,0.9802897135416667
10,47,0.0005326095269992948,0.0006503412150777876,0.4521048744519552,0.27560669316185843,0.9806936005015432,0.9796549479166666
10,48,0.0005231662653386593,0.0006093847332522273,0.460869327739433,0.3533307817247179,0.980470558449074,0.9812554253472222
10,49,0.0004954590694978833,0.0005720062181353569,0.4888948976257701,0.39431055651770697,0.9806315104166666,0.9844780815972223
10,50,0.0004962171660736203,0.0005659941234625876,0.4941105679229454,0.40121473868687946,0.9808485243055556,0.9802354600694444
10,51,0.0004736380069516599,0.0005542992730624974,0.5155235889517231,0.40808629989624023,0.9810094762731482,0.981201171875
10,52,0.00046187269617803395,0.0005779271596111357,0.5301390590491118,0.38364163239796956,0.981199363425926,0.9793511284722223
10,53,0.00045807415153831244,0.0005957827088423073,0.5309791791586228,0.37262649403678044,0.9811782648533951,0.9835720486111111
10,54,0.0004352345713414252,0.0005408013239502907,0.5569696613299994,0.4229242947366503,0.981469425154321,0.9818033854166667
10,55,0.00041907111881300807,0.0005201583262532949,0.5729805866877238,0.45343679719501073,0.9814145688657407,0.9828993055555556
10,56,0.00041637811227701604,0.0005806462140753865,0.5699153112776485,0.3819916248321533,0.9820674189814815,0.9798773871527777
10,57,0.0004148049920331687,0.0005312061402946711,0.5687688906987508,0.45295890039867825,0.9818932050540123,0.9842176649305555
10,58,0.0004336842685006559,0.0005184672772884369,0.5546157873707053,0.4445927209324307,0.9818100163966049,0.9813856336805555
10,59,0.0004086103872396052,0.0004653640207834542,0.5842016517380137,0.5060460686683654,0.9820505401234568,0.984033203125
10,60,0.00038954205228947103,0.0005424810224212706,0.6023990754727964,0.4177631272210015,0.9823266300154321,0.9817003038194444
10,61,0.0003637158952187747,0.0006360691040754318,0.6240709344546,0.3178073154555427,0.9826491367669753,0.981201171875
10,62,0.0003870590589940548,0.0006055657286196947,0.6039360568847185,0.33749263286590575,0.9823079427083333,0.9809027777777778
10,63,0.0003772964410018176,0.0005036079091951251,0.6115895851158801,0.47594421837064954,0.9826123649691358,0.9842230902777778
10,64,0.000348450499586761,0.0005557266995310783,0.6408408144373953,0.41306480566660564,0.9829903308256173,0.9815592447916667
10,65,0.0003523167397361249,0.0004961040685884655,0.6396263752454593,0.48029866483476424,0.9824279031635802,0.982470703125
10,66,0.00035047807614319026,0.0004896568134427071,0.6445263401961621,0.49404760599136355,0.9828999083719135,0.9848958333333333
10,67,0.00033467335742898285,0.0005565303144976497,0.6582094973988003,0.41214923991097346,0.9830891927083333,0.9847222222222223
10,68,0.0003050838131457567,0.0005191534874029458,0.6867243186927136,0.4544064323107401,0.9836570457175926,0.9862141927083333
10,69,0.0002812414604704827,0.0004893430159427226,0.7113100995252162,0.4879432691468133,0.9844021267361112,0.9865234375
10,70,0.0002705677761696279,0.0005180689040571451,0.7231001343256162,0.45694467094209457,0.9846969039351852,0.98623046875
10,71,0.0002694095019251108,0.000479679845739156,0.7229819506774714,0.4986953987015618,0.984912712191358,0.9868435329861112
10,72,0.00025883509078994393,0.000455486006103456,0.7335912270310484,0.5288571702109442,0.9850157937885803,0.9871636284722223
10,73,0.00025500147603452206,0.0004782406031154096,0.7387574425450077,0.501824696858724,0.9852707851080247,0.9863986545138889
10,74,0.00025687733432278037,0.000492804916575551,0.7370253947046068,0.49233508110046387,0.9852593315972222,0.9867784288194444
10,75,0.00025007393560372293,0.0004952849121764302,0.7406996578346065,0.4820239424705505,0.9854094328703704,0.9877766927083333
10,76,0.0002443623961880803,0.000504721945617348,0.7501234338607317,0.46738243897755943,0.9856131847993828,0.987451171875
10,77,0.00024660577764734626,0.0004915754543617368,0.7474954574196427,0.4858356767230564,0.9856541763117284,0.987548828125
10,78,0.00024514677352271974,0.0005004605045542121,0.7470230639716725,0.4713478061887953,0.9856421199845679,0.9883463541666667
10,79,0.00023747941304463893,0.0004872250137850642,0.7541351322774534,0.4955873449643453,0.985815731095679,0.9879231770833333
10,80,0.00023009076539892703,0.00047209073090925813,0.7623127235306634,0.509373758898841,0.98603515625,0.9878960503472223
10,81,0.00022113590966910124,0.0004948667483404279,0.770754666240127,0.4886083987024095,0.9861611448688271,0.9882541232638888
10,82,0.00021051507792435586,0.0005114579107612371,0.7813452735359286,0.4720726635720995,0.9863823784722222,0.9879231770833333
10,83,0.0002048439928330481,0.0005026212311349809,0.7859175503989797,0.4859129230181376,0.9866054205246914,0.9884385850694445
10,84,0.00020057387882843614,0.0005066444864496589,0.7906914765452161,0.4783062736193339,0.9867247781635803,0.9887586805555556
10,85,0.00019788458303082734,0.0004973956965841353,0.7930305065932097,0.488697165913052,0.9868356963734568,0.9888671875
10,86,0.00019672785128932446,0.0005142107838764787,0.7932912816236048,0.4718460347917345,0.9868989920910494,0.9888400607638889
10,87,0.0001939796784427017,0.0005025078426115215,0.7962749743167264,0.4823611391915215,0.9869598765432098,0.9887966579861112
10,88,0.00019438192248344421,0.0005096271634101868,0.7962760756045212,0.47268363899654814,0.9870756172839507,0.9887641059027777
10,89,0.0001896929752547294,0.0005163759924471378,0.8001306639777289,0.47141501506169636,0.9872100453317901,0.9889377170138889
10,90,0.00018362337141297758,0.0005011853063479066,0.8069372636300546,0.4882618612713284,0.9872040171682098,0.9892306857638888
10,91,0.00018099253065884113,0.000508996017742902,0.809470823959068,0.4792281031608582,0.9873908902391976,0.9893608940972223
10,92,0.00018035309039987624,0.0005060521070845425,0.8098376360940345,0.48248195780648123,0.9874216338734568,0.9894205729166666
