Fold,Epoch,Train_Loss,Val_Loss,Train_R2,Val_R2
1,1,0.09184804424459551,0.01678427697883712,-145.75997043185765,-26.47601254781087
1,2,0.02029462062328318,0.003596172461079227,-29.789585312501885,-4.627849086125692
1,3,0.011712469682557347,0.0017553084736896885,-16.65205192507049,-1.569830854733785
1,4,0.008948416805561677,0.001188558821255962,-12.403423643112182,-0.6331792222128974
1,5,0.007700345819287094,0.0010508820595633653,-10.508140629603538,-0.424796814388699
1,6,0.006902761298611208,0.0010054687245024574,-9.279645962185329,-0.3362031724717882
1,7,0.006319368323656144,0.0010218936225606335,-8.321830144929297,-0.3763386143578423
1,8,0.005806962944521213,0.0009943086783298187,-7.549156016479304,-0.32603296438852947
1,9,0.005410584832691116,0.0009985436788863605,-6.907489399851104,-0.3368194686041938
1,10,0.005039880565011207,0.000977544988402062,-6.3242743498013345,-0.30802198780907525
1,11,0.004686013156157217,0.0010024140873509976,-5.776172497243057,-0.345089586575826
1,12,0.004379675000400087,0.0009844683136584031,-5.326938222661431,-0.313162718878852
1,13,0.00403249206389358,0.000977257077789141,-4.7822925405737795,-0.3020295831892226
1,14,0.0037854575316341203,0.00098334940460821,-4.434278726283415,-0.3113057878282335
1,15,0.003510230619253384,0.0009727529974447357,-4.006921266920773,-0.294170183605618
1,16,0.0032565132542340842,0.0009553584308984379,-3.601362164520923,-0.2633822176191542
1,17,0.003028295490959728,0.0009480905719101429,-3.2277976718949684,-0.24881282912360297
1,18,0.002797472437866676,0.0009239061140558786,-2.847784141257957,-0.20911985768212213
1,19,0.002647461806550438,0.0009441551700648334,-2.6337242459073478,-0.2437480396694607
1,20,0.0024557438868753334,0.0009436851212133964,-2.336284650107961,-0.24446495903862847
1,21,0.0023135667206880487,0.0009190521461682188,-2.1390906033692536,-0.2036154058244493
1,22,0.002179002429554124,0.0009056499978113506,-1.917239625071302,-0.1807427340083652
1,23,0.002052012692136621,0.0009093113722176188,-1.7237757453212033,-0.18548663192325168
1,24,0.001960072593682986,0.0009048005242625045,-1.5582552983437055,-0.17851914167404176
1,25,0.0018673669078306835,0.0009046336338441405,-1.4343285999180357,-0.1767751998371548
1,26,0.001780300292784325,0.0008948946643310289,-1.2812326478369442,-0.16046138869391546
1,27,0.0017073238834761726,0.0008788537738534312,-1.1874514900607827,-0.1339388993051317
1,28,0.001645498560672557,0.0008743070324675904,-1.0862921308588098,-0.1254244261317783
1,29,0.0015886935761865275,0.0008761508222151961,-0.9990050262875028,-0.12813486125734116
1,30,0.0015299087033871514,0.0008713768950353066,-0.8905845294764012,-0.11902216275533041
1,31,0.0014767680481007253,0.0008599825281028947,-0.8302549320974467,-0.10056733555263943
1,32,0.001437899619800809,0.0008615152975026933,-0.7544669483914788,-0.10433596902423435
1,33,0.0014080336182320744,0.0008595163714037173,-0.7208788812896352,-0.10026877853605483
1,34,0.0013778278969205273,0.0008532504745138188,-0.6648008749808794,-0.08800148831473456
1,35,0.0013402956655754904,0.0008519717298137645,-0.6003413995107015,-0.08527672555711534
1,36,0.0013023656091572327,0.0008480759479829835,-0.5474149447900277,-0.07869054211510552
1,37,0.0012980097539745915,0.0008494237140338454,-0.5342420433774406,-0.08173600170347425
1,38,0.0012738733017748152,0.0008456033473420474,-0.503554203775194,-0.07412323554356894
1,39,0.0012506088744963944,0.0008399703151856859,-0.46312152368051035,-0.06582008600234986
1,40,0.0012293760796985877,0.000837132839175562,-0.4334033618738622,-0.060961071650187174
1,41,0.001214835162125068,0.0008352135476242337,-0.40971914073567334,-0.05785409344567193
1,42,0.0011969553791044028,0.0008363199213312732,-0.38149807570893085,-0.059296985467274986
1,43,0.0011812973733025568,0.0008323302518369423,-0.36487386579866765,-0.05218515263663398
1,44,0.0011678220321895715,0.0008316371732184456,-0.3461748358644085,-0.05217472447289361
1,45,0.0011570626496118896,0.0008292045250224571,-0.31222564585414936,-0.04788204299079047
1,46,0.0011468617898055618,0.000828177042098509,-0.3011823030165684,-0.044672988520728214
1,47,0.001126741313226061,0.0008233198301038808,-0.26940851711932523,-0.03746809694502089
1,48,0.0011309169649640902,0.0008251870361467203,-0.2843083313953729,-0.041041464275783965
1,49,0.0011135778648571836,0.0008217172645446327,-0.25167035085183603,-0.03526775439580281
1,50,0.0011018930655547683,0.000824813269233952,-0.22982603679468602,-0.03992379638883803
1,51,0.0010948155638704328,0.0008234865691823264,-0.23172717741978022,-0.03696352375878228
1,52,0.0010861162508745896,0.0008180014827909569,-0.21223576466242472,-0.02871534956826104
1,53,0.001073308513833233,0.000816809310991731,-0.19334034272182135,-0.02619103855556912
1,54,0.001075759239172862,0.0008228761557903555,-0.21029536885979735,-0.036686411168840194
1,55,0.0010967290500339903,0.0008223091588459081,-0.21795778142081368,-0.03514129850599501
1,56,0.0010741897700584414,0.0008200250591875778,-0.1946847137109733,-0.03187256654103597
1,57,0.001059928407639633,0.0008195070355820159,-0.16678601047139108,-0.031036048465304906
1,58,0.0010528603689400134,0.0008164939186018374,-0.16790867543514865,-0.02621715201271905
1,59,0.0010414612798572138,0.0008111937721777293,-0.14411023811057763,-0.018323209550645616
1,60,0.0010618187409515182,0.0008112414080339174,-0.18144694875787806,-0.018129387166765
1,61,0.0010380796228684945,0.0008131265873089433,-0.1399493302828,-0.021040663454267715
1,62,0.0010420347385706357,0.0008165894321993821,-0.1450682235352787,-0.026593217584821912
1,63,0.0010290242369390195,0.0008099094550642703,-0.1286741163995531,-0.016612287362416586
1,64,0.0010277415907447352,0.000812277544496788,-0.12609641846315361,-0.02071688969930013
1,65,0.0010225100761831359,0.0008084421796310279,-0.12066979187506216,-0.014560602770911323
1,66,0.001020740460385971,0.0008074830493165387,-0.12224778687512433,-0.013102102279663085
1,67,0.0010125060850340458,0.0008069368454420732,-0.10979465099028599,-0.011851623323228625
1,68,0.0010233134333113277,0.0008094776473525498,-0.13314793154045387,-0.015457606315612793
1,69,0.0010077643691113701,0.0008076051534670922,-0.10044808917575412,-0.013443291187286377
1,70,0.0010015912486217272,0.0008079512743279337,-0.09349000115453461,-0.013004263242085775
1,71,0.0010021603097104363,0.0008058746500561635,-0.09182694370363965,-0.009922138849894206
1,72,0.0010016106533312042,0.0008033257857378986,-0.0903554265881762,-0.006475566493140327
1,73,0.0009989570456924906,0.0008060463665363689,-0.09354728268988338,-0.010632501708136665
1,74,0.0009928291525553774,0.0008056667141823305,-0.0733344833056132,-0.010492085085974798
1,75,0.0009928613941380638,0.0008045687922276556,-0.0694012466772103,-0.008267160256703694
1,76,0.0009858722771218988,0.0007975624318027662,-0.0662502486028789,0.0019122693273756239
1,77,0.0009797671252148755,0.0008031556537995736,-0.05976392133736316,-0.007771774133046468
1,78,0.0009776395814562286,0.0007993858747391237,-0.05736981600890925,-0.0013672696219550239
1,79,0.000978529512491307,0.000802747725457367,-0.059094498186935615,-0.00710703796810574
1,80,0.0009713589656454178,0.0007976775950131316,-0.050283030816066415,0.0001551879776848687
1,81,0.000966641430478589,0.0007977252774354484,-0.04578031316215609,0.0015459100405375162
1,82,0.0009694071250887197,0.0007956089296688637,-0.050942352966026026,0.003548982408311632
1,83,0.0009637098745040503,0.0007966517030985819,-0.042649305308306656,0.0020388907856411405
1,84,0.0009613471387391105,0.0007968954263358481,-0.03698294192184637,0.0008972419632805719
1,85,0.000962405497305969,0.000796111648540116,-0.036863916597248594,0.0021868970659044053
1,86,0.0009554682089659719,0.0007943170985931324,-0.02978518377115697,0.005280476146274143
1,87,0.0009556447533764129,0.0007942232096360789,-0.03252559252727179,0.005808977286020914
1,88,0.0009527914421517908,0.0007950264572476347,-0.031286215046305715,0.004114234447479248
1,89,0.0009679534481148477,0.0007928047355057465,-0.03948595200055911,0.007015266683366564
1,90,0.0009480990909246934,0.0007914273094178902,-0.022580898838278688,0.009515957037607829
1,91,0.0009487509542075848,0.0007915401637243728,-0.023984880211912557,0.008995999230278863
1,92,0.0009457026338089763,0.0007888307109371656,-0.02336424736329067,0.013350900014241536
1,93,0.0009394452120982294,0.0007925263968192868,-0.01177618400550183,0.006966651810540093
1,94,0.0009388626521499253,0.0007899420297083755,-0.011101390844509925,0.011483199066585965
1,95,0.0009358386500497107,0.0007901078775628573,-0.007325036731767065,0.011267415682474772
1,96,0.0009341987946507647,0.0007888217805884778,-0.0056136372648639445,0.011932648552788628
1,97,0.0009312542080649255,0.0007893754065864616,-0.0018272127634213296,0.011093325085110135
1,98,0.000939617645898029,0.0007876915701975425,-0.004436959013526822,0.013215691513485379
1,99,0.0009269844269219004,0.0007851883639684982,0.000740117202570409,0.017465784814622666
1,100,0.0009290546265051321,0.0007844069093051884,-8.406859857064706e-05,0.019022270043691
1,101,0.000923914908155523,0.0007852981332689523,0.0022425682456405074,0.017026948928833007
1,102,0.0009201471133295585,0.0007827393723548287,0.010198244194925567,0.020782711770799427
1,103,0.0009170652495087757,0.0007826501658807198,0.013858983251783584,0.02124289009306166
1,104,0.0009139014288702589,0.0007835727728282411,0.01593104056370111,0.018590799967447915
1,105,0.0009127758723614668,0.0007829095508592824,0.019703268857649815,0.020263251993391247
1,106,0.0009112559419907169,0.0007844792575471931,0.022389221485750174,0.017563193374209935
1,107,0.0009216083213686943,0.0007818373709192706,-0.0009551815044732742,0.021239707205030652
1,108,0.0009049260248660029,0.0007796817873087195,0.027433234085271388,0.024768523375193276
1,109,0.0009065878719815777,0.0007781013122035397,0.023773992355958916,0.027046374479929605
1,110,0.0009040731108850903,0.0007797747979768449,0.026552789741092257,0.024304676055908202
1,111,0.0009037926931072164,0.0007827277010720637,0.02792517829824377,0.018826606538560657
1,112,0.0009075769020623907,0.0007777189991126457,0.02234028371763818,0.02710419495900472
1,113,0.0008980614595966022,0.0007768642377211815,0.03640232512980331,0.02894354131486681
1,114,0.0008950337172589369,0.000777168987163653,0.038793243302239315,0.027442448669009738
1,115,0.0008940764889695946,0.0007765757346836229,0.03954289268564295,0.029133816560109455
1,116,0.0008918011658767491,0.0007766431559705072,0.04091937291769334,0.02844488753212823
1,117,0.0008917772846388412,0.0007747604550483327,0.04230858116974065,0.030714412530263264
1,118,0.0008881654639233961,0.0007745074832604991,0.04463231916780825,0.031002859274546306
1,119,0.0008878535593940336,0.0007741705902541677,0.04500484569573108,0.032409595118628606
1,120,0.0008861849264149772,0.0007740409488582777,0.04569134771088023,0.032815791500939266
1,121,0.0008837919695199364,0.0007737641572020948,0.051620491787239355,0.03241469462712606
1,122,0.0008812359744039031,0.0007739941744754711,0.05118641308796259,0.03160503307978312
1,123,0.0008825628633070507,0.000774402422313061,0.05024678662971214,0.03135957717895508
1,124,0.0008787895981107413,0.0007715561828162107,0.055749012658625474,0.0363448593351576
1,125,0.0008807177316213463,0.0007727412584548195,0.05421066917019126,0.033616134855482316
1,126,0.000876034680110069,0.000770989495019118,0.057153843214482435,0.03537840313381619
1,127,0.0008762568850530151,0.0007730441543066667,0.05564647456746043,0.032141829861534965
1,128,0.0008734940805610407,0.0007695055385637615,0.058612694710861016,0.03761916293038262
1,129,0.0008797564460424546,0.0007703269560200473,0.04378326719189868,0.036387994554307725
1,130,0.000870750439611988,0.0007685173367564049,0.06429992619855904,0.03916727172003852
1,131,0.0008680857730925911,0.0007671155371806687,0.0647263546048859,0.04078245692782932
1,132,0.0008665279769856069,0.0007662638465666937,0.06587931256235381,0.04217127561569214
1,133,0.0008639432735637659,0.0007659186143428087,0.07007611357135538,0.04154228501849704
1,134,0.0008666849994089132,0.0007654976655936075,0.06822598215974407,0.04225791030459934
1,135,0.0008628440655790913,0.0007641084634491967,0.0738302007133578,0.0443273663520813
1,136,0.000861591357956238,0.0007660018707004686,0.07328346231837332,0.041119176811642115
1,137,0.0008573353290557862,0.0007644584661142693,0.07556832940490157,0.043495168950822616
1,138,0.0008562468733914472,0.0007629019596303503,0.07887889897381818,0.04656897915734185
1,139,0.0008548423281387875,0.0007634938203005328,0.08132740362190906,0.04538804292678833
1,140,0.0008507514657038781,0.0007610343306118416,0.08390302025241617,0.04886973434024387
1,141,0.000855154288576249,0.0007643941479424636,0.08253231445948282,0.04261280165778266
1,142,0.0008526704534255888,0.0007616080796449549,0.08058272276395632,0.047362433539496526
1,143,0.0008494806513305248,0.0007616899597148101,0.08111060813621239,0.0469386617342631
1,144,0.0008484750470135039,0.0007603218300371534,0.08677968507931556,0.04818006621466742
1,145,0.0008475048559499376,0.0007608299130677349,0.08731853697035048,0.04865288072162204
1,146,0.0008448640545715152,0.0007596550341178146,0.09169123540689916,0.04953652355406019
1,147,0.0008467853961822888,0.0007596425155902074,0.09012404915727215,0.04963673485649957
1,148,0.0008409569527160515,0.0007595639766400887,0.09459380279352636,0.04907237556245592
1,149,0.000840227616617433,0.0007592364783502287,0.09489671036049172,0.04997927877638075
1,150,0.0008365898234999658,0.0007612406405516797,0.09971572160720825,0.04622114764319526
1,151,0.0008421069184996556,0.0007587386851405931,0.09467799163159028,0.04992490079667833
1,152,0.0008366518521704424,0.0007585667591128084,0.09735055646778625,0.04983208179473877
1,153,0.0008359436588189392,0.0007568552779654661,0.09687734945320789,0.052448650201161705
1,154,0.0008337104615444938,0.0007570027567756673,0.10151824480221595,0.05220166047414144
1,155,0.000830517530751725,0.0007564426322157184,0.10366371708151735,0.05277691152360704
1,156,0.0008283912819338801,0.000753826862718496,0.10691002033374927,0.05679115454355876
1,157,0.0008259611885511765,0.0007544105290435254,0.11041825568234478,0.055205546485053165
1,158,0.0008245530653239032,0.000755218300037086,0.11146822255334736,0.05355310042699178
1,159,0.00082590090625425,0.0007539367406732506,0.10845428101810409,0.0555014967918396
1,160,0.0008224448840202833,0.000752515561826941,0.11040079593658447,0.05812746153937446
1,161,0.0008205572731022574,0.0007521192284507884,0.11422851453592747,0.058036094241672095
1,162,0.0008191336269697382,0.0007505931904435985,0.11537227424574487,0.06069128380881415
1,163,0.0008178251713548821,0.0007499678060412407,0.11751916217215268,0.0618293113178677
1,164,0.0008158798859868613,0.0007519407741104563,0.11793280442555745,0.05670968426598443
1,165,0.000817093124360214,0.0007496587556993795,0.11279852434440896,0.06124266915851169
1,166,0.0008110401525311632,0.0007491926779039204,0.12366001238057643,0.062086402045355905
1,167,0.0008110476784224127,0.0007488997278010679,0.1213748793543121,0.06199510097503662
1,168,0.0008070795599911592,0.0007486374583095312,0.12873089961063713,0.06215253538555569
1,169,0.0008088193372478363,0.0007496187722103463,0.12646323574913873,0.060223710536956784
1,170,0.0008059517887168,0.0007482499013551408,0.12756306816030433,0.06240186161465115
1,171,0.0008053314254078784,0.0007479453692212701,0.12997782465852337,0.06214646365907457
1,172,0.0008059740957608562,0.0007465024802109434,0.12680014901691014,0.06521587504280937
1,173,0.000800697105637763,0.0007460034491183857,0.13412249412065672,0.0653250363137987
1,174,0.0007990597202557565,0.000748531550117251,0.13639764035189594,0.06157424052556356
1,175,0.0007972656136930541,0.0007439096432386173,0.1371115372504717,0.0677478035291036
1,176,0.0007966957895809577,0.0007474230731733971,0.13803648477719155,0.0632472448878818
1,177,0.0007951942651912018,0.0007434126972738239,0.13884248851258077,0.06835369004143609
1,178,0.0007926312280979789,0.0007423907544256912,0.14080232867488154,0.06975534227159289
1,179,0.0007909441315051582,0.0007454028249614769,0.14201108908947604,0.06607888407177395
1,180,0.0007898469823470086,0.0007467074048084517,0.1441403181464584,0.06285047133763631
1,181,0.0007858134659559086,0.0007439954878969325,0.14766173951419784,0.065800584687127
1,182,0.0007848552668202715,0.000742895244103339,0.14963732221980153,0.06745837397045559
1,183,0.0007838040190737373,0.000743784507115682,0.1484947841844441,0.06607368787129721
1,184,0.000783321047546687,0.0007428982450316349,0.15203239343784475,0.0675791170861986
1,185,0.0007807431956695646,0.000741580182996889,0.15127275799527581,0.06954261329438952
1,186,0.000775146488542956,0.0007392308403116961,0.1566687985702797,0.07387625773747762
1,187,0.000776724682626441,0.0007430947851389646,0.1571251031793194,0.06702029307683309
1,188,0.0007757728179215373,0.0007458576880809333,0.1526713150518912,0.06195388370090061
1,189,0.0007703865944396382,0.0007398007748027642,0.16380353503757053,0.07166786988576253
1,190,0.000768186143214274,0.0007360740293127795,0.16422824962639515,0.07739486032062107
1,191,0.0007664428910321016,0.0007406904413882229,0.16785901946786008,0.07032255066765679
1,192,0.0007657507875715785,0.0007426267813166811,0.16706784625112275,0.0665417750676473
1,193,0.0007673798166330398,0.0007358377294925352,0.1636252307597502,0.07879222631454467
1,194,0.0007609875760627566,0.0007402540132817295,0.171910133332382,0.07037995921240912
1,195,0.0007593979668102147,0.0007375120288795895,0.17327871999622863,0.07556592358483208
1,196,0.0007666508146895118,0.000745513768763178,0.16425843592043277,0.06139132446712918
1,197,0.0007595414747081604,0.0007452173598317636,0.17099013828936918,0.06233902507358127
1,198,0.0007555158874939805,0.000744249466030548,0.17764280887297643,0.06377034054862128
1,199,0.0007552457875629634,0.0007444630079488788,0.17633505676999503,0.0637289351887173
1,200,0.0007506806095832108,0.0007392257503751251,0.18068082052984355,0.07086098856396145
1,201,0.0007506051133846704,0.0007404286517865128,0.1761392162169939,0.06791863441467286
1,202,0.0007465651148159839,0.0007448222953826189,0.18238763073344288,0.06270719104342991
1,203,0.0007480806905350843,0.0007429135614074767,0.18121063002833612,0.06447418398327298
1,204,0.0007459368575421841,0.0007380633666697476,0.1853599794117021,0.07152040004730224
1,205,0.0007430695007371222,0.0007360967613446216,0.18550045048749006,0.07448253631591797
1,206,0.0007366701158591443,0.0007324358901112444,0.19267565159150113,0.08114100959565905
1,207,0.0007353373636480099,0.0007352334912866354,0.1941141630396431,0.07684387630886502
1,208,0.0007329111532193184,0.0007383683605843948,0.1949330793486701,0.071990614467197
1,209,0.0007329591488132231,0.0007355979203970895,0.19671613213456707,0.07626131772994996
1,210,0.0007324577429918227,0.0007411299739032984,0.1958128731927754,0.06826665666368273
1,211,0.0007316792106405361,0.000739195522490061,0.1975099476767175,0.06998847325642904
1,212,0.0007305210526676181,0.0007304871765275796,0.19542022222354088,0.08380642467074924
1,213,0.0007288415227832709,0.0007443806466956933,0.19762295528694435,0.06201128959655762
1,214,0.0007240155779319689,0.0007354399499793847,0.20425247086419,0.07609565258026123
1,215,0.000727546557692098,0.0007472847549555203,0.20078667372833064,0.059101537863413496
1,216,0.000721223737159169,0.0007322333546148406,0.20409484100930483,0.08178670406341552
1,217,0.0007189885897124992,0.0007424335525785055,0.20779395029868608,0.06562336153454251
1,218,0.0007167326099595722,0.0007294132995108763,0.210248499593617,0.08626483413908216
1,219,0.0007203829733447896,0.000730117795885437,0.20416602470256665,0.08406270080142551
1,220,0.000718379597162345,0.0007323273160080943,0.20648624293598128,0.08099666436513266
1,221,0.0007119868547126743,0.0007312113056994146,0.21432111160254771,0.08131232526567247
1,222,0.0007163897122221965,0.000743914489996516,0.20496763667942566,0.061667397287156846
1,223,0.0007118880771744398,0.0007318346075610154,0.21311357742474402,0.08205121888054742
1,224,0.000708687838661358,0.000749669498246577,0.21568530871544356,0.05174113114674886
1,225,0.0007110178027945904,0.0007349588921190136,0.21295504717179287,0.0762939347161187
1,226,0.0007089683280130963,0.0007421907102171746,0.2142630688938094,0.06471345292197334
1,227,0.0007017679900551836,0.0007298504015327328,0.22255656012782343,0.08342175616158379
1,228,0.0006990257246753224,0.0007355160894803702,0.22200781754505486,0.0758870628145006
1,229,0.0006960350991353208,0.0007298591701934735,0.22739252102227858,0.0854071299235026
1,230,0.0006977134667348439,0.0007466151637749539,0.2242024960341277,0.05820789602067736
1,231,0.0006971813199386276,0.0007304125374907421,0.22345823078979682,0.08216932482189603
1,232,0.0006941742513811699,0.0007361814444367256,0.22961908402266326,0.07347741524378458
1,233,0.0006967998191679793,0.0007358679030504492,0.22549066381689942,0.07493940194447836
1,234,0.0006889948430241166,0.0007308858614932332,0.23027236078992303,0.08233313825395372
1,235,0.0006859641348264744,0.0007347495346847507,0.23535860938790404,0.07628790007697211
1,236,0.0006860653113826741,0.00072587439402317,0.23311316702100965,0.0882983922958374
1,237,0.0006827828734480764,0.0007458992121327254,0.23682659849708462,0.05943276087443034
1,238,0.0006943249293131593,0.0007276199796857933,0.2298258504749816,0.08662634558147854
1,239,0.0007278627085062549,0.0007497086875244148,0.20427946190775176,0.05236474805408054
1,240,0.0007148591192140256,0.0007329520924637715,0.21172857740778983,0.07586547136306762
1,241,0.0006948922878637174,0.0007320416172862881,0.22597445617487402,0.07559803459379408
1,242,0.0006836049176787061,0.0007281344060579108,0.23856134311652477,0.08393400642606948
1,243,0.0006772302160108531,0.0007290844339877367,0.2429601628103374,0.08184264765845405
1,244,0.0006736712928366974,0.0007268680945142276,0.2459173458593863,0.08573395013809204
1,245,0.0006709209375980275,0.0007270852828191386,0.24755034667474252,0.08563078906801012
1,246,0.0006697763415789347,0.0007319975178688764,0.24838538022688877,0.0781388799349467
1,247,0.0006675581740974276,0.0007298539974726736,0.24875867307921987,0.08140022092395359
1,248,0.0006640383884609666,0.0007328958418737683,0.2527833725199287,0.07760019699732462
1,249,0.0006607882468673734,0.0007257371856313613,0.25750860417330707,0.08744282854927911
1,250,0.0006612717475811088,0.0007262918334971699,0.25462633224181186,0.0872642093234592
1,251,0.0006592100180030145,0.000733841585719751,0.25621970847800923,0.07591975662443373
1,252,0.0006556335294814666,0.0007279694520143999,0.260589298201196,0.08512926896413167
1,253,0.0006556348018578173,0.0007383202745889623,0.2603741956345829,0.0681928833325704
1,254,0.0006589405185451018,0.0007282701424426503,0.25324879163577235,0.08458394077089097
1,255,0.000654048044062047,0.0007237327608486844,0.26129720829151293,0.09178722037209405
1,256,0.0006525093134791579,0.0007293565483349893,0.2613733023773005,0.08161307573318481
1,257,0.0006505501728194456,0.0007251354464743701,0.265750343269772,0.09018457598156399
1,258,0.000658759989856202,0.0007309553575598532,0.25874978024282574,0.0817351049847073
1,259,0.0006574650995007912,0.0007287255229635371,0.25568345534948655,0.08437669409645929
1,260,0.0006492911638220611,0.0007350343072579967,0.26506141115117954,0.07439307106865777
1,261,0.0006452603198093489,0.0007452731758045653,0.26881300814357806,0.06381486654281616
1,262,0.0006447244524656806,0.0007382897479045722,0.27095485822654064,0.07004715071784126
1,263,0.0006469713861732111,0.0007232392724189494,0.26931721251687885,0.0913556694984436
1,264,0.0006428114152915868,0.000747394577289621,0.2724604970143165,0.05561013354195489
1,265,0.0006424144159048152,0.0007325369916442368,0.27056128640233734,0.07775721682442559
1,266,0.0006371793705096216,0.0007306276536029246,0.27473872002260186,0.08122975163989597
1,267,0.000634173328994003,0.0007364696939475834,0.2767095810101356,0.07139206065071954
1,268,0.0006289147109333656,0.0007414947807167968,0.281831027990506,0.06659628417756823
1,269,0.0006269355800382241,0.0007290878061515589,0.2856730235947503,0.08451970153384739
1,270,0.0006296219118801808,0.0007375844715473552,0.2828013269989579,0.07168959776560466
1,271,0.0006326901431793324,0.0007358780337704552,0.2798033060850921,0.07143279049131605
1,272,0.0006293995137740341,0.0007205055017645161,0.28347652782628563,0.09502559105555217
1,273,0.0006242690109187898,0.0007383939447916216,0.28707230414873286,0.06746651331583658
1,274,0.0006223518862733962,0.0007302735220744378,0.2878795422153708,0.08062381876839532
1,275,0.0006285356850662257,0.0007269351549136142,0.28330627076419784,0.0858064572016398
1,276,0.00063038678009086,0.000727283513535642,0.282112905419903,0.08408579958809746
1,277,0.0006251987637549547,0.0007364217631725802,0.28609314141450104,0.07132221592797174
1,278,0.000619327630215313,0.0007352069861048626,0.29120702493337935,0.07262835767534044
1,279,0.0006165876691402108,0.0007307893117993242,0.2912195692827672,0.07836703062057496
1,280,0.0006142162332702198,0.0007234765759979685,0.29451357700206615,0.08856560654110379
1,281,0.0006134808126745032,0.000727695652231988,0.2949843091729247,0.08518662982516818
1,282,0.0006157320967220046,0.0007513483908648292,0.29542539001982887,0.050664948092566595
1,283,0.0006143715872176359,0.0007250063276539247,0.2966247156814293,0.085987299018436
1,284,0.0006138213318025256,0.0007304528611712158,0.2945445444848802,0.0808560914463467
1,285,0.000611876073166912,0.0007574801734234724,0.29522503879335193,0.03860915501912435
1,286,0.0006080357120717289,0.0007348415441811085,0.30099644793404473,0.0748517288102044
1,287,0.000615582690016585,0.000737957248929888,0.2923532379998101,0.06659276088078817
1,288,0.0006073469444132053,0.0007298845707231925,0.3012307133203671,0.0796511279212104
1,289,0.0006121243011022423,0.0007317328295256528,0.2939611089082412,0.07849807606803047
1,290,0.0006075197718692599,0.0007259214193456703,0.30105181932449343,0.08630843957265218
1,291,0.0005996769318575569,0.0007346366558017003,0.3094306463076745,0.07420860528945923
1,292,0.0005993288900001825,0.0007304910660928323,0.30935646104223935,0.07761764923731486
1,293,0.0005982840358981011,0.0007218412718632155,0.30597780810462105,0.09069069491492378
1,294,0.0005921461797652789,0.0007204927090141509,0.31648504586867343,0.0938124312294854
1,295,0.0005937100985995782,0.0007342824712395668,0.31144941132745624,0.0746807230843438
1,296,0.0005909931953754965,0.0007329003109286229,0.3149843716327055,0.07644060452779135
1,297,0.0005897840286639553,0.0007359545354524421,0.3166300692676026,0.07071680890189277
1,298,0.0005877677162959712,0.0007332622319356435,0.3183993207083808,0.07778157790501912
1,299,0.000585441572741134,0.0007226272175709406,0.32231226762135823,0.08871173593733046
1,300,0.0005845849086059097,0.000730191469968607,0.32057030819080495,0.07904480828179253
2,1,0.08886319855113088,0.016603241446945402,-140.92078821511916,-22.52647875679864
2,2,0.020249226797418095,0.0037929454145746097,-30.45139548925706,-3.960169061024984
2,3,0.011896903428858446,0.0019296703575592902,-17.17928280359433,-1.2935160080591837
2,4,0.00910434225505149,0.0014184844395559696,-12.876769240697225,-0.5427146063910591
2,5,0.007668313724391254,0.0012975484339727296,-10.583036683518209,-0.3707377274831136
2,6,0.006779602058461787,0.0012505999197148614,-9.177909023379103,-0.31338940461476644
2,7,0.006108439303244706,0.0012400198572625717,-8.104965892838843,-0.3077012856801351
2,8,0.00562070546740735,0.0012321819111497866,-7.364250067428307,-0.2928521262274848
2,9,0.005119056481132169,0.0012323934326155318,-6.6110243123254655,-0.2906033092074924
2,10,0.0047129216488956665,0.001217476255260408,-5.931756637420183,-0.26921605534023707
2,11,0.004281209948484177,0.0012599954381585122,-5.252709962703563,-0.32660088804033066
2,12,0.003947191940689528,0.0012124531436711549,-4.737873472696469,-0.2609498659769694
2,13,0.0035546123412334256,0.0011855638456634348,-4.147932917394756,-0.22506683932410346
2,14,0.0033064922708788036,0.0011555388130040632,-3.7589712899408223,-0.1797801971435547
2,15,0.003062556840962282,0.0011680067516863346,-3.3728918378735764,-0.19889057212405734
2,16,0.0028072393068146926,0.0011737837404426602,-2.9646693262053123,-0.20388597117529975
2,17,0.002622485091265889,0.0011542254412132832,-2.6896903564900527,-0.17989637321896024
2,18,0.0024357146922682907,0.001149086248026126,-2.3733060639581565,-0.17033570607503254
2,19,0.002283594114590942,0.00116065366504093,-2.1424601434189596,-0.1853321287367079
2,20,0.002133056023560556,0.001142986449930403,-1.925971132443275,-0.1596689158015781
2,21,0.0020487994915679283,0.0011419000517990854,-1.7904493764594749,-0.15703066719902886
2,22,0.0019321070351626401,0.0011112200303210152,-1.6185462339424792,-0.11047005388471816
2,23,0.0018335759576502038,0.0011088969755089946,-1.4337545550899742,-0.10790457725524902
2,24,0.0017419801297724063,0.0011091463009102478,-1.2867200518831794,-0.10788626273473104
2,25,0.0016729033491746695,0.0011095156323992544,-1.187266464880955,-0.11081060171127319
2,26,0.0016187967154783784,0.0010982165915063686,-1.080587065367051,-0.09272222386466132
2,27,0.0015325799061238399,0.0010963384243142273,-0.9569832004146811,-0.09122399621539645
2,28,0.0015069005519358649,0.001090479197187556,-0.9039991731996889,-0.08381684091356066
2,29,0.001444407384612678,0.0010895756538957357,-0.8262172763730273,-0.08058131138483683
2,30,0.0014001901158028178,0.0010907130548730493,-0.7388183779186672,-0.0832003672917684
2,31,0.0013702471691678152,0.0010802983797879684,-0.7132366736729939,-0.06699219677183363
2,32,0.0013402080539912905,0.0010770280483282275,-0.6507652120825685,-0.06422826713985867
2,33,0.0013163500655166529,0.0010690689449095064,-0.627817569249942,-0.05141167905595567
2,34,0.0012913981728531695,0.0010704089887440204,-0.5825837270713147,-0.055070681042141384
2,35,0.0012708481809377303,0.0010692447915466295,-0.5456588739230309,-0.05096350908279419
2,36,0.0012626218396802375,0.0010638354268545905,-0.5510643117221785,-0.044560686747233076
2,37,0.001228785131379594,0.0010671224212273956,-0.4920282405099751,-0.04838310082753499
2,38,0.0012017651880734865,0.0010580109923871027,-0.4333996915522917,-0.03720119661755032
2,39,0.0011896438793175751,0.001064351746915943,-0.41981273521611717,-0.04590348270204332
2,40,0.0011875467938313514,0.001061768759973347,-0.4004447130509365,-0.04289567073186239
2,41,0.0011636961774647604,0.0010515731241967942,-0.3736782995271094,-0.02661302619510227
2,42,0.001158699251561897,0.0010542236216780213,-0.3749450280342573,-0.03083225091298421
2,43,0.0011479368476473072,0.0010562096825904317,-0.34694499998916817,-0.033271792199876575
2,44,0.0011296586688308988,0.0010506296504495872,-0.32525019822297274,-0.024989884429507784
2,45,0.0011139252510519676,0.001049762671916849,-0.29073837289103754,-0.025007229381137423
2,46,0.0011094923231773721,0.0010478059890576534,-0.28716746392073456,-0.022756434811486138
2,47,0.001112115947978088,0.0010478356439206336,-0.2944722087294967,-0.023465744654337563
2,48,0.001095394484905733,0.0010453717058731449,-0.2657279556180224,-0.018907384077707926
2,49,0.0010902393261476616,0.001044082804583013,-0.27208321742069574,-0.017345310582054987
2,50,0.0010830529265531143,0.0010440901930754384,-0.2477146557819696,-0.017942088180118138
2,51,0.0010744753977812735,0.0010444067961846788,-0.22642385915473656,-0.019752832253774007
2,52,0.0010676853217897408,0.0010393850971013308,-0.23156898448496688,-0.011431874169243707
2,53,0.0010546047847005136,0.0010429620768667924,-0.21593269168594736,-0.015576689773135715
2,54,0.0010615571019711135,0.001040222286246717,-0.21963543479825243,-0.012661572297414143
2,55,0.0010457850199330737,0.001035745209082961,-0.19658787471276742,-0.0065981414582994245
2,56,0.001034780116579323,0.0010348934499132963,-0.17352841592129367,-0.005611121654510498
2,57,0.00103186581450526,0.0010354057497655351,-0.16745774466314434,-0.0068486319647894965
2,58,0.0010247783416330262,0.0010339523432776332,-0.1621517029809363,-0.0038240220811631945
2,59,0.0010162378143933083,0.00103363622393873,-0.1442757859642123,-0.004150368107689752
2,60,0.0010269426459009632,0.0010324103214467565,-0.1613152473061173,-0.0018910765647888184
2,61,0.0010135737385738779,0.0010321338661015034,-0.14536517902656837,-0.0033014655113220216
2,62,0.001009765916423481,0.0010291705140843988,-0.13452931804421508,0.0029348797268337673
2,63,0.0010052877055757024,0.0010302788629713985,-0.1315829090130182,-0.0005217393239339193
2,64,0.0010056476286945887,0.0010277935355487797,-0.13367593891826676,0.0018061558405558268
2,65,0.0010116768670325846,0.0010314164709092843,-0.1465093191759086,-0.0025080521901448567
2,66,0.0009953472478729155,0.0010291090830125743,-0.11773370931177964,-0.0007941484451293946
2,67,0.0010106521934546806,0.0010288158379909065,-0.1328130289360329,0.0009870423210991753
2,68,0.0009826197242939177,0.0010241572900364796,-0.09711459404156532,0.005884096357557509
2,69,0.000994700304646459,0.0010256641854842505,-0.11836954016744354,0.0061738888422648115
2,70,0.0009970506302506468,0.0010250520788960987,-0.1147770164925375,0.004591857062445747
2,71,0.0009845221849204397,0.0010260390712776117,-0.10634135258050613,0.0032396660910712347
2,72,0.000990692232189309,0.0010224301781919267,-0.10386275509257376,0.007511374685499403
2,73,0.0009737480242081263,0.0010218042725076279,-0.08606740280433937,0.00963299141989814
2,74,0.0009782251864556728,0.001020830789477461,-0.08934586548510894,0.009778114159901936
2,75,0.0009707486869215414,0.001017968501481745,-0.08391350713776953,0.012119433614942762
2,76,0.000978372317313412,0.0010187969180858797,-0.07993351309387772,0.01162522104051378
2,77,0.0009645762275559482,0.0010174436675798562,-0.06776474052005343,0.012745829423268636
2,78,0.0009595331698541104,0.0010151183594846063,-0.06889738227114266,0.01700544754664103
2,79,0.0009608159510039345,0.0010132768217267262,-0.07125459909439087,0.019012378321753606
2,80,0.0009571148403115387,0.0010119509184733032,-0.06972097982594996,0.019727540016174317
2,81,0.000963030859000153,0.0010140238717819253,-0.07494218555497534,0.01745623482598199
2,82,0.0009693285582564128,0.0010096773194770018,-0.07884724302056395,0.022977289888593884
2,83,0.0009634635554925527,0.0010124007162327568,-0.07075979606604871,0.01799972587161594
2,84,0.0009539024276302461,0.001009808216864864,-0.06072102549635334,0.019168394141727024
2,85,0.0009494912393828049,0.0010097439271501368,-0.054632878597871755,0.019999084207746716
2,86,0.0009594983027466102,0.0010081737923125426,-0.06818143055762774,0.0219950622982449
2,87,0.0009402853755832271,0.0010063820104632114,-0.04050882539631408,0.024167631732092965
2,88,0.0009495618069015535,0.0010049852025177744,-0.052584285059092954,0.025237105952368843
2,89,0.0009406778901056559,0.0010038633960195713,-0.04278787124304124,0.026949120892418757
2,90,0.0009392549030850699,0.0010039281695046359,-0.0423389161074603,0.02541490528318617
2,91,0.0009377666529164547,0.0010016616951260301,-0.03892604598292598,0.027343044016096326
2,92,0.0009338961031724825,0.0010024579112521475,-0.035919063326753216,0.027726703219943576
2,93,0.0009288540564155505,0.0009983413904491398,-0.030608210151578174,0.030940258502960206
2,94,0.0009301044035381005,0.0009997697728168634,-0.02660243246290419,0.030963281790415447
2,95,0.0009389975542248583,0.0009981807075544365,-0.05685101453168893,0.030707542101542154
2,96,0.0009299134926146103,0.0009957109978939924,-0.027451721680017166,0.03541992637846205
2,97,0.0009237400077881268,0.0009955152532913618,-0.01982587046093411,0.033634273211161296
2,98,0.0009202222075359321,0.0009952818043529987,-0.01608916727113135,0.033347123199039035
2,99,0.0009231049978507705,0.0009954671996335188,-0.02633300283808767,0.035146978166368276
2,100,0.0009152736971844678,0.0009902753298067384,-0.01044567264156577,0.03990068700578478
2,101,0.0009100160587372051,0.0009926239610649646,-0.003567117526207441,0.03608949449327257
2,102,0.000913949028795792,0.0009905438223439787,-0.009352178190961296,0.03894058068593343
2,103,0.0009104289992620455,0.0009912880486808717,-0.004935542742411296,0.0375959316889445
2,104,0.0009158928240476935,0.0009886535945244962,-0.01865571266339149,0.039791360166337754
2,105,0.0009046018826430319,0.0009883689551821186,-0.001963750668513922,0.039468007617526585
2,106,0.0009077814446451763,0.0009884527871488696,-0.004314848964596972,0.04048987759484185
2,107,0.0009062454200717678,0.0009852665644656453,-0.011836396617653929,0.04390786223941379
2,108,0.000900021988760542,0.0009835629128954477,0.0055226910261460295,0.0445311877462599
2,109,0.0009050830064720853,0.0009839798168589672,0.0037822046397644796,0.04625058571497599
2,110,0.0008947653542157769,0.0009830139331623083,0.01063289671768377,0.04614440600077311
2,111,0.0008925783549964336,0.0009850415233005252,0.015668615882779346,0.04239521026611328
2,112,0.0008916463990362338,0.000982164209967272,0.01589321619198646,0.0451301097869873
2,113,0.000889754132942561,0.0009805672181149325,0.014478037533936677,0.048278217845492896
2,114,0.0008874377592202322,0.0009772337792027328,0.020036536970256286,0.05128076606326633
2,115,0.0008864474103406623,0.0009784868349217706,0.023980127882074428,0.04983649121390449
2,116,0.0008837359264653958,0.0009755369844949908,0.022969342013935985,0.05409137540393406
2,117,0.0008842366037568377,0.0009793171749657226,0.023436001936594644,0.04807548522949219
2,118,0.0008812748411681825,0.000978488154295418,0.025991498540948937,0.048631383313073054
2,119,0.0008765783758811009,0.0009755967262511452,0.03439104939684456,0.05237795246971978
2,120,0.0008812595703524111,0.000974546529404405,0.028264958328670927,0.053341403272416855
2,121,0.0008785270490787096,0.0009721923102107313,0.03147696300789162,0.05532748831642999
2,122,0.0008748024309709392,0.0009717022482719686,0.029787310553185734,0.05718020068274604
2,123,0.0008735482269081712,0.0009727885856086182,0.03291005970519266,0.05584023396174113
2,124,0.0008747868646614621,0.0009719557400482396,0.03634853966442155,0.05603118207719591
2,125,0.0008708664108309205,0.0009727817481487162,0.039324848298673276,0.05687444607416789
2,126,0.0008671440520427293,0.0009716409323219624,0.0421231468518575,0.055829966068267824
2,127,0.0008667642141427891,0.0009724508272483945,0.03419603918805535,0.055221642388237846
2,128,0.0008686186955597849,0.0009684898450763689,0.040159858891993395,0.060108280181884764
2,129,0.0008608835895925209,0.0009695681743323803,0.04593301937903887,0.05922289556927151
2,130,0.0008594482513374569,0.0009666966934067507,0.04660132372820819,0.06089119513829549
2,131,0.0008602758222776983,0.0009692672070943647,0.04480962046870479,0.058567506737179226
2,132,0.0008543099102817108,0.0009667980277703868,0.05524521050629792,0.05938961770799425
2,133,0.000860704453288359,0.0009647503572826584,0.03779576354556614,0.06302134460873074
2,134,0.0008494162259416448,0.0009619060929657684,0.06120310756895277,0.065185546875
2,135,0.0008502283117756891,0.0009657553177223438,0.058786747632203276,0.06020816829469469
2,136,0.000855786922491259,0.0009576895817493398,0.04848051306642132,0.06952288415696886
2,137,0.0008456706780836814,0.000962159082862652,0.06236742381696348,0.06475954453150432
2,138,0.0008481925862185933,0.0009588758655202886,0.06498645617638105,0.06845166020923191
2,139,0.0008416352540622523,0.0009582011184344689,0.06844355544926208,0.06887289020750258
2,140,0.0008403442746867645,0.0009555960966584583,0.0629398778632835,0.07129548523161146
2,141,0.0008353444951712902,0.0009544770880084898,0.07489532865123984,0.07269784874386258
2,142,0.0008392013632404951,0.0009535360279389553,0.07179561176417787,0.07494095828798082
2,143,0.0008340575233573255,0.0009562104681713713,0.07715787313602589,0.07249345117145115
2,144,0.00083438141119126,0.0009544193886944817,0.07527785978199523,0.073684204949273
2,145,0.0008365124525835761,0.0009560769786023432,0.06978179687335168,0.07096805042690701
2,146,0.000831497628328011,0.0009544053903987838,0.08029963911315541,0.07250057856241862
2,147,0.0008280536211613151,0.0009542387004734741,0.08226402968536188,0.07188166777292887
2,148,0.0008310874504393633,0.0009505706800458332,0.07800670464833577,0.07429610225889417
2,149,0.0008277076098171097,0.0009575638661368026,0.0782392375263167,0.06927876075108846
2,150,0.0008321926759463954,0.0009511814375097553,0.0697933790124493,0.07538523541556465
2,151,0.0008222237407563278,0.0009524430381134153,0.08934090578997576,0.07249799569447836
2,152,0.0008195077564946755,0.0009528034715913236,0.08907061962433803,0.07230134142769708
2,153,0.0008225322644985108,0.0009471762964191536,0.08691465692755616,0.08015005323621961
2,154,0.0008152249756407131,0.0009470991052997608,0.0968581234967267,0.07818777296278212
2,155,0.0008156382260315212,0.0009501449168763227,0.09687751561035345,0.07623099618487889
2,156,0.0008146274948412161,0.0009493849861125152,0.09428011958981737,0.07770429584715101
2,157,0.0008123668209638125,0.0009430885560707086,0.09764498575234119,0.08306583695941501
2,158,0.0008079359796542077,0.000942074731251018,0.10435457553392576,0.08253723780314128
2,159,0.0008059103457245654,0.0009437406409738792,0.10579537521173925,0.08350391652848986
2,160,0.0008133454412152922,0.0009467599460751646,0.09276666788407315,0.07981621689266628
2,161,0.0008067561504661025,0.0009450983294906715,0.09985936571050573,0.08168584903081258
2,162,0.0008040194441334425,0.0009446943890199893,0.10660509709958677,0.08141391939587063
2,163,0.0008022345704555419,0.0009442855358227259,0.10747571447749196,0.08244219885932075
2,164,0.0008038377175165087,0.0009469853558888038,0.10522047134093296,0.07952339781655206
2,165,0.0007975646530358512,0.000942467943403042,0.11480110648237629,0.08317780494689941
2,166,0.0007973044140574833,0.0009437862925955818,0.11382907687881846,0.08079394499460855
2,167,0.0007933121887438091,0.0009396283706236217,0.11821157063966915,0.08505939377678765
2,168,0.0007937875697044311,0.0009375668376580709,0.11603255742861901,0.08850866158803304
2,169,0.000793031884363082,0.0009384041936654183,0.11895458433363172,0.08862087594138252
2,170,0.0007901819304988524,0.0009383907929683725,0.12227267468417133,0.08809559875064427
2,171,0.0007890679772920262,0.0009375888362733854,0.12150371236565673,0.08741293748219808
2,172,0.0007824649696560277,0.0009361459718396267,0.13063858497289962,0.08766183588239881
2,173,0.0007836470866207907,0.0009355640181133316,0.1258202620494513,0.09086938036812676
2,174,0.0007817408551438999,0.0009370791505918734,0.12821967174977433,0.08881136576334635
2,175,0.0007801131106752121,0.0009362588856472738,0.13083684503296275,0.09014371501074897
2,176,0.0007768988344864345,0.0009316615889676743,0.13350679771399793,0.09285890261332194
2,177,0.0007835235558795156,0.0009351979165027539,0.12261786534462446,0.08968034585316977
2,178,0.0007726998900546244,0.0009325179400750332,0.13893826361055728,0.09563548035091823
2,179,0.0007727620134383072,0.0009358890121802688,0.1381064810870606,0.08965862327151829
2,180,0.000775483185655357,0.0009339877740583486,0.13444348441229925,0.09134526385201348
2,181,0.0007699700233377056,0.0009356865504135688,0.1422580748428533,0.08954919311735365
2,182,0.0007736719051019553,0.0009361643835695254,0.1368456029597624,0.08616071277194554
2,183,0.0007762482568023749,0.000930597397705747,0.11871286203831802,0.09533894194497003
2,184,0.0007650383871715562,0.0009332606465452247,0.14497293748973328,0.09136321279737684
2,185,0.0007662548498181557,0.0009278583327411778,0.13784669696548837,0.09829235209359063
2,186,0.0007614938168568008,0.000926597554805792,0.14527658415429387,0.09784172111087375
2,187,0.0007593456792277226,0.0009275003724421064,0.15143708181969914,0.09788351986143325
2,188,0.0007559936829946107,0.0009248749728107618,0.15351734308548914,0.10047693252563476
2,189,0.0007538180296700218,0.0009267243582548367,0.1552351732312897,0.09996323453055488
2,190,0.0007572856470137651,0.000928322211580558,0.1512683382740727,0.09791752497355143
2,191,0.0007513624430565094,0.0009300059173256159,0.1576661792802222,0.09609468248155383
2,192,0.0007524537125222937,0.000923038283104284,0.15725642619309602,0.10127977397706774
2,193,0.0007481714108395447,0.0009229097385994262,0.1615193021150283,0.10408977932400174
2,194,0.0007467163252402786,0.0009200316103589204,0.16380351193157244,0.10578443474239774
2,195,0.0007439977733740284,0.0009288898332872324,0.16680690212014282,0.09847482442855834
2,196,0.0007438861944620716,0.0009257203498337831,0.16350269744425644,0.09918370776706271
2,197,0.0007453906736451626,0.0009264864609576761,0.1646398647331897,0.0996606601609124
2,198,0.0007402715508906561,0.0009239187321832611,0.16709264075314556,0.09880218505859376
2,199,0.0007373681322119578,0.0009227359085343778,0.17076550471929855,0.10183907217449611
2,200,0.0007365022836264545,0.0009253080145248937,0.17278995366744054,0.10114644500944349
2,201,0.000732786185539293,0.0009208189245934287,0.17343643771277534,0.10689414739608764
2,202,0.0007345675096996589,0.0009224966194273697,0.17490984289734451,0.1015508148405287
2,203,0.0007316548211994455,0.0009243372142211431,0.17593353751264973,0.10180488295025296
2,204,0.0007320874334703901,0.0009221261858733164,0.17616798421482982,0.10568484995100233
2,205,0.000733142465720942,0.000922765386187368,0.1749003164562178,0.1046722412109375
2,206,0.0007256952881882036,0.0009174013794917199,0.18169356555114557,0.10958362155490452
2,207,0.0007264779593197652,0.0009143122122623026,0.18094267962891378,0.11004326475991143
2,208,0.0007241364841544885,0.0009176060233989523,0.18308221013457687,0.10823306375079685
2,209,0.0007208622583866487,0.0009186432347632944,0.18601186525674515,0.10828629069858127
2,210,0.0007200494162841804,0.0009214433970757657,0.18803735868430432,0.10138235886891683
2,211,0.0007194267843137093,0.0009216571588897043,0.18693857310730733,0.10341534349653456
2,212,0.0007174599701596171,0.0009263802449115449,0.18971335505261833,0.09878075387742784
2,213,0.0007233453407182277,0.0009166721396872567,0.18036983498820552,0.1108241081237793
2,214,0.0007143509888987023,0.0009151962624552349,0.18975476041252232,0.11378853188620673
2,215,0.0007119353187994825,0.0009179721612276303,0.194150964566219,0.10899436738755967
2,216,0.0007151090663593308,0.0009178248673884405,0.18931429121229384,0.10804733435312906
2,217,0.0007086938538841535,0.0009187054328827394,0.19032724462909462,0.10763121843338012
2,218,0.0007022019487196281,0.0009147707088333038,0.20325741164478256,0.11406229469511243
2,219,0.0007075611286348214,0.0009198583765990204,0.194547822298827,0.10843159092797174
2,220,0.0007059405764771832,0.0009291872291618751,0.1982151162477187,0.097740019692315
2,221,0.0007036787772516685,0.0009271452694924341,0.20080564551883273,0.10144110785590278
2,222,0.0007049912284990703,0.0009148732396877474,0.2012219105237796,0.11212501658333672
2,223,0.0007020766557953148,0.0009153837777881159,0.2010504366439066,0.11380649540159438
2,224,0.0006993317400266267,0.0009285296028893855,0.20283493922080523,0.09826994604534572
2,225,0.0006975918266646288,0.0009149774727928969,0.2062903775109185,0.11477610932456123
2,226,0.0006924298712638793,0.0009207139231471552,0.2108903537561864,0.10892296367221409
2,227,0.0006915370284085289,0.0009257675549532805,0.21038897699779935,0.10561640130148994
2,228,0.000690350984223187,0.0009227271877332694,0.21215154977492345,0.10679758654700386
2,229,0.000692366905665646,0.0009216931402786738,0.20794971857541872,0.10827500290340847
2,230,0.0006859743226043604,0.0009143689492096504,0.21688923276500938,0.11523932880825466
2,231,0.0006896693068326531,0.0009290896679481699,0.20758101807700263,0.09906477133433024
2,232,0.0006847729400536161,0.0009214075644397074,0.21884734586433127,0.10754069752163357
3,1,0.08837047417038753,0.016596097126603128,-136.89258297225575,-25.43418796327379
3,2,0.019684462297569823,0.0035809476549426714,-29.206643123391235,-4.268627773390876
3,3,0.011319908748070399,0.001880764640453789,-16.144461029547234,-1.4745679881837632
3,4,0.008694426133584829,0.0013757660027800334,-12.042924100970044,-0.6699250035815769
3,5,0.007267419609850572,0.0012673124231191144,-9.833711923787623,-0.49273955557081434
3,6,0.006429017443255878,0.0012141785662000378,-8.523246592356834,-0.4165562603208754
3,7,0.005780617543208746,0.0012141628527185984,-7.512591907418805,-0.4212108108732435
3,8,0.005313946226220808,0.0011784259436859025,-6.810676365722845,-0.3632801188362969
3,9,0.0048971696492330526,0.0011734818806871771,-6.155173288451301,-0.35180068810780846
3,10,0.0044669198435673746,0.0011730965666679873,-5.51691711243288,-0.3547481510374281
3,11,0.004059696230853413,0.0011281259073358443,-4.859479860906248,-0.2835063748889499
3,12,0.0037111305614450463,0.001133305962300963,-4.296500377301816,-0.2838665326436361
3,13,0.003462915009830469,0.0011421366931042738,-3.9178104983435738,-0.2978309392929077
3,14,0.0031548837711459694,0.001105971890501678,-3.4556619111402536,-0.24678371217515732
3,15,0.002929694459049238,0.0011121295004462202,-3.1128128911242072,-0.2500731627146403
3,16,0.002710920533188331,0.0010978348760141267,-2.7476824318921125,-0.2265450530582004
3,17,0.002501084901576425,0.0010830885368502802,-2.435374887195634,-0.20073674784766304
3,18,0.002362125696913328,0.001068263606996172,-2.223628639586178,-0.17823310958014593
3,19,0.0021938178533067306,0.0010747281653392647,-1.9774027777306828,-0.1870337936613295
3,20,0.0020646514566500245,0.0010630110304595695,-1.7718997301878752,-0.1693038198682997
3,21,0.001971215341688582,0.0010711162920213407,-1.6371165672938028,-0.18180931674109566
3,22,0.0018492565875482044,0.001055016210820112,-1.4297615080703925,-0.15196559164259169
3,23,0.0017570446403467176,0.0010403460150377618,-1.284370450620298,-0.1328962908850776
3,24,0.0016776873411058827,0.0010370512777525518,-1.176711975792308,-0.12512315776613023
3,25,0.0016198874655306156,0.001037450323605703,-1.0734072420332166,-0.12764343553119237
3,26,0.001562520680822616,0.0010407438268885017,-0.9715971858413132,-0.13161038822597929
3,27,0.0015082487853726855,0.0010366199977902902,-0.8916506779046707,-0.12364882363213434
3,28,0.0014575601814107763,0.001029716059565544,-0.8188332860852465,-0.11387063264846801
3,29,0.0014138162274051596,0.0010175891013609038,-0.759456279542711,-0.09532104863060845
3,30,0.0013701666827762016,0.0010167746752914456,-0.6790654709309707,-0.09172521167331271
3,31,0.0013521456349365136,0.00102049357826925,-0.6497934491546066,-0.0984332005182902
3,32,0.0013194334382812182,0.0010109879930193225,-0.6022549552682005,-0.08366579744550917
3,33,0.0013080802863969663,0.0010159849939453934,-0.5875338836952492,-0.0893987496693929
3,34,0.0012532567536389387,0.0010092342013700141,-0.4993287875328535,-0.0806913587782118
3,35,0.0012536478533559008,0.0010106300754058693,-0.5032466402760258,-0.0817461371421814
3,36,0.0012363809704159696,0.0010048628422535128,-0.4700481111620679,-0.07286317348480224
3,37,0.0012026573850393847,0.0009973314564882053,-0.42397499143341444,-0.061810321278042264
3,38,0.0011869040648395449,0.0009953851940938169,-0.39680379702721114,-0.059281910790337455
3,39,0.0011779852958832993,0.0010003337584849861,-0.3810471437595509,-0.06715444856219821
3,40,0.0011754264235841454,0.0009980152257614665,-0.3768126905700307,-0.06310358047485351
3,41,0.0011495363257572422,0.000995818533313771,-0.3302922151706837,-0.058834629588656956
3,42,0.0011373436552713867,0.0009937863848689529,-0.3177929907669256,-0.05630524158477783
3,43,0.0011340026119953872,0.0009934163367789652,-0.3078087270995717,-0.05393796232011583
3,44,0.001111357272775085,0.000987392092227108,-0.2821645975112915,-0.04822020530700684
3,45,0.0010944466146835942,0.0009935530006057686,-0.2532824274934368,-0.05757352908452352
3,46,0.0011017351046227562,0.0009918076684698462,-0.26829606898037006,-0.052937265237172446
3,47,0.001097438901513355,0.0009908698447462585,-0.25667679221541795,-0.05494860145780775
3,48,0.0010990883626135779,0.0009921334580414824,-0.26087930997212727,-0.05547997421688504
3,49,0.001075863251807513,0.000985676334756944,-0.22756534226146746,-0.04603804747263591
3,50,0.0010627921351611062,0.000981570741472145,-0.20328602113841493,-0.03764946725633409
3,51,0.001056041709365852,0.000981659382685191,-0.19251805396727573,-0.0381091833114624
3,52,0.0010439247151629793,0.000977845298540261,-0.17910881130783646,-0.034185757901933456
3,53,0.001051817991034944,0.0009807544708665874,-0.1838981760872735,-0.03868869278166029
3,54,0.0010457499001612083,0.0009792873170226812,-0.17507847900743836,-0.03795291185379028
3,55,0.0010443213068086791,0.0009758521104231477,-0.18389636543062,-0.031523601214090986
3,56,0.001027877269209259,0.0009729906192256345,-0.1520622744972323,-0.025281055768330892
3,57,0.0010255287042071606,0.0009758181171491742,-0.15056313232139304,-0.030437138345506456
3,58,0.0010188764176779874,0.0009758778382092714,-0.1369112550476451,-0.030777217282189264
3,59,0.0010109043657135816,0.0009704016601770288,-0.12774384198365388,-0.023084820641411676
3,60,0.0010130277616374286,0.0009712163100226058,-0.1323732869124707,-0.023299027813805474
3,61,0.0010088048771851592,0.0009699098119098279,-0.1285577001395049,-0.022719833585951064
3,62,0.0010042578272268544,0.0009697082762916883,-0.1181796485995069,-0.02192377116945055
3,63,0.000999306881064434,0.000973345812720557,-0.11590520452570033,-0.029777034123738607
3,64,0.0009909400805532013,0.000971283362660971,-0.09880640182966068,-0.025296245680914986
3,65,0.0009918372393988165,0.0009673230233602226,-0.10411331977373288,-0.019299283292558457
3,66,0.0009872642871751277,0.0009674934605653915,-0.0933660532221382,-0.020345513025919595
3,67,0.0009856061469533561,0.0009687213511723611,-0.08992299091668776,-0.024420191182030572
3,68,0.0009855357429909486,0.0009649794160698851,-0.08729392054640217,-0.018120827939775257
3,69,0.0009749582569103366,0.0009666759236198332,-0.07634185493728261,-0.020023543304867216
3,70,0.0009683640886466076,0.0009609929454098973,-0.06620957969147483,-0.014955238501230875
3,71,0.0009726300512233542,0.0009626356626136435,-0.07250143392586414,-0.013061392307281493
3,72,0.0009697264100620408,0.0009593550271044175,-0.06918094261192981,-0.01288679043451945
3,73,0.0009627801310098557,0.000960229573926578,-0.05929404688470158,-0.013554418087005615
3,74,0.0009577740331605813,0.0009597311068015794,-0.05081288770393089,-0.012839463022020128
3,75,0.0009558092156011197,0.0009541338270840546,-0.04838647989579189,-0.005583706167009142
3,76,0.0009577796987062435,0.0009557298436346981,-0.05198368834860531,-0.009239847130245633
3,77,0.0009550387637666714,0.00095439363633179,-0.051319999753693,-0.007090893056657579
3,78,0.0009526503723643628,0.000955830187174595,-0.04333517418967353,-0.01017571555243598
3,79,0.0009482145312322695,0.0009531573159620166,-0.04056467288806115,-0.003978133201599121
3,80,0.000944969191842563,0.0009513916383083495,-0.040876811080508765,-0.0031698862711588543
3,81,0.0009443512216589793,0.0009499526194607218,-0.03725676904489965,-0.003588663207160102
3,82,0.0009428375570195509,0.0009503328163797657,-0.03318020944242124,-0.0044386903444925945
3,83,0.0009373861471375013,0.0009506802630817725,-0.026463950563360143,-0.004965620570712619
3,84,0.0009336451593108107,0.0009485225982239677,-0.018518589161060476,-0.00274606810675727
3,85,0.0009298676422245249,0.0009453849401324987,-0.015482991418720763,0.002423491742875841
3,86,0.000926907218699516,0.0009451643124015795,-0.011770611780661125,0.0029388454225328232
3,87,0.0009269337704474176,0.0009438863606192171,-0.015062309783182026,0.001856170760260688
3,88,0.0009281278904067513,0.0009459276709498631,-0.01657609851272018,-0.0002075579431321886
3,89,0.000923670826330321,0.0009437917654092113,-0.010065749839500145,-0.0006262196434868707
3,90,0.0009229427263899533,0.0009432085427559084,-0.005872965889212526,0.001655480596754286
3,91,0.0009160550730877821,0.0009384866467573576,0.00013823023548832647,0.006027869383494059
3,92,0.000914597014154963,0.0009401918751084143,0.00202639102935791,0.0038312183486090765
3,93,0.0009140735345513181,0.0009366399142891168,0.005325922553921923,0.008003968662685818
3,94,0.0009127984317824428,0.0009363906587370568,-0.00019155461111186462,0.00819741752412584
3,95,0.0009075992867166613,0.000935804846489595,0.009418765703837076,0.008516597747802734
3,96,0.0009090541429346267,0.000933131964928988,0.0036965748410166047,0.011953134006924099
3,97,0.0009050571448802028,0.0009340837985898058,0.013272981731979935,0.008720326423645019
3,98,0.0009022430705056054,0.0009321307647041976,0.016225611280511927,0.01111017730500963
3,99,0.0008982445232650656,0.0009314422211092379,0.021107211966573457,0.012135614289177789
3,100,0.000895893437511943,0.0009279288868937227,0.022424750416367142,0.016464508904351128
3,101,0.000894033623698317,0.0009269926334834761,0.02537669708699356,0.016406452655792235
3,102,0.0008919461196242475,0.0009271941367640263,0.028502298431631958,0.015783086087968613
3,103,0.0008950582691065875,0.0009270016220398247,0.01280518313984812,0.016267082426283094
3,104,0.0008898210305042197,0.0009262547634231547,0.0296035173498554,0.015252719985114203
3,105,0.000886716540718888,0.0009263021496331526,0.03353270542474441,0.014434451527065701
3,106,0.0008860529850260067,0.00092447574586711,0.032804758460433396,0.01664956675635444
3,107,0.0008843956881685666,0.0009258172862852613,0.035813570611270856,0.01633663574854533
3,108,0.0008818714382172919,0.0009214930119924247,0.038050318941657925,0.01905530823601617
3,109,0.0008772217256109012,0.0009197576540625758,0.042677495214674205,0.02155003680123223
3,110,0.0008755640460201252,0.0009204722604610854,0.04578589333428277,0.018900644779205323
3,111,0.0008737409156804652,0.0009193031919292277,0.047834556926915676,0.02253108819325765
3,112,0.0008731839656657366,0.0009169620177191164,0.04680106492690098,0.023568618297576904
3,113,0.0008701329395450928,0.0009164828910595841,0.05112216148847415,0.0251121891869439
3,114,0.0008676799314590976,0.0009149650680936045,0.055194789539148775,0.026038612259758842
3,115,0.0008661519333628225,0.0009149364958931175,0.05568402667104462,0.026287029849158393
3,116,0.0008632672358488227,0.0009135949179633624,0.05863092534336043,0.028225947750939263
3,117,0.0008616637770534942,0.0009135032305493951,0.06045531726177828,0.029497565163506403
3,118,0.0008596836320515492,0.0009137843800191251,0.06352680671362229,0.027506874667273626
3,119,0.0008591927050463395,0.0009108411859617466,0.06177758037308116,0.032096400525834824
3,120,0.0008603526223278432,0.0009115122012897498,0.060901084505481484,0.029498950640360514
3,121,0.0008585267786488489,0.0009093735444669922,0.06087577019208743,0.03222058879004584
3,122,0.0008549170613139408,0.0009115595913802584,0.06692780521180895,0.02985031074947781
3,123,0.0008536842385778365,0.0009119605257486304,0.06857227749294705,0.028845157888200548
3,124,0.0008529798226879426,0.0009086841782037583,0.06777284689891486,0.033931953377193874
3,125,0.000846320194232473,0.0009082539744364719,0.07658800858038443,0.03387451304329766
3,126,0.0008454740893981064,0.0009047336333120863,0.07875942624645468,0.03690724240409003
3,127,0.0008435506143687684,0.0009078597960372766,0.08034898616649487,0.03306466473473443
3,128,0.0008446154762404384,0.0009050061370039151,0.07804032814355544,0.03601679669486152
3,129,0.0008436401713823462,0.0009045247117885285,0.07910435523515866,0.037012452549404565
3,130,0.0008389887667295558,0.0009023823283819688,0.0850550283620387,0.03778250747256809
3,131,0.0008385145706182093,0.0009018681671780844,0.08357041323626482,0.03758948511547512
3,132,0.0008371304025022704,0.0009033038449059757,0.08736745016074475,0.03789370854695638
3,133,0.0008351207601573365,0.0009022190377840565,0.08807052197279754,0.03850599394904242
3,134,0.0008317963687277595,0.000900749899705665,0.09174856506747964,0.041168857945336236
3,135,0.0008320184993661112,0.0009000341653720372,0.09102766778733995,0.0409978363249037
3,136,0.0008301726691884759,0.0009012474432691104,0.09486671818627251,0.036608472135331895
3,137,0.0008292832542613241,0.0008996532104598979,0.09285702455190965,0.04087083472145928
3,138,0.0008263476799460657,0.0008982217262705995,0.09694473772873113,0.04252409802542793
3,139,0.0008266196499958083,0.0009004756135659086,0.09553686969074202,0.03842906951904297
3,140,0.0008239274450727267,0.0008974366407427523,0.10087681537793007,0.03905546930101183
3,141,0.0008222016649619665,0.000900194103208681,0.10206742433854091,0.037507196267445884
3,142,0.0008245962178966974,0.0008971943584684697,0.09910235316665084,0.042679700586530894
3,143,0.0008188410134652606,0.0008955166170684,0.10626793452251104,0.04654930830001831
3,144,0.0008156248412876861,0.0008964587559199168,0.10948495011270783,0.04250323639975654
3,145,0.0008150874835404533,0.0008909711316745315,0.10833413144688547,0.048344867759280735
3,146,0.0008118903145113569,0.0008919860430372258,0.11287367123144644,0.04657299915949504
3,147,0.0008121565940077014,0.0008931962837879029,0.11311222432572164,0.04571339421802097
3,148,0.0008127473952984553,0.0008931540082105332,0.1116000669973868,0.04212534957461887
3,149,0.0008090808198580312,0.0008923355826280183,0.11343281637003393,0.04539106289545695
3,150,0.0008063352560440516,0.0008878342626202438,0.11826322785130254,0.053134357929229735
3,151,0.0008063466199041332,0.0008916858687169022,0.11715960414321334,0.04734308322270711
3,152,0.0008052709433365108,0.000890335071987162,0.11853213957798334,0.047997013727823896
3,153,0.0008014747201764013,0.0008889789550772144,0.12287099891238742,0.05068755414750841
3,154,0.0008043790050713276,0.0008887677699223989,0.11677427600931238,0.048416633076137965
3,155,0.0008017440330823539,0.0008879048905024926,0.12187105225928035,0.05089078081978692
3,156,0.0007989363588197272,0.0008888434282400541,0.12467322378982733,0.04978644715415107
3,157,0.0007978537354192892,0.0008897639022001789,0.1257620492099244,0.047568098704020186
3,158,0.0007946249050157214,0.0008894963034739097,0.1292798567701269,0.049793432818518744
3,159,0.0007919710470122044,0.0008849981991160247,0.13180437514811386,0.05105261272854275
3,160,0.0007893299807529943,0.0008850881338326467,0.13486303252938353,0.05521695481406318
3,161,0.000790929109185796,0.0008854603550086419,0.13346101604861976,0.054209107822842065
3,162,0.0007872815265458215,0.0008867361531075505,0.13671262058210962,0.05392374595006307
3,163,0.0007875408389444612,0.0008819432825677925,0.13602829862523963,0.05427251921759711
3,164,0.0007853967072959575,0.0008818604996324414,0.13897032870186699,0.05731025801764594
3,165,0.0007840612328346865,0.0008806503946996397,0.1387830775461079,0.058561502562628855
3,166,0.0007820257257359723,0.0008817277124358548,0.14236139000197987,0.057383804851108125
3,167,0.0007807274031406843,0.0008782007382251323,0.14256091000121318,0.060103535652160645
3,168,0.0007794466812485531,0.000878623377583507,0.1441970925272247,0.059248010317484535
3,169,0.0007753306991179232,0.000878634478431195,0.14760071304109362,0.0590316202905443
3,170,0.0007743207897335567,0.0008778424235060811,0.14724818585831442,0.06108889049953885
3,171,0.0007718222076360734,0.0008803950131146444,0.15159899349565858,0.056572139263153076
3,172,0.00077275600525792,0.000878746486786339,0.14968040269098165,0.05850134558147854
3,173,0.0007721936811670017,0.0008777869891168343,0.14974484414230158,0.05812729729546441
3,174,0.0007698185997727661,0.0008762108588901659,0.1507472805034967,0.06093509727054172
3,175,0.0007704994743287471,0.000876838020566437,0.15562035316302453,0.06092478964063856
3,176,0.0007674040484104168,0.0008747839938021368,0.15517564438007497,0.06259330776002672
3,177,0.0007640425660532474,0.0008741343290441567,0.15678225534933585,0.06331518888473511
3,178,0.000764605173708894,0.0008730267161606915,0.15825660758548313,0.06245599985122681
3,179,0.0007595819780419086,0.0008715892508108583,0.1620141938880638,0.06653972599241469
3,180,0.0007575471330733027,0.0008740334086016648,0.16507725171100945,0.06383107370800442
3,181,0.0007556396332442945,0.0008696487871930003,0.16670106987894318,0.07076381974750096
3,182,0.0007542591677104801,0.0008696065012676021,0.16734764649544234,0.06659162706798977
3,183,0.0007512238352375542,0.0008723691157582733,0.16947770103996182,0.065035965707567
3,184,0.0007510869426043405,0.0008724193088710308,0.1706081203472467,0.06538217067718506
3,185,0.0007486276423420619,0.0008711678014757733,0.17332639856103027,0.06864879131317139
3,186,0.0007482999240128714,0.0008692637564510935,0.17330756481782889,0.06881106959448921
3,187,0.0007461214544435526,0.0008694187065379488,0.17509716469564557,0.0679159164428711
3,188,0.0007436774264342715,0.0008664235938340425,0.1777119467287888,0.0756175610754225
3,189,0.000742074309123887,0.0008695089452279111,0.18095972302519245,0.06840273804134793
3,190,0.0007431224077641044,0.0008715286967344582,0.17922291814545055,0.0670964519182841
3,191,0.0007385671794138572,0.0008729281964608365,0.18177040020624796,0.06594359742270575
3,192,0.000737799952858714,0.0008711981418956486,0.18256782837855964,0.06813453833262126
3,193,0.0007351136290652241,0.0008680676847385864,0.18455387707109805,0.0701950748761495
3,194,0.0007301505693855385,0.0008677152877983947,0.1902449866871775,0.07537574503156874
3,195,0.0007294342798514315,0.0008668228880398803,0.1904847153910884,0.071422987514072
3,196,0.0007311643973671268,0.0008669705880391929,0.18776498282397236,0.06961853504180908
3,197,0.0007267919545820742,0.0008668610722654395,0.19278486319530158,0.0761517776383294
3,198,0.0007273808215100916,0.0008766228281375434,0.19202444980173936,0.06364934047063192
3,199,0.0007242383878034207,0.0008641362655907869,0.1942883136831684,0.07601386308670044
3,200,0.0007248452511029663,0.0008625931701519423,0.19256715597929777,0.07706080675125122
3,201,0.0007222813190489915,0.0008728526571455101,0.19628683622972465,0.06853476895226372
3,202,0.0007235423092626863,0.0008668941070532633,0.19580709021768453,0.07464923858642578
3,203,0.0007177475940459121,0.0008707281318493188,0.20011480163644862,0.0708507047759162
3,204,0.0007162116485199443,0.0008636733749881387,0.2032145897547404,0.07801397773954603
3,205,0.000716195882436026,0.000864510914672994,0.20174153719419313,0.07357440127266777
3,206,0.0007094472842176019,0.0008662131330412295,0.20701965167198652,0.07689687940809461
3,207,0.0007053855293499375,0.0008775623385897941,0.21073094621116734,0.07036111619737413
3,208,0.0007039254838830711,0.000879939649409304,0.21288810350276804,0.06673462125990126
3,209,0.0007061757753821619,0.0008647002848900027,0.20981112748016545,0.08054026100370619
3,210,0.0007070572372744389,0.0008674650284875598,0.20974513660242528,0.07195425563388401
3,211,0.0007042873532936713,0.0008664214401505888,0.21180148801685852,0.07372881041632759
3,212,0.0006992951245334598,0.0008571708044554624,0.21430988841586643,0.08623038397894965
3,213,0.000697372827310989,0.0008691851062596673,0.21785003962340177,0.07916968001259697
3,214,0.0006962149487348434,0.0008621050885671543,0.2194611230014283,0.08193764289220175
3,215,0.0006919462835979591,0.0008607418742030859,0.2224837890377751,0.08355765607621934
3,216,0.0006899048933575367,0.0008582336944527924,0.22568064825034437,0.08496780527962579
3,217,0.0006929263364765103,0.0008576773029441635,0.22392714847753079,0.08337212800979614
3,218,0.0006924480074775163,0.000860393674681998,0.22276510883260656,0.08219571775860257
3,219,0.00068741630429379,0.0008597144249102307,0.22733657051015782,0.08453509542677137
3,220,0.0006848968201845793,0.0008594980735021333,0.22920235733927033,0.08452300363116794
3,221,0.0006841891225323909,0.0008546244999807742,0.2306116732550256,0.08778275516298083
3,222,0.0006823715141594962,0.0008545277135757109,0.23221107839066304,0.08936042520734999
3,223,0.0006773651193792897,0.0008578396402299405,0.23645041930822677,0.08644425471623739
3,224,0.0006774314401820762,0.0008630115137849417,0.23605696890089248,0.08424973090489705
3,225,0.0006783000308514377,0.0008686151471920311,0.23537400401668784,0.07636506954828898
3,226,0.000673975974585815,0.0008616706446951463,0.23758378131890004,0.08488709926605224
3,227,0.0006772596847530409,0.0008637338630958564,0.23284581693602197,0.08019486003451877
3,228,0.0006748999105363992,0.0008622835454944935,0.2380724060682603,0.08656920591990153
3,229,0.0006711015173084574,0.0008623452934746941,0.23996815740326305,0.08383625745773315
3,230,0.0006684908900628395,0.0008700976096507576,0.24387062861595624,0.07886952029334174
3,231,0.0006622562394764872,0.0008586047592365907,0.24840609276736225,0.08753038247426351
3,232,0.0006603076916050028,0.0008631229219544265,0.2501130176179203,0.08547409507963392
3,233,0.0006605221046261305,0.0008598227066815727,0.24993009346502798,0.08762956062952677
3,234,0.0006615862763417815,0.0008764825890668564,0.2487486144642771,0.07703555689917671
3,235,0.0006613286595826072,0.0008749531530257729,0.24911002789014652,0.07373519076241387
3,236,0.0006586460011470833,0.0008587084865818421,0.2519938676445572,0.0912728124194675
3,237,0.000653657063347414,0.0008645727480244306,0.25660940202665916,0.08802490631739299
3,238,0.0006545833273169895,0.0008637697461785542,0.254171339817989,0.08590161270565456
3,239,0.0006566222127595985,0.0008514930106078585,0.2544527658709773,0.08907319572236803
3,240,0.0006583795569446168,0.0008696650568809774,0.251287873144503,0.07693583170572917
3,241,0.0006523692089328428,0.0008513909415341914,0.258060316980621,0.09660560290018717
3,242,0.0006518784713540456,0.0008562780399289396,0.2579076603606895,0.09427292744318644
3,243,0.000649159447790158,0.0008528817535585,0.2603559652964274,0.09176730712254842
3,244,0.0006423776293817309,0.0008649434195831418,0.26665345857172834,0.0829962862862481
3,245,0.0006456018368035187,0.000854638565538658,0.26352701981862386,0.09162851572036743
3,246,0.0006441353137581897,0.0008507008095168405,0.26642214707386347,0.09360587331983779
3,247,0.0006406639961318838,0.000862663624704712,0.26827316872867535,0.08465963072246975
3,248,0.0006360221895630713,0.0008713970206574433,0.2722282259552567,0.0806118302875095
3,249,0.0006357019747044017,0.0008460563801539441,0.2718901285418758,0.10176113181644016
3,250,0.0006459197526751661,0.0008663879979091386,0.26586899198131797,0.08405265675650703
3,251,0.0006863463175609524,0.00084946951828897,0.23302293677388886,0.09063361220889621
3,252,0.000654994104385238,0.0008511125575751066,0.2558984094195896,0.09615879986021254
3,253,0.000639459819038525,0.0008516356038550536,0.26754213939478366,0.09518829451666938
3,254,0.0006336986920853824,0.0008495917815404633,0.2737479813304948,0.09811286661359998
3,255,0.0006270005538726202,0.0008483287063427269,0.28022893740807053,0.09910850392447577
3,256,0.0006249748878928338,0.0008485346269379887,0.28191488657468633,0.10049303505155775
3,257,0.0006264757921194865,0.0008459017392144435,0.27965720273830275,0.10035632451375326
3,258,0.0006211145523717098,0.0008418097820443412,0.285250813284038,0.10498756700091892
3,259,0.0006213415360917556,0.0008586754905991256,0.28671325077245263,0.09093547264734904
3,260,0.000619377213800441,0.0008566657301141984,0.2869685421755284,0.09245556328031752
3,261,0.0006213849633184756,0.0008489470256285535,0.286967925377834,0.09927179548475477
3,262,0.0006235098398727491,0.0008542176038544211,0.28440709997106484,0.09468452797995673
3,263,0.000617110481152288,0.0008465196963192689,0.28939237462149725,0.10058439705106947
3,264,0.0006142481257506634,0.0008649239484738144,0.29173540480342913,0.0906267417801751
3,265,0.0006102487347146243,0.0008504002083403369,0.29598914841075,0.10021010372373793
3,266,0.0006074285722498633,0.0008460000390186906,0.29751358532611233,0.10654639667934841
3,267,0.0006075754967219208,0.0008465292488431765,0.2996082353003231,0.09949094851811727
3,268,0.0006060396433221521,0.0008552404844926464,0.29925599142357157,0.09694677061504788
3,269,0.0006049430709228747,0.0008462457154463563,0.29982473217410804,0.1016713645723131
3,270,0.0006059236994105173,0.000851296277768496,0.29798479977949166,0.10155306259791057
3,271,0.0006040307007626527,0.000872487794711358,0.3010259834336646,0.08497973945405748
3,272,0.0006011472953150026,0.0008556868376520773,0.30279053537933914,0.09909605185190837
3,273,0.0005967080802944156,0.0008449259770309759,0.30779977286303484,0.10568975740008885
3,274,0.0005943275065402742,0.0008617044426500797,0.30898144995724713,0.09333046277364095
3,275,0.0005933158601243278,0.0008519621423652603,0.3100206280932014,0.10089095566007826
3,276,0.0005942015003206001,0.000846617410166396,0.3094268920980854,0.10542905992931789
3,277,0.0005909190786266584,0.0008425650626627936,0.31246226716924597,0.10956729120678371
3,278,0.0005946927840453515,0.0008477868796843621,0.3093806921699901,0.10551320976681179
3,279,0.0005890663900056187,0.0008519758457421428,0.3133499731252223,0.10195742183261447
3,280,0.0005884059142884741,0.0008404368780449861,0.3159311565352075,0.11284304592344496
3,281,0.0005895711403960983,0.0008495102856411702,0.31265881517787036,0.10491590102513632
3,282,0.0005848649016834428,0.0008543389577729007,0.31731822137479426,0.09961088101069132
3,283,0.0005824868047012039,0.0008479710280274352,0.3190272556410895,0.10765134493509929
3,284,0.0005798159760744944,0.0008520757016311917,0.32294865728896344,0.10125597715377807
3,285,0.0005776638104034197,0.0008610820721110536,0.32487765933260504,0.0967942476272583
3,286,0.0005778311000113594,0.000848511030845758,0.32441595572012444,0.10842939880159166
3,287,0.0005756435808035787,0.0008470516354362997,0.3266370153721468,0.10995840628941854
3,288,0.0005759835335207574,0.0008589946212143534,0.32683762047025894,0.09849927557839287
3,289,0.0005735951963018764,0.0008419800278109808,0.3281016454284574,0.11352932850519816
3,290,0.0005750389124358785,0.0008527346834954288,0.32854146869094286,0.10601647562450833
3,291,0.0005734313027875751,0.0008610564917843374,0.3275873769948512,0.10051258007685343
3,292,0.0005690588496544939,0.000859924665807436,0.3310296333866355,0.1001196993721856
3,293,0.0005677880181781487,0.0008461603778414428,0.3330505708117544,0.10889219178093804
3,294,0.0005678164387512723,0.0008475518229210542,0.334021238927488,0.10409084690941704
3,295,0.000564224080449936,0.0008543048532576197,0.3369074699319439,0.10038412014643351
3,296,0.0005651324819256035,0.0008392649275871614,0.3359145129168475,0.11536840067969428
3,297,0.0005587878317951605,0.0008514409690784911,0.3414385458569468,0.10798157850901285
3,298,0.000559708008536908,0.0008466382653245496,0.3409202771422304,0.113496642642551
3,299,0.0005601821225107773,0.0008504758356139064,0.34171636310624487,0.10533553759256999
3,300,0.0005586075139473434,0.0008514813923587402,0.34225207375891414,0.10980127255121867
4,1,0.09305663975300613,0.01581643989516629,-140.7456921224241,-21.725506687164305
4,2,0.02032356807893073,0.0038911569708337387,-29.977180077117165,-4.238843946986728
4,3,0.011796666826638911,0.0019109815436725815,-17.000965355649406,-1.3531653987036811
4,4,0.009094767525424192,0.0013705600518733262,-12.774026089538763,-0.5588547971513537
4,5,0.007634565206589522,0.0012273248724846376,-10.477591080724457,-0.3583526399400499
4,6,0.006790586137845192,0.0012354480982240703,-9.166007790742096,-0.3645300202899509
4,7,0.006110264710438104,0.0011779788648709655,-8.119201733153544,-0.3039654413859049
4,8,0.005611769521585953,0.0011716849067144924,-7.367759104128237,-0.29776741398705375
4,9,0.005119211415265813,0.0011618129986648758,-6.595724723074171,-0.27881810400221085
4,10,0.004667506667060985,0.0011680992656490868,-5.859275084954721,-0.287660993470086
4,11,0.004239430631522411,0.0011777810933482316,-5.197047887908088,-0.3061129887898763
4,12,0.003913731172818829,0.001145569369610813,-4.719123099174029,-0.25771506097581653
4,13,0.003576432412237297,0.0011507648793566557,-4.159003845850626,-0.2632118225097656
4,14,0.0033003567189070176,0.001154946088273492,-3.7354398085747236,-0.26916691727108427
4,15,0.003003304023410619,0.0011396086076274515,-3.2637662728627523,-0.24862125449710423
4,16,0.0027943950922538837,0.0011035902865437998,-2.9448674231399723,-0.19757432540257772
4,17,0.0025983689634566324,0.0011138393621270856,-2.6362492069785977,-0.20815581215752496
4,18,0.0023867761618515224,0.0011101010798787077,-2.293300306061168,-0.2030093510945638
4,19,0.0022478056571411864,0.0010869046983619532,-2.07308446801739,-0.16761956479814316
4,20,0.0020996641235449063,0.0010891325306147336,-1.833348551797278,-0.17084684371948242
4,21,0.0020070820241982553,0.0010780583213393887,-1.6671293647200973,-0.15292722119225396
4,22,0.0018774171957723152,0.0010859722607872552,-1.4974142239417558,-0.16638589964972603
4,23,0.0017893629260706128,0.0010735886559511225,-1.3582851309835176,-0.147207420402103
4,24,0.0017108502705799945,0.0010653558782198363,-1.249796160650842,-0.13530933062235515
4,25,0.0016315352022187946,0.0010668877693307069,-1.0955061356226603,-0.13752661678526137
4,26,0.0015783248426116728,0.001062604764269458,-1.0283778690997465,-0.13137165440453424
4,27,0.0015291021030143272,0.001052648783661425,-0.9382840165385493,-0.11419009764989217
4,28,0.0014827804366862516,0.0010500304323310652,-0.8742022252377168,-0.11168175935745239
4,29,0.001430043782234008,0.0010438494345483681,-0.7929607756343888,-0.10046549108293322
4,30,0.0013920764881473631,0.0010473211114812228,-0.7261351729616706,-0.10561415486865573
4,31,0.0013433662723220977,0.0010358410745134783,-0.6473744153976441,-0.08782403469085694
4,32,0.0013394010971863697,0.0010356614702484673,-0.6308213033793885,-0.08670928080876668
4,33,0.001290258798851735,0.001028205881205698,-0.5730966197119819,-0.07652063502205743
4,34,0.001294571236293349,0.0010334876353024608,-0.576799241407418,-0.08360555039511787
4,35,0.001255542658165925,0.0010286183342234129,-0.5051089192614143,-0.07476588487625122
4,36,0.0012475200402722866,0.0010306378580733305,-0.5015701856142208,-0.0806402391857571
4,37,0.0012235928114135693,0.0010193330701440573,-0.46777482680332516,-0.06275303363800049
4,38,0.001204531939332316,0.001021430897526443,-0.41905666928232455,-0.06572629345787896
4,39,0.00120254719434421,0.0010163662877554695,-0.4357772005928887,-0.05950846936967638
4,40,0.001168873840023154,0.0010200280437452926,-0.3740751457803043,-0.06431631247202556
4,41,0.0011710531049534494,0.0010146568076581592,-0.3766560869452394,-0.054954036076863604
4,42,0.0011547548963722807,0.0010112631367519497,-0.3565901361865762,-0.051908242702484134
4,43,0.0011404109181675278,0.0010143394375012982,-0.34525709211090466,-0.054616350597805445
4,44,0.0011219990640924668,0.0010114292161435717,-0.305865654680464,-0.04969882832633125
4,45,0.0011301783770092844,0.0010084121914890906,-0.32505461875303293,-0.046305249796973334
4,46,0.0011034939153533843,0.0010104688945122892,-0.27223999721032605,-0.04872632953855727
4,47,0.0011071154471187863,0.00100910128482307,-0.2726396769653132,-0.04607498380872938
4,48,0.0010961412087105858,0.001005670641704152,-0.25269366443893054,-0.041579555140601264
4,49,0.001082180117049979,0.0010038621464951171,-0.2463085714681649,-0.04107906818389893
4,50,0.0010918203048569,0.001004247545885543,-0.25827467603447996,-0.04049726724624634
4,51,0.0010779153903440377,0.0010067339624381727,-0.23055700107857033,-0.04368002282248603
4,52,0.0010618043198238737,0.0010001442356345554,-0.2133507732991819,-0.03452886078092787
4,53,0.0010638742489211352,0.0010024108678205973,-0.21610271518613086,-0.03780135578579373
4,54,0.0010509452880302697,0.0010003610126053293,-0.18861155068432844,-0.03516535494062636
4,55,0.0010603146400463617,0.001000299312484761,-0.2062726468215754,-0.03355676333109538
4,56,0.0010490859171697572,0.0010003801150661375,-0.19189986181847843,-0.03421597083409627
4,57,0.0010465123377349458,0.0009976051101047133,-0.17944818514364738,-0.03054469426472982
4,58,0.00104458120358349,0.0009976493052413894,-0.17831293565255624,-0.03101244502597385
4,59,0.0010319986923908195,0.0009946336064280735,-0.15603452847327715,-0.026336060629950628
4,60,0.001027539580123338,0.000994689538816197,-0.15289042010719395,-0.025094456142849393
4,61,0.0010212764359527715,0.0009939947618275054,-0.1486293841291357,-0.024952667289310032
4,62,0.0010217537022667166,0.0009934046318651074,-0.14988373032322636,-0.026357307698991563
4,63,0.0010091517780286571,0.0009921472144520118,-0.12664181214791756,-0.022620722982618545
4,64,0.001016629494174763,0.0009911886442245709,-0.1403479630564466,-0.02195395098792182
4,65,0.0010172025793530968,0.0010024099377915264,-0.14903803636998306,-0.03945120970408122
4,66,0.001006059051796012,0.000993885010636101,-0.11934607823689779,-0.02656258477105035
4,67,0.0010079947146472096,0.0009924336970369848,-0.12322502165664861,-0.023552473386128744
4,68,0.0010004579543745444,0.0009918392765232258,-0.10968377987543741,-0.02294246620602078
4,69,0.0009981537913259717,0.0009889995536973906,-0.11027353869544135,-0.02031998634338379
4,70,0.0009952802297279791,0.000987935826803247,-0.1159584136656773,-0.019148827923668756
4,71,0.0009911859600609284,0.0009881455632340577,-0.10443882809744941,-0.019460333718193903
4,72,0.0009812619243920954,0.0009891758039076296,-0.08973926703135172,-0.021907696459028455
4,73,0.0009927925274327949,0.0009854742248232165,-0.11440338499752092,-0.016702242692311606
4,74,0.0009792462011431287,0.0009872830912677779,-0.08612654827259204,-0.019459905889299182
4,75,0.000980427121904529,0.0009874465513146585,-0.08873284054391178,-0.021480219893985325
4,76,0.0009702839468962248,0.0009840886483693289,-0.07289057749289053,-0.015495493676927355
4,77,0.0009780221279526565,0.0009830580726783308,-0.09178925060931548,-0.015230286121368408
4,78,0.0009776277341132546,0.0009867384745222,-0.0879532766930851,-0.019362513224283853
4,79,0.0009665300467419496,0.0009835406025457713,-0.07100430417943884,-0.014562475681304931
4,80,0.0009602868762787109,0.0009822734489312603,-0.055895110118536304,-0.013437504238552517
4,81,0.0009629961857744665,0.0009809750753144422,-0.06363008375521059,-0.01214146614074707
4,82,0.0009713483323274112,0.0009786541017496751,-0.06327865359223919,-0.010535540845659044
4,83,0.0009568963710069197,0.0009813873420676422,-0.0549260346977799,-0.012804468472798666
4,84,0.0009538563686986396,0.0009779917710046801,-0.049322333600786,-0.010582466920216879
4,85,0.0009482567767716116,0.0009769332245923579,-0.04326501672650561,-0.010019897090064154
4,86,0.0009542449317113668,0.0009803152837169666,-0.061614951086633,-0.015652808878156874
4,87,0.0009526792330161473,0.0009764673873885638,-0.05463264209252817,-0.01012268861134847
4,88,0.0009405612540258853,0.0009748430819147163,-0.03398518871378015,-0.0066012422243754065
4,89,0.0009431163481448167,0.0009752252540137205,-0.0369589724658448,-0.010084610515170627
4,90,0.0009437626771007975,0.0009759855831766295,-0.04373569768152119,-0.011377345191107856
4,91,0.0009380859058396316,0.0009743172300255133,-0.031143274866504433,-0.009054680665334066
4,92,0.0009395136990883376,0.0009738961105338401,-0.034312565385559456,-0.008710944652557373
4,93,0.0009426468041909421,0.0009747629907603065,-0.04238153593039807,-0.012218560112847223
4,94,0.0009314196493281166,0.0009714051809472342,-0.022939551023789393,-0.006911918852064345
4,95,0.0009279105547861553,0.0009683190392226809,-0.01697289987846657,-0.0027804427676730685
4,96,0.0009243175758186866,0.000969923044451409,-0.011819835945411965,-0.005594858858320448
4,97,0.0009359232917497003,0.0009697835168076887,-0.04442186164267269,-0.005962867206997341
4,98,0.0009268431037514942,0.0009656583722163405,-0.01773523607371766,-0.0016636477576361763
4,99,0.0009231001196176182,0.0009676077610088719,-0.015767307046019002,-0.004178073671129014
4,100,0.0009226803939479093,0.0009673168624026908,-0.010118101702796088,-0.002737273110283746
4,101,0.0009212861431153192,0.0009652901195093161,-0.018308025083424134,-0.0031120525466071234
4,102,0.0009355101142262603,0.0009642275580618944,-0.034912287453074516,-0.001989069249894884
4,103,0.0009254131752158296,0.00096594522603684,-0.010516940517190062,-0.005182427830166287
4,104,0.0009128255769610405,0.000962229585275054,3.390106154076847e-06,-0.0006222420268588596
4,105,0.0009177837655937046,0.0009605974657461048,-0.009343376277405538,9.879933463202582e-05
4,106,0.000924421677130194,0.0009593116067763832,-0.03874720217269144,0.0017624245749579535
4,107,0.0009120873593794251,0.0009616266004741191,0.0009492712256349164,-0.0017360157436794705
4,108,0.0009166961892243521,0.0009626428544935253,-0.017227477350352724,-0.00558376842074924
4,109,0.0009064845634440397,0.0009593373850091464,0.006935527883929971,-0.0016918129391140409
4,110,0.0009073748220229682,0.0009617429511207673,0.00452675598639029,-0.005214348104265001
4,111,0.0009090323146306162,0.0009578063786547217,-0.0021118314177901655,-0.0002032372686598036
4,112,0.0009032839575759422,0.0009583827392715547,-0.002608569315922113,-0.0010210633277893066
4,113,0.0008991873974015039,0.0009559027488446898,0.011311195661992202,0.002180500825246175
4,114,0.0008965352780105155,0.0009548443692943288,0.014848510129952136,0.0019717468155754938
4,115,0.0008951340543313159,0.0009525268920697272,0.019525809199721723,0.004935092396206326
4,116,0.000898129554223959,0.00095440951279468,0.014835446852224845,0.002758675151401096
4,117,0.0008925661720611431,0.0009532411906143858,0.02065292081715148,0.0030239807234870063
4,118,0.0008897459492328818,0.000953152685219215,0.02361705950748773,0.0018794960445827908
4,119,0.0008884328610068302,0.0009497986149249806,0.025599592409016173,0.00516331328286065
4,120,0.0008885578890503557,0.0009521269562861158,0.013264877413525994,0.0011156638463338216
4,121,0.0008951829168600616,0.0009514346020296216,0.018128186096379787,0.0028595818413628474
4,122,0.0008862583725540727,0.0009468822468382617,0.021863051697059915,0.006642984019385444
4,123,0.0008844982010576828,0.0009487656307303244,0.029803272677056583,0.004579854011535644
4,124,0.0008819684857663549,0.0009467169332007567,0.020242829234511765,0.006854327519734701
4,125,0.0008748299590265954,0.0009466334621215032,0.03729253080156114,0.005712531672583686
4,126,0.00087484272705667,0.0009439929815319677,0.03927204770806395,0.008678326341840957
4,127,0.0008770714534078667,0.0009469555289898482,0.030613585165989252,0.004647197988298204
4,128,0.0008754237037565973,0.0009432677334795396,0.038130802431224305,0.008412753211127387
4,129,0.000872173672541976,0.0009437296966401239,0.039605793393688436,0.007731069458855523
4,130,0.0008697610874487846,0.0009456880933915575,0.0378990555986946,0.00560275846057468
4,131,0.0008689919158954312,0.0009415500331670046,0.0443217189223678,0.009685785240597196
4,132,0.0008665163762706481,0.0009372410183358524,0.04429709087183446,0.015117287635803223
4,133,0.0008597229262468991,0.0009403175221652621,0.05924288152176657,0.011270778708987766
4,134,0.0008633713253750753,0.0009425225460694895,0.05298512806127101,0.007109920183817546
4,135,0.0008614001600186766,0.0009395149536430836,0.054836149716082916,0.009864560763041179
4,136,0.0008602926908578309,0.0009386155353341666,0.05663159335101092,0.01014009846581353
4,137,0.000856078643190824,0.0009366962450763418,0.061532462231906844,0.011891574329800076
4,138,0.0008493695497213874,0.0009375117460472716,0.06752705073650972,0.011017729176415338
4,139,0.0008605811800980181,0.0009407327562156651,0.05345865326163209,0.005323859055836996
4,140,0.0008530903108889398,0.0009372548976292213,0.06326360628928668,0.011280784342024062
4,141,0.0008511253757643754,0.0009349727809118728,0.059962487662280045,0.013064004315270317
4,142,0.0008475516135171975,0.0009349486182650759,0.07172934979568293,0.011519547303517659
4,143,0.0008422628555297392,0.0009354646951477561,0.07537096782966897,0.011081776354047987
4,144,0.0008433931646581141,0.000931527245686286,0.07248642459327792,0.016766410403781466
4,145,0.0008404524567146084,0.0009300229411261777,0.07691195055290505,0.0168587327003479
4,146,0.0008413098891909568,0.0009315427263370819,0.07237243048938705,0.01345434586207072
4,147,0.0008393135342896445,0.0009304540180083778,0.07566389640172323,0.01660484208001031
4,148,0.0008318756701263749,0.0009311464964412153,0.08227712313334147,0.014483469062381321
4,149,0.0008323430464557015,0.00092793203657493,0.08395125394986,0.0202268295817905
4,150,0.0008331195987404589,0.0009286289698340826,0.08570258367208787,0.016081368923187254
4,151,0.0008329119964468259,0.0009293644482062923,0.07696560429938046,0.015420663356781005
4,152,0.0008279604079880188,0.0009260766867858669,0.08672063556718237,0.01937173737419976
4,153,0.0008279644921536983,0.0009284742836219569,0.08736846976810031,0.01583352353837755
4,154,0.0008287974340082318,0.0009248620131984353,0.08809435161543482,0.018676792250739205
4,155,0.0008211991695089289,0.0009234263496990833,0.09453216437940244,0.020596554544236926
4,156,0.000819879059570577,0.0009243407674754659,0.09721599478780488,0.022465513812171087
4,157,0.0008162468512266599,0.0009237179416231811,0.10179411908726634,0.02075375450981988
4,158,0.000822479329733063,0.0009222994493837985,0.09112375327098517,0.023017283280690512
4,159,0.0008214574460986496,0.0009231182901809613,0.09026922635090204,0.023492585288153754
4,160,0.0008201393681106928,0.0009236664769964086,0.09639876963179789,0.0196262174182468
4,161,0.0008153742028365809,0.000921762034866131,0.10117009598531841,0.022405228349897596
4,162,0.0008115015192428765,0.000923407912099113,0.09897908884801983,0.0191605011622111
4,163,0.0008178320147074115,0.0009220015322272149,0.09471038197293694,0.022159545951419408
4,164,0.0008061713245869787,0.000918922433629632,0.1089598145013974,0.02736321422788832
4,165,0.0008076420568366661,0.0009220333989813096,0.1071723022578675,0.021266192860073512
4,166,0.000804104324269258,0.000916858135153436,0.10508218091211201,0.030677515930599638
4,167,0.0008044042114317878,0.0009186214185319841,0.11082534466260745,0.0301904214753045
4,168,0.0008003069343689231,0.0009174937744521433,0.11367374967645716,0.029646525118086072
4,169,0.0008021064814076656,0.0009175722539010975,0.10603726925673308,0.028137306372324627
4,170,0.0007971547437647795,0.0009168939807245301,0.11394094346482077,0.026952637566460505
4,171,0.0007910153118571566,0.0009136277936502463,0.12403911852542265,0.03423896630605062
4,172,0.0007892890165008053,0.0009141864707796938,0.12911592560049928,0.032135102483961314
4,173,0.0007906749226543823,0.0009129078399079542,0.1234864479229774,0.03379432492785984
4,174,0.0007852302076593961,0.0009114569389364785,0.13030948050228167,0.03557814889483982
4,175,0.0007831604684197149,0.0009128088092741867,0.13345811072690988,0.03549846808115641
4,176,0.0007828472675123241,0.0009100997251354986,0.13259310825371448,0.038486945629119876
4,177,0.0007800677227845162,0.0009127349967861341,0.13348407024218711,0.03571237590577867
4,178,0.0007761005458801433,0.0009115215960062213,0.14044158076062616,0.03578653600480822
4,179,0.0007741114167772509,0.0009112259295458595,0.13993293076385688,0.0366367326842414
4,180,0.0007743391952833828,0.0009142670586394767,0.14216947275915265,0.030432012346055772
4,181,0.0007745208030417102,0.0009121230169613329,0.14049186883149323,0.0315061370531718
4,182,0.0007752961740702574,0.0009112118290633791,0.13936004432631127,0.035583783520592584
4,183,0.0007703426578599546,0.0009119194117374718,0.14502779657458081,0.035655144850413004
4,184,0.0007734285012163498,0.0009049147328672309,0.1306752422709524,0.04459677669737074
4,185,0.0007636496472390897,0.0009061808529723849,0.1522893121213089,0.044947350025177
4,186,0.0007636705223746874,0.0009044490056112408,0.1485310447068862,0.045213521851433645
4,187,0.0007586612116062531,0.0009080208126559026,0.1562124037448271,0.04258289337158203
4,188,0.0007582682524060393,0.0009034038935270575,0.15606702345388906,0.0491154604487949
4,189,0.0007538155497362216,0.0009039827661278347,0.1618791593445672,0.05036655134624905
4,190,0.000764551110289715,0.0009044463668639462,0.14339280437540125,0.048867270681593154
4,191,0.00075415475955118,0.0009072473130395843,0.15911344672426767,0.0434724489847819
4,192,0.0007502403383338709,0.0009046681703896158,0.16031059939184306,0.04385713073942396
4,193,0.0007569844985415262,0.0009047133770460884,0.15525388305569873,0.045781209733751084
4,194,0.0007504619478340042,0.0009020080673508346,0.16311571833528118,0.04919708967208862
4,195,0.0007510006022467105,0.0009049688452958233,0.15489320813873667,0.04651776022381253
4,196,0.0007420227552453677,0.0009044633518594007,0.1720030528527719,0.04891798363791572
4,197,0.0007421690824062184,0.0009043372016296618,0.16911655061038924,0.046943447324964735
4,198,0.0007379196990959714,0.0009045419735937483,0.17509185870488483,0.05044067435794407
4,199,0.0007482956600501949,0.0008990597083336777,0.1568258969872086,0.055192094379001196
4,200,0.0007363018362759899,0.0008999135371090637,0.17569578930183694,0.054075109958648684
4,201,0.0007357615475933769,0.0008974198691753878,0.17303498733190842,0.057944447464413115
4,202,0.0007315875539832094,0.0009025466434347133,0.17987235239994379,0.050885362095303005
4,203,0.0007332874316848631,0.000907410934774412,0.17909333691184903,0.05172409216562907
4,204,0.0007359778548786302,0.0009032836196840638,0.1656243297788832,0.05158054828643799
4,205,0.0007299720234938978,0.000901459918046991,0.18131750336399785,0.05422099033991496
4,206,0.0007296031493302665,0.0008999315944189827,0.18066619296132783,0.05838947163687812
4,207,0.0007243182395159462,0.0009002226805831823,0.18729662983505815,0.05750205781724718
4,208,0.0007205284595845934,0.0009040802316222754,0.18895750354837487,0.0545064992374844
4,209,0.0007208598822205799,0.0008970037335529924,0.18811221108024503,0.056776716974046494
4,210,0.0007179018697862364,0.0008956911818434795,0.19567132099175158,0.06620155307981702
4,211,0.000737914040017827,0.0009025517488933272,0.1742479106526316,0.05060581101311578
4,212,0.0007220055488294658,0.0008931539267198079,0.18943770976714147,0.06600067747963799
4,213,0.0007171028065150258,0.0008948659032790197,0.19384579923417833,0.06377595530615912
4,214,0.0007098660994045161,0.0008985861463265286,0.20177405969596204,0.06069168912039863
4,215,0.0007063248463515423,0.0008977692483717369,0.2056643652327267,0.05938807725906372
4,216,0.000708733519602475,0.0008986726131600638,0.19932302369011773,0.05763386885325114
4,217,0.000707128920511883,0.0008951743120431072,0.19850623298574377,0.06411805417802599
4,218,0.0007057437643029347,0.0008960826697552369,0.20257206787297755,0.06387842496236165
4,219,0.0007065807541050477,0.0008942011614433593,0.2009458855346397,0.06311414904064602
4,220,0.0006999209521763763,0.0008907078260866304,0.20915136513886629,0.06868419249852499
4,221,0.0006957626654364076,0.0008919439627788961,0.2120070813614645,0.07024063799116347
4,222,0.0006950158875918498,0.0008997147592405478,0.2138648623301659,0.05848326947953966
4,223,0.0006961956796995191,0.0009024021629658011,0.21378712477507414,0.05639261537128025
4,224,0.0006987316829991745,0.0008936824949665202,0.2110349459412657,0.06718693971633911
4,225,0.0006915780464129775,0.0008954759842405717,0.21522684038421255,0.0647314429283142
4,226,0.0006943291366491237,0.0009074290632270276,0.21511220299167397,0.05006270276175605
4,227,0.0007010844977354102,0.0009000716627471977,0.21030790143542819,0.05766684479183621
4,228,0.0006926915254788818,0.000892117809659491,0.21406349179185466,0.07331636481814914
4,229,0.0006951510808488101,0.0008933435957361427,0.2151033048276548,0.07230438391367594
4,230,0.0006944963889610437,0.0008933893585991528,0.21400595594335486,0.06747575336032444
4,231,0.0006802275236466049,0.0008913266084467371,0.22635184349837126,0.06908040046691895
4,232,0.0006768243533938572,0.0008904650044213566,0.23112301370243968,0.07217330270343357
4,233,0.0006785296495819902,0.0008945476431916986,0.22833534449706844,0.06710020038816664
4,234,0.0006781273357639159,0.0008898839367450112,0.23026755901030552,0.06889464855194091
4,235,0.00067835561916761,0.0008907622812936703,0.22646873777295337,0.07173124816682604
4,236,0.0006744223250145162,0.0008924508777757486,0.2336406913804419,0.06761386924319797
4,237,0.0006753735097677067,0.0008889101148169074,0.23034259257493195,0.07327767610549926
4,238,0.0006693652920125995,0.0008962178706294961,0.23464927011066014,0.06601338254080878
4,239,0.0006846156626663826,0.0008894283001104163,0.1784819026052216,0.07414991988076104
4,240,0.0006715716424766054,0.000891153295783119,0.23158819189778082,0.07169743511411879
4,241,0.0006765468475799778,0.0009012388388833238,0.2244341014344015,0.059073535601298015
4,242,0.0006738662863449182,0.0008979829739675754,0.23240185578664144,0.06159472333060371
4,243,0.000664960747199524,0.0008925128805761536,0.23795717115755435,0.07415473858515421
4,244,0.0006644346425022332,0.0008963874696443478,0.23525411538135857,0.06640334659152561
4,245,0.0006612617030946745,0.0008931328607205716,0.24356202049019895,0.06867125961515638
4,246,0.0006618865291346555,0.0008969545480795205,0.23937999216126807,0.06594532993104722
4,247,0.0006621923209972864,0.0009012906411145296,0.23956147991580728,0.0627474586168925
4,248,0.0006570285258032842,0.0008905973000865844,0.2450376495902921,0.07551258007685344
4,249,0.0006560044715261477,0.0008949826186936763,0.24932244412692978,0.06715954409705269
4,250,0.000699578266573587,0.0009066985829526351,0.21458884727807692,0.05858023034201728
4,251,0.0007002366551508506,0.0009083050005655322,0.20957604308187225,0.04694568051232232
4,252,0.000676555934873766,0.0008976066355696982,0.2270817348986496,0.06734446287155152
4,253,0.0006620435978366453,0.0008919944896155762,0.240612209726263,0.07085975938373142
4,254,0.0006506328979783036,0.0008893915167492297,0.2519475680810434,0.07383914523654514
4,255,0.0006617487905501031,0.0008911166508268151,0.21725255412819944,0.07072905169592963
4,256,0.0006513320794903938,0.0008991245348523888,0.253618652585112,0.06259184678395589
4,257,0.000656304578728008,0.0008926331608866652,0.23119784519996173,0.06923847198486328
4,258,0.000643773486458317,0.0008960178652260867,0.25950856974095476,0.06591158045662773
4,259,0.0006406419543997833,0.0008980820809180537,0.25973454507780663,0.06466015974680582
4,260,0.0006370078088186774,0.0008924192761898869,0.2640648971369237,0.07277648184034559
4,261,0.0006429056826702974,0.0008862747875456181,0.24774700550385464,0.0785639762878418
4,262,0.0006372345045185935,0.0008951144655131632,0.26331964010073816,0.06962127023273045
4,263,0.0006348986969110958,0.0008968850106207861,0.26484571974954485,0.06640029748280843
4,264,0.0006386383909467654,0.0008955761854950753,0.2610323072951517,0.0684528668721517
4,265,0.0006350015482669811,0.0008934456686903205,0.267362015777164,0.07150696251127454
4,266,0.000635978184858866,0.0008948645683833294,0.261898453147323,0.06924027734332615
4,267,0.0006369468948608379,0.0009213675292105311,0.2520762636337751,0.04526870780520969
4,268,0.0006371966087443317,0.000898801012792521,0.26409175175207633,0.06226421727074517
4,269,0.0006345851253430693,0.0008926923606648213,0.25927937074943824,0.07015489339828491
4,270,0.0006294790336310312,0.0008919137348938319,0.2695229992454435,0.06878929535547892
4,271,0.000626504310136546,0.0008893427827085058,0.2692750091905947,0.07610575093163384
4,272,0.0006238882557810917,0.0008900057899558709,0.274730768027129,0.07630681329303318
4,273,0.0006231501758857458,0.000896936959017896,0.2742572350266539,0.06843011511696709
4,274,0.0006263107936656862,0.0009088908348025548,0.2733219772209356,0.054849705431196424
4,275,0.0006234673264344441,0.0009085409200957252,0.2767363546807089,0.058753102355533174
4,276,0.0006261815269546652,0.0008915225302593575,0.2731938855147656,0.07310124370786879
4,277,0.0006246775707781867,0.0008954670008582374,0.26887284384833443,0.06760695510440402
4,278,0.0006172628678025011,0.0008828522870317102,0.2828960353945508,0.08978616529040867
4,279,0.0006232228281010908,0.0008888690926445027,0.2785039945884987,0.07577146689097086
4,280,0.000623082122794226,0.0008970706102748711,0.27206586908411096,0.06887929439544678
4,281,0.0006148488347039178,0.0008886589034874406,0.2818326508557355,0.07674652073118422
4,282,0.0006073705616326611,0.0008979888050816953,0.2919190049171448,0.06853953732384575
4,283,0.000607553033163932,0.0008878322279391189,0.29047647538008514,0.08018158144421048
4,284,0.000604007461246241,0.0008937330580213004,0.29347035384472503,0.07288821803198921
4,285,0.0006052711696858392,0.0009148129688886304,0.2929948681666527,0.05264250569873386
4,286,0.000607014289499479,0.0008997004000573523,0.29134045088732685,0.06730215284559461
4,287,0.0006115019797163521,0.0008882546629239287,0.28449674476811915,0.07838416496912638
4,288,0.0006010246461682757,0.0009008876254989041,0.2953314298464928,0.0654886523882548
4,289,0.0005943876890937027,0.0008923189779226151,0.30174143034734846,0.07760751644770304
4,290,0.0006050610877458512,0.0008966198501487572,0.2861269035457093,0.06833662589391072
4,291,0.0005987824336050745,0.0009017461432247526,0.2977742985442833,0.06632787651485866
4,292,0.0005958356168753479,0.0008966695737197167,0.30284387815145797,0.07043970161014133
4,293,0.0005933774970069436,0.0008901417384751969,0.3010328628398754,0.07751703527238633
4,294,0.0005910230175316058,0.000892039564334684,0.29959162841608494,0.07835920386844211
4,295,0.0005899668123607558,0.000897452536608196,0.3074374142988229,0.07002538442611694
4,296,0.0005893093933362836,0.0008950550458393991,0.3054984550417205,0.07318010462654961
4,297,0.0005901928850231163,0.0009039748964520792,0.3078601130732784,0.06605206330617269
4,298,0.000591124346146337,0.0008898637309256528,0.3053121114954536,0.07573908699883355
4,299,0.0005836372937788658,0.0008944023504025406,0.3119120928976271,0.0734379318025377
4,300,0.0005893259754772356,0.0008907593618560996,0.306068554483814,0.07574071354336209
5,1,0.0890835224662298,0.014854629317091571,-144.99025112199195,-20.921431408988106
5,2,0.019149023092087405,0.0036516140525539717,-28.578544148103692,-3.8571923123465646
5,3,0.011332367068547525,0.002071700172705783,-16.244089598125882,-1.4721435361438326
5,4,0.008808052958345707,0.001521723774365253,-12.343205987082587,-0.6248214615715875
5,5,0.0073621834237358455,0.0014176801442065173,-10.068299324129834,-0.4829010142220391
5,6,0.006607901576308557,0.0013435895942772427,-8.913969176492573,-0.37255883481767443
5,7,0.005934352029896813,0.0013191080910878049,-7.819076670540704,-0.32984179125891794
5,8,0.005389852336619371,0.0013382834097784427,-6.985359097115787,-0.35726414256625705
5,9,0.004939959422443752,0.001306038331757817,-6.275551908104508,-0.31716226736704506
5,10,0.004526535560733375,0.0013087718462985423,-5.615529681723795,-0.3158416430155436
5,11,0.004106025011451156,0.0012667499715462327,-5.018674450450473,-0.25307174258761933
5,12,0.0037496126895011574,0.001285914792161849,-4.437318353299742,-0.2739015208350288
5,13,0.003465834442227159,0.0012627954103259576,-3.979491239418218,-0.24325109587775337
5,14,0.003124853397179165,0.0012434441052998106,-3.43909440688145,-0.21514875359005398
5,15,0.0028957698344724415,0.0012335427105426787,-3.1169715454548967,-0.19578970803154838
5,16,0.002670424660368834,0.0012171031933070884,-2.7477697616741983,-0.17608497142791749
5,17,0.0024309884998257513,0.0012058037566021085,-2.374869367811415,-0.150978332095676
5,18,0.0022726987149382445,0.0012162487928031218,-2.116442797507769,-0.16974368360307482
5,19,0.002152463046396956,0.0012202392616826627,-1.95074465215942,-0.1731252431869507
5,20,0.002005299554424889,0.0012031173566356302,-1.705016792556386,-0.144475875960456
5,21,0.0018908352251911973,0.001193368547440817,-1.502437087341591,-0.12924559911092123
5,22,0.0017926504019141933,0.001189665989174197,-1.3665698996296636,-0.12282424635357327
5,23,0.001712316435324833,0.0011855180013096995,-1.241149996533806,-0.1156323234240214
5,24,0.001621749079613774,0.0011840522366886339,-1.116116056618867,-0.11306605736414592
5,25,0.0015639324241352303,0.0011744585017570191,-1.042718071407742,-0.09609362019432915
5,26,0.0015072203571850687,0.0011761645437218249,-0.9327872335174937,-0.09870433939827813
5,27,0.0014606310103525534,0.0011738745392196707,-0.8543914477030436,-0.09461950328614976
5,28,0.0014188681272099967,0.0011612123266483347,-0.776825092162615,-0.07506537834803263
5,29,0.0013611472412989832,0.0011595263378694654,-0.6878652784559461,-0.07407025496164958
5,30,0.0013547509279171074,0.001170234181659503,-0.6806515311017448,-0.08847036759058634
5,31,0.001324298885581946,0.001158966913094951,-0.6419921901490954,-0.06928312646018134
5,32,0.001286423982144046,0.0011563640527634156,-0.5853197421556637,-0.0653429388999939
5,33,0.0012594276185457906,0.0011561510644646155,-0.5314707449924798,-0.06764092445373535
5,34,0.0012448342672238748,0.0011543086109062036,-0.49836401792220125,-0.06537915600670709
5,35,0.0012208264803996792,0.0011568535714306764,-0.48123453781928544,-0.06741428772608439
5,36,0.0012009065474647982,0.0011527284281328321,-0.4457717763053046,-0.05906469159656101
5,37,0.0011834687217035227,0.001151032774295244,-0.4169836373976719,-0.05755877362357246
5,38,0.0011793069578822197,0.0011445291469701462,-0.4227732163888437,-0.04623688856760661
5,39,0.0011655665416684415,0.0011464294123773773,-0.38849955193790386,-0.052503379185994466
5,40,0.0011330293638079807,0.0011470868886034522,-0.3376162858656895,-0.05279032786687215
5,41,0.0011225838240029084,0.0011474595767342383,-0.3224997906037319,-0.05312481456332736
5,42,0.0011140836112454166,0.0011417353163576788,-0.29676536395225994,-0.043675118022494845
5,43,0.001106005381896264,0.0011443717948471507,-0.2915970487359129,-0.048964965343475345
5,44,0.001106152592951225,0.0011413705987959272,-0.29183481122240607,-0.045092325740390356
5,45,0.0011011998059894937,0.0011437943916664355,-0.28649877618860314,-0.04607389370600382
5,46,0.0010886072514601696,0.0011419389448646042,-0.2618197267438159,-0.04581238826115926
5,47,0.001084468306766616,0.001136489715685861,-0.2619270984037423,-0.03661791218651666
5,48,0.0010673345003369046,0.0011389009214730727,-0.23624155241766093,-0.04086638291676839
5,49,0.0010579400937314387,0.0011367610513439608,-0.22827525977735166,-0.038440709643893775
5,50,0.0010562531770793376,0.0011343698573505713,-0.216953197820687,-0.03543354140387641
5,51,0.0010496661808617688,0.0011348800229219098,-0.20659963024987116,-0.03378709289762709
5,52,0.0010613798911188856,0.0011370660504326224,-0.2332026986428249,-0.03796292146046956
5,53,0.0010478030145743195,0.0011400622251029643,-0.20104698678593577,-0.04428873459498087
5,54,0.0010435609598241655,0.0011327089871176416,-0.1955098471523803,-0.03286438120736016
5,55,0.0010248013636971146,0.0011296318171338904,-0.17476560098153573,-0.026058563921186658
5,56,0.0010242881175751488,0.0011313285109483533,-0.16734613886585942,-0.029117435879177516
5,57,0.0010292365258835533,0.0011264604710352919,-0.17575770336904645,-0.024122941493988036
5,58,0.0010236448323768046,0.0011302020504242844,-0.17095988444340082,-0.030323417981465657
5,59,0.0010136775482721902,0.001127040709575845,-0.1566916632063595,-0.024457146061791314
5,60,0.0010061940541893335,0.001128678286396381,-0.13868306257106638,-0.025735788875155978
5,61,0.0010127178390429896,0.001125594070698652,-0.15360955588611555,-0.024731308884090846
5,62,0.0010047926262802915,0.001127242622897029,-0.13706470669051748,-0.02708701292673747
5,63,0.001000876040312887,0.0011274892384082907,-0.13094004260169134,-0.026099703047010633
5,64,0.0009955872080208343,0.0011246519693587388,-0.13263417879740397,-0.020943624443478054
5,65,0.0009912412771725177,0.0011264397103028993,-0.12454448967804144,-0.0241593254937066
5,66,0.0009913108639281105,0.0011246941608583762,-0.12036875957324181,-0.02408803833855523
5,67,0.0009939004813700363,0.0011220382746412521,-0.11378733743855983,-0.01902932325998942
5,68,0.0009854512174188356,0.0011226944159716367,-0.11035035730879984,-0.021321680810716417
5,69,0.0009839600357399495,0.0011199313772117926,-0.10460829926125798,-0.016632131735483804
5,70,0.000987834331182832,0.0011220478504482244,-0.11046732266743978,-0.019433544741736516
5,71,0.0009794652545364734,0.0011199865541938279,-0.10839303967393475,-0.017463048299153645
5,72,0.0009745610068713165,0.001120414474927303,-0.08997874627878637,-0.017720042334662543
5,73,0.0009689447977350174,0.0011192157618804938,-0.08462377610029997,-0.01789491441514757
5,74,0.0009709037751258339,0.0011216376494202348,-0.0898523892885373,-0.02347363895840115
5,75,0.0009658598938933861,0.0011181022273376584,-0.08603860390039138,-0.016336451636420356
5,76,0.0009631188551860827,0.0011200856533832848,-0.0767233340828507,-0.021128740575578477
5,77,0.0009645435742079568,0.0011198287868561844,-0.08123769966172584,-0.021435961458418105
5,78,0.0009639924291498316,0.001117397082917806,-0.08014439756487622,-0.01600153578652276
5,79,0.0009599659839116129,0.001113379696228852,-0.07558926314483454,-0.012638604640960694
5,80,0.0009529218694229645,0.001115052023022953,-0.06345663365022636,-0.014165613386366103
5,81,0.000954738683440941,0.001114039214897073,-0.06534931909890822,-0.01338568263583713
5,82,0.0009506856864548208,0.0011128660718289515,-0.061171028643478585,-0.01129680871963501
5,83,0.0009523273125164395,0.0011119300797064271,-0.060503426598913876,-0.010977927843729656
5,84,0.0009500612372555483,0.001113116231540011,-0.057807918389638266,-0.011006049315134684
5,85,0.0009581522807697363,0.0011084144805661505,-0.09788546120678937,-0.006964479552374946
5,86,0.0009540334430143789,0.0011116578929229743,-0.07770045274569665,-0.013038652473025852
5,87,0.000940822397450698,0.0011104670676609708,-0.04667166883562818,-0.010476811726888021
5,88,0.0009432491485638842,0.0011095856743243834,-0.04514726370940974,-0.010545967684851752
5,89,0.0009444439994964611,0.0011059045119004118,-0.04947525880954884,-0.007722553941938612
5,90,0.0009533362374008621,0.0011069540451798174,-0.06437460684481962,-0.00790737337536282
5,91,0.0009331095351458148,0.0011065545233173502,-0.03605214269072921,-0.009076992670694986
5,92,0.0009377775115915287,0.0011045102120584083,-0.04823802429952739,-0.008608391549852159
5,93,0.000934992976958093,0.001102925914650162,-0.03413114606598277,-0.006335337956746419
5,94,0.0009272152986262499,0.0011006412756008406,-0.027567734836060325,-0.003544815381368001
5,95,0.0009318036245711056,0.0011008033063262701,-0.03226255943745743,-0.005040922429826525
5,96,0.0009349490630865833,0.0011021869295897583,-0.03999573271951558,-0.0062850726975335015
5,97,0.0009280431982601222,0.001097692544054654,-0.02768825954861111,-0.0024258017539978026
5,98,0.0009183072482155245,0.0010985375356136096,-0.015586618288063708,-0.003415611055162218
5,99,0.0009243440907735975,0.0010976663855318395,-0.026086348368797772,-0.002297247780693902
5,100,0.0009271135716124174,0.0010965024897207816,-0.026495657879629254,-0.001561366187201606
5,101,0.0009165402818011281,0.0010950025093431274,-0.01604253774807777,0.00015003813637627495
5,102,0.0009163288083387377,0.001095839847241425,-0.014681974163761845,-0.004258187611897787
5,103,0.0009191453787440687,0.0010952289449051023,-0.0217358829062662,-0.0007070832782321506
5,104,0.0009144243054137922,0.0010911060406619477,-0.018142198780436575,0.00325930118560791
5,105,0.0009170202712275456,0.0010882955147988266,-0.028921319525918844,0.006737278567420112
5,106,0.0009102351885909836,0.0010907754237349662,-0.0067782394679976096,0.0009110940827263726
5,107,0.0009120356478371922,0.0010873342075178192,-0.01509039240118898,0.0028380751609802246
5,108,0.0009047662406688396,0.0010853103568984402,-0.00032665361592799057,0.006228560871548123
5,109,0.0009070067025468121,0.001085325404225538,-0.004560088375468313,0.005588169892628988
5,110,0.000900166165974727,0.0010858829391913283,0.0007087623631512677,0.0030543552504645453
5,111,0.0009015196656957729,0.0010832129757747883,0.00424755561498948,0.005589024225870768
5,112,0.0009078796409691374,0.0010816607766577766,-0.01998384278497578,0.006814846727583143
5,113,0.0009053227017392163,0.0010789776971149776,-0.006765169126016123,0.010503437783983018
5,114,0.0008975908817022027,0.0010771036186876396,0.0035289876254988306,0.010044325722588433
5,115,0.0008957799265368118,0.0010764877518845929,0.0033516789660041715,0.010273811552259657
5,116,0.0008994119677313224,0.0010722807311039004,0.003968773506305836,0.01386088530222575
5,117,0.0008907567522844967,0.0010742818173538479,0.011884141557010603,0.011461766560872395
5,118,0.0009084084575685362,0.001071232447348949,-0.003906577016100471,0.015494949287838407
5,119,0.0008978813606383348,0.001070971871053593,0.0033960963472907924,0.014734567536248102
5,120,0.0008896301017591247,0.0010693708589921394,0.012226889310059724,0.015792738066779242
5,121,0.0008871180284193452,0.0010689656883995566,0.010809967400115214,0.013036359681023492
5,122,0.0008835193134821307,0.0010652530977192025,0.022748259997662203,0.01789871056874593
5,123,0.0008842756460064355,0.001062994405058109,0.01762217268531705,0.020072672102186415
5,124,0.0008784148620763494,0.0010615943323096467,0.028151858147279715,0.020753428671095107
5,125,0.000875299068938159,0.0010632089481482075,0.03239715467264623,0.01948300070232815
5,126,0.0008809489675188139,0.0010601525013852451,0.02007864507628076,0.01977644231584337
5,127,0.0008729992319404343,0.0010590722124713162,0.03222101411701721,0.02103585402170817
5,128,0.0008764079600906022,0.0010562818355133964,0.02484227772112246,0.02205734650293986
5,129,0.0008724555978264062,0.0010568587626847957,0.03196156510600337,0.022595416174994574
5,130,0.0008699133831225796,0.0010549615693485571,0.03420137961705526,0.02367685768339369
5,131,0.0008683712415707608,0.0010534508076185981,0.038818473727614794,0.026085281372070314
5,132,0.0008680091012430227,0.0010519452108484176,0.03880806866987252,0.02503077056672838
5,133,0.0008622948008439974,0.0010496374077370598,0.045884408332683424,0.026562558280097112
5,134,0.0008686339650820526,0.0010509082555977835,0.03489919459378278,0.021223093403710258
5,135,0.0008691466949523691,0.0010468360282377236,0.02650550706886951,0.028308529324001738
5,136,0.0008578090127959939,0.001047262166523271,0.049563743597195474,0.029455056455400256
5,137,0.0008577101475869616,0.0010424591329259178,0.04585552289162153,0.034124464458889434
5,138,0.0008556584932519421,0.0010453130648885335,0.05257787218800297,0.03141630887985229
5,139,0.0008557050730343219,0.0010391518978091578,0.05245054960250854,0.034488564067416724
5,140,0.0008490803763615312,0.0010379028079720834,0.05997991105656565,0.03430761231316461
5,141,0.0008507358781234533,0.001036397494479186,0.05513892203201482,0.037700582875145806
5,142,0.00084840058978578,0.0010377677830143107,0.05356021207055928,0.03519335720274183
5,143,0.0008450150117565545,0.0010327683153769209,0.066778043758722,0.036966964933607314
5,144,0.000842541801156821,0.0010343678748338586,0.06544912317652761,0.03508687416712443
5,145,0.000840009115981283,0.0010293314789628816,0.06654503610399035,0.04428905248641968
5,146,0.0008441262721819918,0.001026917272247374,0.06559187321015346,0.04400264157189263
5,147,0.0008413704625261878,0.0010248384710090856,0.06513547470540176,0.04348959128061931
5,148,0.000839283458750557,0.0010262301411583191,0.06850293874740601,0.04317548539903429
5,149,0.0008380212055024818,0.0010243242011509007,0.06776815520392523,0.04500125116772122
5,150,0.0008317017604389952,0.001022954907320026,0.07669145413386969,0.04666036102506849
5,151,0.0008279471803330069,0.0010232185026527278,0.07939247305010572,0.04358267916573418
5,152,0.0008280672381609035,0.0010178343716284468,0.07848931227201297,0.048741319444444445
5,153,0.0008258330239052022,0.0010196337101256682,0.08156765979013325,0.045111857520209415
5,154,0.0008255940803073715,0.0010155782983120945,0.08201076454586453,0.04988726642396715
5,155,0.0008237274564848638,0.0010149519282600119,0.08336195371769092,0.049660280015733506
5,156,0.000821974920252637,0.0010167613263345426,0.08449806490062195,0.0479875816239251
5,157,0.0008329185320892268,0.0010165624023001226,0.06063869764775406,0.0532169673177931
5,158,0.0008296670114770992,0.0010149988087101115,0.07846114885659865,0.04962257146835327
5,159,0.0008232371007770668,0.0010102626802917156,0.0747842099931505,0.05459503332773844
5,160,0.0008146123884441216,0.0010110300900931987,0.09349697857727239,0.05114828613069322
5,161,0.0008151164114544238,0.0010090760188177228,0.09335275255603555,0.05720198684268528
5,162,0.0008099508743422727,0.0010072974772709939,0.09853748068397428,0.057479894161224364
5,163,0.0008069878525997478,0.0010074954596348106,0.09917847860006639,0.05456706285476685
5,164,0.0008031198019046842,0.0010032577879933848,0.10504408927611363,0.05766212675306532
5,165,0.0008048619482850219,0.001000102663723131,0.10379162732465767,0.058990922239091664
5,166,0.000804440907265899,0.0010023646910364429,0.1028788204546328,0.05929611259036594
5,167,0.0007980962650402001,0.0009965728205214772,0.111842816994514,0.06560902065700955
5,168,0.0007989934631220904,0.000996500958636817,0.10895947188506892,0.06311960750155979
5,169,0.0008020720977830574,0.0009985610131277806,0.09441278289865565,0.05726604064305623
5,170,0.0007910422298102927,0.0009957436562722756,0.11771297631440339,0.06365575260586209
5,171,0.0007890359078890379,0.0009954826453597181,0.11758205772917947,0.062479130427042645
5,172,0.0007910636247906052,0.000990747230955296,0.11620264053344727,0.06884167061911689
5,173,0.0007858372692961567,0.0009956562141370442,0.12238819363676472,0.06427185535430908
5,174,0.0007864219766041194,0.0009899271354596648,0.12293579019146202,0.06988094912634955
5,175,0.0007854173439957293,0.0009905489459116426,0.12212651585355216,0.06649776167339749
5,176,0.0007798874973503436,0.000988381606940594,0.12616054187586279,0.07099792427486844
5,177,0.0007822103115706992,0.0009876659411626558,0.12653061254524892,0.0714292844136556
5,178,0.000782709467270768,0.0009873114978998072,0.12119928053867669,0.06966673930486043
5,179,0.0007802939141617606,0.0009878281581526002,0.12252089741789264,0.07116188473171658
5,180,0.0007694513111570735,0.0009843410833531784,0.13785682651731704,0.07343723906411065
5,181,0.0007726434684347039,0.0009849561649995545,0.13323285138165508,0.0711813489596049
5,182,0.0007686662510681299,0.000983088572199146,0.1364380552444929,0.07852483590443929
5,183,0.0007664610483729637,0.0009820566900695363,0.14222041839434776,0.0784854703479343
5,184,0.0007672827709523708,0.0009808868441420298,0.13894251423117554,0.07748438782162137
5,185,0.0007665356836730131,0.000979105502160059,0.1379563511153798,0.078746145301395
5,186,0.0007570546114656293,0.0009801207394856545,0.15012675670929898,0.0768487122323778
5,187,0.0007612347483554464,0.0009764405652984149,0.14426927537093928,0.08064185116026136
5,188,0.0007518472371300981,0.0009738782317274147,0.1542434608494794,0.08298154539532132
5,189,0.0007511434540508981,0.0009733326681372192,0.15555095525435458,0.08392328686184353
5,190,0.0007498014087351844,0.0009752505497696499,0.15587598747677273,0.08547508981492784
5,191,0.0007475659124737169,0.0009722359995875093,0.15479521251019138,0.08497109280692207
5,192,0.0007475662670374193,0.0009739219857793715,0.15229947993784776,0.08358890480465359
5,193,0.0007437304951492007,0.0009735452994290325,0.16173526254701026,0.08279181321461995
5,194,0.0007451244941797614,0.0009686260238393313,0.15788586949124747,0.08845177623960707
5,195,0.0007389946257189652,0.000971242847541968,0.1677133142212291,0.08697945409350925
5,196,0.0007391779263860282,0.0009701988297618097,0.16455777324276205,0.08604830106099447
5,197,0.0007367402004698913,0.0009712440763703651,0.16759506066640217,0.08711359368430244
5,198,0.0007386837393206395,0.0009904962576304873,0.16755251766722878,0.08713126182556152
5,199,0.0007649507600653134,0.0009918876354479127,0.14410883526743193,0.059644259346856014
5,200,0.0007421769870065704,0.0009839200751028127,0.1641118660385226,0.06541151338153416
5,201,0.0007465208859044921,0.0009761968549961846,0.16247904727488388,0.07283642954296536
5,202,0.0007385381046153697,0.0009752793974863986,0.16734310226675905,0.07670399612850613
5,203,0.0007342928645407988,0.0009675040582401885,0.16718508476092492,0.0891237046983507
5,204,0.000730023525632274,0.0009673790113689999,0.17495938171575098,0.09365634123484294
5,205,0.0007288964919423983,0.0009681384273183842,0.17295328466980545,0.09096277952194214
5,206,0.0007215760139472506,0.0009608376654796303,0.18351313258394783,0.09664846261342366
5,207,0.0007177039565529997,0.0009660434870359798,0.18784393616664558,0.09378820525275336
5,208,0.0007264572481716765,0.0009666904496649901,0.17993685757672345,0.08950414525138008
5,209,0.0007312748855681239,0.0009725125868701273,0.17554970744215412,0.08312423229217529
5,210,0.0007254567455764814,0.0009658600139017734,0.17999690682799727,0.0943501353263855
5,211,0.0007357673702278623,0.0009670472419303325,0.17479451261920692,0.08118008640077379
5,212,0.0007281826370694663,0.000964697419355313,0.17517775179427347,0.09011291927761501
5,213,0.0007204858282937403,0.0009583682714340587,0.17754033583181875,0.10029385884602865
5,214,0.0007143679243098531,0.0009575985850662821,0.18944871543366232,0.0966936084959242
5,215,0.0007120606056874457,0.0009606302237241632,0.18984802652288366,0.09548103014628093
5,216,0.0007114277324742741,0.0009555695863026712,0.18999399373560777,0.09805437061521742
5,217,0.000708720326728337,0.0009582495174577666,0.19415934645099403,0.09940447012583414
5,218,0.0007062195909473999,0.0009537902790018254,0.19647526770462226,0.10626339912414551
5,219,0.000706582903045655,0.0009511818139192958,0.19603260667235764,0.10341924561394586
5,220,0.0007060533869482669,0.0009554839705944889,0.19680154220557508,0.09888348579406739
5,221,0.0007023583928031134,0.0009539130881118278,0.19776545527540607,0.1004108746846517
5,222,0.0006975623229978445,0.0009515304752211604,0.20475123208246113,0.1041513548956977
5,223,0.0006965681469286389,0.0009489843000968297,0.20477449540738707,0.10994073814815945
5,224,0.0006990469500629438,0.0009462074182617167,0.19903989706510378,0.10656077067057292
5,225,0.0006915678323338522,0.0009493300730052094,0.2094243594157843,0.10512336624993218
5,226,0.0006903929789665581,0.0009580916750969159,0.2106327814820372,0.10031027793884277
5,227,0.0006883004724829929,0.0009480956139870816,0.21303517318066256,0.10536246432198418
5,228,0.0006906664263411069,0.0009489341833007832,0.20818610264931195,0.10679675075742934
5,229,0.0006878286555558903,0.0009422045679659479,0.21435332945835442,0.1107255948914422
5,230,0.0006834057652690437,0.0009521017937610547,0.21661983448782085,0.10381439394421048
5,231,0.0006846357543699811,0.0009460906459329029,0.2169345474537508,0.10458558797836304
5,232,0.0006770473765496763,0.0009421581531771355,0.22323957519766724,0.11243638594945272
5,233,0.0006804672893378194,0.0009446681114948458,0.2193605027081054,0.10873717864354451
5,234,0.0006768772440364607,0.0009424557379033002,0.21918475289403658,0.10813250144322713
5,235,0.0006745991338745771,0.0009476103781101605,0.2252315135649693,0.10475059217876859
5,236,0.0006792722287139407,0.0009423018860009809,0.2199094114480195,0.11315354506174723
5,237,0.0006751483711586507,0.0009502003111669586,0.22250239172099548,0.10304368336995443
5,238,0.0006695951536343789,0.0009421147082725333,0.2275890463664208,0.11072743733723958
5,239,0.0006759921292900855,0.0009393398455965022,0.22259275324550676,0.11173963679207696
5,240,0.0006683404908090094,0.0009448847539412479,0.22929966729364276,0.10861238373650445
5,241,0.0006672572654982408,0.0009364993466685216,0.2302587139753648,0.1119692325592041
5,242,0.0006642346026053951,0.0009404625627212227,0.22992444627078962,0.11214216815100776
5,243,0.0006592364228663989,0.0009481347282417118,0.23768594794803197,0.10561605029635959
5,244,0.0006598668052228512,0.0009406880708411336,0.23831418090396458,0.11068920691808065
5,245,0.0006590480058178029,0.0009366407175548375,0.23935197061962551,0.11592002709706624
5,246,0.0006607851140017127,0.0009467863788207372,0.23624745180577408,0.10606450107362535
5,247,0.0006591777036966825,0.0009372015897598532,0.23963771396213107,0.1147786365614997
5,248,0.0006595521767186806,0.0009398688523409267,0.23766054253519317,0.11181795861985948
5,249,0.000655751037095202,0.0009358201305278474,0.2409944275279104,0.1150308092435201
5,250,0.0006527757287933778,0.00093420775503748,0.24320822998329444,0.11580593056148952
5,251,0.0006500921991113343,0.000944421895676189,0.24481516355349695,0.10986093547609117
5,252,0.0006501257241370134,0.0009365616676708063,0.24756307116261236,0.1136171023050944
5,253,0.000650912750063947,0.0009411488879575498,0.24394375924710873,0.11242284642325508
5,254,0.0006517688316913943,0.0009397571000994907,0.2412437540513498,0.1089636034435696
5,255,0.0006465840025482999,0.0009378864559241467,0.24707968205581476,0.11399538119633992
5,256,0.0006485108737431374,0.0009345211528448595,0.24471023406511472,0.11591332091225517
5,257,0.0006440022337986271,0.0009306021487443812,0.25276362586904455,0.11821812921100193
5,258,0.000639641032565707,0.000931410333659086,0.25397470159295166,0.11874232292175294
5,259,0.0006364135472621355,0.0009383877635829979,0.2589024484893422,0.11061885091993544
5,260,0.0006363556819485018,0.0009357305579922265,0.2562226224828649,0.11573866075939603
5,261,0.0006348737963923701,0.0009369978525986274,0.2601489361421562,0.11332758002811008
5,262,0.0006322781128498416,0.0009308219473395082,0.2614267615624416,0.11747057570351495
5,263,0.0006339481070258275,0.0009323003184464242,0.2575380242901084,0.11537473334206474
5,264,0.0006302425422257295,0.0009277170148885085,0.26403145407452994,0.11924313439263237
5,265,0.0006293891587030189,0.0009361265550574495,0.26247911011731184,0.11356472041871812
5,266,0.0006278325015977945,0.0009367630299594667,0.2653782976998223,0.11356978946261936
5,267,0.0006233583090907354,0.0009363659049591256,0.2703782461307667,0.11708475218878853
5,268,0.0006276978119448931,0.0009349199969114529,0.26306804418563845,0.11903606123394436
5,269,0.0006196067697242086,0.0009363172912142342,0.2739051275783115,0.11568863789240519
5,270,0.0006196796112222436,0.0009368399468561013,0.27239049349302125,0.11309142775005765
5,271,0.0006182124736189935,0.0009283739556041029,0.27385368788683856,0.12108495367897881
5,272,0.0006151774740076544,0.0009335254319012166,0.2778710658167615,0.11553600894080268
5,273,0.0006178397943990098,0.0009242040493215123,0.27290142804016304,0.12333911259969076
5,274,0.0006239381611611648,0.0009603079279056853,0.26986299753189086,0.0906774984465705
5,275,0.0006223526495842286,0.0009377197737598584,0.27073864613050297,0.10570019616021051
5,276,0.0006143243297831052,0.0009242584773649772,0.2792221635947993,0.12444430589675903
5,277,0.0006153073029615629,0.0009338884045266443,0.27824929334499215,0.11482192940182157
5,278,0.0006187593103041528,0.000956835935357958,0.27301637081452357,0.09242187208599514
5,279,0.0006138196588712342,0.0009296270087361336,0.27780218771946286,0.12115052408642239
5,280,0.0006130976560755553,0.0009433837930878831,0.28139800392551184,0.10584418773651123
5,281,0.0006067131635916913,0.0009311371495843762,0.28443221869292085,0.11551568905512492
5,282,0.0006034913569125405,0.0009271989705868894,0.2891253720095128,0.11984871625900269
5,283,0.0006011302449257562,0.0009251395175750884,0.29036411356042935,0.12204291158252292
5,284,0.0006045086368240048,0.0009273291099816561,0.28447806555547833,0.11631159914864433
5,285,0.0006011396893702539,0.000945450690212763,0.2904018862747852,0.10114236540264554
5,286,0.0005988133388548446,0.0009221031136500339,0.29198114180270535,0.12441476980845133
5,287,0.0005963743162732342,0.0009263908723369241,0.2952773126555078,0.11975840197669135
5,288,0.0005964269255069487,0.0009330776144957376,0.29406533829959824,0.11513198084301418
5,289,0.0005987152779175912,0.0009279616293497384,0.29324061811706165,0.11698633829752604
5,290,0.000594944560635881,0.0009261973745500047,0.2953707096017437,0.12139587534798515
5,291,0.0005899967940489727,0.0009261627578073078,0.30046318460393834,0.12092179987165663
5,292,0.000590702823943884,0.0009191941521647903,0.3008103878409774,0.1267329454421997
5,293,0.0005905781967427444,0.0009320175909023318,0.30053792308878013,0.11398020320468479
5,294,0.00060119450374012,0.0009328441293392745,0.2879748962543629,0.11536600059933133
5,295,0.000588783287058044,0.0009397895864417983,0.30096676423225877,0.1088509890768263
5,296,0.0005851573082273482,0.0009236925954206123,0.30721192713137024,0.12107210954030355
5,297,0.0005870361473227357,0.0009195818138929705,0.30419651873317766,0.12445290353563097
5,298,0.0005847490442928249,0.0009165615761756069,0.3049629421881688,0.12477218310038249
5,299,0.000583502895164269,0.0009216683218255639,0.3076163533293171,0.12205236885282729
5,300,0.0005921708960316064,0.0009191277553327381,0.29657139630965246,0.12222181558609009
6,1,0.08840993864944688,0.015235455354882611,-138.87538659837512,-19.743787251578436
6,2,0.019673139010958466,0.003749774241199096,-29.582659192732823,-3.6992385758294
6,3,0.011676894353679669,0.0019819807519929275,-16.988810221942856,-1.2637433661354913
6,4,0.009045298850554743,0.001467119333230787,-12.789450551845409,-0.5240839189953275
6,5,0.007602998879910619,0.0013042307588168316,-10.506348769458723,-0.317259250746833
6,6,0.00671115083688939,0.0013109433412965802,-9.155503574712776,-0.3286307334899902
6,7,0.006119353295430357,0.0012947709894635612,-8.185024245580037,-0.3011682218975491
6,8,0.005564246762451934,0.001288465415644977,-7.326184255105478,-0.2963580184512668
6,9,0.005067599018644771,0.00124872543124689,-6.531008047822081,-0.2541071203019884
6,10,0.00466802442147408,0.0012514283570150533,-5.9311483951262485,-0.24924485153622097
6,11,0.004243629889125809,0.0012448118171758122,-5.254150299084039,-0.23843720224168566
6,12,0.0038975362608462205,0.0012230047593928045,-4.724900268919674,-0.21265792846679688
6,13,0.0036286093633805896,0.0012215190515336063,-4.286686185554222,-0.20402013725704618
6,14,0.0033152869626603743,0.0012232136809163623,-3.802143619089951,-0.2063594102859497
6,15,0.0030531565520774437,0.0012012692944457133,-3.404473717124374,-0.17593604988522
6,16,0.002804308057544224,0.0012228212940196197,-3.00917203867877,-0.20327218373616537
6,17,0.00262054372176436,0.0011923789357145627,-2.71138695081075,-0.1657756725947062
6,18,0.0024106576607597096,0.0011741603440087703,-2.3827992371570916,-0.1381261905034383
6,19,0.0022529280307576243,0.0011845158413052558,-2.0984939130735984,-0.15213103029463027
6,20,0.002151885075080726,0.0011560815903875563,-1.96010373433431,-0.11281317340003119
6,21,0.0020045275564225,0.0011479249068846306,-1.70519204404619,-0.09992213911480374
6,22,0.0019065097940188867,0.0011551678465265367,-1.5640188002292021,-0.10957331922319201
6,23,0.001792091306551923,0.001149855393709408,-1.381801352383178,-0.10186751153733996
6,24,0.0017307262680849728,0.0011388840490124293,-1.2742331045645254,-0.0864632593260871
6,25,0.0016577979888950968,0.0011277537560090423,-1.1590713633431329,-0.07165060838063558
6,26,0.001590978501962475,0.0011271441381217706,-1.0605391063807923,-0.07127188444137574
6,27,0.0015158997730777403,0.0011254557382522359,-0.946558584401637,-0.06687716245651246
6,28,0.0015061299578160233,0.0011166526056412193,-0.9358350418232105,-0.054420525497860375
6,29,0.0014773152032752097,0.0011204525517920652,-0.874019444135972,-0.06318868266211616
6,30,0.0014103186552493292,0.001116410078894761,-0.7617046768282667,-0.054437988334231906
6,31,0.0013621805916988739,0.0011101996396771735,-0.7000389717243336,-0.048866797818077935
6,32,0.001344257576195638,0.0011084811684365073,-0.6781906822581351,-0.04701571994357639
6,33,0.0013134754484197425,0.0011078859368960062,-0.617982209758994,-0.042712952031029594
6,34,0.0012931845188255847,0.0011072583108519515,-0.5905793472572609,-0.043358312712775335
6,35,0.0012576123271252455,0.0010989520543565354,-0.526033251962544,-0.032210274537404375
6,36,0.0012358140413085987,0.0010994877019483182,-0.4958643303977119,-0.03194947905010647
6,37,0.0012279715900665815,0.0011004343189092145,-0.4868755708506078,-0.03326238393783569
6,38,0.0012018981846739296,0.0011008898908686307,-0.44139097413898987,-0.03409944110446506
6,39,0.001192587861262354,0.0010994297219440341,-0.4310662852393256,-0.03260480695300632
6,40,0.0011788433544153785,0.0010934886600201328,-0.40653696825474867,-0.025225843323601616
6,41,0.0011690022935515936,0.0010977081514688001,-0.3986661339983528,-0.03016918102900187
6,42,0.0011652414428277148,0.0010977878416371014,-0.39714919843791446,-0.030990991327497695
6,43,0.001154793566380294,0.0010914926727612813,-0.3668281234340903,-0.022617602348327638
6,44,0.0011377586230037757,0.0010877668909314605,-0.35303789686273646,-0.015769569079081218
6,45,0.001118136467239647,0.0010852217363814512,-0.3109234689194479,-0.014094588491651747
6,46,0.0011151399747985932,0.0010848549815515678,-0.3021758921352434,-0.013410773542192247
6,47,0.001115240396954763,0.0010853769024834036,-0.31111318034890256,-0.013730377621120877
6,48,0.0011094626045015492,0.0010834773898952537,-0.2999216421150867,-0.011728774176703559
6,49,0.0010914050031131431,0.0010821175683910647,-0.27330856853061253,-0.010081463389926486
6,50,0.0010962769682346671,0.0010852129767752357,-0.2794981660666289,-0.013918884595235189
6,51,0.0010727110686769457,0.0010838477768831782,-0.24691480471764082,-0.012017440795898438
6,52,0.0010769093841785727,0.001079421526648932,-0.24651726248823566,-0.006293757756551107
6,53,0.0010598019297223217,0.001078149130464428,-0.22168627050187853,-0.004892329374949138
6,54,0.0010611004302462125,0.0010791136572758356,-0.22528917848328014,-0.005217081970638699
6,55,0.0010558010740090668,0.001075604203571048,-0.21507837198398733,-0.0030084119902716745
6,56,0.0010487063169870297,0.0010778328326220314,-0.19965507277735958,-0.00542018281088935
6,57,0.001052041236817101,0.001076834340993729,-0.2023354802602603,-0.004300675127241346
6,58,0.0010480441578468423,0.0010747671127319335,-0.21016234792309044,-0.002749416563245985
6,59,0.0010384295871596278,0.0010760047317792973,-0.18292034570081733,-0.002178955078125
6,60,0.00103479619971534,0.001074650361099177,-0.1839887825059302,-0.0027020706070793998
6,61,0.001027484069129935,0.0010730168704564372,-0.16778534194569528,-8.24835565355089e-05
6,62,0.0010280197010559525,0.0010709685739129782,-0.17525497763245193,0.004742121696472168
6,63,0.0010304668501456395,0.0010690849765928256,-0.18180796540813682,0.004840358098347982
6,64,0.001021397526283967,0.0010714908699608512,-0.17072731374222555,0.0013185660044352213
6,65,0.0010113328680924978,0.0010677386877230473,-0.15459252036648033,0.006752181053161621
6,66,0.0010100540942167518,0.0010700332802823847,-0.16145363015893066,0.004406470722622341
6,67,0.0010032514824508977,0.001068518846295774,-0.1340600935029395,0.0065415925449795196
6,68,0.0010102295960633108,0.0010651548030889697,-0.1507633219530553,0.009289850129021539
6,69,0.0010124155725524933,0.0010679942038324143,-0.1504271776587875,0.006133776240878635
6,70,0.0010006441207269184,0.0010626408193881312,-0.13782883131945575,0.01188145875930786
6,71,0.0009901405797903369,0.001063673912237088,-0.11743889134607197,0.010876619815826416
6,72,0.0009861389864925984,0.0010673259850591422,-0.11032587981518403,0.005695145659976536
6,73,0.000995651557524171,0.0010642920077467957,-0.14020422373288943,0.00941889418496026
6,74,0.000982143782240189,0.0010639924607757066,-0.10495522404894417,0.007927948898739285
6,75,0.0009805499846230687,0.001062894056344198,-0.10527918353492831,0.010748269822862413
6,76,0.0009762073389863894,0.001061834392344786,-0.09364884208749842,0.010796156194474962
6,77,0.0009780431752679525,0.0010613136898933186,-0.09485851379088414,0.010431820816463894
6,78,0.0009712955027669208,0.0010589136871405774,-0.08486962833522278,0.014278544320000542
6,79,0.000969954102334601,0.0010583966918703582,-0.09095447107597633,0.013153141074710422
6,80,0.000977914895068992,0.0010554719121298856,-0.10320460001627604,0.016412652863396538
6,81,0.000977183773216826,0.0010575008061197069,-0.09409773879581028,0.013942474789089627
6,82,0.0009616486452243946,0.0010560130959169733,-0.07533461547192231,0.01562029520670573
6,83,0.0009646386067658939,0.001054424714917938,-0.07903595044289106,0.018350605169932047
6,84,0.0009661459486161209,0.0010514874269978867,-0.0899478472309348,0.01946740017996894
6,85,0.0009589192131246773,0.001053395743171374,-0.0706696605976717,0.017528612083858915
6,86,0.0009489898216324272,0.001050169300287962,-0.05644314377396195,0.021500513288709854
6,87,0.0009516011019536282,0.001051142871276372,-0.0608414900155715,0.020222398969862197
6,88,0.0009507647376323556,0.0010496693896129728,-0.06189806255293481,0.022163956695132787
6,89,0.0009457734347332591,0.0010510729496470755,-0.05607752240734336,0.01941761573155721
6,90,0.0009419721295413228,0.001046565576042566,-0.053204578087653644,0.023559517330593534
6,91,0.0009401352308621561,0.0010458530470107994,-0.04677637977364622,0.02400876945919461
6,92,0.0009409964969956581,0.0010418688542106085,-0.047280965763845564,0.02880562014049954
6,93,0.0009387744415298473,0.001047647889289591,-0.0524575878072668,0.021029288238949246
6,94,0.0009362798382493633,0.0010425927971179287,-0.043182548034338304,0.02668890290790134
6,95,0.0009371407328598937,0.0010405164496559236,-0.045457652910256094,0.029804348945617676
6,96,0.0009366072217048502,0.001043184212822881,-0.04569552798330048,0.027660426828596325
6,97,0.0009300912806568782,0.0010368594977383813,-0.03389636646082372,0.03273907502492269
6,98,0.0009290160335324428,0.0010397707008653217,-0.034732682469450396,0.027710423204633926
6,99,0.0009289483978114102,0.0010354537051171064,-0.03307484035138731,0.033740001254611546
6,100,0.0009249647337667368,0.0010335866568817033,-0.02958478147600904,0.03575984769397312
6,101,0.0009251105981407526,0.0010351266737820375,-0.028575204184025895,0.03321461810006036
6,102,0.0009166839831497198,0.0010333386741371619,-0.015665791505648768,0.033441530333624944
6,103,0.0009195805087478624,0.0010298644891008734,-0.020685639204802337,0.03699449963039822
6,104,0.0009251217786107718,0.0010300097624874778,-0.0336779526722284,0.03662288188934326
6,105,0.0009140865299505768,0.0010296382398034135,-0.023033640266936502,0.03653618229760064
6,106,0.0009108099873741099,0.0010280235489416453,-0.014337832692228717,0.03705089754528469
6,107,0.00091791693020589,0.0010256717938722836,-0.01608145899242825,0.03942705127927992
6,108,0.0009137145637385087,0.001023942198500865,-0.012355642554200725,0.04176505936516656
6,109,0.0009108562029633717,0.0010229185042488905,-0.015225326131891322,0.0422702153523763
6,110,0.0009081337572201903,0.001024164611266719,-0.008851366425737922,0.040475673145718045
6,111,0.0009002276371451623,0.001024848015771972,0.0010555978174562808,0.0375980708334181
6,112,0.0009017146307469151,0.001018990382241706,0.0009498266526210455,0.04502628644307454
6,113,0.0008975075826589248,0.001016559019788272,0.006263519805154683,0.04825231499142117
6,114,0.0008966920801070461,0.0010166118956274456,0.00468835551061748,0.04732145335939195
6,115,0.0008942805275171536,0.001016907453433507,0.004197412802849287,0.04588630861706204
6,116,0.0008970645020635407,0.0010151205558536782,0.002178402594578119,0.04644306633207533
6,117,0.0008900392441262985,0.001011347501642174,0.013373022462114876,0.05134506225585937
6,118,0.0008935205543551732,0.0010133273563244277,0.009174698370474356,0.04828201664818658
6,119,0.0008909108739541729,0.0010110182221978903,0.009286304462103196,0.05031624370151096
6,120,0.0008827085037612253,0.0010070212185382843,0.02091015179951986,0.05499671830071343
6,121,0.000883181066321278,0.0010070248843274182,0.02036151694662777,0.05368255641725328
6,122,0.0008840900161706004,0.0010044735338952807,0.01779954904391442,0.05656949414147271
6,123,0.0008784334089055105,0.0010047226549229687,0.026858884758419462,0.054582732253604466
6,124,0.0008793743215156374,0.0010018374874360032,0.017177352493191942,0.057574269506666394
6,125,0.0008801619895952351,0.0010015674401074649,0.019762600498434937,0.05678958363003201
6,126,0.0008692200120285522,0.0009996967545400062,0.03664757189927278,0.05968640512890286
6,127,0.000869545880360184,0.0009987088075528543,0.03258740887229825,0.060394473870595294
6,128,0.0008656168389594021,0.0009989130672895246,0.038448895054099,0.05853195720248752
6,129,0.0008654259883994122,0.0009946602888198362,0.041242446134119856,0.06472843885421753
6,130,0.0008632984992553607,0.0009932530474745566,0.04038543215504399,0.06461354626549615
6,131,0.0008591351552038556,0.0009938249985376993,0.04408680627375473,0.06472310225168863
6,132,0.0008591629722856997,0.00099031500156141,0.04501889885207753,0.06624267366197374
6,133,0.0008635990153480736,0.0009895129155160652,0.029657460583580864,0.06820436848534478
6,134,0.0008575584978026188,0.0009886600258242754,0.050900403364205066,0.06632258892059326
6,135,0.0008537539516656119,0.0009853999570219054,0.047321079984123327,0.07034289042154948
6,136,0.0008519518373097167,0.0009885455611058408,0.056662356117625295,0.0683445413907369
6,137,0.000850117395568731,0.0009886453600807322,0.05241913883774369,0.06698440578248765
6,138,0.0008478995731652335,0.0009838638620244132,0.05747171537375745,0.07256350119908651
6,139,0.0008481938863334097,0.0009805711814098888,0.04936836354526473,0.07388369507259793
6,140,0.0008420325266657237,0.0009840511328851184,0.06434135083799009,0.07133449845843845
6,141,0.0008423309172446162,0.0009831279697310594,0.06165067693333567,0.07218979464636908
6,142,0.0008363749633577686,0.0009802948217839003,0.07058059595249318,0.07382519642512003
6,143,0.000834468982676849,0.000978908817180329,0.07230475037186235,0.07665637996461656
6,144,0.0008419649333428638,0.0009772023160217536,0.06115857554070744,0.07722073793411255
6,145,0.0008337952751367364,0.0009769402832413713,0.07131739913681406,0.0760330597559611
6,146,0.0008317943814750991,0.0009734067470870084,0.07297644482718574,0.0784815271695455
6,147,0.0008291117448854133,0.0009742452478450205,0.07863987654815485,0.07806205617056952
6,148,0.000829659292422649,0.0009758981332803766,0.07371623869295474,0.07724561029010349
6,149,0.0008255228946376362,0.0009708711334193746,0.08182431959811552,0.0803723414738973
6,150,0.0008201453551638549,0.0009684770523260037,0.08714830875396729,0.08301261530982124
6,151,0.0008243709495061158,0.0009744751525835859,0.07774556065783089,0.0777541995048523
6,152,0.0008228388803229196,0.000966799600670735,0.08373065141983974,0.08537971840964423
6,153,0.0008218906818383178,0.0009690497277511491,0.08335305628953156,0.08451568947898017
6,154,0.0008203103260229123,0.0009699250416209301,0.08465918699900309,0.08161854479047988
6,155,0.0008148072133657097,0.0009636655863788393,0.09456662233964896,0.08708094358444214
6,156,0.0008141647248218457,0.0009654741449695494,0.09344685475031535,0.08525045845243666
6,157,0.00080941702745119,0.0009624183177947998,0.09880518501187548,0.08807934522628784
6,158,0.0008107601357393979,0.0009642452984634373,0.09539083242416382,0.08598140610588921
6,159,0.0008068004713600709,0.0009640514229734739,0.10116049066001986,0.08751018577151828
6,160,0.0008042965745438396,0.0009603596551136838,0.10472072009687071,0.09027489158842299
6,161,0.000801894906045938,0.0009591610662432181,0.10199843748116198,0.09194107717937894
6,162,0.0007999715691340374,0.0009599496713942952,0.10798259664464879,0.09101901849110922
6,163,0.0007986193371902185,0.0009593155804193682,0.1083448396788703,0.09175851609971789
6,164,0.0007994744486899839,0.0009572209195337362,0.10660919377833238,0.09286493990156386
6,165,0.0008034251899067542,0.0009558085791973604,0.10474102349928868,0.0952459692955017
6,166,0.0007910272188450175,0.0009551223729633623,0.11668418483969606,0.09539583524068197
6,167,0.0007954469025364996,0.0009528862157215675,0.1048363149901967,0.09706633885701497
6,168,0.0007913882670245696,0.0009596630775680144,0.11546757441979867,0.08863990306854248
6,169,0.0007928167479860102,0.0009538385538487798,0.11201777443473722,0.09450934463077121
6,170,0.0007871236974074517,0.0009553596454982956,0.12090956473056182,0.09349712663226657
6,171,0.0007841358773329835,0.0009492832016096347,0.12543384086938553,0.10017714235517713
6,172,0.0007820785054247137,0.0009506781921825475,0.12552465818546438,0.09768368270662096
6,173,0.0007807849147529514,0.0009524416450100641,0.12755506362444088,0.09563439024819267
6,174,0.0007822092221532431,0.0009508266799255377,0.12739304068647786,0.09740942716598511
6,175,0.0007765359633291762,0.0009492936363029812,0.12913308717586375,0.09818486107720269
6,176,0.0007777635105828076,0.0009488080149619943,0.1255345618283307,0.10135215255949233
6,177,0.0007761246447140972,0.0009463988011702895,0.12385610283156973,0.10260185930464003
6,178,0.0007770315271135374,0.0009485541209061113,0.1228401827223507,0.09929700560039945
6,179,0.0007798557471552932,0.0009492032100550002,0.12142368569786166,0.09708335796991983
6,180,0.0007719596868012974,0.0009504782837919063,0.1364621662799223,0.0954516609509786
6,181,0.0007689535222591165,0.0009457286473156677,0.13900667399535943,0.10074536005655925
6,182,0.000773484596154756,0.0009450737956083484,0.12380833714096634,0.1017902652422587
6,183,0.0007680478073185149,0.0009454416757863429,0.1375006674248495,0.10143551429112753
6,184,0.0007644849030277979,0.0009430990890703267,0.13339086182323504,0.10544218222300211
6,185,0.0007637808208618267,0.0009416549337199992,0.143008303495101,0.1058780829111735
6,186,0.000758856347831035,0.0009460878985313078,0.14931797892959028,0.09970947636498345
6,187,0.0007588237853157391,0.0009464141848083171,0.1456440297173865,0.09811297390196058
6,188,0.0007536551828875586,0.0009434578836792045,0.15269717993559662,0.1024555762608846
6,189,0.0007563661140056304,0.000939627463877615,0.14902194488195725,0.10657523473103842
6,190,0.0007506190626709549,0.0009430206147953868,0.15269149012035793,0.1027305006980896
6,191,0.0007509714323038489,0.0009447267757625216,0.1534138114364059,0.10153127643797133
6,192,0.0007474374441418475,0.0009442254331790739,0.15583025643854964,0.10122982660929362
6,193,0.0007461863651837188,0.0009396453323360118,0.15935918548960745,0.10839579502741496
6,194,0.0007434532480360365,0.0009414741911718415,0.16028891227863454,0.10512893199920655
6,195,0.0007392144083608815,0.0009425936525480615,0.16375107500288222,0.1029844257566664
6,196,0.0007454265261149425,0.0009406258546126385,0.15021274958127812,0.10652697748608059
6,197,0.0007354635161773106,0.0009387355465959343,0.16658665103676878,0.10721452103720772
6,198,0.0007385502212945325,0.0009380287633070515,0.16156095222190575,0.10993016163508097
6,199,0.0007333687401698604,0.0009426932937155167,0.1698963667139595,0.10461981693903605
6,200,0.0007349017270219823,0.0009401559027739698,0.16902107574321606,0.10813867383533055
6,201,0.0007377433694071239,0.0009357350697326991,0.16406150776662945,0.11193760103649564
6,202,0.0007283407464669442,0.0009379307998137341,0.174078447436109,0.10961281061172486
6,203,0.0007282157720319559,0.0009391882728474835,0.17404094669553968,0.10675937996970283
6,204,0.0007241387247901272,0.0009351410010519127,0.17588044537438285,0.11150689125061035
6,205,0.000725576543841327,0.000931877314320041,0.17258183853125866,0.11627097129821777
6,206,0.0007265388361971688,0.000931300850222922,0.17558431375173875,0.11596346961127388
6,207,0.0007240452396936347,0.0009404603831676973,0.17992606118873314,0.10255000193913778
6,208,0.0007228248979735338,0.0009384314814168546,0.1803546589097859,0.10665589835908677
6,209,0.0007225084536777878,0.0009408026131697827,0.17181233506143828,0.1053550018204583
6,210,0.0007176559350890233,0.0009404496470880177,0.1808388685002739,0.10465937190585667
6,211,0.0007137319185184659,0.0009324477041243678,0.18723843804112186,0.11650571955574883
6,212,0.0007146183365415551,0.000934765231795609,0.18748905187771644,0.11328501436445448
6,213,0.0007192028223617393,0.0009338079511912332,0.18058304404035028,0.11256826586193508
6,214,0.0007135491654345835,0.0009387699149859449,0.1856525895036297,0.10689069165123834
6,215,0.0007066723202171241,0.0009367834388588866,0.1925999323527018,0.10803479221132066
6,216,0.0007055164599377248,0.0009359274163014358,0.19229000659636508,0.10933575630187989
6,217,0.0007029856938903255,0.0009388485897539391,0.19611740995336463,0.1061940312385559
6,218,0.000703618741295312,0.0009333229882435666,0.19775626335614993,0.11152353684107462
6,219,0.0006981724663350133,0.0009324709302745759,0.2011991677460847,0.11406561268700494
6,220,0.0007033202927962037,0.0009443398888429834,0.19397213488449286,0.10018632941775851
6,221,0.0007003926611677916,0.000935850451545169,0.19555909751374045,0.11033471425374348
6,222,0.0006980001637539654,0.0009296191364733709,0.20022660346678745,0.11910880141788059
6,223,0.0007012960039665578,0.0009386708106224735,0.20023455766983975,0.11285938289430407
6,224,0.0006932392311109988,0.0009386775924617218,0.204244288397424,0.10499482154846192
6,225,0.0006897769519127906,0.000927309122764402,0.20884809847231264,0.12102364301681519
6,226,0.000686389890378686,0.0009318040787345834,0.2128104477752874,0.11425199773576525
6,227,0.0006884986474351199,0.0009386406215425167,0.207782871046184,0.1063730345831977
6,228,0.0006900678625916717,0.0009493176566643847,0.20696428764013597,0.09393737978405423
6,229,0.0006848381297593867,0.0009375272564486497,0.21114706065919664,0.10855567322836981
6,230,0.0006827700943513601,0.0009287648472107119,0.21122931992566144,0.11887035634782579
6,231,0.0006860656866424338,0.0009283835391720964,0.20926634500056138,0.12033846378326415
6,232,0.0006808364457726755,0.0009298547766067916,0.2185138898131288,0.1168825798564487
6,233,0.0006758724166839211,0.0009302331225222183,0.22078720537232763,0.11725276311238607
6,234,0.0006837426746597536,0.0009364655112019843,0.21002363143143832,0.10789004961649577
6,235,0.0006778443999657476,0.0009405019874167112,0.2214265689437772,0.10474574565887451
6,236,0.0006752774856674175,0.000931784659365399,0.22326379352145725,0.11428472995758057
6,237,0.0006761958838417483,0.0009418297403802474,0.22181714596571744,0.10330979161792331
6,238,0.0006734666535285888,0.0009406000880214075,0.22586910356709985,0.10420662297142877
6,239,0.0006704096271323017,0.0009369083343901568,0.22121480806374255,0.10768026378419664
6,240,0.0006733028972693892,0.0009507838170975446,0.22214702029287078,0.09203055169847277
6,241,0.0006710717381254115,0.0009425575249931878,0.22619919217663048,0.10239457686742147
6,242,0.0006672587423918792,0.0009321643311219911,0.22638264129191268,0.113906020588345
6,243,0.000668530905602017,0.0009388747819078465,0.22643990251753066,0.10631903807322184
6,244,0.0006646893977440525,0.00093464444960571,0.23291532389911604,0.11203211413489447
6,245,0.0006613678228466507,0.0009266890624227623,0.23509106856805306,0.12121511432859633
6,246,0.0006581155921010599,0.0009315014894430836,0.23726858091943057,0.11758624050352308
6,247,0.0006553004724318506,0.0009366948480924799,0.2377719349331326,0.10918030076556735
6,248,0.0006573797057003335,0.0009320698393922713,0.2381073679453061,0.11395682626300388
6,249,0.0006592124423161609,0.0009418067936268117,0.23763302343863027,0.10203644302156237
6,250,0.0006617400034928671,0.0009342249004273778,0.23380609073756653,0.10975739426083035
6,251,0.0006510496366608106,0.0009328872948471043,0.24412053646864715,0.11393968131807115
6,252,0.0006482579197769088,0.0009404713158599205,0.2466953648461236,0.10488485362794664
6,253,0.0006485165259225961,0.0009318616409372125,0.2452042520782094,0.11384122239218818
6,254,0.0006460156793315193,0.0009319719392806292,0.24646220324951926,0.1140703108575609
6,255,0.0006449044271038822,0.0009397930737274388,0.24806601177027196,0.1062770300441318
6,256,0.0006432765163481236,0.0009402337639282147,0.2485873297408775,0.10307639837265015
6,257,0.0006577715468822898,0.0009361070955896543,0.23698370618584716,0.1127896613544888
6,258,0.000654274722515249,0.0009387181360378034,0.2371714225521794,0.10709296862284343
6,259,0.000646860365336186,0.0009318947947273651,0.24194313655664892,0.11490523020426432
6,260,0.0006475605199941331,0.000930519536551502,0.2455700969990389,0.11697026888529459
6,261,0.0006373564620720751,0.0009322964133591288,0.2559815356760849,0.11521923939387003
6,262,0.0006359880110306412,0.0009320804280125432,0.2572854240735372,0.11642805735270183
6,263,0.0006380098798588194,0.0009332976873136229,0.2505014287100898,0.11326452626122369
6,264,0.0006335562805035784,0.0009293970263873538,0.2565156493657901,0.12122235960430569
6,265,0.0006361727171612007,0.0009309929575667613,0.2547259020216671,0.12154214911990696
6,266,0.0006323919980786741,0.0009300185328659911,0.25355051505712817,0.11802419424057006
6,267,0.0006301955557083366,0.0009322543162852525,0.26064638473369456,0.11397603485319349
6,268,0.0006274673002657055,0.000937304455631723,0.2655111804420565,0.10927437543869019
6,269,0.0006244218550381009,0.0009338954761106935,0.2670958744155036,0.11327374113930597
6,270,0.0006223470648106785,0.000929225926908354,0.2657974380033988,0.1192205786705017
7,1,0.08340283279065733,0.014885661088758044,-131.729424017447,-22.227918561299642
7,2,0.01862099141480378,0.003431259323325422,-27.179834402932062,-4.066274457507664
7,3,0.0113043134112233,0.0017351651072709097,-16.017533839779137,-1.3739202472898695
7,4,0.008661081363665469,0.001271384874255293,-12.06532208831222,-0.6362037261327108
7,5,0.00736546610125605,0.0011417122945810358,-9.982240066999271,-0.44366643958621554
7,6,0.006490155699214449,0.0010927831133206686,-8.629337030575599,-0.3859060313966539
7,7,0.005884028841269973,0.0010963296543599831,-7.728547120388643,-0.3733940256966485
7,8,0.00537652739059226,0.00107623142345498,-6.902269194744251,-0.3458818197250366
7,9,0.004889226090852861,0.0010648728400054904,-6.153247701091531,-0.322051567501492
7,10,0.004455096037759457,0.0010437838112314541,-5.452781441770954,-0.29609563880496553
7,11,0.004086407357366917,0.001044737239782181,-4.890756586451589,-0.28728489875793456
7,12,0.0037414359515187917,0.0010297620229216087,-4.335720004270106,-0.27102765772077775
7,13,0.0034228532224387666,0.0010126001718971465,-3.8872646970513425,-0.2433952252070109
7,14,0.0031417581856388738,0.001021130333861543,-3.394104535785722,-0.2585243331061469
7,15,0.0028656907161168847,0.0009923036779380507,-2.9988484300213094,-0.20843258168962267
7,16,0.0026581589529221807,0.000987757448779626,-2.689917774259308,-0.1999165137608846
7,17,0.002451442702339939,0.0009807910045815838,-2.3543009828638146,-0.18987635771433511
7,18,0.0022895650363262787,0.0009787157850546968,-2.1032640677911263,-0.1881237506866455
7,19,0.00213908614291821,0.0009558828288896217,-1.8496041783580073,-0.15119409163792927
7,20,0.0020069083998002757,0.0009802313081713186,-1.6712503612777334,-0.18853419886695014
7,21,0.0019052945479842616,0.0009541132746057378,-1.501333005045667,-0.14767053524653118
7,22,0.0017915671843644462,0.0009443543903115722,-1.3320524130338505,-0.13257133695814344
7,23,0.0017097077700366945,0.0009337420769346257,-1.208605933483736,-0.11534204350577461
7,24,0.0016274571631471684,0.0009309873411742349,-1.0844468411104178,-0.10978118048773872
7,25,0.0015665700173373392,0.0009267448796890676,-0.9867948114136119,-0.1019457565413581
7,26,0.0014957281939087458,0.0009238150604586634,-0.8761313032220911,-0.09703560670216878
7,27,0.001444021575037896,0.0009169572640934752,-0.7883861482879262,-0.08546044561598036
7,28,0.001386811548591028,0.0009152434080735677,-0.6968857697498652,-0.08254804876115587
7,29,0.0013680104410597755,0.0009181705626866056,-0.6669691677446719,-0.08975962665345934
7,30,0.0013229619286218542,0.0009095593885932532,-0.6040273483888603,-0.07707182963689169
7,31,0.0012859711771325013,0.0009019808468615844,-0.5424573209550646,-0.0645419266488817
7,32,0.0012863472946287122,0.0009006671698039605,-0.5401741902033488,-0.06175408363342285
7,33,0.0012585695111480208,0.0008997360619509386,-0.5011721502115697,-0.05934087700313992
7,34,0.0012183507694575337,0.0009028921007282204,-0.43007947868771024,-0.06443337731891208
7,35,0.0011963454641424763,0.0008941447038927839,-0.4071188494011208,-0.05154448085361057
7,36,0.00117267327538381,0.000896902122379591,-0.36447515693711646,-0.0530740049150255
7,37,0.0011603261326888093,0.0008927099536069565,-0.334769215112851,-0.04968545039494832
7,38,0.0011435817892628687,0.0008873871669897602,-0.317780821117354,-0.040723152955373126
7,39,0.0011344555751018133,0.0008850318651335934,-0.28838152649961873,-0.036270327038235135
7,40,0.001113223312077699,0.0008847821866058641,-0.27474254104826185,-0.03854957818984985
7,41,0.001102000322871278,0.0008840232285567456,-0.24580084394525598,-0.035367606745825876
7,42,0.0010992149465981825,0.0008824017273986505,-0.2401557817871188,-0.033925376998053654
7,43,0.0010837856524934372,0.000880792581786712,-0.21548742261933693,-0.03127375178866916
7,44,0.001076023086020148,0.0008781493266320063,-0.2240959656091384,-0.026611950662400987
7,45,0.0010695031504894112,0.000876554568660342,-0.20326736179398902,-0.02437060276667277
7,46,0.001052016248052687,0.0008752605683791141,-0.1756383146768735,-0.024301568667093914
7,47,0.0010485845669690106,0.0008761344593949616,-0.1648181778413278,-0.024383027023739286
7,48,0.0010438830011098841,0.0008752103299937314,-0.1614984393119812,-0.022759089205000135
7,49,0.001030610717350134,0.0008726553629255957,-0.14334675515139544,-0.019540345668792723
7,50,0.0010281382657495546,0.0008701004165535172,-0.14486598983223056,-0.014468655321333143
7,51,0.0010188615064562103,0.0008725437296864887,-0.12253471362737962,-0.020731805430518255
7,52,0.001009927040402904,0.0008686475158255133,-0.11217171100922572,-0.013005533483293322
7,53,0.0010087053735602508,0.0008699024341897004,-0.11186766918794608,-0.016893397437201606
7,54,0.001005437106963385,0.0008687801697912315,-0.1069942581800767,-0.014811668131086562
7,55,0.0009953850920507569,0.0008676387408437828,-0.09208923960909432,-0.012602955765194363
7,56,0.0009927140054419453,0.0008663444922098683,-0.08828182603106087,-0.011726417806413439
7,57,0.000990981760400313,0.0008642146945931018,-0.0866781484933547,-0.008177652623918322
7,58,0.0009875194146585318,0.0008632190331506232,-0.0823425050135012,-0.007189864582485623
7,59,0.0009815106711660822,0.0008624520178677307,-0.07250301396405255,-0.005614320437113444
7,60,0.0009820766346011725,0.0008615732011902663,-0.06922857967423804,-0.005361065599653456
7,61,0.0009741903639134066,0.0008598972163680527,-0.05905222186335811,-0.0029052151574028864
7,62,0.0009731798875433059,0.0008612822392024099,-0.0607912219600913,-0.004107669989267985
7,63,0.000965654881912525,0.0008594549222228427,-0.046227130183467156,-0.0026083495881822375
7,64,0.0009646261211507666,0.0008585885231797066,-0.04571084784872738,-0.0010932869381374782
7,65,0.0009643650349275565,0.0008582639676104817,-0.04833995618937928,-0.0019437776671515571
7,66,0.0009558024975747146,0.0008568006127865778,-0.03473449371479176,0.0018553389443291559
7,67,0.0009554038603249707,0.0008563957008947101,-0.034077731915462164,0.0020135985480414496
7,68,0.0009514463049313628,0.0008543034640347792,-0.029014740902700543,0.004806874858008491
7,69,0.0009512093596528342,0.0008561864585822655,-0.02691155907548504,0.001820981502532959
7,70,0.0009514909142766286,0.000854872472377287,-0.030803738994362912,0.0026943259769015844
7,71,0.0009470611460001012,0.0008532100344180233,-0.021558672410470468,0.00495957268608941
7,72,0.0009457601439840172,0.0008544673690468901,-0.0224663625528783,0.002940160698360867
7,73,0.0009439708690883384,0.0008519610467677315,-0.018281434936287963,0.006270028485192193
7,74,0.0009381250587556466,0.0008514297880335814,-0.013773054252436131,0.006677235497368706
7,75,0.0009343664400440491,0.000848354704471098,-0.005804547704296347,0.011461561255984836
7,76,0.0009317315508393042,0.0008482628049225443,-0.0047024581167432996,0.010670227474636501
7,77,0.0009306583240237317,0.0008487460552714765,-0.0010105446532920556,0.010257514317830403
7,78,0.0009341662703656856,0.0008462639434987472,-0.00045309037338068457,0.012716449631585015
7,79,0.0009298217491488214,0.0008454605277317266,-0.0017361819008250296,0.013739126258426243
7,80,0.000927865566731787,0.0008461182678325309,0.001365114877253403,0.01277781327565511
7,81,0.0009242618427738363,0.0008456642053917879,0.01060385807060901,0.01332060760921902
7,82,0.0009215876917113309,0.0008434251519954867,0.007325011123845607,0.01658396985795763
7,83,0.0009197217906698769,0.0008444215080493854,0.006186848510930568,0.013969948556688096
7,84,0.0009166692374964003,0.0008426180820808643,0.013064753714902901,0.016899111535814075
7,85,0.0009130897428725421,0.0008409817496107684,0.020491302013397217,0.018935047255622017
7,86,0.0009087050442848309,0.0008428468550038007,0.021846703982647556,0.015316722128126356
7,87,0.0009090664353865532,0.000839330204245117,0.024081840927218212,0.020437094900343154
7,88,0.000907266554336443,0.0008392045183831619,0.02345580642606005,0.02063116232554118
7,89,0.0009065646229794731,0.0008388301681002809,0.025527803986160842,0.02035381661521064
7,90,0.0009032641566232031,0.0008372238979467915,0.0318319469322393,0.020929850472344292
7,91,0.0009027482614059139,0.0008377408544119033,0.03032299706965317,0.0211731579568651
7,92,0.0009024130740996312,0.0008366654368324412,0.029061245182414115,0.0227054410510593
7,93,0.0008974593469045229,0.0008349923714477983,0.037369462884502644,0.024448925919002957
7,94,0.0008961977940167726,0.0008341910071774489,0.03733858929740058,0.024454094303978813
7,95,0.0008991925798954419,0.0008347608071441452,0.02705702781677246,0.023075599140591093
7,96,0.0008969223171323078,0.0008330761778375341,0.0382517691011782,0.025547341505686442
7,97,0.0008899625165123538,0.0008321087522846129,0.043467897986188345,0.026449954509735106
7,98,0.0008905182365489042,0.0008329090688170658,0.04413724607891507,0.026078806983100042
7,99,0.0008860140517181545,0.0008313437225297094,0.04752858626989671,0.026954465442233615
7,100,0.0008857826440721566,0.000829489007850902,0.04760989966215911,0.029644960827297635
7,101,0.0008811353478741683,0.0008308927360404696,0.05381273443316236,0.027241243256462946
7,102,0.0008800955773848626,0.0008289297706344062,0.05423967411488662,0.02916669978035821
7,103,0.0008817922158661172,0.0008268685144786205,0.05262935088004595,0.031919304529825845
7,104,0.0008771280490758795,0.0008272519580916399,0.054259370580131625,0.03145403464635213
7,105,0.0008751173492199109,0.0008261794457212091,0.059745301140679254,0.032665752040015324
7,106,0.0008754903147353526,0.0008262271074474686,0.05535372054135358,0.031920394632551405
7,107,0.0008772497689121483,0.0008237003271157543,0.05201882697917797,0.03479902876747979
7,108,0.0008703145539146606,0.0008242831901750631,0.06430895740603224,0.03405478398005168
7,109,0.0008703021374301134,0.0008231064990266329,0.06426678101221721,0.035295466581980385
7,110,0.0008693660432645292,0.000824259247423874,0.0651356037752128,0.03344618744320339
7,111,0.0008658177942256041,0.0008233256883815759,0.06848078333301309,0.03483815325631036
7,112,0.0008654709244261921,0.0008239869558666316,0.07026880699911235,0.03341797060436673
7,113,0.0008637821297506215,0.0008198289912090533,0.07012002497543524,0.03863483402464125
7,114,0.000860775653042911,0.0008193017009438739,0.07469348583692385,0.03779818084504869
7,115,0.0008604595167447387,0.0008178326857483222,0.07000661897070613,0.0411095831129286
7,116,0.0008583605260714704,0.0008166512073431578,0.07777083111398014,0.04210881657070584
7,117,0.0008569911253109667,0.0008168096563571857,0.07827358996426617,0.041672556930118135
7,118,0.0008571676422703873,0.0008175947742226224,0.07346172156157317,0.040036364396413164
7,119,0.0008575679393726642,0.0008143865826746656,0.07418950089701899,0.045375502109527587
7,120,0.0008518162391861372,0.0008146466946022378,0.08213639303489968,0.04399540424346924
7,121,0.0008497716048387466,0.0008151430377943648,0.08596148402602584,0.042814413706461586
7,122,0.0008495279951423499,0.0008138038450852036,0.08603679059464255,0.043951382901933456
7,123,0.0008456938838252775,0.0008120689191855491,0.08922804785363468,0.04645653565724691
7,124,0.0008438380728303282,0.0008119898279094034,0.09095157002225335,0.0457244250509474
7,125,0.0008433136029778347,0.0008095651373474134,0.09188174215363867,0.04931853214899699
7,126,0.0008419300883686469,0.0008111861961272855,0.09256448480818007,0.04675703843434652
7,127,0.0008393461839008478,0.0008087891542042295,0.09480420115553302,0.05017065339618259
7,128,0.0008385605793906214,0.0008078213884598679,0.09582494526733587,0.0521522839864095
7,129,0.0008361939905659745,0.0008092138851578865,0.09930777181813746,0.04904680649439494
7,130,0.0008377468610113418,0.0008081024538518654,0.09796704686718223,0.04922239780426026
7,131,0.0008329221544741296,0.0008058793985077905,0.10234096241586002,0.0522409889433119
7,132,0.0008347033673931879,0.0008059153139280776,0.10055994045587234,0.053025686740875246
7,133,0.0008302635023151927,0.0008057775182856453,0.10480663570356957,0.052545868025885685
7,134,0.0008288241047584625,0.0008042639962190555,0.10493513227980814,0.05463122526804606
7,135,0.0008312407481472617,0.0008030528888209826,0.10318580762839612,0.054620854059855145
7,136,0.0008278275365699772,0.0008022202178835869,0.10858429214100779,0.055977727307213676
7,137,0.000823273472516671,0.0008021059070920779,0.11194123294618395,0.05735396941502889
7,138,0.0008228109874992551,0.0008014152486187716,0.11302889467757425,0.05788774490356445
7,139,0.0008208221116356184,0.0008030244873629676,0.1130377185197524,0.05492939286761814
7,140,0.0008175041132756038,0.0008010099046967096,0.11551019512576821,0.05784165726767646
7,141,0.0008216844906133635,0.0008037821777785817,0.11414692578492341,0.05251790947384304
7,142,0.0008197834938017214,0.0008004886279296544,0.11427393003746315,0.0571258544921875
7,143,0.0008197271861538384,0.0008019412402063608,0.11499174465367823,0.05476862589518229
7,144,0.0008167241500219169,0.000800015829089615,0.11769894729425878,0.05713135533862644
7,145,0.0008151900314978887,0.000801612576469779,0.11847517666993318,0.05626339515050252
7,146,0.0008130993116302071,0.0007990141606165303,0.11966130586318027,0.05766540765762329
7,147,0.0008109373774919889,0.0007992411096994248,0.12356279882383936,0.05800534751680162
7,148,0.0008087165163611465,0.0007969991252240208,0.1252272700086052,0.0620777514245775
7,149,0.0008079160963484074,0.0007931223462542726,0.12537987291077038,0.06718458069695367
7,150,0.0008042387135418845,0.000792806185523255,0.1294853996347498,0.06719513999091255
7,151,0.0008024209137304605,0.0007963621898347305,0.130780448295452,0.06117802990807427
7,152,0.0007986608059088021,0.0007929630577564239,0.13439258690233583,0.06670628521177503
7,153,0.0007979174045397451,0.0007954357968022426,0.13590815479372753,0.06318080027898153
7,154,0.0007954827308608794,0.0007930096161241333,0.13621276778939329,0.06448286241955227
7,155,0.0007966154308150304,0.0007899571766352488,0.1362803300221761,0.06974703073501587
7,156,0.0007957116554111794,0.0007881032639286584,0.13703485035601956,0.07221719159020318
7,157,0.0007885532196392707,0.0007897057505841885,0.14475623457520095,0.07062246534559462
7,158,0.0007881436442358442,0.0007903399295173585,0.14416697628704117,0.06919480032391018
7,159,0.0007884826304184066,0.0007894178942984177,0.1443149275249905,0.07049704657660591
7,160,0.0007868065087722592,0.0007892426426729394,0.1438913239373101,0.07144685321384006
7,161,0.0007844734620762828,0.0007885838988133603,0.14820831101617696,0.07289531495836046
7,162,0.0007839690215517709,0.0007878174397370054,0.1478898364820598,0.07146092785729302
7,163,0.0007812586005052759,0.0007875626790337265,0.1496492251937772,0.0746196813053555
7,164,0.0007786685994676786,0.0007858833931903872,0.15284491056277427,0.0754464864730835
7,165,0.0007769601504364407,0.0007843792852428224,0.15426153121171174,0.07663833962546454
7,166,0.0007754292977214963,0.0007846161115190221,0.15595368382371502,0.076483682791392
7,167,0.0007744309430608503,0.0007805831044808858,0.15700622900032704,0.08247748480902778
7,168,0.000773621617132269,0.0007830132743240231,0.15804191371540965,0.07833291292190551
7,169,0.0007769538109754154,0.0007841833142770661,0.15368628884539193,0.07702966398662991
7,170,0.0007745827601383222,0.0007931472979382508,0.15759609937667846,0.06692996157540215
7,171,0.0007783312402251693,0.0007920971761147181,0.15439734488357731,0.06445686419804891
7,172,0.0007715908375016793,0.0007908386618105901,0.15878732793125105,0.07347282038794624
7,173,0.0007685425380865733,0.0007831413751571543,0.16134732372966815,0.07950163682301839
7,174,0.0007644089467731523,0.0007796725103010733,0.1666748230839953,0.08415869474411011
7,175,0.0007609087354388594,0.0007779026145322455,0.16769882205091877,0.0864421394136217
7,176,0.0007569521590837358,0.0007790973254789908,0.17258533312950605,0.08570517301559448
7,177,0.0007573612357696726,0.0007762276464038426,0.1718538787629869,0.08934734794828626
7,178,0.0007552091539607463,0.000776959404659768,0.17505899947366596,0.08755185736550225
7,179,0.0007533839459668983,0.0007811964618869954,0.1760734961356646,0.08577087852689955
7,180,0.000750661072936369,0.0007733015278871689,0.1769931841779638,0.09150357643763224
7,181,0.0007482053427439597,0.0007768682656913168,0.18086878929609135,0.08952833678987292
7,182,0.0007440908934150673,0.0007711492543522683,0.18336911510538173,0.09543773995505439
7,183,0.0007426082380805855,0.0007730560829966432,0.18351645337210762,0.09547347492641872
7,184,0.0007403843216942968,0.0007748997886665165,0.18798906508787178,0.0919173796971639
7,185,0.0007374085865362927,0.0007667572470381856,0.1882760223047233,0.10114794439739651
7,186,0.0007390010111712287,0.0007715950461311473,0.18802059609212993,0.09497797091801961
7,187,0.0007406493306826846,0.0007687616317222516,0.18710782851701901,0.0983671267827352
7,188,0.0007357836473894156,0.0007712163483827478,0.19059493762475474,0.09648309813605414
7,189,0.0007353309319170629,0.0007732695615332987,0.1911686114322992,0.09510319895214504
7,190,0.0007333831462066299,0.0007748235224021805,0.19218845970836687,0.09119980467690361
7,191,0.0007294119232230717,0.0007801069166614778,0.19515501996617257,0.08893462287055122
7,192,0.0007308265753377827,0.0007719093778481086,0.19450807115178048,0.09763907723956639
7,193,0.0007397275876518292,0.00077435640592335,0.18923262151671044,0.0903597911198934
7,194,0.0007281236786015883,0.0007727795901397865,0.19507462051179675,0.09797703292634752
7,195,0.0007213707688483007,0.0007674275069601006,0.2026033107145333,0.1017252975040012
7,196,0.0007223800812089057,0.0007743796062034866,0.20371971454149412,0.09524029493331909
7,197,0.0007269100691364319,0.0007789546507410705,0.19830148455537397,0.09138162533442179
7,198,0.0007194154099618763,0.0007686142020651863,0.2026392521681609,0.10335784885618422
7,199,0.0007156573986220691,0.0007660654955543578,0.20819133637863912,0.1037193324830797
7,200,0.0007163954822542031,0.0007613544313547512,0.20734842368114142,0.10907629330952963
7,201,0.0007119530472720479,0.0007623637715975444,0.21144526328569577,0.10827333529790242
7,202,0.0007114542110673623,0.0007683592046507531,0.21059153801129188,0.10431391530566746
7,203,0.0007093333876346824,0.0007693982476161586,0.2134862196298293,0.10288565026389228
7,204,0.0007150579196469927,0.0007705996692594554,0.2117820860427103,0.09904002216127183
7,205,0.0007190509492324458,0.000763076340727922,0.20492207518330327,0.10964720911449856
7,206,0.0007063442260532835,0.0007706347852945328,0.21707066268096736,0.10301469299528333
7,207,0.0007023009135284357,0.0007628941391077306,0.2207614599922557,0.11210050053066678
7,208,0.0006962739458641061,0.0007636613316006131,0.22571459743711683,0.11016316016515096
7,209,0.0006955786266099708,0.0007654169690795243,0.2244106548803824,0.10817647642559475
7,210,0.0006959348454220612,0.0007616141060781148,0.22413806400181335,0.11226581732432048
7,211,0.0006887906629097774,0.0007617555869122347,0.2306098152090002,0.11305696434444851
7,212,0.0006874912659879084,0.0007658835591023994,0.23207012208891503,0.10713071558210585
7,213,0.0006893810560282918,0.0007619000829031898,0.22957058644589082,0.11286201344596015
7,214,0.0006872027156656079,0.0007558555730308096,0.2315651031188023,0.11957233217027452
7,215,0.0006899635770277661,0.0007639147186030944,0.23030484149485458,0.10994578202565511
7,216,0.0006835301367876431,0.000759126299009141,0.23385725094948287,0.11602454582850139
7,217,0.0006802894409320512,0.0007715822430327535,0.23936264367751134,0.10326630141999986
7,218,0.0006794486125862157,0.0007638404404537545,0.2389927766941212,0.11413575808207194
7,219,0.0006768792174917497,0.0007590513831625382,0.24178135527504815,0.1168127285109626
7,220,0.0006764143992813281,0.0007614793113639786,0.24055345838452563,0.11369044250912136
7,221,0.0006735857899507714,0.0007630161540065375,0.24455616930384694,0.11233183675342136
7,222,0.0006823935775937121,0.0007788280387305551,0.23584620849585827,0.09974509212705825
7,223,0.0006758082931125421,0.0007716960894564788,0.24099161713211625,0.10935829083124797
7,224,0.0006711698532460924,0.000761209048020343,0.24533325139387155,0.11775333351559109
7,225,0.0006687304784003416,0.0007578288955200049,0.24679476567256597,0.12165708541870117
7,226,0.0006649065379018861,0.0007618910658897625,0.25044120564872835,0.11788846254348755
7,227,0.0006598495148168302,0.0007621296991904577,0.25589425666832627,0.11651206413904826
7,228,0.0006594158723421487,0.0007580783024119834,0.2570525325374839,0.11816380818684896
7,229,0.0006649797113991722,0.0007578286795049077,0.2518866335904157,0.12166293064753214
7,230,0.0006625058447056806,0.0007662262482982543,0.25407430169023115,0.11139832867516411
7,231,0.0006608025579034915,0.0007610743800695571,0.2548319322091562,0.12093745337592231
7,232,0.0006544227809587746,0.0007681517473732432,0.2587469401182952,0.11167205174763997
7,233,0.0006525034405417557,0.0007671242269376914,0.2610932036682411,0.11484284003575643
7,234,0.0006490787324484116,0.0007635737950396206,0.264885358751556,0.11833776897854276
7,235,0.0006490763371672343,0.0007619246491231025,0.26463051239649454,0.11885242991977268
7,236,0.0006451785841807263,0.0007583348403891755,0.2685957094769419,0.12094295554690891
7,237,0.0006472850168112343,0.0007683410943071876,0.2653181052502291,0.11188525093926324
7,238,0.0006463869778082971,0.0007662349277072482,0.2674590912866004,0.1148242089483473
7,239,0.0006468076172664209,0.0007655029637842543,0.2654493685121889,0.11404424508412679
8,1,0.10190348025457359,0.015650727103153864,-146.45301961781067,-23.79516724480523
8,2,0.020688007413237182,0.0037915589650058083,-30.64029112333133,-4.794868771235148
8,3,0.011677567005433417,0.001836972466359536,-16.56526033319073,-1.6367018355263605
8,4,0.00911558451199973,0.0012102477381833725,-12.679162160261178,-0.6320093499289618
8,5,0.007711881476189987,0.0010963243794524008,-10.4545938845034,-0.45825167761908636
8,6,0.006662503803539791,0.0010899756595285403,-8.856223066942192,-0.4388410223854913
8,7,0.006063000961310334,0.00104537315459715,-7.960536190904217,-0.3816181765662299
8,8,0.00551804328383303,0.0010143708696381914,-7.0726058474293465,-0.3347222566604614
8,9,0.005047276482721906,0.0010063021573134595,-6.3066060802082955,-0.318127449353536
8,10,0.004601600460340211,0.0009951243177056313,-5.660386489350119,-0.306563146909078
8,11,0.004182161226362726,0.0009897727752104402,-5.020837056489638,-0.3057166814804077
8,12,0.0038107273255095437,0.0009718593598032991,-4.458496711872242,-0.27653357982635496
8,13,0.003486990491733139,0.0009431923946572675,-3.945450692412294,-0.2283384641011556
8,14,0.003206513701926595,0.0009457087997967998,-3.5422354018246685,-0.22874292267693414
8,15,0.002991398431383717,0.0009508325977043973,-3.168605458589248,-0.24012814627753365
8,16,0.0027021532958764354,0.0009398956226909326,-2.741521711997044,-0.21943343215518527
8,17,0.002505550290354424,0.0009201981166067223,-2.4230716475734004,-0.18829338020748562
8,18,0.002333346768109887,0.0009176486598638197,-2.1724658604021427,-0.18366312715742322
8,19,0.002180284946398051,0.0008921327237557206,-1.9150837789347142,-0.14228052033318414
8,20,0.0020944663283219674,0.0009233768718938033,-1.7810454412742898,-0.18931196000840927
8,21,0.0019635750104408756,0.000895543737957875,-1.5633500425903886,-0.14436202843983967
8,22,0.0018579038331446088,0.0008782398537732661,-1.4114941173129611,-0.11767152547836304
8,23,0.0018119200242016418,0.0008833564222893781,-1.3333813646693289,-0.12492440541585287
8,24,0.0017230176076545943,0.0008869217191305426,-1.197831239523711,-0.1300019489394294
8,25,0.0016428403510355654,0.0008729913970455527,-1.064765116609173,-0.10591742595036825
8,26,0.001590035994031271,0.0008635951037932601,-0.9955295639273561,-0.09158579376008776
8,27,0.0015216255043115881,0.0008658464558215605,-0.89712090227339,-0.09370382626851399
8,28,0.0014870039937603804,0.0008565579152976473,-0.8258089265705627,-0.08099617825614082
8,29,0.0014546340023868798,0.0008600253521257804,-0.7861893730399049,-0.08396190802256266
8,30,0.0014126475492239367,0.0008558976709739202,-0.7056653284732206,-0.07799511088265312
8,31,0.0013736713151619943,0.0008556848210800025,-0.6505943825215469,-0.07845732503467136
8,32,0.0013374219332350256,0.0008486672058804995,-0.6074467909188919,-0.06576801406012642
8,33,0.0013327579609014922,0.0008592465025786724,-0.5954175460485764,-0.08320437139934964
8,34,0.0013053103640422593,0.0008499578482264446,-0.536599126568547,-0.06771547529432509
8,35,0.001267558815429148,0.00084505885735982,-0.4887026048000948,-0.059786048200395375
8,36,0.0012468463919458933,0.0008445479066318108,-0.46406459867218397,-0.057740098900265165
8,37,0.0012411171489935598,0.0008404961282697817,-0.4515610650733665,-0.05233595901065403
8,38,0.0012216695084202069,0.000839511897518403,-0.422186228375376,-0.05067009793387519
8,39,0.0011963982235663282,0.0008351485684721006,-0.39431106749876044,-0.042195551925235324
8,40,0.0011780205165484437,0.0008327804247124327,-0.35123785160205984,-0.04008829063839382
8,41,0.0011770163794956458,0.0008338231852071153,-0.34836827884485694,-0.04079470634460449
8,42,0.001179843369503448,0.0008334084620906247,-0.34958145176922834,-0.040975554784138994
8,43,0.0011538854162036268,0.0008317209456840323,-0.3122474908828735,-0.037832160790761314
8,44,0.0011458850472901062,0.0008282571668840117,-0.3165138226968271,-0.03175630039638943
8,45,0.0011352555809059628,0.0008278022041647798,-0.28281683450863687,-0.031945637861887616
8,46,0.0011296413111626918,0.0008272393968784147,-0.2742179374635955,-0.030696915255652532
8,47,0.0011397277930590474,0.0008291105739772319,-0.29496434765097534,-0.033157495657602946
8,48,0.0011015792522452955,0.000827661458040691,-0.23836199398393984,-0.03065345154868232
8,49,0.0010985812988638143,0.0008240552037023008,-0.22899748145798107,-0.025520866447024875
8,50,0.0010941914282739163,0.0008245577996907135,-0.22888546254899766,-0.02552897400326199
8,51,0.0010854772539280447,0.000824395223106775,-0.2123791116255301,-0.026550892988840738
8,52,0.0010770135582137256,0.000822039952294694,-0.19965396486682657,-0.02104334831237793
8,53,0.0010733722415925176,0.000822539797001001,-0.1944072186211009,-0.023145086235470243
8,54,0.0010635267109552651,0.0008196717037612366,-0.18264148941746464,-0.01754053831100464
8,55,0.0010992597403395692,0.0008248337130579683,-0.2313974078790641,-0.026191194852193195
8,56,0.001066243647666717,0.0008214969925271968,-0.17414896576492875,-0.020481550693511964
8,57,0.001063459750443099,0.0008214804718995259,-0.1822982046339247,-0.020566789309183757
8,58,0.0010454749572090805,0.000816748921190285,-0.15251114986560962,-0.013817024230957032
8,59,0.0010529458841860846,0.0008177996936461164,-0.16778719734262537,-0.01540513833363851
8,60,0.0010422272731285588,0.0008169884586499797,-0.14778884090023275,-0.014939939975738526
8,61,0.0010542998363459368,0.0008173425604278843,-0.1681343459788664,-0.015678426954481336
8,62,0.0010453837650632601,0.0008152749893876413,-0.15332583041838657,-0.01111008326212565
8,63,0.0010402109129009423,0.0008160554377051691,-0.14881212358121518,-0.013883121808369954
8,64,0.001034899373297338,0.0008142786113441819,-0.14356603416395777,-0.010954809188842774
8,65,0.0010244582962233252,0.0008125351211573515,-0.11248153830751961,-0.007052485148111979
8,66,0.0010229168160830015,0.0008134815039941006,-0.11104438466790281,-0.00973179472817315
8,67,0.001021972680636854,0.0008126335865300563,-0.12193903687559528,-0.008593240049150255
8,68,0.001012873772336285,0.0008134489193455213,-0.10763963725831774,-0.010061572657691108
8,69,0.001007465875627082,0.0008117266555523707,-0.08760236457542137,-0.007232513692643907
8,70,0.001005147000843728,0.000812347094890558,-0.09032659736680396,-0.009390166070726182
8,71,0.0010101942083924824,0.0008098493123220073,-0.0982370227943232,-0.004052080048455133
8,72,0.001005913329563667,0.0008089334341800875,-0.09410047192632416,-0.004458432727389865
8,73,0.0010192689796288809,0.0008094946918491688,-0.1008489301175247,-0.004553472995758057
8,74,0.0010026098904487343,0.0008088906541363233,-0.09247902705345624,-0.0044083714485168455
8,75,0.000999607889407119,0.0008064449079231256,-0.07917319963007798,-0.0004919648170471191
8,76,0.0009908080546553303,0.0008082000435226494,-0.06937060429726118,-0.0025700277752346463
8,77,0.0009914095760725531,0.0008065297061370479,-0.06805752648247612,-0.00039305554495917426
8,78,0.0009872781796909777,0.0008046247569533686,-0.06515469035984557,0.002342338032192654
8,79,0.0009821571013027871,0.0008042316625101699,-0.058002881944915395,0.0027004771762424045
8,80,0.0009832286316165586,0.0008030605838737554,-0.06318758343472893,0.0039769596523708765
8,81,0.0009847287289844252,0.0008020901742080848,-0.07170750403109892,0.005854940414428711
8,82,0.0009804380318885785,0.0008037893360273706,-0.05382231135427216,0.0029474788241916233
8,83,0.000979385433724311,0.0008021171644536986,-0.05494470434424318,0.005051151911417643
8,84,0.0009799164547412483,0.0008015475649800566,-0.05649451885694339,0.005886110994550917
8,85,0.0009735243094590619,0.0008013376396977239,-0.04807701802548067,0.005934802691141764
8,86,0.000981804149305839,0.0008015337374268306,-0.08747189457033887,0.0052882300482855905
8,87,0.0009722313228534696,0.000798699718951765,-0.04568838558079284,0.00860776768790351
8,88,0.0009724099671951046,0.0007990515364023547,-0.05266363870950393,0.008094338575998943
8,89,0.0009661655224871212,0.0007975193516661723,-0.0327500687705146,0.012047269609239367
8,90,0.0009710804560727636,0.0007982706586416397,-0.04382176046018247,0.008960674868689643
8,91,0.0009643828208891697,0.0007966385960268478,-0.0364476666038419,0.01210561990737915
8,92,0.0009609784630564168,0.0007967562841561933,-0.03299953657903789,0.01161021524005466
8,93,0.0009561195434933459,0.0007969848772821327,-0.023998675522980868,0.009908454948001438
8,94,0.0009545518302381682,0.0007934283904938235,-0.02110569874445597,0.015467981497446695
8,95,0.0009564148250645326,0.0007958300437571273,-0.021243906021118163,0.011076402664184571
8,96,0.0009584794743676429,0.0007945537101477385,-0.030036046034024086,0.013084468576643202
8,97,0.0009483581664684562,0.000793691602949467,-0.01277908734333368,0.014175820350646972
8,98,0.0009496169110162207,0.0007944594758252303,-0.01842524681562259,0.013252602683173286
8,99,0.0009624653254394178,0.0007927218335680664,-0.042764157130394456,0.014329210917154948
8,100,0.0009489821993032999,0.0007906201062723994,-0.021861854158801798,0.01733200814988878
8,101,0.0009445361899395968,0.0007923100997383396,-0.011391707408575364,0.01528786023457845
8,102,0.0009419726069878649,0.0007893509826519423,-0.007953522381959137,0.01876785755157471
8,103,0.0009386604807029168,0.000787763428201692,-0.0037870402689333315,0.02093315521876017
8,104,0.0009411740724721716,0.000787796093047493,-0.009937495213967782,0.021524250507354736
8,105,0.0009380140841973049,0.0007867014759944545,-0.004790752758214503,0.022745390733083088
8,106,0.0009411760880381881,0.0007883748815705379,-0.010623869631025526,0.020046626196967232
8,107,0.0009436292476078242,0.0007866865593112178,-0.017888427958076384,0.021987173292371962
8,108,0.0009369301303565778,0.0007876667012977931,-0.006187321374445786,0.01923247045940823
8,109,0.0009314129994262331,0.0007854705611761246,0.0037678107803250536,0.022904459635416666
8,110,0.0009303664230960019,0.0007834201963204477,0.004160312370017722,0.02520038816663954
8,111,0.0009303057865228182,0.000783180933083511,0.0016715862132884837,0.025618720054626464
8,112,0.000925453536407907,0.0007812989604038497,0.009712545960037797,0.02829472753736708
8,113,0.000923622826712183,0.0007816379838105705,0.01031681255058006,0.026528110769059924
8,114,0.0009192184690259581,0.0007796001581785579,0.018841736846499972,0.029806403319040935
8,115,0.0009266322879638109,0.0007807409054496222,0.008979118606190623,0.027166118886735705
8,116,0.0009164347566296289,0.0007786747365672556,0.020855827979099604,0.030269110202789308
8,117,0.0009149242416714076,0.0007802783511579037,0.019592870017628612,0.02757849958207872
8,118,0.000914959227350069,0.0007769318646751345,0.020540141176294397,0.03254201412200928
8,119,0.000912854040219782,0.0007759441582796474,0.021424397421471866,0.03362236155403985
8,120,0.000910131577661054,0.0007740330649539829,0.022611050694077102,0.03638106187184652
8,121,0.0009109662634458531,0.0007752083617055582,0.02226439964624099,0.03322961197959052
8,122,0.00091011343009333,0.00077300815222164,0.02348463005489773,0.036386217011345756
8,123,0.0009055075823490358,0.0007716124722113212,0.030760146070409704,0.038471567630767825
8,124,0.000905788083486029,0.0007752148783765733,0.02806399413097052,0.03292078971862793
8,125,0.0009069053540983594,0.0007716323701768286,0.0319165493235176,0.037225344445970324
8,126,0.0008999317719164178,0.000771768149247186,0.03707840236616723,0.03609773450427585
8,127,0.0008997910658909399,0.0007692409394722846,0.03650491576135895,0.039208450582292345
8,128,0.0008956565599267681,0.0007701703696511685,0.040197341824755255,0.03839907513724433
8,129,0.0008960519175700567,0.0007680265944347614,0.04057828585306803,0.041012024879455565
8,130,0.000899931187827692,0.0007676237288655506,0.03436761152597121,0.04164211220211453
8,131,0.000893721739721289,0.0007689595338888466,0.04024739191855913,0.039239931106567386
8,132,0.0008917243744499614,0.000765096729931732,0.04364448829933449,0.04463760852813721
8,133,0.0008896938316742487,0.0007655763041435016,0.04504928176785693,0.044207468297746445
8,134,0.0008890241676263143,0.0007656767718597419,0.04759984119438831,0.04435207049051921
8,135,0.0008860302205128527,0.0007648175026083159,0.05016337132748262,0.044657577408684625
8,136,0.0008833011173942115,0.0007667967157127957,0.051942096374653,0.04243758387035794
8,137,0.000884725977551698,0.0007612763140867982,0.05052926746415503,0.049017520745595296
8,138,0.0008824961553155272,0.0007631414595784412,0.055186140390090004,0.04506895939509074
8,139,0.0008793844349889292,0.0007618530679287182,0.054100779397988026,0.047334354453616674
8,140,0.0008791544568081053,0.0007606695664839613,0.05570807618859373,0.04837873379389445
8,141,0.0008782084700708956,0.0007620319478317268,0.06021344985490964,0.04617090225219726
8,142,0.0008716406935917926,0.0007586090890173283,0.06513085335861017,0.05131544404559665
8,143,0.0008723942262557462,0.0007589813994450702,0.06533879115257735,0.04976286755667792
8,144,0.000871757631201619,0.0007568628255588313,0.06257893759527325,0.05243870814641317
8,145,0.000870081029234477,0.0007591071124706003,0.06516244794115608,0.05118352969487508
8,146,0.0008708747501921967,0.0007569105273837017,0.06318377447716984,0.05244813495212131
8,147,0.0008680829075510027,0.000754042285391026,0.06739822773285854,0.05652163028717041
8,148,0.0008694626732993825,0.0007573024537931714,0.06638531096187639,0.051845607492658825
8,149,0.0008672037995477885,0.0007545819247348441,0.06692210244543759,0.05514830085966322
8,150,0.0008631728227353759,0.000753034985003372,0.07193082732918822,0.056361687183380124
8,151,0.0008655640322508083,0.0007500215148967173,0.0712247602733565,0.060296927558051217
8,152,0.0008652783440207533,0.0007540303075479136,0.06254776171696039,0.055058646202087405
8,153,0.000861318039069711,0.0007512305436345438,0.07247041920085012,0.0594617313808865
8,154,0.0008560264846712443,0.0007511395029723644,0.08079046511355742,0.05979567368825277
8,155,0.0008539435595998334,0.0007491169368020362,0.07786580073980638,0.06135736174053616
8,156,0.0008519288764714643,0.0007489519038548072,0.0851812880716206,0.06160328520668878
8,157,0.0008537534809740329,0.000746752435548438,0.08046800133622722,0.06490623288684422
8,158,0.0008505200277324076,0.0007481602783728805,0.08355483214060465,0.0614395260810852
8,159,0.000847719306482669,0.0007514405633426374,0.08822964989108804,0.05905372699101766
8,160,0.0008461846254283079,0.0007498385242393447,0.09088655371724823,0.05996390846040514
8,161,0.000845916593665786,0.0007462201872840523,0.08626361143441848,0.06431501176622179
8,162,0.0008446120329339195,0.0007460585627187457,0.08898853873029167,0.06569011741214328
8,163,0.0008368688105191621,0.0007446653351912068,0.09960910508662095,0.06652532815933228
8,164,0.0008396198537580117,0.0007439385776201056,0.09290165606840158,0.06795765956242879
8,165,0.0008356545126226581,0.0007412503382915424,0.09645898003637055,0.07010357909732395
8,166,0.0008336998391494062,0.0007453332862092389,0.10040457336990921,0.06556746827231513
8,167,0.0008343984105589765,0.0007443118025548756,0.10021542722796216,0.06720642646153768
8,168,0.0008363557795499578,0.0007432312627012531,0.08771190937654472,0.06652818785773383
8,169,0.0008301080290780024,0.0007426185171223349,0.10381752473336679,0.06930234829584757
8,170,0.0008304966559035727,0.0007407515089855426,0.09926199118296306,0.07120389938354492
8,171,0.0008242357358405435,0.0007408865054862367,0.10877084261105384,0.07074829339981079
8,172,0.0008260106593140482,0.0007376669673249125,0.1082796448542748,0.07505652772055732
8,173,0.0008396516206248859,0.0007390222253484858,0.09520490463869072,0.07195956177181667
8,174,0.0008248985681774808,0.0007388923459479378,0.10623301341209883,0.07315423091252644
8,175,0.0008181249182441353,0.0007346181548200548,0.11374363972816938,0.07863193220562405
8,176,0.0008131909418425718,0.0007377262848118941,0.12028833083164545,0.07645801570680406
8,177,0.0008127782163267702,0.0007331259690949487,0.12125584770131995,0.0800865477985806
8,178,0.0008211410630287395,0.0007320761408967277,0.11421621375613743,0.08036774264441596
8,179,0.0008131288098355318,0.000730391790986889,0.11950636984389505,0.08475823402404785
8,180,0.0008089808284385521,0.0007337536313571036,0.12328043381373087,0.08056076367696126
8,181,0.00080728962727144,0.0007334279763098392,0.12634818804116896,0.07752571105957032
8,182,0.0008032874094989197,0.0007294595655467775,0.12842395614694666,0.08475042051739162
8,183,0.0008051304595062027,0.0007305038976483047,0.11725033933733717,0.08512137863371107
8,184,0.0007980792267236537,0.0007359437385780944,0.1352108574207918,0.07847436269124348
8,185,0.0008111654118243835,0.0007318223981807629,0.11007269753350152,0.08184547556771173
8,186,0.0007947802749163483,0.0007360593428731792,0.13598930850441074,0.07963657246695624
8,187,0.000792594490584308,0.0007282032799493108,0.13931967167206752,0.08722989294264051
8,188,0.0007921866793760363,0.0007310465818995403,0.14017475813995173,0.08592313925425211
8,189,0.0007885190071883025,0.0007294001730365886,0.14457524058259563,0.08769437207116021
8,190,0.0007908129087292854,0.0007280926892740859,0.13979006417003678,0.08827850156360202
8,191,0.0007842566424198908,0.0007320157032356494,0.14762720782079813,0.08592571020126342
8,192,0.0007844792075317216,0.0007260567663858335,0.14512291822904422,0.09193276166915894
8,193,0.0007815237585340201,0.0007286866997472114,0.14900340489399286,0.08774175908830431
8,194,0.000778988725218324,0.0007411508238874375,0.1531196211591179,0.0794511357943217
8,195,0.0007760746132892867,0.0007280825042269296,0.1540995575763561,0.0900365948677063
8,196,0.0007722070291178462,0.0007326334365643561,0.15856001274085338,0.08512896166907416
8,197,0.0007746903362316022,0.0007230574510888094,0.15637361929740434,0.09626459942923651
8,198,0.0007737866286648276,0.0007223789179180231,0.15478931017863898,0.097532586256663
8,199,0.0007709107097284293,0.0007245609588507149,0.1562730809788645,0.09392444292704265
8,200,0.0007650480694769893,0.0007260933570149872,0.16379271230579895,0.09395997524261475
8,201,0.0007664077668048349,0.000726136973955565,0.16211207943198122,0.09248918692270915
8,202,0.00076797806189315,0.0007257577070655922,0.16111436184541678,0.09526455932193333
8,203,0.0007652982448538144,0.000735144515056163,0.16579385039247113,0.08494738340377808
8,204,0.0007608262862274308,0.0007268126264938878,0.1649468923792427,0.09430996709399753
8,205,0.0007572375161768753,0.0007198351150792506,0.1686525288923287,0.10209346479839748
8,206,0.0007531211929924694,0.0007288926397450268,0.17438855907063425,0.09178456730312771
8,207,0.0007559629059454173,0.0007322071637544367,0.17205442249039074,0.08811797168519762
8,208,0.0007489600211646361,0.0007255413543639912,0.17831115943414194,0.09486873149871826
8,209,0.0007476760622079449,0.0007201401555600265,0.17938281989391938,0.10311806069480048
8,210,0.0007473729612639196,0.0007317105631550981,0.181489176367536,0.09149395757251316
8,211,0.000745980522773562,0.000727548950817436,0.18155928761870774,0.09276615381240845
8,212,0.0007427339910610039,0.0007197883432834512,0.18363947206073336,0.10122881200578478
8,213,0.0007381161190511911,0.0007290407601330015,0.18912233261414516,0.09462903605567084
8,214,0.0007537598600956025,0.000723086844664067,0.14923574291629554,0.09784508281283909
8,215,0.0007439435997196002,0.0007265154142967529,0.1696969191233317,0.09641240305370755
8,216,0.0007391168001498797,0.0007206215859494275,0.18657523261176215,0.10229808489481608
8,217,0.0007319759323123705,0.0007200678241335684,0.1904057729391404,0.10418880250718858
8,218,0.0007285433358593304,0.0007281623625506957,0.1954209664721548,0.09573848644892374
8,219,0.0007276788562317781,0.0007181939229162203,0.19534120500823599,0.10456628534528944
8,220,0.0007278598941299191,0.0007142426252054672,0.19537213113572863,0.107716879579756
8,221,0.0007252877710364115,0.0007285519955783254,0.1980448125321188,0.0953766385714213
8,222,0.0007228585944602979,0.00072562305851736,0.1996012144618564,0.09866066111458673
8,223,0.0007222006025574641,0.000731402775272727,0.20250546505421768,0.09098067151175605
8,224,0.0007218759972602129,0.0007152542083834608,0.20078532268971572,0.10550847185982598
8,225,0.0007169842905433918,0.000716959139228695,0.20544456434838565,0.10928229888280233
8,226,0.000713984635486095,0.0007208494792899324,0.20761839063079268,0.10359794431262546
8,227,0.0007118974317923004,0.0007149100769311189,0.20994708876550933,0.11084111001756457
8,228,0.0007110889009372504,0.0007184046941498915,0.20974946389963597,0.10625304513507419
8,229,0.00071371603788762,0.0007167042013154262,0.20399723656383562,0.10889773236380683
8,230,0.0007091462531667432,0.0007117796197740568,0.21252851883570353,0.11255572372012668
8,231,0.0007091631297953427,0.0007231462410547667,0.21197661573504223,0.10480588144726223
8,232,0.0007066701290220666,0.0007236621083898676,0.21133738903351773,0.1029822720421685
8,233,0.0007029793192172584,0.0007176568951561219,0.21585487097869685,0.10836452510621812
8,234,0.0007043014713103113,0.0007173728766954608,0.21431562562047698,0.1069831132888794
8,235,0.0007042674878094759,0.0007303979700534707,0.21590510503745372,0.09792937967512343
8,236,0.0007006525572239892,0.0007122827900780572,0.22067816139739238,0.11360804637273153
8,237,0.0006970256312612307,0.0007285433821380138,0.2224162479977549,0.10231086810429892
8,238,0.0006957308484103393,0.0007167461535169019,0.22330799823925818,0.11010271178351508
8,239,0.000691603001402576,0.0007242551319197649,0.22655320594340195,0.10334134631686741
8,240,0.0006939359345576829,0.0007274424152759214,0.2237813753846251,0.09922102557288276
8,241,0.0006892213753114144,0.000715255226370775,0.22802459398905436,0.11275354623794556
8,242,0.0006872439404869062,0.0007091152455864681,0.23040053756148726,0.11847720411088732
8,243,0.000689647339405147,0.0007126430903250972,0.22947663480852856,0.1131950749291314
8,244,0.0006861416753783914,0.0007137435074481699,0.230035079261403,0.11342388523949518
8,245,0.0006810066830596806,0.0007227287446666095,0.23628209785178855,0.10675705671310425
8,246,0.0006774567175415103,0.0007037628092803061,0.23868366568176835,0.12284756898880005
8,247,0.0006783860558816405,0.0007187782825591664,0.2387178326830452,0.10996173620223999
8,248,0.0006764738839177162,0.0007223149580467079,0.23683111432157916,0.1085841351085239
8,249,0.0006731642091094896,0.0007171344736384021,0.2414386029596682,0.11259005334642198
8,250,0.0006717705749906599,0.0007438788410379655,0.242789297192185,0.09229258033964369
8,251,0.0006736959764779901,0.0007264490265192257,0.23915615449717015,0.10340502659479776
8,252,0.0006704927354556635,0.0007198875265506407,0.24429285526275635,0.10979113976160686
8,253,0.0006724546215048543,0.0007207684917375446,0.24163045500531607,0.11183322800530328
8,254,0.0006760782074976575,0.0007266197043160598,0.23707919061919788,0.10110526217354668
8,255,0.0006801920123743238,0.0007158265875962873,0.22513087943748192,0.10850145551893446
8,256,0.0006772177694882784,0.0007229676806471414,0.22904538769780855,0.10294126272201538
8,257,0.0006736259122758552,0.0007115973185540901,0.23813881329548212,0.11974157492319742
8,258,0.0006684871841750947,0.0007148334704753425,0.2435174466651163,0.1143598543273078
8,259,0.0006651321561133236,0.0007142985744091372,0.24624439345465765,0.117861274878184
8,260,0.0006605717566232254,0.0007102143135853112,0.2504444187070117,0.12046480311287774
8,261,0.0006562072757838501,0.0007121073715906177,0.25629288105317105,0.11909099419911702
8,262,0.0006539030615700247,0.0007185467079074846,0.258136248588562,0.11423244741227892
8,263,0.0006611665916330193,0.0007190834873148965,0.2439253795294114,0.10897107654147678
8,264,0.0006593003172001997,0.0007271789014339447,0.25181106167075074,0.10084211428960164
8,265,0.0006516033225911267,0.0007038061507046222,0.26033271683586967,0.12509364949332344
8,266,0.0006490600058222534,0.0007292353599849675,0.26223762226693426,0.10382493336995442
8,267,0.0006462165010794077,0.0006984343196058439,0.26447030865115884,0.13187511497073703
8,268,0.000649198075256276,0.0007217829257974194,0.26191820951155675,0.11062575843599108
8,269,0.000647487267880574,0.0007196698906934923,0.2646217628761574,0.11265900532404581
8,270,0.0006438451341962741,0.000717929343227297,0.2664365603600019,0.11714920467800564
8,271,0.0006419645894008378,0.000708656883539839,0.2662138326668445,0.12076138390435112
8,272,0.0006396073728719336,0.0007246711731163992,0.2720400682202092,0.11219955550299751
8,273,0.0006434033034127895,0.0007391471984899707,0.25819450587402154,0.09247487915886773
8,274,0.0006370390723689378,0.0007183091158771681,0.2704203162664249,0.11248237291971842
8,275,0.0006330106594243352,0.0007277894014906552,0.27299701622974726,0.10484279923968845
8,276,0.0006341262753581467,0.00073898084099508,0.2747552255053579,0.0985821459028456
8,277,0.0006335536545475968,0.0007125446805730462,0.2743977807186268,0.12124762932459514
8,278,0.0006301556118867463,0.0007052612827262944,0.27925463723547667,0.12959762679206
8,279,0.0006337872463462438,0.0007179788986427917,0.27598977707050465,0.1170736657248603
8,280,0.0006297448457414169,0.0007154333754442633,0.2785757840415578,0.11684108840094673
8,281,0.0006309153118320269,0.0007141023770802551,0.27560106501167203,0.1189849230978224
8,282,0.0006248923107682739,0.00073411472969585,0.2826244566175673,0.10379614830017089
8,283,0.0006207265962996049,0.0007311277194983429,0.2862461226957816,0.10406154129240248
8,284,0.0006232156645345651,0.000715347308303333,0.2864814288822221,0.11773490375942654
8,285,0.0006228869591184237,0.0007429468277324405,0.28486201100879244,0.09696775807274713
8,286,0.0006170774476579678,0.0007131602770338456,0.2909607642962609,0.11886747943030464
8,287,0.0006204015228977817,0.0007347504970514113,0.28877389666474895,0.09874718719058567
8,288,0.000613172898316227,0.0007438613865007129,0.292368201709088,0.09592399332258436
8,289,0.0006154234847341331,0.0007369700845123993,0.29134005779101524,0.0992077456580268
8,290,0.0006182778710039494,0.0007184702320955694,0.2885548123606929,0.1191959473821852
8,291,0.0006152954819198283,0.0007159025304847293,0.29221522278255885,0.11985015471776327
8,292,0.0006138338161241493,0.000703834751362188,0.29368508965880785,0.12998727560043336
9,1,0.10000780192606243,0.017955469422870213,-153.55127281966034,-28.04690931108263
9,2,0.021278319986146172,0.004141579568386078,-31.337611920745285,-5.284730127122667
9,3,0.01210089034550352,0.0019936795346438886,-17.274784861081912,-1.7418269051445856
9,4,0.009135059028128048,0.0013264804793935684,-12.687298595758133,-0.6239837964375814
9,5,0.007570604967344323,0.0011930693484221895,-10.316013305569873,-0.4223097244898478
9,6,0.006645546072841058,0.0011326869406426945,-8.867560936492167,-0.3440734439425998
9,7,0.005999236315902736,0.001140034791185624,-7.886443985244374,-0.34104144043392604
9,8,0.005451068985793325,0.0011303303401089377,-7.016435019469555,-0.3391044457753499
9,9,0.0049963087786310985,0.0011325958107287685,-6.2904292038929315,-0.3433233790927463
9,10,0.004536897406257965,0.0011433746122444669,-5.6171505271652595,-0.3450265910890367
9,11,0.004167501713482686,0.0010812634188267919,-4.974013633492552,-0.26373349295722115
9,12,0.0037846978891778876,0.0011065602121460769,-4.444587243633506,-0.2978552050060696
9,13,0.003461717736021972,0.0010853652816472782,-3.9557754154558533,-0.26009628772735593
9,14,0.003142750262639221,0.00106750989281055,-3.4328482936929774,-0.22629235320621066
9,15,0.002898354285086195,0.001047169722409712,-3.0506394704182944,-0.1922227488623725
9,16,0.0026908768053500003,0.0010522483201283548,-2.726482653912203,-0.20325513415866428
9,17,0.0024570297110641814,0.001040330089421736,-2.3785941247586853,-0.17991879251268175
9,18,0.002278564434590531,0.0010318810301315454,-2.081729961618965,-0.16475676430596245
9,19,0.0021663186663508785,0.0010327278920966717,-1.8960428405691077,-0.1640813880496555
9,20,0.002047526566196739,0.0010160969130487906,-1.7069185148050756,-0.1363724086019728
9,21,0.0018942659973730275,0.0010092742404797011,-1.4938776893380248,-0.12550277180141872
9,22,0.0017926721520330987,0.0010051779811167056,-1.326815296985485,-0.1161018967628479
9,23,0.0017409093540023874,0.0009958948319156965,-1.2345656945381636,-0.10243834257125854
9,24,0.0016737733208746822,0.0009922650461602542,-1.142857704339204,-0.09559822214974298
9,25,0.0015526783577867864,0.0009898455710046822,-0.9563781861905698,-0.08937054475148519
9,26,0.0015070086080626942,0.0009925136782435906,-0.8806049129109323,-0.09186807738410102
9,27,0.0014866983839943084,0.0009824702567938302,-0.8403643484468813,-0.07843482494354248
9,28,0.001434098367786242,0.0009865503421881132,-0.7825179938916806,-0.0846728695763482
9,29,0.0014310566630835334,0.0009755329668728841,-0.7763581402507829,-0.06832990248998007
9,30,0.0013564118396858743,0.0009780752420839335,-0.656751345705103,-0.07091704739464653
9,31,0.0013253027369141764,0.0009749334952276614,-0.5994783260204174,-0.066924958758884
9,32,0.001295246726281389,0.0009730204577661223,-0.5648572974734836,-0.06061891184912788
9,33,0.0012940750839648607,0.0009716060685200824,-0.5671258752728686,-0.05727373096677992
9,34,0.0012549362703008049,0.0009648275561630725,-0.5177802677507753,-0.04811494482888116
9,35,0.001227274370080803,0.0009641801809064216,-0.44951413501927884,-0.04828028678894043
9,36,0.0012163573890395555,0.0009679558195380701,-0.448235058195797,-0.05089181661605835
9,37,0.001195202149266814,0.0009627551668220096,-0.4031630963455012,-0.042453873157501223
9,38,0.0011805865606063126,0.000962469374967946,-0.3738676389058431,-0.0432207465171814
9,39,0.001171766093035263,0.000961878476664424,-0.36734177094918713,-0.04230711725023058
9,40,0.0011665202430047002,0.0009622512411119209,-0.35248559257130563,-0.0440131770239936
9,41,0.001168215195475905,0.0009600467514246702,-0.3715271852634571,-0.03953338596555922
9,42,0.0011494363860779062,0.0009571733030801018,-0.3215686411033442,-0.0352430714501275
9,43,0.0011424956403465734,0.000958138282617761,-0.3212893506627024,-0.036702128251393636
9,44,0.0011179660501556448,0.0009548996264735857,-0.28379418378994786,-0.03186937835481432
9,45,0.0011106410920390009,0.0009527772199362516,-0.2695107309906571,-0.027847748332553438
9,46,0.0011210135945958304,0.0009557679890551501,-0.2938574717368609,-0.03240615261925591
9,47,0.0011003607389643605,0.0009545603818777535,-0.2446470554964042,-0.029208608468373618
9,48,0.0010854985697171938,0.0009505294806634386,-0.22656839556164213,-0.02405443588892619
9,49,0.0010853281031926105,0.0009539399218435089,-0.23831910984015758,-0.02774861521191067
9,50,0.0010815638134738913,0.0009516387738080489,-0.22199542272238085,-0.02404899729622735
9,51,0.0010653341496593238,0.0009495913620210356,-0.20006868441899617,-0.02340269751018948
9,52,0.0010608272767844208,0.0009516060429935654,-0.19724331549656243,-0.025358700752258302
9,53,0.0010518053083761055,0.0009513629005394048,-0.17825659410453137,-0.025254657533433703
9,54,0.0010603580500263676,0.0009525984629160828,-0.1825257776696005,-0.026718199253082275
9,55,0.0010626908391714097,0.0009461923010854258,-0.19658505224887235,-0.016886671384175617
9,56,0.001050352929217488,0.0009475697271732821,-0.17505246621591072,-0.018618304199642607
9,57,0.0010582073574402818,0.0009520358328397075,-0.17469261207698303,-0.028957302040523953
9,58,0.0010382518071658266,0.0009456670791324642,-0.16051468863899326,-0.017002095116509332
9,59,0.001030388623792218,0.00094705980995463,-0.14235674304726684,-0.019588935375213622
9,60,0.001041358269687834,0.0009469731633240978,-0.17961911272119593,-0.018737267123328315
9,61,0.0010215483052529578,0.0009476225745553772,-0.13008274369769626,-0.020883348253038194
9,62,0.0010321097046044874,0.0009454597770753834,-0.14743928791564187,-0.017826714780595568
9,63,0.0010214534654270535,0.0009429484709269471,-0.13933466216664256,-0.013290582762824164
9,64,0.0010203696361938375,0.0009424015957241257,-0.1329559377682062,-0.012423790825737847
9,65,0.001018117792777901,0.00094303321869423,-0.1305987490548028,-0.0142860213915507
9,66,0.0010126400557864043,0.0009407785022631287,-0.11088746300450078,-0.009128435452779134
9,67,0.0010069238427267582,0.000941435891824464,-0.11145159800847372,-0.01103418403201633
9,68,0.0010238541520120185,0.0009420538683318429,-0.1307482781233611,-0.012236438857184517
9,69,0.0009994213308357161,0.0009411178374042114,-0.09955555480203511,-0.009721492396460639
9,70,0.0009947673078442429,0.0009402652245221867,-0.09028779062224024,-0.00963933202955458
9,71,0.0009880538799880464,0.000939698786371284,-0.08206214036470579,-0.010549694961971707
9,72,0.0009955086917788894,0.0009397610685684615,-0.08929765430497534,-0.009174093935224744
9,73,0.0010037635728992798,0.0009409010591399339,-0.10099910232755872,-0.011579908265007866
9,74,0.0009882140130000074,0.0009391954142807258,-0.08101874531051259,-0.009170970651838514
9,75,0.000992672903072319,0.0009370288216612405,-0.09220664766099718,-0.009169990486568875
9,76,0.0009859704324849134,0.0009380395653554135,-0.07984941932890151,-0.008874607086181641
9,77,0.0009822775323783267,0.0009365290144665374,-0.07523918755260514,-0.007064259052276612
9,78,0.0009900972991606887,0.0009362918040197757,-0.08717556882787633,-0.004474190870920817
9,79,0.0009730699347090666,0.0009346975608625345,-0.0605809086634789,-0.003217200438181559
9,80,0.000978365103300247,0.0009352479518080751,-0.06723422650937681,-0.0046972380744086375
9,81,0.0009748962617272304,0.0009352515632700589,-0.0595472428533766,-0.00498224761750963
9,82,0.0009750549563632151,0.0009369793684325284,-0.06848747597800361,-0.007936157120598687
9,83,0.0009674315553526452,0.0009354252419951889,-0.05584454654175558,-0.004745120472378201
9,84,0.0009722985948125521,0.0009324812175085148,-0.06907811091269976,-0.0020809464984469944
9,85,0.0009731149588378123,0.0009315325697470042,-0.06024391562850387,-0.0016394191318088109
9,86,0.0009596103497631388,0.00093082746801277,-0.04820370836022459,0.00032310883204142253
9,87,0.0009669822732699506,0.0009334123020784723,-0.052810559155028546,-0.00420907735824585
9,88,0.0009747312003229227,0.0009321862055609623,-0.06803699157856129,-0.003408760494656033
9,89,0.0009718408029135546,0.0009322678178755773,-0.05681977978459111,-0.0028049627939860026
9,90,0.0009653782701970618,0.0009323269102929367,-0.053232517360169214,-0.003938023249308268
9,91,0.0009546382838492224,0.000929300838874446,-0.036139714865036955,0.0007116874059041341
9,92,0.0009521650134608794,0.0009281198364785976,-0.03610264151184647,0.0032417482799953884
9,93,0.0009525345233096569,0.0009289166398553384,-0.03812750813401775,0.000988643699222141
9,94,0.0009508205563358871,0.0009272055105409688,-0.03227781116226573,0.004098788897196452
9,95,0.0009462222753000664,0.0009276232914999128,-0.022853537106219634,0.0014894670910305446
9,96,0.0009396432040914617,0.0009267213211084405,-0.016796126924915077,0.002794188923305935
9,97,0.0009459298378557978,0.0009259652734423678,-0.03125276992350449,0.004621438185373942
9,98,0.0009423144679102632,0.0009244411071348521,-0.02319040342613503,0.006245023674435086
9,99,0.0009448992219224664,0.0009249073970648978,-0.026955914938891375,0.002148877249823676
9,100,0.000939714956746931,0.0009236171970971757,-0.019255127583021,0.005606096320682102
9,101,0.000936374881873942,0.0009212990110326145,-0.014468172597296445,0.009892355071173774
9,102,0.0009410912764580622,0.0009207984768889016,-0.017590749263763427,0.009860497050815159
9,103,0.0009313043215553518,0.0009216690410135521,-0.009507308771580826,0.00878530740737915
9,104,0.0009331886826175047,0.0009213355680306752,-0.01065375863769908,0.009489870071411133
9,105,0.0009352528912670634,0.0009189044694519705,-0.014920003473022837,0.010407298141055637
9,106,0.0009342969794769162,0.0009191345397589935,-0.013012223184844594,0.008749445279439291
9,107,0.0009316641153238806,0.0009190204423955745,-0.014495453128108272,0.007466113567352295
9,108,0.0009258638949558875,0.0009183737190647257,-0.005573454315279737,0.009855645232730442
9,109,0.0009247282841875229,0.0009177223261859681,-0.0031445676897778924,0.010491436057620578
9,110,0.000925913022365421,0.0009179131231374211,-0.0039919243918524845,0.00850909153620402
9,111,0.0009187517653184909,0.0009151067610623108,0.0045415186587675115,0.014087805483076308
9,112,0.0009187761833603827,0.0009151057210854358,0.004872131200484287,0.01165030664867825
9,113,0.0009280513056530905,0.0009147929519207941,-0.0033624394440356594,0.012105847729576959
9,114,0.000918420419142938,0.0009130095623226629,0.0054049098933184585,0.015037058459387884
9,115,0.0009208007477062904,0.0009120257364379035,0.004557454291685128,0.01727712551752726
9,116,0.0009122980088800376,0.000911865605869227,0.013984323136600448,0.01674642695320977
9,117,0.0009154626020276344,0.0009107493226312929,0.0014684139946360647,0.01573136779997084
9,118,0.0009122470551871776,0.0009106684993538592,0.01619704137613744,0.01585950454076131
9,119,0.0009094982557458642,0.0009060002449485991,0.010929389500323638,0.023279205958048502
9,120,0.0009064016153713987,0.0009084408895836937,0.018317230100984926,0.018584544128841824
9,121,0.0009119889435910241,0.0009076284865538279,0.008246280970396818,0.018316862318250866
9,122,0.0009013727446730582,0.0009050802172472079,0.023645853554760968,0.02210526466369629
9,123,0.000900309311547949,0.0009046250152298146,0.01707405587773264,0.022361956702338325
9,124,0.0008977205128937868,0.0009023958429073294,0.029049544422714797,0.026819704638587103
9,125,0.00090178817562345,0.0009037255387132366,0.016397414678408776,0.02147037982940674
9,126,0.0008975917331150009,0.0009006639528605673,0.026915392757933816,0.026867046621110703
9,127,0.0008941439493490314,0.0009007562417536974,0.029778828149960364,0.026034881008995904
9,128,0.0008979898328421476,0.0008990649832412601,0.02645310310669887,0.028403198719024657
9,129,0.0008876591052768039,0.0008971734412221445,0.036960117169368416,0.030278183354271782
9,130,0.000887589473967199,0.0008966285192097226,0.03789963133541154,0.030131044652726917
9,131,0.0008937373474228805,0.0008968477991099159,0.02968083369879075,0.03055748012330797
9,132,0.0008999912177476986,0.0008972227418174347,0.015671212290540155,0.028123713864220513
9,133,0.0008822180296259897,0.0008955199918192294,0.04259865166228494,0.03147648308012221
9,134,0.0008868716757767547,0.0008957728898773591,0.035805292777073235,0.030410308308071562
9,135,0.0008778295175022917,0.0008952407450932595,0.046901602803924934,0.030860732661353217
9,136,0.0008795299350261044,0.000896186102181673,0.04409808229517054,0.028827232784695095
9,137,0.0008781028122434185,0.0008913768662346734,0.04597094073707675,0.03533656332227919
9,138,0.0008741961784925266,0.0008915648459353381,0.049610745465313945,0.03553773164749145
9,139,0.0008761777607206669,0.0008903133398335841,0.050485438034858235,0.03734405835469564
9,140,0.0008727023087694873,0.0008914375186173453,0.053054547898563335,0.0352585236231486
9,141,0.0008656677432116811,0.0008886910535188184,0.0612825952930215,0.037715219126807316
9,142,0.0008659109194406573,0.0008905504959531957,0.06073748344256554,0.034542825486924916
9,143,0.0008634805420620574,0.0008882909651017851,0.06166251397427217,0.0373125950495402
9,144,0.0008647078395257762,0.0008864766840512554,0.061012560938611446,0.039389508300357395
9,145,0.0008645543896156236,0.0008855595796679457,0.06398725377188788,0.040383138921525744
9,146,0.0008603240360425394,0.0008880136586311791,0.06255126691158906,0.03634239037831624
9,147,0.0008578514231851808,0.0008862802707072762,0.06852859067328182,0.03905929459465875
9,148,0.0008577181612727818,0.0008842289706485139,0.07004736514739049,0.04165012571546767
9,149,0.0008536463005491245,0.0008825244640724526,0.07093511157565646,0.04393211735619439
9,150,0.0008524436788219544,0.0008828348945826292,0.07199661908326326,0.043455358346303305
9,151,0.0008533839929710936,0.0008810390614800983,0.07165657855846264,0.044454216957092285
9,152,0.000847637024420647,0.0008814964443445205,0.07862237103191423,0.04178134732776218
9,153,0.0008479035196446434,0.0008827777424206336,0.07668944185162768,0.04080887370639377
9,154,0.0008457314935915264,0.0008816301382871137,0.07679441769917807,0.04434430996576945
9,155,0.0008428168329295277,0.0008798626950010657,0.08262095024556289,0.04800838629404704
9,156,0.000845657897118571,0.0008782794957773553,0.07802500886681639,0.0469320469432407
9,157,0.0008401384180480683,0.0008765320836876829,0.08506581047434866,0.04890013403362698
9,158,0.0008457489681062231,0.0008798043657508161,0.0765860280872863,0.04331156942579481
9,159,0.0008409894307224471,0.0008793248976063397,0.08018271466832103,0.04263703690634833
9,160,0.0008366191733835472,0.0008754858695384529,0.08995693980911632,0.048256446255577935
9,161,0.0008365467518430065,0.0008756759421279033,0.08811350634068618,0.051084848244984944
9,162,0.0008279604554164833,0.0008733478167818652,0.09938256166599414,0.05389343367682563
9,163,0.0008276241355759586,0.0008737233726100789,0.09823003904319104,0.0505716774198744
9,164,0.0008389296461425629,0.0008748328132140967,0.07867325146993001,0.04882857004801432
9,165,0.0008267365268109665,0.000873490456595189,0.0987786736017392,0.04971573087904188
9,166,0.000824632448931857,0.0008718862224163281,0.1014569498874523,0.0523864467938741
9,167,0.0008255797222739568,0.0008732476375169225,0.09819985333784127,0.05156709485583835
9,168,0.0008227407350204885,0.0008739840679077639,0.10290689630272948,0.04988500012291802
9,169,0.0008183924180892423,0.0008677161039991511,0.10587703298639368,0.059057280752393936
9,170,0.0008172604259689925,0.0008705319267594152,0.10844828111154062,0.0548660331302219
9,171,0.0008153487777302938,0.0008668337043167817,0.11081213803938877,0.05925866895251804
9,172,0.0008179228314497497,0.0008672758316000303,0.10237205043251132,0.05833791626824273
9,173,0.0008115837461154126,0.0008653692254382703,0.1125839137736662,0.060246810648176406
9,174,0.0008074995015322426,0.0008671964285895228,0.1178337420946286,0.058493228753407796
9,175,0.000807136692031988,0.0008633257045100132,0.11747023838537711,0.06328281429078844
9,176,0.0008038717011610667,0.0008663477401973473,0.12092335533212732,0.057370197772979734
9,177,0.0008006934089482659,0.0008644523383635614,0.1227791440339736,0.059279994169871016
9,178,0.0007981404547154167,0.0008631244896807604,0.12760201074458935,0.0628228743871053
9,179,0.0007981711244038134,0.0008626780990097257,0.1283609903888938,0.0629770941204495
9,180,0.0008044872625535469,0.000863908872836166,0.12279794216156006,0.061525815063052706
9,181,0.0007980651978150378,0.0008621571895976861,0.1263694058229894,0.06305453909767998
9,182,0.0007952395843824854,0.0008620164227775401,0.12812225553724502,0.0632309463289049
9,183,0.000793062363906453,0.0008626690522457163,0.1276519994676849,0.06187030739254422
9,184,0.0007891765121589013,0.0008612197073590424,0.1336220289454048,0.06312916543748644
9,185,0.0007863062948425427,0.0008599042478534911,0.13632278236342066,0.06483739217122396
9,186,0.0007844705386144788,0.0008593155795501338,0.13847340374817083,0.06575288772583007
9,187,0.0007841616135987418,0.0008567942073568702,0.13715963819880544,0.06737818717956542
9,188,0.0007869862774559469,0.0008572784976826774,0.1367545626781605,0.06773773961597018
9,189,0.0007785386522300541,0.0008553069602284166,0.1432107784129955,0.07237053049935235
9,190,0.0007755373013895695,0.0008570973502679003,0.14796113246752893,0.06804267035590278
9,191,0.0007758786440482018,0.0008554745025725828,0.1453186379538642,0.07092546224594116
9,192,0.0007745116532285824,0.0008530388353392482,0.14735535545113645,0.07292208539115058
9,193,0.0007721029990927581,0.0008542630097104443,0.14788372781541612,0.07233339150746664
9,194,0.0007776101433131613,0.0008540256543912822,0.1456614370699282,0.0710614111688402
9,195,0.0007713627395001643,0.0008562384975246257,0.15259296393688815,0.06926045682695177
9,196,0.0007682490734567429,0.0008534162589866254,0.15300767068509702,0.06987303230497573
9,197,0.0007675283453369766,0.0008529416233715083,0.15352689484019338,0.07199006875356039
9,198,0.0007641044478392067,0.0008525273503942622,0.1568153840524179,0.07197628815968832
9,199,0.0007591253403792686,0.0008527814746937818,0.16096214291490155,0.07121254867977567
9,200,0.0007614480354535727,0.0008536934800859955,0.15660166799286265,0.06888413429260254
9,201,0.0007556529573371841,0.0008492481118688981,0.16440051970658479,0.07566432555516561
9,202,0.0007552717756307511,0.0008496586388597886,0.16548914350109337,0.07751160860061646
9,203,0.0007549691826024633,0.0008487739289800326,0.16250986729139164,0.07592525879542032
9,204,0.0007518473976682641,0.0008477298064260847,0.16864394744237263,0.07891482379701402
9,205,0.0007533467239642769,0.0008477697873281108,0.1666872062800843,0.07817405859629313
9,206,0.0007549705429370573,0.0008489682727182905,0.16632437382215334,0.07430845763948228
9,207,0.0007470056145842889,0.0008463634449678163,0.17159743220717819,0.07984045214123196
9,208,0.0007493415439248453,0.0008460651397601598,0.17109206311496689,0.07790695031483968
9,209,0.0007425591713219973,0.0008466081383327643,0.17675927730254185,0.07744143274095323
9,210,0.0007384865699956814,0.0008474225230101082,0.1802869184517566,0.07692642741733127
9,211,0.0007394077397170075,0.0008435647197378178,0.17950955894258286,0.08214688433541192
9,212,0.0007336435049059398,0.0008437523592470421,0.18561013480763378,0.08144800000720553
9,213,0.0007334631041301713,0.0008433433120242424,0.18404207553392576,0.07963543468051487
9,214,0.0007363325163124153,0.0008474144334387449,0.17816523210501964,0.07650888231065538
9,215,0.0007337960232060725,0.0008479923165092865,0.18261421065271635,0.07592869069841172
9,216,0.0007302728311998057,0.0008419117075391114,0.18708370570783261,0.08256460560692681
9,217,0.0007310272844071374,0.0008402649830612872,0.1793335297961294,0.08442782825893826
9,218,0.0007255989605457418,0.0008423182388974561,0.1881775321783843,0.08109241194195217
9,219,0.0007254858482571572,0.0008401381576226818,0.1861168924673104,0.0836535996860928
9,220,0.0007237151538217326,0.0008436610805802047,0.1926565608860534,0.07962886757320828
9,221,0.0007567669135621852,0.0008522028569132089,0.17065659673125655,0.0702993671099345
9,222,0.0007453532997277324,0.0008424048234398166,0.17298767228185394,0.08263202773200141
9,223,0.0007317412095604304,0.0008399715996347367,0.1875422171604486,0.085957313908471
9,224,0.0007243184900244721,0.0008379987169367572,0.19415480884504907,0.08651527298821343
9,225,0.0007197160268041455,0.0008377039869729843,0.19857871429419813,0.08587588204277886
9,226,0.0007125628925285037,0.0008425084356632498,0.2050741219226225,0.08073926236894395
9,227,0.0007108422792459159,0.0008408816712391046,0.20449585546681912,0.08164001703262329
9,228,0.0007101188905330168,0.0008416442873163356,0.20436668602036842,0.08340414365132649
9,229,0.0007087189668249109,0.000837915318293704,0.20373389220532076,0.08586679829491509
9,230,0.0007091718757479095,0.0008332416673915254,0.2061054688912851,0.09269655413097805
9,231,0.000704776368069428,0.0008394246170711187,0.21042007266739268,0.08590560621685452
9,232,0.0007033776421456334,0.0008312236828108628,0.21108604066165876,0.09481216669082641
9,233,0.0007006996890449506,0.0008336177238056229,0.21364698307013805,0.09150470495223999
9,234,0.0007071529694740879,0.0008350609245503114,0.19447329338685965,0.08825386100345188
9,235,0.000696409139983402,0.0008353322239903113,0.21655528206884125,0.08887472285164727
9,236,0.0006970632421772605,0.0008349303207877609,0.21519021987915038,0.08842547337214152
9,237,0.0006959214159804913,0.0008346425240031547,0.20713468569296378,0.08839724196328057
9,238,0.0006919178163149843,0.0008330644664561583,0.21968040230833455,0.08996380435095894
9,239,0.0006947497444882713,0.0008358396861391763,0.22052824158727388,0.08718502124150594
9,240,0.0006914450414766224,0.0008373250318173733,0.2220337633733396,0.08735660579469469
9,241,0.000690029806997857,0.0008371618912658758,0.21916628428447393,0.0869934598604838
9,242,0.0006891054506586106,0.000832086730386234,0.2202683644530214,0.09251834286583795
9,243,0.000691271879290587,0.0008336374018755224,0.22073266991862545,0.08983166350258721
9,244,0.000684403367685499,0.0008318504654905863,0.22787276403403575,0.09204785691367255
9,245,0.0006845316736108084,0.0008349765738886264,0.22589862596841506,0.08901572227478027
9,246,0.0006786571466363966,0.0008279506246455842,0.23147722482681274,0.09649722443686591
9,247,0.000675397024081767,0.0008375478235797749,0.2340531015101774,0.0869250390264723
9,248,0.0006734236752913322,0.0008303148180453314,0.235948364234265,0.09424869881735908
9,249,0.0006724108744953057,0.0008351962289048566,0.23639236291249593,0.08842766947216457
9,250,0.0006743554357887694,0.0008291384761428668,0.2363164931167791,0.09432552125718859
9,251,0.0006788217364867897,0.0008274100190545949,0.23023970583338796,0.0980403635236952
9,252,0.0006828665747709665,0.000825979796031283,0.23072244267404815,0.10204091999265882
9,253,0.000680151856849315,0.0008293876282146408,0.23119565454530128,0.09775437249077691
9,254,0.0006794287445150132,0.000824690663204011,0.23199853014062952,0.10253785716162787
9,255,0.0006688306481795914,0.0008269555207031468,0.24065268628391218,0.09900858932071262
9,256,0.000668476317451554,0.0008309738619977402,0.23478065817444413,0.0947009523709615
9,257,0.0006670245778585933,0.0008245278680179682,0.2419115424156189,0.09835099511676365
9,258,0.0006603862676355574,0.0008468145763294565,0.2485674235555861,0.07694582409328884
9,259,0.0006590947206994449,0.00082670032667617,0.2460793239099008,0.09681416087680393
9,260,0.0006566820960825332,0.0008218244183808565,0.250753903536149,0.10198774602678087
9,261,0.0006737302849356683,0.0008323247971323629,0.24080312075438323,0.08797981474134657
9,262,0.0006614229194877416,0.0008371645416547027,0.2405814919942691,0.084670266840193
9,263,0.0006589441394927785,0.0008243753005646997,0.24451283187042047,0.09911554786894057
9,264,0.0006515189372922904,0.0008261623572454684,0.25554676953657174,0.09553337097167969
9,265,0.0006474224885028822,0.0008274311497290101,0.25886457952452296,0.0954783731036716
9,266,0.0006530278552047633,0.0008322900393977761,0.2539211165757827,0.09250960350036622
9,267,0.000651285718453841,0.0008236250439141359,0.25592254827051986,0.09857796827952067
9,268,0.0006459003498340831,0.0008209666120819747,0.2600171633708624,0.10292609135309855
9,269,0.0006480210403233399,0.0008286674041301012,0.25990315896493416,0.09311716821458604
9,270,0.000640344649789004,0.0008305141107282705,0.2653525033114869,0.09296565983030532
9,271,0.0006395838880210103,0.0008258552432784603,0.26579057699368325,0.09595120350519816
9,272,0.0006393512209336975,0.0008218410295537776,0.2648536028685393,0.1025938418176439
9,273,0.0006417080670894112,0.0008235426878349649,0.26471025590543396,0.1005633725060357
9,274,0.0006403605246709452,0.0008279847679659724,0.25935615595476125,0.09695172972149319
9,275,0.0006329896691669193,0.0008275338073468043,0.2717620756891039,0.09708188904656304
9,276,0.0006324073926396208,0.0008427956335557003,0.27233452723350055,0.08185964690314398
9,277,0.0006317588668834004,0.0008236567282842265,0.27215535640716554,0.1038808544476827
9,278,0.0006393572334257633,0.0008428630910606848,0.265848340075693,0.08032964997821385
9,279,0.0006347987938810278,0.0008337123604077432,0.26925495112383807,0.08772463798522949
9,280,0.0006279176594057109,0.0008291046678399046,0.2752101793701266,0.09265360169940524
9,281,0.0006281522385787541,0.000819394584848649,0.27539004528964006,0.10689551300472683
9,282,0.0006237017982466905,0.0008287699427455663,0.27874369974489566,0.0906179149945577
9,283,0.0006186427383246705,0.0008273441189279158,0.28332287190872946,0.09555484983656141
9,284,0.0006178373439283466,0.0008258899647949471,0.28415777727409647,0.09774840937720405
9,285,0.0006173839900401179,0.0008270146829696993,0.28259182432551444,0.09766609271367391
9,286,0.0006194545680450068,0.0008288632069403927,0.28348880182077857,0.09726795355478922
9,287,0.0006196128769294807,0.0008259688115989168,0.2838604148523307,0.09997076723310683
9,288,0.0006132728858551953,0.0008233525764404072,0.2898836705419752,0.10001132620705498
9,289,0.0006104465707688144,0.00082852492083071,0.29156490549629116,0.09658751090367636
9,290,0.0006121599885784549,0.0008253009032665028,0.28935559502354374,0.09918209314346313
9,291,0.000613141078846874,0.0008303738664835692,0.28299733724123166,0.09415239757961696
9,292,0.0006107219020594602,0.0008248573828799029,0.2895564626764368,0.09982366826799181
9,293,0.0006186259016509593,0.0008412196494949361,0.2860837431601536,0.08574146959516737
9,294,0.0006146952545810721,0.0008288457950887581,0.2862042525668203,0.09578122033013238
9,295,0.0006107361727095221,0.0008371424227435556,0.2928835964497225,0.08703647322124905
9,296,0.0006079793912013647,0.0008213651366531849,0.2929556134306354,0.10427086353302002
9,297,0.0006036174098420659,0.0008329177145949668,0.29668376004254376,0.09198249710930718
9,298,0.0006010226134992675,0.0008391217690789037,0.29821833313247303,0.085252316792806
9,299,0.0006003281445081495,0.000834432299921496,0.30017344524830947,0.09066063563028971
9,300,0.0006004274903256216,0.0008242836920544505,0.2986562302083145,0.10143727858861287
10,1,0.095685821113947,0.016931532654497358,-146.1840849429001,-26.249724017249214
10,2,0.020831330414907433,0.003965375303394265,-31.126994393195634,-5.161013401879204
10,3,0.011931021113730508,0.0019117540472911464,-17.03866151821466,-1.8270740032196044
10,4,0.009252178475812629,0.0012243005343609385,-12.850347108016779,-0.7092064619064331
10,5,0.007797362551920943,0.0010746056395065453,-10.587784851333241,-0.47384724881913926
10,6,0.006953602888977822,0.0010553392193590602,-9.316724708345202,-0.4332916153801812
10,7,0.006415962449700376,0.0010243265372183589,-8.512310325952225,-0.3862851434283786
10,8,0.005849387003453793,0.001024759602215555,-7.571627781420578,-0.3953578472137451
10,9,0.005439449143078592,0.001046158926975396,-6.989607491316619,-0.42231700420379636
10,10,0.0050631036476036645,0.0009812767488054104,-6.4202093916174805,-0.3216132640838623
10,11,0.004684270655069454,0.0010155715953765643,-5.830166822009616,-0.37390870253245034
10,12,0.0043052914506399335,0.0010000057803052995,-5.233862911330329,-0.35645942423078747
10,13,0.003999966201889846,0.0009807687407980363,-4.731420760978887,-0.32369655238257516
10,14,0.003692898780314459,0.0009685678265264465,-4.25083423514425,-0.29954854647318524
10,15,0.0034231274290999147,0.0009496763995331195,-3.8704342774402947,-0.2694223350948758
10,16,0.003150732860107113,0.0009648203992077874,-3.425883126553194,-0.2896356052822537
10,17,0.0029315622000276676,0.0009481869469810691,-3.0904211147331897,-0.26453527874416777
10,18,0.002729845234411366,0.0009422537172213197,-2.7953011094787974,-0.2542506906721327
10,19,0.0025372897108073954,0.0009221894356111686,-2.4734456674552256,-0.22166788048214384
10,20,0.002366688377281398,0.0009098484374893208,-2.218550870153639,-0.20138857629564072
10,21,0.0022272682553272187,0.0009026771126728919,-1.9844217983292944,-0.1872977680630154
10,22,0.0020938729050994655,0.0009152624846643044,-1.8037508740837191,-0.20930835405985515
10,23,0.0019712557780475898,0.0008917449300901758,-1.5782791482077705,-0.16924124558766682
10,24,0.0018833746331640415,0.0008879804117087689,-1.4387101741484654,-0.16124187840355766
10,25,0.001773241928341672,0.0008767130513054629,-1.269613250096639,-0.14458722008599176
10,26,0.0017119100061532707,0.0008625830950525899,-1.1913747204674614,-0.12042097912894355
10,27,0.0016313757802026323,0.0008665014071286552,-1.0623788330290052,-0.12661214934455023
10,28,0.0015773683415587854,0.0008665449141214292,-0.9746135652801137,-0.1271510746743944
10,29,0.0015196500018376995,0.0008565551446129879,-0.8780255823959539,-0.11185693740844727
10,30,0.001482791607670578,0.0008514550941375394,-0.8380782451158688,-0.10268040365642972
10,31,0.0014261596396358477,0.0008410757291130722,-0.7386897596312157,-0.08658460908465915
10,32,0.00139441894924981,0.0008354165242053568,-0.683245653576321,-0.07626027796003554
10,33,0.0013514289264509706,0.0008369817941760023,-0.6162771766568408,-0.07917960882186889
10,34,0.001336155603007402,0.0008368546932211353,-0.5878172983357935,-0.07878511481814915
10,35,0.001308194344955278,0.0008343334089861148,-0.5535233011952153,-0.0741465581787957
10,36,0.0012907242482919016,0.000828971292099191,-0.5346730679641535,-0.06533126301235623
10,37,0.0012791542968724244,0.0008317512472988003,-0.5119420584337211,-0.06955988142225478
10,38,0.001241052704633294,0.0008257112879719999,-0.4465280376834634,-0.058744223912556966
10,39,0.0012204614519659015,0.0008294993093133801,-0.4189570011915984,-0.06475038528442383
10,40,0.0012175470895283383,0.0008227544823764927,-0.4005120421633308,-0.05439296960830688
10,41,0.001196605033804605,0.0008207055584837993,-0.3826803572383928,-0.0508608513408237
10,42,0.0011852498649171106,0.000822192911679546,-0.35822039945625966,-0.052740987141927084
10,43,0.0011743943014377613,0.0008176052399600545,-0.3448391163790667,-0.046208127339680986
10,44,0.0011541003519439218,0.0008169524669129815,-0.32004090282652115,-0.04552759594387478
10,45,0.0011481362765792895,0.0008159236904854576,-0.30428252279022594,-0.0437351041369968
10,46,0.0011427326179626915,0.0008148826050779058,-0.29552381421312873,-0.042207426495022245
10,47,0.0011332321308415245,0.0008157995102616648,-0.2800760962344982,-0.04363965458340115
10,48,0.001127945881963558,0.0008098144963797596,-0.27958817334822667,-0.033053860399458145
10,49,0.00111270512678419,0.0008107517781253491,-0.25592866355990185,-0.03485309680302938
10,50,0.001100464134166638,0.0008111082974614368,-0.23550891155078088,-0.03532057073381212
10,51,0.0011067524308016822,0.000808099914704346,-0.24825237018090707,-0.030864046679602727
10,52,0.0010981210573564892,0.0008062231703661382,-0.2300208917370549,-0.026899139086405437
10,53,0.0010855438851716894,0.0008105055222080813,-0.2189184503790773,-0.03393237855699327
10,54,0.0010772526292935198,0.0008085805172514584,-0.19524447329250383,-0.03198243644502428
10,55,0.0010783301812976047,0.000805327635154956,-0.20080441310081953,-0.026708135339948865
10,56,0.0010818407626500652,0.0008048696805619531,-0.1986118206271419,-0.02577309078640408
10,57,0.001063773312812878,0.0008034219460872313,-0.17005640194739824,-0.023529195785522462
10,58,0.0010680812169556264,0.000802349468641397,-0.18060757392718468,-0.02240958743625217
10,59,0.0010555556547011673,0.0008035916951484978,-0.16904224863758793,-0.024550486935509576
10,60,0.0010532935037864026,0.0008009388357297414,-0.1640895144439038,-0.019528236654069688
10,61,0.0010444787655738584,0.0008000476234075096,-0.1440118283401301,-0.01802463796403673
10,62,0.001039200865974029,0.0008015140063232846,-0.14115201234817504,-0.021170286337534587
10,63,0.0010333644415907286,0.0008007559343241155,-0.1292937633431988,-0.01998831695980496
10,64,0.001037218275675435,0.0007997032267869346,-0.14223365798408602,-0.018429915110270183
10,65,0.001036374836895661,0.0007977911452245381,-0.1305986080640628,-0.016619935300615098
10,66,0.0010278771723402135,0.0007974222341241936,-0.12439731138723868,-0.015575721528795031
10,67,0.0010244928458475588,0.0007968856319267717,-0.11738007377695155,-0.013862629731496176
10,68,0.0010184671052869548,0.0007974858499235577,-0.11270126796063082,-0.01569277710384793
10,69,0.0010156538400707053,0.000796137924771756,-0.10675355681666622,-0.012657601303524441
10,70,0.0010214436481660806,0.0007933329014728467,-0.12276618657288728,-0.008574277824825711
10,71,0.0010084167220572263,0.0007937040283448166,-0.09855360351962808,-0.009107375144958496
10,72,0.0010126357507190588,0.0007928111978496114,-0.10522083632739973,-0.0077123575740390355
10,73,0.0010012596569679401,0.0007929669434411658,-0.08653526762385427,-0.008119493060641818
10,74,0.001002483727571405,0.0007936015621655517,-0.09384429690278606,-0.01070702870686849
10,75,0.0009962548590897594,0.0007914856205590898,-0.08284188332381072,-0.007642661200629341
10,76,0.0009931056751628165,0.0007934108609333635,-0.07319408964227747,-0.010588847266303169
10,77,0.0009878537139027482,0.0007904525134815938,-0.07106309996710883,-0.006264144844479031
10,78,0.0009925368458986927,0.0007916936987183161,-0.07826786026542569,-0.007340656386481391
10,79,0.0009947805492966264,0.0007886891046331989,-0.0765442290423829,-0.004168719715542264
10,80,0.0009861172067668336,0.0007904800547597309,-0.06448708007365098,-0.006160247325897217
10,81,0.0009872230022777745,0.0007874288376317257,-0.07025385609379521,-0.0005847122934129503
10,82,0.000981504910476046,0.0007914608978252444,-0.05666375734187939,-0.008092064327663845
10,83,0.0009768553880146807,0.000790166633669287,-0.054600526374063374,-0.006623968813154433
10,84,0.0009753954151277373,0.0007881441101845768,-0.05030203969390304,-0.0026855402522616917
10,85,0.0009715700246117733,0.0007853302587237623,-0.04603635705547568,0.0014499664306640626
10,86,0.00096799334321447,0.0007844034698791802,-0.04015525343977375,0.0028514398468865287
10,87,0.0009645857836729215,0.0007839555696894725,-0.03895798641958354,0.003868073887295193
10,88,0.0009627928526175243,0.000783250197612991,-0.033964131202226806,0.0041169577174716525
10,89,0.0009640214062169378,0.0007828486565914419,-0.03756581191663389,0.004030119048224555
10,90,0.0009578295764915738,0.0007848838667592241,-0.02928290514298427,0.0006263030899895562
10,91,0.0009575706604799186,0.0007820756562675039,-0.02743265481642735,0.004869259728325738
10,92,0.0009572717760701054,0.0007817068176033596,-0.030463591622717587,0.0043150199784172906
10,93,0.0009544255601437648,0.0007834074423751897,-0.029631765536320062,0.0027436349127027723
10,94,0.0009506013350745226,0.0007802717206585739,-0.024967222449220255,0.007240389453040229
10,95,0.0009517907377700379,0.000780818831279046,-0.019824450840184717,0.006820250882042779
10,96,0.0009525349728740107,0.0007804083392127521,-0.022111188335183225,0.0056860129038492834
10,97,0.0009497452403683169,0.0007793122799032265,-0.021442319287194145,0.006834187772538927
10,98,0.0009435322144310231,0.000778172042272571,-0.012104437527833162,0.010126263565487332
10,99,0.0009442595713254478,0.0007767746690660715,-0.01931525527695079,0.01150077051586575
10,100,0.0009378178446139726,0.0007759509892720316,-0.003701361609093937,0.013053703308105468
10,101,0.0009384005140789129,0.0007731675739503569,-0.009131192719494854,0.017058504952324763
10,102,0.0009368067821430296,0.0007738439987103144,-0.0032173152323122377,0.015174057748582628
10,103,0.0009314054982552742,0.0007754488279008204,0.00041861666573418514,0.01204824447631836
10,104,0.0009314707273410426,0.0007759430368120472,0.001810018515881197,0.011841049459245469
10,105,0.0009304409649763487,0.0007754848649104436,0.002417932174823902,0.011658418178558349
10,106,0.0009287988560067283,0.0007746667420077655,0.00581373859334875,0.013106420305040148
10,107,0.000926297320984304,0.0007713564658640988,0.004484207541854294,0.01864658726586236
10,108,0.0009248435586391959,0.0007722465838823053,0.009993910936661708,0.01759900649388631
10,109,0.0009204089420238211,0.00077160274118392,0.00980644240791415,0.017542548974355063
10,110,0.000916223605968242,0.0007705430099223223,0.021042570067040713,0.019017492400275338
10,111,0.0009166999521699769,0.0007721606111671361,0.020433434586466095,0.016125297546386717
10,112,0.0009169707234293499,0.0007721555833187368,0.017237835460238986,0.01578200790617201
10,113,0.0009160941400576704,0.0007684841053560376,0.018065861566567126,0.02149334218766954
10,114,0.0009134443127550185,0.0007673155244750282,0.019679664535286984,0.02360852559407552
10,115,0.000909014241942377,0.0007694801613171067,0.02666097320156333,0.019667789671156143
10,116,0.0009079222565942248,0.0007659676019102335,0.02911751417466152,0.02515183024936252
10,117,0.0009045842274690023,0.0007685148157179356,0.03374669993365252,0.02096915509965685
10,118,0.0009044390223506424,0.0007655291417096224,0.03318366989677335,0.024949117501576742
10,119,0.0009077805963942758,0.0007639883228370713,0.02759952442145642,0.028114222155676948
10,120,0.0009027742397005635,0.0007645613656172322,0.03291650878058539,0.027239623334672718
10,121,0.0009030253893730266,0.0007658830960281193,0.03593435846729043,0.024079684416453043
10,122,0.0009006900181074018,0.0007659010705538094,0.03263258624959875,0.02367833587858412
10,123,0.0008965048960548032,0.0007646438510467609,0.04002384712666641,0.026673530207739937
10,124,0.0008944523572507832,0.0007636057950245837,0.04189209584836607,0.02694993813832601
10,125,0.000897200695629933,0.0007638322137710121,0.033946483223526565,0.027000025908152262
10,126,0.0008932526844243209,0.0007639187983133727,0.036213718961786344,0.026602195368872747
10,127,0.0008908880631623352,0.0007617812603712082,0.04664787642749739,0.029507935047149658
10,128,0.0008880892399135103,0.0007614033633015222,0.048829856330965773,0.030514355500539145
10,129,0.0008869123124850937,0.0007585579813975426,0.05049667122923298,0.03391602701610989
10,130,0.0008826535528548706,0.0007603209582157433,0.05593921211030748,0.03198405239317152
10,131,0.0008838758121221614,0.000760080958975272,0.05325174243361862,0.03124363687303331
10,132,0.0008814146861514467,0.0007619507623732918,0.056186082480866234,0.02901096476448907
10,133,0.0008800849238019666,0.000758898726457523,0.05807387460896998,0.03325945536295573
10,134,0.0008774418569238926,0.0007591655219180716,0.06148054673347944,0.03285841014650133
10,135,0.0008768452821517892,0.0007583236205391586,0.059467907746632895,0.03512907558017307
10,136,0.0008777946240935521,0.0007568227748076122,0.058230456746654745,0.03525819778442383
10,137,0.0008732504599417249,0.0007548718971924649,0.06570756082181577,0.03933584690093994
10,138,0.0008712648753260757,0.0007565480838012365,0.06731897607261753,0.03750168747372097
10,139,0.0008685803891699992,0.0007535906223994162,0.07066797915800119,0.04164308574464586
10,140,0.000869412489672318,0.0007553997242616282,0.06851642661624485,0.0388274351755778
10,141,0.0008671248555873279,0.0007542255037050281,0.07210101301287428,0.03935057587093777
10,142,0.0008697201714873958,0.0007559140148158702,0.06862529427916915,0.03879893090989855
10,143,0.0008689359715783302,0.0007555777155276802,0.066396728709892,0.038268517123328315
10,144,0.0008632848099632948,0.0007534350941164626,0.07634288852597461,0.04027800692452325
10,145,0.0008628352183020778,0.0007507932281845973,0.0746344397097458,0.043948075506422254
10,146,0.0008620456249142686,0.0007514209318388667,0.0760712731031724,0.04421530299716526
10,147,0.0008603563548042726,0.0007504787321926819,0.07782344258861777,0.04557223055097792
10,148,0.0008616476477825163,0.000750221797109892,0.07144661921041984,0.044482864273919
10,149,0.0008581145016913429,0.0007536575224043595,0.07812717314119692,0.04078658024470012
10,150,0.0008529729132230083,0.0007502693825194405,0.08525489907205841,0.04603884882397122
10,151,0.0008527057185010226,0.000757830438669771,0.08690797193550769,0.03581376870473226
10,152,0.0008541667098064482,0.0007547988789156079,0.08609273360099322,0.03936735259162055
10,153,0.0008507095415283132,0.0007492167461249563,0.08551022770964069,0.04704590241114299
10,154,0.0008495290575399535,0.0007507447166264885,0.08690439757005668,0.04520600504345364
10,155,0.0008507887394466426,0.0007490425965645247,0.08301832646499445,0.047546793354882134
10,156,0.0008469091494061789,0.000748308719549742,0.09124342232574652,0.04749635060628255
10,157,0.0008463700073426245,0.0007468284456990659,0.09088434201699716,0.05038652022679647
10,158,0.0008455407263906557,0.0007487962992551426,0.09250767230987549,0.04721042977439033
10,159,0.0008469038917453109,0.0007463049441058603,0.08938316489443367,0.05131848785612318
10,160,0.0008410312502679449,0.0007487079477868974,0.09739730093214247,0.04751697646247016
10,161,0.0008372909215531876,0.0007464132827913596,0.10138625362773,0.050028381082746716
10,162,0.0008370412132748759,0.000746713915011949,0.10135146379470825,0.04979094134436713
10,163,0.0008365119863473982,0.0007444728424565659,0.10073119151739426,0.05264186991585625
10,164,0.0008339508489797605,0.0007468104026176864,0.10457742744021946,0.051238852077060276
10,165,0.0008303239307780232,0.0007476390494654576,0.1073461823993259,0.04801777601242065
10,166,0.0008312942866914343,0.0007463735851666166,0.10571964728979417,0.050254136986202666
10,167,0.0008293546420050624,0.0007414889340806338,0.10890718742653176,0.05790259308285183
10,168,0.0008321025483540178,0.0007452328521240916,0.09573033915625678,0.05258048375447591
10,169,0.0008261587802769133,0.0007438216099722518,0.11163852170661644,0.05442040231492784
10,170,0.0008239509570872251,0.0007423787830500967,0.11362413609469378,0.0566413230366177
10,171,0.0008238531825891524,0.0007422206832820343,0.11419463555018107,0.05747861729727851
10,172,0.0008222989279512362,0.0007439654643854333,0.11627570670328022,0.05469417174657186
10,173,0.0008192452423872403,0.0007441942981030378,0.11828262290836852,0.05432455937067668
10,174,0.0008194625807385661,0.0007456168558241592,0.1177241622665782,0.051207988791995576
10,175,0.0008190906886873698,0.0007429089435997109,0.11927890807022283,0.0550849543677436
10,176,0.0008166248935999142,0.0007384325558733609,0.12086389903669004,0.06077667474746704
10,177,0.0008162893656710232,0.0007382678928681545,0.12148903240392238,0.06091871923870511
10,178,0.0008164862807506672,0.0007394112116243276,0.11850754302224994,0.0610255413585239
10,179,0.0008108371871604044,0.0007408982970648341,0.1251665574532968,0.05791016419728597
10,180,0.000812392651224164,0.0007425851589586171,0.12330163776138682,0.05626106527116564
10,181,0.0008086558767697878,0.0007438710632009639,0.12801223816695037,0.056041698985629614
10,182,0.0008069454840338433,0.0007460489907922844,0.13057287048410487,0.0527001142501831
10,183,0.000807540868351489,0.0007463631155486736,0.1281177199917075,0.05082654290729099
10,184,0.0008069292972738176,0.0007513533553315533,0.13069476183549858,0.04944549666510688
10,185,0.0008051566004948575,0.0007469652130061554,0.13404977100866813,0.051263429058922665
10,186,0.0008021940967286534,0.0007391410672830211,0.1342354511037285,0.06091930203967624
10,187,0.0007984085116293971,0.0007412270668687091,0.1372301431349766,0.05893571376800537
10,188,0.0007959599284754123,0.0007351616255214645,0.13888170601409158,0.06610578695933024
10,189,0.0007955739201322474,0.0007412645474283232,0.14044962812353062,0.05864881277084351
10,190,0.0007947869378969901,0.0007342248857538734,0.13879040641549192,0.0676074849234687
10,191,0.0007933442626021986,0.0007323968961524467,0.1392851925190584,0.0689689556757609
10,192,0.0007929277146396078,0.0007341588640378581,0.13916489621739328,0.0669693218337165
10,193,0.0007869096418244787,0.0007336913388118976,0.14846670509856424,0.0671249787012736
10,194,0.0007865387808393549,0.0007358640290072395,0.14885917180850183,0.06438417832056681
10,195,0.0007873383007173277,0.0007383538668768273,0.1493481939221606,0.06268918646706476
10,196,0.0007846651662049102,0.0007366743430288302,0.14485633961948347,0.06396519078148735
10,197,0.0007862488984958165,0.0007384178965973358,0.14713880853888428,0.06113473309410943
10,198,0.0007789094971182446,0.0007303651461067299,0.15361597655731954,0.07139630185233223
10,199,0.0007795565111999526,0.0007346176464731494,0.15555161767535738,0.06678000291188559
10,200,0.0007774803285877922,0.00073234505382263,0.15508252323409658,0.06865329212612575
10,201,0.0007766803449169262,0.0007340048413930668,0.15816013033007398,0.06656511624654134
10,202,0.0007729014009524735,0.0007366261199220187,0.1606547741242397,0.06439046065012614
10,203,0.0007717899059773319,0.0007341915948523416,0.1623688465283241,0.0673580249150594
10,204,0.0007680303523500945,0.000732464887874408,0.16479081754331235,0.06964380741119384
10,205,0.0007648185652933646,0.0007312155936637687,0.1691806784382573,0.07167139583163791
10,206,0.0007645494400891533,0.0007224628624195854,0.16897441251778308,0.08099653323491414
10,207,0.0007648166862638369,0.0007334798846083383,0.16849327278725895,0.06893342733383179
10,208,0.0007629967859463284,0.0007369474494933254,0.170550623204973,0.06457712517844306
10,209,0.0007596864334859506,0.0007298506628204551,0.17116758411313282,0.0721138490570916
10,210,0.0007584321266615097,0.0007330380522439049,0.17417341279394832,0.06900151703092787
10,211,0.0007566842661572643,0.0007338110512743394,0.17501955017631438,0.06880428261227078
10,212,0.0007541221398342815,0.0007259208760741684,0.17745417798006977,0.07822105884552003
10,213,0.0007592965099949068,0.0007305788975726399,0.17221372951695949,0.07205466959211561
10,214,0.00075279637053034,0.0007322991719572908,0.17831886050141887,0.07173323763741388
10,215,0.0007493215483716793,0.0007356183137744665,0.18022718679757765,0.06741717788908216
10,216,0.0007472350927541193,0.0007311133150425223,0.18241731575977654,0.07301287651062012
10,217,0.0007444352566919945,0.0007379234664969974,0.1845929350382016,0.0657685332828098
10,218,0.0007407138512159387,0.0007264731697634691,0.1894321491688858,0.07809547980626425
10,219,0.0007495588311109186,0.0007222573518649571,0.1797762084890295,0.08364371193779839
10,220,0.0007457397234292678,0.0007175036835380727,0.182312309300458,0.08880205419328478
10,221,0.000739622682787156,0.0007342306276162465,0.1899845932736809,0.07075983418358697
10,222,0.0007397006507273074,0.0007354442961513997,0.18552688242476664,0.0704339067141215
10,223,0.0007393726222447039,0.0007298052103983031,0.18953998368463398,0.07621216773986816
10,224,0.0007328743375205423,0.0007192280997211734,0.1953935181653058,0.08768230014377171
10,225,0.0007355114074285936,0.0007180113862786028,0.18518997018719896,0.08911897208955553
10,226,0.0007265555591862879,0.0007218532742828958,0.20134128170248902,0.08521747324201796
10,227,0.0007276022759335185,0.0007390686246152553,0.19913876910268524,0.0672962506612142
10,228,0.0007289028335592629,0.0007419900490074522,0.19481029525215243,0.06404586500591702
10,229,0.0007253911913901476,0.0007198819011035892,0.20162579351001317,0.08841367695066664
10,230,0.000724269947566,0.000733509747725394,0.197012655970491,0.07427308162053427
10,231,0.0007195635717419654,0.0007282211691037649,0.20660902276451204,0.07846397161483765
10,232,0.0007194666640350112,0.0007481852028932836,0.20794815031098732,0.05910419490602281
10,233,0.0007216427426348314,0.000732739885441131,0.20728822298991828,0.07453166113959418
10,234,0.0007225863642726139,0.0007328297024489277,0.2016838025163721,0.07547665569517348
10,235,0.00071883447062983,0.0007330260446502103,0.20385865576473283,0.07751095957226223
10,236,0.0007112525541473318,0.0007165008043456409,0.2127816245879656,0.09649875031577217
10,237,0.0007090208261492259,0.0007193573802295658,0.21542648577395782,0.0933563510576884
10,238,0.0007053715158196419,0.0007423313218168914,0.21862864876970833,0.06783952315648396
10,239,0.0007046620917713477,0.0007163653822822703,0.22083750521695172,0.09664830499225192
10,240,0.0007041968872345248,0.0007177410893038743,0.21964758016445018,0.09524638520346748
10,241,0.000705001641202856,0.0007218714027355115,0.22059356916097947,0.09114848110410902
10,242,0.0007043506664131987,0.0007270644638790852,0.21744014024734498,0.0843284977806939
10,243,0.0007079357902208965,0.0007453480593135787,0.21522362423531802,0.0631020294295417
10,244,0.0007019239091199397,0.000721011043060571,0.22189466261569366,0.09179817040761312
10,245,0.0006996106278772155,0.000725273996229387,0.21973735417848753,0.08885903490914239
10,246,0.0006952865638505713,0.0007252631618434357,0.2272493483107767,0.0871138718393114
10,247,0.0006930612047766278,0.0007070480237921907,0.22853434865857347,0.10840110381444296
10,248,0.000713264219675581,0.0007303318215741052,0.21332014622511686,0.0767974058787028
10,249,0.0006999672109542852,0.0007259248911092678,0.22186129990919137,0.08768108288447062
10,250,0.0006910479401905135,0.0007109402161505487,0.22989547429261384,0.10421451595094469
10,251,0.0006857411693034257,0.0007246743577222029,0.23338002452143916,0.08996979528003268
10,252,0.0006836940449616516,0.0007143560318379767,0.23536710150447893,0.10197110573450724
10,253,0.0006920630316376502,0.0007242262285823624,0.23115758469075331,0.08685604863696628
10,254,0.0006855962539298667,0.0007187239036688375,0.23646148708131579,0.09562497801250881
10,255,0.0006809137110529398,0.0007168052549887862,0.24104701987019292,0.09860577848222521
10,256,0.0006807493143657475,0.0007129199867550698,0.24149531803013366,0.10375410715738932
10,257,0.0006741218631052309,0.0007307371784312029,0.2457861747270749,0.08239992724524604
10,258,0.0006817490887184294,0.000740517719855739,0.23701222075356376,0.07041882541444566
10,259,0.0006726049693059866,0.000750459039894243,0.24754718218320682,0.06296223269568549
10,260,0.0006746000177686873,0.0007764493904283478,0.242867511437263,0.035805797576904295
10,261,0.0006746567627645017,0.00071474463523676,0.24360791915728722,0.10171812905205621
10,262,0.0006754876054064544,0.0007178467271539072,0.24376324665399246,0.10070331758923001
10,263,0.0006652009797018068,0.0007160243966306249,0.25365023142025794,0.10030050675074259
10,264,0.0006680301814570011,0.0007292603569415708,0.25163455818906244,0.08451484839121501
10,265,0.0006684482073192887,0.0007346289995540348,0.2508357090714537,0.07921987374623617
10,266,0.0006643214215593481,0.0007129949543418155,0.252982755649237,0.10503940582275391
10,267,0.000661848197305966,0.0007134094679107269,0.25506267591759013,0.10585121976004706
10,268,0.00066419582825476,0.0007276908481597072,0.25610396067301433,0.08873662683698866
10,269,0.0006661420634855735,0.0007247395438349082,0.25253459318184557,0.09031187295913697
10,270,0.0006606355142768151,0.0007360376210676299,0.25592704717023873,0.07974963585535685
10,271,0.0006531593536406203,0.0007261041034426954,0.25940203387060284,0.09246109061770968
10,272,0.0006499964012304482,0.0007160022867740029,0.26549529676084166,0.10324224366082085
