Compound_ID,Status,Simulated_Center_ppm,Simulated_Multiplicity,Predicted_Center_ppm,Predicted_Multiplicity,Position_Error_ppm,Simulated_Area,Predicted_Area,Area_Abs_Error,Area_Pct_Error
451,Matched,1.2557033333333332,Triplet,1.2866266666666668,Triplet,0.030923333333333636,0.007144911214709282,0.009803393855690956,0.002658482640981674,37.208057050570986
451,Matched,3.7341499999999996,Quartet,3.69712,Triplet,0.037029999999999674,0.004782646894454956,0.01091398298740387,0.006131336092948914,128.19963982826414
451,Matched,4.721705,Doublet,4.71438,Singlet,0.007324999999999804,0.004742474295198917,0.006580950692296028,0.0018384763970971107,38.76618580639029
451,Matched,7.023553333333333,Multiplet,7.03861,Singlet,0.015056666666667162,0.002388058230280876,0.010124611668288708,0.007736553438007832,323.96837480373676
451,Matched,7.237585,Quartet,7.22904,Singlet,0.008544999999999803,0.004752681124955416,0.007963744923472404,0.0032110637985169888,67.56320725277169
451,Matched,8.45463,Singlet,8.43388,Quartet,0.020749999999999602,0.004714141599833965,0.00529981404542923,0.0005856724455952644,12.423734696808687
451,Spurious,,,0.0341799,Singlet,,,,,
451,Spurious,,,0.09684283333333332,Triplet,,,,,
451,Spurious,,,0.19043100000000002,Triplet,,,,,
451,Spurious,,,0.335695,Doublet,,,,,
451,Spurious,,,0.406903,Triplet,,,,,
451,Spurious,,,0.4992705,Doublet,,,,,
451,Spurious,,,0.539553,Singlet,,,,,
451,Spurious,,,0.610355,Singlet,,,,,
451,Spurious,,,0.6811555,Doublet,,,,,
451,Spurious,,,0.720218,Singlet,,,,,
451,Spurious,,,0.7666055,Doublet,,,,,
451,Spurious,,,0.8361855,Doublet,,,,,
451,Spurious,,,0.91064925,Quartet,,,,,
451,Spurious,,,1.0246987142857145,Multiplet,,,,,
451,Spurious,,,1.15967,Singlet,,,,,
451,Spurious,,,1.214605,Doublet,,,,,
451,Spurious,,,1.384285,Quartet,,,,,
451,Spurious,,,1.441655,Doublet,,,,,
451,Spurious,,,1.511235,Doublet,,,,,
451,Spurious,,,1.6049859999999998,Multiplet,,,,,
451,Spurious,,,1.7285233333333334,Triplet,,,,,
451,Spurious,,,1.828624,Multiplet,,,,,
451,Spurious,,,1.9275,Doublet,,,,,
451,Spurious,,,1.989755,Doublet,,,,,
451,Spurious,,,2.165782,Multiplet,,,,,
451,Spurious,,,2.280285,Doublet,,,,,
451,Spurious,,,2.3407074999999997,Quartet,,,,,
451,Spurious,,,2.4458949999999997,Multiplet,,,,,
451,Spurious,,,2.5520933333333335,Triplet,,,,,
451,Spurious,,,2.63917,Singlet,,,,,
451,Spurious,,,2.70143,Doublet,,,,,
451,Spurious,,,2.7895659999999998,Multiplet,,,,,
451,Spurious,,,2.87111,Singlet,,,,,
451,Spurious,,,2.935074,Multiplet,,,,,
451,Spurious,,,3.01515,Singlet,,,,,
451,Spurious,,,3.194352,Multiplet,,,,,
451,Spurious,,,3.2885900000000006,Triplet,,,,,
451,Spurious,,,3.365495,Doublet,,,,,
451,Spurious,,,3.4442325000000005,Quartet,,,,,
451,Spurious,,,3.50588,Singlet,,,,,
451,Spurious,,,3.56447,Quartet,,,,,
451,Spurious,,,3.61818,Singlet,,,,,
451,Spurious,,,3.860288333333333,Multiplet,,,,,
451,Spurious,,,4.036885,Multiplet,,,,,
451,Spurious,,,4.1797075,Quartet,,,,,
451,Spurious,,,4.313288571428571,Multiplet,,,,,
451,Spurious,,,4.477155,Multiplet,,,,,
451,Spurious,,,4.59963,Doublet,,,,,
451,Spurious,,,4.67532,Singlet,,,,,
451,Spurious,,,4.74612,Singlet,,,,,
451,Spurious,,,4.78925,Triplet,,,,,
451,Spurious,,,4.83889,Singlet,,,,,
451,Spurious,,,4.87795,Singlet,,,,,
451,Spurious,,,4.93167,Singlet,,,,,
451,Spurious,,,5.047226666666667,Multiplet,,,,,
451,Spurious,,,5.13186,Singlet,,,,,
451,Spurious,,,5.1888266666666665,Triplet,,,,,
451,Spurious,,,5.268585,Doublet,,,,,
451,Spurious,,,5.31985,Singlet,,,,,
451,Spurious,,,5.4010275,Quartet,,,,,
451,Spurious,,,5.46145,Singlet,,,,,
451,Spurious,,,5.52737,Singlet,,,,,
451,Spurious,,,5.56888,Singlet,,,,,
451,Spurious,,,5.636015,Doublet,,,,,
451,Spurious,,,5.68606,Singlet,,,,,
451,Spurious,,,5.73245,Singlet,,,,,
451,Spurious,,,5.78372,Singlet,,,,,
451,Spurious,,,5.843535,Doublet,,,,,
451,Spurious,,,5.88626,Singlet,,,,,
451,Spurious,,,5.918,Singlet,,,,,
451,Spurious,,,5.94974,Singlet,,,,,
451,Spurious,,,6.014026666666666,Triplet,,,,,
451,Spurious,,,6.1035466666666665,Triplet,,,,,
451,Spurious,,,6.165393333333334,Triplet,,,,,
451,Spurious,,,6.284212500000001,Quartet,,,,,
451,Spurious,,,6.34281,Singlet,,,,,
451,Spurious,,,6.38431,Singlet,,,,,
451,Spurious,,,6.4368,Doublet,,,,,
451,Spurious,,,6.588575,Multiplet,,,,,
451,Spurious,,,6.72025,Multiplet,,,,,
451,Spurious,,,6.826555714285715,Multiplet,,,,,
451,Spurious,,,6.90921,Singlet,,,,,
451,Spurious,,,6.94828,Singlet,,,,,
451,Spurious,,,6.98734,Doublet,,,,,
451,Spurious,,,7.136675,Multiplet,,,,,
451,Spurious,,,7.299436666666668,Multiplet,,,,,
451,Spurious,,,7.440745714285714,Multiplet,,,,,
451,Spurious,,,7.56351,Singlet,,,,,
451,Spurious,,,7.670238571428571,Multiplet,,,,,
451,Spurious,,,7.801143333333333,Triplet,,,,,
451,Spurious,,,7.91813,Quartet,,,,,
451,Spurious,,,7.991985,Doublet,,,,,
451,Spurious,,,8.08891,Multiplet,,,,,
451,Spurious,,,8.17387,Singlet,,,,,
451,Spurious,,,8.2800725,Quartet,,,,,
451,Spurious,,,8.35453,Singlet,,,,,
451,Spurious,,,8.504685,Doublet,,,,,
451,Spurious,,,8.616308888888888,Multiplet,,,,,
451,Spurious,,,8.761436666666667,Triplet,,,,,
451,Spurious,,,8.81352,Doublet,,,,,
451,Spurious,,,8.86235,Singlet,,,,,
451,Spurious,,,8.918505,Doublet,,,,,
451,Spurious,,,8.985032499999999,Quartet,,,,,
451,Spurious,,,9.14102,Multiplet,,,,,
451,Spurious,,,9.241990000000001,Doublet,,,,,
451,Spurious,,,9.2896,Singlet,,,,,
451,Spurious,,,9.35063,Singlet,,,,,
451,Spurious,,,9.386035,Doublet,,,,,
451,Spurious,,,9.425095,Doublet,,,,,
451,Spurious,,,9.46294,Singlet,,,,,
451,Spurious,,,9.50932,Singlet,,,,,
451,Spurious,,,9.57158,Doublet,,,,,
451,Spurious,,,9.670455,Doublet,,,,,
451,Spurious,,,9.714405,Doublet,,,,,
451,Spurious,,,9.78602,Triplet,,,,,
451,Spurious,,,9.87147,Triplet,,,,,
451,Spurious,,,9.966479999999999,Quartet,,,,,
452,Matched,0.815434,Singlet,0.8361855,Doublet,0.020751500000000034,0.0061993226408958435,0.005335184279829264,0.0008641383610665798,13.939238383335796
452,Matched,1.0026088333333334,Multiplet,1.0246987142857145,Multiplet,0.02208988095238107,0.004192912019789219,0.014516525901854038,0.01032361388206482,246.21584792002852
452,Matched,1.15723,Singlet,1.15967,Singlet,0.0024399999999999977,0.006184031255543232,0.005664815194904804,0.0005192160606384277,8.396077561429102
452,Matched,1.2353575,Multiplet,1.214605,Doublet,0.020752500000000174,0.002151454333215952,0.014312775805592537,0.012161321472376585,565.2604977302994
452,Matched,1.3655650000000001,Multiplet,1.384285,Quartet,0.018719999999999848,0.004022742155939341,0.014080160297453403,0.010057418141514063,250.01398925518706
452,Matched,1.611201111111111,Multiplet,1.6049859999999998,Multiplet,0.006215111111111282,0.010406849905848503,0.026021666824817657,0.015614816918969154,150.0436449092424
452,Matched,1.7822370000000003,Multiplet,1.828624,Multiplet,0.046386999999999734,0.006051532458513975,0.01610424369573593,0.010052711237221956,166.1184386952874
452,Matched,2.28883,Quartet,2.280285,Doublet,0.008544999999999803,0.0022737570106983185,0.010490244254469872,0.008216487243771553,361.3617112607867
452,Matched,2.40357625,Multiplet,2.4458949999999997,Multiplet,0.04231874999999974,0.00598676223307848,0.019677942618727684,0.013691180385649204,228.69089923100222
452,Matched,3.6364924999999997,Quartet,3.61818,Singlet,0.01831249999999951,0.0041876668110489845,0.014921865426003933,0.010734198614954948,256.328860420156
452,Matched,4.6566,Triplet,4.67532,Singlet,0.01872000000000007,0.002067907713353634,0.0073832059279084206,0.005315298214554787,257.0374964139328
452,Matched,5.72024,Singlet,5.73245,Singlet,0.01220999999999961,0.0020572333596646786,0.005179415922611952,0.0031221825629472733,151.76608663667488
452,Matched,7.2668833333333325,Multiplet,7.299436666666668,Multiplet,0.03255333333333521,0.010420501232147217,0.012778876349329948,0.0023583751171827316,22.632069846190806
452,Missed,0.8606,Doublet,,,,,,,
452,Missed,2.0629975000000003,Multiplet,,,,,,,
452,Spurious,,,0.0341799,Singlet,,,,,
452,Spurious,,,0.09684283333333332,Triplet,,,,,
452,Spurious,,,0.19043100000000002,Triplet,,,,,
452,Spurious,,,0.335695,Doublet,,,,,
452,Spurious,,,0.406903,Triplet,,,,,
452,Spurious,,,0.4992705,Doublet,,,,,
452,Spurious,,,0.539553,Singlet,,,,,
452,Spurious,,,0.610355,Singlet,,,,,
452,Spurious,,,0.6811555,Doublet,,,,,
452,Spurious,,,0.720218,Singlet,,,,,
452,Spurious,,,0.7666055,Doublet,,,,,
452,Spurious,,,0.91064925,Quartet,,,,,
452,Spurious,,,1.2866266666666668,Triplet,,,,,
452,Spurious,,,1.441655,Doublet,,,,,
452,Spurious,,,1.511235,Doublet,,,,,
452,Spurious,,,1.7285233333333334,Triplet,,,,,
452,Spurious,,,1.9275,Doublet,,,,,
452,Spurious,,,1.989755,Doublet,,,,,
452,Spurious,,,2.165782,Multiplet,,,,,
452,Spurious,,,2.3407074999999997,Quartet,,,,,
452,Spurious,,,2.5520933333333335,Triplet,,,,,
452,Spurious,,,2.63917,Singlet,,,,,
452,Spurious,,,2.70143,Doublet,,,,,
452,Spurious,,,2.7895659999999998,Multiplet,,,,,
452,Spurious,,,2.87111,Singlet,,,,,
452,Spurious,,,2.935074,Multiplet,,,,,
452,Spurious,,,3.01515,Singlet,,,,,
452,Spurious,,,3.194352,Multiplet,,,,,
452,Spurious,,,3.2885900000000006,Triplet,,,,,
452,Spurious,,,3.365495,Doublet,,,,,
452,Spurious,,,3.4442325000000005,Quartet,,,,,
452,Spurious,,,3.50588,Singlet,,,,,
452,Spurious,,,3.56447,Quartet,,,,,
452,Spurious,,,3.69712,Triplet,,,,,
452,Spurious,,,3.860288333333333,Multiplet,,,,,
452,Spurious,,,4.036885,Multiplet,,,,,
452,Spurious,,,4.1797075,Quartet,,,,,
452,Spurious,,,4.313288571428571,Multiplet,,,,,
452,Spurious,,,4.477155,Multiplet,,,,,
452,Spurious,,,4.59963,Doublet,,,,,
452,Spurious,,,4.71438,Singlet,,,,,
452,Spurious,,,4.74612,Singlet,,,,,
452,Spurious,,,4.78925,Triplet,,,,,
452,Spurious,,,4.83889,Singlet,,,,,
452,Spurious,,,4.87795,Singlet,,,,,
452,Spurious,,,4.93167,Singlet,,,,,
452,Spurious,,,5.047226666666667,Multiplet,,,,,
452,Spurious,,,5.13186,Singlet,,,,,
452,Spurious,,,5.1888266666666665,Triplet,,,,,
452,Spurious,,,5.268585,Doublet,,,,,
452,Spurious,,,5.31985,Singlet,,,,,
452,Spurious,,,5.4010275,Quartet,,,,,
452,Spurious,,,5.46145,Singlet,,,,,
452,Spurious,,,5.52737,Singlet,,,,,
452,Spurious,,,5.56888,Singlet,,,,,
452,Spurious,,,5.636015,Doublet,,,,,
452,Spurious,,,5.68606,Singlet,,,,,
452,Spurious,,,5.78372,Singlet,,,,,
452,Spurious,,,5.843535,Doublet,,,,,
452,Spurious,,,5.88626,Singlet,,,,,
452,Spurious,,,5.918,Singlet,,,,,
452,Spurious,,,5.94974,Singlet,,,,,
452,Spurious,,,6.014026666666666,Triplet,,,,,
452,Spurious,,,6.1035466666666665,Triplet,,,,,
452,Spurious,,,6.165393333333334,Triplet,,,,,
452,Spurious,,,6.284212500000001,Quartet,,,,,
452,Spurious,,,6.34281,Singlet,,,,,
452,Spurious,,,6.38431,Singlet,,,,,
452,Spurious,,,6.4368,Doublet,,,,,
452,Spurious,,,6.588575,Multiplet,,,,,
452,Spurious,,,6.72025,Multiplet,,,,,
452,Spurious,,,6.826555714285715,Multiplet,,,,,
452,Spurious,,,6.90921,Singlet,,,,,
452,Spurious,,,6.94828,Singlet,,,,,
452,Spurious,,,6.98734,Doublet,,,,,
452,Spurious,,,7.03861,Singlet,,,,,
452,Spurious,,,7.136675,Multiplet,,,,,
452,Spurious,,,7.22904,Singlet,,,,,
452,Spurious,,,7.440745714285714,Multiplet,,,,,
452,Spurious,,,7.56351,Singlet,,,,,
452,Spurious,,,7.670238571428571,Multiplet,,,,,
452,Spurious,,,7.801143333333333,Triplet,,,,,
452,Spurious,,,7.91813,Quartet,,,,,
452,Spurious,,,7.991985,Doublet,,,,,
452,Spurious,,,8.08891,Multiplet,,,,,
452,Spurious,,,8.17387,Singlet,,,,,
452,Spurious,,,8.2800725,Quartet,,,,,
452,Spurious,,,8.35453,Singlet,,,,,
452,Spurious,,,8.43388,Quartet,,,,,
452,Spurious,,,8.504685,Doublet,,,,,
452,Spurious,,,8.616308888888888,Multiplet,,,,,
452,Spurious,,,8.761436666666667,Triplet,,,,,
452,Spurious,,,8.81352,Doublet,,,,,
452,Spurious,,,8.86235,Singlet,,,,,
452,Spurious,,,8.918505,Doublet,,,,,
452,Spurious,,,8.985032499999999,Quartet,,,,,
452,Spurious,,,9.14102,Multiplet,,,,,
452,Spurious,,,9.241990000000001,Doublet,,,,,
452,Spurious,,,9.2896,Singlet,,,,,
452,Spurious,,,9.35063,Singlet,,,,,
452,Spurious,,,9.386035,Doublet,,,,,
452,Spurious,,,9.425095,Doublet,,,,,
452,Spurious,,,9.46294,Singlet,,,,,
452,Spurious,,,9.50932,Singlet,,,,,
452,Spurious,,,9.57158,Doublet,,,,,
452,Spurious,,,9.670455,Doublet,,,,,
452,Spurious,,,9.714405,Doublet,,,,,
452,Spurious,,,9.78602,Triplet,,,,,
452,Spurious,,,9.87147,Triplet,,,,,
452,Spurious,,,9.966479999999999,Quartet,,,,,
453,Matched,6.79691,Singlet,6.826555714285715,Multiplet,0.029645714285715385,0.003556199371814728,0.005251189693808556,0.0016949903219938278,47.66297231330072
453,Matched,7.30228,Singlet,7.299436666666668,Multiplet,0.0028433333333319766,0.0035567977465689182,0.005789655260741711,0.0022328575141727924,62.77718535800156
453,Spurious,,,0.0341799,Singlet,,,,,
453,Spurious,,,0.09684283333333332,Triplet,,,,,
453,Spurious,,,0.19043100000000002,Triplet,,,,,
453,Spurious,,,0.335695,Doublet,,,,,
453,Spurious,,,0.406903,Triplet,,,,,
453,Spurious,,,0.4992705,Doublet,,,,,
453,Spurious,,,0.539553,Singlet,,,,,
453,Spurious,,,0.610355,Singlet,,,,,
453,Spurious,,,0.6811555,Doublet,,,,,
453,Spurious,,,0.720218,Singlet,,,,,
453,Spurious,,,0.7666055,Doublet,,,,,
453,Spurious,,,0.8361855,Doublet,,,,,
453,Spurious,,,0.91064925,Quartet,,,,,
453,Spurious,,,1.0246987142857145,Multiplet,,,,,
453,Spurious,,,1.15967,Singlet,,,,,
453,Spurious,,,1.214605,Doublet,,,,,
453,Spurious,,,1.2866266666666668,Triplet,,,,,
453,Spurious,,,1.384285,Quartet,,,,,
453,Spurious,,,1.441655,Doublet,,,,,
453,Spurious,,,1.511235,Doublet,,,,,
453,Spurious,,,1.6049859999999998,Multiplet,,,,,
453,Spurious,,,1.7285233333333334,Triplet,,,,,
453,Spurious,,,1.828624,Multiplet,,,,,
453,Spurious,,,1.9275,Doublet,,,,,
453,Spurious,,,1.989755,Doublet,,,,,
453,Spurious,,,2.165782,Multiplet,,,,,
453,Spurious,,,2.280285,Doublet,,,,,
453,Spurious,,,2.3407074999999997,Quartet,,,,,
453,Spurious,,,2.4458949999999997,Multiplet,,,,,
453,Spurious,,,2.5520933333333335,Triplet,,,,,
453,Spurious,,,2.63917,Singlet,,,,,
453,Spurious,,,2.70143,Doublet,,,,,
453,Spurious,,,2.7895659999999998,Multiplet,,,,,
453,Spurious,,,2.87111,Singlet,,,,,
453,Spurious,,,2.935074,Multiplet,,,,,
453,Spurious,,,3.01515,Singlet,,,,,
453,Spurious,,,3.194352,Multiplet,,,,,
453,Spurious,,,3.2885900000000006,Triplet,,,,,
453,Spurious,,,3.365495,Doublet,,,,,
453,Spurious,,,3.4442325000000005,Quartet,,,,,
453,Spurious,,,3.50588,Singlet,,,,,
453,Spurious,,,3.56447,Quartet,,,,,
453,Spurious,,,3.61818,Singlet,,,,,
453,Spurious,,,3.69712,Triplet,,,,,
453,Spurious,,,3.860288333333333,Multiplet,,,,,
453,Spurious,,,4.036885,Multiplet,,,,,
453,Spurious,,,4.1797075,Quartet,,,,,
453,Spurious,,,4.313288571428571,Multiplet,,,,,
453,Spurious,,,4.477155,Multiplet,,,,,
453,Spurious,,,4.59963,Doublet,,,,,
453,Spurious,,,4.67532,Singlet,,,,,
453,Spurious,,,4.71438,Singlet,,,,,
453,Spurious,,,4.74612,Singlet,,,,,
453,Spurious,,,4.78925,Triplet,,,,,
453,Spurious,,,4.83889,Singlet,,,,,
453,Spurious,,,4.87795,Singlet,,,,,
453,Spurious,,,4.93167,Singlet,,,,,
453,Spurious,,,5.047226666666667,Multiplet,,,,,
453,Spurious,,,5.13186,Singlet,,,,,
453,Spurious,,,5.1888266666666665,Triplet,,,,,
453,Spurious,,,5.268585,Doublet,,,,,
453,Spurious,,,5.31985,Singlet,,,,,
453,Spurious,,,5.4010275,Quartet,,,,,
453,Spurious,,,5.46145,Singlet,,,,,
453,Spurious,,,5.52737,Singlet,,,,,
453,Spurious,,,5.56888,Singlet,,,,,
453,Spurious,,,5.636015,Doublet,,,,,
453,Spurious,,,5.68606,Singlet,,,,,
453,Spurious,,,5.73245,Singlet,,,,,
453,Spurious,,,5.78372,Singlet,,,,,
453,Spurious,,,5.843535,Doublet,,,,,
453,Spurious,,,5.88626,Singlet,,,,,
453,Spurious,,,5.918,Singlet,,,,,
453,Spurious,,,5.94974,Singlet,,,,,
453,Spurious,,,6.014026666666666,Triplet,,,,,
453,Spurious,,,6.1035466666666665,Triplet,,,,,
453,Spurious,,,6.165393333333334,Triplet,,,,,
453,Spurious,,,6.284212500000001,Quartet,,,,,
453,Spurious,,,6.34281,Singlet,,,,,
453,Spurious,,,6.38431,Singlet,,,,,
453,Spurious,,,6.4368,Doublet,,,,,
453,Spurious,,,6.588575,Multiplet,,,,,
453,Spurious,,,6.72025,Multiplet,,,,,
453,Spurious,,,6.90921,Singlet,,,,,
453,Spurious,,,6.94828,Singlet,,,,,
453,Spurious,,,6.98734,Doublet,,,,,
453,Spurious,,,7.03861,Singlet,,,,,
453,Spurious,,,7.136675,Multiplet,,,,,
453,Spurious,,,7.22904,Singlet,,,,,
453,Spurious,,,7.440745714285714,Multiplet,,,,,
453,Spurious,,,7.56351,Singlet,,,,,
453,Spurious,,,7.670238571428571,Multiplet,,,,,
453,Spurious,,,7.801143333333333,Triplet,,,,,
453,Spurious,,,7.91813,Quartet,,,,,
453,Spurious,,,7.991985,Doublet,,,,,
453,Spurious,,,8.08891,Multiplet,,,,,
453,Spurious,,,8.17387,Singlet,,,,,
453,Spurious,,,8.2800725,Quartet,,,,,
453,Spurious,,,8.35453,Singlet,,,,,
453,Spurious,,,8.43388,Quartet,,,,,
453,Spurious,,,8.504685,Doublet,,,,,
453,Spurious,,,8.616308888888888,Multiplet,,,,,
453,Spurious,,,8.761436666666667,Triplet,,,,,
453,Spurious,,,8.81352,Doublet,,,,,
453,Spurious,,,8.86235,Singlet,,,,,
453,Spurious,,,8.918505,Doublet,,,,,
453,Spurious,,,8.985032499999999,Quartet,,,,,
453,Spurious,,,9.14102,Multiplet,,,,,
453,Spurious,,,9.241990000000001,Doublet,,,,,
453,Spurious,,,9.2896,Singlet,,,,,
453,Spurious,,,9.35063,Singlet,,,,,
453,Spurious,,,9.386035,Doublet,,,,,
453,Spurious,,,9.425095,Doublet,,,,,
453,Spurious,,,9.46294,Singlet,,,,,
453,Spurious,,,9.50932,Singlet,,,,,
453,Spurious,,,9.57158,Doublet,,,,,
453,Spurious,,,9.670455,Doublet,,,,,
453,Spurious,,,9.714405,Doublet,,,,,
453,Spurious,,,9.78602,Triplet,,,,,
453,Spurious,,,9.87147,Triplet,,,,,
453,Spurious,,,9.966479999999999,Quartet,,,,,
454,Matched,1.20118,Singlet,1.214605,Doublet,0.01342500000000002,0.003933433443307877,0.005512172356247902,0.0015787389129400253,40.13640845063753
454,Matched,1.4087,Singlet,1.384285,Quartet,0.024415000000000076,0.0011760684428736567,0.005635401234030724,0.004459332791157067,379.17289747703285
454,Matched,1.91529,Doublet,1.9275,Doublet,0.012210000000000054,0.0006786047597415745,0.006203950848430395,0.005525346088688821,814.2215346077113
454,Matched,3.98928,Singlet,4.036885,Multiplet,0.0476049999999999,0.00039147987263277173,0.005308011546730995,0.0049165316740982234,1255.8836399515699
454,Matched,4.91946,Singlet,4.93167,Singlet,0.012210000000000498,0.00024025439051911235,0.00515971053391695,0.004919456143397838,2047.6030147746635
454,Matched,5.0342,Singlet,5.047226666666667,Multiplet,0.013026666666666742,0.0002406276180408895,0.005309326574206352,0.005068698956165463,2106.4493749442117
454,Missed,0.9692435,Doublet,,,,,,,
454,Spurious,,,0.0341799,Singlet,,,,,
454,Spurious,,,0.09684283333333332,Triplet,,,,,
454,Spurious,,,0.19043100000000002,Triplet,,,,,
454,Spurious,,,0.335695,Doublet,,,,,
454,Spurious,,,0.406903,Triplet,,,,,
454,Spurious,,,0.4992705,Doublet,,,,,
454,Spurious,,,0.539553,Singlet,,,,,
454,Spurious,,,0.610355,Singlet,,,,,
454,Spurious,,,0.6811555,Doublet,,,,,
454,Spurious,,,0.720218,Singlet,,,,,
454,Spurious,,,0.7666055,Doublet,,,,,
454,Spurious,,,0.8361855,Doublet,,,,,
454,Spurious,,,0.91064925,Quartet,,,,,
454,Spurious,,,1.0246987142857145,Multiplet,,,,,
454,Spurious,,,1.15967,Singlet,,,,,
454,Spurious,,,1.2866266666666668,Triplet,,,,,
454,Spurious,,,1.441655,Doublet,,,,,
454,Spurious,,,1.511235,Doublet,,,,,
454,Spurious,,,1.6049859999999998,Multiplet,,,,,
454,Spurious,,,1.7285233333333334,Triplet,,,,,
454,Spurious,,,1.828624,Multiplet,,,,,
454,Spurious,,,1.989755,Doublet,,,,,
454,Spurious,,,2.165782,Multiplet,,,,,
454,Spurious,,,2.280285,Doublet,,,,,
454,Spurious,,,2.3407074999999997,Quartet,,,,,
454,Spurious,,,2.4458949999999997,Multiplet,,,,,
454,Spurious,,,2.5520933333333335,Triplet,,,,,
454,Spurious,,,2.63917,Singlet,,,,,
454,Spurious,,,2.70143,Doublet,,,,,
454,Spurious,,,2.7895659999999998,Multiplet,,,,,
454,Spurious,,,2.87111,Singlet,,,,,
454,Spurious,,,2.935074,Multiplet,,,,,
454,Spurious,,,3.01515,Singlet,,,,,
454,Spurious,,,3.194352,Multiplet,,,,,
454,Spurious,,,3.2885900000000006,Triplet,,,,,
454,Spurious,,,3.365495,Doublet,,,,,
454,Spurious,,,3.4442325000000005,Quartet,,,,,
454,Spurious,,,3.50588,Singlet,,,,,
454,Spurious,,,3.56447,Quartet,,,,,
454,Spurious,,,3.61818,Singlet,,,,,
454,Spurious,,,3.69712,Triplet,,,,,
454,Spurious,,,3.860288333333333,Multiplet,,,,,
454,Spurious,,,4.1797075,Quartet,,,,,
454,Spurious,,,4.313288571428571,Multiplet,,,,,
454,Spurious,,,4.477155,Multiplet,,,,,
454,Spurious,,,4.59963,Doublet,,,,,
454,Spurious,,,4.67532,Singlet,,,,,
454,Spurious,,,4.71438,Singlet,,,,,
454,Spurious,,,4.74612,Singlet,,,,,
454,Spurious,,,4.78925,Triplet,,,,,
454,Spurious,,,4.83889,Singlet,,,,,
454,Spurious,,,4.87795,Singlet,,,,,
454,Spurious,,,5.13186,Singlet,,,,,
454,Spurious,,,5.1888266666666665,Triplet,,,,,
454,Spurious,,,5.268585,Doublet,,,,,
454,Spurious,,,5.31985,Singlet,,,,,
454,Spurious,,,5.4010275,Quartet,,,,,
454,Spurious,,,5.46145,Singlet,,,,,
454,Spurious,,,5.52737,Singlet,,,,,
454,Spurious,,,5.56888,Singlet,,,,,
454,Spurious,,,5.636015,Doublet,,,,,
454,Spurious,,,5.68606,Singlet,,,,,
454,Spurious,,,5.73245,Singlet,,,,,
454,Spurious,,,5.78372,Singlet,,,,,
454,Spurious,,,5.843535,Doublet,,,,,
454,Spurious,,,5.88626,Singlet,,,,,
454,Spurious,,,5.918,Singlet,,,,,
454,Spurious,,,5.94974,Singlet,,,,,
454,Spurious,,,6.014026666666666,Triplet,,,,,
454,Spurious,,,6.1035466666666665,Triplet,,,,,
454,Spurious,,,6.165393333333334,Triplet,,,,,
454,Spurious,,,6.284212500000001,Quartet,,,,,
454,Spurious,,,6.34281,Singlet,,,,,
454,Spurious,,,6.38431,Singlet,,,,,
454,Spurious,,,6.4368,Doublet,,,,,
454,Spurious,,,6.588575,Multiplet,,,,,
454,Spurious,,,6.72025,Multiplet,,,,,
454,Spurious,,,6.826555714285715,Multiplet,,,,,
454,Spurious,,,6.90921,Singlet,,,,,
454,Spurious,,,6.94828,Singlet,,,,,
454,Spurious,,,6.98734,Doublet,,,,,
454,Spurious,,,7.03861,Singlet,,,,,
454,Spurious,,,7.136675,Multiplet,,,,,
454,Spurious,,,7.22904,Singlet,,,,,
454,Spurious,,,7.299436666666668,Multiplet,,,,,
454,Spurious,,,7.440745714285714,Multiplet,,,,,
454,Spurious,,,7.56351,Singlet,,,,,
454,Spurious,,,7.670238571428571,Multiplet,,,,,
454,Spurious,,,7.801143333333333,Triplet,,,,,
454,Spurious,,,7.91813,Quartet,,,,,
454,Spurious,,,7.991985,Doublet,,,,,
454,Spurious,,,8.08891,Multiplet,,,,,
454,Spurious,,,8.17387,Singlet,,,,,
454,Spurious,,,8.2800725,Quartet,,,,,
454,Spurious,,,8.35453,Singlet,,,,,
454,Spurious,,,8.43388,Quartet,,,,,
454,Spurious,,,8.504685,Doublet,,,,,
454,Spurious,,,8.616308888888888,Multiplet,,,,,
454,Spurious,,,8.761436666666667,Triplet,,,,,
454,Spurious,,,8.81352,Doublet,,,,,
454,Spurious,,,8.86235,Singlet,,,,,
454,Spurious,,,8.918505,Doublet,,,,,
454,Spurious,,,8.985032499999999,Quartet,,,,,
454,Spurious,,,9.14102,Multiplet,,,,,
454,Spurious,,,9.241990000000001,Doublet,,,,,
454,Spurious,,,9.2896,Singlet,,,,,
454,Spurious,,,9.35063,Singlet,,,,,
454,Spurious,,,9.386035,Doublet,,,,,
454,Spurious,,,9.425095,Doublet,,,,,
454,Spurious,,,9.46294,Singlet,,,,,
454,Spurious,,,9.50932,Singlet,,,,,
454,Spurious,,,9.57158,Doublet,,,,,
454,Spurious,,,9.670455,Doublet,,,,,
454,Spurious,,,9.714405,Doublet,,,,,
454,Spurious,,,9.78602,Triplet,,,,,
454,Spurious,,,9.87147,Triplet,,,,,
454,Spurious,,,9.966479999999999,Quartet,,,,,
455,Matched,1.14991,Singlet,1.15967,Singlet,0.009759999999999991,0.006265350617468357,0.005828330293297768,0.00043702032417058945,6.975193422569804
455,Matched,2.286385,Doublet,2.280285,Doublet,0.006099999999999994,0.0020908378064632416,0.00779659952968359,0.005705761723220348,272.8935599682854
455,Matched,2.3632925,Quartet,2.3407074999999997,Quartet,0.0225850000000003,0.002101984340697527,0.00909564457833767,0.0069936602376401424,332.71704751707864
455,Matched,2.7758933333333338,Triplet,2.7895659999999998,Multiplet,0.013672666666666,0.006265677511692047,0.007862452417612076,0.0015967749059200287,25.484473194484906
455,Matched,5.423437142857142,Multiplet,5.4010275,Quartet,0.02240964285714231,0.004212694708257914,0.014626526273787022,0.010413831565529108,247.2011927452385
455,Matched,6.0775033333333335,Triplet,6.1035466666666665,Triplet,0.026043333333332974,0.002085665939375758,0.007255638483911753,0.0051699725445359945,247.8811417941347
455,Missed,1.1108449999999999,Doublet,,,,,,,
455,Spurious,,,0.0341799,Singlet,,,,,
455,Spurious,,,0.09684283333333332,Triplet,,,,,
455,Spurious,,,0.19043100000000002,Triplet,,,,,
455,Spurious,,,0.335695,Doublet,,,,,
455,Spurious,,,0.406903,Triplet,,,,,
455,Spurious,,,0.4992705,Doublet,,,,,
455,Spurious,,,0.539553,Singlet,,,,,
455,Spurious,,,0.610355,Singlet,,,,,
455,Spurious,,,0.6811555,Doublet,,,,,
455,Spurious,,,0.720218,Singlet,,,,,
455,Spurious,,,0.7666055,Doublet,,,,,
455,Spurious,,,0.8361855,Doublet,,,,,
455,Spurious,,,0.91064925,Quartet,,,,,
455,Spurious,,,1.0246987142857145,Multiplet,,,,,
455,Spurious,,,1.214605,Doublet,,,,,
455,Spurious,,,1.2866266666666668,Triplet,,,,,
455,Spurious,,,1.384285,Quartet,,,,,
455,Spurious,,,1.441655,Doublet,,,,,
455,Spurious,,,1.511235,Doublet,,,,,
455,Spurious,,,1.6049859999999998,Multiplet,,,,,
455,Spurious,,,1.7285233333333334,Triplet,,,,,
455,Spurious,,,1.828624,Multiplet,,,,,
455,Spurious,,,1.9275,Doublet,,,,,
455,Spurious,,,1.989755,Doublet,,,,,
455,Spurious,,,2.165782,Multiplet,,,,,
455,Spurious,,,2.4458949999999997,Multiplet,,,,,
455,Spurious,,,2.5520933333333335,Triplet,,,,,
455,Spurious,,,2.63917,Singlet,,,,,
455,Spurious,,,2.70143,Doublet,,,,,
455,Spurious,,,2.87111,Singlet,,,,,
455,Spurious,,,2.935074,Multiplet,,,,,
455,Spurious,,,3.01515,Singlet,,,,,
455,Spurious,,,3.194352,Multiplet,,,,,
455,Spurious,,,3.2885900000000006,Triplet,,,,,
455,Spurious,,,3.365495,Doublet,,,,,
455,Spurious,,,3.4442325000000005,Quartet,,,,,
455,Spurious,,,3.50588,Singlet,,,,,
455,Spurious,,,3.56447,Quartet,,,,,
455,Spurious,,,3.61818,Singlet,,,,,
455,Spurious,,,3.69712,Triplet,,,,,
455,Spurious,,,3.860288333333333,Multiplet,,,,,
455,Spurious,,,4.036885,Multiplet,,,,,
455,Spurious,,,4.1797075,Quartet,,,,,
455,Spurious,,,4.313288571428571,Multiplet,,,,,
455,Spurious,,,4.477155,Multiplet,,,,,
455,Spurious,,,4.59963,Doublet,,,,,
455,Spurious,,,4.67532,Singlet,,,,,
455,Spurious,,,4.71438,Singlet,,,,,
455,Spurious,,,4.74612,Singlet,,,,,
455,Spurious,,,4.78925,Triplet,,,,,
455,Spurious,,,4.83889,Singlet,,,,,
455,Spurious,,,4.87795,Singlet,,,,,
455,Spurious,,,4.93167,Singlet,,,,,
455,Spurious,,,5.047226666666667,Multiplet,,,,,
455,Spurious,,,5.13186,Singlet,,,,,
455,Spurious,,,5.1888266666666665,Triplet,,,,,
455,Spurious,,,5.268585,Doublet,,,,,
455,Spurious,,,5.31985,Singlet,,,,,
455,Spurious,,,5.46145,Singlet,,,,,
455,Spurious,,,5.52737,Singlet,,,,,
455,Spurious,,,5.56888,Singlet,,,,,
455,Spurious,,,5.636015,Doublet,,,,,
455,Spurious,,,5.68606,Singlet,,,,,
455,Spurious,,,5.73245,Singlet,,,,,
455,Spurious,,,5.78372,Singlet,,,,,
455,Spurious,,,5.843535,Doublet,,,,,
455,Spurious,,,5.88626,Singlet,,,,,
455,Spurious,,,5.918,Singlet,,,,,
455,Spurious,,,5.94974,Singlet,,,,,
455,Spurious,,,6.014026666666666,Triplet,,,,,
455,Spurious,,,6.165393333333334,Triplet,,,,,
455,Spurious,,,6.284212500000001,Quartet,,,,,
455,Spurious,,,6.34281,Singlet,,,,,
455,Spurious,,,6.38431,Singlet,,,,,
455,Spurious,,,6.4368,Doublet,,,,,
455,Spurious,,,6.588575,Multiplet,,,,,
455,Spurious,,,6.72025,Multiplet,,,,,
455,Spurious,,,6.826555714285715,Multiplet,,,,,
455,Spurious,,,6.90921,Singlet,,,,,
455,Spurious,,,6.94828,Singlet,,,,,
455,Spurious,,,6.98734,Doublet,,,,,
455,Spurious,,,7.03861,Singlet,,,,,
455,Spurious,,,7.136675,Multiplet,,,,,
455,Spurious,,,7.22904,Singlet,,,,,
455,Spurious,,,7.299436666666668,Multiplet,,,,,
455,Spurious,,,7.440745714285714,Multiplet,,,,,
455,Spurious,,,7.56351,Singlet,,,,,
455,Spurious,,,7.670238571428571,Multiplet,,,,,
455,Spurious,,,7.801143333333333,Triplet,,,,,
455,Spurious,,,7.91813,Quartet,,,,,
455,Spurious,,,7.991985,Doublet,,,,,
455,Spurious,,,8.08891,Multiplet,,,,,
455,Spurious,,,8.17387,Singlet,,,,,
455,Spurious,,,8.2800725,Quartet,,,,,
455,Spurious,,,8.35453,Singlet,,,,,
455,Spurious,,,8.43388,Quartet,,,,,
455,Spurious,,,8.504685,Doublet,,,,,
455,Spurious,,,8.616308888888888,Multiplet,,,,,
455,Spurious,,,8.761436666666667,Triplet,,,,,
455,Spurious,,,8.81352,Doublet,,,,,
455,Spurious,,,8.86235,Singlet,,,,,
455,Spurious,,,8.918505,Doublet,,,,,
455,Spurious,,,8.985032499999999,Quartet,,,,,
455,Spurious,,,9.14102,Multiplet,,,,,
455,Spurious,,,9.241990000000001,Doublet,,,,,
455,Spurious,,,9.2896,Singlet,,,,,
455,Spurious,,,9.35063,Singlet,,,,,
455,Spurious,,,9.386035,Doublet,,,,,
455,Spurious,,,9.425095,Doublet,,,,,
455,Spurious,,,9.46294,Singlet,,,,,
455,Spurious,,,9.50932,Singlet,,,,,
455,Spurious,,,9.57158,Doublet,,,,,
455,Spurious,,,9.670455,Doublet,,,,,
455,Spurious,,,9.714405,Doublet,,,,,
455,Spurious,,,9.78602,Triplet,,,,,
455,Spurious,,,9.87147,Triplet,,,,,
455,Spurious,,,9.966479999999999,Quartet,,,,,
456,Matched,3.0520775,Multiplet,3.01515,Singlet,0.0369275,0.002415689639747143,0.01595614291727543,0.013540453277528286,560.5212298275868
456,Matched,3.18605,Doublet,3.194352,Multiplet,0.008302000000000032,0.0011788050178438425,0.006455269176512957,0.005276464158669114,447.6112740273466
456,Matched,3.2714999999999996,Quartet,3.2885900000000006,Triplet,0.017090000000000938,0.001200360246002674,0.00859429407864809,0.007393933832645416,615.9762335738786
456,Matched,3.364275,Doublet,3.365495,Doublet,0.0012199999999999989,0.0011733565479516983,0.006581263616681099,0.005407907068729401,460.89205179532684
456,Matched,3.50197,Multiplet,3.50588,Singlet,0.003909999999999858,0.0023348871618509293,0.00992583204060793,0.007590944878757,325.10970991589375
456,Matched,3.596616666666666,Multiplet,3.61818,Singlet,0.021563333333334267,0.002429025247693062,0.014047701843082905,0.011618676595389843,478.3267117715036
456,Matched,3.6712825000000002,Quartet,3.69712,Triplet,0.025837499999999736,0.001217170967720449,0.009247120469808578,0.00802994950208813,659.7223984997636
456,Matched,3.8843,Singlet,3.860288333333333,Multiplet,0.024011666666666986,0.0035679293796420097,0.005718751344829798,0.002150821965187788,60.28207781970146
456,Matched,4.521996,Multiplet,4.477155,Multiplet,0.04484099999999991,0.0036115101538598537,0.011882543563842773,0.00827103340998292,229.01869460738283
456,Matched,4.6313725,Quartet,4.59963,Doublet,0.03174250000000001,0.0023917595390230417,0.007151610217988491,0.004759850678965449,199.0104189533074
456,Matched,4.917015,Doublet,4.93167,Singlet,0.014655000000000307,0.0011935216607525945,0.007054444402456284,0.005860922741703689,491.0612797766895
456,Matched,7.042275,Doublet,7.03861,Singlet,0.0036649999999998073,0.0011733826249837875,0.007438863627612591,0.006265481002628803,533.9674262447318
456,Matched,7.286415,Doublet,7.299436666666668,Multiplet,0.01302166666666782,0.001193581847473979,0.008173689246177673,0.006980107398703694,584.8034144852279
456,Matched,7.9260649999999995,Doublet,7.91813,Quartet,0.007934999999999803,0.0011932000052183867,0.007924377918243408,0.0067311779130250216,564.1282168610987
456,Missed,3.931295,Quartet,,,,,,,
456,Missed,4.107685,Doublet,,,,,,,
456,Missed,4.414085,Doublet,,,,,,,
456,Missed,7.50492,Singlet,,,,,,,
456,Spurious,,,0.0341799,Singlet,,,,,
456,Spurious,,,0.09684283333333332,Triplet,,,,,
456,Spurious,,,0.19043100000000002,Triplet,,,,,
456,Spurious,,,0.335695,Doublet,,,,,
456,Spurious,,,0.406903,Triplet,,,,,
456,Spurious,,,0.4992705,Doublet,,,,,
456,Spurious,,,0.539553,Singlet,,,,,
456,Spurious,,,0.610355,Singlet,,,,,
456,Spurious,,,0.6811555,Doublet,,,,,
456,Spurious,,,0.720218,Singlet,,,,,
456,Spurious,,,0.7666055,Doublet,,,,,
456,Spurious,,,0.8361855,Doublet,,,,,
456,Spurious,,,0.91064925,Quartet,,,,,
456,Spurious,,,1.0246987142857145,Multiplet,,,,,
456,Spurious,,,1.15967,Singlet,,,,,
456,Spurious,,,1.214605,Doublet,,,,,
456,Spurious,,,1.2866266666666668,Triplet,,,,,
456,Spurious,,,1.384285,Quartet,,,,,
456,Spurious,,,1.441655,Doublet,,,,,
456,Spurious,,,1.511235,Doublet,,,,,
456,Spurious,,,1.6049859999999998,Multiplet,,,,,
456,Spurious,,,1.7285233333333334,Triplet,,,,,
456,Spurious,,,1.828624,Multiplet,,,,,
456,Spurious,,,1.9275,Doublet,,,,,
456,Spurious,,,1.989755,Doublet,,,,,
456,Spurious,,,2.165782,Multiplet,,,,,
456,Spurious,,,2.280285,Doublet,,,,,
456,Spurious,,,2.3407074999999997,Quartet,,,,,
456,Spurious,,,2.4458949999999997,Multiplet,,,,,
456,Spurious,,,2.5520933333333335,Triplet,,,,,
456,Spurious,,,2.63917,Singlet,,,,,
456,Spurious,,,2.70143,Doublet,,,,,
456,Spurious,,,2.7895659999999998,Multiplet,,,,,
456,Spurious,,,2.87111,Singlet,,,,,
456,Spurious,,,2.935074,Multiplet,,,,,
456,Spurious,,,3.4442325000000005,Quartet,,,,,
456,Spurious,,,3.56447,Quartet,,,,,
456,Spurious,,,4.036885,Multiplet,,,,,
456,Spurious,,,4.1797075,Quartet,,,,,
456,Spurious,,,4.313288571428571,Multiplet,,,,,
456,Spurious,,,4.67532,Singlet,,,,,
456,Spurious,,,4.71438,Singlet,,,,,
456,Spurious,,,4.74612,Singlet,,,,,
456,Spurious,,,4.78925,Triplet,,,,,
456,Spurious,,,4.83889,Singlet,,,,,
456,Spurious,,,4.87795,Singlet,,,,,
456,Spurious,,,5.047226666666667,Multiplet,,,,,
456,Spurious,,,5.13186,Singlet,,,,,
456,Spurious,,,5.1888266666666665,Triplet,,,,,
456,Spurious,,,5.268585,Doublet,,,,,
456,Spurious,,,5.31985,Singlet,,,,,
456,Spurious,,,5.4010275,Quartet,,,,,
456,Spurious,,,5.46145,Singlet,,,,,
456,Spurious,,,5.52737,Singlet,,,,,
456,Spurious,,,5.56888,Singlet,,,,,
456,Spurious,,,5.636015,Doublet,,,,,
456,Spurious,,,5.68606,Singlet,,,,,
456,Spurious,,,5.73245,Singlet,,,,,
456,Spurious,,,5.78372,Singlet,,,,,
456,Spurious,,,5.843535,Doublet,,,,,
456,Spurious,,,5.88626,Singlet,,,,,
456,Spurious,,,5.918,Singlet,,,,,
456,Spurious,,,5.94974,Singlet,,,,,
456,Spurious,,,6.014026666666666,Triplet,,,,,
456,Spurious,,,6.1035466666666665,Triplet,,,,,
456,Spurious,,,6.165393333333334,Triplet,,,,,
456,Spurious,,,6.284212500000001,Quartet,,,,,
456,Spurious,,,6.34281,Singlet,,,,,
456,Spurious,,,6.38431,Singlet,,,,,
456,Spurious,,,6.4368,Doublet,,,,,
456,Spurious,,,6.588575,Multiplet,,,,,
456,Spurious,,,6.72025,Multiplet,,,,,
456,Spurious,,,6.826555714285715,Multiplet,,,,,
456,Spurious,,,6.90921,Singlet,,,,,
456,Spurious,,,6.94828,Singlet,,,,,
456,Spurious,,,6.98734,Doublet,,,,,
456,Spurious,,,7.136675,Multiplet,,,,,
456,Spurious,,,7.22904,Singlet,,,,,
456,Spurious,,,7.440745714285714,Multiplet,,,,,
456,Spurious,,,7.56351,Singlet,,,,,
456,Spurious,,,7.670238571428571,Multiplet,,,,,
456,Spurious,,,7.801143333333333,Triplet,,,,,
456,Spurious,,,7.991985,Doublet,,,,,
456,Spurious,,,8.08891,Multiplet,,,,,
456,Spurious,,,8.17387,Singlet,,,,,
456,Spurious,,,8.2800725,Quartet,,,,,
456,Spurious,,,8.35453,Singlet,,,,,
456,Spurious,,,8.43388,Quartet,,,,,
456,Spurious,,,8.504685,Doublet,,,,,
456,Spurious,,,8.616308888888888,Multiplet,,,,,
456,Spurious,,,8.761436666666667,Triplet,,,,,
456,Spurious,,,8.81352,Doublet,,,,,
456,Spurious,,,8.86235,Singlet,,,,,
456,Spurious,,,8.918505,Doublet,,,,,
456,Spurious,,,8.985032499999999,Quartet,,,,,
456,Spurious,,,9.14102,Multiplet,,,,,
456,Spurious,,,9.241990000000001,Doublet,,,,,
456,Spurious,,,9.2896,Singlet,,,,,
456,Spurious,,,9.35063,Singlet,,,,,
456,Spurious,,,9.386035,Doublet,,,,,
456,Spurious,,,9.425095,Doublet,,,,,
456,Spurious,,,9.46294,Singlet,,,,,
456,Spurious,,,9.50932,Singlet,,,,,
456,Spurious,,,9.57158,Doublet,,,,,
456,Spurious,,,9.670455,Doublet,,,,,
456,Spurious,,,9.714405,Doublet,,,,,
456,Spurious,,,9.78602,Triplet,,,,,
456,Spurious,,,9.87147,Triplet,,,,,
456,Spurious,,,9.966479999999999,Quartet,,,,,
457,Matched,1.77003,Triplet,1.7285233333333334,Triplet,0.04150666666666658,0.002386156003922224,0.008557281456887722,0.006171125452965498,258.62204494684175
457,Matched,2.5431433333333335,Triplet,2.5520933333333335,Triplet,0.008950000000000014,0.004779466427862644,0.007342285476624966,0.0025628190487623215,53.62144681720053
457,Matched,2.9589999999999996,Triplet,2.935074,Multiplet,0.023925999999999448,0.002395223593339324,0.00876337569206953,0.0063681520987302065,265.8687947312671
457,Matched,4.311543333333334,Triplet,4.313288571428571,Multiplet,0.0017452380952374114,0.0023954124189913273,0.008604845963418484,0.0062094335444271564,259.22189829181303
457,Matched,7.036865714285715,Multiplet,7.03861,Singlet,0.0017442857142855317,0.004806332755833864,0.014301544055342674,0.00949521129950881,197.55626133008886
457,Matched,7.135045,Doublet,7.136675,Multiplet,0.0016300000000004644,0.001225562416948378,0.007674671243876219,0.006449108826927841,526.2162691791717
457,Matched,7.201575000000001,Quartet,7.22904,Singlet,0.027464999999999407,0.0024116993881762028,0.012433547526597977,0.010021848138421774,415.5512991194391
457,Missed,2.08009,Singlet,,,,,,,
457,Missed,2.393078,Multiplet,,,,,,,
457,Missed,3.9192933333333335,Triplet,,,,,,,
457,Spurious,,,0.0341799,Singlet,,,,,
457,Spurious,,,0.09684283333333332,Triplet,,,,,
457,Spurious,,,0.19043100000000002,Triplet,,,,,
457,Spurious,,,0.335695,Doublet,,,,,
457,Spurious,,,0.406903,Triplet,,,,,
457,Spurious,,,0.4992705,Doublet,,,,,
457,Spurious,,,0.539553,Singlet,,,,,
457,Spurious,,,0.610355,Singlet,,,,,
457,Spurious,,,0.6811555,Doublet,,,,,
457,Spurious,,,0.720218,Singlet,,,,,
457,Spurious,,,0.7666055,Doublet,,,,,
457,Spurious,,,0.8361855,Doublet,,,,,
457,Spurious,,,0.91064925,Quartet,,,,,
457,Spurious,,,1.0246987142857145,Multiplet,,,,,
457,Spurious,,,1.15967,Singlet,,,,,
457,Spurious,,,1.214605,Doublet,,,,,
457,Spurious,,,1.2866266666666668,Triplet,,,,,
457,Spurious,,,1.384285,Quartet,,,,,
457,Spurious,,,1.441655,Doublet,,,,,
457,Spurious,,,1.511235,Doublet,,,,,
457,Spurious,,,1.6049859999999998,Multiplet,,,,,
457,Spurious,,,1.828624,Multiplet,,,,,
457,Spurious,,,1.9275,Doublet,,,,,
457,Spurious,,,1.989755,Doublet,,,,,
457,Spurious,,,2.165782,Multiplet,,,,,
457,Spurious,,,2.280285,Doublet,,,,,
457,Spurious,,,2.3407074999999997,Quartet,,,,,
457,Spurious,,,2.4458949999999997,Multiplet,,,,,
457,Spurious,,,2.63917,Singlet,,,,,
457,Spurious,,,2.70143,Doublet,,,,,
457,Spurious,,,2.7895659999999998,Multiplet,,,,,
457,Spurious,,,2.87111,Singlet,,,,,
457,Spurious,,,3.01515,Singlet,,,,,
457,Spurious,,,3.194352,Multiplet,,,,,
457,Spurious,,,3.2885900000000006,Triplet,,,,,
457,Spurious,,,3.365495,Doublet,,,,,
457,Spurious,,,3.4442325000000005,Quartet,,,,,
457,Spurious,,,3.50588,Singlet,,,,,
457,Spurious,,,3.56447,Quartet,,,,,
457,Spurious,,,3.61818,Singlet,,,,,
457,Spurious,,,3.69712,Triplet,,,,,
457,Spurious,,,3.860288333333333,Multiplet,,,,,
457,Spurious,,,4.036885,Multiplet,,,,,
457,Spurious,,,4.1797075,Quartet,,,,,
457,Spurious,,,4.477155,Multiplet,,,,,
457,Spurious,,,4.59963,Doublet,,,,,
457,Spurious,,,4.67532,Singlet,,,,,
457,Spurious,,,4.71438,Singlet,,,,,
457,Spurious,,,4.74612,Singlet,,,,,
457,Spurious,,,4.78925,Triplet,,,,,
457,Spurious,,,4.83889,Singlet,,,,,
457,Spurious,,,4.87795,Singlet,,,,,
457,Spurious,,,4.93167,Singlet,,,,,
457,Spurious,,,5.047226666666667,Multiplet,,,,,
457,Spurious,,,5.13186,Singlet,,,,,
457,Spurious,,,5.1888266666666665,Triplet,,,,,
457,Spurious,,,5.268585,Doublet,,,,,
457,Spurious,,,5.31985,Singlet,,,,,
457,Spurious,,,5.4010275,Quartet,,,,,
457,Spurious,,,5.46145,Singlet,,,,,
457,Spurious,,,5.52737,Singlet,,,,,
457,Spurious,,,5.56888,Singlet,,,,,
457,Spurious,,,5.636015,Doublet,,,,,
457,Spurious,,,5.68606,Singlet,,,,,
457,Spurious,,,5.73245,Singlet,,,,,
457,Spurious,,,5.78372,Singlet,,,,,
457,Spurious,,,5.843535,Doublet,,,,,
457,Spurious,,,5.88626,Singlet,,,,,
457,Spurious,,,5.918,Singlet,,,,,
457,Spurious,,,5.94974,Singlet,,,,,
457,Spurious,,,6.014026666666666,Triplet,,,,,
457,Spurious,,,6.1035466666666665,Triplet,,,,,
457,Spurious,,,6.165393333333334,Triplet,,,,,
457,Spurious,,,6.284212500000001,Quartet,,,,,
457,Spurious,,,6.34281,Singlet,,,,,
457,Spurious,,,6.38431,Singlet,,,,,
457,Spurious,,,6.4368,Doublet,,,,,
457,Spurious,,,6.588575,Multiplet,,,,,
457,Spurious,,,6.72025,Multiplet,,,,,
457,Spurious,,,6.826555714285715,Multiplet,,,,,
457,Spurious,,,6.90921,Singlet,,,,,
457,Spurious,,,6.94828,Singlet,,,,,
457,Spurious,,,6.98734,Doublet,,,,,
457,Spurious,,,7.299436666666668,Multiplet,,,,,
457,Spurious,,,7.440745714285714,Multiplet,,,,,
457,Spurious,,,7.56351,Singlet,,,,,
457,Spurious,,,7.670238571428571,Multiplet,,,,,
457,Spurious,,,7.801143333333333,Triplet,,,,,
457,Spurious,,,7.91813,Quartet,,,,,
457,Spurious,,,7.991985,Doublet,,,,,
457,Spurious,,,8.08891,Multiplet,,,,,
457,Spurious,,,8.17387,Singlet,,,,,
457,Spurious,,,8.2800725,Quartet,,,,,
457,Spurious,,,8.35453,Singlet,,,,,
457,Spurious,,,8.43388,Quartet,,,,,
457,Spurious,,,8.504685,Doublet,,,,,
457,Spurious,,,8.616308888888888,Multiplet,,,,,
457,Spurious,,,8.761436666666667,Triplet,,,,,
457,Spurious,,,8.81352,Doublet,,,,,
457,Spurious,,,8.86235,Singlet,,,,,
457,Spurious,,,8.918505,Doublet,,,,,
457,Spurious,,,8.985032499999999,Quartet,,,,,
457,Spurious,,,9.14102,Multiplet,,,,,
457,Spurious,,,9.241990000000001,Doublet,,,,,
457,Spurious,,,9.2896,Singlet,,,,,
457,Spurious,,,9.35063,Singlet,,,,,
457,Spurious,,,9.386035,Doublet,,,,,
457,Spurious,,,9.425095,Doublet,,,,,
457,Spurious,,,9.46294,Singlet,,,,,
457,Spurious,,,9.50932,Singlet,,,,,
457,Spurious,,,9.57158,Doublet,,,,,
457,Spurious,,,9.670455,Doublet,,,,,
457,Spurious,,,9.714405,Doublet,,,,,
457,Spurious,,,9.78602,Triplet,,,,,
457,Spurious,,,9.87147,Triplet,,,,,
457,Spurious,,,9.966479999999999,Quartet,,,,,
458,Matched,3.37648,Singlet,3.365495,Doublet,0.0109849999999998,0.0035563590936362743,0.005289742723107338,0.0017333836294710636,48.74039948813856
458,Matched,3.6102475000000003,Quartet,3.61818,Singlet,0.007932499999999898,0.0012006848119199276,0.009679076261818409,0.008478391449898481,706.1296491575756
458,Matched,3.8311975,Quartet,3.860288333333333,Multiplet,0.029090833333333066,0.0011994615197181702,0.010165526531636715,0.008966065011918545,747.5075160414686
458,Matched,4.1467475,Quartet,4.1797075,Quartet,0.0329600000000001,0.0011995290406048298,0.00941114965826273,0.0082116206176579,684.5703888517291
458,Matched,4.4905800000000005,Triplet,4.477155,Multiplet,0.013425000000000686,0.0011981030693277717,0.007490929681807756,0.006292826612479985,525.2324923940597
458,Matched,7.28275,Doublet,7.299436666666668,Multiplet,0.016686666666667627,0.0023785943631082773,0.007092055398970842,0.004713461035862565,198.16161632970292
458,Matched,7.3975,Singlet,7.440745714285714,Multiplet,0.04324571428571389,0.001187983201816678,0.006066294386982918,0.00487831118516624,410.6380610185622
458,Matched,7.5806,Singlet,7.56351,Singlet,0.017089999999999606,0.0011883184779435396,0.005579106975346804,0.004390788497403264,369.49593723408236
458,Matched,8.183635,Doublet,8.17387,Singlet,0.009764999999999802,0.0011885944986715913,0.006029087118804455,0.0048404926201328635,407.24508026435785
458,Matched,8.64262,Singlet,8.616308888888888,Multiplet,0.02631111111111295,0.0011854374315589666,0.005150781944394112,0.003965344512835145,334.50474966193093
458,Matched,9.95855,Singlet,9.966479999999999,Quartet,0.007929999999998216,0.0011871459428220987,0.005344932898879051,0.0041577869560569525,350.23385129658175
458,Missed,4.4128625,Quartet,,,,,,,
458,Missed,7.74784,Doublet,,,,,,,
458,Spurious,,,0.0341799,Singlet,,,,,
458,Spurious,,,0.09684283333333332,Triplet,,,,,
458,Spurious,,,0.19043100000000002,Triplet,,,,,
458,Spurious,,,0.335695,Doublet,,,,,
458,Spurious,,,0.406903,Triplet,,,,,
458,Spurious,,,0.4992705,Doublet,,,,,
458,Spurious,,,0.539553,Singlet,,,,,
458,Spurious,,,0.610355,Singlet,,,,,
458,Spurious,,,0.6811555,Doublet,,,,,
458,Spurious,,,0.720218,Singlet,,,,,
458,Spurious,,,0.7666055,Doublet,,,,,
458,Spurious,,,0.8361855,Doublet,,,,,
458,Spurious,,,0.91064925,Quartet,,,,,
458,Spurious,,,1.0246987142857145,Multiplet,,,,,
458,Spurious,,,1.15967,Singlet,,,,,
458,Spurious,,,1.214605,Doublet,,,,,
458,Spurious,,,1.2866266666666668,Triplet,,,,,
458,Spurious,,,1.384285,Quartet,,,,,
458,Spurious,,,1.441655,Doublet,,,,,
458,Spurious,,,1.511235,Doublet,,,,,
458,Spurious,,,1.6049859999999998,Multiplet,,,,,
458,Spurious,,,1.7285233333333334,Triplet,,,,,
458,Spurious,,,1.828624,Multiplet,,,,,
458,Spurious,,,1.9275,Doublet,,,,,
458,Spurious,,,1.989755,Doublet,,,,,
458,Spurious,,,2.165782,Multiplet,,,,,
458,Spurious,,,2.280285,Doublet,,,,,
458,Spurious,,,2.3407074999999997,Quartet,,,,,
458,Spurious,,,2.4458949999999997,Multiplet,,,,,
458,Spurious,,,2.5520933333333335,Triplet,,,,,
458,Spurious,,,2.63917,Singlet,,,,,
458,Spurious,,,2.70143,Doublet,,,,,
458,Spurious,,,2.7895659999999998,Multiplet,,,,,
458,Spurious,,,2.87111,Singlet,,,,,
458,Spurious,,,2.935074,Multiplet,,,,,
458,Spurious,,,3.01515,Singlet,,,,,
458,Spurious,,,3.194352,Multiplet,,,,,
458,Spurious,,,3.2885900000000006,Triplet,,,,,
458,Spurious,,,3.4442325000000005,Quartet,,,,,
458,Spurious,,,3.50588,Singlet,,,,,
458,Spurious,,,3.56447,Quartet,,,,,
458,Spurious,,,3.69712,Triplet,,,,,
458,Spurious,,,4.036885,Multiplet,,,,,
458,Spurious,,,4.313288571428571,Multiplet,,,,,
458,Spurious,,,4.59963,Doublet,,,,,
458,Spurious,,,4.67532,Singlet,,,,,
458,Spurious,,,4.71438,Singlet,,,,,
458,Spurious,,,4.74612,Singlet,,,,,
458,Spurious,,,4.78925,Triplet,,,,,
458,Spurious,,,4.83889,Singlet,,,,,
458,Spurious,,,4.87795,Singlet,,,,,
458,Spurious,,,4.93167,Singlet,,,,,
458,Spurious,,,5.047226666666667,Multiplet,,,,,
458,Spurious,,,5.13186,Singlet,,,,,
458,Spurious,,,5.1888266666666665,Triplet,,,,,
458,Spurious,,,5.268585,Doublet,,,,,
458,Spurious,,,5.31985,Singlet,,,,,
458,Spurious,,,5.4010275,Quartet,,,,,
458,Spurious,,,5.46145,Singlet,,,,,
458,Spurious,,,5.52737,Singlet,,,,,
458,Spurious,,,5.56888,Singlet,,,,,
458,Spurious,,,5.636015,Doublet,,,,,
458,Spurious,,,5.68606,Singlet,,,,,
458,Spurious,,,5.73245,Singlet,,,,,
458,Spurious,,,5.78372,Singlet,,,,,
458,Spurious,,,5.843535,Doublet,,,,,
458,Spurious,,,5.88626,Singlet,,,,,
458,Spurious,,,5.918,Singlet,,,,,
458,Spurious,,,5.94974,Singlet,,,,,
458,Spurious,,,6.014026666666666,Triplet,,,,,
458,Spurious,,,6.1035466666666665,Triplet,,,,,
458,Spurious,,,6.165393333333334,Triplet,,,,,
458,Spurious,,,6.284212500000001,Quartet,,,,,
458,Spurious,,,6.34281,Singlet,,,,,
458,Spurious,,,6.38431,Singlet,,,,,
458,Spurious,,,6.4368,Doublet,,,,,
458,Spurious,,,6.588575,Multiplet,,,,,
458,Spurious,,,6.72025,Multiplet,,,,,
458,Spurious,,,6.826555714285715,Multiplet,,,,,
458,Spurious,,,6.90921,Singlet,,,,,
458,Spurious,,,6.94828,Singlet,,,,,
458,Spurious,,,6.98734,Doublet,,,,,
458,Spurious,,,7.03861,Singlet,,,,,
458,Spurious,,,7.136675,Multiplet,,,,,
458,Spurious,,,7.22904,Singlet,,,,,
458,Spurious,,,7.670238571428571,Multiplet,,,,,
458,Spurious,,,7.801143333333333,Triplet,,,,,
458,Spurious,,,7.91813,Quartet,,,,,
458,Spurious,,,7.991985,Doublet,,,,,
458,Spurious,,,8.08891,Multiplet,,,,,
458,Spurious,,,8.2800725,Quartet,,,,,
458,Spurious,,,8.35453,Singlet,,,,,
458,Spurious,,,8.43388,Quartet,,,,,
458,Spurious,,,8.504685,Doublet,,,,,
458,Spurious,,,8.761436666666667,Triplet,,,,,
458,Spurious,,,8.81352,Doublet,,,,,
458,Spurious,,,8.86235,Singlet,,,,,
458,Spurious,,,8.918505,Doublet,,,,,
458,Spurious,,,8.985032499999999,Quartet,,,,,
458,Spurious,,,9.14102,Multiplet,,,,,
458,Spurious,,,9.241990000000001,Doublet,,,,,
458,Spurious,,,9.2896,Singlet,,,,,
458,Spurious,,,9.35063,Singlet,,,,,
458,Spurious,,,9.386035,Doublet,,,,,
458,Spurious,,,9.425095,Doublet,,,,,
458,Spurious,,,9.46294,Singlet,,,,,
458,Spurious,,,9.50932,Singlet,,,,,
458,Spurious,,,9.57158,Doublet,,,,,
458,Spurious,,,9.670455,Doublet,,,,,
458,Spurious,,,9.714405,Doublet,,,,,
458,Spurious,,,9.78602,Triplet,,,,,
458,Spurious,,,9.87147,Triplet,,,,,
459,Matched,1.01563,Singlet,1.0246987142857145,Multiplet,0.00906871428571443,0.003396115032956004,0.0055045392364263535,0.0021084242034703493,62.083415402898204
459,Matched,1.330575,Doublet,1.2866266666666668,Triplet,0.043948333333333256,0.0034204942639917135,0.007418002467602491,0.003997508203610778,116.86931463950738
459,Matched,1.49659,Doublet,1.511235,Doublet,0.014645000000000019,0.00414880458265543,0.006647930014878511,0.0024991254322230816,60.23724141336934
459,Matched,1.8951524999999998,Quartet,1.9275,Doublet,0.032347500000000196,0.0021321610547602177,0.01050872728228569,0.008376566227525473,392.86742475781216
459,Matched,2.1892557142857143,Multiplet,2.165782,Multiplet,0.02347371428571421,0.0023359032347798347,0.015674425289034843,0.013338522054255009,571.0220293227258
459,Matched,2.2961549999999997,Doublet,2.280285,Doublet,0.015869999999999607,0.0010643251007422805,0.0071655078791081905,0.00610118277836591,573.2442816683389
459,Matched,2.436536,Multiplet,2.4458949999999997,Multiplet,0.009358999999999895,0.00344085949473083,0.011293753981590271,0.00785289448685944,228.22479380181005
459,Matched,2.66115,Singlet,2.63917,Singlet,0.02198000000000011,0.0008231645915657282,0.005153760313987732,0.004330595722422004,526.091108241773
459,Matched,3.3724133333333337,Triplet,3.365495,Doublet,0.006918333333333582,0.0011427373392507434,0.0082436203956604,0.007100883056409657,621.3924068557592
459,Matched,4.2859125,Quartet,4.313288571428571,Multiplet,0.027376071428570903,0.0011489830212667584,0.010225494392216206,0.009076511370949447,789.9604435357588
459,Matched,4.4391075,Quartet,4.477155,Multiplet,0.038047499999999346,0.0017276434227824211,0.010524583980441093,0.008796940557658672,509.1872802948503
459,Matched,6.10599,Singlet,6.1035466666666665,Triplet,0.002443333333333797,0.0011325159575790167,0.005303709767758846,0.00417119381017983,368.3121445013989
459,Matched,6.268345,Doublet,6.284212500000001,Quartet,0.01586750000000059,0.0011420802911743522,0.008217320777475834,0.007075240486301482,619.5046478760539
459,Matched,7.2394175,Quartet,7.22904,Singlet,0.010377499999999706,0.001144253765232861,0.009696383960545063,0.008552130195312202,747.3980383688581
459,Missed,2.09962,Singlet,,,,,,,
459,Spurious,,,0.0341799,Singlet,,,,,
459,Spurious,,,0.09684283333333332,Triplet,,,,,
459,Spurious,,,0.19043100000000002,Triplet,,,,,
459,Spurious,,,0.335695,Doublet,,,,,
459,Spurious,,,0.406903,Triplet,,,,,
459,Spurious,,,0.4992705,Doublet,,,,,
459,Spurious,,,0.539553,Singlet,,,,,
459,Spurious,,,0.610355,Singlet,,,,,
459,Spurious,,,0.6811555,Doublet,,,,,
459,Spurious,,,0.720218,Singlet,,,,,
459,Spurious,,,0.7666055,Doublet,,,,,
459,Spurious,,,0.8361855,Doublet,,,,,
459,Spurious,,,0.91064925,Quartet,,,,,
459,Spurious,,,1.15967,Singlet,,,,,
459,Spurious,,,1.214605,Doublet,,,,,
459,Spurious,,,1.384285,Quartet,,,,,
459,Spurious,,,1.441655,Doublet,,,,,
459,Spurious,,,1.6049859999999998,Multiplet,,,,,
459,Spurious,,,1.7285233333333334,Triplet,,,,,
459,Spurious,,,1.828624,Multiplet,,,,,
459,Spurious,,,1.989755,Doublet,,,,,
459,Spurious,,,2.3407074999999997,Quartet,,,,,
459,Spurious,,,2.5520933333333335,Triplet,,,,,
459,Spurious,,,2.70143,Doublet,,,,,
459,Spurious,,,2.7895659999999998,Multiplet,,,,,
459,Spurious,,,2.87111,Singlet,,,,,
459,Spurious,,,2.935074,Multiplet,,,,,
459,Spurious,,,3.01515,Singlet,,,,,
459,Spurious,,,3.194352,Multiplet,,,,,
459,Spurious,,,3.2885900000000006,Triplet,,,,,
459,Spurious,,,3.4442325000000005,Quartet,,,,,
459,Spurious,,,3.50588,Singlet,,,,,
459,Spurious,,,3.56447,Quartet,,,,,
459,Spurious,,,3.61818,Singlet,,,,,
459,Spurious,,,3.69712,Triplet,,,,,
459,Spurious,,,3.860288333333333,Multiplet,,,,,
459,Spurious,,,4.036885,Multiplet,,,,,
459,Spurious,,,4.1797075,Quartet,,,,,
459,Spurious,,,4.59963,Doublet,,,,,
459,Spurious,,,4.67532,Singlet,,,,,
459,Spurious,,,4.71438,Singlet,,,,,
459,Spurious,,,4.74612,Singlet,,,,,
459,Spurious,,,4.78925,Triplet,,,,,
459,Spurious,,,4.83889,Singlet,,,,,
459,Spurious,,,4.87795,Singlet,,,,,
459,Spurious,,,4.93167,Singlet,,,,,
459,Spurious,,,5.047226666666667,Multiplet,,,,,
459,Spurious,,,5.13186,Singlet,,,,,
459,Spurious,,,5.1888266666666665,Triplet,,,,,
459,Spurious,,,5.268585,Doublet,,,,,
459,Spurious,,,5.31985,Singlet,,,,,
459,Spurious,,,5.4010275,Quartet,,,,,
459,Spurious,,,5.46145,Singlet,,,,,
459,Spurious,,,5.52737,Singlet,,,,,
459,Spurious,,,5.56888,Singlet,,,,,
459,Spurious,,,5.636015,Doublet,,,,,
459,Spurious,,,5.68606,Singlet,,,,,
459,Spurious,,,5.73245,Singlet,,,,,
459,Spurious,,,5.78372,Singlet,,,,,
459,Spurious,,,5.843535,Doublet,,,,,
459,Spurious,,,5.88626,Singlet,,,,,
459,Spurious,,,5.918,Singlet,,,,,
459,Spurious,,,5.94974,Singlet,,,,,
459,Spurious,,,6.014026666666666,Triplet,,,,,
459,Spurious,,,6.165393333333334,Triplet,,,,,
459,Spurious,,,6.34281,Singlet,,,,,
459,Spurious,,,6.38431,Singlet,,,,,
459,Spurious,,,6.4368,Doublet,,,,,
459,Spurious,,,6.588575,Multiplet,,,,,
459,Spurious,,,6.72025,Multiplet,,,,,
459,Spurious,,,6.826555714285715,Multiplet,,,,,
459,Spurious,,,6.90921,Singlet,,,,,
459,Spurious,,,6.94828,Singlet,,,,,
459,Spurious,,,6.98734,Doublet,,,,,
459,Spurious,,,7.03861,Singlet,,,,,
459,Spurious,,,7.136675,Multiplet,,,,,
459,Spurious,,,7.299436666666668,Multiplet,,,,,
459,Spurious,,,7.440745714285714,Multiplet,,,,,
459,Spurious,,,7.56351,Singlet,,,,,
459,Spurious,,,7.670238571428571,Multiplet,,,,,
459,Spurious,,,7.801143333333333,Triplet,,,,,
459,Spurious,,,7.91813,Quartet,,,,,
459,Spurious,,,7.991985,Doublet,,,,,
459,Spurious,,,8.08891,Multiplet,,,,,
459,Spurious,,,8.17387,Singlet,,,,,
459,Spurious,,,8.2800725,Quartet,,,,,
459,Spurious,,,8.35453,Singlet,,,,,
459,Spurious,,,8.43388,Quartet,,,,,
459,Spurious,,,8.504685,Doublet,,,,,
459,Spurious,,,8.616308888888888,Multiplet,,,,,
459,Spurious,,,8.761436666666667,Triplet,,,,,
459,Spurious,,,8.81352,Doublet,,,,,
459,Spurious,,,8.86235,Singlet,,,,,
459,Spurious,,,8.918505,Doublet,,,,,
459,Spurious,,,8.985032499999999,Quartet,,,,,
459,Spurious,,,9.14102,Multiplet,,,,,
459,Spurious,,,9.241990000000001,Doublet,,,,,
459,Spurious,,,9.2896,Singlet,,,,,
459,Spurious,,,9.35063,Singlet,,,,,
459,Spurious,,,9.386035,Doublet,,,,,
459,Spurious,,,9.425095,Doublet,,,,,
459,Spurious,,,9.46294,Singlet,,,,,
459,Spurious,,,9.50932,Singlet,,,,,
459,Spurious,,,9.57158,Doublet,,,,,
459,Spurious,,,9.670455,Doublet,,,,,
459,Spurious,,,9.714405,Doublet,,,,,
459,Spurious,,,9.78602,Triplet,,,,,
459,Spurious,,,9.87147,Triplet,,,,,
459,Spurious,,,9.966479999999999,Quartet,,,,,
460,Matched,7.5684,Singlet,7.56351,Singlet,0.004889999999999617,0.0035566610749810934,0.005668628495186567,0.002111967420205474,59.38062063495046
460,Spurious,,,0.0341799,Singlet,,,,,
460,Spurious,,,0.09684283333333332,Triplet,,,,,
460,Spurious,,,0.19043100000000002,Triplet,,,,,
460,Spurious,,,0.335695,Doublet,,,,,
460,Spurious,,,0.406903,Triplet,,,,,
460,Spurious,,,0.4992705,Doublet,,,,,
460,Spurious,,,0.539553,Singlet,,,,,
460,Spurious,,,0.610355,Singlet,,,,,
460,Spurious,,,0.6811555,Doublet,,,,,
460,Spurious,,,0.720218,Singlet,,,,,
460,Spurious,,,0.7666055,Doublet,,,,,
460,Spurious,,,0.8361855,Doublet,,,,,
460,Spurious,,,0.91064925,Quartet,,,,,
460,Spurious,,,1.0246987142857145,Multiplet,,,,,
460,Spurious,,,1.15967,Singlet,,,,,
460,Spurious,,,1.214605,Doublet,,,,,
460,Spurious,,,1.2866266666666668,Triplet,,,,,
460,Spurious,,,1.384285,Quartet,,,,,
460,Spurious,,,1.441655,Doublet,,,,,
460,Spurious,,,1.511235,Doublet,,,,,
460,Spurious,,,1.6049859999999998,Multiplet,,,,,
460,Spurious,,,1.7285233333333334,Triplet,,,,,
460,Spurious,,,1.828624,Multiplet,,,,,
460,Spurious,,,1.9275,Doublet,,,,,
460,Spurious,,,1.989755,Doublet,,,,,
460,Spurious,,,2.165782,Multiplet,,,,,
460,Spurious,,,2.280285,Doublet,,,,,
460,Spurious,,,2.3407074999999997,Quartet,,,,,
460,Spurious,,,2.4458949999999997,Multiplet,,,,,
460,Spurious,,,2.5520933333333335,Triplet,,,,,
460,Spurious,,,2.63917,Singlet,,,,,
460,Spurious,,,2.70143,Doublet,,,,,
460,Spurious,,,2.7895659999999998,Multiplet,,,,,
460,Spurious,,,2.87111,Singlet,,,,,
460,Spurious,,,2.935074,Multiplet,,,,,
460,Spurious,,,3.01515,Singlet,,,,,
460,Spurious,,,3.194352,Multiplet,,,,,
460,Spurious,,,3.2885900000000006,Triplet,,,,,
460,Spurious,,,3.365495,Doublet,,,,,
460,Spurious,,,3.4442325000000005,Quartet,,,,,
460,Spurious,,,3.50588,Singlet,,,,,
460,Spurious,,,3.56447,Quartet,,,,,
460,Spurious,,,3.61818,Singlet,,,,,
460,Spurious,,,3.69712,Triplet,,,,,
460,Spurious,,,3.860288333333333,Multiplet,,,,,
460,Spurious,,,4.036885,Multiplet,,,,,
460,Spurious,,,4.1797075,Quartet,,,,,
460,Spurious,,,4.313288571428571,Multiplet,,,,,
460,Spurious,,,4.477155,Multiplet,,,,,
460,Spurious,,,4.59963,Doublet,,,,,
460,Spurious,,,4.67532,Singlet,,,,,
460,Spurious,,,4.71438,Singlet,,,,,
460,Spurious,,,4.74612,Singlet,,,,,
460,Spurious,,,4.78925,Triplet,,,,,
460,Spurious,,,4.83889,Singlet,,,,,
460,Spurious,,,4.87795,Singlet,,,,,
460,Spurious,,,4.93167,Singlet,,,,,
460,Spurious,,,5.047226666666667,Multiplet,,,,,
460,Spurious,,,5.13186,Singlet,,,,,
460,Spurious,,,5.1888266666666665,Triplet,,,,,
460,Spurious,,,5.268585,Doublet,,,,,
460,Spurious,,,5.31985,Singlet,,,,,
460,Spurious,,,5.4010275,Quartet,,,,,
460,Spurious,,,5.46145,Singlet,,,,,
460,Spurious,,,5.52737,Singlet,,,,,
460,Spurious,,,5.56888,Singlet,,,,,
460,Spurious,,,5.636015,Doublet,,,,,
460,Spurious,,,5.68606,Singlet,,,,,
460,Spurious,,,5.73245,Singlet,,,,,
460,Spurious,,,5.78372,Singlet,,,,,
460,Spurious,,,5.843535,Doublet,,,,,
460,Spurious,,,5.88626,Singlet,,,,,
460,Spurious,,,5.918,Singlet,,,,,
460,Spurious,,,5.94974,Singlet,,,,,
460,Spurious,,,6.014026666666666,Triplet,,,,,
460,Spurious,,,6.1035466666666665,Triplet,,,,,
460,Spurious,,,6.165393333333334,Triplet,,,,,
460,Spurious,,,6.284212500000001,Quartet,,,,,
460,Spurious,,,6.34281,Singlet,,,,,
460,Spurious,,,6.38431,Singlet,,,,,
460,Spurious,,,6.4368,Doublet,,,,,
460,Spurious,,,6.588575,Multiplet,,,,,
460,Spurious,,,6.72025,Multiplet,,,,,
460,Spurious,,,6.826555714285715,Multiplet,,,,,
460,Spurious,,,6.90921,Singlet,,,,,
460,Spurious,,,6.94828,Singlet,,,,,
460,Spurious,,,6.98734,Doublet,,,,,
460,Spurious,,,7.03861,Singlet,,,,,
460,Spurious,,,7.136675,Multiplet,,,,,
460,Spurious,,,7.22904,Singlet,,,,,
460,Spurious,,,7.299436666666668,Multiplet,,,,,
460,Spurious,,,7.440745714285714,Multiplet,,,,,
460,Spurious,,,7.670238571428571,Multiplet,,,,,
460,Spurious,,,7.801143333333333,Triplet,,,,,
460,Spurious,,,7.91813,Quartet,,,,,
460,Spurious,,,7.991985,Doublet,,,,,
460,Spurious,,,8.08891,Multiplet,,,,,
460,Spurious,,,8.17387,Singlet,,,,,
460,Spurious,,,8.2800725,Quartet,,,,,
460,Spurious,,,8.35453,Singlet,,,,,
460,Spurious,,,8.43388,Quartet,,,,,
460,Spurious,,,8.504685,Doublet,,,,,
460,Spurious,,,8.616308888888888,Multiplet,,,,,
460,Spurious,,,8.761436666666667,Triplet,,,,,
460,Spurious,,,8.81352,Doublet,,,,,
460,Spurious,,,8.86235,Singlet,,,,,
460,Spurious,,,8.918505,Doublet,,,,,
460,Spurious,,,8.985032499999999,Quartet,,,,,
460,Spurious,,,9.14102,Multiplet,,,,,
460,Spurious,,,9.241990000000001,Doublet,,,,,
460,Spurious,,,9.2896,Singlet,,,,,
460,Spurious,,,9.35063,Singlet,,,,,
460,Spurious,,,9.386035,Doublet,,,,,
460,Spurious,,,9.425095,Doublet,,,,,
460,Spurious,,,9.46294,Singlet,,,,,
460,Spurious,,,9.50932,Singlet,,,,,
460,Spurious,,,9.57158,Doublet,,,,,
460,Spurious,,,9.670455,Doublet,,,,,
460,Spurious,,,9.714405,Doublet,,,,,
460,Spurious,,,9.78602,Triplet,,,,,
460,Spurious,,,9.87147,Triplet,,,,,
460,Spurious,,,9.966479999999999,Quartet,,,,,
461,Matched,0.8870486666666667,Triplet,0.91064925,Quartet,0.023600583333333258,0.0020242377649992704,0.010088609531521797,0.008064371766522527,398.3905401807101
461,Matched,1.267705,Quartet,1.2866266666666668,Triplet,0.018921666666666725,0.009000326506793499,0.012393945828080177,0.0033936193212866783,37.70551344693056
461,Matched,1.4062599999999998,Triplet,1.384285,Quartet,0.021974999999999856,0.001369657926261425,0.009815315715968609,0.008445657789707184,616.6253359888323
461,Matched,1.78712,Triplet,1.828624,Multiplet,0.041503999999999985,0.001358803128823638,0.00851760245859623,0.007158799329772592,526.8459556735204
461,Matched,4.318056666666667,Triplet,4.313288571428571,Multiplet,0.00476809523809596,0.0013693751534447074,0.008659367449581623,0.007289992296136916,532.3590308907463
461,Matched,7.4683,Singlet,7.440745714285714,Multiplet,0.02755428571428631,0.000581825734116137,0.005632024258375168,0.005050198524259031,867.9916043814884
461,Matched,7.64896,Singlet,7.670238571428571,Multiplet,0.021278571428570814,0.0005820923834107816,0.005388449411839247,0.004806357028428465,825.7034734358699
461,Spurious,,,0.0341799,Singlet,,,,,
461,Spurious,,,0.09684283333333332,Triplet,,,,,
461,Spurious,,,0.19043100000000002,Triplet,,,,,
461,Spurious,,,0.335695,Doublet,,,,,
461,Spurious,,,0.406903,Triplet,,,,,
461,Spurious,,,0.4992705,Doublet,,,,,
461,Spurious,,,0.539553,Singlet,,,,,
461,Spurious,,,0.610355,Singlet,,,,,
461,Spurious,,,0.6811555,Doublet,,,,,
461,Spurious,,,0.720218,Singlet,,,,,
461,Spurious,,,0.7666055,Doublet,,,,,
461,Spurious,,,0.8361855,Doublet,,,,,
461,Spurious,,,1.0246987142857145,Multiplet,,,,,
461,Spurious,,,1.15967,Singlet,,,,,
461,Spurious,,,1.214605,Doublet,,,,,
461,Spurious,,,1.441655,Doublet,,,,,
461,Spurious,,,1.511235,Doublet,,,,,
461,Spurious,,,1.6049859999999998,Multiplet,,,,,
461,Spurious,,,1.7285233333333334,Triplet,,,,,
461,Spurious,,,1.9275,Doublet,,,,,
461,Spurious,,,1.989755,Doublet,,,,,
461,Spurious,,,2.165782,Multiplet,,,,,
461,Spurious,,,2.280285,Doublet,,,,,
461,Spurious,,,2.3407074999999997,Quartet,,,,,
461,Spurious,,,2.4458949999999997,Multiplet,,,,,
461,Spurious,,,2.5520933333333335,Triplet,,,,,
461,Spurious,,,2.63917,Singlet,,,,,
461,Spurious,,,2.70143,Doublet,,,,,
461,Spurious,,,2.7895659999999998,Multiplet,,,,,
461,Spurious,,,2.87111,Singlet,,,,,
461,Spurious,,,2.935074,Multiplet,,,,,
461,Spurious,,,3.01515,Singlet,,,,,
461,Spurious,,,3.194352,Multiplet,,,,,
461,Spurious,,,3.2885900000000006,Triplet,,,,,
461,Spurious,,,3.365495,Doublet,,,,,
461,Spurious,,,3.4442325000000005,Quartet,,,,,
461,Spurious,,,3.50588,Singlet,,,,,
461,Spurious,,,3.56447,Quartet,,,,,
461,Spurious,,,3.61818,Singlet,,,,,
461,Spurious,,,3.69712,Triplet,,,,,
461,Spurious,,,3.860288333333333,Multiplet,,,,,
461,Spurious,,,4.036885,Multiplet,,,,,
461,Spurious,,,4.1797075,Quartet,,,,,
461,Spurious,,,4.477155,Multiplet,,,,,
461,Spurious,,,4.59963,Doublet,,,,,
461,Spurious,,,4.67532,Singlet,,,,,
461,Spurious,,,4.71438,Singlet,,,,,
461,Spurious,,,4.74612,Singlet,,,,,
461,Spurious,,,4.78925,Triplet,,,,,
461,Spurious,,,4.83889,Singlet,,,,,
461,Spurious,,,4.87795,Singlet,,,,,
461,Spurious,,,4.93167,Singlet,,,,,
461,Spurious,,,5.047226666666667,Multiplet,,,,,
461,Spurious,,,5.13186,Singlet,,,,,
461,Spurious,,,5.1888266666666665,Triplet,,,,,
461,Spurious,,,5.268585,Doublet,,,,,
461,Spurious,,,5.31985,Singlet,,,,,
461,Spurious,,,5.4010275,Quartet,,,,,
461,Spurious,,,5.46145,Singlet,,,,,
461,Spurious,,,5.52737,Singlet,,,,,
461,Spurious,,,5.56888,Singlet,,,,,
461,Spurious,,,5.636015,Doublet,,,,,
461,Spurious,,,5.68606,Singlet,,,,,
461,Spurious,,,5.73245,Singlet,,,,,
461,Spurious,,,5.78372,Singlet,,,,,
461,Spurious,,,5.843535,Doublet,,,,,
461,Spurious,,,5.88626,Singlet,,,,,
461,Spurious,,,5.918,Singlet,,,,,
461,Spurious,,,5.94974,Singlet,,,,,
461,Spurious,,,6.014026666666666,Triplet,,,,,
461,Spurious,,,6.1035466666666665,Triplet,,,,,
461,Spurious,,,6.165393333333334,Triplet,,,,,
461,Spurious,,,6.284212500000001,Quartet,,,,,
461,Spurious,,,6.34281,Singlet,,,,,
461,Spurious,,,6.38431,Singlet,,,,,
461,Spurious,,,6.4368,Doublet,,,,,
461,Spurious,,,6.588575,Multiplet,,,,,
461,Spurious,,,6.72025,Multiplet,,,,,
461,Spurious,,,6.826555714285715,Multiplet,,,,,
461,Spurious,,,6.90921,Singlet,,,,,
461,Spurious,,,6.94828,Singlet,,,,,
461,Spurious,,,6.98734,Doublet,,,,,
461,Spurious,,,7.03861,Singlet,,,,,
461,Spurious,,,7.136675,Multiplet,,,,,
461,Spurious,,,7.22904,Singlet,,,,,
461,Spurious,,,7.299436666666668,Multiplet,,,,,
461,Spurious,,,7.56351,Singlet,,,,,
461,Spurious,,,7.801143333333333,Triplet,,,,,
461,Spurious,,,7.91813,Quartet,,,,,
461,Spurious,,,7.991985,Doublet,,,,,
461,Spurious,,,8.08891,Multiplet,,,,,
461,Spurious,,,8.17387,Singlet,,,,,
461,Spurious,,,8.2800725,Quartet,,,,,
461,Spurious,,,8.35453,Singlet,,,,,
461,Spurious,,,8.43388,Quartet,,,,,
461,Spurious,,,8.504685,Doublet,,,,,
461,Spurious,,,8.616308888888888,Multiplet,,,,,
461,Spurious,,,8.761436666666667,Triplet,,,,,
461,Spurious,,,8.81352,Doublet,,,,,
461,Spurious,,,8.86235,Singlet,,,,,
461,Spurious,,,8.918505,Doublet,,,,,
461,Spurious,,,8.985032499999999,Quartet,,,,,
461,Spurious,,,9.14102,Multiplet,,,,,
461,Spurious,,,9.241990000000001,Doublet,,,,,
461,Spurious,,,9.2896,Singlet,,,,,
461,Spurious,,,9.35063,Singlet,,,,,
461,Spurious,,,9.386035,Doublet,,,,,
461,Spurious,,,9.425095,Doublet,,,,,
461,Spurious,,,9.46294,Singlet,,,,,
461,Spurious,,,9.50932,Singlet,,,,,
461,Spurious,,,9.57158,Doublet,,,,,
461,Spurious,,,9.670455,Doublet,,,,,
461,Spurious,,,9.714405,Doublet,,,,,
461,Spurious,,,9.78602,Triplet,,,,,
461,Spurious,,,9.87147,Triplet,,,,,
461,Spurious,,,9.966479999999999,Quartet,,,,,
462,Matched,2.5958375,Quartet,2.63917,Singlet,0.043332499999999996,0.0017941489350050688,0.010388464666903019,0.00859431573189795,479.01908053545566
462,Matched,2.8442525,Quartet,2.87111,Singlet,0.026857499999999757,0.001795523683540523,0.010622650384902954,0.008827126701362431,491.6185056360028
462,Matched,4.582545,Doublet,4.59963,Doublet,0.017085000000000683,0.0017860991647467017,0.007361430209130049,0.005575331044383347,312.1512598195532
462,Matched,4.7235325,Quartet,4.71438,Singlet,0.009152499999999897,0.0017913515912368894,0.00947489682585001,0.0076835452346131206,428.92446531436076
462,Matched,5.795925,Doublet,5.78372,Singlet,0.012205000000000688,0.0017840079963207245,0.007121044211089611,0.0053370362147688866,299.1598818937921
462,Matched,7.2293449999999995,Multiplet,7.22904,Singlet,0.00030499999999911154,0.012644736096262932,0.022249853238463402,0.00960511714220047,75.96138874767975
462,Matched,8.37407,Singlet,8.35453,Singlet,0.019539999999999225,0.0017760054906830192,0.005157947540283203,0.003381942049600184,190.42407623973904
462,Missed,7.6172249999999995,Doublet,,,,,,,
462,Spurious,,,0.0341799,Singlet,,,,,
462,Spurious,,,0.09684283333333332,Triplet,,,,,
462,Spurious,,,0.19043100000000002,Triplet,,,,,
462,Spurious,,,0.335695,Doublet,,,,,
462,Spurious,,,0.406903,Triplet,,,,,
462,Spurious,,,0.4992705,Doublet,,,,,
462,Spurious,,,0.539553,Singlet,,,,,
462,Spurious,,,0.610355,Singlet,,,,,
462,Spurious,,,0.6811555,Doublet,,,,,
462,Spurious,,,0.720218,Singlet,,,,,
462,Spurious,,,0.7666055,Doublet,,,,,
462,Spurious,,,0.8361855,Doublet,,,,,
462,Spurious,,,0.91064925,Quartet,,,,,
462,Spurious,,,1.0246987142857145,Multiplet,,,,,
462,Spurious,,,1.15967,Singlet,,,,,
462,Spurious,,,1.214605,Doublet,,,,,
462,Spurious,,,1.2866266666666668,Triplet,,,,,
462,Spurious,,,1.384285,Quartet,,,,,
462,Spurious,,,1.441655,Doublet,,,,,
462,Spurious,,,1.511235,Doublet,,,,,
462,Spurious,,,1.6049859999999998,Multiplet,,,,,
462,Spurious,,,1.7285233333333334,Triplet,,,,,
462,Spurious,,,1.828624,Multiplet,,,,,
462,Spurious,,,1.9275,Doublet,,,,,
462,Spurious,,,1.989755,Doublet,,,,,
462,Spurious,,,2.165782,Multiplet,,,,,
462,Spurious,,,2.280285,Doublet,,,,,
462,Spurious,,,2.3407074999999997,Quartet,,,,,
462,Spurious,,,2.4458949999999997,Multiplet,,,,,
462,Spurious,,,2.5520933333333335,Triplet,,,,,
462,Spurious,,,2.70143,Doublet,,,,,
462,Spurious,,,2.7895659999999998,Multiplet,,,,,
462,Spurious,,,2.935074,Multiplet,,,,,
462,Spurious,,,3.01515,Singlet,,,,,
462,Spurious,,,3.194352,Multiplet,,,,,
462,Spurious,,,3.2885900000000006,Triplet,,,,,
462,Spurious,,,3.365495,Doublet,,,,,
462,Spurious,,,3.4442325000000005,Quartet,,,,,
462,Spurious,,,3.50588,Singlet,,,,,
462,Spurious,,,3.56447,Quartet,,,,,
462,Spurious,,,3.61818,Singlet,,,,,
462,Spurious,,,3.69712,Triplet,,,,,
462,Spurious,,,3.860288333333333,Multiplet,,,,,
462,Spurious,,,4.036885,Multiplet,,,,,
462,Spurious,,,4.1797075,Quartet,,,,,
462,Spurious,,,4.313288571428571,Multiplet,,,,,
462,Spurious,,,4.477155,Multiplet,,,,,
462,Spurious,,,4.67532,Singlet,,,,,
462,Spurious,,,4.74612,Singlet,,,,,
462,Spurious,,,4.78925,Triplet,,,,,
462,Spurious,,,4.83889,Singlet,,,,,
462,Spurious,,,4.87795,Singlet,,,,,
462,Spurious,,,4.93167,Singlet,,,,,
462,Spurious,,,5.047226666666667,Multiplet,,,,,
462,Spurious,,,5.13186,Singlet,,,,,
462,Spurious,,,5.1888266666666665,Triplet,,,,,
462,Spurious,,,5.268585,Doublet,,,,,
462,Spurious,,,5.31985,Singlet,,,,,
462,Spurious,,,5.4010275,Quartet,,,,,
462,Spurious,,,5.46145,Singlet,,,,,
462,Spurious,,,5.52737,Singlet,,,,,
462,Spurious,,,5.56888,Singlet,,,,,
462,Spurious,,,5.636015,Doublet,,,,,
462,Spurious,,,5.68606,Singlet,,,,,
462,Spurious,,,5.73245,Singlet,,,,,
462,Spurious,,,5.843535,Doublet,,,,,
462,Spurious,,,5.88626,Singlet,,,,,
462,Spurious,,,5.918,Singlet,,,,,
462,Spurious,,,5.94974,Singlet,,,,,
462,Spurious,,,6.014026666666666,Triplet,,,,,
462,Spurious,,,6.1035466666666665,Triplet,,,,,
462,Spurious,,,6.165393333333334,Triplet,,,,,
462,Spurious,,,6.284212500000001,Quartet,,,,,
462,Spurious,,,6.34281,Singlet,,,,,
462,Spurious,,,6.38431,Singlet,,,,,
462,Spurious,,,6.4368,Doublet,,,,,
462,Spurious,,,6.588575,Multiplet,,,,,
462,Spurious,,,6.72025,Multiplet,,,,,
462,Spurious,,,6.826555714285715,Multiplet,,,,,
462,Spurious,,,6.90921,Singlet,,,,,
462,Spurious,,,6.94828,Singlet,,,,,
462,Spurious,,,6.98734,Doublet,,,,,
462,Spurious,,,7.03861,Singlet,,,,,
462,Spurious,,,7.136675,Multiplet,,,,,
462,Spurious,,,7.299436666666668,Multiplet,,,,,
462,Spurious,,,7.440745714285714,Multiplet,,,,,
462,Spurious,,,7.56351,Singlet,,,,,
462,Spurious,,,7.670238571428571,Multiplet,,,,,
462,Spurious,,,7.801143333333333,Triplet,,,,,
462,Spurious,,,7.91813,Quartet,,,,,
462,Spurious,,,7.991985,Doublet,,,,,
462,Spurious,,,8.08891,Multiplet,,,,,
462,Spurious,,,8.17387,Singlet,,,,,
462,Spurious,,,8.2800725,Quartet,,,,,
462,Spurious,,,8.43388,Quartet,,,,,
462,Spurious,,,8.504685,Doublet,,,,,
462,Spurious,,,8.616308888888888,Multiplet,,,,,
462,Spurious,,,8.761436666666667,Triplet,,,,,
462,Spurious,,,8.81352,Doublet,,,,,
462,Spurious,,,8.86235,Singlet,,,,,
462,Spurious,,,8.918505,Doublet,,,,,
462,Spurious,,,8.985032499999999,Quartet,,,,,
462,Spurious,,,9.14102,Multiplet,,,,,
462,Spurious,,,9.241990000000001,Doublet,,,,,
462,Spurious,,,9.2896,Singlet,,,,,
462,Spurious,,,9.35063,Singlet,,,,,
462,Spurious,,,9.386035,Doublet,,,,,
462,Spurious,,,9.425095,Doublet,,,,,
462,Spurious,,,9.46294,Singlet,,,,,
462,Spurious,,,9.50932,Singlet,,,,,
462,Spurious,,,9.57158,Doublet,,,,,
462,Spurious,,,9.670455,Doublet,,,,,
462,Spurious,,,9.714405,Doublet,,,,,
462,Spurious,,,9.78602,Triplet,,,,,
462,Spurious,,,9.87147,Triplet,,,,,
462,Spurious,,,9.966479999999999,Quartet,,,,,
463,Matched,1.77003,Triplet,1.7285233333333334,Triplet,0.04150666666666658,0.002885767724364996,0.008557281456887722,0.005671513732522726,196.53396510873807
463,Matched,2.3861825,Multiplet,2.3407074999999997,Quartet,0.045475000000000154,0.014568432234227657,0.012629198841750622,0.0019392333924770355,13.311201653675013
463,Matched,2.67254,Triplet,2.70143,Doublet,0.028890000000000082,0.002897225320339203,0.008111522532999516,0.005214297212660313,179.97555026372027
463,Matched,3.622455,Quartet,3.61818,Singlet,0.004274999999999807,0.0029053492471575737,0.009957549162209034,0.00705219991505146,242.73157252784415
463,Matched,7.03098,Multiplet,7.03861,Singlet,0.007630000000000692,0.005848034285008907,0.01641106978058815,0.010563035495579243,180.6254030120337
463,Matched,7.186838571428571,Multiplet,7.22904,Singlet,0.04220142857142939,0.004397500306367874,0.020764091983437538,0.016366591677069664,372.179432332722
463,Missed,3.7939633333333336,Triplet,,,,,,,
463,Missed,3.9192933333333335,Triplet,,,,,,,
463,Spurious,,,0.0341799,Singlet,,,,,
463,Spurious,,,0.09684283333333332,Triplet,,,,,
463,Spurious,,,0.19043100000000002,Triplet,,,,,
463,Spurious,,,0.335695,Doublet,,,,,
463,Spurious,,,0.406903,Triplet,,,,,
463,Spurious,,,0.4992705,Doublet,,,,,
463,Spurious,,,0.539553,Singlet,,,,,
463,Spurious,,,0.610355,Singlet,,,,,
463,Spurious,,,0.6811555,Doublet,,,,,
463,Spurious,,,0.720218,Singlet,,,,,
463,Spurious,,,0.7666055,Doublet,,,,,
463,Spurious,,,0.8361855,Doublet,,,,,
463,Spurious,,,0.91064925,Quartet,,,,,
463,Spurious,,,1.0246987142857145,Multiplet,,,,,
463,Spurious,,,1.15967,Singlet,,,,,
463,Spurious,,,1.214605,Doublet,,,,,
463,Spurious,,,1.2866266666666668,Triplet,,,,,
463,Spurious,,,1.384285,Quartet,,,,,
463,Spurious,,,1.441655,Doublet,,,,,
463,Spurious,,,1.511235,Doublet,,,,,
463,Spurious,,,1.6049859999999998,Multiplet,,,,,
463,Spurious,,,1.828624,Multiplet,,,,,
463,Spurious,,,1.9275,Doublet,,,,,
463,Spurious,,,1.989755,Doublet,,,,,
463,Spurious,,,2.165782,Multiplet,,,,,
463,Spurious,,,2.280285,Doublet,,,,,
463,Spurious,,,2.4458949999999997,Multiplet,,,,,
463,Spurious,,,2.5520933333333335,Triplet,,,,,
463,Spurious,,,2.63917,Singlet,,,,,
463,Spurious,,,2.7895659999999998,Multiplet,,,,,
463,Spurious,,,2.87111,Singlet,,,,,
463,Spurious,,,2.935074,Multiplet,,,,,
463,Spurious,,,3.01515,Singlet,,,,,
463,Spurious,,,3.194352,Multiplet,,,,,
463,Spurious,,,3.2885900000000006,Triplet,,,,,
463,Spurious,,,3.365495,Doublet,,,,,
463,Spurious,,,3.4442325000000005,Quartet,,,,,
463,Spurious,,,3.50588,Singlet,,,,,
463,Spurious,,,3.56447,Quartet,,,,,
463,Spurious,,,3.69712,Triplet,,,,,
463,Spurious,,,3.860288333333333,Multiplet,,,,,
463,Spurious,,,4.036885,Multiplet,,,,,
463,Spurious,,,4.1797075,Quartet,,,,,
463,Spurious,,,4.313288571428571,Multiplet,,,,,
463,Spurious,,,4.477155,Multiplet,,,,,
463,Spurious,,,4.59963,Doublet,,,,,
463,Spurious,,,4.67532,Singlet,,,,,
463,Spurious,,,4.71438,Singlet,,,,,
463,Spurious,,,4.74612,Singlet,,,,,
463,Spurious,,,4.78925,Triplet,,,,,
463,Spurious,,,4.83889,Singlet,,,,,
463,Spurious,,,4.87795,Singlet,,,,,
463,Spurious,,,4.93167,Singlet,,,,,
463,Spurious,,,5.047226666666667,Multiplet,,,,,
463,Spurious,,,5.13186,Singlet,,,,,
463,Spurious,,,5.1888266666666665,Triplet,,,,,
463,Spurious,,,5.268585,Doublet,,,,,
463,Spurious,,,5.31985,Singlet,,,,,
463,Spurious,,,5.4010275,Quartet,,,,,
463,Spurious,,,5.46145,Singlet,,,,,
463,Spurious,,,5.52737,Singlet,,,,,
463,Spurious,,,5.56888,Singlet,,,,,
463,Spurious,,,5.636015,Doublet,,,,,
463,Spurious,,,5.68606,Singlet,,,,,
463,Spurious,,,5.73245,Singlet,,,,,
463,Spurious,,,5.78372,Singlet,,,,,
463,Spurious,,,5.843535,Doublet,,,,,
463,Spurious,,,5.88626,Singlet,,,,,
463,Spurious,,,5.918,Singlet,,,,,
463,Spurious,,,5.94974,Singlet,,,,,
463,Spurious,,,6.014026666666666,Triplet,,,,,
463,Spurious,,,6.1035466666666665,Triplet,,,,,
463,Spurious,,,6.165393333333334,Triplet,,,,,
463,Spurious,,,6.284212500000001,Quartet,,,,,
463,Spurious,,,6.34281,Singlet,,,,,
463,Spurious,,,6.38431,Singlet,,,,,
463,Spurious,,,6.4368,Doublet,,,,,
463,Spurious,,,6.588575,Multiplet,,,,,
463,Spurious,,,6.72025,Multiplet,,,,,
463,Spurious,,,6.826555714285715,Multiplet,,,,,
463,Spurious,,,6.90921,Singlet,,,,,
463,Spurious,,,6.94828,Singlet,,,,,
463,Spurious,,,6.98734,Doublet,,,,,
463,Spurious,,,7.136675,Multiplet,,,,,
463,Spurious,,,7.299436666666668,Multiplet,,,,,
463,Spurious,,,7.440745714285714,Multiplet,,,,,
463,Spurious,,,7.56351,Singlet,,,,,
463,Spurious,,,7.670238571428571,Multiplet,,,,,
463,Spurious,,,7.801143333333333,Triplet,,,,,
463,Spurious,,,7.91813,Quartet,,,,,
463,Spurious,,,7.991985,Doublet,,,,,
463,Spurious,,,8.08891,Multiplet,,,,,
463,Spurious,,,8.17387,Singlet,,,,,
463,Spurious,,,8.2800725,Quartet,,,,,
463,Spurious,,,8.35453,Singlet,,,,,
463,Spurious,,,8.43388,Quartet,,,,,
463,Spurious,,,8.504685,Doublet,,,,,
463,Spurious,,,8.616308888888888,Multiplet,,,,,
463,Spurious,,,8.761436666666667,Triplet,,,,,
463,Spurious,,,8.81352,Doublet,,,,,
463,Spurious,,,8.86235,Singlet,,,,,
463,Spurious,,,8.918505,Doublet,,,,,
463,Spurious,,,8.985032499999999,Quartet,,,,,
463,Spurious,,,9.14102,Multiplet,,,,,
463,Spurious,,,9.241990000000001,Doublet,,,,,
463,Spurious,,,9.2896,Singlet,,,,,
463,Spurious,,,9.35063,Singlet,,,,,
463,Spurious,,,9.386035,Doublet,,,,,
463,Spurious,,,9.425095,Doublet,,,,,
463,Spurious,,,9.46294,Singlet,,,,,
463,Spurious,,,9.50932,Singlet,,,,,
463,Spurious,,,9.57158,Doublet,,,,,
463,Spurious,,,9.670455,Doublet,,,,,
463,Spurious,,,9.714405,Doublet,,,,,
463,Spurious,,,9.78602,Triplet,,,,,
463,Spurious,,,9.87147,Triplet,,,,,
463,Spurious,,,9.966479999999999,Quartet,,,,,
464,Matched,1.2679099999999999,Triplet,1.2866266666666668,Triplet,0.018716666666666937,0.012456361204385757,0.009897980839014053,0.002558380365371704,20.53874581343165
464,Matched,1.92579,Multiplet,1.9275,Doublet,0.0017100000000001003,0.00831783190369606,0.00976964645087719,0.0014518145471811295,17.454242451521655
464,Matched,2.4902466666666663,Triplet,2.4458949999999997,Multiplet,0.04435166666666657,0.008286302909255028,0.007915950380265713,0.00037035252898931503,4.469454388104324
464,Matched,3.2715,Doublet,3.2885900000000006,Triplet,0.017090000000000494,0.00829251017421484,0.00859429407864809,0.00030178390443325043,3.6392346598697327
464,Matched,3.5864433333333334,Triplet,3.56447,Quartet,0.0219733333333334,0.00827708002179861,0.0073752268217504025,0.0009018532000482082,10.89578930822316
464,Matched,7.46237,Multiplet,7.440745714285714,Multiplet,0.021624285714286096,0.012539280578494072,0.016775405034422874,0.0042361244559288025,33.782834903575846
464,Matched,7.89677,Quartet,7.91813,Quartet,0.0213599999999996,0.012509036809206009,0.010841887444257736,0.0016671493649482727,13.327559830356693
464,Matched,7.9675650000000005,Doublet,7.991985,Doublet,0.02441999999999922,0.004192096181213856,0.007989505305886269,0.003797409124672413,90.58497134893604
464,Missed,4.100604000000001,Multiplet,,,,,,,
464,Missed,7.367386666666667,Triplet,,,,,,,
464,Spurious,,,0.0341799,Singlet,,,,,
464,Spurious,,,0.09684283333333332,Triplet,,,,,
464,Spurious,,,0.19043100000000002,Triplet,,,,,
464,Spurious,,,0.335695,Doublet,,,,,
464,Spurious,,,0.406903,Triplet,,,,,
464,Spurious,,,0.4992705,Doublet,,,,,
464,Spurious,,,0.539553,Singlet,,,,,
464,Spurious,,,0.610355,Singlet,,,,,
464,Spurious,,,0.6811555,Doublet,,,,,
464,Spurious,,,0.720218,Singlet,,,,,
464,Spurious,,,0.7666055,Doublet,,,,,
464,Spurious,,,0.8361855,Doublet,,,,,
464,Spurious,,,0.91064925,Quartet,,,,,
464,Spurious,,,1.0246987142857145,Multiplet,,,,,
464,Spurious,,,1.15967,Singlet,,,,,
464,Spurious,,,1.214605,Doublet,,,,,
464,Spurious,,,1.384285,Quartet,,,,,
464,Spurious,,,1.441655,Doublet,,,,,
464,Spurious,,,1.511235,Doublet,,,,,
464,Spurious,,,1.6049859999999998,Multiplet,,,,,
464,Spurious,,,1.7285233333333334,Triplet,,,,,
464,Spurious,,,1.828624,Multiplet,,,,,
464,Spurious,,,1.989755,Doublet,,,,,
464,Spurious,,,2.165782,Multiplet,,,,,
464,Spurious,,,2.280285,Doublet,,,,,
464,Spurious,,,2.3407074999999997,Quartet,,,,,
464,Spurious,,,2.5520933333333335,Triplet,,,,,
464,Spurious,,,2.63917,Singlet,,,,,
464,Spurious,,,2.70143,Doublet,,,,,
464,Spurious,,,2.7895659999999998,Multiplet,,,,,
464,Spurious,,,2.87111,Singlet,,,,,
464,Spurious,,,2.935074,Multiplet,,,,,
464,Spurious,,,3.01515,Singlet,,,,,
464,Spurious,,,3.194352,Multiplet,,,,,
464,Spurious,,,3.365495,Doublet,,,,,
464,Spurious,,,3.4442325000000005,Quartet,,,,,
464,Spurious,,,3.50588,Singlet,,,,,
464,Spurious,,,3.61818,Singlet,,,,,
464,Spurious,,,3.69712,Triplet,,,,,
464,Spurious,,,3.860288333333333,Multiplet,,,,,
464,Spurious,,,4.036885,Multiplet,,,,,
464,Spurious,,,4.1797075,Quartet,,,,,
464,Spurious,,,4.313288571428571,Multiplet,,,,,
464,Spurious,,,4.477155,Multiplet,,,,,
464,Spurious,,,4.59963,Doublet,,,,,
464,Spurious,,,4.67532,Singlet,,,,,
464,Spurious,,,4.71438,Singlet,,,,,
464,Spurious,,,4.74612,Singlet,,,,,
464,Spurious,,,4.78925,Triplet,,,,,
464,Spurious,,,4.83889,Singlet,,,,,
464,Spurious,,,4.87795,Singlet,,,,,
464,Spurious,,,4.93167,Singlet,,,,,
464,Spurious,,,5.047226666666667,Multiplet,,,,,
464,Spurious,,,5.13186,Singlet,,,,,
464,Spurious,,,5.1888266666666665,Triplet,,,,,
464,Spurious,,,5.268585,Doublet,,,,,
464,Spurious,,,5.31985,Singlet,,,,,
464,Spurious,,,5.4010275,Quartet,,,,,
464,Spurious,,,5.46145,Singlet,,,,,
464,Spurious,,,5.52737,Singlet,,,,,
464,Spurious,,,5.56888,Singlet,,,,,
464,Spurious,,,5.636015,Doublet,,,,,
464,Spurious,,,5.68606,Singlet,,,,,
464,Spurious,,,5.73245,Singlet,,,,,
464,Spurious,,,5.78372,Singlet,,,,,
464,Spurious,,,5.843535,Doublet,,,,,
464,Spurious,,,5.88626,Singlet,,,,,
464,Spurious,,,5.918,Singlet,,,,,
464,Spurious,,,5.94974,Singlet,,,,,
464,Spurious,,,6.014026666666666,Triplet,,,,,
464,Spurious,,,6.1035466666666665,Triplet,,,,,
464,Spurious,,,6.165393333333334,Triplet,,,,,
464,Spurious,,,6.284212500000001,Quartet,,,,,
464,Spurious,,,6.34281,Singlet,,,,,
464,Spurious,,,6.38431,Singlet,,,,,
464,Spurious,,,6.4368,Doublet,,,,,
464,Spurious,,,6.588575,Multiplet,,,,,
464,Spurious,,,6.72025,Multiplet,,,,,
464,Spurious,,,6.826555714285715,Multiplet,,,,,
464,Spurious,,,6.90921,Singlet,,,,,
464,Spurious,,,6.94828,Singlet,,,,,
464,Spurious,,,6.98734,Doublet,,,,,
464,Spurious,,,7.03861,Singlet,,,,,
464,Spurious,,,7.136675,Multiplet,,,,,
464,Spurious,,,7.22904,Singlet,,,,,
464,Spurious,,,7.299436666666668,Multiplet,,,,,
464,Spurious,,,7.56351,Singlet,,,,,
464,Spurious,,,7.670238571428571,Multiplet,,,,,
464,Spurious,,,7.801143333333333,Triplet,,,,,
464,Spurious,,,8.08891,Multiplet,,,,,
464,Spurious,,,8.17387,Singlet,,,,,
464,Spurious,,,8.2800725,Quartet,,,,,
464,Spurious,,,8.35453,Singlet,,,,,
464,Spurious,,,8.43388,Quartet,,,,,
464,Spurious,,,8.504685,Doublet,,,,,
464,Spurious,,,8.616308888888888,Multiplet,,,,,
464,Spurious,,,8.761436666666667,Triplet,,,,,
464,Spurious,,,8.81352,Doublet,,,,,
464,Spurious,,,8.86235,Singlet,,,,,
464,Spurious,,,8.918505,Doublet,,,,,
464,Spurious,,,8.985032499999999,Quartet,,,,,
464,Spurious,,,9.14102,Multiplet,,,,,
464,Spurious,,,9.241990000000001,Doublet,,,,,
464,Spurious,,,9.2896,Singlet,,,,,
464,Spurious,,,9.35063,Singlet,,,,,
464,Spurious,,,9.386035,Doublet,,,,,
464,Spurious,,,9.425095,Doublet,,,,,
464,Spurious,,,9.46294,Singlet,,,,,
464,Spurious,,,9.50932,Singlet,,,,,
464,Spurious,,,9.57158,Doublet,,,,,
464,Spurious,,,9.670455,Doublet,,,,,
464,Spurious,,,9.714405,Doublet,,,,,
464,Spurious,,,9.78602,Triplet,,,,,
464,Spurious,,,9.87147,Triplet,,,,,
464,Spurious,,,9.966479999999999,Quartet,,,,,
465,Matched,0.742191,Singlet,0.720218,Singlet,0.02197300000000002,0.00653338897973299,0.005315940827131271,0.001217448152601719,18.634251785380062
465,Matched,0.872807,Multiplet,0.8361855,Doublet,0.036621499999999974,0.015466911718249321,0.016552962362766266,0.0010860506445169449,7.0217679152814965
465,Matched,1.1466566666666667,Triplet,1.15967,Singlet,0.013013333333333321,0.002087961882352829,0.009867789223790169,0.00777982734143734,372.6038969959838
465,Matched,1.3347229999999999,Multiplet,1.2866266666666668,Triplet,0.048096333333333074,0.008834507316350937,0.016943661496043205,0.008109154179692268,91.78954625668618
465,Matched,1.6912814545454549,Multiplet,1.7285233333333334,Triplet,0.037241878787878546,0.03568889945745468,0.06880086660385132,0.03311196714639664,92.77945705742468
465,Matched,2.248546,Multiplet,2.280285,Doublet,0.03173899999999996,0.0022193826735019684,0.014086240902543068,0.0118668582290411,534.691847905452
465,Matched,2.3891739999999997,Multiplet,2.3407074999999997,Quartet,0.04846649999999997,0.0022147446870803833,0.013596491888165474,0.01138174720108509,513.9078679127223
465,Matched,3.176285,Doublet,3.194352,Multiplet,0.018066999999999833,0.002186007332056761,0.00649486156180501,0.004308854229748249,197.1106943037631
465,Matched,3.536395,Quartet,3.56447,Quartet,0.02807499999999985,0.0043352884240448475,0.009425722062587738,0.0050904336385428905,117.418569207755
465,Matched,3.601095,Doublet,3.61818,Singlet,0.01708500000000024,0.002244718372821808,0.006693942006677389,0.004449223633855581,198.2085453447114
465,Missed,3.780535,Doublet,,,,,,,
465,Missed,3.912375,Doublet,,,,,,,
465,Spurious,,,0.0341799,Singlet,,,,,
465,Spurious,,,0.09684283333333332,Triplet,,,,,
465,Spurious,,,0.19043100000000002,Triplet,,,,,
465,Spurious,,,0.335695,Doublet,,,,,
465,Spurious,,,0.406903,Triplet,,,,,
465,Spurious,,,0.4992705,Doublet,,,,,
465,Spurious,,,0.539553,Singlet,,,,,
465,Spurious,,,0.610355,Singlet,,,,,
465,Spurious,,,0.6811555,Doublet,,,,,
465,Spurious,,,0.7666055,Doublet,,,,,
465,Spurious,,,0.91064925,Quartet,,,,,
465,Spurious,,,1.0246987142857145,Multiplet,,,,,
465,Spurious,,,1.214605,Doublet,,,,,
465,Spurious,,,1.384285,Quartet,,,,,
465,Spurious,,,1.441655,Doublet,,,,,
465,Spurious,,,1.511235,Doublet,,,,,
465,Spurious,,,1.6049859999999998,Multiplet,,,,,
465,Spurious,,,1.828624,Multiplet,,,,,
465,Spurious,,,1.9275,Doublet,,,,,
465,Spurious,,,1.989755,Doublet,,,,,
465,Spurious,,,2.165782,Multiplet,,,,,
465,Spurious,,,2.4458949999999997,Multiplet,,,,,
465,Spurious,,,2.5520933333333335,Triplet,,,,,
465,Spurious,,,2.63917,Singlet,,,,,
465,Spurious,,,2.70143,Doublet,,,,,
465,Spurious,,,2.7895659999999998,Multiplet,,,,,
465,Spurious,,,2.87111,Singlet,,,,,
465,Spurious,,,2.935074,Multiplet,,,,,
465,Spurious,,,3.01515,Singlet,,,,,
465,Spurious,,,3.2885900000000006,Triplet,,,,,
465,Spurious,,,3.365495,Doublet,,,,,
465,Spurious,,,3.4442325000000005,Quartet,,,,,
465,Spurious,,,3.50588,Singlet,,,,,
465,Spurious,,,3.69712,Triplet,,,,,
465,Spurious,,,3.860288333333333,Multiplet,,,,,
465,Spurious,,,4.036885,Multiplet,,,,,
465,Spurious,,,4.1797075,Quartet,,,,,
465,Spurious,,,4.313288571428571,Multiplet,,,,,
465,Spurious,,,4.477155,Multiplet,,,,,
465,Spurious,,,4.59963,Doublet,,,,,
465,Spurious,,,4.67532,Singlet,,,,,
465,Spurious,,,4.71438,Singlet,,,,,
465,Spurious,,,4.74612,Singlet,,,,,
465,Spurious,,,4.78925,Triplet,,,,,
465,Spurious,,,4.83889,Singlet,,,,,
465,Spurious,,,4.87795,Singlet,,,,,
465,Spurious,,,4.93167,Singlet,,,,,
465,Spurious,,,5.047226666666667,Multiplet,,,,,
465,Spurious,,,5.13186,Singlet,,,,,
465,Spurious,,,5.1888266666666665,Triplet,,,,,
465,Spurious,,,5.268585,Doublet,,,,,
465,Spurious,,,5.31985,Singlet,,,,,
465,Spurious,,,5.4010275,Quartet,,,,,
465,Spurious,,,5.46145,Singlet,,,,,
465,Spurious,,,5.52737,Singlet,,,,,
465,Spurious,,,5.56888,Singlet,,,,,
465,Spurious,,,5.636015,Doublet,,,,,
465,Spurious,,,5.68606,Singlet,,,,,
465,Spurious,,,5.73245,Singlet,,,,,
465,Spurious,,,5.78372,Singlet,,,,,
465,Spurious,,,5.843535,Doublet,,,,,
465,Spurious,,,5.88626,Singlet,,,,,
465,Spurious,,,5.918,Singlet,,,,,
465,Spurious,,,5.94974,Singlet,,,,,
465,Spurious,,,6.014026666666666,Triplet,,,,,
465,Spurious,,,6.1035466666666665,Triplet,,,,,
465,Spurious,,,6.165393333333334,Triplet,,,,,
465,Spurious,,,6.284212500000001,Quartet,,,,,
465,Spurious,,,6.34281,Singlet,,,,,
465,Spurious,,,6.38431,Singlet,,,,,
465,Spurious,,,6.4368,Doublet,,,,,
465,Spurious,,,6.588575,Multiplet,,,,,
465,Spurious,,,6.72025,Multiplet,,,,,
465,Spurious,,,6.826555714285715,Multiplet,,,,,
465,Spurious,,,6.90921,Singlet,,,,,
465,Spurious,,,6.94828,Singlet,,,,,
465,Spurious,,,6.98734,Doublet,,,,,
465,Spurious,,,7.03861,Singlet,,,,,
465,Spurious,,,7.136675,Multiplet,,,,,
465,Spurious,,,7.22904,Singlet,,,,,
465,Spurious,,,7.299436666666668,Multiplet,,,,,
465,Spurious,,,7.440745714285714,Multiplet,,,,,
465,Spurious,,,7.56351,Singlet,,,,,
465,Spurious,,,7.670238571428571,Multiplet,,,,,
465,Spurious,,,7.801143333333333,Triplet,,,,,
465,Spurious,,,7.91813,Quartet,,,,,
465,Spurious,,,7.991985,Doublet,,,,,
465,Spurious,,,8.08891,Multiplet,,,,,
465,Spurious,,,8.17387,Singlet,,,,,
465,Spurious,,,8.2800725,Quartet,,,,,
465,Spurious,,,8.35453,Singlet,,,,,
465,Spurious,,,8.43388,Quartet,,,,,
465,Spurious,,,8.504685,Doublet,,,,,
465,Spurious,,,8.616308888888888,Multiplet,,,,,
465,Spurious,,,8.761436666666667,Triplet,,,,,
465,Spurious,,,8.81352,Doublet,,,,,
465,Spurious,,,8.86235,Singlet,,,,,
465,Spurious,,,8.918505,Doublet,,,,,
465,Spurious,,,8.985032499999999,Quartet,,,,,
465,Spurious,,,9.14102,Multiplet,,,,,
465,Spurious,,,9.241990000000001,Doublet,,,,,
465,Spurious,,,9.2896,Singlet,,,,,
465,Spurious,,,9.35063,Singlet,,,,,
465,Spurious,,,9.386035,Doublet,,,,,
465,Spurious,,,9.425095,Doublet,,,,,
465,Spurious,,,9.46294,Singlet,,,,,
465,Spurious,,,9.50932,Singlet,,,,,
465,Spurious,,,9.57158,Doublet,,,,,
465,Spurious,,,9.670455,Doublet,,,,,
465,Spurious,,,9.714405,Doublet,,,,,
465,Spurious,,,9.78602,Triplet,,,,,
465,Spurious,,,9.87147,Triplet,,,,,
465,Spurious,,,9.966479999999999,Quartet,,,,,
466,Matched,1.32325,Singlet,1.2866266666666668,Triplet,0.03662333333333323,0.0035560685209929943,0.005423399619758129,0.0018673310987651348,52.51111129443879
466,Matched,2.86867,Singlet,2.87111,Singlet,0.0024399999999999977,0.000592913362197578,0.005301149562001228,0.00470823619980365,794.0850215203471
466,Matched,3.573423333333333,Triplet,3.56447,Quartet,0.008953333333332925,0.0023922454565763474,0.008387978188693523,0.005995732732117176,250.63200415470516
466,Matched,3.87209,Singlet,3.860288333333333,Multiplet,0.011801666666666932,0.0018034321255981922,0.005736565217375755,0.003933133091777563,218.09155087957393
466,Matched,7.03617,Singlet,7.03861,Singlet,0.0024399999999999977,0.0011855466291308403,0.00516800582408905,0.00398245919495821,335.9175503605345
466,Matched,7.21927,Singlet,7.22904,Singlet,0.0097700000000005,0.0005939661641605198,0.005222857929766178,0.004628891765605658,779.3191001288579
466,Missed,3.83547,Singlet,,,,,,,
466,Missed,3.9764599999999994,Quartet,,,,,,,
466,Missed,4.03566,Singlet,,,,,,,
466,Spurious,,,0.0341799,Singlet,,,,,
466,Spurious,,,0.09684283333333332,Triplet,,,,,
466,Spurious,,,0.19043100000000002,Triplet,,,,,
466,Spurious,,,0.335695,Doublet,,,,,
466,Spurious,,,0.406903,Triplet,,,,,
466,Spurious,,,0.4992705,Doublet,,,,,
466,Spurious,,,0.539553,Singlet,,,,,
466,Spurious,,,0.610355,Singlet,,,,,
466,Spurious,,,0.6811555,Doublet,,,,,
466,Spurious,,,0.720218,Singlet,,,,,
466,Spurious,,,0.7666055,Doublet,,,,,
466,Spurious,,,0.8361855,Doublet,,,,,
466,Spurious,,,0.91064925,Quartet,,,,,
466,Spurious,,,1.0246987142857145,Multiplet,,,,,
466,Spurious,,,1.15967,Singlet,,,,,
466,Spurious,,,1.214605,Doublet,,,,,
466,Spurious,,,1.384285,Quartet,,,,,
466,Spurious,,,1.441655,Doublet,,,,,
466,Spurious,,,1.511235,Doublet,,,,,
466,Spurious,,,1.6049859999999998,Multiplet,,,,,
466,Spurious,,,1.7285233333333334,Triplet,,,,,
466,Spurious,,,1.828624,Multiplet,,,,,
466,Spurious,,,1.9275,Doublet,,,,,
466,Spurious,,,1.989755,Doublet,,,,,
466,Spurious,,,2.165782,Multiplet,,,,,
466,Spurious,,,2.280285,Doublet,,,,,
466,Spurious,,,2.3407074999999997,Quartet,,,,,
466,Spurious,,,2.4458949999999997,Multiplet,,,,,
466,Spurious,,,2.5520933333333335,Triplet,,,,,
466,Spurious,,,2.63917,Singlet,,,,,
466,Spurious,,,2.70143,Doublet,,,,,
466,Spurious,,,2.7895659999999998,Multiplet,,,,,
466,Spurious,,,2.935074,Multiplet,,,,,
466,Spurious,,,3.01515,Singlet,,,,,
466,Spurious,,,3.194352,Multiplet,,,,,
466,Spurious,,,3.2885900000000006,Triplet,,,,,
466,Spurious,,,3.365495,Doublet,,,,,
466,Spurious,,,3.4442325000000005,Quartet,,,,,
466,Spurious,,,3.50588,Singlet,,,,,
466,Spurious,,,3.61818,Singlet,,,,,
466,Spurious,,,3.69712,Triplet,,,,,
466,Spurious,,,4.036885,Multiplet,,,,,
466,Spurious,,,4.1797075,Quartet,,,,,
466,Spurious,,,4.313288571428571,Multiplet,,,,,
466,Spurious,,,4.477155,Multiplet,,,,,
466,Spurious,,,4.59963,Doublet,,,,,
466,Spurious,,,4.67532,Singlet,,,,,
466,Spurious,,,4.71438,Singlet,,,,,
466,Spurious,,,4.74612,Singlet,,,,,
466,Spurious,,,4.78925,Triplet,,,,,
466,Spurious,,,4.83889,Singlet,,,,,
466,Spurious,,,4.87795,Singlet,,,,,
466,Spurious,,,4.93167,Singlet,,,,,
466,Spurious,,,5.047226666666667,Multiplet,,,,,
466,Spurious,,,5.13186,Singlet,,,,,
466,Spurious,,,5.1888266666666665,Triplet,,,,,
466,Spurious,,,5.268585,Doublet,,,,,
466,Spurious,,,5.31985,Singlet,,,,,
466,Spurious,,,5.4010275,Quartet,,,,,
466,Spurious,,,5.46145,Singlet,,,,,
466,Spurious,,,5.52737,Singlet,,,,,
466,Spurious,,,5.56888,Singlet,,,,,
466,Spurious,,,5.636015,Doublet,,,,,
466,Spurious,,,5.68606,Singlet,,,,,
466,Spurious,,,5.73245,Singlet,,,,,
466,Spurious,,,5.78372,Singlet,,,,,
466,Spurious,,,5.843535,Doublet,,,,,
466,Spurious,,,5.88626,Singlet,,,,,
466,Spurious,,,5.918,Singlet,,,,,
466,Spurious,,,5.94974,Singlet,,,,,
466,Spurious,,,6.014026666666666,Triplet,,,,,
466,Spurious,,,6.1035466666666665,Triplet,,,,,
466,Spurious,,,6.165393333333334,Triplet,,,,,
466,Spurious,,,6.284212500000001,Quartet,,,,,
466,Spurious,,,6.34281,Singlet,,,,,
466,Spurious,,,6.38431,Singlet,,,,,
466,Spurious,,,6.4368,Doublet,,,,,
466,Spurious,,,6.588575,Multiplet,,,,,
466,Spurious,,,6.72025,Multiplet,,,,,
466,Spurious,,,6.826555714285715,Multiplet,,,,,
466,Spurious,,,6.90921,Singlet,,,,,
466,Spurious,,,6.94828,Singlet,,,,,
466,Spurious,,,6.98734,Doublet,,,,,
466,Spurious,,,7.136675,Multiplet,,,,,
466,Spurious,,,7.299436666666668,Multiplet,,,,,
466,Spurious,,,7.440745714285714,Multiplet,,,,,
466,Spurious,,,7.56351,Singlet,,,,,
466,Spurious,,,7.670238571428571,Multiplet,,,,,
466,Spurious,,,7.801143333333333,Triplet,,,,,
466,Spurious,,,7.91813,Quartet,,,,,
466,Spurious,,,7.991985,Doublet,,,,,
466,Spurious,,,8.08891,Multiplet,,,,,
466,Spurious,,,8.17387,Singlet,,,,,
466,Spurious,,,8.2800725,Quartet,,,,,
466,Spurious,,,8.35453,Singlet,,,,,
466,Spurious,,,8.43388,Quartet,,,,,
466,Spurious,,,8.504685,Doublet,,,,,
466,Spurious,,,8.616308888888888,Multiplet,,,,,
466,Spurious,,,8.761436666666667,Triplet,,,,,
466,Spurious,,,8.81352,Doublet,,,,,
466,Spurious,,,8.86235,Singlet,,,,,
466,Spurious,,,8.918505,Doublet,,,,,
466,Spurious,,,8.985032499999999,Quartet,,,,,
466,Spurious,,,9.14102,Multiplet,,,,,
466,Spurious,,,9.241990000000001,Doublet,,,,,
466,Spurious,,,9.2896,Singlet,,,,,
466,Spurious,,,9.35063,Singlet,,,,,
466,Spurious,,,9.386035,Doublet,,,,,
466,Spurious,,,9.425095,Doublet,,,,,
466,Spurious,,,9.46294,Singlet,,,,,
466,Spurious,,,9.50932,Singlet,,,,,
466,Spurious,,,9.57158,Doublet,,,,,
466,Spurious,,,9.670455,Doublet,,,,,
466,Spurious,,,9.714405,Doublet,,,,,
466,Spurious,,,9.78602,Triplet,,,,,
466,Spurious,,,9.87147,Triplet,,,,,
466,Spurious,,,9.966479999999999,Quartet,,,,,
467,Matched,1.1877550000000001,Doublet,1.214605,Doublet,0.02684999999999982,0.002145156729966402,0.007771104574203491,0.005625947844237089,262.2627878721572
467,Matched,1.4087,Singlet,1.384285,Quartet,0.024415000000000076,0.0033485079184174538,0.005635401234030724,0.00228689331561327,68.29589092607205
467,Matched,1.700445,Doublet,1.7285233333333334,Triplet,0.028078333333333427,0.001122231362387538,0.007088023703545332,0.005965792341157794,531.6009283919512
467,Matched,1.8131599999999999,Triplet,1.828624,Multiplet,0.015464000000000144,0.0019018546445295215,0.008847798220813274,0.006945943576283753,365.2194764864395
467,Matched,1.923348,Multiplet,1.9275,Doublet,0.0041519999999999335,0.0022708955220878124,0.01039966195821762,0.008128766436129808,357.9542236560666
467,Matched,2.193372,Multiplet,2.165782,Multiplet,0.027590000000000003,0.0022877315059304237,0.010667530819773674,0.00837979931384325,366.2929540516676
467,Matched,3.98928,Singlet,4.036885,Multiplet,0.0476049999999999,0.0011154431849718094,0.005308011546730995,0.004192568361759186,375.86570237238436
467,Matched,4.27818,Triplet,4.313288571428571,Multiplet,0.03510857142857127,0.001120653934776783,0.007635719608515501,0.006515065673738718,581.3628517742561
467,Matched,4.860865,Doublet,4.87795,Singlet,0.017084999999999795,0.0011264135828241706,0.009073496796190739,0.007947083213366568,705.5208969907353
467,Matched,5.036645,Doublet,5.047226666666667,Multiplet,0.010581666666666933,0.001126356073655188,0.009371002204716206,0.008244646131061018,731.9751119471439
467,Matched,6.08401,Singlet,6.1035466666666665,Triplet,0.019536666666666314,0.0011156885884702206,0.0052672866731882095,0.004151598084717989,372.1108316085283
467,Matched,6.342805,Doublet,6.34281,Singlet,4.999999999810711e-06,0.001123296795412898,0.007771019358187914,0.006647722562775016,591.8046405831209
467,Matched,7.204625,Doublet,7.22904,Singlet,0.024415000000000298,0.0011225554626435041,0.007785914000123739,0.006663358537480235,593.5883579229753
467,Missed,0.9692435,Doublet,,,,,,,
467,Missed,2.096365,Multiplet,,,,,,,
467,Spurious,,,0.0341799,Singlet,,,,,
467,Spurious,,,0.09684283333333332,Triplet,,,,,
467,Spurious,,,0.19043100000000002,Triplet,,,,,
467,Spurious,,,0.335695,Doublet,,,,,
467,Spurious,,,0.406903,Triplet,,,,,
467,Spurious,,,0.4992705,Doublet,,,,,
467,Spurious,,,0.539553,Singlet,,,,,
467,Spurious,,,0.610355,Singlet,,,,,
467,Spurious,,,0.6811555,Doublet,,,,,
467,Spurious,,,0.720218,Singlet,,,,,
467,Spurious,,,0.7666055,Doublet,,,,,
467,Spurious,,,0.8361855,Doublet,,,,,
467,Spurious,,,0.91064925,Quartet,,,,,
467,Spurious,,,1.0246987142857145,Multiplet,,,,,
467,Spurious,,,1.15967,Singlet,,,,,
467,Spurious,,,1.2866266666666668,Triplet,,,,,
467,Spurious,,,1.441655,Doublet,,,,,
467,Spurious,,,1.511235,Doublet,,,,,
467,Spurious,,,1.6049859999999998,Multiplet,,,,,
467,Spurious,,,1.989755,Doublet,,,,,
467,Spurious,,,2.280285,Doublet,,,,,
467,Spurious,,,2.3407074999999997,Quartet,,,,,
467,Spurious,,,2.4458949999999997,Multiplet,,,,,
467,Spurious,,,2.5520933333333335,Triplet,,,,,
467,Spurious,,,2.63917,Singlet,,,,,
467,Spurious,,,2.70143,Doublet,,,,,
467,Spurious,,,2.7895659999999998,Multiplet,,,,,
467,Spurious,,,2.87111,Singlet,,,,,
467,Spurious,,,2.935074,Multiplet,,,,,
467,Spurious,,,3.01515,Singlet,,,,,
467,Spurious,,,3.194352,Multiplet,,,,,
467,Spurious,,,3.2885900000000006,Triplet,,,,,
467,Spurious,,,3.365495,Doublet,,,,,
467,Spurious,,,3.4442325000000005,Quartet,,,,,
467,Spurious,,,3.50588,Singlet,,,,,
467,Spurious,,,3.56447,Quartet,,,,,
467,Spurious,,,3.61818,Singlet,,,,,
467,Spurious,,,3.69712,Triplet,,,,,
467,Spurious,,,3.860288333333333,Multiplet,,,,,
467,Spurious,,,4.1797075,Quartet,,,,,
467,Spurious,,,4.477155,Multiplet,,,,,
467,Spurious,,,4.59963,Doublet,,,,,
467,Spurious,,,4.67532,Singlet,,,,,
467,Spurious,,,4.71438,Singlet,,,,,
467,Spurious,,,4.74612,Singlet,,,,,
467,Spurious,,,4.78925,Triplet,,,,,
467,Spurious,,,4.83889,Singlet,,,,,
467,Spurious,,,4.93167,Singlet,,,,,
467,Spurious,,,5.13186,Singlet,,,,,
467,Spurious,,,5.1888266666666665,Triplet,,,,,
467,Spurious,,,5.268585,Doublet,,,,,
467,Spurious,,,5.31985,Singlet,,,,,
467,Spurious,,,5.4010275,Quartet,,,,,
467,Spurious,,,5.46145,Singlet,,,,,
467,Spurious,,,5.52737,Singlet,,,,,
467,Spurious,,,5.56888,Singlet,,,,,
467,Spurious,,,5.636015,Doublet,,,,,
467,Spurious,,,5.68606,Singlet,,,,,
467,Spurious,,,5.73245,Singlet,,,,,
467,Spurious,,,5.78372,Singlet,,,,,
467,Spurious,,,5.843535,Doublet,,,,,
467,Spurious,,,5.88626,Singlet,,,,,
467,Spurious,,,5.918,Singlet,,,,,
467,Spurious,,,5.94974,Singlet,,,,,
467,Spurious,,,6.014026666666666,Triplet,,,,,
467,Spurious,,,6.165393333333334,Triplet,,,,,
467,Spurious,,,6.284212500000001,Quartet,,,,,
467,Spurious,,,6.38431,Singlet,,,,,
467,Spurious,,,6.4368,Doublet,,,,,
467,Spurious,,,6.588575,Multiplet,,,,,
467,Spurious,,,6.72025,Multiplet,,,,,
467,Spurious,,,6.826555714285715,Multiplet,,,,,
467,Spurious,,,6.90921,Singlet,,,,,
467,Spurious,,,6.94828,Singlet,,,,,
467,Spurious,,,6.98734,Doublet,,,,,
467,Spurious,,,7.03861,Singlet,,,,,
467,Spurious,,,7.136675,Multiplet,,,,,
467,Spurious,,,7.299436666666668,Multiplet,,,,,
467,Spurious,,,7.440745714285714,Multiplet,,,,,
467,Spurious,,,7.56351,Singlet,,,,,
467,Spurious,,,7.670238571428571,Multiplet,,,,,
467,Spurious,,,7.801143333333333,Triplet,,,,,
467,Spurious,,,7.91813,Quartet,,,,,
467,Spurious,,,7.991985,Doublet,,,,,
467,Spurious,,,8.08891,Multiplet,,,,,
467,Spurious,,,8.17387,Singlet,,,,,
467,Spurious,,,8.2800725,Quartet,,,,,
467,Spurious,,,8.35453,Singlet,,,,,
467,Spurious,,,8.43388,Quartet,,,,,
467,Spurious,,,8.504685,Doublet,,,,,
467,Spurious,,,8.616308888888888,Multiplet,,,,,
467,Spurious,,,8.761436666666667,Triplet,,,,,
467,Spurious,,,8.81352,Doublet,,,,,
467,Spurious,,,8.86235,Singlet,,,,,
467,Spurious,,,8.918505,Doublet,,,,,
467,Spurious,,,8.985032499999999,Quartet,,,,,
467,Spurious,,,9.14102,Multiplet,,,,,
467,Spurious,,,9.241990000000001,Doublet,,,,,
467,Spurious,,,9.2896,Singlet,,,,,
467,Spurious,,,9.35063,Singlet,,,,,
467,Spurious,,,9.386035,Doublet,,,,,
467,Spurious,,,9.425095,Doublet,,,,,
467,Spurious,,,9.46294,Singlet,,,,,
467,Spurious,,,9.50932,Singlet,,,,,
467,Spurious,,,9.57158,Doublet,,,,,
467,Spurious,,,9.670455,Doublet,,,,,
467,Spurious,,,9.714405,Doublet,,,,,
467,Spurious,,,9.78602,Triplet,,,,,
467,Spurious,,,9.87147,Triplet,,,,,
467,Spurious,,,9.966479999999999,Quartet,,,,,
468,Matched,1.9759233333333335,Triplet,1.989755,Doublet,0.013831666666666464,0.0015248061390593648,0.008925702422857285,0.00740089628379792,485.3663750569267
468,Matched,2.1158966666666665,Triplet,2.165782,Multiplet,0.04988533333333356,0.0017413866007700562,0.010864336974918842,0.009122950374148786,523.8900063957389
468,Matched,2.314465,Doublet,2.280285,Doublet,0.0341800000000001,0.0015657251933589578,0.008259909227490425,0.006694184034131467,427.5452718347338
468,Matched,2.382215,Quartet,2.3407074999999997,Quartet,0.04150750000000025,0.0020657475106418133,0.012307371944189072,0.010241624433547258,495.78297351379877
468,Matched,4.637475,Doublet,4.59963,Doublet,0.037844999999999906,0.00357610615901649,0.006865161936730146,0.0032890557777136564,91.97310234823178
468,Matched,6.76761,Triplet,6.72025,Multiplet,0.04736000000000029,0.0018007034668698907,0.008419269695878029,0.006618566229008138,367.5544780570115
468,Matched,6.890905,Doublet,6.90921,Singlet,0.018304999999999794,0.0035831124987453222,0.008028298616409302,0.0044451861176639795,124.05935117081935
468,Matched,7.14847,Singlet,7.136675,Multiplet,0.011794999999999334,0.003557463176548481,0.005326493643224239,0.0017690304666757584,49.727302262397714
468,Matched,7.686805,Doublet,7.670238571428571,Multiplet,0.016566428571429093,0.0018061230657622218,0.00790270697325468,0.006096583907492459,337.5508581370989
468,Matched,7.755165,Doublet,7.801143333333333,Triplet,0.04597833333333323,0.003588871331885457,0.007615290582180023,0.004026419250294566,112.19179730746262
468,Matched,9.25542,Singlet,9.241990000000001,Doublet,0.013429999999999609,0.0017783006187528372,0.005093802697956562,0.003315502079203725,186.44215967989496
468,Missed,4.386008333333333,Multiplet,,,,,,,
468,Missed,8.22758,Singlet,,,,,,,
468,Spurious,,,0.0341799,Singlet,,,,,
468,Spurious,,,0.09684283333333332,Triplet,,,,,
468,Spurious,,,0.19043100000000002,Triplet,,,,,
468,Spurious,,,0.335695,Doublet,,,,,
468,Spurious,,,0.406903,Triplet,,,,,
468,Spurious,,,0.4992705,Doublet,,,,,
468,Spurious,,,0.539553,Singlet,,,,,
468,Spurious,,,0.610355,Singlet,,,,,
468,Spurious,,,0.6811555,Doublet,,,,,
468,Spurious,,,0.720218,Singlet,,,,,
468,Spurious,,,0.7666055,Doublet,,,,,
468,Spurious,,,0.8361855,Doublet,,,,,
468,Spurious,,,0.91064925,Quartet,,,,,
468,Spurious,,,1.0246987142857145,Multiplet,,,,,
468,Spurious,,,1.15967,Singlet,,,,,
468,Spurious,,,1.214605,Doublet,,,,,
468,Spurious,,,1.2866266666666668,Triplet,,,,,
468,Spurious,,,1.384285,Quartet,,,,,
468,Spurious,,,1.441655,Doublet,,,,,
468,Spurious,,,1.511235,Doublet,,,,,
468,Spurious,,,1.6049859999999998,Multiplet,,,,,
468,Spurious,,,1.7285233333333334,Triplet,,,,,
468,Spurious,,,1.828624,Multiplet,,,,,
468,Spurious,,,1.9275,Doublet,,,,,
468,Spurious,,,2.4458949999999997,Multiplet,,,,,
468,Spurious,,,2.5520933333333335,Triplet,,,,,
468,Spurious,,,2.63917,Singlet,,,,,
468,Spurious,,,2.70143,Doublet,,,,,
468,Spurious,,,2.7895659999999998,Multiplet,,,,,
468,Spurious,,,2.87111,Singlet,,,,,
468,Spurious,,,2.935074,Multiplet,,,,,
468,Spurious,,,3.01515,Singlet,,,,,
468,Spurious,,,3.194352,Multiplet,,,,,
468,Spurious,,,3.2885900000000006,Triplet,,,,,
468,Spurious,,,3.365495,Doublet,,,,,
468,Spurious,,,3.4442325000000005,Quartet,,,,,
468,Spurious,,,3.50588,Singlet,,,,,
468,Spurious,,,3.56447,Quartet,,,,,
468,Spurious,,,3.61818,Singlet,,,,,
468,Spurious,,,3.69712,Triplet,,,,,
468,Spurious,,,3.860288333333333,Multiplet,,,,,
468,Spurious,,,4.036885,Multiplet,,,,,
468,Spurious,,,4.1797075,Quartet,,,,,
468,Spurious,,,4.313288571428571,Multiplet,,,,,
468,Spurious,,,4.477155,Multiplet,,,,,
468,Spurious,,,4.67532,Singlet,,,,,
468,Spurious,,,4.71438,Singlet,,,,,
468,Spurious,,,4.74612,Singlet,,,,,
468,Spurious,,,4.78925,Triplet,,,,,
468,Spurious,,,4.83889,Singlet,,,,,
468,Spurious,,,4.87795,Singlet,,,,,
468,Spurious,,,4.93167,Singlet,,,,,
468,Spurious,,,5.047226666666667,Multiplet,,,,,
468,Spurious,,,5.13186,Singlet,,,,,
468,Spurious,,,5.1888266666666665,Triplet,,,,,
468,Spurious,,,5.268585,Doublet,,,,,
468,Spurious,,,5.31985,Singlet,,,,,
468,Spurious,,,5.4010275,Quartet,,,,,
468,Spurious,,,5.46145,Singlet,,,,,
468,Spurious,,,5.52737,Singlet,,,,,
468,Spurious,,,5.56888,Singlet,,,,,
468,Spurious,,,5.636015,Doublet,,,,,
468,Spurious,,,5.68606,Singlet,,,,,
468,Spurious,,,5.73245,Singlet,,,,,
468,Spurious,,,5.78372,Singlet,,,,,
468,Spurious,,,5.843535,Doublet,,,,,
468,Spurious,,,5.88626,Singlet,,,,,
468,Spurious,,,5.918,Singlet,,,,,
468,Spurious,,,5.94974,Singlet,,,,,
468,Spurious,,,6.014026666666666,Triplet,,,,,
468,Spurious,,,6.1035466666666665,Triplet,,,,,
468,Spurious,,,6.165393333333334,Triplet,,,,,
468,Spurious,,,6.284212500000001,Quartet,,,,,
468,Spurious,,,6.34281,Singlet,,,,,
468,Spurious,,,6.38431,Singlet,,,,,
468,Spurious,,,6.4368,Doublet,,,,,
468,Spurious,,,6.588575,Multiplet,,,,,
468,Spurious,,,6.826555714285715,Multiplet,,,,,
468,Spurious,,,6.94828,Singlet,,,,,
468,Spurious,,,6.98734,Doublet,,,,,
468,Spurious,,,7.03861,Singlet,,,,,
468,Spurious,,,7.22904,Singlet,,,,,
468,Spurious,,,7.299436666666668,Multiplet,,,,,
468,Spurious,,,7.440745714285714,Multiplet,,,,,
468,Spurious,,,7.56351,Singlet,,,,,
468,Spurious,,,7.91813,Quartet,,,,,
468,Spurious,,,7.991985,Doublet,,,,,
468,Spurious,,,8.08891,Multiplet,,,,,
468,Spurious,,,8.17387,Singlet,,,,,
468,Spurious,,,8.2800725,Quartet,,,,,
468,Spurious,,,8.35453,Singlet,,,,,
468,Spurious,,,8.43388,Quartet,,,,,
468,Spurious,,,8.504685,Doublet,,,,,
468,Spurious,,,8.616308888888888,Multiplet,,,,,
468,Spurious,,,8.761436666666667,Triplet,,,,,
468,Spurious,,,8.81352,Doublet,,,,,
468,Spurious,,,8.86235,Singlet,,,,,
468,Spurious,,,8.918505,Doublet,,,,,
468,Spurious,,,8.985032499999999,Quartet,,,,,
468,Spurious,,,9.14102,Multiplet,,,,,
468,Spurious,,,9.2896,Singlet,,,,,
468,Spurious,,,9.35063,Singlet,,,,,
468,Spurious,,,9.386035,Doublet,,,,,
468,Spurious,,,9.425095,Doublet,,,,,
468,Spurious,,,9.46294,Singlet,,,,,
468,Spurious,,,9.50932,Singlet,,,,,
468,Spurious,,,9.57158,Doublet,,,,,
468,Spurious,,,9.670455,Doublet,,,,,
468,Spurious,,,9.714405,Doublet,,,,,
468,Spurious,,,9.78602,Triplet,,,,,
468,Spurious,,,9.87147,Triplet,,,,,
468,Spurious,,,9.966479999999999,Quartet,,,,,
469,Matched,1.34522,Singlet,1.384285,Quartet,0.039064999999999905,0.0035650869831442833,0.005373331718146801,0.0018082447350025177,50.72091490479451
469,Matched,1.41114,Singlet,1.441655,Doublet,0.030514999999999848,0.0035649968776851892,0.005612052045762539,0.0020470551680773497,57.4209526210451
469,Matched,4.04543,Doublet,4.036885,Multiplet,0.008544999999999803,0.0007084091193974018,0.0066954451613128185,0.005987036041915417,845.1381945800196
469,Matched,4.61916,Singlet,4.59963,Doublet,0.019529999999999603,0.0002491810009814799,0.005153830163180828,0.004904649162199348,1968.3078336152446
469,Matched,5.43216,Singlet,5.46145,Singlet,0.029290000000000482,0.00039548048516735435,0.0053235264495015144,0.00492804596433416,1246.0908057824327
469,Matched,6.05716,Singlet,6.014026666666666,Triplet,0.04313333333333347,0.00039178295992314816,0.005261892452836037,0.0048701094929128885,1243.0631219561478
469,Matched,6.78958,Singlet,6.826555714285715,Multiplet,0.036975714285715,0.00039573467802256346,0.005219021812081337,0.0048232871340587735,1218.8184159548853
469,Matched,7.346230000000001,Triplet,7.299436666666668,Multiplet,0.046793333333333464,0.0015977483708411455,0.010190189816057682,0.008592441445216537,537.7843972197567
469,Spurious,,,0.0341799,Singlet,,,,,
469,Spurious,,,0.09684283333333332,Triplet,,,,,
469,Spurious,,,0.19043100000000002,Triplet,,,,,
469,Spurious,,,0.335695,Doublet,,,,,
469,Spurious,,,0.406903,Triplet,,,,,
469,Spurious,,,0.4992705,Doublet,,,,,
469,Spurious,,,0.539553,Singlet,,,,,
469,Spurious,,,0.610355,Singlet,,,,,
469,Spurious,,,0.6811555,Doublet,,,,,
469,Spurious,,,0.720218,Singlet,,,,,
469,Spurious,,,0.7666055,Doublet,,,,,
469,Spurious,,,0.8361855,Doublet,,,,,
469,Spurious,,,0.91064925,Quartet,,,,,
469,Spurious,,,1.0246987142857145,Multiplet,,,,,
469,Spurious,,,1.15967,Singlet,,,,,
469,Spurious,,,1.214605,Doublet,,,,,
469,Spurious,,,1.2866266666666668,Triplet,,,,,
469,Spurious,,,1.511235,Doublet,,,,,
469,Spurious,,,1.6049859999999998,Multiplet,,,,,
469,Spurious,,,1.7285233333333334,Triplet,,,,,
469,Spurious,,,1.828624,Multiplet,,,,,
469,Spurious,,,1.9275,Doublet,,,,,
469,Spurious,,,1.989755,Doublet,,,,,
469,Spurious,,,2.165782,Multiplet,,,,,
469,Spurious,,,2.280285,Doublet,,,,,
469,Spurious,,,2.3407074999999997,Quartet,,,,,
469,Spurious,,,2.4458949999999997,Multiplet,,,,,
469,Spurious,,,2.5520933333333335,Triplet,,,,,
469,Spurious,,,2.63917,Singlet,,,,,
469,Spurious,,,2.70143,Doublet,,,,,
469,Spurious,,,2.7895659999999998,Multiplet,,,,,
469,Spurious,,,2.87111,Singlet,,,,,
469,Spurious,,,2.935074,Multiplet,,,,,
469,Spurious,,,3.01515,Singlet,,,,,
469,Spurious,,,3.194352,Multiplet,,,,,
469,Spurious,,,3.2885900000000006,Triplet,,,,,
469,Spurious,,,3.365495,Doublet,,,,,
469,Spurious,,,3.4442325000000005,Quartet,,,,,
469,Spurious,,,3.50588,Singlet,,,,,
469,Spurious,,,3.56447,Quartet,,,,,
469,Spurious,,,3.61818,Singlet,,,,,
469,Spurious,,,3.69712,Triplet,,,,,
469,Spurious,,,3.860288333333333,Multiplet,,,,,
469,Spurious,,,4.1797075,Quartet,,,,,
469,Spurious,,,4.313288571428571,Multiplet,,,,,
469,Spurious,,,4.477155,Multiplet,,,,,
469,Spurious,,,4.67532,Singlet,,,,,
469,Spurious,,,4.71438,Singlet,,,,,
469,Spurious,,,4.74612,Singlet,,,,,
469,Spurious,,,4.78925,Triplet,,,,,
469,Spurious,,,4.83889,Singlet,,,,,
469,Spurious,,,4.87795,Singlet,,,,,
469,Spurious,,,4.93167,Singlet,,,,,
469,Spurious,,,5.047226666666667,Multiplet,,,,,
469,Spurious,,,5.13186,Singlet,,,,,
469,Spurious,,,5.1888266666666665,Triplet,,,,,
469,Spurious,,,5.268585,Doublet,,,,,
469,Spurious,,,5.31985,Singlet,,,,,
469,Spurious,,,5.4010275,Quartet,,,,,
469,Spurious,,,5.52737,Singlet,,,,,
469,Spurious,,,5.56888,Singlet,,,,,
469,Spurious,,,5.636015,Doublet,,,,,
469,Spurious,,,5.68606,Singlet,,,,,
469,Spurious,,,5.73245,Singlet,,,,,
469,Spurious,,,5.78372,Singlet,,,,,
469,Spurious,,,5.843535,Doublet,,,,,
469,Spurious,,,5.88626,Singlet,,,,,
469,Spurious,,,5.918,Singlet,,,,,
469,Spurious,,,5.94974,Singlet,,,,,
469,Spurious,,,6.1035466666666665,Triplet,,,,,
469,Spurious,,,6.165393333333334,Triplet,,,,,
469,Spurious,,,6.284212500000001,Quartet,,,,,
469,Spurious,,,6.34281,Singlet,,,,,
469,Spurious,,,6.38431,Singlet,,,,,
469,Spurious,,,6.4368,Doublet,,,,,
469,Spurious,,,6.588575,Multiplet,,,,,
469,Spurious,,,6.72025,Multiplet,,,,,
469,Spurious,,,6.90921,Singlet,,,,,
469,Spurious,,,6.94828,Singlet,,,,,
469,Spurious,,,6.98734,Doublet,,,,,
469,Spurious,,,7.03861,Singlet,,,,,
469,Spurious,,,7.136675,Multiplet,,,,,
469,Spurious,,,7.22904,Singlet,,,,,
469,Spurious,,,7.440745714285714,Multiplet,,,,,
469,Spurious,,,7.56351,Singlet,,,,,
469,Spurious,,,7.670238571428571,Multiplet,,,,,
469,Spurious,,,7.801143333333333,Triplet,,,,,
469,Spurious,,,7.91813,Quartet,,,,,
469,Spurious,,,7.991985,Doublet,,,,,
469,Spurious,,,8.08891,Multiplet,,,,,
469,Spurious,,,8.17387,Singlet,,,,,
469,Spurious,,,8.2800725,Quartet,,,,,
469,Spurious,,,8.35453,Singlet,,,,,
469,Spurious,,,8.43388,Quartet,,,,,
469,Spurious,,,8.504685,Doublet,,,,,
469,Spurious,,,8.616308888888888,Multiplet,,,,,
469,Spurious,,,8.761436666666667,Triplet,,,,,
469,Spurious,,,8.81352,Doublet,,,,,
469,Spurious,,,8.86235,Singlet,,,,,
469,Spurious,,,8.918505,Doublet,,,,,
469,Spurious,,,8.985032499999999,Quartet,,,,,
469,Spurious,,,9.14102,Multiplet,,,,,
469,Spurious,,,9.241990000000001,Doublet,,,,,
469,Spurious,,,9.2896,Singlet,,,,,
469,Spurious,,,9.35063,Singlet,,,,,
469,Spurious,,,9.386035,Doublet,,,,,
469,Spurious,,,9.425095,Doublet,,,,,
469,Spurious,,,9.46294,Singlet,,,,,
469,Spurious,,,9.50932,Singlet,,,,,
469,Spurious,,,9.57158,Doublet,,,,,
469,Spurious,,,9.670455,Doublet,,,,,
469,Spurious,,,9.714405,Doublet,,,,,
469,Spurious,,,9.78602,Triplet,,,,,
469,Spurious,,,9.87147,Triplet,,,,,
469,Spurious,,,9.966479999999999,Quartet,,,,,
470,Matched,3.0371249999999996,Quartet,3.01515,Singlet,0.02197499999999941,0.0022899487521499395,0.01048203557729721,0.008192086825147271,357.741055010775
470,Matched,3.2647874999999997,Quartet,3.2885900000000006,Triplet,0.023802500000000837,0.0022930046543478966,0.010950234718620777,0.00865723006427288,377.5496071435099
470,Matched,3.4448400000000006,Triplet,3.4442325000000005,Quartet,0.0006075000000000941,0.0022749134805053473,0.008553711697459221,0.006278798216953874,276.0016269084267
470,Matched,7.55863,Singlet,7.56351,Singlet,0.0048799999999999955,0.004524457734078169,0.005674503277987242,0.0011500455439090729,25.41841722261967
470,Matched,7.9285049999999995,Doublet,7.91813,Quartet,0.010374999999999801,0.004550504498183727,0.007248442154377699,0.0026979376561939716,59.28875924132846
470,Missed,6.49906,Singlet,,,,,,,
470,Missed,7.7393,Singlet,,,,,,,
470,Spurious,,,0.0341799,Singlet,,,,,
470,Spurious,,,0.09684283333333332,Triplet,,,,,
470,Spurious,,,0.19043100000000002,Triplet,,,,,
470,Spurious,,,0.335695,Doublet,,,,,
470,Spurious,,,0.406903,Triplet,,,,,
470,Spurious,,,0.4992705,Doublet,,,,,
470,Spurious,,,0.539553,Singlet,,,,,
470,Spurious,,,0.610355,Singlet,,,,,
470,Spurious,,,0.6811555,Doublet,,,,,
470,Spurious,,,0.720218,Singlet,,,,,
470,Spurious,,,0.7666055,Doublet,,,,,
470,Spurious,,,0.8361855,Doublet,,,,,
470,Spurious,,,0.91064925,Quartet,,,,,
470,Spurious,,,1.0246987142857145,Multiplet,,,,,
470,Spurious,,,1.15967,Singlet,,,,,
470,Spurious,,,1.214605,Doublet,,,,,
470,Spurious,,,1.2866266666666668,Triplet,,,,,
470,Spurious,,,1.384285,Quartet,,,,,
470,Spurious,,,1.441655,Doublet,,,,,
470,Spurious,,,1.511235,Doublet,,,,,
470,Spurious,,,1.6049859999999998,Multiplet,,,,,
470,Spurious,,,1.7285233333333334,Triplet,,,,,
470,Spurious,,,1.828624,Multiplet,,,,,
470,Spurious,,,1.9275,Doublet,,,,,
470,Spurious,,,1.989755,Doublet,,,,,
470,Spurious,,,2.165782,Multiplet,,,,,
470,Spurious,,,2.280285,Doublet,,,,,
470,Spurious,,,2.3407074999999997,Quartet,,,,,
470,Spurious,,,2.4458949999999997,Multiplet,,,,,
470,Spurious,,,2.5520933333333335,Triplet,,,,,
470,Spurious,,,2.63917,Singlet,,,,,
470,Spurious,,,2.70143,Doublet,,,,,
470,Spurious,,,2.7895659999999998,Multiplet,,,,,
470,Spurious,,,2.87111,Singlet,,,,,
470,Spurious,,,2.935074,Multiplet,,,,,
470,Spurious,,,3.194352,Multiplet,,,,,
470,Spurious,,,3.365495,Doublet,,,,,
470,Spurious,,,3.50588,Singlet,,,,,
470,Spurious,,,3.56447,Quartet,,,,,
470,Spurious,,,3.61818,Singlet,,,,,
470,Spurious,,,3.69712,Triplet,,,,,
470,Spurious,,,3.860288333333333,Multiplet,,,,,
470,Spurious,,,4.036885,Multiplet,,,,,
470,Spurious,,,4.1797075,Quartet,,,,,
470,Spurious,,,4.313288571428571,Multiplet,,,,,
470,Spurious,,,4.477155,Multiplet,,,,,
470,Spurious,,,4.59963,Doublet,,,,,
470,Spurious,,,4.67532,Singlet,,,,,
470,Spurious,,,4.71438,Singlet,,,,,
470,Spurious,,,4.74612,Singlet,,,,,
470,Spurious,,,4.78925,Triplet,,,,,
470,Spurious,,,4.83889,Singlet,,,,,
470,Spurious,,,4.87795,Singlet,,,,,
470,Spurious,,,4.93167,Singlet,,,,,
470,Spurious,,,5.047226666666667,Multiplet,,,,,
470,Spurious,,,5.13186,Singlet,,,,,
470,Spurious,,,5.1888266666666665,Triplet,,,,,
470,Spurious,,,5.268585,Doublet,,,,,
470,Spurious,,,5.31985,Singlet,,,,,
470,Spurious,,,5.4010275,Quartet,,,,,
470,Spurious,,,5.46145,Singlet,,,,,
470,Spurious,,,5.52737,Singlet,,,,,
470,Spurious,,,5.56888,Singlet,,,,,
470,Spurious,,,5.636015,Doublet,,,,,
470,Spurious,,,5.68606,Singlet,,,,,
470,Spurious,,,5.73245,Singlet,,,,,
470,Spurious,,,5.78372,Singlet,,,,,
470,Spurious,,,5.843535,Doublet,,,,,
470,Spurious,,,5.88626,Singlet,,,,,
470,Spurious,,,5.918,Singlet,,,,,
470,Spurious,,,5.94974,Singlet,,,,,
470,Spurious,,,6.014026666666666,Triplet,,,,,
470,Spurious,,,6.1035466666666665,Triplet,,,,,
470,Spurious,,,6.165393333333334,Triplet,,,,,
470,Spurious,,,6.284212500000001,Quartet,,,,,
470,Spurious,,,6.34281,Singlet,,,,,
470,Spurious,,,6.38431,Singlet,,,,,
470,Spurious,,,6.4368,Doublet,,,,,
470,Spurious,,,6.588575,Multiplet,,,,,
470,Spurious,,,6.72025,Multiplet,,,,,
470,Spurious,,,6.826555714285715,Multiplet,,,,,
470,Spurious,,,6.90921,Singlet,,,,,
470,Spurious,,,6.94828,Singlet,,,,,
470,Spurious,,,6.98734,Doublet,,,,,
470,Spurious,,,7.03861,Singlet,,,,,
470,Spurious,,,7.136675,Multiplet,,,,,
470,Spurious,,,7.22904,Singlet,,,,,
470,Spurious,,,7.299436666666668,Multiplet,,,,,
470,Spurious,,,7.440745714285714,Multiplet,,,,,
470,Spurious,,,7.670238571428571,Multiplet,,,,,
470,Spurious,,,7.801143333333333,Triplet,,,,,
470,Spurious,,,7.991985,Doublet,,,,,
470,Spurious,,,8.08891,Multiplet,,,,,
470,Spurious,,,8.17387,Singlet,,,,,
470,Spurious,,,8.2800725,Quartet,,,,,
470,Spurious,,,8.35453,Singlet,,,,,
470,Spurious,,,8.43388,Quartet,,,,,
470,Spurious,,,8.504685,Doublet,,,,,
470,Spurious,,,8.616308888888888,Multiplet,,,,,
470,Spurious,,,8.761436666666667,Triplet,,,,,
470,Spurious,,,8.81352,Doublet,,,,,
470,Spurious,,,8.86235,Singlet,,,,,
470,Spurious,,,8.918505,Doublet,,,,,
470,Spurious,,,8.985032499999999,Quartet,,,,,
470,Spurious,,,9.14102,Multiplet,,,,,
470,Spurious,,,9.241990000000001,Doublet,,,,,
470,Spurious,,,9.2896,Singlet,,,,,
470,Spurious,,,9.35063,Singlet,,,,,
470,Spurious,,,9.386035,Doublet,,,,,
470,Spurious,,,9.425095,Doublet,,,,,
470,Spurious,,,9.46294,Singlet,,,,,
470,Spurious,,,9.50932,Singlet,,,,,
470,Spurious,,,9.57158,Doublet,,,,,
470,Spurious,,,9.670455,Doublet,,,,,
470,Spurious,,,9.714405,Doublet,,,,,
470,Spurious,,,9.78602,Triplet,,,,,
470,Spurious,,,9.87147,Triplet,,,,,
470,Spurious,,,9.966479999999999,Quartet,,,,,
471,Matched,0.9448289999999999,Quartet,0.91064925,Quartet,0.03417974999999995,0.010811042971909046,0.012671289034187794,0.0018602460622787476,17.206906559453437
471,Matched,1.04004,Singlet,1.0246987142857145,Multiplet,0.015341285714285613,0.00357743538916111,0.005422032903879881,0.001844597514718771,51.562007808932634
471,Matched,1.21338,Singlet,1.214605,Doublet,0.0012250000000000316,0.0009837428806349635,0.005614410154521465,0.004630667273886502,470.71926669472884
471,Matched,1.33985,Multiplet,1.384285,Quartet,0.044435,0.002306149108335376,0.011585656553506851,0.009279507445171475,402.38106944739616
471,Matched,1.5226316666666666,Multiplet,1.511235,Doublet,0.0113966666666665,0.007065300364047289,0.020365597680211067,0.013300297316163778,188.24815125828326
471,Matched,1.8186350000000002,Multiplet,1.828624,Multiplet,0.009988999999999804,0.010668340139091015,0.03925778344273567,0.028589443303644657,267.98398748917833
471,Matched,2.3193475,Quartet,2.3407074999999997,Quartet,0.0213599999999996,0.002007473027333617,0.010057740844786167,0.00805026781745255,401.0149928711692
471,Matched,2.556165,Doublet,2.5520933333333335,Triplet,0.004071666666666474,0.0008000119705684483,0.0065555754117667675,0.005755563441198319,719.4346650974117
471,Matched,3.3891760000000004,Multiplet,3.365495,Doublet,0.023681000000000285,0.0024013835936784744,0.010504739359021187,0.008103355765342712,337.4452872366748
471,Matched,3.624285,Quartet,3.61818,Singlet,0.006104999999999805,0.0023710248060524464,0.009603320620954037,0.00723229581490159,305.02826442135563
471,Matched,3.68166,Doublet,3.69712,Triplet,0.01546000000000003,0.0012570538092404604,0.00659374101087451,0.005336687201634049,424.53928084897126
471,Matched,3.88918,Doublet,3.860288333333333,Multiplet,0.028891666666666982,0.0012373464414849877,0.0071457745507359505,0.005908428109250963,477.50798896386914
471,Matched,5.35159,Doublet,5.31985,Singlet,0.0317400000000001,0.0011924314312636852,0.007028276100754738,0.005835844669491053,489.4071488292192
471,Missed,2.0568950000000004,Quartet,,,,,,,
471,Missed,3.92824,Singlet,,,,,,,
471,Spurious,,,0.0341799,Singlet,,,,,
471,Spurious,,,0.09684283333333332,Triplet,,,,,
471,Spurious,,,0.19043100000000002,Triplet,,,,,
471,Spurious,,,0.335695,Doublet,,,,,
471,Spurious,,,0.406903,Triplet,,,,,
471,Spurious,,,0.4992705,Doublet,,,,,
471,Spurious,,,0.539553,Singlet,,,,,
471,Spurious,,,0.610355,Singlet,,,,,
471,Spurious,,,0.6811555,Doublet,,,,,
471,Spurious,,,0.720218,Singlet,,,,,
471,Spurious,,,0.7666055,Doublet,,,,,
471,Spurious,,,0.8361855,Doublet,,,,,
471,Spurious,,,1.15967,Singlet,,,,,
471,Spurious,,,1.2866266666666668,Triplet,,,,,
471,Spurious,,,1.441655,Doublet,,,,,
471,Spurious,,,1.6049859999999998,Multiplet,,,,,
471,Spurious,,,1.7285233333333334,Triplet,,,,,
471,Spurious,,,1.9275,Doublet,,,,,
471,Spurious,,,1.989755,Doublet,,,,,
471,Spurious,,,2.165782,Multiplet,,,,,
471,Spurious,,,2.280285,Doublet,,,,,
471,Spurious,,,2.4458949999999997,Multiplet,,,,,
471,Spurious,,,2.63917,Singlet,,,,,
471,Spurious,,,2.70143,Doublet,,,,,
471,Spurious,,,2.7895659999999998,Multiplet,,,,,
471,Spurious,,,2.87111,Singlet,,,,,
471,Spurious,,,2.935074,Multiplet,,,,,
471,Spurious,,,3.01515,Singlet,,,,,
471,Spurious,,,3.194352,Multiplet,,,,,
471,Spurious,,,3.2885900000000006,Triplet,,,,,
471,Spurious,,,3.4442325000000005,Quartet,,,,,
471,Spurious,,,3.50588,Singlet,,,,,
471,Spurious,,,3.56447,Quartet,,,,,
471,Spurious,,,4.036885,Multiplet,,,,,
471,Spurious,,,4.1797075,Quartet,,,,,
471,Spurious,,,4.313288571428571,Multiplet,,,,,
471,Spurious,,,4.477155,Multiplet,,,,,
471,Spurious,,,4.59963,Doublet,,,,,
471,Spurious,,,4.67532,Singlet,,,,,
471,Spurious,,,4.71438,Singlet,,,,,
471,Spurious,,,4.74612,Singlet,,,,,
471,Spurious,,,4.78925,Triplet,,,,,
471,Spurious,,,4.83889,Singlet,,,,,
471,Spurious,,,4.87795,Singlet,,,,,
471,Spurious,,,4.93167,Singlet,,,,,
471,Spurious,,,5.047226666666667,Multiplet,,,,,
471,Spurious,,,5.13186,Singlet,,,,,
471,Spurious,,,5.1888266666666665,Triplet,,,,,
471,Spurious,,,5.268585,Doublet,,,,,
471,Spurious,,,5.4010275,Quartet,,,,,
471,Spurious,,,5.46145,Singlet,,,,,
471,Spurious,,,5.52737,Singlet,,,,,
471,Spurious,,,5.56888,Singlet,,,,,
471,Spurious,,,5.636015,Doublet,,,,,
471,Spurious,,,5.68606,Singlet,,,,,
471,Spurious,,,5.73245,Singlet,,,,,
471,Spurious,,,5.78372,Singlet,,,,,
471,Spurious,,,5.843535,Doublet,,,,,
471,Spurious,,,5.88626,Singlet,,,,,
471,Spurious,,,5.918,Singlet,,,,,
471,Spurious,,,5.94974,Singlet,,,,,
471,Spurious,,,6.014026666666666,Triplet,,,,,
471,Spurious,,,6.1035466666666665,Triplet,,,,,
471,Spurious,,,6.165393333333334,Triplet,,,,,
471,Spurious,,,6.284212500000001,Quartet,,,,,
471,Spurious,,,6.34281,Singlet,,,,,
471,Spurious,,,6.38431,Singlet,,,,,
471,Spurious,,,6.4368,Doublet,,,,,
471,Spurious,,,6.588575,Multiplet,,,,,
471,Spurious,,,6.72025,Multiplet,,,,,
471,Spurious,,,6.826555714285715,Multiplet,,,,,
471,Spurious,,,6.90921,Singlet,,,,,
471,Spurious,,,6.94828,Singlet,,,,,
471,Spurious,,,6.98734,Doublet,,,,,
471,Spurious,,,7.03861,Singlet,,,,,
471,Spurious,,,7.136675,Multiplet,,,,,
471,Spurious,,,7.22904,Singlet,,,,,
471,Spurious,,,7.299436666666668,Multiplet,,,,,
471,Spurious,,,7.440745714285714,Multiplet,,,,,
471,Spurious,,,7.56351,Singlet,,,,,
471,Spurious,,,7.670238571428571,Multiplet,,,,,
471,Spurious,,,7.801143333333333,Triplet,,,,,
471,Spurious,,,7.91813,Quartet,,,,,
471,Spurious,,,7.991985,Doublet,,,,,
471,Spurious,,,8.08891,Multiplet,,,,,
471,Spurious,,,8.17387,Singlet,,,,,
471,Spurious,,,8.2800725,Quartet,,,,,
471,Spurious,,,8.35453,Singlet,,,,,
471,Spurious,,,8.43388,Quartet,,,,,
471,Spurious,,,8.504685,Doublet,,,,,
471,Spurious,,,8.616308888888888,Multiplet,,,,,
471,Spurious,,,8.761436666666667,Triplet,,,,,
471,Spurious,,,8.81352,Doublet,,,,,
471,Spurious,,,8.86235,Singlet,,,,,
471,Spurious,,,8.918505,Doublet,,,,,
471,Spurious,,,8.985032499999999,Quartet,,,,,
471,Spurious,,,9.14102,Multiplet,,,,,
471,Spurious,,,9.241990000000001,Doublet,,,,,
471,Spurious,,,9.2896,Singlet,,,,,
471,Spurious,,,9.35063,Singlet,,,,,
471,Spurious,,,9.386035,Doublet,,,,,
471,Spurious,,,9.425095,Doublet,,,,,
471,Spurious,,,9.46294,Singlet,,,,,
471,Spurious,,,9.50932,Singlet,,,,,
471,Spurious,,,9.57158,Doublet,,,,,
471,Spurious,,,9.670455,Doublet,,,,,
471,Spurious,,,9.714405,Doublet,,,,,
471,Spurious,,,9.78602,Triplet,,,,,
471,Spurious,,,9.87147,Triplet,,,,,
471,Spurious,,,9.966479999999999,Quartet,,,,,
472,Matched,0.793461,Singlet,0.7666055,Doublet,0.02685549999999992,0.006248852703720331,0.005272344686090946,0.000976508017629385,15.626996889333125
472,Matched,0.8483925,Doublet,0.8361855,Doublet,0.012206999999999968,0.006302936468273401,0.007221527863293886,0.0009185913950204849,14.574022753431304
472,Matched,1.5177074999999998,Multiplet,1.511235,Doublet,0.006472499999999659,0.016893431544303894,0.031018143519759178,0.014124711975455284,83.61067399724266
472,Matched,1.7590414285714289,Multiplet,1.7285233333333334,Triplet,0.030518095238095455,0.012475884519517422,0.02150479145348072,0.009028906933963299,72.37087614780636
472,Matched,1.9267227272727276,Multiplet,1.9275,Doublet,0.000777272727272349,0.008432293310761452,0.020024996250867844,0.011592702940106392,137.47983511569225
472,Matched,2.2448833333333336,Multiplet,2.280285,Doublet,0.035401666666666554,0.006062670610845089,0.012380814179778099,0.00631814356893301,104.21386835087038
472,Matched,2.5225950000000004,Quartet,2.5520933333333335,Triplet,0.029498333333333182,0.002101510064676404,0.010924458503723145,0.00882294843904674,419.8385050516197
472,Matched,3.386246,Multiplet,3.365495,Doublet,0.020750999999999742,0.004206362646073103,0.011142667382955551,0.006936304736882448,164.900302720164
472,Matched,3.4900075,Quartet,3.50588,Singlet,0.015872499999999956,0.002161214128136635,0.009510823525488377,0.007349609397351742,340.0685430318032
472,Matched,3.5528750000000002,Quartet,3.56447,Quartet,0.0115949999999998,0.0021146386861801147,0.009803988970816135,0.007689350284636021,363.6247806723933
472,Matched,5.344265,Doublet,5.31985,Singlet,0.024415000000000298,0.002072946634143591,0.00642732810229063,0.004354381468147039,210.05757680520279
472,Missed,0.972092,Multiplet,,,,,,,
472,Missed,2.0414316666666665,Multiplet,,,,,,,
472,Missed,4.398215,Quartet,,,,,,,
472,Spurious,,,0.0341799,Singlet,,,,,
472,Spurious,,,0.09684283333333332,Triplet,,,,,
472,Spurious,,,0.19043100000000002,Triplet,,,,,
472,Spurious,,,0.335695,Doublet,,,,,
472,Spurious,,,0.406903,Triplet,,,,,
472,Spurious,,,0.4992705,Doublet,,,,,
472,Spurious,,,0.539553,Singlet,,,,,
472,Spurious,,,0.610355,Singlet,,,,,
472,Spurious,,,0.6811555,Doublet,,,,,
472,Spurious,,,0.720218,Singlet,,,,,
472,Spurious,,,0.91064925,Quartet,,,,,
472,Spurious,,,1.0246987142857145,Multiplet,,,,,
472,Spurious,,,1.15967,Singlet,,,,,
472,Spurious,,,1.214605,Doublet,,,,,
472,Spurious,,,1.2866266666666668,Triplet,,,,,
472,Spurious,,,1.384285,Quartet,,,,,
472,Spurious,,,1.441655,Doublet,,,,,
472,Spurious,,,1.6049859999999998,Multiplet,,,,,
472,Spurious,,,1.828624,Multiplet,,,,,
472,Spurious,,,1.989755,Doublet,,,,,
472,Spurious,,,2.165782,Multiplet,,,,,
472,Spurious,,,2.3407074999999997,Quartet,,,,,
472,Spurious,,,2.4458949999999997,Multiplet,,,,,
472,Spurious,,,2.63917,Singlet,,,,,
472,Spurious,,,2.70143,Doublet,,,,,
472,Spurious,,,2.7895659999999998,Multiplet,,,,,
472,Spurious,,,2.87111,Singlet,,,,,
472,Spurious,,,2.935074,Multiplet,,,,,
472,Spurious,,,3.01515,Singlet,,,,,
472,Spurious,,,3.194352,Multiplet,,,,,
472,Spurious,,,3.2885900000000006,Triplet,,,,,
472,Spurious,,,3.4442325000000005,Quartet,,,,,
472,Spurious,,,3.61818,Singlet,,,,,
472,Spurious,,,3.69712,Triplet,,,,,
472,Spurious,,,3.860288333333333,Multiplet,,,,,
472,Spurious,,,4.036885,Multiplet,,,,,
472,Spurious,,,4.1797075,Quartet,,,,,
472,Spurious,,,4.313288571428571,Multiplet,,,,,
472,Spurious,,,4.477155,Multiplet,,,,,
472,Spurious,,,4.59963,Doublet,,,,,
472,Spurious,,,4.67532,Singlet,,,,,
472,Spurious,,,4.71438,Singlet,,,,,
472,Spurious,,,4.74612,Singlet,,,,,
472,Spurious,,,4.78925,Triplet,,,,,
472,Spurious,,,4.83889,Singlet,,,,,
472,Spurious,,,4.87795,Singlet,,,,,
472,Spurious,,,4.93167,Singlet,,,,,
472,Spurious,,,5.047226666666667,Multiplet,,,,,
472,Spurious,,,5.13186,Singlet,,,,,
472,Spurious,,,5.1888266666666665,Triplet,,,,,
472,Spurious,,,5.268585,Doublet,,,,,
472,Spurious,,,5.4010275,Quartet,,,,,
472,Spurious,,,5.46145,Singlet,,,,,
472,Spurious,,,5.52737,Singlet,,,,,
472,Spurious,,,5.56888,Singlet,,,,,
472,Spurious,,,5.636015,Doublet,,,,,
472,Spurious,,,5.68606,Singlet,,,,,
472,Spurious,,,5.73245,Singlet,,,,,
472,Spurious,,,5.78372,Singlet,,,,,
472,Spurious,,,5.843535,Doublet,,,,,
472,Spurious,,,5.88626,Singlet,,,,,
472,Spurious,,,5.918,Singlet,,,,,
472,Spurious,,,5.94974,Singlet,,,,,
472,Spurious,,,6.014026666666666,Triplet,,,,,
472,Spurious,,,6.1035466666666665,Triplet,,,,,
472,Spurious,,,6.165393333333334,Triplet,,,,,
472,Spurious,,,6.284212500000001,Quartet,,,,,
472,Spurious,,,6.34281,Singlet,,,,,
472,Spurious,,,6.38431,Singlet,,,,,
472,Spurious,,,6.4368,Doublet,,,,,
472,Spurious,,,6.588575,Multiplet,,,,,
472,Spurious,,,6.72025,Multiplet,,,,,
472,Spurious,,,6.826555714285715,Multiplet,,,,,
472,Spurious,,,6.90921,Singlet,,,,,
472,Spurious,,,6.94828,Singlet,,,,,
472,Spurious,,,6.98734,Doublet,,,,,
472,Spurious,,,7.03861,Singlet,,,,,
472,Spurious,,,7.136675,Multiplet,,,,,
472,Spurious,,,7.22904,Singlet,,,,,
472,Spurious,,,7.299436666666668,Multiplet,,,,,
472,Spurious,,,7.440745714285714,Multiplet,,,,,
472,Spurious,,,7.56351,Singlet,,,,,
472,Spurious,,,7.670238571428571,Multiplet,,,,,
472,Spurious,,,7.801143333333333,Triplet,,,,,
472,Spurious,,,7.91813,Quartet,,,,,
472,Spurious,,,7.991985,Doublet,,,,,
472,Spurious,,,8.08891,Multiplet,,,,,
472,Spurious,,,8.17387,Singlet,,,,,
472,Spurious,,,8.2800725,Quartet,,,,,
472,Spurious,,,8.35453,Singlet,,,,,
472,Spurious,,,8.43388,Quartet,,,,,
472,Spurious,,,8.504685,Doublet,,,,,
472,Spurious,,,8.616308888888888,Multiplet,,,,,
472,Spurious,,,8.761436666666667,Triplet,,,,,
472,Spurious,,,8.81352,Doublet,,,,,
472,Spurious,,,8.86235,Singlet,,,,,
472,Spurious,,,8.918505,Doublet,,,,,
472,Spurious,,,8.985032499999999,Quartet,,,,,
472,Spurious,,,9.14102,Multiplet,,,,,
472,Spurious,,,9.241990000000001,Doublet,,,,,
472,Spurious,,,9.2896,Singlet,,,,,
472,Spurious,,,9.35063,Singlet,,,,,
472,Spurious,,,9.386035,Doublet,,,,,
472,Spurious,,,9.425095,Doublet,,,,,
472,Spurious,,,9.46294,Singlet,,,,,
472,Spurious,,,9.50932,Singlet,,,,,
472,Spurious,,,9.57158,Doublet,,,,,
472,Spurious,,,9.670455,Doublet,,,,,
472,Spurious,,,9.714405,Doublet,,,,,
472,Spurious,,,9.78602,Triplet,,,,,
472,Spurious,,,9.87147,Triplet,,,,,
472,Spurious,,,9.966479999999999,Quartet,,,,,
473,Matched,0.8870486666666667,Triplet,0.91064925,Quartet,0.023600583333333258,0.004462956916540861,0.010088609531521797,0.005625652614980936,126.05213808206005
473,Matched,1.27686,Quartet,1.2866266666666668,Triplet,0.009766666666666701,0.011553374119102955,0.010642562061548233,0.0009108120575547218,7.883515656683682
473,Matched,1.577155,Quartet,1.6049859999999998,Multiplet,0.027830999999999717,0.0029922344256192446,0.012069351971149445,0.0090771175455302,303.35582893548474
473,Matched,2.31202,Triplet,2.3407074999999997,Quartet,0.028687499999999755,0.0029962367843836546,0.010280435904860497,0.007284199120476842,243.11159780301708
473,Matched,5.99124,Singlet,6.014026666666666,Triplet,0.022786666666665845,0.00296194851398468,0.005234644748270512,0.0022726962342858315,76.7297683790052
473,Matched,7.17777,Singlet,7.136675,Multiplet,0.04109499999999944,0.0014852010644972324,0.0051989564672112465,0.003713755402714014,250.05068279904498
473,Matched,7.316929999999999,Triplet,7.299436666666668,Multiplet,0.017493333333331584,0.00301602715626359,0.009447566233575344,0.006431539077311754,213.24539681132967
473,Matched,7.400426,Multiplet,7.440745714285714,Multiplet,0.04031971428571346,0.012052701786160469,0.013950323686003685,0.001897621899843216,15.744369465957938
473,Spurious,,,0.0341799,Singlet,,,,,
473,Spurious,,,0.09684283333333332,Triplet,,,,,
473,Spurious,,,0.19043100000000002,Triplet,,,,,
473,Spurious,,,0.335695,Doublet,,,,,
473,Spurious,,,0.406903,Triplet,,,,,
473,Spurious,,,0.4992705,Doublet,,,,,
473,Spurious,,,0.539553,Singlet,,,,,
473,Spurious,,,0.610355,Singlet,,,,,
473,Spurious,,,0.6811555,Doublet,,,,,
473,Spurious,,,0.720218,Singlet,,,,,
473,Spurious,,,0.7666055,Doublet,,,,,
473,Spurious,,,0.8361855,Doublet,,,,,
473,Spurious,,,1.0246987142857145,Multiplet,,,,,
473,Spurious,,,1.15967,Singlet,,,,,
473,Spurious,,,1.214605,Doublet,,,,,
473,Spurious,,,1.384285,Quartet,,,,,
473,Spurious,,,1.441655,Doublet,,,,,
473,Spurious,,,1.511235,Doublet,,,,,
473,Spurious,,,1.7285233333333334,Triplet,,,,,
473,Spurious,,,1.828624,Multiplet,,,,,
473,Spurious,,,1.9275,Doublet,,,,,
473,Spurious,,,1.989755,Doublet,,,,,
473,Spurious,,,2.165782,Multiplet,,,,,
473,Spurious,,,2.280285,Doublet,,,,,
473,Spurious,,,2.4458949999999997,Multiplet,,,,,
473,Spurious,,,2.5520933333333335,Triplet,,,,,
473,Spurious,,,2.63917,Singlet,,,,,
473,Spurious,,,2.70143,Doublet,,,,,
473,Spurious,,,2.7895659999999998,Multiplet,,,,,
473,Spurious,,,2.87111,Singlet,,,,,
473,Spurious,,,2.935074,Multiplet,,,,,
473,Spurious,,,3.01515,Singlet,,,,,
473,Spurious,,,3.194352,Multiplet,,,,,
473,Spurious,,,3.2885900000000006,Triplet,,,,,
473,Spurious,,,3.365495,Doublet,,,,,
473,Spurious,,,3.4442325000000005,Quartet,,,,,
473,Spurious,,,3.50588,Singlet,,,,,
473,Spurious,,,3.56447,Quartet,,,,,
473,Spurious,,,3.61818,Singlet,,,,,
473,Spurious,,,3.69712,Triplet,,,,,
473,Spurious,,,3.860288333333333,Multiplet,,,,,
473,Spurious,,,4.036885,Multiplet,,,,,
473,Spurious,,,4.1797075,Quartet,,,,,
473,Spurious,,,4.313288571428571,Multiplet,,,,,
473,Spurious,,,4.477155,Multiplet,,,,,
473,Spurious,,,4.59963,Doublet,,,,,
473,Spurious,,,4.67532,Singlet,,,,,
473,Spurious,,,4.71438,Singlet,,,,,
473,Spurious,,,4.74612,Singlet,,,,,
473,Spurious,,,4.78925,Triplet,,,,,
473,Spurious,,,4.83889,Singlet,,,,,
473,Spurious,,,4.87795,Singlet,,,,,
473,Spurious,,,4.93167,Singlet,,,,,
473,Spurious,,,5.047226666666667,Multiplet,,,,,
473,Spurious,,,5.13186,Singlet,,,,,
473,Spurious,,,5.1888266666666665,Triplet,,,,,
473,Spurious,,,5.268585,Doublet,,,,,
473,Spurious,,,5.31985,Singlet,,,,,
473,Spurious,,,5.4010275,Quartet,,,,,
473,Spurious,,,5.46145,Singlet,,,,,
473,Spurious,,,5.52737,Singlet,,,,,
473,Spurious,,,5.56888,Singlet,,,,,
473,Spurious,,,5.636015,Doublet,,,,,
473,Spurious,,,5.68606,Singlet,,,,,
473,Spurious,,,5.73245,Singlet,,,,,
473,Spurious,,,5.78372,Singlet,,,,,
473,Spurious,,,5.843535,Doublet,,,,,
473,Spurious,,,5.88626,Singlet,,,,,
473,Spurious,,,5.918,Singlet,,,,,
473,Spurious,,,5.94974,Singlet,,,,,
473,Spurious,,,6.1035466666666665,Triplet,,,,,
473,Spurious,,,6.165393333333334,Triplet,,,,,
473,Spurious,,,6.284212500000001,Quartet,,,,,
473,Spurious,,,6.34281,Singlet,,,,,
473,Spurious,,,6.38431,Singlet,,,,,
473,Spurious,,,6.4368,Doublet,,,,,
473,Spurious,,,6.588575,Multiplet,,,,,
473,Spurious,,,6.72025,Multiplet,,,,,
473,Spurious,,,6.826555714285715,Multiplet,,,,,
473,Spurious,,,6.90921,Singlet,,,,,
473,Spurious,,,6.94828,Singlet,,,,,
473,Spurious,,,6.98734,Doublet,,,,,
473,Spurious,,,7.03861,Singlet,,,,,
473,Spurious,,,7.22904,Singlet,,,,,
473,Spurious,,,7.56351,Singlet,,,,,
473,Spurious,,,7.670238571428571,Multiplet,,,,,
473,Spurious,,,7.801143333333333,Triplet,,,,,
473,Spurious,,,7.91813,Quartet,,,,,
473,Spurious,,,7.991985,Doublet,,,,,
473,Spurious,,,8.08891,Multiplet,,,,,
473,Spurious,,,8.17387,Singlet,,,,,
473,Spurious,,,8.2800725,Quartet,,,,,
473,Spurious,,,8.35453,Singlet,,,,,
473,Spurious,,,8.43388,Quartet,,,,,
473,Spurious,,,8.504685,Doublet,,,,,
473,Spurious,,,8.616308888888888,Multiplet,,,,,
473,Spurious,,,8.761436666666667,Triplet,,,,,
473,Spurious,,,8.81352,Doublet,,,,,
473,Spurious,,,8.86235,Singlet,,,,,
473,Spurious,,,8.918505,Doublet,,,,,
473,Spurious,,,8.985032499999999,Quartet,,,,,
473,Spurious,,,9.14102,Multiplet,,,,,
473,Spurious,,,9.241990000000001,Doublet,,,,,
473,Spurious,,,9.2896,Singlet,,,,,
473,Spurious,,,9.35063,Singlet,,,,,
473,Spurious,,,9.386035,Doublet,,,,,
473,Spurious,,,9.425095,Doublet,,,,,
473,Spurious,,,9.46294,Singlet,,,,,
473,Spurious,,,9.50932,Singlet,,,,,
473,Spurious,,,9.57158,Doublet,,,,,
473,Spurious,,,9.670455,Doublet,,,,,
473,Spurious,,,9.714405,Doublet,,,,,
473,Spurious,,,9.78602,Triplet,,,,,
473,Spurious,,,9.87147,Triplet,,,,,
473,Spurious,,,9.966479999999999,Quartet,,,,,
474,Matched,1.36719,Singlet,1.384285,Quartet,0.017095000000000082,0.00349127734079957,0.0055205337703228,0.0020292564295232296,58.12361011281019
474,Matched,1.699225,Doublet,1.7285233333333334,Triplet,0.029298333333333426,0.0011625336483120918,0.006746705621480942,0.00558417197316885,480.3449759305145
474,Matched,1.8277075,Multiplet,1.828624,Multiplet,0.0009164999999999868,0.003920247778296471,0.016402864828705788,0.012482617050409317,318.41398187931867
474,Matched,1.97633,Doublet,1.9275,Doublet,0.04882999999999993,0.0011831826996058226,0.006270905025303364,0.005087722325697541,430.0031032732744
474,Matched,2.174085,Doublet,2.165782,Multiplet,0.008302999999999727,0.0014647728530690074,0.0076817297376692295,0.006216956884600222,424.43146536846234
474,Matched,2.2339,Singlet,2.280285,Doublet,0.0463849999999999,0.0008857742068357766,0.0053582703694701195,0.004472496162634343,504.9250845326938
474,Matched,2.37794,Singlet,2.3407074999999997,Quartet,0.037232500000000446,0.0008375920006074011,0.005285842344164848,0.004448250343557447,531.0760298966186
474,Matched,2.5122166666666668,Triplet,2.5520933333333335,Triplet,0.03987666666666678,0.001566530205309391,0.007443723734468222,0.005877193529158831,375.1726911641694
474,Matched,3.98928,Singlet,4.036885,Multiplet,0.0476049999999999,0.0011615860275924206,0.005308011546730995,0.004146425519138575,356.9624135142817
474,Matched,4.3603724999999995,Quartet,4.313288571428571,Multiplet,0.0470839285714284,0.0011679083108901978,0.007973374798893929,0.006805466488003731,582.7055449940672
474,Matched,4.860865,Doublet,4.87795,Singlet,0.017084999999999795,0.0011730643454939127,0.009073496796190739,0.007900432450696826,673.486708640044
474,Matched,5.036645,Doublet,5.047226666666667,Multiplet,0.010581666666666933,0.0011729687685146928,0.009371002204716206,0.008198033436201513,698.9131898697116
474,Matched,5.70071,Singlet,5.68606,Singlet,0.014649999999999608,0.001160949352197349,0.0051971436478197575,0.004036194295622408,347.6632540414475
474,Missed,0.9692435,Doublet,,,,,,,
474,Missed,1.07667,Singlet,,,,,,,
474,Missed,2.08314,Multiplet,,,,,,,
474,Spurious,,,0.0341799,Singlet,,,,,
474,Spurious,,,0.09684283333333332,Triplet,,,,,
474,Spurious,,,0.19043100000000002,Triplet,,,,,
474,Spurious,,,0.335695,Doublet,,,,,
474,Spurious,,,0.406903,Triplet,,,,,
474,Spurious,,,0.4992705,Doublet,,,,,
474,Spurious,,,0.539553,Singlet,,,,,
474,Spurious,,,0.610355,Singlet,,,,,
474,Spurious,,,0.6811555,Doublet,,,,,
474,Spurious,,,0.720218,Singlet,,,,,
474,Spurious,,,0.7666055,Doublet,,,,,
474,Spurious,,,0.8361855,Doublet,,,,,
474,Spurious,,,0.91064925,Quartet,,,,,
474,Spurious,,,1.0246987142857145,Multiplet,,,,,
474,Spurious,,,1.15967,Singlet,,,,,
474,Spurious,,,1.214605,Doublet,,,,,
474,Spurious,,,1.2866266666666668,Triplet,,,,,
474,Spurious,,,1.441655,Doublet,,,,,
474,Spurious,,,1.511235,Doublet,,,,,
474,Spurious,,,1.6049859999999998,Multiplet,,,,,
474,Spurious,,,1.989755,Doublet,,,,,
474,Spurious,,,2.4458949999999997,Multiplet,,,,,
474,Spurious,,,2.63917,Singlet,,,,,
474,Spurious,,,2.70143,Doublet,,,,,
474,Spurious,,,2.7895659999999998,Multiplet,,,,,
474,Spurious,,,2.87111,Singlet,,,,,
474,Spurious,,,2.935074,Multiplet,,,,,
474,Spurious,,,3.01515,Singlet,,,,,
474,Spurious,,,3.194352,Multiplet,,,,,
474,Spurious,,,3.2885900000000006,Triplet,,,,,
474,Spurious,,,3.365495,Doublet,,,,,
474,Spurious,,,3.4442325000000005,Quartet,,,,,
474,Spurious,,,3.50588,Singlet,,,,,
474,Spurious,,,3.56447,Quartet,,,,,
474,Spurious,,,3.61818,Singlet,,,,,
474,Spurious,,,3.69712,Triplet,,,,,
474,Spurious,,,3.860288333333333,Multiplet,,,,,
474,Spurious,,,4.1797075,Quartet,,,,,
474,Spurious,,,4.477155,Multiplet,,,,,
474,Spurious,,,4.59963,Doublet,,,,,
474,Spurious,,,4.67532,Singlet,,,,,
474,Spurious,,,4.71438,Singlet,,,,,
474,Spurious,,,4.74612,Singlet,,,,,
474,Spurious,,,4.78925,Triplet,,,,,
474,Spurious,,,4.83889,Singlet,,,,,
474,Spurious,,,4.93167,Singlet,,,,,
474,Spurious,,,5.13186,Singlet,,,,,
474,Spurious,,,5.1888266666666665,Triplet,,,,,
474,Spurious,,,5.268585,Doublet,,,,,
474,Spurious,,,5.31985,Singlet,,,,,
474,Spurious,,,5.4010275,Quartet,,,,,
474,Spurious,,,5.46145,Singlet,,,,,
474,Spurious,,,5.52737,Singlet,,,,,
474,Spurious,,,5.56888,Singlet,,,,,
474,Spurious,,,5.636015,Doublet,,,,,
474,Spurious,,,5.73245,Singlet,,,,,
474,Spurious,,,5.78372,Singlet,,,,,
474,Spurious,,,5.843535,Doublet,,,,,
474,Spurious,,,5.88626,Singlet,,,,,
474,Spurious,,,5.918,Singlet,,,,,
474,Spurious,,,5.94974,Singlet,,,,,
474,Spurious,,,6.014026666666666,Triplet,,,,,
474,Spurious,,,6.1035466666666665,Triplet,,,,,
474,Spurious,,,6.165393333333334,Triplet,,,,,
474,Spurious,,,6.284212500000001,Quartet,,,,,
474,Spurious,,,6.34281,Singlet,,,,,
474,Spurious,,,6.38431,Singlet,,,,,
474,Spurious,,,6.4368,Doublet,,,,,
474,Spurious,,,6.588575,Multiplet,,,,,
474,Spurious,,,6.72025,Multiplet,,,,,
474,Spurious,,,6.826555714285715,Multiplet,,,,,
474,Spurious,,,6.90921,Singlet,,,,,
474,Spurious,,,6.94828,Singlet,,,,,
474,Spurious,,,6.98734,Doublet,,,,,
474,Spurious,,,7.03861,Singlet,,,,,
474,Spurious,,,7.136675,Multiplet,,,,,
474,Spurious,,,7.22904,Singlet,,,,,
474,Spurious,,,7.299436666666668,Multiplet,,,,,
474,Spurious,,,7.440745714285714,Multiplet,,,,,
474,Spurious,,,7.56351,Singlet,,,,,
474,Spurious,,,7.670238571428571,Multiplet,,,,,
474,Spurious,,,7.801143333333333,Triplet,,,,,
474,Spurious,,,7.91813,Quartet,,,,,
474,Spurious,,,7.991985,Doublet,,,,,
474,Spurious,,,8.08891,Multiplet,,,,,
474,Spurious,,,8.17387,Singlet,,,,,
474,Spurious,,,8.2800725,Quartet,,,,,
474,Spurious,,,8.35453,Singlet,,,,,
474,Spurious,,,8.43388,Quartet,,,,,
474,Spurious,,,8.504685,Doublet,,,,,
474,Spurious,,,8.616308888888888,Multiplet,,,,,
474,Spurious,,,8.761436666666667,Triplet,,,,,
474,Spurious,,,8.81352,Doublet,,,,,
474,Spurious,,,8.86235,Singlet,,,,,
474,Spurious,,,8.918505,Doublet,,,,,
474,Spurious,,,8.985032499999999,Quartet,,,,,
474,Spurious,,,9.14102,Multiplet,,,,,
474,Spurious,,,9.241990000000001,Doublet,,,,,
474,Spurious,,,9.2896,Singlet,,,,,
474,Spurious,,,9.35063,Singlet,,,,,
474,Spurious,,,9.386035,Doublet,,,,,
474,Spurious,,,9.425095,Doublet,,,,,
474,Spurious,,,9.46294,Singlet,,,,,
474,Spurious,,,9.50932,Singlet,,,,,
474,Spurious,,,9.57158,Doublet,,,,,
474,Spurious,,,9.670455,Doublet,,,,,
474,Spurious,,,9.714405,Doublet,,,,,
474,Spurious,,,9.78602,Triplet,,,,,
474,Spurious,,,9.87147,Triplet,,,,,
474,Spurious,,,9.966479999999999,Quartet,,,,,
475,Matched,6.785925,Quartet,6.826555714285715,Multiplet,0.040630714285715186,0.0066898721270263195,0.008181018754839897,0.0014911466278135777,22.289613306501263
475,Matched,6.99711,Singlet,6.98734,Doublet,0.0097700000000005,0.0066308691166341305,0.005328233353793621,0.0013026357628405094,19.645022996649573
475,Matched,7.2986249999999995,Doublet,7.299436666666668,Multiplet,0.0008116666666682093,0.006675730925053358,0.008334562182426453,0.0016588312573730946,24.848683627251436
475,Spurious,,,0.0341799,Singlet,,,,,
475,Spurious,,,0.09684283333333332,Triplet,,,,,
475,Spurious,,,0.19043100000000002,Triplet,,,,,
475,Spurious,,,0.335695,Doublet,,,,,
475,Spurious,,,0.406903,Triplet,,,,,
475,Spurious,,,0.4992705,Doublet,,,,,
475,Spurious,,,0.539553,Singlet,,,,,
475,Spurious,,,0.610355,Singlet,,,,,
475,Spurious,,,0.6811555,Doublet,,,,,
475,Spurious,,,0.720218,Singlet,,,,,
475,Spurious,,,0.7666055,Doublet,,,,,
475,Spurious,,,0.8361855,Doublet,,,,,
475,Spurious,,,0.91064925,Quartet,,,,,
475,Spurious,,,1.0246987142857145,Multiplet,,,,,
475,Spurious,,,1.15967,Singlet,,,,,
475,Spurious,,,1.214605,Doublet,,,,,
475,Spurious,,,1.2866266666666668,Triplet,,,,,
475,Spurious,,,1.384285,Quartet,,,,,
475,Spurious,,,1.441655,Doublet,,,,,
475,Spurious,,,1.511235,Doublet,,,,,
475,Spurious,,,1.6049859999999998,Multiplet,,,,,
475,Spurious,,,1.7285233333333334,Triplet,,,,,
475,Spurious,,,1.828624,Multiplet,,,,,
475,Spurious,,,1.9275,Doublet,,,,,
475,Spurious,,,1.989755,Doublet,,,,,
475,Spurious,,,2.165782,Multiplet,,,,,
475,Spurious,,,2.280285,Doublet,,,,,
475,Spurious,,,2.3407074999999997,Quartet,,,,,
475,Spurious,,,2.4458949999999997,Multiplet,,,,,
475,Spurious,,,2.5520933333333335,Triplet,,,,,
475,Spurious,,,2.63917,Singlet,,,,,
475,Spurious,,,2.70143,Doublet,,,,,
475,Spurious,,,2.7895659999999998,Multiplet,,,,,
475,Spurious,,,2.87111,Singlet,,,,,
475,Spurious,,,2.935074,Multiplet,,,,,
475,Spurious,,,3.01515,Singlet,,,,,
475,Spurious,,,3.194352,Multiplet,,,,,
475,Spurious,,,3.2885900000000006,Triplet,,,,,
475,Spurious,,,3.365495,Doublet,,,,,
475,Spurious,,,3.4442325000000005,Quartet,,,,,
475,Spurious,,,3.50588,Singlet,,,,,
475,Spurious,,,3.56447,Quartet,,,,,
475,Spurious,,,3.61818,Singlet,,,,,
475,Spurious,,,3.69712,Triplet,,,,,
475,Spurious,,,3.860288333333333,Multiplet,,,,,
475,Spurious,,,4.036885,Multiplet,,,,,
475,Spurious,,,4.1797075,Quartet,,,,,
475,Spurious,,,4.313288571428571,Multiplet,,,,,
475,Spurious,,,4.477155,Multiplet,,,,,
475,Spurious,,,4.59963,Doublet,,,,,
475,Spurious,,,4.67532,Singlet,,,,,
475,Spurious,,,4.71438,Singlet,,,,,
475,Spurious,,,4.74612,Singlet,,,,,
475,Spurious,,,4.78925,Triplet,,,,,
475,Spurious,,,4.83889,Singlet,,,,,
475,Spurious,,,4.87795,Singlet,,,,,
475,Spurious,,,4.93167,Singlet,,,,,
475,Spurious,,,5.047226666666667,Multiplet,,,,,
475,Spurious,,,5.13186,Singlet,,,,,
475,Spurious,,,5.1888266666666665,Triplet,,,,,
475,Spurious,,,5.268585,Doublet,,,,,
475,Spurious,,,5.31985,Singlet,,,,,
475,Spurious,,,5.4010275,Quartet,,,,,
475,Spurious,,,5.46145,Singlet,,,,,
475,Spurious,,,5.52737,Singlet,,,,,
475,Spurious,,,5.56888,Singlet,,,,,
475,Spurious,,,5.636015,Doublet,,,,,
475,Spurious,,,5.68606,Singlet,,,,,
475,Spurious,,,5.73245,Singlet,,,,,
475,Spurious,,,5.78372,Singlet,,,,,
475,Spurious,,,5.843535,Doublet,,,,,
475,Spurious,,,5.88626,Singlet,,,,,
475,Spurious,,,5.918,Singlet,,,,,
475,Spurious,,,5.94974,Singlet,,,,,
475,Spurious,,,6.014026666666666,Triplet,,,,,
475,Spurious,,,6.1035466666666665,Triplet,,,,,
475,Spurious,,,6.165393333333334,Triplet,,,,,
475,Spurious,,,6.284212500000001,Quartet,,,,,
475,Spurious,,,6.34281,Singlet,,,,,
475,Spurious,,,6.38431,Singlet,,,,,
475,Spurious,,,6.4368,Doublet,,,,,
475,Spurious,,,6.588575,Multiplet,,,,,
475,Spurious,,,6.72025,Multiplet,,,,,
475,Spurious,,,6.90921,Singlet,,,,,
475,Spurious,,,6.94828,Singlet,,,,,
475,Spurious,,,7.03861,Singlet,,,,,
475,Spurious,,,7.136675,Multiplet,,,,,
475,Spurious,,,7.22904,Singlet,,,,,
475,Spurious,,,7.440745714285714,Multiplet,,,,,
475,Spurious,,,7.56351,Singlet,,,,,
475,Spurious,,,7.670238571428571,Multiplet,,,,,
475,Spurious,,,7.801143333333333,Triplet,,,,,
475,Spurious,,,7.91813,Quartet,,,,,
475,Spurious,,,7.991985,Doublet,,,,,
475,Spurious,,,8.08891,Multiplet,,,,,
475,Spurious,,,8.17387,Singlet,,,,,
475,Spurious,,,8.2800725,Quartet,,,,,
475,Spurious,,,8.35453,Singlet,,,,,
475,Spurious,,,8.43388,Quartet,,,,,
475,Spurious,,,8.504685,Doublet,,,,,
475,Spurious,,,8.616308888888888,Multiplet,,,,,
475,Spurious,,,8.761436666666667,Triplet,,,,,
475,Spurious,,,8.81352,Doublet,,,,,
475,Spurious,,,8.86235,Singlet,,,,,
475,Spurious,,,8.918505,Doublet,,,,,
475,Spurious,,,8.985032499999999,Quartet,,,,,
475,Spurious,,,9.14102,Multiplet,,,,,
475,Spurious,,,9.241990000000001,Doublet,,,,,
475,Spurious,,,9.2896,Singlet,,,,,
475,Spurious,,,9.35063,Singlet,,,,,
475,Spurious,,,9.386035,Doublet,,,,,
475,Spurious,,,9.425095,Doublet,,,,,
475,Spurious,,,9.46294,Singlet,,,,,
475,Spurious,,,9.50932,Singlet,,,,,
475,Spurious,,,9.57158,Doublet,,,,,
475,Spurious,,,9.670455,Doublet,,,,,
475,Spurious,,,9.714405,Doublet,,,,,
475,Spurious,,,9.78602,Triplet,,,,,
475,Spurious,,,9.87147,Triplet,,,,,
475,Spurious,,,9.966479999999999,Quartet,,,,,
476,Matched,1.3956766666666667,Triplet,1.384285,Quartet,0.011391666666666689,0.003591868793591857,0.009456324391067028,0.005864455597475171,163.2703178896113
476,Matched,4.3084925,Quartet,4.313288571428571,Multiplet,0.004796071428571302,0.002403741702437401,0.010606927797198296,0.008203186094760895,341.26737021880683
476,Matched,6.15726,Singlet,6.165393333333334,Triplet,0.008133333333334214,0.0011855224147439003,0.005201238207519054,0.004015715792775154,338.7296387510851
476,Matched,7.52933,Singlet,7.56351,Singlet,0.0341800000000001,0.0011481096735224128,0.005643833428621292,0.004495723755098879,391.5761585133196
476,Matched,7.75883,Singlet,7.801143333333333,Triplet,0.042313333333333425,0.0010884936200454831,0.005182260647416115,0.004093767027370632,376.0947195261992
476,Matched,8.03227,Triplet,7.991985,Doublet,0.04028500000000079,0.0023981421254575253,0.01000136137008667,0.007603219244629145,317.0462319108205
476,Matched,8.81352,Singlet,8.81352,Doublet,0.0,0.0011853859759867191,0.005146536976099014,0.003961151000112295,334.16550223778546
476,Matched,9.28471,Singlet,9.2896,Singlet,0.004889999999999617,0.0011871855240315199,0.005232145078480244,0.004044959554448724,340.7184026901367
476,Missed,3.95754,Singlet,,,,,,,
476,Spurious,,,0.0341799,Singlet,,,,,
476,Spurious,,,0.09684283333333332,Triplet,,,,,
476,Spurious,,,0.19043100000000002,Triplet,,,,,
476,Spurious,,,0.335695,Doublet,,,,,
476,Spurious,,,0.406903,Triplet,,,,,
476,Spurious,,,0.4992705,Doublet,,,,,
476,Spurious,,,0.539553,Singlet,,,,,
476,Spurious,,,0.610355,Singlet,,,,,
476,Spurious,,,0.6811555,Doublet,,,,,
476,Spurious,,,0.720218,Singlet,,,,,
476,Spurious,,,0.7666055,Doublet,,,,,
476,Spurious,,,0.8361855,Doublet,,,,,
476,Spurious,,,0.91064925,Quartet,,,,,
476,Spurious,,,1.0246987142857145,Multiplet,,,,,
476,Spurious,,,1.15967,Singlet,,,,,
476,Spurious,,,1.214605,Doublet,,,,,
476,Spurious,,,1.2866266666666668,Triplet,,,,,
476,Spurious,,,1.441655,Doublet,,,,,
476,Spurious,,,1.511235,Doublet,,,,,
476,Spurious,,,1.6049859999999998,Multiplet,,,,,
476,Spurious,,,1.7285233333333334,Triplet,,,,,
476,Spurious,,,1.828624,Multiplet,,,,,
476,Spurious,,,1.9275,Doublet,,,,,
476,Spurious,,,1.989755,Doublet,,,,,
476,Spurious,,,2.165782,Multiplet,,,,,
476,Spurious,,,2.280285,Doublet,,,,,
476,Spurious,,,2.3407074999999997,Quartet,,,,,
476,Spurious,,,2.4458949999999997,Multiplet,,,,,
476,Spurious,,,2.5520933333333335,Triplet,,,,,
476,Spurious,,,2.63917,Singlet,,,,,
476,Spurious,,,2.70143,Doublet,,,,,
476,Spurious,,,2.7895659999999998,Multiplet,,,,,
476,Spurious,,,2.87111,Singlet,,,,,
476,Spurious,,,2.935074,Multiplet,,,,,
476,Spurious,,,3.01515,Singlet,,,,,
476,Spurious,,,3.194352,Multiplet,,,,,
476,Spurious,,,3.2885900000000006,Triplet,,,,,
476,Spurious,,,3.365495,Doublet,,,,,
476,Spurious,,,3.4442325000000005,Quartet,,,,,
476,Spurious,,,3.50588,Singlet,,,,,
476,Spurious,,,3.56447,Quartet,,,,,
476,Spurious,,,3.61818,Singlet,,,,,
476,Spurious,,,3.69712,Triplet,,,,,
476,Spurious,,,3.860288333333333,Multiplet,,,,,
476,Spurious,,,4.036885,Multiplet,,,,,
476,Spurious,,,4.1797075,Quartet,,,,,
476,Spurious,,,4.477155,Multiplet,,,,,
476,Spurious,,,4.59963,Doublet,,,,,
476,Spurious,,,4.67532,Singlet,,,,,
476,Spurious,,,4.71438,Singlet,,,,,
476,Spurious,,,4.74612,Singlet,,,,,
476,Spurious,,,4.78925,Triplet,,,,,
476,Spurious,,,4.83889,Singlet,,,,,
476,Spurious,,,4.87795,Singlet,,,,,
476,Spurious,,,4.93167,Singlet,,,,,
476,Spurious,,,5.047226666666667,Multiplet,,,,,
476,Spurious,,,5.13186,Singlet,,,,,
476,Spurious,,,5.1888266666666665,Triplet,,,,,
476,Spurious,,,5.268585,Doublet,,,,,
476,Spurious,,,5.31985,Singlet,,,,,
476,Spurious,,,5.4010275,Quartet,,,,,
476,Spurious,,,5.46145,Singlet,,,,,
476,Spurious,,,5.52737,Singlet,,,,,
476,Spurious,,,5.56888,Singlet,,,,,
476,Spurious,,,5.636015,Doublet,,,,,
476,Spurious,,,5.68606,Singlet,,,,,
476,Spurious,,,5.73245,Singlet,,,,,
476,Spurious,,,5.78372,Singlet,,,,,
476,Spurious,,,5.843535,Doublet,,,,,
476,Spurious,,,5.88626,Singlet,,,,,
476,Spurious,,,5.918,Singlet,,,,,
476,Spurious,,,5.94974,Singlet,,,,,
476,Spurious,,,6.014026666666666,Triplet,,,,,
476,Spurious,,,6.1035466666666665,Triplet,,,,,
476,Spurious,,,6.284212500000001,Quartet,,,,,
476,Spurious,,,6.34281,Singlet,,,,,
476,Spurious,,,6.38431,Singlet,,,,,
476,Spurious,,,6.4368,Doublet,,,,,
476,Spurious,,,6.588575,Multiplet,,,,,
476,Spurious,,,6.72025,Multiplet,,,,,
476,Spurious,,,6.826555714285715,Multiplet,,,,,
476,Spurious,,,6.90921,Singlet,,,,,
476,Spurious,,,6.94828,Singlet,,,,,
476,Spurious,,,6.98734,Doublet,,,,,
476,Spurious,,,7.03861,Singlet,,,,,
476,Spurious,,,7.136675,Multiplet,,,,,
476,Spurious,,,7.22904,Singlet,,,,,
476,Spurious,,,7.299436666666668,Multiplet,,,,,
476,Spurious,,,7.440745714285714,Multiplet,,,,,
476,Spurious,,,7.670238571428571,Multiplet,,,,,
476,Spurious,,,7.91813,Quartet,,,,,
476,Spurious,,,8.08891,Multiplet,,,,,
476,Spurious,,,8.17387,Singlet,,,,,
476,Spurious,,,8.2800725,Quartet,,,,,
476,Spurious,,,8.35453,Singlet,,,,,
476,Spurious,,,8.43388,Quartet,,,,,
476,Spurious,,,8.504685,Doublet,,,,,
476,Spurious,,,8.616308888888888,Multiplet,,,,,
476,Spurious,,,8.761436666666667,Triplet,,,,,
476,Spurious,,,8.86235,Singlet,,,,,
476,Spurious,,,8.918505,Doublet,,,,,
476,Spurious,,,8.985032499999999,Quartet,,,,,
476,Spurious,,,9.14102,Multiplet,,,,,
476,Spurious,,,9.241990000000001,Doublet,,,,,
476,Spurious,,,9.35063,Singlet,,,,,
476,Spurious,,,9.386035,Doublet,,,,,
476,Spurious,,,9.425095,Doublet,,,,,
476,Spurious,,,9.46294,Singlet,,,,,
476,Spurious,,,9.50932,Singlet,,,,,
476,Spurious,,,9.57158,Doublet,,,,,
476,Spurious,,,9.670455,Doublet,,,,,
476,Spurious,,,9.714405,Doublet,,,,,
476,Spurious,,,9.78602,Triplet,,,,,
476,Spurious,,,9.87147,Triplet,,,,,
476,Spurious,,,9.966479999999999,Quartet,,,,,
477,Matched,0.815434,Singlet,0.8361855,Doublet,0.020751500000000034,0.006136634387075901,0.005335184279829264,0.0008014501072466373,13.060092172584643
477,Matched,0.9877986,Multiplet,1.0246987142857145,Multiplet,0.03690011428571449,0.004148044623434544,0.010855380445718765,0.006707335822284222,161.69873834989286
477,Matched,1.15723,Singlet,1.15967,Singlet,0.0024399999999999977,0.006156622897833586,0.005664815194904804,0.0004918077029287815,7.988270697915257
477,Matched,1.23261,Multiplet,1.214605,Doublet,0.01800500000000005,0.004203749820590019,0.014298960566520691,0.010095210745930672,240.14775323888693
477,Matched,1.4069542857142854,Multiplet,1.384285,Quartet,0.022669285714285392,0.00408167066052556,0.013271939009428024,0.009190268348902464,225.15947790160794
477,Matched,1.6461267857142856,Multiplet,1.6049859999999998,Multiplet,0.04114078571428581,0.01621963270008564,0.046597667038440704,0.030378034338355064,187.2917525326863
477,Matched,2.01478,Multiplet,1.989755,Doublet,0.025025000000000075,0.0020833115559071302,0.012943878769874573,0.010860567213967443,521.312675637632
477,Matched,2.368989333333333,Multiplet,2.3407074999999997,Quartet,0.02828183333333323,0.00805056281387806,0.028909863904118538,0.02085930109024048,259.10363750323046
477,Matched,2.641615,Multiplet,2.63917,Singlet,0.0024449999999998084,0.004140601027756929,0.013832319527864456,0.009691718500107527,234.0655000358192
477,Matched,2.9280733333333333,Triplet,2.935074,Multiplet,0.007000666666666877,0.004129969514906406,0.00966014713048935,0.005530177615582943,133.90359409731062
477,Matched,4.66067,Singlet,4.67532,Singlet,0.014650000000000496,0.0020161704160273075,0.005413041450083256,0.0033968710340559483,168.4813449821962
477,Matched,5.72024,Singlet,5.73245,Singlet,0.01220999999999961,0.0020444048568606377,0.005179415922611952,0.003135011065751314,153.34590187607935
477,Matched,7.23789,Multiplet,7.22904,Singlet,0.008849999999999802,0.010395010933279991,0.017491891980171204,0.0070968810468912125,68.2719921358649
477,Spurious,,,0.0341799,Singlet,,,,,
477,Spurious,,,0.09684283333333332,Triplet,,,,,
477,Spurious,,,0.19043100000000002,Triplet,,,,,
477,Spurious,,,0.335695,Doublet,,,,,
477,Spurious,,,0.406903,Triplet,,,,,
477,Spurious,,,0.4992705,Doublet,,,,,
477,Spurious,,,0.539553,Singlet,,,,,
477,Spurious,,,0.610355,Singlet,,,,,
477,Spurious,,,0.6811555,Doublet,,,,,
477,Spurious,,,0.720218,Singlet,,,,,
477,Spurious,,,0.7666055,Doublet,,,,,
477,Spurious,,,0.91064925,Quartet,,,,,
477,Spurious,,,1.2866266666666668,Triplet,,,,,
477,Spurious,,,1.441655,Doublet,,,,,
477,Spurious,,,1.511235,Doublet,,,,,
477,Spurious,,,1.7285233333333334,Triplet,,,,,
477,Spurious,,,1.828624,Multiplet,,,,,
477,Spurious,,,1.9275,Doublet,,,,,
477,Spurious,,,2.165782,Multiplet,,,,,
477,Spurious,,,2.280285,Doublet,,,,,
477,Spurious,,,2.4458949999999997,Multiplet,,,,,
477,Spurious,,,2.5520933333333335,Triplet,,,,,
477,Spurious,,,2.70143,Doublet,,,,,
477,Spurious,,,2.7895659999999998,Multiplet,,,,,
477,Spurious,,,2.87111,Singlet,,,,,
477,Spurious,,,3.01515,Singlet,,,,,
477,Spurious,,,3.194352,Multiplet,,,,,
477,Spurious,,,3.2885900000000006,Triplet,,,,,
477,Spurious,,,3.365495,Doublet,,,,,
477,Spurious,,,3.4442325000000005,Quartet,,,,,
477,Spurious,,,3.50588,Singlet,,,,,
477,Spurious,,,3.56447,Quartet,,,,,
477,Spurious,,,3.61818,Singlet,,,,,
477,Spurious,,,3.69712,Triplet,,,,,
477,Spurious,,,3.860288333333333,Multiplet,,,,,
477,Spurious,,,4.036885,Multiplet,,,,,
477,Spurious,,,4.1797075,Quartet,,,,,
477,Spurious,,,4.313288571428571,Multiplet,,,,,
477,Spurious,,,4.477155,Multiplet,,,,,
477,Spurious,,,4.59963,Doublet,,,,,
477,Spurious,,,4.71438,Singlet,,,,,
477,Spurious,,,4.74612,Singlet,,,,,
477,Spurious,,,4.78925,Triplet,,,,,
477,Spurious,,,4.83889,Singlet,,,,,
477,Spurious,,,4.87795,Singlet,,,,,
477,Spurious,,,4.93167,Singlet,,,,,
477,Spurious,,,5.047226666666667,Multiplet,,,,,
477,Spurious,,,5.13186,Singlet,,,,,
477,Spurious,,,5.1888266666666665,Triplet,,,,,
477,Spurious,,,5.268585,Doublet,,,,,
477,Spurious,,,5.31985,Singlet,,,,,
477,Spurious,,,5.4010275,Quartet,,,,,
477,Spurious,,,5.46145,Singlet,,,,,
477,Spurious,,,5.52737,Singlet,,,,,
477,Spurious,,,5.56888,Singlet,,,,,
477,Spurious,,,5.636015,Doublet,,,,,
477,Spurious,,,5.68606,Singlet,,,,,
477,Spurious,,,5.78372,Singlet,,,,,
477,Spurious,,,5.843535,Doublet,,,,,
477,Spurious,,,5.88626,Singlet,,,,,
477,Spurious,,,5.918,Singlet,,,,,
477,Spurious,,,5.94974,Singlet,,,,,
477,Spurious,,,6.014026666666666,Triplet,,,,,
477,Spurious,,,6.1035466666666665,Triplet,,,,,
477,Spurious,,,6.165393333333334,Triplet,,,,,
477,Spurious,,,6.284212500000001,Quartet,,,,,
477,Spurious,,,6.34281,Singlet,,,,,
477,Spurious,,,6.38431,Singlet,,,,,
477,Spurious,,,6.4368,Doublet,,,,,
477,Spurious,,,6.588575,Multiplet,,,,,
477,Spurious,,,6.72025,Multiplet,,,,,
477,Spurious,,,6.826555714285715,Multiplet,,,,,
477,Spurious,,,6.90921,Singlet,,,,,
477,Spurious,,,6.94828,Singlet,,,,,
477,Spurious,,,6.98734,Doublet,,,,,
477,Spurious,,,7.03861,Singlet,,,,,
477,Spurious,,,7.136675,Multiplet,,,,,
477,Spurious,,,7.299436666666668,Multiplet,,,,,
477,Spurious,,,7.440745714285714,Multiplet,,,,,
477,Spurious,,,7.56351,Singlet,,,,,
477,Spurious,,,7.670238571428571,Multiplet,,,,,
477,Spurious,,,7.801143333333333,Triplet,,,,,
477,Spurious,,,7.91813,Quartet,,,,,
477,Spurious,,,7.991985,Doublet,,,,,
477,Spurious,,,8.08891,Multiplet,,,,,
477,Spurious,,,8.17387,Singlet,,,,,
477,Spurious,,,8.2800725,Quartet,,,,,
477,Spurious,,,8.35453,Singlet,,,,,
477,Spurious,,,8.43388,Quartet,,,,,
477,Spurious,,,8.504685,Doublet,,,,,
477,Spurious,,,8.616308888888888,Multiplet,,,,,
477,Spurious,,,8.761436666666667,Triplet,,,,,
477,Spurious,,,8.81352,Doublet,,,,,
477,Spurious,,,8.86235,Singlet,,,,,
477,Spurious,,,8.918505,Doublet,,,,,
477,Spurious,,,8.985032499999999,Quartet,,,,,
477,Spurious,,,9.14102,Multiplet,,,,,
477,Spurious,,,9.241990000000001,Doublet,,,,,
477,Spurious,,,9.2896,Singlet,,,,,
477,Spurious,,,9.35063,Singlet,,,,,
477,Spurious,,,9.386035,Doublet,,,,,
477,Spurious,,,9.425095,Doublet,,,,,
477,Spurious,,,9.46294,Singlet,,,,,
477,Spurious,,,9.50932,Singlet,,,,,
477,Spurious,,,9.57158,Doublet,,,,,
477,Spurious,,,9.670455,Doublet,,,,,
477,Spurious,,,9.714405,Doublet,,,,,
477,Spurious,,,9.78602,Triplet,,,,,
477,Spurious,,,9.87147,Triplet,,,,,
477,Spurious,,,9.966479999999999,Quartet,,,,,
478,Matched,3.37648,Singlet,3.365495,Doublet,0.0109849999999998,0.003556359326466918,0.005289742723107338,0.00173338339664042,48.74038975028032
478,Matched,3.6102475000000003,Quartet,3.61818,Singlet,0.007932499999999898,0.0012006890028715134,0.009679076261818409,0.008478387258946896,706.1268353978732
478,Matched,3.8311975,Quartet,3.860288333333333,Multiplet,0.029090833333333066,0.0011994680389761925,0.010165526531636715,0.008966058492660522,747.5029097326773
478,Matched,4.1467475,Quartet,4.1797075,Quartet,0.0329600000000001,0.001199533580802381,0.00941114965826273,0.008211616077460349,684.5674192770418
478,Matched,4.4905800000000005,Triplet,4.477155,Multiplet,0.013425000000000686,0.0011981051648035645,0.007490929681807756,0.006292824517004192,525.2313988677223
478,Matched,7.1484749999999995,Doublet,7.136675,Multiplet,0.011799999999999145,0.0011744224466383457,0.007345374673604965,0.0061709522269666195,525.4456984052279
478,Matched,7.31327,Doublet,7.299436666666668,Multiplet,0.013833333333332476,0.0011958264512941241,0.007680857088416815,0.006485030637122691,542.3053345328318
478,Matched,7.3975,Singlet,7.440745714285714,Multiplet,0.04324571428571389,0.0011882719118148088,0.006066294386982918,0.004878022475168109,410.5139931918499
478,Matched,7.586705,Doublet,7.56351,Singlet,0.0231950000000003,0.002384901512414217,0.007259202189743519,0.004874300677329302,204.3816338728003
478,Matched,7.978556666666667,Triplet,7.991985,Doublet,0.01342833333333271,0.001192911877296865,0.006915391888469458,0.005722480011172593,479.70685178688274
478,Matched,8.64262,Singlet,8.616308888888888,Multiplet,0.02631111111111295,0.001185406930744648,0.005150781944394112,0.003965375013649464,334.5159295769004
478,Matched,9.75103,Singlet,9.78602,Triplet,0.03499000000000052,0.0011871535098180175,0.005276350770145655,0.004089197260327637,344.4539586927122
478,Missed,4.4128625,Quartet,,,,,,,
478,Spurious,,,0.0341799,Singlet,,,,,
478,Spurious,,,0.09684283333333332,Triplet,,,,,
478,Spurious,,,0.19043100000000002,Triplet,,,,,
478,Spurious,,,0.335695,Doublet,,,,,
478,Spurious,,,0.406903,Triplet,,,,,
478,Spurious,,,0.4992705,Doublet,,,,,
478,Spurious,,,0.539553,Singlet,,,,,
478,Spurious,,,0.610355,Singlet,,,,,
478,Spurious,,,0.6811555,Doublet,,,,,
478,Spurious,,,0.720218,Singlet,,,,,
478,Spurious,,,0.7666055,Doublet,,,,,
478,Spurious,,,0.8361855,Doublet,,,,,
478,Spurious,,,0.91064925,Quartet,,,,,
478,Spurious,,,1.0246987142857145,Multiplet,,,,,
478,Spurious,,,1.15967,Singlet,,,,,
478,Spurious,,,1.214605,Doublet,,,,,
478,Spurious,,,1.2866266666666668,Triplet,,,,,
478,Spurious,,,1.384285,Quartet,,,,,
478,Spurious,,,1.441655,Doublet,,,,,
478,Spurious,,,1.511235,Doublet,,,,,
478,Spurious,,,1.6049859999999998,Multiplet,,,,,
478,Spurious,,,1.7285233333333334,Triplet,,,,,
478,Spurious,,,1.828624,Multiplet,,,,,
478,Spurious,,,1.9275,Doublet,,,,,
478,Spurious,,,1.989755,Doublet,,,,,
478,Spurious,,,2.165782,Multiplet,,,,,
478,Spurious,,,2.280285,Doublet,,,,,
478,Spurious,,,2.3407074999999997,Quartet,,,,,
478,Spurious,,,2.4458949999999997,Multiplet,,,,,
478,Spurious,,,2.5520933333333335,Triplet,,,,,
478,Spurious,,,2.63917,Singlet,,,,,
478,Spurious,,,2.70143,Doublet,,,,,
478,Spurious,,,2.7895659999999998,Multiplet,,,,,
478,Spurious,,,2.87111,Singlet,,,,,
478,Spurious,,,2.935074,Multiplet,,,,,
478,Spurious,,,3.01515,Singlet,,,,,
478,Spurious,,,3.194352,Multiplet,,,,,
478,Spurious,,,3.2885900000000006,Triplet,,,,,
478,Spurious,,,3.4442325000000005,Quartet,,,,,
478,Spurious,,,3.50588,Singlet,,,,,
478,Spurious,,,3.56447,Quartet,,,,,
478,Spurious,,,3.69712,Triplet,,,,,
478,Spurious,,,4.036885,Multiplet,,,,,
478,Spurious,,,4.313288571428571,Multiplet,,,,,
478,Spurious,,,4.59963,Doublet,,,,,
478,Spurious,,,4.67532,Singlet,,,,,
478,Spurious,,,4.71438,Singlet,,,,,
478,Spurious,,,4.74612,Singlet,,,,,
478,Spurious,,,4.78925,Triplet,,,,,
478,Spurious,,,4.83889,Singlet,,,,,
478,Spurious,,,4.87795,Singlet,,,,,
478,Spurious,,,4.93167,Singlet,,,,,
478,Spurious,,,5.047226666666667,Multiplet,,,,,
478,Spurious,,,5.13186,Singlet,,,,,
478,Spurious,,,5.1888266666666665,Triplet,,,,,
478,Spurious,,,5.268585,Doublet,,,,,
478,Spurious,,,5.31985,Singlet,,,,,
478,Spurious,,,5.4010275,Quartet,,,,,
478,Spurious,,,5.46145,Singlet,,,,,
478,Spurious,,,5.52737,Singlet,,,,,
478,Spurious,,,5.56888,Singlet,,,,,
478,Spurious,,,5.636015,Doublet,,,,,
478,Spurious,,,5.68606,Singlet,,,,,
478,Spurious,,,5.73245,Singlet,,,,,
478,Spurious,,,5.78372,Singlet,,,,,
478,Spurious,,,5.843535,Doublet,,,,,
478,Spurious,,,5.88626,Singlet,,,,,
478,Spurious,,,5.918,Singlet,,,,,
478,Spurious,,,5.94974,Singlet,,,,,
478,Spurious,,,6.014026666666666,Triplet,,,,,
478,Spurious,,,6.1035466666666665,Triplet,,,,,
478,Spurious,,,6.165393333333334,Triplet,,,,,
478,Spurious,,,6.284212500000001,Quartet,,,,,
478,Spurious,,,6.34281,Singlet,,,,,
478,Spurious,,,6.38431,Singlet,,,,,
478,Spurious,,,6.4368,Doublet,,,,,
478,Spurious,,,6.588575,Multiplet,,,,,
478,Spurious,,,6.72025,Multiplet,,,,,
478,Spurious,,,6.826555714285715,Multiplet,,,,,
478,Spurious,,,6.90921,Singlet,,,,,
478,Spurious,,,6.94828,Singlet,,,,,
478,Spurious,,,6.98734,Doublet,,,,,
478,Spurious,,,7.03861,Singlet,,,,,
478,Spurious,,,7.22904,Singlet,,,,,
478,Spurious,,,7.670238571428571,Multiplet,,,,,
478,Spurious,,,7.801143333333333,Triplet,,,,,
478,Spurious,,,7.91813,Quartet,,,,,
478,Spurious,,,8.08891,Multiplet,,,,,
478,Spurious,,,8.17387,Singlet,,,,,
478,Spurious,,,8.2800725,Quartet,,,,,
478,Spurious,,,8.35453,Singlet,,,,,
478,Spurious,,,8.43388,Quartet,,,,,
478,Spurious,,,8.504685,Doublet,,,,,
478,Spurious,,,8.761436666666667,Triplet,,,,,
478,Spurious,,,8.81352,Doublet,,,,,
478,Spurious,,,8.86235,Singlet,,,,,
478,Spurious,,,8.918505,Doublet,,,,,
478,Spurious,,,8.985032499999999,Quartet,,,,,
478,Spurious,,,9.14102,Multiplet,,,,,
478,Spurious,,,9.241990000000001,Doublet,,,,,
478,Spurious,,,9.2896,Singlet,,,,,
478,Spurious,,,9.35063,Singlet,,,,,
478,Spurious,,,9.386035,Doublet,,,,,
478,Spurious,,,9.425095,Doublet,,,,,
478,Spurious,,,9.46294,Singlet,,,,,
478,Spurious,,,9.50932,Singlet,,,,,
478,Spurious,,,9.57158,Doublet,,,,,
478,Spurious,,,9.670455,Doublet,,,,,
478,Spurious,,,9.714405,Doublet,,,,,
478,Spurious,,,9.87147,Triplet,,,,,
478,Spurious,,,9.966479999999999,Quartet,,,,,
479,Matched,7.56596,Singlet,7.56351,Singlet,0.002449999999999619,0.003561473684385419,0.005700111389160156,0.0021386377047747374,60.04923507230094
479,Spurious,,,0.0341799,Singlet,,,,,
479,Spurious,,,0.09684283333333332,Triplet,,,,,
479,Spurious,,,0.19043100000000002,Triplet,,,,,
479,Spurious,,,0.335695,Doublet,,,,,
479,Spurious,,,0.406903,Triplet,,,,,
479,Spurious,,,0.4992705,Doublet,,,,,
479,Spurious,,,0.539553,Singlet,,,,,
479,Spurious,,,0.610355,Singlet,,,,,
479,Spurious,,,0.6811555,Doublet,,,,,
479,Spurious,,,0.720218,Singlet,,,,,
479,Spurious,,,0.7666055,Doublet,,,,,
479,Spurious,,,0.8361855,Doublet,,,,,
479,Spurious,,,0.91064925,Quartet,,,,,
479,Spurious,,,1.0246987142857145,Multiplet,,,,,
479,Spurious,,,1.15967,Singlet,,,,,
479,Spurious,,,1.214605,Doublet,,,,,
479,Spurious,,,1.2866266666666668,Triplet,,,,,
479,Spurious,,,1.384285,Quartet,,,,,
479,Spurious,,,1.441655,Doublet,,,,,
479,Spurious,,,1.511235,Doublet,,,,,
479,Spurious,,,1.6049859999999998,Multiplet,,,,,
479,Spurious,,,1.7285233333333334,Triplet,,,,,
479,Spurious,,,1.828624,Multiplet,,,,,
479,Spurious,,,1.9275,Doublet,,,,,
479,Spurious,,,1.989755,Doublet,,,,,
479,Spurious,,,2.165782,Multiplet,,,,,
479,Spurious,,,2.280285,Doublet,,,,,
479,Spurious,,,2.3407074999999997,Quartet,,,,,
479,Spurious,,,2.4458949999999997,Multiplet,,,,,
479,Spurious,,,2.5520933333333335,Triplet,,,,,
479,Spurious,,,2.63917,Singlet,,,,,
479,Spurious,,,2.70143,Doublet,,,,,
479,Spurious,,,2.7895659999999998,Multiplet,,,,,
479,Spurious,,,2.87111,Singlet,,,,,
479,Spurious,,,2.935074,Multiplet,,,,,
479,Spurious,,,3.01515,Singlet,,,,,
479,Spurious,,,3.194352,Multiplet,,,,,
479,Spurious,,,3.2885900000000006,Triplet,,,,,
479,Spurious,,,3.365495,Doublet,,,,,
479,Spurious,,,3.4442325000000005,Quartet,,,,,
479,Spurious,,,3.50588,Singlet,,,,,
479,Spurious,,,3.56447,Quartet,,,,,
479,Spurious,,,3.61818,Singlet,,,,,
479,Spurious,,,3.69712,Triplet,,,,,
479,Spurious,,,3.860288333333333,Multiplet,,,,,
479,Spurious,,,4.036885,Multiplet,,,,,
479,Spurious,,,4.1797075,Quartet,,,,,
479,Spurious,,,4.313288571428571,Multiplet,,,,,
479,Spurious,,,4.477155,Multiplet,,,,,
479,Spurious,,,4.59963,Doublet,,,,,
479,Spurious,,,4.67532,Singlet,,,,,
479,Spurious,,,4.71438,Singlet,,,,,
479,Spurious,,,4.74612,Singlet,,,,,
479,Spurious,,,4.78925,Triplet,,,,,
479,Spurious,,,4.83889,Singlet,,,,,
479,Spurious,,,4.87795,Singlet,,,,,
479,Spurious,,,4.93167,Singlet,,,,,
479,Spurious,,,5.047226666666667,Multiplet,,,,,
479,Spurious,,,5.13186,Singlet,,,,,
479,Spurious,,,5.1888266666666665,Triplet,,,,,
479,Spurious,,,5.268585,Doublet,,,,,
479,Spurious,,,5.31985,Singlet,,,,,
479,Spurious,,,5.4010275,Quartet,,,,,
479,Spurious,,,5.46145,Singlet,,,,,
479,Spurious,,,5.52737,Singlet,,,,,
479,Spurious,,,5.56888,Singlet,,,,,
479,Spurious,,,5.636015,Doublet,,,,,
479,Spurious,,,5.68606,Singlet,,,,,
479,Spurious,,,5.73245,Singlet,,,,,
479,Spurious,,,5.78372,Singlet,,,,,
479,Spurious,,,5.843535,Doublet,,,,,
479,Spurious,,,5.88626,Singlet,,,,,
479,Spurious,,,5.918,Singlet,,,,,
479,Spurious,,,5.94974,Singlet,,,,,
479,Spurious,,,6.014026666666666,Triplet,,,,,
479,Spurious,,,6.1035466666666665,Triplet,,,,,
479,Spurious,,,6.165393333333334,Triplet,,,,,
479,Spurious,,,6.284212500000001,Quartet,,,,,
479,Spurious,,,6.34281,Singlet,,,,,
479,Spurious,,,6.38431,Singlet,,,,,
479,Spurious,,,6.4368,Doublet,,,,,
479,Spurious,,,6.588575,Multiplet,,,,,
479,Spurious,,,6.72025,Multiplet,,,,,
479,Spurious,,,6.826555714285715,Multiplet,,,,,
479,Spurious,,,6.90921,Singlet,,,,,
479,Spurious,,,6.94828,Singlet,,,,,
479,Spurious,,,6.98734,Doublet,,,,,
479,Spurious,,,7.03861,Singlet,,,,,
479,Spurious,,,7.136675,Multiplet,,,,,
479,Spurious,,,7.22904,Singlet,,,,,
479,Spurious,,,7.299436666666668,Multiplet,,,,,
479,Spurious,,,7.440745714285714,Multiplet,,,,,
479,Spurious,,,7.670238571428571,Multiplet,,,,,
479,Spurious,,,7.801143333333333,Triplet,,,,,
479,Spurious,,,7.91813,Quartet,,,,,
479,Spurious,,,7.991985,Doublet,,,,,
479,Spurious,,,8.08891,Multiplet,,,,,
479,Spurious,,,8.17387,Singlet,,,,,
479,Spurious,,,8.2800725,Quartet,,,,,
479,Spurious,,,8.35453,Singlet,,,,,
479,Spurious,,,8.43388,Quartet,,,,,
479,Spurious,,,8.504685,Doublet,,,,,
479,Spurious,,,8.616308888888888,Multiplet,,,,,
479,Spurious,,,8.761436666666667,Triplet,,,,,
479,Spurious,,,8.81352,Doublet,,,,,
479,Spurious,,,8.86235,Singlet,,,,,
479,Spurious,,,8.918505,Doublet,,,,,
479,Spurious,,,8.985032499999999,Quartet,,,,,
479,Spurious,,,9.14102,Multiplet,,,,,
479,Spurious,,,9.241990000000001,Doublet,,,,,
479,Spurious,,,9.2896,Singlet,,,,,
479,Spurious,,,9.35063,Singlet,,,,,
479,Spurious,,,9.386035,Doublet,,,,,
479,Spurious,,,9.425095,Doublet,,,,,
479,Spurious,,,9.46294,Singlet,,,,,
479,Spurious,,,9.50932,Singlet,,,,,
479,Spurious,,,9.57158,Doublet,,,,,
479,Spurious,,,9.670455,Doublet,,,,,
479,Spurious,,,9.714405,Doublet,,,,,
479,Spurious,,,9.78602,Triplet,,,,,
479,Spurious,,,9.87147,Triplet,,,,,
479,Spurious,,,9.966479999999999,Quartet,,,,,
480,Matched,1.219246,Multiplet,1.214605,Doublet,0.004641000000000117,0.0054176910780370235,0.015768175944685936,0.010350484866648912,191.04974273282437
480,Matched,1.42335,Singlet,1.441655,Doublet,0.018305000000000016,0.0035578603856265545,0.0056093474850058556,0.002051487099379301,57.660697077016565
480,Matched,2.61964,Triplet,2.63917,Singlet,0.019530000000000047,0.0011975121451541781,0.008645756170153618,0.00744824402499944,621.9764914401338
480,Matched,2.97853,Singlet,3.01515,Singlet,0.0366200000000001,0.0011863525724038482,0.005490527488291264,0.004304174915887415,362.8073994197253
480,Matched,3.172866,Multiplet,3.194352,Multiplet,0.021485999999999894,0.003606923157349229,0.01369388122111559,0.01008695806376636,279.6554743123329
480,Matched,6.97269,Singlet,6.98734,Doublet,0.014649999999999608,0.0004742807359434664,0.005282917991280556,0.004808637255337089,1013.8799430197123
480,Matched,7.06058,Singlet,7.03861,Singlet,0.0219699999999996,0.0005340576171875,0.005114500876516104,0.004580443259328604,857.6683698381696
480,Missed,4.11379,Doublet,,,,,,,
480,Spurious,,,0.0341799,Singlet,,,,,
480,Spurious,,,0.09684283333333332,Triplet,,,,,
480,Spurious,,,0.19043100000000002,Triplet,,,,,
480,Spurious,,,0.335695,Doublet,,,,,
480,Spurious,,,0.406903,Triplet,,,,,
480,Spurious,,,0.4992705,Doublet,,,,,
480,Spurious,,,0.539553,Singlet,,,,,
480,Spurious,,,0.610355,Singlet,,,,,
480,Spurious,,,0.6811555,Doublet,,,,,
480,Spurious,,,0.720218,Singlet,,,,,
480,Spurious,,,0.7666055,Doublet,,,,,
480,Spurious,,,0.8361855,Doublet,,,,,
480,Spurious,,,0.91064925,Quartet,,,,,
480,Spurious,,,1.0246987142857145,Multiplet,,,,,
480,Spurious,,,1.15967,Singlet,,,,,
480,Spurious,,,1.2866266666666668,Triplet,,,,,
480,Spurious,,,1.384285,Quartet,,,,,
480,Spurious,,,1.511235,Doublet,,,,,
480,Spurious,,,1.6049859999999998,Multiplet,,,,,
480,Spurious,,,1.7285233333333334,Triplet,,,,,
480,Spurious,,,1.828624,Multiplet,,,,,
480,Spurious,,,1.9275,Doublet,,,,,
480,Spurious,,,1.989755,Doublet,,,,,
480,Spurious,,,2.165782,Multiplet,,,,,
480,Spurious,,,2.280285,Doublet,,,,,
480,Spurious,,,2.3407074999999997,Quartet,,,,,
480,Spurious,,,2.4458949999999997,Multiplet,,,,,
480,Spurious,,,2.5520933333333335,Triplet,,,,,
480,Spurious,,,2.70143,Doublet,,,,,
480,Spurious,,,2.7895659999999998,Multiplet,,,,,
480,Spurious,,,2.87111,Singlet,,,,,
480,Spurious,,,2.935074,Multiplet,,,,,
480,Spurious,,,3.2885900000000006,Triplet,,,,,
480,Spurious,,,3.365495,Doublet,,,,,
480,Spurious,,,3.4442325000000005,Quartet,,,,,
480,Spurious,,,3.50588,Singlet,,,,,
480,Spurious,,,3.56447,Quartet,,,,,
480,Spurious,,,3.61818,Singlet,,,,,
480,Spurious,,,3.69712,Triplet,,,,,
480,Spurious,,,3.860288333333333,Multiplet,,,,,
480,Spurious,,,4.036885,Multiplet,,,,,
480,Spurious,,,4.1797075,Quartet,,,,,
480,Spurious,,,4.313288571428571,Multiplet,,,,,
480,Spurious,,,4.477155,Multiplet,,,,,
480,Spurious,,,4.59963,Doublet,,,,,
480,Spurious,,,4.67532,Singlet,,,,,
480,Spurious,,,4.71438,Singlet,,,,,
480,Spurious,,,4.74612,Singlet,,,,,
480,Spurious,,,4.78925,Triplet,,,,,
480,Spurious,,,4.83889,Singlet,,,,,
480,Spurious,,,4.87795,Singlet,,,,,
480,Spurious,,,4.93167,Singlet,,,,,
480,Spurious,,,5.047226666666667,Multiplet,,,,,
480,Spurious,,,5.13186,Singlet,,,,,
480,Spurious,,,5.1888266666666665,Triplet,,,,,
480,Spurious,,,5.268585,Doublet,,,,,
480,Spurious,,,5.31985,Singlet,,,,,
480,Spurious,,,5.4010275,Quartet,,,,,
480,Spurious,,,5.46145,Singlet,,,,,
480,Spurious,,,5.52737,Singlet,,,,,
480,Spurious,,,5.56888,Singlet,,,,,
480,Spurious,,,5.636015,Doublet,,,,,
480,Spurious,,,5.68606,Singlet,,,,,
480,Spurious,,,5.73245,Singlet,,,,,
480,Spurious,,,5.78372,Singlet,,,,,
480,Spurious,,,5.843535,Doublet,,,,,
480,Spurious,,,5.88626,Singlet,,,,,
480,Spurious,,,5.918,Singlet,,,,,
480,Spurious,,,5.94974,Singlet,,,,,
480,Spurious,,,6.014026666666666,Triplet,,,,,
480,Spurious,,,6.1035466666666665,Triplet,,,,,
480,Spurious,,,6.165393333333334,Triplet,,,,,
480,Spurious,,,6.284212500000001,Quartet,,,,,
480,Spurious,,,6.34281,Singlet,,,,,
480,Spurious,,,6.38431,Singlet,,,,,
480,Spurious,,,6.4368,Doublet,,,,,
480,Spurious,,,6.588575,Multiplet,,,,,
480,Spurious,,,6.72025,Multiplet,,,,,
480,Spurious,,,6.826555714285715,Multiplet,,,,,
480,Spurious,,,6.90921,Singlet,,,,,
480,Spurious,,,6.94828,Singlet,,,,,
480,Spurious,,,7.136675,Multiplet,,,,,
480,Spurious,,,7.22904,Singlet,,,,,
480,Spurious,,,7.299436666666668,Multiplet,,,,,
480,Spurious,,,7.440745714285714,Multiplet,,,,,
480,Spurious,,,7.56351,Singlet,,,,,
480,Spurious,,,7.670238571428571,Multiplet,,,,,
480,Spurious,,,7.801143333333333,Triplet,,,,,
480,Spurious,,,7.91813,Quartet,,,,,
480,Spurious,,,7.991985,Doublet,,,,,
480,Spurious,,,8.08891,Multiplet,,,,,
480,Spurious,,,8.17387,Singlet,,,,,
480,Spurious,,,8.2800725,Quartet,,,,,
480,Spurious,,,8.35453,Singlet,,,,,
480,Spurious,,,8.43388,Quartet,,,,,
480,Spurious,,,8.504685,Doublet,,,,,
480,Spurious,,,8.616308888888888,Multiplet,,,,,
480,Spurious,,,8.761436666666667,Triplet,,,,,
480,Spurious,,,8.81352,Doublet,,,,,
480,Spurious,,,8.86235,Singlet,,,,,
480,Spurious,,,8.918505,Doublet,,,,,
480,Spurious,,,8.985032499999999,Quartet,,,,,
480,Spurious,,,9.14102,Multiplet,,,,,
480,Spurious,,,9.241990000000001,Doublet,,,,,
480,Spurious,,,9.2896,Singlet,,,,,
480,Spurious,,,9.35063,Singlet,,,,,
480,Spurious,,,9.386035,Doublet,,,,,
480,Spurious,,,9.425095,Doublet,,,,,
480,Spurious,,,9.46294,Singlet,,,,,
480,Spurious,,,9.50932,Singlet,,,,,
480,Spurious,,,9.57158,Doublet,,,,,
480,Spurious,,,9.670455,Doublet,,,,,
480,Spurious,,,9.714405,Doublet,,,,,
480,Spurious,,,9.78602,Triplet,,,,,
480,Spurious,,,9.87147,Triplet,,,,,
480,Spurious,,,9.966479999999999,Quartet,,,,,
481,Matched,0.993657,Singlet,1.0246987142857145,Multiplet,0.03104171428571445,0.003557276213541627,0.005420692730695009,0.0018634165171533823,52.3832394588826
481,Matched,1.26954,Singlet,1.2866266666666668,Triplet,0.017086666666666916,0.0035729054361581802,0.005997737869620323,0.002424832433462143,67.86724353022565
481,Matched,1.50147,Singlet,1.511235,Doublet,0.009765000000000024,0.00355945760384202,0.005369693506509066,0.0018102359026670456,50.857071614313
481,Matched,1.6504,Singlet,1.6049859999999998,Multiplet,0.04541400000000029,0.000731221807654947,0.005435476079583168,0.004704254271928221,643.3416266693307
481,Matched,1.9274983333333333,Multiplet,1.9275,Doublet,1.6666666666775853e-06,0.002259141532704234,0.015409834682941437,0.013150693150237203,582.1101936227776
481,Matched,2.29298,Multiplet,2.280285,Doublet,0.0126949999999999,0.002403245074674487,0.010532243177294731,0.008128998102620244,338.2509003465364
481,Matched,2.385266666666667,Triplet,2.3407074999999997,Quartet,0.04455916666666715,0.001329754013568163,0.007267372217029333,0.00593761820346117,446.52004377325454
481,Matched,2.43898,Singlet,2.4458949999999997,Multiplet,0.006914999999999782,0.0008718623430468142,0.0052897511050105095,0.004417888761963695,506.71861185389895
481,Matched,2.66115,Singlet,2.63917,Singlet,0.02198000000000011,0.0008627610513940454,0.005153760313987732,0.004290999262593687,497.35662680417823
481,Matched,3.308123333333333,Triplet,3.2885900000000006,Triplet,0.019533333333332514,0.001195551361888647,0.00795658864080906,0.006761037278920412,565.5162542109279
481,Matched,4.2956775,Quartet,4.313288571428571,Multiplet,0.0176110714285711,0.00222613662481308,0.010275471024215221,0.008049334399402142,361.58312610655753
481,Matched,4.4891575,Quartet,4.477155,Multiplet,0.01200250000000036,0.001200586324557662,0.010420680046081543,0.009220093721523881,767.9659123987511
481,Matched,4.865745,Doublet,4.87795,Singlet,0.0122049999999998,0.0011915937066078186,0.006433476693928242,0.005241882987320423,439.9052259383617
481,Matched,6.10599,Singlet,6.1035466666666665,Triplet,0.002443333333333797,0.0011854839976876974,0.005303709767758846,0.004118225770071149,347.3877148998893
481,Matched,6.268345,Doublet,6.284212500000001,Quartet,0.01586750000000059,0.0011955292429775,0.008217320777475834,0.007021791534498334,587.3374972418375
481,Matched,7.2412475,Quartet,7.22904,Singlet,0.012207499999999705,0.0011973344953730702,0.009373165667057037,0.008175831171683967,682.8360164413796
481,Missed,1.32325,Singlet,,,,,,,
481,Missed,2.043465,Quartet,,,,,,,
481,Spurious,,,0.0341799,Singlet,,,,,
481,Spurious,,,0.09684283333333332,Triplet,,,,,
481,Spurious,,,0.19043100000000002,Triplet,,,,,
481,Spurious,,,0.335695,Doublet,,,,,
481,Spurious,,,0.406903,Triplet,,,,,
481,Spurious,,,0.4992705,Doublet,,,,,
481,Spurious,,,0.539553,Singlet,,,,,
481,Spurious,,,0.610355,Singlet,,,,,
481,Spurious,,,0.6811555,Doublet,,,,,
481,Spurious,,,0.720218,Singlet,,,,,
481,Spurious,,,0.7666055,Doublet,,,,,
481,Spurious,,,0.8361855,Doublet,,,,,
481,Spurious,,,0.91064925,Quartet,,,,,
481,Spurious,,,1.15967,Singlet,,,,,
481,Spurious,,,1.214605,Doublet,,,,,
481,Spurious,,,1.384285,Quartet,,,,,
481,Spurious,,,1.441655,Doublet,,,,,
481,Spurious,,,1.7285233333333334,Triplet,,,,,
481,Spurious,,,1.828624,Multiplet,,,,,
481,Spurious,,,1.989755,Doublet,,,,,
481,Spurious,,,2.165782,Multiplet,,,,,
481,Spurious,,,2.5520933333333335,Triplet,,,,,
481,Spurious,,,2.70143,Doublet,,,,,
481,Spurious,,,2.7895659999999998,Multiplet,,,,,
481,Spurious,,,2.87111,Singlet,,,,,
481,Spurious,,,2.935074,Multiplet,,,,,
481,Spurious,,,3.01515,Singlet,,,,,
481,Spurious,,,3.194352,Multiplet,,,,,
481,Spurious,,,3.365495,Doublet,,,,,
481,Spurious,,,3.4442325000000005,Quartet,,,,,
481,Spurious,,,3.50588,Singlet,,,,,
481,Spurious,,,3.56447,Quartet,,,,,
481,Spurious,,,3.61818,Singlet,,,,,
481,Spurious,,,3.69712,Triplet,,,,,
481,Spurious,,,3.860288333333333,Multiplet,,,,,
481,Spurious,,,4.036885,Multiplet,,,,,
481,Spurious,,,4.1797075,Quartet,,,,,
481,Spurious,,,4.59963,Doublet,,,,,
481,Spurious,,,4.67532,Singlet,,,,,
481,Spurious,,,4.71438,Singlet,,,,,
481,Spurious,,,4.74612,Singlet,,,,,
481,Spurious,,,4.78925,Triplet,,,,,
481,Spurious,,,4.83889,Singlet,,,,,
481,Spurious,,,4.93167,Singlet,,,,,
481,Spurious,,,5.047226666666667,Multiplet,,,,,
481,Spurious,,,5.13186,Singlet,,,,,
481,Spurious,,,5.1888266666666665,Triplet,,,,,
481,Spurious,,,5.268585,Doublet,,,,,
481,Spurious,,,5.31985,Singlet,,,,,
481,Spurious,,,5.4010275,Quartet,,,,,
481,Spurious,,,5.46145,Singlet,,,,,
481,Spurious,,,5.52737,Singlet,,,,,
481,Spurious,,,5.56888,Singlet,,,,,
481,Spurious,,,5.636015,Doublet,,,,,
481,Spurious,,,5.68606,Singlet,,,,,
481,Spurious,,,5.73245,Singlet,,,,,
481,Spurious,,,5.78372,Singlet,,,,,
481,Spurious,,,5.843535,Doublet,,,,,
481,Spurious,,,5.88626,Singlet,,,,,
481,Spurious,,,5.918,Singlet,,,,,
481,Spurious,,,5.94974,Singlet,,,,,
481,Spurious,,,6.014026666666666,Triplet,,,,,
481,Spurious,,,6.165393333333334,Triplet,,,,,
481,Spurious,,,6.34281,Singlet,,,,,
481,Spurious,,,6.38431,Singlet,,,,,
481,Spurious,,,6.4368,Doublet,,,,,
481,Spurious,,,6.588575,Multiplet,,,,,
481,Spurious,,,6.72025,Multiplet,,,,,
481,Spurious,,,6.826555714285715,Multiplet,,,,,
481,Spurious,,,6.90921,Singlet,,,,,
481,Spurious,,,6.94828,Singlet,,,,,
481,Spurious,,,6.98734,Doublet,,,,,
481,Spurious,,,7.03861,Singlet,,,,,
481,Spurious,,,7.136675,Multiplet,,,,,
481,Spurious,,,7.299436666666668,Multiplet,,,,,
481,Spurious,,,7.440745714285714,Multiplet,,,,,
481,Spurious,,,7.56351,Singlet,,,,,
481,Spurious,,,7.670238571428571,Multiplet,,,,,
481,Spurious,,,7.801143333333333,Triplet,,,,,
481,Spurious,,,7.91813,Quartet,,,,,
481,Spurious,,,7.991985,Doublet,,,,,
481,Spurious,,,8.08891,Multiplet,,,,,
481,Spurious,,,8.17387,Singlet,,,,,
481,Spurious,,,8.2800725,Quartet,,,,,
481,Spurious,,,8.35453,Singlet,,,,,
481,Spurious,,,8.43388,Quartet,,,,,
481,Spurious,,,8.504685,Doublet,,,,,
481,Spurious,,,8.616308888888888,Multiplet,,,,,
481,Spurious,,,8.761436666666667,Triplet,,,,,
481,Spurious,,,8.81352,Doublet,,,,,
481,Spurious,,,8.86235,Singlet,,,,,
481,Spurious,,,8.918505,Doublet,,,,,
481,Spurious,,,8.985032499999999,Quartet,,,,,
481,Spurious,,,9.14102,Multiplet,,,,,
481,Spurious,,,9.241990000000001,Doublet,,,,,
481,Spurious,,,9.2896,Singlet,,,,,
481,Spurious,,,9.35063,Singlet,,,,,
481,Spurious,,,9.386035,Doublet,,,,,
481,Spurious,,,9.425095,Doublet,,,,,
481,Spurious,,,9.46294,Singlet,,,,,
481,Spurious,,,9.50932,Singlet,,,,,
481,Spurious,,,9.57158,Doublet,,,,,
481,Spurious,,,9.670455,Doublet,,,,,
481,Spurious,,,9.714405,Doublet,,,,,
481,Spurious,,,9.78602,Triplet,,,,,
481,Spurious,,,9.87147,Triplet,,,,,
481,Spurious,,,9.966479999999999,Quartet,,,,,
482,Matched,6.72855,Doublet,6.72025,Multiplet,0.008300000000000196,0.00452030124142766,0.006470577325671911,0.0019502760842442513,43.14482553442146
482,Matched,6.826206666666667,Triplet,6.826555714285715,Multiplet,0.0003490476190481928,0.004560322035104036,0.008596347644925117,0.004036025609821081,88.5030833075587
482,Matched,6.981235,Quartet,6.98734,Doublet,0.006104999999999805,0.00228899740613997,0.00897915381938219,0.006690156413242221,292.2745301194598
482,Matched,7.091506666666667,Triplet,7.136675,Multiplet,0.0451683333333337,0.006813784129917622,0.007845244370400906,0.001031460240483284,15.137847352022794
482,Matched,8.320355,Doublet,8.35453,Singlet,0.03417500000000118,0.00451888982206583,0.006717783864587545,0.002198894042521715,48.66004990394922
482,Spurious,,,0.0341799,Singlet,,,,,
482,Spurious,,,0.09684283333333332,Triplet,,,,,
482,Spurious,,,0.19043100000000002,Triplet,,,,,
482,Spurious,,,0.335695,Doublet,,,,,
482,Spurious,,,0.406903,Triplet,,,,,
482,Spurious,,,0.4992705,Doublet,,,,,
482,Spurious,,,0.539553,Singlet,,,,,
482,Spurious,,,0.610355,Singlet,,,,,
482,Spurious,,,0.6811555,Doublet,,,,,
482,Spurious,,,0.720218,Singlet,,,,,
482,Spurious,,,0.7666055,Doublet,,,,,
482,Spurious,,,0.8361855,Doublet,,,,,
482,Spurious,,,0.91064925,Quartet,,,,,
482,Spurious,,,1.0246987142857145,Multiplet,,,,,
482,Spurious,,,1.15967,Singlet,,,,,
482,Spurious,,,1.214605,Doublet,,,,,
482,Spurious,,,1.2866266666666668,Triplet,,,,,
482,Spurious,,,1.384285,Quartet,,,,,
482,Spurious,,,1.441655,Doublet,,,,,
482,Spurious,,,1.511235,Doublet,,,,,
482,Spurious,,,1.6049859999999998,Multiplet,,,,,
482,Spurious,,,1.7285233333333334,Triplet,,,,,
482,Spurious,,,1.828624,Multiplet,,,,,
482,Spurious,,,1.9275,Doublet,,,,,
482,Spurious,,,1.989755,Doublet,,,,,
482,Spurious,,,2.165782,Multiplet,,,,,
482,Spurious,,,2.280285,Doublet,,,,,
482,Spurious,,,2.3407074999999997,Quartet,,,,,
482,Spurious,,,2.4458949999999997,Multiplet,,,,,
482,Spurious,,,2.5520933333333335,Triplet,,,,,
482,Spurious,,,2.63917,Singlet,,,,,
482,Spurious,,,2.70143,Doublet,,,,,
482,Spurious,,,2.7895659999999998,Multiplet,,,,,
482,Spurious,,,2.87111,Singlet,,,,,
482,Spurious,,,2.935074,Multiplet,,,,,
482,Spurious,,,3.01515,Singlet,,,,,
482,Spurious,,,3.194352,Multiplet,,,,,
482,Spurious,,,3.2885900000000006,Triplet,,,,,
482,Spurious,,,3.365495,Doublet,,,,,
482,Spurious,,,3.4442325000000005,Quartet,,,,,
482,Spurious,,,3.50588,Singlet,,,,,
482,Spurious,,,3.56447,Quartet,,,,,
482,Spurious,,,3.61818,Singlet,,,,,
482,Spurious,,,3.69712,Triplet,,,,,
482,Spurious,,,3.860288333333333,Multiplet,,,,,
482,Spurious,,,4.036885,Multiplet,,,,,
482,Spurious,,,4.1797075,Quartet,,,,,
482,Spurious,,,4.313288571428571,Multiplet,,,,,
482,Spurious,,,4.477155,Multiplet,,,,,
482,Spurious,,,4.59963,Doublet,,,,,
482,Spurious,,,4.67532,Singlet,,,,,
482,Spurious,,,4.71438,Singlet,,,,,
482,Spurious,,,4.74612,Singlet,,,,,
482,Spurious,,,4.78925,Triplet,,,,,
482,Spurious,,,4.83889,Singlet,,,,,
482,Spurious,,,4.87795,Singlet,,,,,
482,Spurious,,,4.93167,Singlet,,,,,
482,Spurious,,,5.047226666666667,Multiplet,,,,,
482,Spurious,,,5.13186,Singlet,,,,,
482,Spurious,,,5.1888266666666665,Triplet,,,,,
482,Spurious,,,5.268585,Doublet,,,,,
482,Spurious,,,5.31985,Singlet,,,,,
482,Spurious,,,5.4010275,Quartet,,,,,
482,Spurious,,,5.46145,Singlet,,,,,
482,Spurious,,,5.52737,Singlet,,,,,
482,Spurious,,,5.56888,Singlet,,,,,
482,Spurious,,,5.636015,Doublet,,,,,
482,Spurious,,,5.68606,Singlet,,,,,
482,Spurious,,,5.73245,Singlet,,,,,
482,Spurious,,,5.78372,Singlet,,,,,
482,Spurious,,,5.843535,Doublet,,,,,
482,Spurious,,,5.88626,Singlet,,,,,
482,Spurious,,,5.918,Singlet,,,,,
482,Spurious,,,5.94974,Singlet,,,,,
482,Spurious,,,6.014026666666666,Triplet,,,,,
482,Spurious,,,6.1035466666666665,Triplet,,,,,
482,Spurious,,,6.165393333333334,Triplet,,,,,
482,Spurious,,,6.284212500000001,Quartet,,,,,
482,Spurious,,,6.34281,Singlet,,,,,
482,Spurious,,,6.38431,Singlet,,,,,
482,Spurious,,,6.4368,Doublet,,,,,
482,Spurious,,,6.588575,Multiplet,,,,,
482,Spurious,,,6.90921,Singlet,,,,,
482,Spurious,,,6.94828,Singlet,,,,,
482,Spurious,,,7.03861,Singlet,,,,,
482,Spurious,,,7.22904,Singlet,,,,,
482,Spurious,,,7.299436666666668,Multiplet,,,,,
482,Spurious,,,7.440745714285714,Multiplet,,,,,
482,Spurious,,,7.56351,Singlet,,,,,
482,Spurious,,,7.670238571428571,Multiplet,,,,,
482,Spurious,,,7.801143333333333,Triplet,,,,,
482,Spurious,,,7.91813,Quartet,,,,,
482,Spurious,,,7.991985,Doublet,,,,,
482,Spurious,,,8.08891,Multiplet,,,,,
482,Spurious,,,8.17387,Singlet,,,,,
482,Spurious,,,8.2800725,Quartet,,,,,
482,Spurious,,,8.43388,Quartet,,,,,
482,Spurious,,,8.504685,Doublet,,,,,
482,Spurious,,,8.616308888888888,Multiplet,,,,,
482,Spurious,,,8.761436666666667,Triplet,,,,,
482,Spurious,,,8.81352,Doublet,,,,,
482,Spurious,,,8.86235,Singlet,,,,,
482,Spurious,,,8.918505,Doublet,,,,,
482,Spurious,,,8.985032499999999,Quartet,,,,,
482,Spurious,,,9.14102,Multiplet,,,,,
482,Spurious,,,9.241990000000001,Doublet,,,,,
482,Spurious,,,9.2896,Singlet,,,,,
482,Spurious,,,9.35063,Singlet,,,,,
482,Spurious,,,9.386035,Doublet,,,,,
482,Spurious,,,9.425095,Doublet,,,,,
482,Spurious,,,9.46294,Singlet,,,,,
482,Spurious,,,9.50932,Singlet,,,,,
482,Spurious,,,9.57158,Doublet,,,,,
482,Spurious,,,9.670455,Doublet,,,,,
482,Spurious,,,9.714405,Doublet,,,,,
482,Spurious,,,9.78602,Triplet,,,,,
482,Spurious,,,9.87147,Triplet,,,,,
482,Spurious,,,9.966479999999999,Quartet,,,,,
483,Matched,3.330095,Doublet,3.365495,Doublet,0.0354000000000001,0.0005843112012371421,0.006571060512214899,0.005986749310977757,1024.5823284411147
483,Matched,3.84035,Doublet,3.860288333333333,Multiplet,0.01993833333333317,0.005244455765932798,0.006314377300441265,0.0010699215345084667,20.401002168013644
483,Matched,5.90823,Singlet,5.918,Singlet,0.0097700000000005,0.0011623299214988947,0.005207209847867489,0.004044879926368594,347.9975738000857
483,Matched,6.20609,Singlet,6.165393333333334,Triplet,0.04069666666666549,0.000583672896027565,0.005159562919288874,0.004575890023261309,783.9819279607605
483,Matched,6.28909,Singlet,6.284212500000001,Quartet,0.004877499999999202,0.0011645699851214886,0.005199435167014599,0.00403486518189311,346.4682443685161
483,Matched,6.9141,Singlet,6.90921,Singlet,0.004890000000000505,0.0005812642048113048,0.005560852587223053,0.004979588382411748,856.6824416838582
483,Spurious,,,0.0341799,Singlet,,,,,
483,Spurious,,,0.09684283333333332,Triplet,,,,,
483,Spurious,,,0.19043100000000002,Triplet,,,,,
483,Spurious,,,0.335695,Doublet,,,,,
483,Spurious,,,0.406903,Triplet,,,,,
483,Spurious,,,0.4992705,Doublet,,,,,
483,Spurious,,,0.539553,Singlet,,,,,
483,Spurious,,,0.610355,Singlet,,,,,
483,Spurious,,,0.6811555,Doublet,,,,,
483,Spurious,,,0.720218,Singlet,,,,,
483,Spurious,,,0.7666055,Doublet,,,,,
483,Spurious,,,0.8361855,Doublet,,,,,
483,Spurious,,,0.91064925,Quartet,,,,,
483,Spurious,,,1.0246987142857145,Multiplet,,,,,
483,Spurious,,,1.15967,Singlet,,,,,
483,Spurious,,,1.214605,Doublet,,,,,
483,Spurious,,,1.2866266666666668,Triplet,,,,,
483,Spurious,,,1.384285,Quartet,,,,,
483,Spurious,,,1.441655,Doublet,,,,,
483,Spurious,,,1.511235,Doublet,,,,,
483,Spurious,,,1.6049859999999998,Multiplet,,,,,
483,Spurious,,,1.7285233333333334,Triplet,,,,,
483,Spurious,,,1.828624,Multiplet,,,,,
483,Spurious,,,1.9275,Doublet,,,,,
483,Spurious,,,1.989755,Doublet,,,,,
483,Spurious,,,2.165782,Multiplet,,,,,
483,Spurious,,,2.280285,Doublet,,,,,
483,Spurious,,,2.3407074999999997,Quartet,,,,,
483,Spurious,,,2.4458949999999997,Multiplet,,,,,
483,Spurious,,,2.5520933333333335,Triplet,,,,,
483,Spurious,,,2.63917,Singlet,,,,,
483,Spurious,,,2.70143,Doublet,,,,,
483,Spurious,,,2.7895659999999998,Multiplet,,,,,
483,Spurious,,,2.87111,Singlet,,,,,
483,Spurious,,,2.935074,Multiplet,,,,,
483,Spurious,,,3.01515,Singlet,,,,,
483,Spurious,,,3.194352,Multiplet,,,,,
483,Spurious,,,3.2885900000000006,Triplet,,,,,
483,Spurious,,,3.4442325000000005,Quartet,,,,,
483,Spurious,,,3.50588,Singlet,,,,,
483,Spurious,,,3.56447,Quartet,,,,,
483,Spurious,,,3.61818,Singlet,,,,,
483,Spurious,,,3.69712,Triplet,,,,,
483,Spurious,,,4.036885,Multiplet,,,,,
483,Spurious,,,4.1797075,Quartet,,,,,
483,Spurious,,,4.313288571428571,Multiplet,,,,,
483,Spurious,,,4.477155,Multiplet,,,,,
483,Spurious,,,4.59963,Doublet,,,,,
483,Spurious,,,4.67532,Singlet,,,,,
483,Spurious,,,4.71438,Singlet,,,,,
483,Spurious,,,4.74612,Singlet,,,,,
483,Spurious,,,4.78925,Triplet,,,,,
483,Spurious,,,4.83889,Singlet,,,,,
483,Spurious,,,4.87795,Singlet,,,,,
483,Spurious,,,4.93167,Singlet,,,,,
483,Spurious,,,5.047226666666667,Multiplet,,,,,
483,Spurious,,,5.13186,Singlet,,,,,
483,Spurious,,,5.1888266666666665,Triplet,,,,,
483,Spurious,,,5.268585,Doublet,,,,,
483,Spurious,,,5.31985,Singlet,,,,,
483,Spurious,,,5.4010275,Quartet,,,,,
483,Spurious,,,5.46145,Singlet,,,,,
483,Spurious,,,5.52737,Singlet,,,,,
483,Spurious,,,5.56888,Singlet,,,,,
483,Spurious,,,5.636015,Doublet,,,,,
483,Spurious,,,5.68606,Singlet,,,,,
483,Spurious,,,5.73245,Singlet,,,,,
483,Spurious,,,5.78372,Singlet,,,,,
483,Spurious,,,5.843535,Doublet,,,,,
483,Spurious,,,5.88626,Singlet,,,,,
483,Spurious,,,5.94974,Singlet,,,,,
483,Spurious,,,6.014026666666666,Triplet,,,,,
483,Spurious,,,6.1035466666666665,Triplet,,,,,
483,Spurious,,,6.34281,Singlet,,,,,
483,Spurious,,,6.38431,Singlet,,,,,
483,Spurious,,,6.4368,Doublet,,,,,
483,Spurious,,,6.588575,Multiplet,,,,,
483,Spurious,,,6.72025,Multiplet,,,,,
483,Spurious,,,6.826555714285715,Multiplet,,,,,
483,Spurious,,,6.94828,Singlet,,,,,
483,Spurious,,,6.98734,Doublet,,,,,
483,Spurious,,,7.03861,Singlet,,,,,
483,Spurious,,,7.136675,Multiplet,,,,,
483,Spurious,,,7.22904,Singlet,,,,,
483,Spurious,,,7.299436666666668,Multiplet,,,,,
483,Spurious,,,7.440745714285714,Multiplet,,,,,
483,Spurious,,,7.56351,Singlet,,,,,
483,Spurious,,,7.670238571428571,Multiplet,,,,,
483,Spurious,,,7.801143333333333,Triplet,,,,,
483,Spurious,,,7.91813,Quartet,,,,,
483,Spurious,,,7.991985,Doublet,,,,,
483,Spurious,,,8.08891,Multiplet,,,,,
483,Spurious,,,8.17387,Singlet,,,,,
483,Spurious,,,8.2800725,Quartet,,,,,
483,Spurious,,,8.35453,Singlet,,,,,
483,Spurious,,,8.43388,Quartet,,,,,
483,Spurious,,,8.504685,Doublet,,,,,
483,Spurious,,,8.616308888888888,Multiplet,,,,,
483,Spurious,,,8.761436666666667,Triplet,,,,,
483,Spurious,,,8.81352,Doublet,,,,,
483,Spurious,,,8.86235,Singlet,,,,,
483,Spurious,,,8.918505,Doublet,,,,,
483,Spurious,,,8.985032499999999,Quartet,,,,,
483,Spurious,,,9.14102,Multiplet,,,,,
483,Spurious,,,9.241990000000001,Doublet,,,,,
483,Spurious,,,9.2896,Singlet,,,,,
483,Spurious,,,9.35063,Singlet,,,,,
483,Spurious,,,9.386035,Doublet,,,,,
483,Spurious,,,9.425095,Doublet,,,,,
483,Spurious,,,9.46294,Singlet,,,,,
483,Spurious,,,9.50932,Singlet,,,,,
483,Spurious,,,9.57158,Doublet,,,,,
483,Spurious,,,9.670455,Doublet,,,,,
483,Spurious,,,9.714405,Doublet,,,,,
483,Spurious,,,9.78602,Triplet,,,,,
483,Spurious,,,9.87147,Triplet,,,,,
483,Spurious,,,9.966479999999999,Quartet,,,,,
484,Matched,0.8374066666666667,Triplet,0.8361855,Doublet,0.0012211666666667176,0.0035967433359473944,0.01018005795776844,0.006583314621821046,183.03542974625344
484,Matched,0.9094285,Doublet,0.91064925,Quartet,0.0012207499999999927,0.0035682199522852898,0.008054034784436226,0.004485814832150936,125.71576001860443
484,Matched,1.148685,Doublet,1.15967,Singlet,0.010985000000000023,0.007122094742953777,0.007479420397430658,0.00035732565447688103,5.017142671829802
484,Matched,1.33301,Singlet,1.2866266666666668,Triplet,0.04638333333333322,0.0008227878715842962,0.005287675186991692,0.004464887315407395,542.6535161256274
484,Matched,1.4495925,Quartet,1.441655,Doublet,0.007937500000000153,0.0019999388605356216,0.013199287466704845,0.011199348606169224,559.9845488861507
484,Matched,1.5838675,Quartet,1.6049859999999998,Multiplet,0.021118499999999818,0.002404813189059496,0.012147722765803337,0.009742909576743841,405.14205515290854
484,Matched,1.7545666666666666,Triplet,1.7285233333333334,Triplet,0.026043333333333196,0.002166414400562644,0.008919966407120228,0.006753552006557584,311.73869619790213
484,Matched,1.8774499999999998,Triplet,1.828624,Multiplet,0.048825999999999814,0.002243207534775138,0.008807758800685406,0.006564551265910268,292.6412810292342
484,Matched,2.3755,Singlet,2.3407074999999997,Quartet,0.03479250000000045,0.0016757280100136995,0.005268413107842207,0.0035926850978285074,214.39547924004304
484,Matched,2.5164950000000004,Quartet,2.5520933333333335,Triplet,0.035598333333333176,0.0012303510447964072,0.011610550805926323,0.010380199761129916,843.677892178129
484,Matched,2.760635,Quartet,2.7895659999999998,Multiplet,0.028930999999999596,0.001193328178487718,0.01119858305901289,0.010005254880525172,838.4328017129906
484,Matched,3.0298,Doublet,3.01515,Singlet,0.014649999999999608,0.001183556392788887,0.006528976373374462,0.005345419980585575,451.6404975000669
484,Matched,5.33938,Singlet,5.31985,Singlet,0.01953000000000049,0.001096966559998691,0.005162328481674194,0.004065361921675503,370.6003509970581
484,Matched,5.52371,Doublet,5.52737,Singlet,0.0036599999999999966,0.0011846486013382673,0.006755413021892309,0.005570764420554042,470.2461484579386
484,Matched,5.79349,Singlet,5.78372,Singlet,0.0097700000000005,0.0010135415941476822,0.005176440346986055,0.004162898752838373,410.7279638917119
484,Matched,6.00589,Doublet,6.014026666666666,Triplet,0.008136666666666237,0.0011859186924993992,0.007903867401182652,0.006717948708683252,566.4763319081131
484,Missed,1.076665,Doublet,,,,,,,
484,Missed,2.063,Singlet,,,,,,,
484,Spurious,,,0.0341799,Singlet,,,,,
484,Spurious,,,0.09684283333333332,Triplet,,,,,
484,Spurious,,,0.19043100000000002,Triplet,,,,,
484,Spurious,,,0.335695,Doublet,,,,,
484,Spurious,,,0.406903,Triplet,,,,,
484,Spurious,,,0.4992705,Doublet,,,,,
484,Spurious,,,0.539553,Singlet,,,,,
484,Spurious,,,0.610355,Singlet,,,,,
484,Spurious,,,0.6811555,Doublet,,,,,
484,Spurious,,,0.720218,Singlet,,,,,
484,Spurious,,,0.7666055,Doublet,,,,,
484,Spurious,,,1.0246987142857145,Multiplet,,,,,
484,Spurious,,,1.214605,Doublet,,,,,
484,Spurious,,,1.384285,Quartet,,,,,
484,Spurious,,,1.511235,Doublet,,,,,
484,Spurious,,,1.9275,Doublet,,,,,
484,Spurious,,,1.989755,Doublet,,,,,
484,Spurious,,,2.165782,Multiplet,,,,,
484,Spurious,,,2.280285,Doublet,,,,,
484,Spurious,,,2.4458949999999997,Multiplet,,,,,
484,Spurious,,,2.63917,Singlet,,,,,
484,Spurious,,,2.70143,Doublet,,,,,
484,Spurious,,,2.87111,Singlet,,,,,
484,Spurious,,,2.935074,Multiplet,,,,,
484,Spurious,,,3.194352,Multiplet,,,,,
484,Spurious,,,3.2885900000000006,Triplet,,,,,
484,Spurious,,,3.365495,Doublet,,,,,
484,Spurious,,,3.4442325000000005,Quartet,,,,,
484,Spurious,,,3.50588,Singlet,,,,,
484,Spurious,,,3.56447,Quartet,,,,,
484,Spurious,,,3.61818,Singlet,,,,,
484,Spurious,,,3.69712,Triplet,,,,,
484,Spurious,,,3.860288333333333,Multiplet,,,,,
484,Spurious,,,4.036885,Multiplet,,,,,
484,Spurious,,,4.1797075,Quartet,,,,,
484,Spurious,,,4.313288571428571,Multiplet,,,,,
484,Spurious,,,4.477155,Multiplet,,,,,
484,Spurious,,,4.59963,Doublet,,,,,
484,Spurious,,,4.67532,Singlet,,,,,
484,Spurious,,,4.71438,Singlet,,,,,
484,Spurious,,,4.74612,Singlet,,,,,
484,Spurious,,,4.78925,Triplet,,,,,
484,Spurious,,,4.83889,Singlet,,,,,
484,Spurious,,,4.87795,Singlet,,,,,
484,Spurious,,,4.93167,Singlet,,,,,
484,Spurious,,,5.047226666666667,Multiplet,,,,,
484,Spurious,,,5.13186,Singlet,,,,,
484,Spurious,,,5.1888266666666665,Triplet,,,,,
484,Spurious,,,5.268585,Doublet,,,,,
484,Spurious,,,5.4010275,Quartet,,,,,
484,Spurious,,,5.46145,Singlet,,,,,
484,Spurious,,,5.56888,Singlet,,,,,
484,Spurious,,,5.636015,Doublet,,,,,
484,Spurious,,,5.68606,Singlet,,,,,
484,Spurious,,,5.73245,Singlet,,,,,
484,Spurious,,,5.843535,Doublet,,,,,
484,Spurious,,,5.88626,Singlet,,,,,
484,Spurious,,,5.918,Singlet,,,,,
484,Spurious,,,5.94974,Singlet,,,,,
484,Spurious,,,6.1035466666666665,Triplet,,,,,
484,Spurious,,,6.165393333333334,Triplet,,,,,
484,Spurious,,,6.284212500000001,Quartet,,,,,
484,Spurious,,,6.34281,Singlet,,,,,
484,Spurious,,,6.38431,Singlet,,,,,
484,Spurious,,,6.4368,Doublet,,,,,
484,Spurious,,,6.588575,Multiplet,,,,,
484,Spurious,,,6.72025,Multiplet,,,,,
484,Spurious,,,6.826555714285715,Multiplet,,,,,
484,Spurious,,,6.90921,Singlet,,,,,
484,Spurious,,,6.94828,Singlet,,,,,
484,Spurious,,,6.98734,Doublet,,,,,
484,Spurious,,,7.03861,Singlet,,,,,
484,Spurious,,,7.136675,Multiplet,,,,,
484,Spurious,,,7.22904,Singlet,,,,,
484,Spurious,,,7.299436666666668,Multiplet,,,,,
484,Spurious,,,7.440745714285714,Multiplet,,,,,
484,Spurious,,,7.56351,Singlet,,,,,
484,Spurious,,,7.670238571428571,Multiplet,,,,,
484,Spurious,,,7.801143333333333,Triplet,,,,,
484,Spurious,,,7.91813,Quartet,,,,,
484,Spurious,,,7.991985,Doublet,,,,,
484,Spurious,,,8.08891,Multiplet,,,,,
484,Spurious,,,8.17387,Singlet,,,,,
484,Spurious,,,8.2800725,Quartet,,,,,
484,Spurious,,,8.35453,Singlet,,,,,
484,Spurious,,,8.43388,Quartet,,,,,
484,Spurious,,,8.504685,Doublet,,,,,
484,Spurious,,,8.616308888888888,Multiplet,,,,,
484,Spurious,,,8.761436666666667,Triplet,,,,,
484,Spurious,,,8.81352,Doublet,,,,,
484,Spurious,,,8.86235,Singlet,,,,,
484,Spurious,,,8.918505,Doublet,,,,,
484,Spurious,,,8.985032499999999,Quartet,,,,,
484,Spurious,,,9.14102,Multiplet,,,,,
484,Spurious,,,9.241990000000001,Doublet,,,,,
484,Spurious,,,9.2896,Singlet,,,,,
484,Spurious,,,9.35063,Singlet,,,,,
484,Spurious,,,9.386035,Doublet,,,,,
484,Spurious,,,9.425095,Doublet,,,,,
484,Spurious,,,9.46294,Singlet,,,,,
484,Spurious,,,9.50932,Singlet,,,,,
484,Spurious,,,9.57158,Doublet,,,,,
484,Spurious,,,9.670455,Doublet,,,,,
484,Spurious,,,9.714405,Doublet,,,,,
484,Spurious,,,9.78602,Triplet,,,,,
484,Spurious,,,9.87147,Triplet,,,,,
484,Spurious,,,9.966479999999999,Quartet,,,,,
485,Matched,1.14991,Singlet,1.15967,Singlet,0.009759999999999991,0.006265319883823395,0.005828330293297768,0.00043698959052562714,6.974737102472658
485,Matched,2.1936150000000003,Doublet,2.165782,Multiplet,0.02783300000000022,0.0020798954647034407,0.006940856575965881,0.004860961111262441,233.71179916273027
485,Matched,2.32301,Doublet,2.3407074999999997,Quartet,0.0176974999999997,0.0020368436817079782,0.007192857097834349,0.00515601341612637,253.1374136577255
485,Matched,5.91881,Triplet,5.918,Singlet,0.0008099999999995333,0.0020853159949183464,0.00710953027009964,0.0050242142751812935,240.93299468400346
485,Matched,6.40628,Singlet,6.38431,Singlet,0.0219699999999996,0.0020707808434963226,0.005253680050373077,0.0031828992068767548,153.7052661498801
485,Matched,6.9916125,Quartet,6.98734,Doublet,0.004272499999999901,0.0063011860474944115,0.012907332740724087,0.006606146693229675,104.8397340347779
485,Matched,7.10941,Triplet,7.136675,Multiplet,0.02726500000000076,0.004185729660093784,0.00831533968448639,0.004129610024392605,98.65926277475067
485,Matched,7.335486,Multiplet,7.299436666666668,Multiplet,0.03604933333333271,0.00840996578335762,0.013819936662912369,0.0054099708795547485,64.3280962005871
485,Missed,1.1108449999999999,Doublet,,,,,,,
485,Spurious,,,0.0341799,Singlet,,,,,
485,Spurious,,,0.09684283333333332,Triplet,,,,,
485,Spurious,,,0.19043100000000002,Triplet,,,,,
485,Spurious,,,0.335695,Doublet,,,,,
485,Spurious,,,0.406903,Triplet,,,,,
485,Spurious,,,0.4992705,Doublet,,,,,
485,Spurious,,,0.539553,Singlet,,,,,
485,Spurious,,,0.610355,Singlet,,,,,
485,Spurious,,,0.6811555,Doublet,,,,,
485,Spurious,,,0.720218,Singlet,,,,,
485,Spurious,,,0.7666055,Doublet,,,,,
485,Spurious,,,0.8361855,Doublet,,,,,
485,Spurious,,,0.91064925,Quartet,,,,,
485,Spurious,,,1.0246987142857145,Multiplet,,,,,
485,Spurious,,,1.214605,Doublet,,,,,
485,Spurious,,,1.2866266666666668,Triplet,,,,,
485,Spurious,,,1.384285,Quartet,,,,,
485,Spurious,,,1.441655,Doublet,,,,,
485,Spurious,,,1.511235,Doublet,,,,,
485,Spurious,,,1.6049859999999998,Multiplet,,,,,
485,Spurious,,,1.7285233333333334,Triplet,,,,,
485,Spurious,,,1.828624,Multiplet,,,,,
485,Spurious,,,1.9275,Doublet,,,,,
485,Spurious,,,1.989755,Doublet,,,,,
485,Spurious,,,2.280285,Doublet,,,,,
485,Spurious,,,2.4458949999999997,Multiplet,,,,,
485,Spurious,,,2.5520933333333335,Triplet,,,,,
485,Spurious,,,2.63917,Singlet,,,,,
485,Spurious,,,2.70143,Doublet,,,,,
485,Spurious,,,2.7895659999999998,Multiplet,,,,,
485,Spurious,,,2.87111,Singlet,,,,,
485,Spurious,,,2.935074,Multiplet,,,,,
485,Spurious,,,3.01515,Singlet,,,,,
485,Spurious,,,3.194352,Multiplet,,,,,
485,Spurious,,,3.2885900000000006,Triplet,,,,,
485,Spurious,,,3.365495,Doublet,,,,,
485,Spurious,,,3.4442325000000005,Quartet,,,,,
485,Spurious,,,3.50588,Singlet,,,,,
485,Spurious,,,3.56447,Quartet,,,,,
485,Spurious,,,3.61818,Singlet,,,,,
485,Spurious,,,3.69712,Triplet,,,,,
485,Spurious,,,3.860288333333333,Multiplet,,,,,
485,Spurious,,,4.036885,Multiplet,,,,,
485,Spurious,,,4.1797075,Quartet,,,,,
485,Spurious,,,4.313288571428571,Multiplet,,,,,
485,Spurious,,,4.477155,Multiplet,,,,,
485,Spurious,,,4.59963,Doublet,,,,,
485,Spurious,,,4.67532,Singlet,,,,,
485,Spurious,,,4.71438,Singlet,,,,,
485,Spurious,,,4.74612,Singlet,,,,,
485,Spurious,,,4.78925,Triplet,,,,,
485,Spurious,,,4.83889,Singlet,,,,,
485,Spurious,,,4.87795,Singlet,,,,,
485,Spurious,,,4.93167,Singlet,,,,,
485,Spurious,,,5.047226666666667,Multiplet,,,,,
485,Spurious,,,5.13186,Singlet,,,,,
485,Spurious,,,5.1888266666666665,Triplet,,,,,
485,Spurious,,,5.268585,Doublet,,,,,
485,Spurious,,,5.31985,Singlet,,,,,
485,Spurious,,,5.4010275,Quartet,,,,,
485,Spurious,,,5.46145,Singlet,,,,,
485,Spurious,,,5.52737,Singlet,,,,,
485,Spurious,,,5.56888,Singlet,,,,,
485,Spurious,,,5.636015,Doublet,,,,,
485,Spurious,,,5.68606,Singlet,,,,,
485,Spurious,,,5.73245,Singlet,,,,,
485,Spurious,,,5.78372,Singlet,,,,,
485,Spurious,,,5.843535,Doublet,,,,,
485,Spurious,,,5.88626,Singlet,,,,,
485,Spurious,,,5.94974,Singlet,,,,,
485,Spurious,,,6.014026666666666,Triplet,,,,,
485,Spurious,,,6.1035466666666665,Triplet,,,,,
485,Spurious,,,6.165393333333334,Triplet,,,,,
485,Spurious,,,6.284212500000001,Quartet,,,,,
485,Spurious,,,6.34281,Singlet,,,,,
485,Spurious,,,6.4368,Doublet,,,,,
485,Spurious,,,6.588575,Multiplet,,,,,
485,Spurious,,,6.72025,Multiplet,,,,,
485,Spurious,,,6.826555714285715,Multiplet,,,,,
485,Spurious,,,6.90921,Singlet,,,,,
485,Spurious,,,6.94828,Singlet,,,,,
485,Spurious,,,7.03861,Singlet,,,,,
485,Spurious,,,7.22904,Singlet,,,,,
485,Spurious,,,7.440745714285714,Multiplet,,,,,
485,Spurious,,,7.56351,Singlet,,,,,
485,Spurious,,,7.670238571428571,Multiplet,,,,,
485,Spurious,,,7.801143333333333,Triplet,,,,,
485,Spurious,,,7.91813,Quartet,,,,,
485,Spurious,,,7.991985,Doublet,,,,,
485,Spurious,,,8.08891,Multiplet,,,,,
485,Spurious,,,8.17387,Singlet,,,,,
485,Spurious,,,8.2800725,Quartet,,,,,
485,Spurious,,,8.35453,Singlet,,,,,
485,Spurious,,,8.43388,Quartet,,,,,
485,Spurious,,,8.504685,Doublet,,,,,
485,Spurious,,,8.616308888888888,Multiplet,,,,,
485,Spurious,,,8.761436666666667,Triplet,,,,,
485,Spurious,,,8.81352,Doublet,,,,,
485,Spurious,,,8.86235,Singlet,,,,,
485,Spurious,,,8.918505,Doublet,,,,,
485,Spurious,,,8.985032499999999,Quartet,,,,,
485,Spurious,,,9.14102,Multiplet,,,,,
485,Spurious,,,9.241990000000001,Doublet,,,,,
485,Spurious,,,9.2896,Singlet,,,,,
485,Spurious,,,9.35063,Singlet,,,,,
485,Spurious,,,9.386035,Doublet,,,,,
485,Spurious,,,9.425095,Doublet,,,,,
485,Spurious,,,9.46294,Singlet,,,,,
485,Spurious,,,9.50932,Singlet,,,,,
485,Spurious,,,9.57158,Doublet,,,,,
485,Spurious,,,9.670455,Doublet,,,,,
485,Spurious,,,9.714405,Doublet,,,,,
485,Spurious,,,9.78602,Triplet,,,,,
485,Spurious,,,9.87147,Triplet,,,,,
485,Spurious,,,9.966479999999999,Quartet,,,,,
486,Matched,2.2717374999999995,Quartet,2.280285,Doublet,0.008547500000000596,0.010136568918824196,0.010453448630869389,0.0003168797120451927,3.126104252660175
486,Matched,2.530531666666667,Multiplet,2.5520933333333335,Triplet,0.02156166666666648,0.010135404765605927,0.009915029630064964,0.00022037513554096222,2.1743101596573235
486,Matched,3.158585,Quartet,3.194352,Multiplet,0.03576699999999988,0.010118827223777771,0.008229026570916176,0.0018898006528615952,18.67608380960235
486,Matched,3.4131033333333334,Triplet,3.4442325000000005,Quartet,0.031129166666667096,0.010067456401884556,0.006574784871190786,0.0034926715306937695,34.692690896977375
486,Matched,4.440126666666667,Triplet,4.477155,Multiplet,0.037028333333332775,0.02022518962621689,0.009198482148349285,0.011026707477867603,54.51967413731558
486,Spurious,,,0.0341799,Singlet,,,,,
486,Spurious,,,0.09684283333333332,Triplet,,,,,
486,Spurious,,,0.19043100000000002,Triplet,,,,,
486,Spurious,,,0.335695,Doublet,,,,,
486,Spurious,,,0.406903,Triplet,,,,,
486,Spurious,,,0.4992705,Doublet,,,,,
486,Spurious,,,0.539553,Singlet,,,,,
486,Spurious,,,0.610355,Singlet,,,,,
486,Spurious,,,0.6811555,Doublet,,,,,
486,Spurious,,,0.720218,Singlet,,,,,
486,Spurious,,,0.7666055,Doublet,,,,,
486,Spurious,,,0.8361855,Doublet,,,,,
486,Spurious,,,0.91064925,Quartet,,,,,
486,Spurious,,,1.0246987142857145,Multiplet,,,,,
486,Spurious,,,1.15967,Singlet,,,,,
486,Spurious,,,1.214605,Doublet,,,,,
486,Spurious,,,1.2866266666666668,Triplet,,,,,
486,Spurious,,,1.384285,Quartet,,,,,
486,Spurious,,,1.441655,Doublet,,,,,
486,Spurious,,,1.511235,Doublet,,,,,
486,Spurious,,,1.6049859999999998,Multiplet,,,,,
486,Spurious,,,1.7285233333333334,Triplet,,,,,
486,Spurious,,,1.828624,Multiplet,,,,,
486,Spurious,,,1.9275,Doublet,,,,,
486,Spurious,,,1.989755,Doublet,,,,,
486,Spurious,,,2.165782,Multiplet,,,,,
486,Spurious,,,2.3407074999999997,Quartet,,,,,
486,Spurious,,,2.4458949999999997,Multiplet,,,,,
486,Spurious,,,2.63917,Singlet,,,,,
486,Spurious,,,2.70143,Doublet,,,,,
486,Spurious,,,2.7895659999999998,Multiplet,,,,,
486,Spurious,,,2.87111,Singlet,,,,,
486,Spurious,,,2.935074,Multiplet,,,,,
486,Spurious,,,3.01515,Singlet,,,,,
486,Spurious,,,3.2885900000000006,Triplet,,,,,
486,Spurious,,,3.365495,Doublet,,,,,
486,Spurious,,,3.50588,Singlet,,,,,
486,Spurious,,,3.56447,Quartet,,,,,
486,Spurious,,,3.61818,Singlet,,,,,
486,Spurious,,,3.69712,Triplet,,,,,
486,Spurious,,,3.860288333333333,Multiplet,,,,,
486,Spurious,,,4.036885,Multiplet,,,,,
486,Spurious,,,4.1797075,Quartet,,,,,
486,Spurious,,,4.313288571428571,Multiplet,,,,,
486,Spurious,,,4.59963,Doublet,,,,,
486,Spurious,,,4.67532,Singlet,,,,,
486,Spurious,,,4.71438,Singlet,,,,,
486,Spurious,,,4.74612,Singlet,,,,,
486,Spurious,,,4.78925,Triplet,,,,,
486,Spurious,,,4.83889,Singlet,,,,,
486,Spurious,,,4.87795,Singlet,,,,,
486,Spurious,,,4.93167,Singlet,,,,,
486,Spurious,,,5.047226666666667,Multiplet,,,,,
486,Spurious,,,5.13186,Singlet,,,,,
486,Spurious,,,5.1888266666666665,Triplet,,,,,
486,Spurious,,,5.268585,Doublet,,,,,
486,Spurious,,,5.31985,Singlet,,,,,
486,Spurious,,,5.4010275,Quartet,,,,,
486,Spurious,,,5.46145,Singlet,,,,,
486,Spurious,,,5.52737,Singlet,,,,,
486,Spurious,,,5.56888,Singlet,,,,,
486,Spurious,,,5.636015,Doublet,,,,,
486,Spurious,,,5.68606,Singlet,,,,,
486,Spurious,,,5.73245,Singlet,,,,,
486,Spurious,,,5.78372,Singlet,,,,,
486,Spurious,,,5.843535,Doublet,,,,,
486,Spurious,,,5.88626,Singlet,,,,,
486,Spurious,,,5.918,Singlet,,,,,
486,Spurious,,,5.94974,Singlet,,,,,
486,Spurious,,,6.014026666666666,Triplet,,,,,
486,Spurious,,,6.1035466666666665,Triplet,,,,,
486,Spurious,,,6.165393333333334,Triplet,,,,,
486,Spurious,,,6.284212500000001,Quartet,,,,,
486,Spurious,,,6.34281,Singlet,,,,,
486,Spurious,,,6.38431,Singlet,,,,,
486,Spurious,,,6.4368,Doublet,,,,,
486,Spurious,,,6.588575,Multiplet,,,,,
486,Spurious,,,6.72025,Multiplet,,,,,
486,Spurious,,,6.826555714285715,Multiplet,,,,,
486,Spurious,,,6.90921,Singlet,,,,,
486,Spurious,,,6.94828,Singlet,,,,,
486,Spurious,,,6.98734,Doublet,,,,,
486,Spurious,,,7.03861,Singlet,,,,,
486,Spurious,,,7.136675,Multiplet,,,,,
486,Spurious,,,7.22904,Singlet,,,,,
486,Spurious,,,7.299436666666668,Multiplet,,,,,
486,Spurious,,,7.440745714285714,Multiplet,,,,,
486,Spurious,,,7.56351,Singlet,,,,,
486,Spurious,,,7.670238571428571,Multiplet,,,,,
486,Spurious,,,7.801143333333333,Triplet,,,,,
486,Spurious,,,7.91813,Quartet,,,,,
486,Spurious,,,7.991985,Doublet,,,,,
486,Spurious,,,8.08891,Multiplet,,,,,
486,Spurious,,,8.17387,Singlet,,,,,
486,Spurious,,,8.2800725,Quartet,,,,,
486,Spurious,,,8.35453,Singlet,,,,,
486,Spurious,,,8.43388,Quartet,,,,,
486,Spurious,,,8.504685,Doublet,,,,,
486,Spurious,,,8.616308888888888,Multiplet,,,,,
486,Spurious,,,8.761436666666667,Triplet,,,,,
486,Spurious,,,8.81352,Doublet,,,,,
486,Spurious,,,8.86235,Singlet,,,,,
486,Spurious,,,8.918505,Doublet,,,,,
486,Spurious,,,8.985032499999999,Quartet,,,,,
486,Spurious,,,9.14102,Multiplet,,,,,
486,Spurious,,,9.241990000000001,Doublet,,,,,
486,Spurious,,,9.2896,Singlet,,,,,
486,Spurious,,,9.35063,Singlet,,,,,
486,Spurious,,,9.386035,Doublet,,,,,
486,Spurious,,,9.425095,Doublet,,,,,
486,Spurious,,,9.46294,Singlet,,,,,
486,Spurious,,,9.50932,Singlet,,,,,
486,Spurious,,,9.57158,Doublet,,,,,
486,Spurious,,,9.670455,Doublet,,,,,
486,Spurious,,,9.714405,Doublet,,,,,
486,Spurious,,,9.78602,Triplet,,,,,
486,Spurious,,,9.87147,Triplet,,,,,
486,Spurious,,,9.966479999999999,Quartet,,,,,
487,Matched,7.8223,Singlet,7.801143333333333,Triplet,0.021156666666667157,0.0011844858527183533,0.005526350345462561,0.004341864492744207,366.56111027242594
487,Missed,3.9392300000000002,Doublet,,,,,,,
487,Missed,7.37308,Singlet,,,,,,,
487,Spurious,,,0.0341799,Singlet,,,,,
487,Spurious,,,0.09684283333333332,Triplet,,,,,
487,Spurious,,,0.19043100000000002,Triplet,,,,,
487,Spurious,,,0.335695,Doublet,,,,,
487,Spurious,,,0.406903,Triplet,,,,,
487,Spurious,,,0.4992705,Doublet,,,,,
487,Spurious,,,0.539553,Singlet,,,,,
487,Spurious,,,0.610355,Singlet,,,,,
487,Spurious,,,0.6811555,Doublet,,,,,
487,Spurious,,,0.720218,Singlet,,,,,
487,Spurious,,,0.7666055,Doublet,,,,,
487,Spurious,,,0.8361855,Doublet,,,,,
487,Spurious,,,0.91064925,Quartet,,,,,
487,Spurious,,,1.0246987142857145,Multiplet,,,,,
487,Spurious,,,1.15967,Singlet,,,,,
487,Spurious,,,1.214605,Doublet,,,,,
487,Spurious,,,1.2866266666666668,Triplet,,,,,
487,Spurious,,,1.384285,Quartet,,,,,
487,Spurious,,,1.441655,Doublet,,,,,
487,Spurious,,,1.511235,Doublet,,,,,
487,Spurious,,,1.6049859999999998,Multiplet,,,,,
487,Spurious,,,1.7285233333333334,Triplet,,,,,
487,Spurious,,,1.828624,Multiplet,,,,,
487,Spurious,,,1.9275,Doublet,,,,,
487,Spurious,,,1.989755,Doublet,,,,,
487,Spurious,,,2.165782,Multiplet,,,,,
487,Spurious,,,2.280285,Doublet,,,,,
487,Spurious,,,2.3407074999999997,Quartet,,,,,
487,Spurious,,,2.4458949999999997,Multiplet,,,,,
487,Spurious,,,2.5520933333333335,Triplet,,,,,
487,Spurious,,,2.63917,Singlet,,,,,
487,Spurious,,,2.70143,Doublet,,,,,
487,Spurious,,,2.7895659999999998,Multiplet,,,,,
487,Spurious,,,2.87111,Singlet,,,,,
487,Spurious,,,2.935074,Multiplet,,,,,
487,Spurious,,,3.01515,Singlet,,,,,
487,Spurious,,,3.194352,Multiplet,,,,,
487,Spurious,,,3.2885900000000006,Triplet,,,,,
487,Spurious,,,3.365495,Doublet,,,,,
487,Spurious,,,3.4442325000000005,Quartet,,,,,
487,Spurious,,,3.50588,Singlet,,,,,
487,Spurious,,,3.56447,Quartet,,,,,
487,Spurious,,,3.61818,Singlet,,,,,
487,Spurious,,,3.69712,Triplet,,,,,
487,Spurious,,,3.860288333333333,Multiplet,,,,,
487,Spurious,,,4.036885,Multiplet,,,,,
487,Spurious,,,4.1797075,Quartet,,,,,
487,Spurious,,,4.313288571428571,Multiplet,,,,,
487,Spurious,,,4.477155,Multiplet,,,,,
487,Spurious,,,4.59963,Doublet,,,,,
487,Spurious,,,4.67532,Singlet,,,,,
487,Spurious,,,4.71438,Singlet,,,,,
487,Spurious,,,4.74612,Singlet,,,,,
487,Spurious,,,4.78925,Triplet,,,,,
487,Spurious,,,4.83889,Singlet,,,,,
487,Spurious,,,4.87795,Singlet,,,,,
487,Spurious,,,4.93167,Singlet,,,,,
487,Spurious,,,5.047226666666667,Multiplet,,,,,
487,Spurious,,,5.13186,Singlet,,,,,
487,Spurious,,,5.1888266666666665,Triplet,,,,,
487,Spurious,,,5.268585,Doublet,,,,,
487,Spurious,,,5.31985,Singlet,,,,,
487,Spurious,,,5.4010275,Quartet,,,,,
487,Spurious,,,5.46145,Singlet,,,,,
487,Spurious,,,5.52737,Singlet,,,,,
487,Spurious,,,5.56888,Singlet,,,,,
487,Spurious,,,5.636015,Doublet,,,,,
487,Spurious,,,5.68606,Singlet,,,,,
487,Spurious,,,5.73245,Singlet,,,,,
487,Spurious,,,5.78372,Singlet,,,,,
487,Spurious,,,5.843535,Doublet,,,,,
487,Spurious,,,5.88626,Singlet,,,,,
487,Spurious,,,5.918,Singlet,,,,,
487,Spurious,,,5.94974,Singlet,,,,,
487,Spurious,,,6.014026666666666,Triplet,,,,,
487,Spurious,,,6.1035466666666665,Triplet,,,,,
487,Spurious,,,6.165393333333334,Triplet,,,,,
487,Spurious,,,6.284212500000001,Quartet,,,,,
487,Spurious,,,6.34281,Singlet,,,,,
487,Spurious,,,6.38431,Singlet,,,,,
487,Spurious,,,6.4368,Doublet,,,,,
487,Spurious,,,6.588575,Multiplet,,,,,
487,Spurious,,,6.72025,Multiplet,,,,,
487,Spurious,,,6.826555714285715,Multiplet,,,,,
487,Spurious,,,6.90921,Singlet,,,,,
487,Spurious,,,6.94828,Singlet,,,,,
487,Spurious,,,6.98734,Doublet,,,,,
487,Spurious,,,7.03861,Singlet,,,,,
487,Spurious,,,7.136675,Multiplet,,,,,
487,Spurious,,,7.22904,Singlet,,,,,
487,Spurious,,,7.299436666666668,Multiplet,,,,,
487,Spurious,,,7.440745714285714,Multiplet,,,,,
487,Spurious,,,7.56351,Singlet,,,,,
487,Spurious,,,7.670238571428571,Multiplet,,,,,
487,Spurious,,,7.91813,Quartet,,,,,
487,Spurious,,,7.991985,Doublet,,,,,
487,Spurious,,,8.08891,Multiplet,,,,,
487,Spurious,,,8.17387,Singlet,,,,,
487,Spurious,,,8.2800725,Quartet,,,,,
487,Spurious,,,8.35453,Singlet,,,,,
487,Spurious,,,8.43388,Quartet,,,,,
487,Spurious,,,8.504685,Doublet,,,,,
487,Spurious,,,8.616308888888888,Multiplet,,,,,
487,Spurious,,,8.761436666666667,Triplet,,,,,
487,Spurious,,,8.81352,Doublet,,,,,
487,Spurious,,,8.86235,Singlet,,,,,
487,Spurious,,,8.918505,Doublet,,,,,
487,Spurious,,,8.985032499999999,Quartet,,,,,
487,Spurious,,,9.14102,Multiplet,,,,,
487,Spurious,,,9.241990000000001,Doublet,,,,,
487,Spurious,,,9.2896,Singlet,,,,,
487,Spurious,,,9.35063,Singlet,,,,,
487,Spurious,,,9.386035,Doublet,,,,,
487,Spurious,,,9.425095,Doublet,,,,,
487,Spurious,,,9.46294,Singlet,,,,,
487,Spurious,,,9.50932,Singlet,,,,,
487,Spurious,,,9.57158,Doublet,,,,,
487,Spurious,,,9.670455,Doublet,,,,,
487,Spurious,,,9.714405,Doublet,,,,,
487,Spurious,,,9.78602,Triplet,,,,,
487,Spurious,,,9.87147,Triplet,,,,,
487,Spurious,,,9.966479999999999,Quartet,,,,,
488,Matched,7.467891666666667,Multiplet,7.440745714285714,Multiplet,0.027145952380952743,0.00959220714867115,0.013067982159554958,0.003475775010883808,36.235403979628636
488,Matched,7.7698149999999995,Doublet,7.801143333333333,Triplet,0.031328333333333624,0.004745310638099909,0.006926850415766239,0.0021815397776663303,45.97253887134037
488,Missed,3.919695,Doublet,,,,,,,
488,Missed,7.61723,Singlet,,,,,,,
488,Spurious,,,0.0341799,Singlet,,,,,
488,Spurious,,,0.09684283333333332,Triplet,,,,,
488,Spurious,,,0.19043100000000002,Triplet,,,,,
488,Spurious,,,0.335695,Doublet,,,,,
488,Spurious,,,0.406903,Triplet,,,,,
488,Spurious,,,0.4992705,Doublet,,,,,
488,Spurious,,,0.539553,Singlet,,,,,
488,Spurious,,,0.610355,Singlet,,,,,
488,Spurious,,,0.6811555,Doublet,,,,,
488,Spurious,,,0.720218,Singlet,,,,,
488,Spurious,,,0.7666055,Doublet,,,,,
488,Spurious,,,0.8361855,Doublet,,,,,
488,Spurious,,,0.91064925,Quartet,,,,,
488,Spurious,,,1.0246987142857145,Multiplet,,,,,
488,Spurious,,,1.15967,Singlet,,,,,
488,Spurious,,,1.214605,Doublet,,,,,
488,Spurious,,,1.2866266666666668,Triplet,,,,,
488,Spurious,,,1.384285,Quartet,,,,,
488,Spurious,,,1.441655,Doublet,,,,,
488,Spurious,,,1.511235,Doublet,,,,,
488,Spurious,,,1.6049859999999998,Multiplet,,,,,
488,Spurious,,,1.7285233333333334,Triplet,,,,,
488,Spurious,,,1.828624,Multiplet,,,,,
488,Spurious,,,1.9275,Doublet,,,,,
488,Spurious,,,1.989755,Doublet,,,,,
488,Spurious,,,2.165782,Multiplet,,,,,
488,Spurious,,,2.280285,Doublet,,,,,
488,Spurious,,,2.3407074999999997,Quartet,,,,,
488,Spurious,,,2.4458949999999997,Multiplet,,,,,
488,Spurious,,,2.5520933333333335,Triplet,,,,,
488,Spurious,,,2.63917,Singlet,,,,,
488,Spurious,,,2.70143,Doublet,,,,,
488,Spurious,,,2.7895659999999998,Multiplet,,,,,
488,Spurious,,,2.87111,Singlet,,,,,
488,Spurious,,,2.935074,Multiplet,,,,,
488,Spurious,,,3.01515,Singlet,,,,,
488,Spurious,,,3.194352,Multiplet,,,,,
488,Spurious,,,3.2885900000000006,Triplet,,,,,
488,Spurious,,,3.365495,Doublet,,,,,
488,Spurious,,,3.4442325000000005,Quartet,,,,,
488,Spurious,,,3.50588,Singlet,,,,,
488,Spurious,,,3.56447,Quartet,,,,,
488,Spurious,,,3.61818,Singlet,,,,,
488,Spurious,,,3.69712,Triplet,,,,,
488,Spurious,,,3.860288333333333,Multiplet,,,,,
488,Spurious,,,4.036885,Multiplet,,,,,
488,Spurious,,,4.1797075,Quartet,,,,,
488,Spurious,,,4.313288571428571,Multiplet,,,,,
488,Spurious,,,4.477155,Multiplet,,,,,
488,Spurious,,,4.59963,Doublet,,,,,
488,Spurious,,,4.67532,Singlet,,,,,
488,Spurious,,,4.71438,Singlet,,,,,
488,Spurious,,,4.74612,Singlet,,,,,
488,Spurious,,,4.78925,Triplet,,,,,
488,Spurious,,,4.83889,Singlet,,,,,
488,Spurious,,,4.87795,Singlet,,,,,
488,Spurious,,,4.93167,Singlet,,,,,
488,Spurious,,,5.047226666666667,Multiplet,,,,,
488,Spurious,,,5.13186,Singlet,,,,,
488,Spurious,,,5.1888266666666665,Triplet,,,,,
488,Spurious,,,5.268585,Doublet,,,,,
488,Spurious,,,5.31985,Singlet,,,,,
488,Spurious,,,5.4010275,Quartet,,,,,
488,Spurious,,,5.46145,Singlet,,,,,
488,Spurious,,,5.52737,Singlet,,,,,
488,Spurious,,,5.56888,Singlet,,,,,
488,Spurious,,,5.636015,Doublet,,,,,
488,Spurious,,,5.68606,Singlet,,,,,
488,Spurious,,,5.73245,Singlet,,,,,
488,Spurious,,,5.78372,Singlet,,,,,
488,Spurious,,,5.843535,Doublet,,,,,
488,Spurious,,,5.88626,Singlet,,,,,
488,Spurious,,,5.918,Singlet,,,,,
488,Spurious,,,5.94974,Singlet,,,,,
488,Spurious,,,6.014026666666666,Triplet,,,,,
488,Spurious,,,6.1035466666666665,Triplet,,,,,
488,Spurious,,,6.165393333333334,Triplet,,,,,
488,Spurious,,,6.284212500000001,Quartet,,,,,
488,Spurious,,,6.34281,Singlet,,,,,
488,Spurious,,,6.38431,Singlet,,,,,
488,Spurious,,,6.4368,Doublet,,,,,
488,Spurious,,,6.588575,Multiplet,,,,,
488,Spurious,,,6.72025,Multiplet,,,,,
488,Spurious,,,6.826555714285715,Multiplet,,,,,
488,Spurious,,,6.90921,Singlet,,,,,
488,Spurious,,,6.94828,Singlet,,,,,
488,Spurious,,,6.98734,Doublet,,,,,
488,Spurious,,,7.03861,Singlet,,,,,
488,Spurious,,,7.136675,Multiplet,,,,,
488,Spurious,,,7.22904,Singlet,,,,,
488,Spurious,,,7.299436666666668,Multiplet,,,,,
488,Spurious,,,7.56351,Singlet,,,,,
488,Spurious,,,7.670238571428571,Multiplet,,,,,
488,Spurious,,,7.91813,Quartet,,,,,
488,Spurious,,,7.991985,Doublet,,,,,
488,Spurious,,,8.08891,Multiplet,,,,,
488,Spurious,,,8.17387,Singlet,,,,,
488,Spurious,,,8.2800725,Quartet,,,,,
488,Spurious,,,8.35453,Singlet,,,,,
488,Spurious,,,8.43388,Quartet,,,,,
488,Spurious,,,8.504685,Doublet,,,,,
488,Spurious,,,8.616308888888888,Multiplet,,,,,
488,Spurious,,,8.761436666666667,Triplet,,,,,
488,Spurious,,,8.81352,Doublet,,,,,
488,Spurious,,,8.86235,Singlet,,,,,
488,Spurious,,,8.918505,Doublet,,,,,
488,Spurious,,,8.985032499999999,Quartet,,,,,
488,Spurious,,,9.14102,Multiplet,,,,,
488,Spurious,,,9.241990000000001,Doublet,,,,,
488,Spurious,,,9.2896,Singlet,,,,,
488,Spurious,,,9.35063,Singlet,,,,,
488,Spurious,,,9.386035,Doublet,,,,,
488,Spurious,,,9.425095,Doublet,,,,,
488,Spurious,,,9.46294,Singlet,,,,,
488,Spurious,,,9.50932,Singlet,,,,,
488,Spurious,,,9.57158,Doublet,,,,,
488,Spurious,,,9.670455,Doublet,,,,,
488,Spurious,,,9.714405,Doublet,,,,,
488,Spurious,,,9.78602,Triplet,,,,,
488,Spurious,,,9.87147,Triplet,,,,,
488,Spurious,,,9.966479999999999,Quartet,,,,,
489,Matched,6.7944700000000005,Doublet,6.826555714285715,Multiplet,0.032085714285714495,0.007170836441218853,0.009162784554064274,0.001991948112845421,27.778462515132226
489,Matched,7.83451,Singlet,7.801143333333333,Triplet,0.03336666666666677,0.0035519981756806374,0.005470608361065388,0.0019186101853847504,54.01495413260184
489,Spurious,,,0.0341799,Singlet,,,,,
489,Spurious,,,0.09684283333333332,Triplet,,,,,
489,Spurious,,,0.19043100000000002,Triplet,,,,,
489,Spurious,,,0.335695,Doublet,,,,,
489,Spurious,,,0.406903,Triplet,,,,,
489,Spurious,,,0.4992705,Doublet,,,,,
489,Spurious,,,0.539553,Singlet,,,,,
489,Spurious,,,0.610355,Singlet,,,,,
489,Spurious,,,0.6811555,Doublet,,,,,
489,Spurious,,,0.720218,Singlet,,,,,
489,Spurious,,,0.7666055,Doublet,,,,,
489,Spurious,,,0.8361855,Doublet,,,,,
489,Spurious,,,0.91064925,Quartet,,,,,
489,Spurious,,,1.0246987142857145,Multiplet,,,,,
489,Spurious,,,1.15967,Singlet,,,,,
489,Spurious,,,1.214605,Doublet,,,,,
489,Spurious,,,1.2866266666666668,Triplet,,,,,
489,Spurious,,,1.384285,Quartet,,,,,
489,Spurious,,,1.441655,Doublet,,,,,
489,Spurious,,,1.511235,Doublet,,,,,
489,Spurious,,,1.6049859999999998,Multiplet,,,,,
489,Spurious,,,1.7285233333333334,Triplet,,,,,
489,Spurious,,,1.828624,Multiplet,,,,,
489,Spurious,,,1.9275,Doublet,,,,,
489,Spurious,,,1.989755,Doublet,,,,,
489,Spurious,,,2.165782,Multiplet,,,,,
489,Spurious,,,2.280285,Doublet,,,,,
489,Spurious,,,2.3407074999999997,Quartet,,,,,
489,Spurious,,,2.4458949999999997,Multiplet,,,,,
489,Spurious,,,2.5520933333333335,Triplet,,,,,
489,Spurious,,,2.63917,Singlet,,,,,
489,Spurious,,,2.70143,Doublet,,,,,
489,Spurious,,,2.7895659999999998,Multiplet,,,,,
489,Spurious,,,2.87111,Singlet,,,,,
489,Spurious,,,2.935074,Multiplet,,,,,
489,Spurious,,,3.01515,Singlet,,,,,
489,Spurious,,,3.194352,Multiplet,,,,,
489,Spurious,,,3.2885900000000006,Triplet,,,,,
489,Spurious,,,3.365495,Doublet,,,,,
489,Spurious,,,3.4442325000000005,Quartet,,,,,
489,Spurious,,,3.50588,Singlet,,,,,
489,Spurious,,,3.56447,Quartet,,,,,
489,Spurious,,,3.61818,Singlet,,,,,
489,Spurious,,,3.69712,Triplet,,,,,
489,Spurious,,,3.860288333333333,Multiplet,,,,,
489,Spurious,,,4.036885,Multiplet,,,,,
489,Spurious,,,4.1797075,Quartet,,,,,
489,Spurious,,,4.313288571428571,Multiplet,,,,,
489,Spurious,,,4.477155,Multiplet,,,,,
489,Spurious,,,4.59963,Doublet,,,,,
489,Spurious,,,4.67532,Singlet,,,,,
489,Spurious,,,4.71438,Singlet,,,,,
489,Spurious,,,4.74612,Singlet,,,,,
489,Spurious,,,4.78925,Triplet,,,,,
489,Spurious,,,4.83889,Singlet,,,,,
489,Spurious,,,4.87795,Singlet,,,,,
489,Spurious,,,4.93167,Singlet,,,,,
489,Spurious,,,5.047226666666667,Multiplet,,,,,
489,Spurious,,,5.13186,Singlet,,,,,
489,Spurious,,,5.1888266666666665,Triplet,,,,,
489,Spurious,,,5.268585,Doublet,,,,,
489,Spurious,,,5.31985,Singlet,,,,,
489,Spurious,,,5.4010275,Quartet,,,,,
489,Spurious,,,5.46145,Singlet,,,,,
489,Spurious,,,5.52737,Singlet,,,,,
489,Spurious,,,5.56888,Singlet,,,,,
489,Spurious,,,5.636015,Doublet,,,,,
489,Spurious,,,5.68606,Singlet,,,,,
489,Spurious,,,5.73245,Singlet,,,,,
489,Spurious,,,5.78372,Singlet,,,,,
489,Spurious,,,5.843535,Doublet,,,,,
489,Spurious,,,5.88626,Singlet,,,,,
489,Spurious,,,5.918,Singlet,,,,,
489,Spurious,,,5.94974,Singlet,,,,,
489,Spurious,,,6.014026666666666,Triplet,,,,,
489,Spurious,,,6.1035466666666665,Triplet,,,,,
489,Spurious,,,6.165393333333334,Triplet,,,,,
489,Spurious,,,6.284212500000001,Quartet,,,,,
489,Spurious,,,6.34281,Singlet,,,,,
489,Spurious,,,6.38431,Singlet,,,,,
489,Spurious,,,6.4368,Doublet,,,,,
489,Spurious,,,6.588575,Multiplet,,,,,
489,Spurious,,,6.72025,Multiplet,,,,,
489,Spurious,,,6.90921,Singlet,,,,,
489,Spurious,,,6.94828,Singlet,,,,,
489,Spurious,,,6.98734,Doublet,,,,,
489,Spurious,,,7.03861,Singlet,,,,,
489,Spurious,,,7.136675,Multiplet,,,,,
489,Spurious,,,7.22904,Singlet,,,,,
489,Spurious,,,7.299436666666668,Multiplet,,,,,
489,Spurious,,,7.440745714285714,Multiplet,,,,,
489,Spurious,,,7.56351,Singlet,,,,,
489,Spurious,,,7.670238571428571,Multiplet,,,,,
489,Spurious,,,7.91813,Quartet,,,,,
489,Spurious,,,7.991985,Doublet,,,,,
489,Spurious,,,8.08891,Multiplet,,,,,
489,Spurious,,,8.17387,Singlet,,,,,
489,Spurious,,,8.2800725,Quartet,,,,,
489,Spurious,,,8.35453,Singlet,,,,,
489,Spurious,,,8.43388,Quartet,,,,,
489,Spurious,,,8.504685,Doublet,,,,,
489,Spurious,,,8.616308888888888,Multiplet,,,,,
489,Spurious,,,8.761436666666667,Triplet,,,,,
489,Spurious,,,8.81352,Doublet,,,,,
489,Spurious,,,8.86235,Singlet,,,,,
489,Spurious,,,8.918505,Doublet,,,,,
489,Spurious,,,8.985032499999999,Quartet,,,,,
489,Spurious,,,9.14102,Multiplet,,,,,
489,Spurious,,,9.241990000000001,Doublet,,,,,
489,Spurious,,,9.2896,Singlet,,,,,
489,Spurious,,,9.35063,Singlet,,,,,
489,Spurious,,,9.386035,Doublet,,,,,
489,Spurious,,,9.425095,Doublet,,,,,
489,Spurious,,,9.46294,Singlet,,,,,
489,Spurious,,,9.50932,Singlet,,,,,
489,Spurious,,,9.57158,Doublet,,,,,
489,Spurious,,,9.670455,Doublet,,,,,
489,Spurious,,,9.714405,Doublet,,,,,
489,Spurious,,,9.78602,Triplet,,,,,
489,Spurious,,,9.87147,Triplet,,,,,
489,Spurious,,,9.966479999999999,Quartet,,,,,
490,Matched,0.889897,Doublet,0.91064925,Quartet,0.020752249999999917,0.0032754249405115843,0.007980325259268284,0.0047049003187566996,143.64244042245852
490,Matched,1.00831,Singlet,1.0246987142857145,Multiplet,0.016388714285714423,0.0032605351880192757,0.00547623448073864,0.002215699292719364,67.95507991635468
490,Matched,1.35743,Singlet,1.384285,Quartet,0.026855000000000073,0.0032537966035306454,0.005433895159512758,0.002180098555982113,67.00168515808643
490,Matched,1.522225,Doublet,1.511235,Doublet,0.010989999999999833,0.0010959524661302567,0.009012935683131218,0.007916983217000961,722.3838133195102
490,Matched,1.87501,Quartet,1.828624,Multiplet,0.04638600000000004,0.001675463980063796,0.01056012511253357,0.008884661132469773,530.2806409560338
490,Matched,2.2892333333333332,Triplet,2.280285,Doublet,0.008948333333333114,0.0012674409663304687,0.007822143845260143,0.006554702878929675,517.1604084967395
490,Matched,2.353038,Multiplet,2.3407074999999997,Quartet,0.012330500000000466,0.0021757909562438726,0.012224695645272732,0.01004890468902886,461.85065068827004
490,Matched,2.5341933333333335,Triplet,2.5520933333333335,Triplet,0.017900000000000027,0.002060955623164773,0.008621384389698505,0.006560428766533732,318.31974899389803
490,Matched,2.688,Singlet,2.70143,Doublet,0.013430000000000053,0.0007996751228347421,0.005231368355453014,0.004431693232618272,554.1867073354125
490,Matched,4.21877,Singlet,4.1797075,Quartet,0.0390625,0.0010846609948202968,0.005370523780584335,0.0042858627857640386,395.1338534556695
490,Matched,4.88528,Singlet,4.87795,Singlet,0.007329999999999615,0.00044086494017392397,0.0051537384279072285,0.0047128734877333045,1069.0061872178012
490,Matched,4.91702,Singlet,4.93167,Singlet,0.014650000000000496,0.000664025079458952,0.005149230360984802,0.00448520528152585,675.4572109204668
490,Matched,5.04397,Doublet,5.047226666666667,Multiplet,0.0032566666666671296,0.0010948041453957558,0.009372633881866932,0.008277829736471176,756.1014242852416
490,Matched,6.08401,Singlet,6.1035466666666665,Triplet,0.019536666666666314,0.0010859514586627483,0.0052672866731882095,0.004181335214525461,385.0388690185471
490,Matched,6.322055,Doublet,6.34281,Singlet,0.0207550000000003,0.0010928440606221557,0.008118719793856144,0.007025875733233988,642.8982858939784
490,Matched,7.210730000000001,Quartet,7.22904,Singlet,0.018309999999999604,0.0010963110253214836,0.009473960846662521,0.008377649821341038,764.1672507019042
490,Missed,2.0977875,Quartet,,,,,,,
490,Spurious,,,0.0341799,Singlet,,,,,
490,Spurious,,,0.09684283333333332,Triplet,,,,,
490,Spurious,,,0.19043100000000002,Triplet,,,,,
490,Spurious,,,0.335695,Doublet,,,,,
490,Spurious,,,0.406903,Triplet,,,,,
490,Spurious,,,0.4992705,Doublet,,,,,
490,Spurious,,,0.539553,Singlet,,,,,
490,Spurious,,,0.610355,Singlet,,,,,
490,Spurious,,,0.6811555,Doublet,,,,,
490,Spurious,,,0.720218,Singlet,,,,,
490,Spurious,,,0.7666055,Doublet,,,,,
490,Spurious,,,0.8361855,Doublet,,,,,
490,Spurious,,,1.15967,Singlet,,,,,
490,Spurious,,,1.214605,Doublet,,,,,
490,Spurious,,,1.2866266666666668,Triplet,,,,,
490,Spurious,,,1.441655,Doublet,,,,,
490,Spurious,,,1.6049859999999998,Multiplet,,,,,
490,Spurious,,,1.7285233333333334,Triplet,,,,,
490,Spurious,,,1.9275,Doublet,,,,,
490,Spurious,,,1.989755,Doublet,,,,,
490,Spurious,,,2.165782,Multiplet,,,,,
490,Spurious,,,2.4458949999999997,Multiplet,,,,,
490,Spurious,,,2.63917,Singlet,,,,,
490,Spurious,,,2.7895659999999998,Multiplet,,,,,
490,Spurious,,,2.87111,Singlet,,,,,
490,Spurious,,,2.935074,Multiplet,,,,,
490,Spurious,,,3.01515,Singlet,,,,,
490,Spurious,,,3.194352,Multiplet,,,,,
490,Spurious,,,3.2885900000000006,Triplet,,,,,
490,Spurious,,,3.365495,Doublet,,,,,
490,Spurious,,,3.4442325000000005,Quartet,,,,,
490,Spurious,,,3.50588,Singlet,,,,,
490,Spurious,,,3.56447,Quartet,,,,,
490,Spurious,,,3.61818,Singlet,,,,,
490,Spurious,,,3.69712,Triplet,,,,,
490,Spurious,,,3.860288333333333,Multiplet,,,,,
490,Spurious,,,4.036885,Multiplet,,,,,
490,Spurious,,,4.313288571428571,Multiplet,,,,,
490,Spurious,,,4.477155,Multiplet,,,,,
490,Spurious,,,4.59963,Doublet,,,,,
490,Spurious,,,4.67532,Singlet,,,,,
490,Spurious,,,4.71438,Singlet,,,,,
490,Spurious,,,4.74612,Singlet,,,,,
490,Spurious,,,4.78925,Triplet,,,,,
490,Spurious,,,4.83889,Singlet,,,,,
490,Spurious,,,5.13186,Singlet,,,,,
490,Spurious,,,5.1888266666666665,Triplet,,,,,
490,Spurious,,,5.268585,Doublet,,,,,
490,Spurious,,,5.31985,Singlet,,,,,
490,Spurious,,,5.4010275,Quartet,,,,,
490,Spurious,,,5.46145,Singlet,,,,,
490,Spurious,,,5.52737,Singlet,,,,,
490,Spurious,,,5.56888,Singlet,,,,,
490,Spurious,,,5.636015,Doublet,,,,,
490,Spurious,,,5.68606,Singlet,,,,,
490,Spurious,,,5.73245,Singlet,,,,,
490,Spurious,,,5.78372,Singlet,,,,,
490,Spurious,,,5.843535,Doublet,,,,,
490,Spurious,,,5.88626,Singlet,,,,,
490,Spurious,,,5.918,Singlet,,,,,
490,Spurious,,,5.94974,Singlet,,,,,
490,Spurious,,,6.014026666666666,Triplet,,,,,
490,Spurious,,,6.165393333333334,Triplet,,,,,
490,Spurious,,,6.284212500000001,Quartet,,,,,
490,Spurious,,,6.38431,Singlet,,,,,
490,Spurious,,,6.4368,Doublet,,,,,
490,Spurious,,,6.588575,Multiplet,,,,,
490,Spurious,,,6.72025,Multiplet,,,,,
490,Spurious,,,6.826555714285715,Multiplet,,,,,
490,Spurious,,,6.90921,Singlet,,,,,
490,Spurious,,,6.94828,Singlet,,,,,
490,Spurious,,,6.98734,Doublet,,,,,
490,Spurious,,,7.03861,Singlet,,,,,
490,Spurious,,,7.136675,Multiplet,,,,,
490,Spurious,,,7.299436666666668,Multiplet,,,,,
490,Spurious,,,7.440745714285714,Multiplet,,,,,
490,Spurious,,,7.56351,Singlet,,,,,
490,Spurious,,,7.670238571428571,Multiplet,,,,,
490,Spurious,,,7.801143333333333,Triplet,,,,,
490,Spurious,,,7.91813,Quartet,,,,,
490,Spurious,,,7.991985,Doublet,,,,,
490,Spurious,,,8.08891,Multiplet,,,,,
490,Spurious,,,8.17387,Singlet,,,,,
490,Spurious,,,8.2800725,Quartet,,,,,
490,Spurious,,,8.35453,Singlet,,,,,
490,Spurious,,,8.43388,Quartet,,,,,
490,Spurious,,,8.504685,Doublet,,,,,
490,Spurious,,,8.616308888888888,Multiplet,,,,,
490,Spurious,,,8.761436666666667,Triplet,,,,,
490,Spurious,,,8.81352,Doublet,,,,,
490,Spurious,,,8.86235,Singlet,,,,,
490,Spurious,,,8.918505,Doublet,,,,,
490,Spurious,,,8.985032499999999,Quartet,,,,,
490,Spurious,,,9.14102,Multiplet,,,,,
490,Spurious,,,9.241990000000001,Doublet,,,,,
490,Spurious,,,9.2896,Singlet,,,,,
490,Spurious,,,9.35063,Singlet,,,,,
490,Spurious,,,9.386035,Doublet,,,,,
490,Spurious,,,9.425095,Doublet,,,,,
490,Spurious,,,9.46294,Singlet,,,,,
490,Spurious,,,9.50932,Singlet,,,,,
490,Spurious,,,9.57158,Doublet,,,,,
490,Spurious,,,9.670455,Doublet,,,,,
490,Spurious,,,9.714405,Doublet,,,,,
490,Spurious,,,9.78602,Triplet,,,,,
490,Spurious,,,9.87147,Triplet,,,,,
490,Spurious,,,9.966479999999999,Quartet,,,,,
491,Matched,7.12894,Singlet,7.136675,Multiplet,0.0077350000000002694,0.004529737867414951,0.005294701084494591,0.0007649632170796394,16.88758244891976
491,Matched,7.565143333333332,Triplet,7.56351,Singlet,0.0016333333333324873,0.00458961445838213,0.010149754583835602,0.005560140125453472,121.14612623504458
491,Matched,7.7991150000000005,Doublet,7.801143333333333,Triplet,0.0020283333333326325,0.004617417696863413,0.007917599752545357,0.003300182055681944,71.4724608502224
491,Missed,7.750285,Doublet,,,,,,,
491,Spurious,,,0.0341799,Singlet,,,,,
491,Spurious,,,0.09684283333333332,Triplet,,,,,
491,Spurious,,,0.19043100000000002,Triplet,,,,,
491,Spurious,,,0.335695,Doublet,,,,,
491,Spurious,,,0.406903,Triplet,,,,,
491,Spurious,,,0.4992705,Doublet,,,,,
491,Spurious,,,0.539553,Singlet,,,,,
491,Spurious,,,0.610355,Singlet,,,,,
491,Spurious,,,0.6811555,Doublet,,,,,
491,Spurious,,,0.720218,Singlet,,,,,
491,Spurious,,,0.7666055,Doublet,,,,,
491,Spurious,,,0.8361855,Doublet,,,,,
491,Spurious,,,0.91064925,Quartet,,,,,
491,Spurious,,,1.0246987142857145,Multiplet,,,,,
491,Spurious,,,1.15967,Singlet,,,,,
491,Spurious,,,1.214605,Doublet,,,,,
491,Spurious,,,1.2866266666666668,Triplet,,,,,
491,Spurious,,,1.384285,Quartet,,,,,
491,Spurious,,,1.441655,Doublet,,,,,
491,Spurious,,,1.511235,Doublet,,,,,
491,Spurious,,,1.6049859999999998,Multiplet,,,,,
491,Spurious,,,1.7285233333333334,Triplet,,,,,
491,Spurious,,,1.828624,Multiplet,,,,,
491,Spurious,,,1.9275,Doublet,,,,,
491,Spurious,,,1.989755,Doublet,,,,,
491,Spurious,,,2.165782,Multiplet,,,,,
491,Spurious,,,2.280285,Doublet,,,,,
491,Spurious,,,2.3407074999999997,Quartet,,,,,
491,Spurious,,,2.4458949999999997,Multiplet,,,,,
491,Spurious,,,2.5520933333333335,Triplet,,,,,
491,Spurious,,,2.63917,Singlet,,,,,
491,Spurious,,,2.70143,Doublet,,,,,
491,Spurious,,,2.7895659999999998,Multiplet,,,,,
491,Spurious,,,2.87111,Singlet,,,,,
491,Spurious,,,2.935074,Multiplet,,,,,
491,Spurious,,,3.01515,Singlet,,,,,
491,Spurious,,,3.194352,Multiplet,,,,,
491,Spurious,,,3.2885900000000006,Triplet,,,,,
491,Spurious,,,3.365495,Doublet,,,,,
491,Spurious,,,3.4442325000000005,Quartet,,,,,
491,Spurious,,,3.50588,Singlet,,,,,
491,Spurious,,,3.56447,Quartet,,,,,
491,Spurious,,,3.61818,Singlet,,,,,
491,Spurious,,,3.69712,Triplet,,,,,
491,Spurious,,,3.860288333333333,Multiplet,,,,,
491,Spurious,,,4.036885,Multiplet,,,,,
491,Spurious,,,4.1797075,Quartet,,,,,
491,Spurious,,,4.313288571428571,Multiplet,,,,,
491,Spurious,,,4.477155,Multiplet,,,,,
491,Spurious,,,4.59963,Doublet,,,,,
491,Spurious,,,4.67532,Singlet,,,,,
491,Spurious,,,4.71438,Singlet,,,,,
491,Spurious,,,4.74612,Singlet,,,,,
491,Spurious,,,4.78925,Triplet,,,,,
491,Spurious,,,4.83889,Singlet,,,,,
491,Spurious,,,4.87795,Singlet,,,,,
491,Spurious,,,4.93167,Singlet,,,,,
491,Spurious,,,5.047226666666667,Multiplet,,,,,
491,Spurious,,,5.13186,Singlet,,,,,
491,Spurious,,,5.1888266666666665,Triplet,,,,,
491,Spurious,,,5.268585,Doublet,,,,,
491,Spurious,,,5.31985,Singlet,,,,,
491,Spurious,,,5.4010275,Quartet,,,,,
491,Spurious,,,5.46145,Singlet,,,,,
491,Spurious,,,5.52737,Singlet,,,,,
491,Spurious,,,5.56888,Singlet,,,,,
491,Spurious,,,5.636015,Doublet,,,,,
491,Spurious,,,5.68606,Singlet,,,,,
491,Spurious,,,5.73245,Singlet,,,,,
491,Spurious,,,5.78372,Singlet,,,,,
491,Spurious,,,5.843535,Doublet,,,,,
491,Spurious,,,5.88626,Singlet,,,,,
491,Spurious,,,5.918,Singlet,,,,,
491,Spurious,,,5.94974,Singlet,,,,,
491,Spurious,,,6.014026666666666,Triplet,,,,,
491,Spurious,,,6.1035466666666665,Triplet,,,,,
491,Spurious,,,6.165393333333334,Triplet,,,,,
491,Spurious,,,6.284212500000001,Quartet,,,,,
491,Spurious,,,6.34281,Singlet,,,,,
491,Spurious,,,6.38431,Singlet,,,,,
491,Spurious,,,6.4368,Doublet,,,,,
491,Spurious,,,6.588575,Multiplet,,,,,
491,Spurious,,,6.72025,Multiplet,,,,,
491,Spurious,,,6.826555714285715,Multiplet,,,,,
491,Spurious,,,6.90921,Singlet,,,,,
491,Spurious,,,6.94828,Singlet,,,,,
491,Spurious,,,6.98734,Doublet,,,,,
491,Spurious,,,7.03861,Singlet,,,,,
491,Spurious,,,7.22904,Singlet,,,,,
491,Spurious,,,7.299436666666668,Multiplet,,,,,
491,Spurious,,,7.440745714285714,Multiplet,,,,,
491,Spurious,,,7.670238571428571,Multiplet,,,,,
491,Spurious,,,7.91813,Quartet,,,,,
491,Spurious,,,7.991985,Doublet,,,,,
491,Spurious,,,8.08891,Multiplet,,,,,
491,Spurious,,,8.17387,Singlet,,,,,
491,Spurious,,,8.2800725,Quartet,,,,,
491,Spurious,,,8.35453,Singlet,,,,,
491,Spurious,,,8.43388,Quartet,,,,,
491,Spurious,,,8.504685,Doublet,,,,,
491,Spurious,,,8.616308888888888,Multiplet,,,,,
491,Spurious,,,8.761436666666667,Triplet,,,,,
491,Spurious,,,8.81352,Doublet,,,,,
491,Spurious,,,8.86235,Singlet,,,,,
491,Spurious,,,8.918505,Doublet,,,,,
491,Spurious,,,8.985032499999999,Quartet,,,,,
491,Spurious,,,9.14102,Multiplet,,,,,
491,Spurious,,,9.241990000000001,Doublet,,,,,
491,Spurious,,,9.2896,Singlet,,,,,
491,Spurious,,,9.35063,Singlet,,,,,
491,Spurious,,,9.386035,Doublet,,,,,
491,Spurious,,,9.425095,Doublet,,,,,
491,Spurious,,,9.46294,Singlet,,,,,
491,Spurious,,,9.50932,Singlet,,,,,
491,Spurious,,,9.57158,Doublet,,,,,
491,Spurious,,,9.670455,Doublet,,,,,
491,Spurious,,,9.714405,Doublet,,,,,
491,Spurious,,,9.78602,Triplet,,,,,
491,Spurious,,,9.87147,Triplet,,,,,
491,Spurious,,,9.966479999999999,Quartet,,,,,
492,Matched,7.568398333333332,Multiplet,7.56351,Singlet,0.004888333333331829,0.014136271551251411,0.01461203396320343,0.00047576241195201874,3.365543808543363
492,Matched,7.869915,Doublet,7.91813,Quartet,0.0482149999999999,0.006966509856283665,0.0076711904257535934,0.0007046805694699287,10.11525977867267
492,Matched,8.05424,Triplet,8.08891,Multiplet,0.0346700000000002,0.014057646505534649,0.010209252126514912,0.0038483943790197372,27.375808443501423
492,Matched,8.341513333333333,Triplet,8.35453,Singlet,0.01301666666666712,0.006987714674323797,0.008035507053136826,0.0010477923788130283,14.99477908940842
492,Matched,8.84282,Singlet,8.86235,Singlet,0.019529999999999603,0.006932164076715708,0.005131885875016451,0.001800278201699257,25.96993062738044
492,Spurious,,,0.0341799,Singlet,,,,,
492,Spurious,,,0.09684283333333332,Triplet,,,,,
492,Spurious,,,0.19043100000000002,Triplet,,,,,
492,Spurious,,,0.335695,Doublet,,,,,
492,Spurious,,,0.406903,Triplet,,,,,
492,Spurious,,,0.4992705,Doublet,,,,,
492,Spurious,,,0.539553,Singlet,,,,,
492,Spurious,,,0.610355,Singlet,,,,,
492,Spurious,,,0.6811555,Doublet,,,,,
492,Spurious,,,0.720218,Singlet,,,,,
492,Spurious,,,0.7666055,Doublet,,,,,
492,Spurious,,,0.8361855,Doublet,,,,,
492,Spurious,,,0.91064925,Quartet,,,,,
492,Spurious,,,1.0246987142857145,Multiplet,,,,,
492,Spurious,,,1.15967,Singlet,,,,,
492,Spurious,,,1.214605,Doublet,,,,,
492,Spurious,,,1.2866266666666668,Triplet,,,,,
492,Spurious,,,1.384285,Quartet,,,,,
492,Spurious,,,1.441655,Doublet,,,,,
492,Spurious,,,1.511235,Doublet,,,,,
492,Spurious,,,1.6049859999999998,Multiplet,,,,,
492,Spurious,,,1.7285233333333334,Triplet,,,,,
492,Spurious,,,1.828624,Multiplet,,,,,
492,Spurious,,,1.9275,Doublet,,,,,
492,Spurious,,,1.989755,Doublet,,,,,
492,Spurious,,,2.165782,Multiplet,,,,,
492,Spurious,,,2.280285,Doublet,,,,,
492,Spurious,,,2.3407074999999997,Quartet,,,,,
492,Spurious,,,2.4458949999999997,Multiplet,,,,,
492,Spurious,,,2.5520933333333335,Triplet,,,,,
492,Spurious,,,2.63917,Singlet,,,,,
492,Spurious,,,2.70143,Doublet,,,,,
492,Spurious,,,2.7895659999999998,Multiplet,,,,,
492,Spurious,,,2.87111,Singlet,,,,,
492,Spurious,,,2.935074,Multiplet,,,,,
492,Spurious,,,3.01515,Singlet,,,,,
492,Spurious,,,3.194352,Multiplet,,,,,
492,Spurious,,,3.2885900000000006,Triplet,,,,,
492,Spurious,,,3.365495,Doublet,,,,,
492,Spurious,,,3.4442325000000005,Quartet,,,,,
492,Spurious,,,3.50588,Singlet,,,,,
492,Spurious,,,3.56447,Quartet,,,,,
492,Spurious,,,3.61818,Singlet,,,,,
492,Spurious,,,3.69712,Triplet,,,,,
492,Spurious,,,3.860288333333333,Multiplet,,,,,
492,Spurious,,,4.036885,Multiplet,,,,,
492,Spurious,,,4.1797075,Quartet,,,,,
492,Spurious,,,4.313288571428571,Multiplet,,,,,
492,Spurious,,,4.477155,Multiplet,,,,,
492,Spurious,,,4.59963,Doublet,,,,,
492,Spurious,,,4.67532,Singlet,,,,,
492,Spurious,,,4.71438,Singlet,,,,,
492,Spurious,,,4.74612,Singlet,,,,,
492,Spurious,,,4.78925,Triplet,,,,,
492,Spurious,,,4.83889,Singlet,,,,,
492,Spurious,,,4.87795,Singlet,,,,,
492,Spurious,,,4.93167,Singlet,,,,,
492,Spurious,,,5.047226666666667,Multiplet,,,,,
492,Spurious,,,5.13186,Singlet,,,,,
492,Spurious,,,5.1888266666666665,Triplet,,,,,
492,Spurious,,,5.268585,Doublet,,,,,
492,Spurious,,,5.31985,Singlet,,,,,
492,Spurious,,,5.4010275,Quartet,,,,,
492,Spurious,,,5.46145,Singlet,,,,,
492,Spurious,,,5.52737,Singlet,,,,,
492,Spurious,,,5.56888,Singlet,,,,,
492,Spurious,,,5.636015,Doublet,,,,,
492,Spurious,,,5.68606,Singlet,,,,,
492,Spurious,,,5.73245,Singlet,,,,,
492,Spurious,,,5.78372,Singlet,,,,,
492,Spurious,,,5.843535,Doublet,,,,,
492,Spurious,,,5.88626,Singlet,,,,,
492,Spurious,,,5.918,Singlet,,,,,
492,Spurious,,,5.94974,Singlet,,,,,
492,Spurious,,,6.014026666666666,Triplet,,,,,
492,Spurious,,,6.1035466666666665,Triplet,,,,,
492,Spurious,,,6.165393333333334,Triplet,,,,,
492,Spurious,,,6.284212500000001,Quartet,,,,,
492,Spurious,,,6.34281,Singlet,,,,,
492,Spurious,,,6.38431,Singlet,,,,,
492,Spurious,,,6.4368,Doublet,,,,,
492,Spurious,,,6.588575,Multiplet,,,,,
492,Spurious,,,6.72025,Multiplet,,,,,
492,Spurious,,,6.826555714285715,Multiplet,,,,,
492,Spurious,,,6.90921,Singlet,,,,,
492,Spurious,,,6.94828,Singlet,,,,,
492,Spurious,,,6.98734,Doublet,,,,,
492,Spurious,,,7.03861,Singlet,,,,,
492,Spurious,,,7.136675,Multiplet,,,,,
492,Spurious,,,7.22904,Singlet,,,,,
492,Spurious,,,7.299436666666668,Multiplet,,,,,
492,Spurious,,,7.440745714285714,Multiplet,,,,,
492,Spurious,,,7.670238571428571,Multiplet,,,,,
492,Spurious,,,7.801143333333333,Triplet,,,,,
492,Spurious,,,7.991985,Doublet,,,,,
492,Spurious,,,8.17387,Singlet,,,,,
492,Spurious,,,8.2800725,Quartet,,,,,
492,Spurious,,,8.43388,Quartet,,,,,
492,Spurious,,,8.504685,Doublet,,,,,
492,Spurious,,,8.616308888888888,Multiplet,,,,,
492,Spurious,,,8.761436666666667,Triplet,,,,,
492,Spurious,,,8.81352,Doublet,,,,,
492,Spurious,,,8.918505,Doublet,,,,,
492,Spurious,,,8.985032499999999,Quartet,,,,,
492,Spurious,,,9.14102,Multiplet,,,,,
492,Spurious,,,9.241990000000001,Doublet,,,,,
492,Spurious,,,9.2896,Singlet,,,,,
492,Spurious,,,9.35063,Singlet,,,,,
492,Spurious,,,9.386035,Doublet,,,,,
492,Spurious,,,9.425095,Doublet,,,,,
492,Spurious,,,9.46294,Singlet,,,,,
492,Spurious,,,9.50932,Singlet,,,,,
492,Spurious,,,9.57158,Doublet,,,,,
492,Spurious,,,9.670455,Doublet,,,,,
492,Spurious,,,9.714405,Doublet,,,,,
492,Spurious,,,9.78602,Triplet,,,,,
492,Spurious,,,9.87147,Triplet,,,,,
492,Spurious,,,9.966479999999999,Quartet,,,,,
493,Matched,0.8870486666666667,Triplet,0.91064925,Quartet,0.023600583333333258,0.003559569828212261,0.010088609531521797,0.006529039703309536,183.42215544030063
493,Matched,1.2611657142857144,Multiplet,1.2866266666666668,Triplet,0.025460952380952362,0.013407894410192966,0.015268690884113312,0.0018607964739203453,13.878364618576711
493,Matched,1.5975033333333333,Triplet,1.6049859999999998,Multiplet,0.0074826666666665265,0.0023669011425226927,0.009843585081398487,0.007476683938875794,315.8849266897133
493,Matched,2.27296,Triplet,2.280285,Doublet,0.007325000000000248,0.0023890240117907524,0.010099860839545727,0.007710836827754974,322.76095969312274
493,Matched,4.1357625,Quartet,4.1797075,Quartet,0.0439449999999999,0.002392896916717291,0.01050170324742794,0.00810880633071065,338.8698557827874
493,Spurious,,,0.0341799,Singlet,,,,,
493,Spurious,,,0.09684283333333332,Triplet,,,,,
493,Spurious,,,0.19043100000000002,Triplet,,,,,
493,Spurious,,,0.335695,Doublet,,,,,
493,Spurious,,,0.406903,Triplet,,,,,
493,Spurious,,,0.4992705,Doublet,,,,,
493,Spurious,,,0.539553,Singlet,,,,,
493,Spurious,,,0.610355,Singlet,,,,,
493,Spurious,,,0.6811555,Doublet,,,,,
493,Spurious,,,0.720218,Singlet,,,,,
493,Spurious,,,0.7666055,Doublet,,,,,
493,Spurious,,,0.8361855,Doublet,,,,,
493,Spurious,,,1.0246987142857145,Multiplet,,,,,
493,Spurious,,,1.15967,Singlet,,,,,
493,Spurious,,,1.214605,Doublet,,,,,
493,Spurious,,,1.384285,Quartet,,,,,
493,Spurious,,,1.441655,Doublet,,,,,
493,Spurious,,,1.511235,Doublet,,,,,
493,Spurious,,,1.7285233333333334,Triplet,,,,,
493,Spurious,,,1.828624,Multiplet,,,,,
493,Spurious,,,1.9275,Doublet,,,,,
493,Spurious,,,1.989755,Doublet,,,,,
493,Spurious,,,2.165782,Multiplet,,,,,
493,Spurious,,,2.3407074999999997,Quartet,,,,,
493,Spurious,,,2.4458949999999997,Multiplet,,,,,
493,Spurious,,,2.5520933333333335,Triplet,,,,,
493,Spurious,,,2.63917,Singlet,,,,,
493,Spurious,,,2.70143,Doublet,,,,,
493,Spurious,,,2.7895659999999998,Multiplet,,,,,
493,Spurious,,,2.87111,Singlet,,,,,
493,Spurious,,,2.935074,Multiplet,,,,,
493,Spurious,,,3.01515,Singlet,,,,,
493,Spurious,,,3.194352,Multiplet,,,,,
493,Spurious,,,3.2885900000000006,Triplet,,,,,
493,Spurious,,,3.365495,Doublet,,,,,
493,Spurious,,,3.4442325000000005,Quartet,,,,,
493,Spurious,,,3.50588,Singlet,,,,,
493,Spurious,,,3.56447,Quartet,,,,,
493,Spurious,,,3.61818,Singlet,,,,,
493,Spurious,,,3.69712,Triplet,,,,,
493,Spurious,,,3.860288333333333,Multiplet,,,,,
493,Spurious,,,4.036885,Multiplet,,,,,
493,Spurious,,,4.313288571428571,Multiplet,,,,,
493,Spurious,,,4.477155,Multiplet,,,,,
493,Spurious,,,4.59963,Doublet,,,,,
493,Spurious,,,4.67532,Singlet,,,,,
493,Spurious,,,4.71438,Singlet,,,,,
493,Spurious,,,4.74612,Singlet,,,,,
493,Spurious,,,4.78925,Triplet,,,,,
493,Spurious,,,4.83889,Singlet,,,,,
493,Spurious,,,4.87795,Singlet,,,,,
493,Spurious,,,4.93167,Singlet,,,,,
493,Spurious,,,5.047226666666667,Multiplet,,,,,
493,Spurious,,,5.13186,Singlet,,,,,
493,Spurious,,,5.1888266666666665,Triplet,,,,,
493,Spurious,,,5.268585,Doublet,,,,,
493,Spurious,,,5.31985,Singlet,,,,,
493,Spurious,,,5.4010275,Quartet,,,,,
493,Spurious,,,5.46145,Singlet,,,,,
493,Spurious,,,5.52737,Singlet,,,,,
493,Spurious,,,5.56888,Singlet,,,,,
493,Spurious,,,5.636015,Doublet,,,,,
493,Spurious,,,5.68606,Singlet,,,,,
493,Spurious,,,5.73245,Singlet,,,,,
493,Spurious,,,5.78372,Singlet,,,,,
493,Spurious,,,5.843535,Doublet,,,,,
493,Spurious,,,5.88626,Singlet,,,,,
493,Spurious,,,5.918,Singlet,,,,,
493,Spurious,,,5.94974,Singlet,,,,,
493,Spurious,,,6.014026666666666,Triplet,,,,,
493,Spurious,,,6.1035466666666665,Triplet,,,,,
493,Spurious,,,6.165393333333334,Triplet,,,,,
493,Spurious,,,6.284212500000001,Quartet,,,,,
493,Spurious,,,6.34281,Singlet,,,,,
493,Spurious,,,6.38431,Singlet,,,,,
493,Spurious,,,6.4368,Doublet,,,,,
493,Spurious,,,6.588575,Multiplet,,,,,
493,Spurious,,,6.72025,Multiplet,,,,,
493,Spurious,,,6.826555714285715,Multiplet,,,,,
493,Spurious,,,6.90921,Singlet,,,,,
493,Spurious,,,6.94828,Singlet,,,,,
493,Spurious,,,6.98734,Doublet,,,,,
493,Spurious,,,7.03861,Singlet,,,,,
493,Spurious,,,7.136675,Multiplet,,,,,
493,Spurious,,,7.22904,Singlet,,,,,
493,Spurious,,,7.299436666666668,Multiplet,,,,,
493,Spurious,,,7.440745714285714,Multiplet,,,,,
493,Spurious,,,7.56351,Singlet,,,,,
493,Spurious,,,7.670238571428571,Multiplet,,,,,
493,Spurious,,,7.801143333333333,Triplet,,,,,
493,Spurious,,,7.91813,Quartet,,,,,
493,Spurious,,,7.991985,Doublet,,,,,
493,Spurious,,,8.08891,Multiplet,,,,,
493,Spurious,,,8.17387,Singlet,,,,,
493,Spurious,,,8.2800725,Quartet,,,,,
493,Spurious,,,8.35453,Singlet,,,,,
493,Spurious,,,8.43388,Quartet,,,,,
493,Spurious,,,8.504685,Doublet,,,,,
493,Spurious,,,8.616308888888888,Multiplet,,,,,
493,Spurious,,,8.761436666666667,Triplet,,,,,
493,Spurious,,,8.81352,Doublet,,,,,
493,Spurious,,,8.86235,Singlet,,,,,
493,Spurious,,,8.918505,Doublet,,,,,
493,Spurious,,,8.985032499999999,Quartet,,,,,
493,Spurious,,,9.14102,Multiplet,,,,,
493,Spurious,,,9.241990000000001,Doublet,,,,,
493,Spurious,,,9.2896,Singlet,,,,,
493,Spurious,,,9.35063,Singlet,,,,,
493,Spurious,,,9.386035,Doublet,,,,,
493,Spurious,,,9.425095,Doublet,,,,,
493,Spurious,,,9.46294,Singlet,,,,,
493,Spurious,,,9.50932,Singlet,,,,,
493,Spurious,,,9.57158,Doublet,,,,,
493,Spurious,,,9.670455,Doublet,,,,,
493,Spurious,,,9.714405,Doublet,,,,,
493,Spurious,,,9.78602,Triplet,,,,,
493,Spurious,,,9.87147,Triplet,,,,,
493,Spurious,,,9.966479999999999,Quartet,,,,,
494,Matched,7.638386666666666,Triplet,7.670238571428571,Multiplet,0.03185190476190414,0.006571915466338396,0.009712409228086472,0.0031404937617480755,47.7865818243373
494,Matched,8.094525,Quartet,8.08891,Multiplet,0.005615000000000592,0.013111873529851437,0.00843572523444891,0.004676148295402527,35.66346399510696
494,Missed,8.681685,Doublet,,,,,,,
494,Spurious,,,0.0341799,Singlet,,,,,
494,Spurious,,,0.09684283333333332,Triplet,,,,,
494,Spurious,,,0.19043100000000002,Triplet,,,,,
494,Spurious,,,0.335695,Doublet,,,,,
494,Spurious,,,0.406903,Triplet,,,,,
494,Spurious,,,0.4992705,Doublet,,,,,
494,Spurious,,,0.539553,Singlet,,,,,
494,Spurious,,,0.610355,Singlet,,,,,
494,Spurious,,,0.6811555,Doublet,,,,,
494,Spurious,,,0.720218,Singlet,,,,,
494,Spurious,,,0.7666055,Doublet,,,,,
494,Spurious,,,0.8361855,Doublet,,,,,
494,Spurious,,,0.91064925,Quartet,,,,,
494,Spurious,,,1.0246987142857145,Multiplet,,,,,
494,Spurious,,,1.15967,Singlet,,,,,
494,Spurious,,,1.214605,Doublet,,,,,
494,Spurious,,,1.2866266666666668,Triplet,,,,,
494,Spurious,,,1.384285,Quartet,,,,,
494,Spurious,,,1.441655,Doublet,,,,,
494,Spurious,,,1.511235,Doublet,,,,,
494,Spurious,,,1.6049859999999998,Multiplet,,,,,
494,Spurious,,,1.7285233333333334,Triplet,,,,,
494,Spurious,,,1.828624,Multiplet,,,,,
494,Spurious,,,1.9275,Doublet,,,,,
494,Spurious,,,1.989755,Doublet,,,,,
494,Spurious,,,2.165782,Multiplet,,,,,
494,Spurious,,,2.280285,Doublet,,,,,
494,Spurious,,,2.3407074999999997,Quartet,,,,,
494,Spurious,,,2.4458949999999997,Multiplet,,,,,
494,Spurious,,,2.5520933333333335,Triplet,,,,,
494,Spurious,,,2.63917,Singlet,,,,,
494,Spurious,,,2.70143,Doublet,,,,,
494,Spurious,,,2.7895659999999998,Multiplet,,,,,
494,Spurious,,,2.87111,Singlet,,,,,
494,Spurious,,,2.935074,Multiplet,,,,,
494,Spurious,,,3.01515,Singlet,,,,,
494,Spurious,,,3.194352,Multiplet,,,,,
494,Spurious,,,3.2885900000000006,Triplet,,,,,
494,Spurious,,,3.365495,Doublet,,,,,
494,Spurious,,,3.4442325000000005,Quartet,,,,,
494,Spurious,,,3.50588,Singlet,,,,,
494,Spurious,,,3.56447,Quartet,,,,,
494,Spurious,,,3.61818,Singlet,,,,,
494,Spurious,,,3.69712,Triplet,,,,,
494,Spurious,,,3.860288333333333,Multiplet,,,,,
494,Spurious,,,4.036885,Multiplet,,,,,
494,Spurious,,,4.1797075,Quartet,,,,,
494,Spurious,,,4.313288571428571,Multiplet,,,,,
494,Spurious,,,4.477155,Multiplet,,,,,
494,Spurious,,,4.59963,Doublet,,,,,
494,Spurious,,,4.67532,Singlet,,,,,
494,Spurious,,,4.71438,Singlet,,,,,
494,Spurious,,,4.74612,Singlet,,,,,
494,Spurious,,,4.78925,Triplet,,,,,
494,Spurious,,,4.83889,Singlet,,,,,
494,Spurious,,,4.87795,Singlet,,,,,
494,Spurious,,,4.93167,Singlet,,,,,
494,Spurious,,,5.047226666666667,Multiplet,,,,,
494,Spurious,,,5.13186,Singlet,,,,,
494,Spurious,,,5.1888266666666665,Triplet,,,,,
494,Spurious,,,5.268585,Doublet,,,,,
494,Spurious,,,5.31985,Singlet,,,,,
494,Spurious,,,5.4010275,Quartet,,,,,
494,Spurious,,,5.46145,Singlet,,,,,
494,Spurious,,,5.52737,Singlet,,,,,
494,Spurious,,,5.56888,Singlet,,,,,
494,Spurious,,,5.636015,Doublet,,,,,
494,Spurious,,,5.68606,Singlet,,,,,
494,Spurious,,,5.73245,Singlet,,,,,
494,Spurious,,,5.78372,Singlet,,,,,
494,Spurious,,,5.843535,Doublet,,,,,
494,Spurious,,,5.88626,Singlet,,,,,
494,Spurious,,,5.918,Singlet,,,,,
494,Spurious,,,5.94974,Singlet,,,,,
494,Spurious,,,6.014026666666666,Triplet,,,,,
494,Spurious,,,6.1035466666666665,Triplet,,,,,
494,Spurious,,,6.165393333333334,Triplet,,,,,
494,Spurious,,,6.284212500000001,Quartet,,,,,
494,Spurious,,,6.34281,Singlet,,,,,
494,Spurious,,,6.38431,Singlet,,,,,
494,Spurious,,,6.4368,Doublet,,,,,
494,Spurious,,,6.588575,Multiplet,,,,,
494,Spurious,,,6.72025,Multiplet,,,,,
494,Spurious,,,6.826555714285715,Multiplet,,,,,
494,Spurious,,,6.90921,Singlet,,,,,
494,Spurious,,,6.94828,Singlet,,,,,
494,Spurious,,,6.98734,Doublet,,,,,
494,Spurious,,,7.03861,Singlet,,,,,
494,Spurious,,,7.136675,Multiplet,,,,,
494,Spurious,,,7.22904,Singlet,,,,,
494,Spurious,,,7.299436666666668,Multiplet,,,,,
494,Spurious,,,7.440745714285714,Multiplet,,,,,
494,Spurious,,,7.56351,Singlet,,,,,
494,Spurious,,,7.801143333333333,Triplet,,,,,
494,Spurious,,,7.91813,Quartet,,,,,
494,Spurious,,,7.991985,Doublet,,,,,
494,Spurious,,,8.17387,Singlet,,,,,
494,Spurious,,,8.2800725,Quartet,,,,,
494,Spurious,,,8.35453,Singlet,,,,,
494,Spurious,,,8.43388,Quartet,,,,,
494,Spurious,,,8.504685,Doublet,,,,,
494,Spurious,,,8.616308888888888,Multiplet,,,,,
494,Spurious,,,8.761436666666667,Triplet,,,,,
494,Spurious,,,8.81352,Doublet,,,,,
494,Spurious,,,8.86235,Singlet,,,,,
494,Spurious,,,8.918505,Doublet,,,,,
494,Spurious,,,8.985032499999999,Quartet,,,,,
494,Spurious,,,9.14102,Multiplet,,,,,
494,Spurious,,,9.241990000000001,Doublet,,,,,
494,Spurious,,,9.2896,Singlet,,,,,
494,Spurious,,,9.35063,Singlet,,,,,
494,Spurious,,,9.386035,Doublet,,,,,
494,Spurious,,,9.425095,Doublet,,,,,
494,Spurious,,,9.46294,Singlet,,,,,
494,Spurious,,,9.50932,Singlet,,,,,
494,Spurious,,,9.57158,Doublet,,,,,
494,Spurious,,,9.670455,Doublet,,,,,
494,Spurious,,,9.714405,Doublet,,,,,
494,Spurious,,,9.78602,Triplet,,,,,
494,Spurious,,,9.87147,Triplet,,,,,
494,Spurious,,,9.966479999999999,Quartet,,,,,
495,Matched,2.19239,Singlet,2.165782,Multiplet,0.026607999999999965,0.005337385460734367,0.005245956126600504,9.142933413386345e-05,1.712998523462155
495,Matched,4.66799,Singlet,4.67532,Singlet,0.007330000000000503,0.0035560685209929943,0.0054129622876644135,0.0018568937666714191,52.21760367409628
495,Matched,6.8469549999999995,Doublet,6.826555714285715,Multiplet,0.02039928571428451,0.0017899289960041642,0.007699670270085335,0.0059097412740811706,330.1662405198235
495,Matched,7.162310000000001,Triplet,7.136675,Multiplet,0.025635000000000296,0.0018081562593579292,0.008200690150260925,0.006392533890902996,353.53879720400744
495,Matched,7.21927,Singlet,7.22904,Singlet,0.0097700000000005,0.0017876841593533754,0.005222857929766178,0.0034351737704128027,192.1577563038508
495,Spurious,,,0.0341799,Singlet,,,,,
495,Spurious,,,0.09684283333333332,Triplet,,,,,
495,Spurious,,,0.19043100000000002,Triplet,,,,,
495,Spurious,,,0.335695,Doublet,,,,,
495,Spurious,,,0.406903,Triplet,,,,,
495,Spurious,,,0.4992705,Doublet,,,,,
495,Spurious,,,0.539553,Singlet,,,,,
495,Spurious,,,0.610355,Singlet,,,,,
495,Spurious,,,0.6811555,Doublet,,,,,
495,Spurious,,,0.720218,Singlet,,,,,
495,Spurious,,,0.7666055,Doublet,,,,,
495,Spurious,,,0.8361855,Doublet,,,,,
495,Spurious,,,0.91064925,Quartet,,,,,
495,Spurious,,,1.0246987142857145,Multiplet,,,,,
495,Spurious,,,1.15967,Singlet,,,,,
495,Spurious,,,1.214605,Doublet,,,,,
495,Spurious,,,1.2866266666666668,Triplet,,,,,
495,Spurious,,,1.384285,Quartet,,,,,
495,Spurious,,,1.441655,Doublet,,,,,
495,Spurious,,,1.511235,Doublet,,,,,
495,Spurious,,,1.6049859999999998,Multiplet,,,,,
495,Spurious,,,1.7285233333333334,Triplet,,,,,
495,Spurious,,,1.828624,Multiplet,,,,,
495,Spurious,,,1.9275,Doublet,,,,,
495,Spurious,,,1.989755,Doublet,,,,,
495,Spurious,,,2.280285,Doublet,,,,,
495,Spurious,,,2.3407074999999997,Quartet,,,,,
495,Spurious,,,2.4458949999999997,Multiplet,,,,,
495,Spurious,,,2.5520933333333335,Triplet,,,,,
495,Spurious,,,2.63917,Singlet,,,,,
495,Spurious,,,2.70143,Doublet,,,,,
495,Spurious,,,2.7895659999999998,Multiplet,,,,,
495,Spurious,,,2.87111,Singlet,,,,,
495,Spurious,,,2.935074,Multiplet,,,,,
495,Spurious,,,3.01515,Singlet,,,,,
495,Spurious,,,3.194352,Multiplet,,,,,
495,Spurious,,,3.2885900000000006,Triplet,,,,,
495,Spurious,,,3.365495,Doublet,,,,,
495,Spurious,,,3.4442325000000005,Quartet,,,,,
495,Spurious,,,3.50588,Singlet,,,,,
495,Spurious,,,3.56447,Quartet,,,,,
495,Spurious,,,3.61818,Singlet,,,,,
495,Spurious,,,3.69712,Triplet,,,,,
495,Spurious,,,3.860288333333333,Multiplet,,,,,
495,Spurious,,,4.036885,Multiplet,,,,,
495,Spurious,,,4.1797075,Quartet,,,,,
495,Spurious,,,4.313288571428571,Multiplet,,,,,
495,Spurious,,,4.477155,Multiplet,,,,,
495,Spurious,,,4.59963,Doublet,,,,,
495,Spurious,,,4.71438,Singlet,,,,,
495,Spurious,,,4.74612,Singlet,,,,,
495,Spurious,,,4.78925,Triplet,,,,,
495,Spurious,,,4.83889,Singlet,,,,,
495,Spurious,,,4.87795,Singlet,,,,,
495,Spurious,,,4.93167,Singlet,,,,,
495,Spurious,,,5.047226666666667,Multiplet,,,,,
495,Spurious,,,5.13186,Singlet,,,,,
495,Spurious,,,5.1888266666666665,Triplet,,,,,
495,Spurious,,,5.268585,Doublet,,,,,
495,Spurious,,,5.31985,Singlet,,,,,
495,Spurious,,,5.4010275,Quartet,,,,,
495,Spurious,,,5.46145,Singlet,,,,,
495,Spurious,,,5.52737,Singlet,,,,,
495,Spurious,,,5.56888,Singlet,,,,,
495,Spurious,,,5.636015,Doublet,,,,,
495,Spurious,,,5.68606,Singlet,,,,,
495,Spurious,,,5.73245,Singlet,,,,,
495,Spurious,,,5.78372,Singlet,,,,,
495,Spurious,,,5.843535,Doublet,,,,,
495,Spurious,,,5.88626,Singlet,,,,,
495,Spurious,,,5.918,Singlet,,,,,
495,Spurious,,,5.94974,Singlet,,,,,
495,Spurious,,,6.014026666666666,Triplet,,,,,
495,Spurious,,,6.1035466666666665,Triplet,,,,,
495,Spurious,,,6.165393333333334,Triplet,,,,,
495,Spurious,,,6.284212500000001,Quartet,,,,,
495,Spurious,,,6.34281,Singlet,,,,,
495,Spurious,,,6.38431,Singlet,,,,,
495,Spurious,,,6.4368,Doublet,,,,,
495,Spurious,,,6.588575,Multiplet,,,,,
495,Spurious,,,6.72025,Multiplet,,,,,
495,Spurious,,,6.90921,Singlet,,,,,
495,Spurious,,,6.94828,Singlet,,,,,
495,Spurious,,,6.98734,Doublet,,,,,
495,Spurious,,,7.03861,Singlet,,,,,
495,Spurious,,,7.299436666666668,Multiplet,,,,,
495,Spurious,,,7.440745714285714,Multiplet,,,,,
495,Spurious,,,7.56351,Singlet,,,,,
495,Spurious,,,7.670238571428571,Multiplet,,,,,
495,Spurious,,,7.801143333333333,Triplet,,,,,
495,Spurious,,,7.91813,Quartet,,,,,
495,Spurious,,,7.991985,Doublet,,,,,
495,Spurious,,,8.08891,Multiplet,,,,,
495,Spurious,,,8.17387,Singlet,,,,,
495,Spurious,,,8.2800725,Quartet,,,,,
495,Spurious,,,8.35453,Singlet,,,,,
495,Spurious,,,8.43388,Quartet,,,,,
495,Spurious,,,8.504685,Doublet,,,,,
495,Spurious,,,8.616308888888888,Multiplet,,,,,
495,Spurious,,,8.761436666666667,Triplet,,,,,
495,Spurious,,,8.81352,Doublet,,,,,
495,Spurious,,,8.86235,Singlet,,,,,
495,Spurious,,,8.918505,Doublet,,,,,
495,Spurious,,,8.985032499999999,Quartet,,,,,
495,Spurious,,,9.14102,Multiplet,,,,,
495,Spurious,,,9.241990000000001,Doublet,,,,,
495,Spurious,,,9.2896,Singlet,,,,,
495,Spurious,,,9.35063,Singlet,,,,,
495,Spurious,,,9.386035,Doublet,,,,,
495,Spurious,,,9.425095,Doublet,,,,,
495,Spurious,,,9.46294,Singlet,,,,,
495,Spurious,,,9.50932,Singlet,,,,,
495,Spurious,,,9.57158,Doublet,,,,,
495,Spurious,,,9.670455,Doublet,,,,,
495,Spurious,,,9.714405,Doublet,,,,,
495,Spurious,,,9.78602,Triplet,,,,,
495,Spurious,,,9.87147,Triplet,,,,,
495,Spurious,,,9.966479999999999,Quartet,,,,,
496,Matched,0.903325,Triplet,0.91064925,Quartet,0.007324249999999921,0.007143041584640741,0.00979054905474186,0.002647507470101118,37.06414751656908
496,Matched,1.14084,Multiplet,1.15967,Singlet,0.018829999999999902,0.0023829485289752483,0.010287227109074593,0.007904278580099344,331.701607650689
496,Matched,1.2942233333333333,Multiplet,1.2866266666666668,Triplet,0.007596666666666474,0.004781518597155809,0.019392535090446472,0.014611016493290663,305.57272122671935
496,Matched,1.4609076923076922,Multiplet,1.441655,Doublet,0.019252692307692332,0.007596299517899752,0.01760444976389408,0.01000815024599433,131.75033741641369
496,Matched,1.8595483333333334,Multiplet,1.828624,Multiplet,0.03092433333333333,0.002407595980912447,0.010826359502971172,0.008418763522058725,349.67509452595635
496,Matched,1.9991714285714288,Multiplet,1.989755,Doublet,0.009416428571428881,0.002412307308986783,0.013590337708592415,0.011178030399605632,463.3750583088283
496,Matched,2.2576613333333335,Multiplet,2.280285,Doublet,0.022623666666666598,0.014328482560813427,0.028896043077111244,0.014567560516297817,101.66855041676386
496,Matched,2.46095,Quartet,2.4458949999999997,Multiplet,0.015055000000000263,0.002063153078779578,0.008712169714272022,0.006649016635492444,322.27451776993456
496,Matched,2.58302,Singlet,2.5520933333333335,Triplet,0.030926666666666325,0.0023613199591636658,0.005523470230400562,0.0031621502712368965,133.91451924866928
496,Matched,3.18117,Singlet,3.194352,Multiplet,0.013182000000000027,0.002357256133109331,0.0051896832883358,0.002832427155226469,120.15780192245656
496,Matched,5.69095,Singlet,5.68606,Singlet,0.004889999999999617,0.0023539504036307335,0.005177709273993969,0.0028237588703632355,119.95829929160229
496,Missed,1.6675796296296295,Multiplet,,,,,,,
496,Spurious,,,0.0341799,Singlet,,,,,
496,Spurious,,,0.09684283333333332,Triplet,,,,,
496,Spurious,,,0.19043100000000002,Triplet,,,,,
496,Spurious,,,0.335695,Doublet,,,,,
496,Spurious,,,0.406903,Triplet,,,,,
496,Spurious,,,0.4992705,Doublet,,,,,
496,Spurious,,,0.539553,Singlet,,,,,
496,Spurious,,,0.610355,Singlet,,,,,
496,Spurious,,,0.6811555,Doublet,,,,,
496,Spurious,,,0.720218,Singlet,,,,,
496,Spurious,,,0.7666055,Doublet,,,,,
496,Spurious,,,0.8361855,Doublet,,,,,
496,Spurious,,,1.0246987142857145,Multiplet,,,,,
496,Spurious,,,1.214605,Doublet,,,,,
496,Spurious,,,1.384285,Quartet,,,,,
496,Spurious,,,1.511235,Doublet,,,,,
496,Spurious,,,1.6049859999999998,Multiplet,,,,,
496,Spurious,,,1.7285233333333334,Triplet,,,,,
496,Spurious,,,1.9275,Doublet,,,,,
496,Spurious,,,2.165782,Multiplet,,,,,
496,Spurious,,,2.3407074999999997,Quartet,,,,,
496,Spurious,,,2.63917,Singlet,,,,,
496,Spurious,,,2.70143,Doublet,,,,,
496,Spurious,,,2.7895659999999998,Multiplet,,,,,
496,Spurious,,,2.87111,Singlet,,,,,
496,Spurious,,,2.935074,Multiplet,,,,,
496,Spurious,,,3.01515,Singlet,,,,,
496,Spurious,,,3.2885900000000006,Triplet,,,,,
496,Spurious,,,3.365495,Doublet,,,,,
496,Spurious,,,3.4442325000000005,Quartet,,,,,
496,Spurious,,,3.50588,Singlet,,,,,
496,Spurious,,,3.56447,Quartet,,,,,
496,Spurious,,,3.61818,Singlet,,,,,
496,Spurious,,,3.69712,Triplet,,,,,
496,Spurious,,,3.860288333333333,Multiplet,,,,,
496,Spurious,,,4.036885,Multiplet,,,,,
496,Spurious,,,4.1797075,Quartet,,,,,
496,Spurious,,,4.313288571428571,Multiplet,,,,,
496,Spurious,,,4.477155,Multiplet,,,,,
496,Spurious,,,4.59963,Doublet,,,,,
496,Spurious,,,4.67532,Singlet,,,,,
496,Spurious,,,4.71438,Singlet,,,,,
496,Spurious,,,4.74612,Singlet,,,,,
496,Spurious,,,4.78925,Triplet,,,,,
496,Spurious,,,4.83889,Singlet,,,,,
496,Spurious,,,4.87795,Singlet,,,,,
496,Spurious,,,4.93167,Singlet,,,,,
496,Spurious,,,5.047226666666667,Multiplet,,,,,
496,Spurious,,,5.13186,Singlet,,,,,
496,Spurious,,,5.1888266666666665,Triplet,,,,,
496,Spurious,,,5.268585,Doublet,,,,,
496,Spurious,,,5.31985,Singlet,,,,,
496,Spurious,,,5.4010275,Quartet,,,,,
496,Spurious,,,5.46145,Singlet,,,,,
496,Spurious,,,5.52737,Singlet,,,,,
496,Spurious,,,5.56888,Singlet,,,,,
496,Spurious,,,5.636015,Doublet,,,,,
496,Spurious,,,5.73245,Singlet,,,,,
496,Spurious,,,5.78372,Singlet,,,,,
496,Spurious,,,5.843535,Doublet,,,,,
496,Spurious,,,5.88626,Singlet,,,,,
496,Spurious,,,5.918,Singlet,,,,,
496,Spurious,,,5.94974,Singlet,,,,,
496,Spurious,,,6.014026666666666,Triplet,,,,,
496,Spurious,,,6.1035466666666665,Triplet,,,,,
496,Spurious,,,6.165393333333334,Triplet,,,,,
496,Spurious,,,6.284212500000001,Quartet,,,,,
496,Spurious,,,6.34281,Singlet,,,,,
496,Spurious,,,6.38431,Singlet,,,,,
496,Spurious,,,6.4368,Doublet,,,,,
496,Spurious,,,6.588575,Multiplet,,,,,
496,Spurious,,,6.72025,Multiplet,,,,,
496,Spurious,,,6.826555714285715,Multiplet,,,,,
496,Spurious,,,6.90921,Singlet,,,,,
496,Spurious,,,6.94828,Singlet,,,,,
496,Spurious,,,6.98734,Doublet,,,,,
496,Spurious,,,7.03861,Singlet,,,,,
496,Spurious,,,7.136675,Multiplet,,,,,
496,Spurious,,,7.22904,Singlet,,,,,
496,Spurious,,,7.299436666666668,Multiplet,,,,,
496,Spurious,,,7.440745714285714,Multiplet,,,,,
496,Spurious,,,7.56351,Singlet,,,,,
496,Spurious,,,7.670238571428571,Multiplet,,,,,
496,Spurious,,,7.801143333333333,Triplet,,,,,
496,Spurious,,,7.91813,Quartet,,,,,
496,Spurious,,,7.991985,Doublet,,,,,
496,Spurious,,,8.08891,Multiplet,,,,,
496,Spurious,,,8.17387,Singlet,,,,,
496,Spurious,,,8.2800725,Quartet,,,,,
496,Spurious,,,8.35453,Singlet,,,,,
496,Spurious,,,8.43388,Quartet,,,,,
496,Spurious,,,8.504685,Doublet,,,,,
496,Spurious,,,8.616308888888888,Multiplet,,,,,
496,Spurious,,,8.761436666666667,Triplet,,,,,
496,Spurious,,,8.81352,Doublet,,,,,
496,Spurious,,,8.86235,Singlet,,,,,
496,Spurious,,,8.918505,Doublet,,,,,
496,Spurious,,,8.985032499999999,Quartet,,,,,
496,Spurious,,,9.14102,Multiplet,,,,,
496,Spurious,,,9.241990000000001,Doublet,,,,,
496,Spurious,,,9.2896,Singlet,,,,,
496,Spurious,,,9.35063,Singlet,,,,,
496,Spurious,,,9.386035,Doublet,,,,,
496,Spurious,,,9.425095,Doublet,,,,,
496,Spurious,,,9.46294,Singlet,,,,,
496,Spurious,,,9.50932,Singlet,,,,,
496,Spurious,,,9.57158,Doublet,,,,,
496,Spurious,,,9.670455,Doublet,,,,,
496,Spurious,,,9.714405,Doublet,,,,,
496,Spurious,,,9.78602,Triplet,,,,,
496,Spurious,,,9.87147,Triplet,,,,,
496,Spurious,,,9.966479999999999,Quartet,,,,,
497,Matched,1.4270100000000001,Doublet,1.441655,Doublet,0.014644999999999797,0.003560600569471717,0.007295704912394285,0.0037351043429225683,104.90096459982149
497,Matched,3.309098,Multiplet,3.2885900000000006,Triplet,0.020507999999999527,0.004690415225923061,0.0128376055508852,0.008147190324962139,173.69870112850816
497,Matched,5.588405,Doublet,5.56888,Singlet,0.019524999999999793,0.0011800490319728851,0.007230760529637337,0.006050711497664452,512.7508547291858
497,Matched,7.444696666666666,Triplet,7.440745714285714,Multiplet,0.003950952380952444,0.002389871049672365,0.010751144960522652,0.008361273910850286,349.8629732343324
497,Matched,7.536655,Doublet,7.56351,Singlet,0.026855000000000295,0.0011807283153757453,0.007834535092115402,0.006653806776739657,563.5341077275854
497,Matched,7.990763333333334,Triplet,7.991985,Doublet,0.0012216666666660103,0.0023743731435388327,0.007837209850549698,0.005462836707010865,230.07490300656363
497,Missed,1.0880566666666667,Triplet,,,,,,,
497,Spurious,,,0.0341799,Singlet,,,,,
497,Spurious,,,0.09684283333333332,Triplet,,,,,
497,Spurious,,,0.19043100000000002,Triplet,,,,,
497,Spurious,,,0.335695,Doublet,,,,,
497,Spurious,,,0.406903,Triplet,,,,,
497,Spurious,,,0.4992705,Doublet,,,,,
497,Spurious,,,0.539553,Singlet,,,,,
497,Spurious,,,0.610355,Singlet,,,,,
497,Spurious,,,0.6811555,Doublet,,,,,
497,Spurious,,,0.720218,Singlet,,,,,
497,Spurious,,,0.7666055,Doublet,,,,,
497,Spurious,,,0.8361855,Doublet,,,,,
497,Spurious,,,0.91064925,Quartet,,,,,
497,Spurious,,,1.0246987142857145,Multiplet,,,,,
497,Spurious,,,1.15967,Singlet,,,,,
497,Spurious,,,1.214605,Doublet,,,,,
497,Spurious,,,1.2866266666666668,Triplet,,,,,
497,Spurious,,,1.384285,Quartet,,,,,
497,Spurious,,,1.511235,Doublet,,,,,
497,Spurious,,,1.6049859999999998,Multiplet,,,,,
497,Spurious,,,1.7285233333333334,Triplet,,,,,
497,Spurious,,,1.828624,Multiplet,,,,,
497,Spurious,,,1.9275,Doublet,,,,,
497,Spurious,,,1.989755,Doublet,,,,,
497,Spurious,,,2.165782,Multiplet,,,,,
497,Spurious,,,2.280285,Doublet,,,,,
497,Spurious,,,2.3407074999999997,Quartet,,,,,
497,Spurious,,,2.4458949999999997,Multiplet,,,,,
497,Spurious,,,2.5520933333333335,Triplet,,,,,
497,Spurious,,,2.63917,Singlet,,,,,
497,Spurious,,,2.70143,Doublet,,,,,
497,Spurious,,,2.7895659999999998,Multiplet,,,,,
497,Spurious,,,2.87111,Singlet,,,,,
497,Spurious,,,2.935074,Multiplet,,,,,
497,Spurious,,,3.01515,Singlet,,,,,
497,Spurious,,,3.194352,Multiplet,,,,,
497,Spurious,,,3.365495,Doublet,,,,,
497,Spurious,,,3.4442325000000005,Quartet,,,,,
497,Spurious,,,3.50588,Singlet,,,,,
497,Spurious,,,3.56447,Quartet,,,,,
497,Spurious,,,3.61818,Singlet,,,,,
497,Spurious,,,3.69712,Triplet,,,,,
497,Spurious,,,3.860288333333333,Multiplet,,,,,
497,Spurious,,,4.036885,Multiplet,,,,,
497,Spurious,,,4.1797075,Quartet,,,,,
497,Spurious,,,4.313288571428571,Multiplet,,,,,
497,Spurious,,,4.477155,Multiplet,,,,,
497,Spurious,,,4.59963,Doublet,,,,,
497,Spurious,,,4.67532,Singlet,,,,,
497,Spurious,,,4.71438,Singlet,,,,,
497,Spurious,,,4.74612,Singlet,,,,,
497,Spurious,,,4.78925,Triplet,,,,,
497,Spurious,,,4.83889,Singlet,,,,,
497,Spurious,,,4.87795,Singlet,,,,,
497,Spurious,,,4.93167,Singlet,,,,,
497,Spurious,,,5.047226666666667,Multiplet,,,,,
497,Spurious,,,5.13186,Singlet,,,,,
497,Spurious,,,5.1888266666666665,Triplet,,,,,
497,Spurious,,,5.268585,Doublet,,,,,
497,Spurious,,,5.31985,Singlet,,,,,
497,Spurious,,,5.4010275,Quartet,,,,,
497,Spurious,,,5.46145,Singlet,,,,,
497,Spurious,,,5.52737,Singlet,,,,,
497,Spurious,,,5.636015,Doublet,,,,,
497,Spurious,,,5.68606,Singlet,,,,,
497,Spurious,,,5.73245,Singlet,,,,,
497,Spurious,,,5.78372,Singlet,,,,,
497,Spurious,,,5.843535,Doublet,,,,,
497,Spurious,,,5.88626,Singlet,,,,,
497,Spurious,,,5.918,Singlet,,,,,
497,Spurious,,,5.94974,Singlet,,,,,
497,Spurious,,,6.014026666666666,Triplet,,,,,
497,Spurious,,,6.1035466666666665,Triplet,,,,,
497,Spurious,,,6.165393333333334,Triplet,,,,,
497,Spurious,,,6.284212500000001,Quartet,,,,,
497,Spurious,,,6.34281,Singlet,,,,,
497,Spurious,,,6.38431,Singlet,,,,,
497,Spurious,,,6.4368,Doublet,,,,,
497,Spurious,,,6.588575,Multiplet,,,,,
497,Spurious,,,6.72025,Multiplet,,,,,
497,Spurious,,,6.826555714285715,Multiplet,,,,,
497,Spurious,,,6.90921,Singlet,,,,,
497,Spurious,,,6.94828,Singlet,,,,,
497,Spurious,,,6.98734,Doublet,,,,,
497,Spurious,,,7.03861,Singlet,,,,,
497,Spurious,,,7.136675,Multiplet,,,,,
497,Spurious,,,7.22904,Singlet,,,,,
497,Spurious,,,7.299436666666668,Multiplet,,,,,
497,Spurious,,,7.670238571428571,Multiplet,,,,,
497,Spurious,,,7.801143333333333,Triplet,,,,,
497,Spurious,,,7.91813,Quartet,,,,,
497,Spurious,,,8.08891,Multiplet,,,,,
497,Spurious,,,8.17387,Singlet,,,,,
497,Spurious,,,8.2800725,Quartet,,,,,
497,Spurious,,,8.35453,Singlet,,,,,
497,Spurious,,,8.43388,Quartet,,,,,
497,Spurious,,,8.504685,Doublet,,,,,
497,Spurious,,,8.616308888888888,Multiplet,,,,,
497,Spurious,,,8.761436666666667,Triplet,,,,,
497,Spurious,,,8.81352,Doublet,,,,,
497,Spurious,,,8.86235,Singlet,,,,,
497,Spurious,,,8.918505,Doublet,,,,,
497,Spurious,,,8.985032499999999,Quartet,,,,,
497,Spurious,,,9.14102,Multiplet,,,,,
497,Spurious,,,9.241990000000001,Doublet,,,,,
497,Spurious,,,9.2896,Singlet,,,,,
497,Spurious,,,9.35063,Singlet,,,,,
497,Spurious,,,9.386035,Doublet,,,,,
497,Spurious,,,9.425095,Doublet,,,,,
497,Spurious,,,9.46294,Singlet,,,,,
497,Spurious,,,9.50932,Singlet,,,,,
497,Spurious,,,9.57158,Doublet,,,,,
497,Spurious,,,9.670455,Doublet,,,,,
497,Spurious,,,9.714405,Doublet,,,,,
497,Spurious,,,9.78602,Triplet,,,,,
497,Spurious,,,9.87147,Triplet,,,,,
497,Spurious,,,9.966479999999999,Quartet,,,,,
498,Matched,1.870125,Quartet,1.828624,Multiplet,0.04150100000000001,0.003613474778831005,0.011842151172459126,0.00822867639362812,227.72198222704017
498,Matched,3.2745499999999996,Quartet,3.2885900000000006,Triplet,0.01404000000000094,0.007190197706222534,0.009971008636057377,0.0027808109298348427,38.67502735603885
498,Matched,6.57474,Singlet,6.588575,Multiplet,0.013834999999999376,0.0017779705813154578,0.005164693109691143,0.003386722528375685,190.48248401669102
498,Missed,1.781625,Quartet,,,,,,,
498,Missed,3.75002,Singlet,,,,,,,
498,Spurious,,,0.0341799,Singlet,,,,,
498,Spurious,,,0.09684283333333332,Triplet,,,,,
498,Spurious,,,0.19043100000000002,Triplet,,,,,
498,Spurious,,,0.335695,Doublet,,,,,
498,Spurious,,,0.406903,Triplet,,,,,
498,Spurious,,,0.4992705,Doublet,,,,,
498,Spurious,,,0.539553,Singlet,,,,,
498,Spurious,,,0.610355,Singlet,,,,,
498,Spurious,,,0.6811555,Doublet,,,,,
498,Spurious,,,0.720218,Singlet,,,,,
498,Spurious,,,0.7666055,Doublet,,,,,
498,Spurious,,,0.8361855,Doublet,,,,,
498,Spurious,,,0.91064925,Quartet,,,,,
498,Spurious,,,1.0246987142857145,Multiplet,,,,,
498,Spurious,,,1.15967,Singlet,,,,,
498,Spurious,,,1.214605,Doublet,,,,,
498,Spurious,,,1.2866266666666668,Triplet,,,,,
498,Spurious,,,1.384285,Quartet,,,,,
498,Spurious,,,1.441655,Doublet,,,,,
498,Spurious,,,1.511235,Doublet,,,,,
498,Spurious,,,1.6049859999999998,Multiplet,,,,,
498,Spurious,,,1.7285233333333334,Triplet,,,,,
498,Spurious,,,1.9275,Doublet,,,,,
498,Spurious,,,1.989755,Doublet,,,,,
498,Spurious,,,2.165782,Multiplet,,,,,
498,Spurious,,,2.280285,Doublet,,,,,
498,Spurious,,,2.3407074999999997,Quartet,,,,,
498,Spurious,,,2.4458949999999997,Multiplet,,,,,
498,Spurious,,,2.5520933333333335,Triplet,,,,,
498,Spurious,,,2.63917,Singlet,,,,,
498,Spurious,,,2.70143,Doublet,,,,,
498,Spurious,,,2.7895659999999998,Multiplet,,,,,
498,Spurious,,,2.87111,Singlet,,,,,
498,Spurious,,,2.935074,Multiplet,,,,,
498,Spurious,,,3.01515,Singlet,,,,,
498,Spurious,,,3.194352,Multiplet,,,,,
498,Spurious,,,3.365495,Doublet,,,,,
498,Spurious,,,3.4442325000000005,Quartet,,,,,
498,Spurious,,,3.50588,Singlet,,,,,
498,Spurious,,,3.56447,Quartet,,,,,
498,Spurious,,,3.61818,Singlet,,,,,
498,Spurious,,,3.69712,Triplet,,,,,
498,Spurious,,,3.860288333333333,Multiplet,,,,,
498,Spurious,,,4.036885,Multiplet,,,,,
498,Spurious,,,4.1797075,Quartet,,,,,
498,Spurious,,,4.313288571428571,Multiplet,,,,,
498,Spurious,,,4.477155,Multiplet,,,,,
498,Spurious,,,4.59963,Doublet,,,,,
498,Spurious,,,4.67532,Singlet,,,,,
498,Spurious,,,4.71438,Singlet,,,,,
498,Spurious,,,4.74612,Singlet,,,,,
498,Spurious,,,4.78925,Triplet,,,,,
498,Spurious,,,4.83889,Singlet,,,,,
498,Spurious,,,4.87795,Singlet,,,,,
498,Spurious,,,4.93167,Singlet,,,,,
498,Spurious,,,5.047226666666667,Multiplet,,,,,
498,Spurious,,,5.13186,Singlet,,,,,
498,Spurious,,,5.1888266666666665,Triplet,,,,,
498,Spurious,,,5.268585,Doublet,,,,,
498,Spurious,,,5.31985,Singlet,,,,,
498,Spurious,,,5.4010275,Quartet,,,,,
498,Spurious,,,5.46145,Singlet,,,,,
498,Spurious,,,5.52737,Singlet,,,,,
498,Spurious,,,5.56888,Singlet,,,,,
498,Spurious,,,5.636015,Doublet,,,,,
498,Spurious,,,5.68606,Singlet,,,,,
498,Spurious,,,5.73245,Singlet,,,,,
498,Spurious,,,5.78372,Singlet,,,,,
498,Spurious,,,5.843535,Doublet,,,,,
498,Spurious,,,5.88626,Singlet,,,,,
498,Spurious,,,5.918,Singlet,,,,,
498,Spurious,,,5.94974,Singlet,,,,,
498,Spurious,,,6.014026666666666,Triplet,,,,,
498,Spurious,,,6.1035466666666665,Triplet,,,,,
498,Spurious,,,6.165393333333334,Triplet,,,,,
498,Spurious,,,6.284212500000001,Quartet,,,,,
498,Spurious,,,6.34281,Singlet,,,,,
498,Spurious,,,6.38431,Singlet,,,,,
498,Spurious,,,6.4368,Doublet,,,,,
498,Spurious,,,6.72025,Multiplet,,,,,
498,Spurious,,,6.826555714285715,Multiplet,,,,,
498,Spurious,,,6.90921,Singlet,,,,,
498,Spurious,,,6.94828,Singlet,,,,,
498,Spurious,,,6.98734,Doublet,,,,,
498,Spurious,,,7.03861,Singlet,,,,,
498,Spurious,,,7.136675,Multiplet,,,,,
498,Spurious,,,7.22904,Singlet,,,,,
498,Spurious,,,7.299436666666668,Multiplet,,,,,
498,Spurious,,,7.440745714285714,Multiplet,,,,,
498,Spurious,,,7.56351,Singlet,,,,,
498,Spurious,,,7.670238571428571,Multiplet,,,,,
498,Spurious,,,7.801143333333333,Triplet,,,,,
498,Spurious,,,7.91813,Quartet,,,,,
498,Spurious,,,7.991985,Doublet,,,,,
498,Spurious,,,8.08891,Multiplet,,,,,
498,Spurious,,,8.17387,Singlet,,,,,
498,Spurious,,,8.2800725,Quartet,,,,,
498,Spurious,,,8.35453,Singlet,,,,,
498,Spurious,,,8.43388,Quartet,,,,,
498,Spurious,,,8.504685,Doublet,,,,,
498,Spurious,,,8.616308888888888,Multiplet,,,,,
498,Spurious,,,8.761436666666667,Triplet,,,,,
498,Spurious,,,8.81352,Doublet,,,,,
498,Spurious,,,8.86235,Singlet,,,,,
498,Spurious,,,8.918505,Doublet,,,,,
498,Spurious,,,8.985032499999999,Quartet,,,,,
498,Spurious,,,9.14102,Multiplet,,,,,
498,Spurious,,,9.241990000000001,Doublet,,,,,
498,Spurious,,,9.2896,Singlet,,,,,
498,Spurious,,,9.35063,Singlet,,,,,
498,Spurious,,,9.386035,Doublet,,,,,
498,Spurious,,,9.425095,Doublet,,,,,
498,Spurious,,,9.46294,Singlet,,,,,
498,Spurious,,,9.50932,Singlet,,,,,
498,Spurious,,,9.57158,Doublet,,,,,
498,Spurious,,,9.670455,Doublet,,,,,
498,Spurious,,,9.714405,Doublet,,,,,
498,Spurious,,,9.78602,Triplet,,,,,
498,Spurious,,,9.87147,Triplet,,,,,
498,Spurious,,,9.966479999999999,Quartet,,,,,
499,Matched,3.83913,Doublet,3.860288333333333,Multiplet,0.021158333333333168,0.007157683838158846,0.00867768470197916,0.0015200008638203144,21.235931876690724
499,Missed,6.646765,Doublet,,,,,,,
499,Spurious,,,0.0341799,Singlet,,,,,
499,Spurious,,,0.09684283333333332,Triplet,,,,,
499,Spurious,,,0.19043100000000002,Triplet,,,,,
499,Spurious,,,0.335695,Doublet,,,,,
499,Spurious,,,0.406903,Triplet,,,,,
499,Spurious,,,0.4992705,Doublet,,,,,
499,Spurious,,,0.539553,Singlet,,,,,
499,Spurious,,,0.610355,Singlet,,,,,
499,Spurious,,,0.6811555,Doublet,,,,,
499,Spurious,,,0.720218,Singlet,,,,,
499,Spurious,,,0.7666055,Doublet,,,,,
499,Spurious,,,0.8361855,Doublet,,,,,
499,Spurious,,,0.91064925,Quartet,,,,,
499,Spurious,,,1.0246987142857145,Multiplet,,,,,
499,Spurious,,,1.15967,Singlet,,,,,
499,Spurious,,,1.214605,Doublet,,,,,
499,Spurious,,,1.2866266666666668,Triplet,,,,,
499,Spurious,,,1.384285,Quartet,,,,,
499,Spurious,,,1.441655,Doublet,,,,,
499,Spurious,,,1.511235,Doublet,,,,,
499,Spurious,,,1.6049859999999998,Multiplet,,,,,
499,Spurious,,,1.7285233333333334,Triplet,,,,,
499,Spurious,,,1.828624,Multiplet,,,,,
499,Spurious,,,1.9275,Doublet,,,,,
499,Spurious,,,1.989755,Doublet,,,,,
499,Spurious,,,2.165782,Multiplet,,,,,
499,Spurious,,,2.280285,Doublet,,,,,
499,Spurious,,,2.3407074999999997,Quartet,,,,,
499,Spurious,,,2.4458949999999997,Multiplet,,,,,
499,Spurious,,,2.5520933333333335,Triplet,,,,,
499,Spurious,,,2.63917,Singlet,,,,,
499,Spurious,,,2.70143,Doublet,,,,,
499,Spurious,,,2.7895659999999998,Multiplet,,,,,
499,Spurious,,,2.87111,Singlet,,,,,
499,Spurious,,,2.935074,Multiplet,,,,,
499,Spurious,,,3.01515,Singlet,,,,,
499,Spurious,,,3.194352,Multiplet,,,,,
499,Spurious,,,3.2885900000000006,Triplet,,,,,
499,Spurious,,,3.365495,Doublet,,,,,
499,Spurious,,,3.4442325000000005,Quartet,,,,,
499,Spurious,,,3.50588,Singlet,,,,,
499,Spurious,,,3.56447,Quartet,,,,,
499,Spurious,,,3.61818,Singlet,,,,,
499,Spurious,,,3.69712,Triplet,,,,,
499,Spurious,,,4.036885,Multiplet,,,,,
499,Spurious,,,4.1797075,Quartet,,,,,
499,Spurious,,,4.313288571428571,Multiplet,,,,,
499,Spurious,,,4.477155,Multiplet,,,,,
499,Spurious,,,4.59963,Doublet,,,,,
499,Spurious,,,4.67532,Singlet,,,,,
499,Spurious,,,4.71438,Singlet,,,,,
499,Spurious,,,4.74612,Singlet,,,,,
499,Spurious,,,4.78925,Triplet,,,,,
499,Spurious,,,4.83889,Singlet,,,,,
499,Spurious,,,4.87795,Singlet,,,,,
499,Spurious,,,4.93167,Singlet,,,,,
499,Spurious,,,5.047226666666667,Multiplet,,,,,
499,Spurious,,,5.13186,Singlet,,,,,
499,Spurious,,,5.1888266666666665,Triplet,,,,,
499,Spurious,,,5.268585,Doublet,,,,,
499,Spurious,,,5.31985,Singlet,,,,,
499,Spurious,,,5.4010275,Quartet,,,,,
499,Spurious,,,5.46145,Singlet,,,,,
499,Spurious,,,5.52737,Singlet,,,,,
499,Spurious,,,5.56888,Singlet,,,,,
499,Spurious,,,5.636015,Doublet,,,,,
499,Spurious,,,5.68606,Singlet,,,,,
499,Spurious,,,5.73245,Singlet,,,,,
499,Spurious,,,5.78372,Singlet,,,,,
499,Spurious,,,5.843535,Doublet,,,,,
499,Spurious,,,5.88626,Singlet,,,,,
499,Spurious,,,5.918,Singlet,,,,,
499,Spurious,,,5.94974,Singlet,,,,,
499,Spurious,,,6.014026666666666,Triplet,,,,,
499,Spurious,,,6.1035466666666665,Triplet,,,,,
499,Spurious,,,6.165393333333334,Triplet,,,,,
499,Spurious,,,6.284212500000001,Quartet,,,,,
499,Spurious,,,6.34281,Singlet,,,,,
499,Spurious,,,6.38431,Singlet,,,,,
499,Spurious,,,6.4368,Doublet,,,,,
499,Spurious,,,6.588575,Multiplet,,,,,
499,Spurious,,,6.72025,Multiplet,,,,,
499,Spurious,,,6.826555714285715,Multiplet,,,,,
499,Spurious,,,6.90921,Singlet,,,,,
499,Spurious,,,6.94828,Singlet,,,,,
499,Spurious,,,6.98734,Doublet,,,,,
499,Spurious,,,7.03861,Singlet,,,,,
499,Spurious,,,7.136675,Multiplet,,,,,
499,Spurious,,,7.22904,Singlet,,,,,
499,Spurious,,,7.299436666666668,Multiplet,,,,,
499,Spurious,,,7.440745714285714,Multiplet,,,,,
499,Spurious,,,7.56351,Singlet,,,,,
499,Spurious,,,7.670238571428571,Multiplet,,,,,
499,Spurious,,,7.801143333333333,Triplet,,,,,
499,Spurious,,,7.91813,Quartet,,,,,
499,Spurious,,,7.991985,Doublet,,,,,
499,Spurious,,,8.08891,Multiplet,,,,,
499,Spurious,,,8.17387,Singlet,,,,,
499,Spurious,,,8.2800725,Quartet,,,,,
499,Spurious,,,8.35453,Singlet,,,,,
499,Spurious,,,8.43388,Quartet,,,,,
499,Spurious,,,8.504685,Doublet,,,,,
499,Spurious,,,8.616308888888888,Multiplet,,,,,
499,Spurious,,,8.761436666666667,Triplet,,,,,
499,Spurious,,,8.81352,Doublet,,,,,
499,Spurious,,,8.86235,Singlet,,,,,
499,Spurious,,,8.918505,Doublet,,,,,
499,Spurious,,,8.985032499999999,Quartet,,,,,
499,Spurious,,,9.14102,Multiplet,,,,,
499,Spurious,,,9.241990000000001,Doublet,,,,,
499,Spurious,,,9.2896,Singlet,,,,,
499,Spurious,,,9.35063,Singlet,,,,,
499,Spurious,,,9.386035,Doublet,,,,,
499,Spurious,,,9.425095,Doublet,,,,,
499,Spurious,,,9.46294,Singlet,,,,,
499,Spurious,,,9.50932,Singlet,,,,,
499,Spurious,,,9.57158,Doublet,,,,,
499,Spurious,,,9.670455,Doublet,,,,,
499,Spurious,,,9.714405,Doublet,,,,,
499,Spurious,,,9.78602,Triplet,,,,,
499,Spurious,,,9.87147,Triplet,,,,,
499,Spurious,,,9.966479999999999,Quartet,,,,,
500,Matched,3.43752,Singlet,3.4442325000000005,Quartet,0.006712500000000343,0.0017767285462468863,0.00524521991610527,0.003468491369858384,195.21785571493925
500,Matched,5.27346,Singlet,5.268585,Doublet,0.004875000000000185,0.0007322562159970403,0.0050557381473481655,0.004323481931351125,590.4329436745403
500,Matched,5.37844,Singlet,5.4010275,Quartet,0.022587499999999316,0.00046434684190899134,0.005082882009446621,0.00461853516753763,994.6304681539816
500,Missed,2.0819175000000003,Quartet,,,,,,,
500,Spurious,,,0.0341799,Singlet,,,,,
500,Spurious,,,0.09684283333333332,Triplet,,,,,
500,Spurious,,,0.19043100000000002,Triplet,,,,,
500,Spurious,,,0.335695,Doublet,,,,,
500,Spurious,,,0.406903,Triplet,,,,,
500,Spurious,,,0.4992705,Doublet,,,,,
500,Spurious,,,0.539553,Singlet,,,,,
500,Spurious,,,0.610355,Singlet,,,,,
500,Spurious,,,0.6811555,Doublet,,,,,
500,Spurious,,,0.720218,Singlet,,,,,
500,Spurious,,,0.7666055,Doublet,,,,,
500,Spurious,,,0.8361855,Doublet,,,,,
500,Spurious,,,0.91064925,Quartet,,,,,
500,Spurious,,,1.0246987142857145,Multiplet,,,,,
500,Spurious,,,1.15967,Singlet,,,,,
500,Spurious,,,1.214605,Doublet,,,,,
500,Spurious,,,1.2866266666666668,Triplet,,,,,
500,Spurious,,,1.384285,Quartet,,,,,
500,Spurious,,,1.441655,Doublet,,,,,
500,Spurious,,,1.511235,Doublet,,,,,
500,Spurious,,,1.6049859999999998,Multiplet,,,,,
500,Spurious,,,1.7285233333333334,Triplet,,,,,
500,Spurious,,,1.828624,Multiplet,,,,,
500,Spurious,,,1.9275,Doublet,,,,,
500,Spurious,,,1.989755,Doublet,,,,,
500,Spurious,,,2.165782,Multiplet,,,,,
500,Spurious,,,2.280285,Doublet,,,,,
500,Spurious,,,2.3407074999999997,Quartet,,,,,
500,Spurious,,,2.4458949999999997,Multiplet,,,,,
500,Spurious,,,2.5520933333333335,Triplet,,,,,
500,Spurious,,,2.63917,Singlet,,,,,
500,Spurious,,,2.70143,Doublet,,,,,
500,Spurious,,,2.7895659999999998,Multiplet,,,,,
500,Spurious,,,2.87111,Singlet,,,,,
500,Spurious,,,2.935074,Multiplet,,,,,
500,Spurious,,,3.01515,Singlet,,,,,
500,Spurious,,,3.194352,Multiplet,,,,,
500,Spurious,,,3.2885900000000006,Triplet,,,,,
500,Spurious,,,3.365495,Doublet,,,,,
500,Spurious,,,3.50588,Singlet,,,,,
500,Spurious,,,3.56447,Quartet,,,,,
500,Spurious,,,3.61818,Singlet,,,,,
500,Spurious,,,3.69712,Triplet,,,,,
500,Spurious,,,3.860288333333333,Multiplet,,,,,
500,Spurious,,,4.036885,Multiplet,,,,,
500,Spurious,,,4.1797075,Quartet,,,,,
500,Spurious,,,4.313288571428571,Multiplet,,,,,
500,Spurious,,,4.477155,Multiplet,,,,,
500,Spurious,,,4.59963,Doublet,,,,,
500,Spurious,,,4.67532,Singlet,,,,,
500,Spurious,,,4.71438,Singlet,,,,,
500,Spurious,,,4.74612,Singlet,,,,,
500,Spurious,,,4.78925,Triplet,,,,,
500,Spurious,,,4.83889,Singlet,,,,,
500,Spurious,,,4.87795,Singlet,,,,,
500,Spurious,,,4.93167,Singlet,,,,,
500,Spurious,,,5.047226666666667,Multiplet,,,,,
500,Spurious,,,5.13186,Singlet,,,,,
500,Spurious,,,5.1888266666666665,Triplet,,,,,
500,Spurious,,,5.31985,Singlet,,,,,
500,Spurious,,,5.46145,Singlet,,,,,
500,Spurious,,,5.52737,Singlet,,,,,
500,Spurious,,,5.56888,Singlet,,,,,
500,Spurious,,,5.636015,Doublet,,,,,
500,Spurious,,,5.68606,Singlet,,,,,
500,Spurious,,,5.73245,Singlet,,,,,
500,Spurious,,,5.78372,Singlet,,,,,
500,Spurious,,,5.843535,Doublet,,,,,
500,Spurious,,,5.88626,Singlet,,,,,
500,Spurious,,,5.918,Singlet,,,,,
500,Spurious,,,5.94974,Singlet,,,,,
500,Spurious,,,6.014026666666666,Triplet,,,,,
500,Spurious,,,6.1035466666666665,Triplet,,,,,
500,Spurious,,,6.165393333333334,Triplet,,,,,
500,Spurious,,,6.284212500000001,Quartet,,,,,
500,Spurious,,,6.34281,Singlet,,,,,
500,Spurious,,,6.38431,Singlet,,,,,
500,Spurious,,,6.4368,Doublet,,,,,
500,Spurious,,,6.588575,Multiplet,,,,,
500,Spurious,,,6.72025,Multiplet,,,,,
500,Spurious,,,6.826555714285715,Multiplet,,,,,
500,Spurious,,,6.90921,Singlet,,,,,
500,Spurious,,,6.94828,Singlet,,,,,
500,Spurious,,,6.98734,Doublet,,,,,
500,Spurious,,,7.03861,Singlet,,,,,
500,Spurious,,,7.136675,Multiplet,,,,,
500,Spurious,,,7.22904,Singlet,,,,,
500,Spurious,,,7.299436666666668,Multiplet,,,,,
500,Spurious,,,7.440745714285714,Multiplet,,,,,
500,Spurious,,,7.56351,Singlet,,,,,
500,Spurious,,,7.670238571428571,Multiplet,,,,,
500,Spurious,,,7.801143333333333,Triplet,,,,,
500,Spurious,,,7.91813,Quartet,,,,,
500,Spurious,,,7.991985,Doublet,,,,,
500,Spurious,,,8.08891,Multiplet,,,,,
500,Spurious,,,8.17387,Singlet,,,,,
500,Spurious,,,8.2800725,Quartet,,,,,
500,Spurious,,,8.35453,Singlet,,,,,
500,Spurious,,,8.43388,Quartet,,,,,
500,Spurious,,,8.504685,Doublet,,,,,
500,Spurious,,,8.616308888888888,Multiplet,,,,,
500,Spurious,,,8.761436666666667,Triplet,,,,,
500,Spurious,,,8.81352,Doublet,,,,,
500,Spurious,,,8.86235,Singlet,,,,,
500,Spurious,,,8.918505,Doublet,,,,,
500,Spurious,,,8.985032499999999,Quartet,,,,,
500,Spurious,,,9.14102,Multiplet,,,,,
500,Spurious,,,9.241990000000001,Doublet,,,,,
500,Spurious,,,9.2896,Singlet,,,,,
500,Spurious,,,9.35063,Singlet,,,,,
500,Spurious,,,9.386035,Doublet,,,,,
500,Spurious,,,9.425095,Doublet,,,,,
500,Spurious,,,9.46294,Singlet,,,,,
500,Spurious,,,9.50932,Singlet,,,,,
500,Spurious,,,9.57158,Doublet,,,,,
500,Spurious,,,9.670455,Doublet,,,,,
500,Spurious,,,9.714405,Doublet,,,,,
500,Spurious,,,9.78602,Triplet,,,,,
500,Spurious,,,9.87147,Triplet,,,,,
500,Spurious,,,9.966479999999999,Quartet,,,,,
501,Matched,2.17042,Singlet,2.165782,Multiplet,0.00463799999999992,0.003556243609637022,0.005377135705202818,0.001820892095565796,51.202681690067074
501,Matched,2.5879,Singlet,2.5520933333333335,Triplet,0.03580666666666632,0.003556825453415513,0.005513357929885387,0.0019565324764698744,55.00782937186515
501,Matched,8.41557,Singlet,8.43388,Quartet,0.018309999999999604,0.0011853612959384918,0.005307122599333525,0.004121761303395033,347.72194077179574
501,Missed,6.53812,Singlet,,,,,,,
501,Missed,7.353555,Doublet,,,,,,,
501,Missed,7.496783333333333,Triplet,,,,,,,
501,Spurious,,,0.0341799,Singlet,,,,,
501,Spurious,,,0.09684283333333332,Triplet,,,,,
501,Spurious,,,0.19043100000000002,Triplet,,,,,
501,Spurious,,,0.335695,Doublet,,,,,
501,Spurious,,,0.406903,Triplet,,,,,
501,Spurious,,,0.4992705,Doublet,,,,,
501,Spurious,,,0.539553,Singlet,,,,,
501,Spurious,,,0.610355,Singlet,,,,,
501,Spurious,,,0.6811555,Doublet,,,,,
501,Spurious,,,0.720218,Singlet,,,,,
501,Spurious,,,0.7666055,Doublet,,,,,
501,Spurious,,,0.8361855,Doublet,,,,,
501,Spurious,,,0.91064925,Quartet,,,,,
501,Spurious,,,1.0246987142857145,Multiplet,,,,,
501,Spurious,,,1.15967,Singlet,,,,,
501,Spurious,,,1.214605,Doublet,,,,,
501,Spurious,,,1.2866266666666668,Triplet,,,,,
501,Spurious,,,1.384285,Quartet,,,,,
501,Spurious,,,1.441655,Doublet,,,,,
501,Spurious,,,1.511235,Doublet,,,,,
501,Spurious,,,1.6049859999999998,Multiplet,,,,,
501,Spurious,,,1.7285233333333334,Triplet,,,,,
501,Spurious,,,1.828624,Multiplet,,,,,
501,Spurious,,,1.9275,Doublet,,,,,
501,Spurious,,,1.989755,Doublet,,,,,
501,Spurious,,,2.280285,Doublet,,,,,
501,Spurious,,,2.3407074999999997,Quartet,,,,,
501,Spurious,,,2.4458949999999997,Multiplet,,,,,
501,Spurious,,,2.63917,Singlet,,,,,
501,Spurious,,,2.70143,Doublet,,,,,
501,Spurious,,,2.7895659999999998,Multiplet,,,,,
501,Spurious,,,2.87111,Singlet,,,,,
501,Spurious,,,2.935074,Multiplet,,,,,
501,Spurious,,,3.01515,Singlet,,,,,
501,Spurious,,,3.194352,Multiplet,,,,,
501,Spurious,,,3.2885900000000006,Triplet,,,,,
501,Spurious,,,3.365495,Doublet,,,,,
501,Spurious,,,3.4442325000000005,Quartet,,,,,
501,Spurious,,,3.50588,Singlet,,,,,
501,Spurious,,,3.56447,Quartet,,,,,
501,Spurious,,,3.61818,Singlet,,,,,
501,Spurious,,,3.69712,Triplet,,,,,
501,Spurious,,,3.860288333333333,Multiplet,,,,,
501,Spurious,,,4.036885,Multiplet,,,,,
501,Spurious,,,4.1797075,Quartet,,,,,
501,Spurious,,,4.313288571428571,Multiplet,,,,,
501,Spurious,,,4.477155,Multiplet,,,,,
501,Spurious,,,4.59963,Doublet,,,,,
501,Spurious,,,4.67532,Singlet,,,,,
501,Spurious,,,4.71438,Singlet,,,,,
501,Spurious,,,4.74612,Singlet,,,,,
501,Spurious,,,4.78925,Triplet,,,,,
501,Spurious,,,4.83889,Singlet,,,,,
501,Spurious,,,4.87795,Singlet,,,,,
501,Spurious,,,4.93167,Singlet,,,,,
501,Spurious,,,5.047226666666667,Multiplet,,,,,
501,Spurious,,,5.13186,Singlet,,,,,
501,Spurious,,,5.1888266666666665,Triplet,,,,,
501,Spurious,,,5.268585,Doublet,,,,,
501,Spurious,,,5.31985,Singlet,,,,,
501,Spurious,,,5.4010275,Quartet,,,,,
501,Spurious,,,5.46145,Singlet,,,,,
501,Spurious,,,5.52737,Singlet,,,,,
501,Spurious,,,5.56888,Singlet,,,,,
501,Spurious,,,5.636015,Doublet,,,,,
501,Spurious,,,5.68606,Singlet,,,,,
501,Spurious,,,5.73245,Singlet,,,,,
501,Spurious,,,5.78372,Singlet,,,,,
501,Spurious,,,5.843535,Doublet,,,,,
501,Spurious,,,5.88626,Singlet,,,,,
501,Spurious,,,5.918,Singlet,,,,,
501,Spurious,,,5.94974,Singlet,,,,,
501,Spurious,,,6.014026666666666,Triplet,,,,,
501,Spurious,,,6.1035466666666665,Triplet,,,,,
501,Spurious,,,6.165393333333334,Triplet,,,,,
501,Spurious,,,6.284212500000001,Quartet,,,,,
501,Spurious,,,6.34281,Singlet,,,,,
501,Spurious,,,6.38431,Singlet,,,,,
501,Spurious,,,6.4368,Doublet,,,,,
501,Spurious,,,6.588575,Multiplet,,,,,
501,Spurious,,,6.72025,Multiplet,,,,,
501,Spurious,,,6.826555714285715,Multiplet,,,,,
501,Spurious,,,6.90921,Singlet,,,,,
501,Spurious,,,6.94828,Singlet,,,,,
501,Spurious,,,6.98734,Doublet,,,,,
501,Spurious,,,7.03861,Singlet,,,,,
501,Spurious,,,7.136675,Multiplet,,,,,
501,Spurious,,,7.22904,Singlet,,,,,
501,Spurious,,,7.299436666666668,Multiplet,,,,,
501,Spurious,,,7.440745714285714,Multiplet,,,,,
501,Spurious,,,7.56351,Singlet,,,,,
501,Spurious,,,7.670238571428571,Multiplet,,,,,
501,Spurious,,,7.801143333333333,Triplet,,,,,
501,Spurious,,,7.91813,Quartet,,,,,
501,Spurious,,,7.991985,Doublet,,,,,
501,Spurious,,,8.08891,Multiplet,,,,,
501,Spurious,,,8.17387,Singlet,,,,,
501,Spurious,,,8.2800725,Quartet,,,,,
501,Spurious,,,8.35453,Singlet,,,,,
501,Spurious,,,8.504685,Doublet,,,,,
501,Spurious,,,8.616308888888888,Multiplet,,,,,
501,Spurious,,,8.761436666666667,Triplet,,,,,
501,Spurious,,,8.81352,Doublet,,,,,
501,Spurious,,,8.86235,Singlet,,,,,
501,Spurious,,,8.918505,Doublet,,,,,
501,Spurious,,,8.985032499999999,Quartet,,,,,
501,Spurious,,,9.14102,Multiplet,,,,,
501,Spurious,,,9.241990000000001,Doublet,,,,,
501,Spurious,,,9.2896,Singlet,,,,,
501,Spurious,,,9.35063,Singlet,,,,,
501,Spurious,,,9.386035,Doublet,,,,,
501,Spurious,,,9.425095,Doublet,,,,,
501,Spurious,,,9.46294,Singlet,,,,,
501,Spurious,,,9.50932,Singlet,,,,,
501,Spurious,,,9.57158,Doublet,,,,,
501,Spurious,,,9.670455,Doublet,,,,,
501,Spurious,,,9.714405,Doublet,,,,,
501,Spurious,,,9.78602,Triplet,,,,,
501,Spurious,,,9.87147,Triplet,,,,,
501,Spurious,,,9.966479999999999,Quartet,,,,,
502,Matched,1.29395,Doublet,1.2866266666666668,Triplet,0.007323333333333126,0.0035677673295140266,0.006471254397183657,0.00290348706766963,81.3810655098162
502,Matched,1.4559,Triplet,1.441655,Doublet,0.014245000000000063,0.0035784943029284477,0.006984254345297813,0.0034057600423693657,95.17299048323969
502,Matched,1.8890475,Quartet,1.9275,Doublet,0.0384525,0.0021301773376762867,0.009888086467981339,0.007757909130305052,364.1907644538084
502,Matched,2.41945,Singlet,2.4458949999999997,Multiplet,0.02644499999999983,0.0010372116230428219,0.0051503595896065235,0.004113147966563702,396.55822159967136
502,Matched,2.73927,Singlet,2.70143,Doublet,0.03783999999999965,0.000992647372186184,0.0052543701604008675,0.0042617227882146835,429.3289749842144
502,Matched,2.7913533333333334,Triplet,2.7895659999999998,Multiplet,0.001787333333333585,0.0012258721981197596,0.008950942195951939,0.007725069997832179,630.1692794469828
502,Matched,4.704615,Doublet,4.71438,Singlet,0.009764999999999802,0.001190493698231876,0.007213321514427662,0.006022827816195786,505.9100963861383
502,Matched,5.340605,Doublet,5.31985,Singlet,0.0207550000000003,0.0011928541352972388,0.007399776019155979,0.00620692188385874,520.3420686731392
502,Matched,6.14505,Quartet,6.165393333333334,Triplet,0.020343333333333824,0.0011977716349065304,0.008436375297605991,0.007238603662699461,604.3392122292439
502,Matched,6.318395,Doublet,6.34281,Singlet,0.024415000000000298,0.0010624503483995795,0.007111357059329748,0.006048906710930169,569.335472480378
502,Missed,0.9643605,Doublet,,,,,,,
502,Missed,1.6748100000000001,Triplet,,,,,,,
502,Missed,2.07032,Singlet,,,,,,,
502,Spurious,,,0.0341799,Singlet,,,,,
502,Spurious,,,0.09684283333333332,Triplet,,,,,
502,Spurious,,,0.19043100000000002,Triplet,,,,,
502,Spurious,,,0.335695,Doublet,,,,,
502,Spurious,,,0.406903,Triplet,,,,,
502,Spurious,,,0.4992705,Doublet,,,,,
502,Spurious,,,0.539553,Singlet,,,,,
502,Spurious,,,0.610355,Singlet,,,,,
502,Spurious,,,0.6811555,Doublet,,,,,
502,Spurious,,,0.720218,Singlet,,,,,
502,Spurious,,,0.7666055,Doublet,,,,,
502,Spurious,,,0.8361855,Doublet,,,,,
502,Spurious,,,0.91064925,Quartet,,,,,
502,Spurious,,,1.0246987142857145,Multiplet,,,,,
502,Spurious,,,1.15967,Singlet,,,,,
502,Spurious,,,1.214605,Doublet,,,,,
502,Spurious,,,1.384285,Quartet,,,,,
502,Spurious,,,1.511235,Doublet,,,,,
502,Spurious,,,1.6049859999999998,Multiplet,,,,,
502,Spurious,,,1.7285233333333334,Triplet,,,,,
502,Spurious,,,1.828624,Multiplet,,,,,
502,Spurious,,,1.989755,Doublet,,,,,
502,Spurious,,,2.165782,Multiplet,,,,,
502,Spurious,,,2.280285,Doublet,,,,,
502,Spurious,,,2.3407074999999997,Quartet,,,,,
502,Spurious,,,2.5520933333333335,Triplet,,,,,
502,Spurious,,,2.63917,Singlet,,,,,
502,Spurious,,,2.87111,Singlet,,,,,
502,Spurious,,,2.935074,Multiplet,,,,,
502,Spurious,,,3.01515,Singlet,,,,,
502,Spurious,,,3.194352,Multiplet,,,,,
502,Spurious,,,3.2885900000000006,Triplet,,,,,
502,Spurious,,,3.365495,Doublet,,,,,
502,Spurious,,,3.4442325000000005,Quartet,,,,,
502,Spurious,,,3.50588,Singlet,,,,,
502,Spurious,,,3.56447,Quartet,,,,,
502,Spurious,,,3.61818,Singlet,,,,,
502,Spurious,,,3.69712,Triplet,,,,,
502,Spurious,,,3.860288333333333,Multiplet,,,,,
502,Spurious,,,4.036885,Multiplet,,,,,
502,Spurious,,,4.1797075,Quartet,,,,,
502,Spurious,,,4.313288571428571,Multiplet,,,,,
502,Spurious,,,4.477155,Multiplet,,,,,
502,Spurious,,,4.59963,Doublet,,,,,
502,Spurious,,,4.67532,Singlet,,,,,
502,Spurious,,,4.74612,Singlet,,,,,
502,Spurious,,,4.78925,Triplet,,,,,
502,Spurious,,,4.83889,Singlet,,,,,
502,Spurious,,,4.87795,Singlet,,,,,
502,Spurious,,,4.93167,Singlet,,,,,
502,Spurious,,,5.047226666666667,Multiplet,,,,,
502,Spurious,,,5.13186,Singlet,,,,,
502,Spurious,,,5.1888266666666665,Triplet,,,,,
502,Spurious,,,5.268585,Doublet,,,,,
502,Spurious,,,5.4010275,Quartet,,,,,
502,Spurious,,,5.46145,Singlet,,,,,
502,Spurious,,,5.52737,Singlet,,,,,
502,Spurious,,,5.56888,Singlet,,,,,
502,Spurious,,,5.636015,Doublet,,,,,
502,Spurious,,,5.68606,Singlet,,,,,
502,Spurious,,,5.73245,Singlet,,,,,
502,Spurious,,,5.78372,Singlet,,,,,
502,Spurious,,,5.843535,Doublet,,,,,
502,Spurious,,,5.88626,Singlet,,,,,
502,Spurious,,,5.918,Singlet,,,,,
502,Spurious,,,5.94974,Singlet,,,,,
502,Spurious,,,6.014026666666666,Triplet,,,,,
502,Spurious,,,6.1035466666666665,Triplet,,,,,
502,Spurious,,,6.284212500000001,Quartet,,,,,
502,Spurious,,,6.38431,Singlet,,,,,
502,Spurious,,,6.4368,Doublet,,,,,
502,Spurious,,,6.588575,Multiplet,,,,,
502,Spurious,,,6.72025,Multiplet,,,,,
502,Spurious,,,6.826555714285715,Multiplet,,,,,
502,Spurious,,,6.90921,Singlet,,,,,
502,Spurious,,,6.94828,Singlet,,,,,
502,Spurious,,,6.98734,Doublet,,,,,
502,Spurious,,,7.03861,Singlet,,,,,
502,Spurious,,,7.136675,Multiplet,,,,,
502,Spurious,,,7.22904,Singlet,,,,,
502,Spurious,,,7.299436666666668,Multiplet,,,,,
502,Spurious,,,7.440745714285714,Multiplet,,,,,
502,Spurious,,,7.56351,Singlet,,,,,
502,Spurious,,,7.670238571428571,Multiplet,,,,,
502,Spurious,,,7.801143333333333,Triplet,,,,,
502,Spurious,,,7.91813,Quartet,,,,,
502,Spurious,,,7.991985,Doublet,,,,,
502,Spurious,,,8.08891,Multiplet,,,,,
502,Spurious,,,8.17387,Singlet,,,,,
502,Spurious,,,8.2800725,Quartet,,,,,
502,Spurious,,,8.35453,Singlet,,,,,
502,Spurious,,,8.43388,Quartet,,,,,
502,Spurious,,,8.504685,Doublet,,,,,
502,Spurious,,,8.616308888888888,Multiplet,,,,,
502,Spurious,,,8.761436666666667,Triplet,,,,,
502,Spurious,,,8.81352,Doublet,,,,,
502,Spurious,,,8.86235,Singlet,,,,,
502,Spurious,,,8.918505,Doublet,,,,,
502,Spurious,,,8.985032499999999,Quartet,,,,,
502,Spurious,,,9.14102,Multiplet,,,,,
502,Spurious,,,9.241990000000001,Doublet,,,,,
502,Spurious,,,9.2896,Singlet,,,,,
502,Spurious,,,9.35063,Singlet,,,,,
502,Spurious,,,9.386035,Doublet,,,,,
502,Spurious,,,9.425095,Doublet,,,,,
502,Spurious,,,9.46294,Singlet,,,,,
502,Spurious,,,9.50932,Singlet,,,,,
502,Spurious,,,9.57158,Doublet,,,,,
502,Spurious,,,9.670455,Doublet,,,,,
502,Spurious,,,9.714405,Doublet,,,,,
502,Spurious,,,9.78602,Triplet,,,,,
502,Spurious,,,9.87147,Triplet,,,,,
502,Spurious,,,9.966479999999999,Quartet,,,,,
