Fold,Epoch,Train_MSE,Val_MSE,Train_R2,Val_R2,Train_AuxAcc,Val_AuxAcc
1,1,0.06696052849292755,0.03679826110601425,-103.43351332346599,-52.21409060160319,0.8276047694830246,0.9878309461805556
1,2,0.028185587376356125,0.020662223920226097,-43.00473263234268,-28.760234281751845,0.990770278742284,0.9910264756944445
1,3,0.01644427515566349,0.012603743933141232,-24.444985874199574,-16.98990403281318,0.9907190393518519,0.9903754340277777
1,4,0.010657060891389847,0.008608018979430199,-15.319174936082629,-11.180180920494927,0.9902880256558642,0.9912434895833333
1,5,0.007693206425756216,0.006723040249198675,-10.617967702724316,-8.191781086391872,0.9899564766589506,0.990966796875
1,6,0.005880503915250301,0.005152597092092037,-7.708708167370455,-6.140420542822944,0.9909071180555555,0.9908908420138889
1,7,0.004744432866573334,0.004035606049001217,-5.92484621707304,-4.482488653394911,0.9890498408564815,0.9887478298611111
1,8,0.003805444110184908,0.0035914485342800617,-4.486300196765382,-3.7650764836205375,0.9877977912808642,0.9853461371527777
1,9,0.0032192962244153023,0.0030735069885849953,-3.5468814373016357,-2.9886165645387437,0.9842429832175926,0.9864800347222222
1,10,0.002745035570114851,0.002357704099267721,-2.8340145178783085,-2.079171652264065,0.9844141830632716,0.984765625
1,11,0.0023773645516484976,0.002112386981025338,-2.258627243248033,-1.6945678340064154,0.9824273003472223,0.9823513454861111
1,12,0.002103731967508793,0.0019755102694034576,-1.8366380061632321,-1.4640974150763617,0.9824869791666667,0.9758897569444445
1,13,0.0019036622252315283,0.0020424805115908384,-1.5240397131001509,-1.4840781847635904,0.9810378086419753,0.9856174045138889
1,14,0.001764186890795827,0.0015989921521395445,-1.3041558982413493,-0.9731946693526374,0.9818805459104938,0.9769694010416666
1,15,0.0016116362530738115,0.001884249970316887,-1.0878335799699947,-1.2148695256974962,0.9813500675154321,0.9772623697916667
1,16,0.0015376779483631253,0.0014639905421063304,-0.9457293494248096,-0.7462069511413574,0.9803530092592593,0.9840603298611111
1,17,0.0013779000146314502,0.001531135058030486,-0.7365640197271183,-0.8111795173750983,0.9810763888888889,0.97978515625
1,18,0.0013346539344638586,0.0015245025279000401,-0.6658972278053378,-0.7857857942581177,0.9809895833333333,0.976806640625
1,19,0.0012635424500331283,0.0014675577403977513,-0.5679471214612325,-0.6703009698126051,0.9806526089891975,0.9797905815972222
1,20,0.0012147970264777541,0.0011661560274660587,-0.4869354392275398,-0.3534229596455892,0.9804500626929012,0.9817762586805555
1,21,0.0011393618769943714,0.0012178715551272035,-0.37856590232731385,-0.3798957109451294,0.9801944685570988,0.9811794704861111
1,22,0.001091944519430399,0.0013301048893481493,-0.3163048452801175,-0.4843626419703166,0.9799195842978395,0.9816948784722223
1,23,0.0010477391770109534,0.001003685756586492,-0.24782045770574498,-0.12296710676617092,0.9807671440972222,0.9784125434027777
1,24,0.0009828429901972413,0.0010157559299841523,-0.1588348787507893,-0.14648209942711723,0.9796651957947531,0.9838541666666667
1,25,0.0009503590408712626,0.0009977916488423944,-0.11602340818923197,-0.10101744466357761,0.9794023678626543,0.9842230902777778
1,26,0.0009249178692698479,0.0009495534468442202,-0.0724247611599204,-0.05167887873119778,0.9796995563271605,0.981787109375
1,27,0.0008724493673071265,0.0010136556811630726,-0.007684532948482183,-0.10445757309595743,0.9794759114583333,0.9817708333333334
1,28,0.0008505441946908832,0.0009357850649394095,0.023938435978359648,-0.012264226542578803,0.9801173080632716,0.9819715711805556
1,29,0.000827609037514776,0.0008999373530969024,0.058671657685880306,0.029649024539523654,0.9795012297453703,0.9826877170138889
1,30,0.0007953610620461404,0.0008039699168875813,0.09775447433377489,0.1429368429713779,0.9799334490740741,0.9817437065972222
1,31,0.0007697654073126614,0.0007517869817093015,0.1310111441729981,0.19573947985967,0.9797079957561728,0.982373046875
1,32,0.0007565984269604087,0.000692750618327409,0.1509113488373933,0.2658197893036736,0.9800353250385803,0.9821723090277777
1,33,0.0007214031647890806,0.0008442483958788216,0.19170579012529348,0.09934930006663005,0.9801293643904321,0.9801161024305556
1,34,0.0007233800133690238,0.0006825518794357777,0.19900199425073317,0.27364907926983306,0.9798014322916667,0.9835123697916667
1,35,0.0006970945396460593,0.0007933805463835597,0.23368193867765827,0.1731942825847202,0.9799503279320988,0.9792860243055556
1,36,0.0006664781831204891,0.0007010638946667314,0.26847847523512663,0.2606921328438653,0.9802161699459877,0.98037109375
1,37,0.0006668568821623921,0.0006845903117209673,0.2708641371609252,0.27405475113126965,0.9801263503086419,0.9852267795138889
1,38,0.0006254095933400095,0.0007244403823278844,0.31060993053294994,0.2438245243496365,0.9803397472993827,0.9826605902777777
1,39,0.0006195759633556008,0.0008140497957356274,0.324118619347796,0.17445598443349203,0.9804024402006173,0.9805067274305556
1,40,0.0006248221034184098,0.0006748620653524995,0.32611290908154145,0.29891562991672094,0.9799985532407407,0.98232421875
1,41,0.0006208523409441113,0.0006929825176484883,0.3224150754787304,0.31111067665947806,0.9801263503086419,0.9796712239583333
1,42,0.00058931321837008,0.0006669127033092082,0.3660623060332404,0.3190791063838535,0.9802662037037037,0.9816243489583333
1,43,0.0005747469840571284,0.0005944367730990052,0.3862182821756528,0.3974005831612481,0.9808985580632716,0.9847873263888889
1,44,0.0005665529752150178,0.0005699525936506689,0.39067901417061135,0.4217034207450019,0.9809323157793209,0.9850911458333333
1,45,0.0005376057233661413,0.0006553528946824372,0.4187914506888684,0.33696020311779445,0.9806049864969136,0.9800075954861112
1,46,0.0005272923735901713,0.0005901880795136094,0.4314354802355354,0.40838340388404,0.9807496624228395,0.9851128472222223
1,47,0.0005196232232265174,0.000612027826718986,0.44285982111353933,0.37980923785103693,0.9811348620756173,0.9827311197916667
1,48,0.0005235966527834535,0.0005216104327701032,0.44167088947178407,0.4877419842614068,0.980859375,0.9849555121527778
1,49,0.0004904916859231889,0.0006475429981946945,0.4802304326752086,0.3435955802599589,0.9815966194058642,0.9830512152777777
1,50,0.0004712879890576005,0.0006190500571392477,0.4966038699503298,0.3932233492533366,0.9817328559027778,0.9849012586805556
1,51,0.00046209010179154575,0.0006710439338348806,0.5124260321075533,0.3133953120973375,0.9817816840277778,0.9837565104166667
1,52,0.0005196583806537092,0.0005412005120888352,0.44772964745392035,0.4707763830820719,0.9812078028549382,0.9836642795138889
1,53,0.0004544426337815821,0.0005443355184979737,0.5222258102746657,0.4612063765525818,0.9820842978395061,0.9841417100694444
1,54,0.00045426306314766407,0.0005883841076865792,0.5226487470261845,0.41955663363138834,0.9815285011574074,0.9836154513888888
1,55,0.0004440569900907576,0.000541103829164058,0.5282329204641742,0.46506790187623764,0.9823181905864198,0.9860297309027778
1,56,0.00042313188896514475,0.00051985023310408,0.5510105103622248,0.4799535142050849,0.9825749903549382,0.9860514322916667
1,57,0.00041668719495646656,0.000457869959063828,0.5593048220799293,0.5557878030671014,0.9824610580632716,0.9875379774305556
1,58,0.0004038235347252339,0.0005458968225866556,0.5761476000150044,0.4654603746202257,0.9829047309027777,0.9852213541666667
1,59,0.0003972596023231745,0.0005370039725676179,0.5818663801675962,0.4717533416218228,0.9829951533564815,0.9851996527777778
1,60,0.0003750056785065681,0.0006253314204514027,0.6078472462701209,0.4009084966447618,0.9832802854938272,0.9853352864583333
1,61,0.0003768323513213545,0.0005234178388491273,0.6069938664083128,0.4984327687157525,0.9831976996527778,0.9857259114583333
1,62,0.0003633133601397276,0.0004813408013433218,0.6196197977772465,0.5381286382675171,0.9835443190586419,0.9860894097222223
1,63,0.00036988771171309054,0.00048560340655967593,0.6078780275804025,0.5370276477601793,0.9834593219521605,0.9851453993055556
1,64,0.00038390676490962505,0.0005534839583560824,0.6006440303943775,0.46635715564092,0.9831253616898148,0.9838487413194444
1,65,0.0003700793022289872,0.000570609699934721,0.6114509491272915,0.45245901743570965,0.9832181954089506,0.9835720486111111
1,66,0.0003348792379256338,0.0005234818672761321,0.6440186750741652,0.5038292368253072,0.9838999807098765,0.9857421875
1,67,0.0003047336940653622,0.0004679613630287349,0.6787295937538147,0.5610685586929322,0.9845468026620371,0.9879123263888889
1,68,0.0002917387755587697,0.00046159661724232137,0.6886375472869402,0.5637966195742289,0.9849223572530864,0.9877170138888889
1,69,0.00028057402232661843,0.0004808437661267817,0.7017713643886425,0.5480316003163656,0.9851737316743827,0.9876681857638889
1,70,0.00027547741774469614,0.0005456507205963135,0.7074698776374628,0.48343903488583034,0.9853714554398149,0.9872287326388889
1,71,0.00027457287069410086,0.0004720035649370402,0.7086696202372327,0.5525571425755819,0.9853672357253086,0.9883029513888889
1,72,0.00026922475080937147,0.00047491746954619884,0.714017441831989,0.5596484144528707,0.9853847173996914,0.9888400607638889
1,73,0.00026334403082728386,0.00047813740093261003,0.7185413641694152,0.5530252205000983,0.9856975790895062,0.9883517795138889
1,74,0.000248182361247018,0.00047810294199734926,0.7361836805755709,0.5554511533843146,0.9859067563657408,0.9887858072916667
1,75,0.00024038224364630878,0.0004910283023491502,0.7425348554128482,0.5438836150699191,0.986107494212963,0.9887641059027777
1,76,0.000236357023823075,0.0004772333486471325,0.7466058751683177,0.5565744890107049,0.9862720630787037,0.9891927083333333
1,77,0.00023381442588288337,0.0004928046255372465,0.7494158696245264,0.5404474271668328,0.9863371672453703,0.9893825954861111
2,1,0.07971160113811493,0.027226407080888748,-136.12906373812828,-40.22766894234552,0.4447362075617284,0.9945855034722222
2,2,0.019787177443504333,0.01403599139302969,-29.547448359595403,-19.701139407687716,0.9952576437114198,0.9945638020833333
2,3,0.010638909414410591,0.007912912406027317,-15.22481761449649,-10.591035180621677,0.9950370129243827,0.9944227430555556
2,4,0.006823020987212658,0.005673906300216913,-9.121790244844224,-7.01769888665941,0.9941116898148148,0.9930338541666667
2,5,0.004968266002833843,0.00445649353787303,-6.126526975631714,-5.1606085459391275,0.9924207899305556,0.9903103298611111
2,6,0.0038966904394328594,0.0033809274900704622,-4.4849270602803175,-3.590430418650309,0.9904586226851851,0.9914984809027778
2,7,0.0031404998153448105,0.0028529453556984663,-3.3287426083176226,-2.7748855140474107,0.9903193721064815,0.9854112413194445
2,8,0.0026481812819838524,0.00227669021114707,-2.5899141638367262,-1.992426461643643,0.9893096547067901,0.9862630208333333
2,9,0.002250722609460354,0.0021029608324170113,-1.9863486262015355,-1.6937965552012126,0.9876380449459876,0.9871799045138889
2,10,0.001958521781489253,0.0017896443605422974,-1.577205099882903,-1.2561779035462273,0.9867464795524692,0.9857313368055556
2,11,0.0017753547290340066,0.0016892487183213234,-1.2849777239340323,-1.1012865900993347,0.9860200858410494,0.9885416666666667
2,12,0.0016203613486140966,0.0014449245063588023,-1.0679903610253039,-0.8205417262183295,0.9850742669753086,0.9827907986111111
2,13,0.0014762690989300609,0.0014483705163002014,-0.8583906029477532,-0.7622119665145874,0.9839644820601852,0.9756293402777778
2,14,0.0013636769726872444,0.0012713237665593624,-0.6877031882603963,-0.5438868469662137,0.9825792100694445,0.98447265625
2,15,0.001305325422435999,0.0011170494835823774,-0.5922296916996991,-0.32254721853468155,0.9827835648148148,0.9801812065972222
2,16,0.0012058496940881014,0.0011269609676674008,-0.4490622056855096,-0.31336088180541993,0.982641902970679,0.9825792100694445
2,17,0.00114773353561759,0.0013023130595684052,-0.36343963734897566,-0.520889409383138,0.9828667534722222,0.9638834635416667
2,18,0.001094491919502616,0.001227789674885571,-0.29126305756745513,-0.43383512761857773,0.9815580391589506,0.9727973090277777
2,19,0.0010250112973153591,0.0011086611775681376,-0.19771645113273903,-0.281625156932407,0.9808183834876543,0.9802571614583333
2,20,0.0009828320471569896,0.0009850832866504788,-0.14073065681222044,-0.08626490036646525,0.9812536168981482,0.97890625
2,21,0.0009529889211989939,0.0009380134870298207,-0.08838579860734351,-0.07558985948562622,0.9810938705632716,0.9741753472222222
2,22,0.0009044143371284008,0.0010519352508708835,-0.034430068804893965,-0.15764268504248724,0.9805639949845679,0.9749565972222223
2,23,0.0008962522260844707,0.0008495714282616973,-0.007179655852141204,0.05652673244476318,0.9799213927469136,0.9775282118055556
2,24,0.0008321385248564184,0.001210995251312852,0.06608993035775644,-0.2928567979070875,0.980784625771605,0.9793619791666667
2,25,0.0008508208557032049,0.0007903272053226829,0.046282973701571244,0.14122916062672933,0.9803572289737654,0.9776529947916667
2,26,0.0007814714917913079,0.0007685907185077667,0.13658915846436112,0.19924991130828856,0.9806073977623457,0.9809841579861112
2,27,0.0007580940145999193,0.0007916257600300014,0.1635218988230199,0.14062288999557496,0.9811861014660493,0.9768229166666667
2,28,0.000763649819418788,0.0007397349691018462,0.16391267894226827,0.23003188106748793,0.9806176456404321,0.9736545138888889
2,29,0.0007114388281479478,0.0008029299788177013,0.2236131615108914,0.15526786115434435,0.980468147183642,0.9771267361111111
2,30,0.0007106651901267469,0.0008050407050177455,0.22927229213125913,0.16233858797285292,0.9801625192901234,0.9757758246527778
2,31,0.0007330034277401865,0.0006899575237184763,0.21841548328046445,0.281810552544064,0.980248722029321,0.9746365017361112
2,32,0.0006756432121619582,0.0007199521642178297,0.2727464552278872,0.25691492954889933,0.9804337866512346,0.9790961371527778
2,33,0.0006633410230278969,0.0007563562248833477,0.28520829957208516,0.21992494927512274,0.9801643277391975,0.9785807291666667
2,34,0.0006416785181500018,0.0007818680605851114,0.31890563052377585,0.21406049993303086,0.9808364679783951,0.9707085503472223
2,35,0.0006426068139262497,0.0006891691591590643,0.31187796607429596,0.30659576257069904,0.980296344521605,0.9758517795138889
2,36,0.0006321983528323472,0.0007239887490868568,0.3286758702478291,0.2655929432974921,0.9802155671296297,0.9777886284722223
2,37,0.0006086024222895503,0.0006517759757116437,0.3647934863596787,0.3423611044883728,0.9798749758873457,0.9764811197916666
2,38,0.0006011640653014183,0.0006120220059528947,0.3686490679964607,0.3955404546525743,0.9804856288580247,0.977392578125
2,39,0.0005738470936194062,0.0006528839003294706,0.39961400841489253,0.33760653336842855,0.9798719618055556,0.972705078125
2,40,0.000586983107496053,0.0005708409589715302,0.3822299090432532,0.45208922359678483,0.9801456404320987,0.9817599826388889
2,41,0.00056786322966218,0.0006621378706768155,0.40168673638944274,0.3525894456439548,0.9809286988811728,0.9738552517361111
2,42,0.0005770764546468854,0.0006335114594548941,0.39823930189933304,0.352924746937222,0.9803596402391975,0.9771104600694445
2,43,0.0005307582905516028,0.0006414831150323153,0.4432733749165947,0.35728563600116303,0.9805248119212963,0.9775987413194445
2,44,0.0005205239867791533,0.0006939845043234527,0.4628267065978345,0.3061572670936584,0.9807689525462963,0.9729437934027778
2,45,0.0005118342814967036,0.0006571242120116949,0.459814183064449,0.37354659901724924,0.9808883101851852,0.9747124565972223
2,46,0.0005078042158856988,0.0005979243433102965,0.47798760099175536,0.40597185293833415,0.980712890625,0.9792100694444444
2,47,0.0005051292246207595,0.0005544531159102917,0.4797597699695163,0.4797277887662252,0.9809919945987654,0.9788194444444445
2,48,0.0004897417966276407,0.0006025494658388197,0.4898440920276406,0.40624476538764104,0.9809624565972223,0.9758355034722223
2,49,0.00048394198529422283,0.000601563137024641,0.49768772125244143,0.4068393071492513,0.9812644675925926,0.9767849392361111
2,50,0.0004533088067546487,0.0006779188988730311,0.5331248730788997,0.33893315527174206,0.9815110194830247,0.9734375
2,51,0.00047347613144665956,0.0006438064156100154,0.5079069331840232,0.3699311587545607,0.980835865162037,0.9722601996527778
2,52,0.00048070785123854876,0.000604401167947799,0.5011567934059803,0.41181116898854575,0.9802173755787037,0.9755750868055556
2,53,0.0004591516044456512,0.0005908152088522911,0.5224011828869949,0.44320245318942597,0.9812427662037037,0.9757758246527778
2,54,0.0004376838624011725,0.0006686223205178976,0.5481819325023227,0.32546628846062553,0.9817889178240741,0.9746690538194445
2,55,0.0004458039184100926,0.0005964141455478966,0.5388407286302543,0.4276126119825575,0.9814814814814815,0.9764539930555556
2,56,0.00039898662362247705,0.0005498744430951774,0.58910787532359,0.4846654401885139,0.9818805459104938,0.97880859375
2,57,0.0003768809838220477,0.0005418354412540793,0.6074661240165616,0.4871004819869995,0.9826244212962963,0.9807345920138889
2,58,0.00036781415110453963,0.0005265996442176402,0.6129988270041383,0.5088722374704149,0.9828679591049383,0.9821831597222223
2,59,0.0003662441740743816,0.0005287333042360842,0.6171030721546691,0.5118691537115309,0.9830560378086419,0.9813910590277778
2,60,0.0003553067217580974,0.0005675430875271559,0.6270660320917766,0.45094339317745635,0.9830843701774692,0.980615234375
2,61,0.00034908094676211476,0.0005515302764251828,0.6322857047304695,0.48184989558325875,0.9832941502700617,0.9808322482638889
2,62,0.0003396910906303674,0.0004987797001376748,0.6439177368894036,0.5475514716572232,0.9836238908179012,0.9810167100694445
2,63,0.0003272535395808518,0.0005193809047341347,0.6565463620939372,0.5242153512107002,0.9837317949459876,0.9815755208333333
2,64,0.0003234444884583354,0.0005292005953378975,0.6594016657935249,0.5122763951619466,0.9840030623070988,0.981689453125
2,65,0.00032296410063281655,0.0005169139476493001,0.6597547810754658,0.5268761807017857,0.983740234375,0.9833441840277778
2,66,0.0003365578595548868,0.0005243801861070096,0.6489772645043738,0.5161679678493076,0.9839789496527778,0.98310546875
2,67,0.00033529713982716203,0.0005492825293913484,0.6473522198053054,0.4953513264656067,0.9838161892361111,0.9803819444444445
2,68,0.0003171923744957894,0.000583939952775836,0.6699529921566999,0.46395299699571396,0.9841555748456791,0.9819227430555556
2,69,0.00031787686748430133,0.0005136410472914577,0.6686690278995184,0.5375378568967183,0.9843231577932099,0.9827365451388889
2,70,0.00030720868380740285,0.000514483661390841,0.6728146473566691,0.5257683449321323,0.9842869888117284,0.9841796875
2,71,0.0002810307778418064,0.0005203421460464597,0.7040674241972559,0.5275772902700636,0.984740909529321,0.9840386284722222
2,72,0.00026931706815958023,0.0005129058845341206,0.7148098240663976,0.5428979131910536,0.9851423852237654,0.9838921440972223
2,73,0.00026307167718186975,0.0005141261499375105,0.7194525879106404,0.5372242238786485,0.9853455343364198,0.9850043402777777
2,74,0.00025745388120412827,0.0005465825088322163,0.7254189675236926,0.4992355055279202,0.9854564525462963,0.9842610677083333
2,75,0.0002549098862800747,0.0005448295269161463,0.7281520952413112,0.510467525323232,0.9855752073688272,0.9849880642361111
2,76,0.0002499664551578462,0.0005446088616736233,0.7340236338568322,0.5120061238606771,0.9857554494598766,0.9850314670138889
2,77,0.00024841257254593074,0.0005206204950809479,0.7326988106892433,0.5385647349887424,0.9857620804398148,0.9857204861111111
2,78,0.00024318491341546178,0.0005657442379742861,0.739899092839088,0.48306673765182495,0.9859760802469136,0.9840386284722222
2,79,0.00023845107352826744,0.0005253283306956291,0.7439565373055729,0.5316948360866971,0.985888671875,0.9858723958333333
2,80,0.00023040411178953946,0.0005373748717829585,0.7526238248672015,0.519862257109748,0.9861834490740741,0.9851833767361111
2,81,0.00022710819030180573,0.0005358509952202439,0.7544147367830629,0.5206742525100708,0.9862075617283951,0.9856770833333334
2,82,0.00022552594600711018,0.0005267570959404111,0.7556488109223637,0.5314913736449347,0.9863190827546297,0.9861599392361111
3,1,0.05733703076839447,0.021131914108991623,-85.13278309386453,-30.899227968851726,0.9502730758101852,0.9937282986111111
3,2,0.016369231045246124,0.012228388339281082,-24.22102801417127,-17.21135122511122,0.9930260175540123,0.9929904513888889
3,3,0.009925353340804577,0.008050862699747086,-14.088129836541635,-10.74303739335802,0.992602237654321,0.9923936631944444
3,4,0.006796424277126789,0.005772538483142853,-9.073621655687873,-7.27252877023485,0.9920325761959876,0.9917643229166667
3,5,0.005086570978164673,0.004474204033613205,-6.374136570942254,-5.274138402938843,0.9905574845679013,0.9888563368055555
3,6,0.004033041652292013,0.003827215638011694,-4.694689179349829,-4.221129926045736,0.9887912326388889,0.9828070746527777
3,7,0.003298557363450527,0.0037578006740659475,-3.611133019129435,-3.8615401691860622,0.9869140625,0.9818142361111111
3,8,0.002813112922012806,0.002476354595273733,-2.843936460989493,-2.34957853158315,0.9860737364969135,0.9812391493055556
3,9,0.002409284934401512,0.002202998846769333,-2.2702973676316534,-1.958460142877367,0.9846794222608025,0.98486328125
3,10,0.0021276758052408695,0.001832817797549069,-1.8359171266908998,-1.4009708457522922,0.9825985001929012,0.9857421875
3,11,0.0019043174106627703,0.0021399883553385735,-1.51087061593562,-1.6600612825817531,0.9826033227237654,0.9860731336805556
3,12,0.0017729189712554216,0.0016942163929343224,-1.271535791291131,-1.1291252983940971,0.9828914689429012,0.9837510850694444
3,13,0.0015713515458628535,0.0015888928901404142,-0.992976160991339,-1.0039837559064229,0.9814567660108025,0.9759982638888889
3,14,0.0014589139027521014,0.0015449110651388764,-0.8293682840135362,-0.8780519154336718,0.9811981577932098,0.9783799913194444
3,15,0.0013712928630411625,0.0012352066114544868,-0.6862650120699847,-0.5261521114243402,0.9808865017361111,0.9849066840277778
3,16,0.0012872668448835611,0.0012411081697791815,-0.5686960903214819,-0.5186270091268751,0.9814609857253086,0.9801323784722222
3,17,0.0012094860430806875,0.001159670646302402,-0.45501023251333356,-0.3722756677203708,0.9812427662037037,0.9818250868055556
3,18,0.0011335836024954915,0.0013815213460475206,-0.34169682131873236,-0.5586801502439711,0.9812355324074075,0.9773220486111112
3,19,0.0010951447766274214,0.0011195918777957559,-0.274965093606784,-0.2993126193682353,0.9810884452160494,0.9800726996527778
3,20,0.0010303878225386143,0.001080644316971302,-0.18851017466297856,-0.20926448504130046,0.9808057243441358,0.9793240017361111
3,21,0.0010090779978781939,0.0011486876755952835,-0.15487592602953498,-0.3194654160075717,0.9810649353780864,0.9801052517361111
3,22,0.0009632976143620908,0.0009071107488125563,-0.08712988885832422,-0.035003753503163655,0.9806520061728395,0.9776746961805556
3,23,0.0009215415921062231,0.0008991559152491391,-0.032521063015784744,-0.020459834734598795,0.9800739052854939,0.9831922743055556
3,24,0.0008950952906161547,0.0010924579109996557,0.0012196318602856295,-0.20318674908743964,0.9807574990354938,0.976708984375
3,25,0.0008682282059453428,0.0009309989982284606,0.03651554922998687,-0.04590940343009101,0.9803355275848765,0.9735405815972222
3,26,0.000886429799720645,0.0011458167573437095,0.029861852563457726,-0.24089288446638318,0.9796428915895061,0.9771538628472223
3,27,0.0008321227505803108,0.0008929246105253696,0.09854761288489824,0.0664005094104343,0.9796362606095679,0.982177734375
3,28,0.0007779545849189162,0.0008211954263970256,0.16705183099817347,0.1214782542652554,0.9799442997685185,0.981396484375
3,29,0.0007625403814017773,0.0009038893040269613,0.18391299586237211,0.05794707006878323,0.9798960744598766,0.9804253472222222
3,30,0.0007422251510433853,0.0008344277739524841,0.21018883225358562,0.10205878681606717,0.9797423562885802,0.97919921875
3,31,0.0007332576788030565,0.0008414575131610036,0.21163996678811534,0.13101230594846938,0.9800003616898149,0.9807400173611112
3,32,0.0007054475718177855,0.000802826602011919,0.26093844734592203,0.1558575299051073,0.9799895109953703,0.9816460503472222
3,33,0.0007054906454868615,0.0007832640549167991,0.2533011845600458,0.18627941078609891,0.9797658661265433,0.9724392361111112
3,34,0.0007079961360432208,0.0008105076849460602,0.25720391818034793,0.15987898906071982,0.9798243393132716,0.9801920572916667
3,35,0.0006716070347465575,0.0008354962919838727,0.2990497380127142,0.12941513061523438,0.9799557532793209,0.9802083333333333
3,36,0.0006454852409660816,0.0008088663453236222,0.3224521400016031,0.1728555162747701,0.9797761140046296,0.9820041232638889
3,37,0.0006345922010950744,0.0006416165269911289,0.3439124506196858,0.3344085031085544,0.979979263117284,0.9796169704861111
3,38,0.0006167443934828043,0.0007277328986674547,0.36000443005267485,0.2548116670714484,0.9795976803626543,0.9829861111111111
3,39,0.0006081860628910363,0.0006463777972385287,0.378502259136718,0.33584892617331613,0.980466941550926,0.9816026475694445
3,40,0.0006054131081327796,0.0006053375545889139,0.378127298090193,0.37624227073457506,0.9791383342978395,0.9823838975694444
3,41,0.0005867189029231668,0.0007634653011336923,0.39609994564527345,0.2376298639509413,0.9802565586419754,0.9805338541666667
3,42,0.0005714965518563986,0.00078723079059273,0.4090492974092931,0.13385737472110323,0.9802282262731481,0.980224609375
3,43,0.0005893849302083254,0.0006742963450960815,0.39336976328013856,0.30868302053875396,0.9799141589506173,0.9786349826388889
3,44,0.0005582640296779573,0.0006669856375083327,0.425195688377192,0.32521404557757905,0.9797134211033951,0.9785210503472223
3,45,0.0005574965616688132,0.0007122592651285231,0.43668537081023795,0.2555269572469923,0.9797562210648149,0.9832085503472222
3,46,0.0005548734916374087,0.0005604992038570344,0.4349619039782771,0.42791079017851086,0.9803150318287037,0.9822808159722223
3,47,0.0005182254826650023,0.0005856166826561093,0.4731894319440112,0.4063452627923754,0.9803186487268518,0.9818956163194444
3,48,0.0005123262526467443,0.0005476914811879396,0.4749740232656032,0.4529526737001207,0.9802402826003086,0.9827473958333334
3,49,0.0005208815564401448,0.0006390663329511881,0.46937515926949774,0.36245516935984295,0.980420524691358,0.9796440972222222
3,50,0.0005045278812758625,0.0006545500946231186,0.4846032946198075,0.3263639118936327,0.9804518711419753,0.9818522135416666
3,51,0.0004925007233396173,0.0005721909692510962,0.4975936037522775,0.4211932486957974,0.9802077305169753,0.9817003038194444
3,52,0.00048080156557261944,0.0006464059115387499,0.5150006336930357,0.343604486518436,0.9806737075617284,0.9833984375
3,53,0.0004752344102598727,0.0007258112891577184,0.5165195972831161,0.27968636088901094,0.9807906539351852,0.9805609809027778
3,54,0.0004643439897336066,0.0006436418043449521,0.5330279774136013,0.3593412280082703,0.9809413580246914,0.9820963541666666
3,55,0.0004488661652430892,0.000559888023417443,0.5419853214864377,0.4565389527214898,0.9807882426697531,0.9819552951388889
3,56,0.00046259595546871424,0.0006657378980889916,0.5373131487104628,0.31839570469326445,0.9803144290123457,0.98203125
3,57,0.0004260916612111032,0.000552403973415494,0.5730318431501036,0.45195436477661133,0.9813259548611111,0.984326171875
3,58,0.00039978837594389915,0.0005206686328165233,0.5930934923666494,0.4911058227221171,0.9821084104938271,0.9837076822916667
3,59,0.0003833266091533005,0.0005680749891325831,0.6090522362862104,0.45294317801793416,0.9823676215277778,0.9824869791666667
3,60,0.00037730298936367035,0.0005695743020623922,0.6151738043184634,0.4387087517314487,0.9822277681327161,0.9832302517361111
3,61,0.00036713009467348456,0.0006544634234160185,0.6227007185971295,0.3454498529434204,0.9828197337962963,0.9843424479166667
3,62,0.00036849817843176425,0.0005709046963602304,0.6220724400178885,0.44106130732430354,0.9826238184799383,0.9846137152777777
3,63,0.00035905480035580695,0.0006044121691957116,0.6341005731511999,0.40336396164364285,0.9829481336805556,0.983837890625
3,64,0.0003592956345528364,0.0005562683800235391,0.6311462924804216,0.4614966763390435,0.9831175250771605,0.9839572482638889
3,65,0.0003542223130352795,0.0005799845093861222,0.6340751353605294,0.4242633991771274,0.9830849729938271,0.9854600694444444
3,66,0.00034847480128519237,0.0005186034250073135,0.6433833942001248,0.4942871888478597,0.9835117669753086,0.9857638888888889
3,67,0.0003379896515980363,0.000616429082583636,0.6527222517095966,0.39958546029196845,0.9835015190972223,0.9838921440972223
3,68,0.00033492851071059704,0.0005975472740828991,0.6553142697722824,0.4173413832982381,0.9834213445216049,0.9857476128472222
3,69,0.00033199164317920804,0.0005365933757275343,0.6565414667129517,0.48181077241897585,0.9837149160879629,0.9859754774305556
3,70,0.000326203036820516,0.000489905709400773,0.6656640104305597,0.5255744788381789,0.9838686342592593,0.9865451388888888
3,71,0.0003164505469612777,0.0005332599976100028,0.6782283988999732,0.48538473844528196,0.9837727864583333,0.9849175347222222
3,72,0.00031167722772806883,0.0006591895944438875,0.6797762382177659,0.35558722416559857,0.9840549045138889,0.9858995225694445
3,73,0.00031295447843149304,0.0005673622363246977,0.6784796816331369,0.45107350216971503,0.9842435860339506,0.9853244357638888
3,74,0.00031370564829558134,0.0005283608334138989,0.6773954169249828,0.4871656748983595,0.9839771412037037,0.9864040798611111
3,75,0.0003005984763149172,0.0005903242854401469,0.6892257796393501,0.42159813774956595,0.9842821662808642,0.9867133246527777
3,76,0.00029978228849358857,0.0005733123980462551,0.6917625767213327,0.44087351428137883,0.9844581886574074,0.9848090277777778
3,77,0.0002920642727985978,0.0005797565099783242,0.6996246960428026,0.43386043972439237,0.9844015239197531,0.9866482204861111
3,78,0.00029726873617619276,0.0005464277928695083,0.6946861158182591,0.4688872681723701,0.984617934992284,0.9877875434027777
3,79,0.0002692572306841612,0.0005133152008056641,0.7207156471264216,0.5146064639091492,0.9851429880401235,0.9875759548611112
3,80,0.00025535578606650233,0.0005721013876609504,0.7346185461974438,0.4482954422632853,0.9853389033564814,0.9878309461805556
3,81,0.0002475606161169708,0.0005522385472431779,0.7432915755260138,0.47491889662212794,0.9855523003472222,0.98828125
3,82,0.00024368768208660185,0.0005666348151862621,0.7454976187811957,0.46438096629248726,0.9858512972608025,0.9879123263888889
3,83,0.00023838980996515602,0.00055077881552279,0.752483269609051,0.4798914962344699,0.9858675733024691,0.9887044270833333
3,84,0.00023774226428940892,0.0005645807832479477,0.7514433369224454,0.4652101039886475,0.9860074266975308,0.988720703125
3,85,0.0002364596293773502,0.0005309064290486276,0.7538736053455023,0.4994320472081502,0.9861105082947531,0.9888943142361111
3,86,0.00022896620794199407,0.000571126292925328,0.760766828648838,0.45492210653093124,0.986155719521605,0.9895290798611112
3,87,0.00022331402578856796,0.0005560109857469797,0.7664720672148245,0.470167424943712,0.986327522183642,0.9889051649305556
3,88,0.00021899960120208561,0.0005711817648261786,0.7704606867130892,0.4620064165857103,0.9865137924382716,0.9887858072916667
3,89,0.00021601596381515265,0.0005703881615772843,0.7738807160177349,0.4594738695356581,0.9865843219521605,0.989013671875
3,90,0.00021353820920921862,0.0005617875140160322,0.7758344126336368,0.47035822206073336,0.9866054205246914,0.9894314236111111
4,1,0.09213458001613617,0.05496342480182648,-141.83009047331635,-80.47407485114203,0.8941213348765432,0.9806857638888888
4,2,0.04185672476887703,0.030433781445026398,-64.52198798803636,-44.099578539530434,0.9864456741898148,0.9884385850694445
4,3,0.02459683082997799,0.019413307309150696,-37.179017135243356,-27.60447899500529,0.9898865499614198,0.9911187065972222
4,4,0.016260219737887383,0.013197062537074089,-24.020265398496463,-18.364013544718425,0.9913996190200617,0.9931640625
4,5,0.011705667711794376,0.01031689252704382,-16.91633713333695,-13.849089076783923,0.9913700810185185,0.9909396701388888
4,6,0.00900810956954956,0.0075102755799889565,-12.506954532199435,-9.856201293733385,0.990403766396605,0.9933919270833333
4,7,0.0071649737656116486,0.006265771575272083,-9.669044982062445,-7.932963599099053,0.9900077160493828,0.9898546006944444
4,8,0.005910519510507584,0.005197714548557997,-7.706161628829109,-6.340760906537374,0.9886152102623457,0.9895128038194444
4,9,0.004971764050424099,0.004393210634589195,-6.240625382058415,-5.11729019218021,0.9874077690972223,0.9909016927083333
4,10,0.004279432352632284,0.0037468683440238237,-5.193299191380724,-4.176463860935635,0.9873318142361112,0.9859320746527778
4,11,0.0037811468355357647,0.0038040990475565195,-4.44134831369659,-4.116047324074639,0.9863805700231482,0.9830186631944444
4,12,0.0033513412345200777,0.0032023529056459665,-3.762713731659783,-3.3074227809906005,0.9849374276620371,0.9844997829861111
4,13,0.0030407803133130074,0.002861296059563756,-3.3081272307737373,-2.851074359152052,0.9856083622685186,0.9853352864583333
4,14,0.0027030622586607933,0.0022919196635484695,-2.774223455381982,-2.0802896009551155,0.9839307243441358,0.9916720920138888
4,15,0.002432298380881548,0.0021802044939249754,-2.3618037903750384,-1.885004425048828,0.9829939477237655,0.9842447916666667
4,16,0.0022099660709500313,0.0025132866576313972,-2.045053085574397,-2.1901208639144896,0.9824116271219135,0.9755045572916666
4,17,0.002118375152349472,0.002051378833130002,-1.8724143122449333,-1.613875879181756,0.9817177854938272,0.9838433159722222
4,18,0.0019238570239394903,0.0018552434630692005,-1.5895816607239805,-1.377522004975213,0.9812717013888889,0.9808322482638889
4,19,0.001794219482690096,0.001688886433839798,-1.3807270375298866,-1.1347024069892035,0.9814603829089507,0.9856228298611112
4,20,0.0016759425634518266,0.0017060854006558657,-1.219982569011641,-1.0980292333496942,0.9813313802083333,0.9843207465277778
4,21,0.0015812255442142487,0.0015460115391761065,-1.0614098401717198,-0.9428465988900926,0.9807261525848765,0.9789984809027777
4,22,0.0014951035846024752,0.0013440735638141632,-0.9378479009793128,-0.6685986942715115,0.9802860966435185,0.9813802083333333
4,23,0.0013895444571971893,0.0014565924648195505,-0.7972504743823299,-0.7591940654648675,0.9812469859182099,0.9794976128472223
4,24,0.0013561591040343046,0.001190726412460208,-0.7242547701906275,-0.4546414878633287,0.9805893132716049,0.9798122829861111
4,25,0.0012757590739056468,0.0011803209781646729,-0.6226793788097523,-0.42246569130155776,0.9804368007330246,0.9793294270833334
4,26,0.0012344114948064089,0.0012602056376636028,-0.5520824470637757,-0.5118895636664497,0.9804621190200618,0.9777452256944444
4,27,0.0011558402329683304,0.0011877191718667746,-0.4426667028003269,-0.40192055172390406,0.980248722029321,0.9783420138888889
4,28,0.001116891740821302,0.001068621757440269,-0.3747796651757794,-0.26280653874079385,0.9801233362268519,0.9828884548611111
4,29,0.0010724010644480586,0.0009693439351394773,-0.32265955401055607,-0.13210833734936184,0.9798026379243827,0.9822970920138889
4,30,0.001016448950394988,0.0011283907806500793,-0.2466632455955317,-0.3240476555294461,0.9802794656635803,0.9772026909722222
4,31,0.0010070005664601922,0.0009462765301577747,-0.21987737593827425,-0.09752482440736558,0.9799877025462963,0.9744845920138889
4,32,0.000983641017228365,0.0008717902237549424,-0.18693105968428247,0.015961674849192302,0.9801130883487654,0.9842013888888889
4,33,0.0009288158034905791,0.0008890927419997752,-0.11986369409678894,-0.02079726325141059,0.9799292293595679,0.9812174479166667
4,34,0.0008900000248104334,0.0009678385686129332,-0.06812163400061337,-0.11470086574554443,0.9798520688657407,0.9781195746527778
4,35,0.0008863797411322594,0.0008710334659554064,-0.049616089573612916,0.024171287483639187,0.9802029079861111,0.9795844184027778
4,36,0.0008300234330818057,0.0008411851013079286,0.016112833700062317,0.05631813208262126,0.9800359278549383,0.9825412326388889
4,37,0.0008240080787800252,0.0008161833975464106,0.023414728376600476,0.083246378103892,0.9801860291280864,0.9747395833333333
4,38,0.0008001797832548618,0.0008446442079730332,0.05728792761578972,0.06629263559977214,0.9801950713734567,0.9787055121527778
4,39,0.000761638511903584,0.0008373470045626163,0.10791022762840177,0.07484691540400187,0.9799870997299382,0.9797417534722223
4,40,0.0007619191892445087,0.0007573994807898998,0.12321262403770729,0.17965137031343248,0.9805935329861111,0.9792697482638889
4,41,0.0007115204352885485,0.0007994277402758598,0.16718608376420574,0.11952692535188462,0.9804609133873456,0.9811686197916667
4,42,0.0007201824337244034,0.0007419021567329764,0.1694162040580938,0.2019877552986145,0.9806007667824074,0.9815755208333333
4,43,0.0006978738238103688,0.0007479524938389659,0.19475915446693515,0.19399694734149509,0.9806357301311729,0.9804470486111111
4,44,0.0006785999285057187,0.0007843124330975115,0.2204812388361236,0.16276420884662204,0.980811752507716,0.9812771267361111
4,45,0.000673101341817528,0.000748521531932056,0.2292453658433608,0.20177128579881456,0.9801142939814815,0.9764485677083333
4,46,0.0006466475897468626,0.0007333587855100632,0.25741309795850587,0.2330653256840176,0.9807442370756173,0.9837890625
4,47,0.000629371905233711,0.0007658328395336866,0.27123676906397315,0.19412546422746446,0.9811571662808642,0.9796983506944444
4,48,0.000628261361271143,0.0007348281797021627,0.2884499536620246,0.22418305079142253,0.9811625916280864,0.9807834201388889
4,49,0.0005861587123945355,0.0007183275884017348,0.3357883468086337,0.24044338862101236,0.9814386815200618,0.9817762586805555
4,50,0.0005878901574760675,0.0007134393672458827,0.33695323673295385,0.24576839605967205,0.9812409577546296,0.9818522135416666
4,51,0.0005897241644561291,0.0007178892847150564,0.32579580501273825,0.264181469546424,0.9813084731867284,0.9821506076388888
4,52,0.0005582127487286925,0.0008070560870692134,0.3797279575724661,0.12589115301767986,0.9817828896604939,0.9790093315972223
4,53,0.0005426524439826608,0.0006432459922507405,0.3969891982314027,0.33799498875935874,0.9815321180555555,0.980810546875
4,54,0.0005255296127870679,0.0006369940820150077,0.4101910995848385,0.3565021342701382,0.9821698977623456,0.9830674913194445
4,55,0.0005051161861047149,0.0006630046991631389,0.43894688803472637,0.32721512847476536,0.9823145736882716,0.9792805989583333
4,56,0.0004931819858029485,0.0005937953828833997,0.4492368056450361,0.40634829070832995,0.982666618441358,0.9811143663194445
4,57,0.0005002465331926942,0.0006963862106204033,0.4445075662047775,0.2764844179153442,0.981787109375,0.9802137586805556
4,58,0.000477076624520123,0.0006686574779450893,0.4666522177649133,0.31337747044033476,0.9826256269290123,0.98134765625
4,59,0.0004680940182879567,0.0005845300620421767,0.4751875082651774,0.41713221602969697,0.9828311873070987,0.9813802083333333
4,60,0.0004675693344324827,0.0006511833053082228,0.4786615487969952,0.33918715450498793,0.9830548321759259,0.9793131510416667
4,61,0.00047308270586654544,0.0006310925236903131,0.47268352008160247,0.3431221908993191,0.9828227478780864,0.9818684895833333
4,62,0.0004478328628465533,0.0006087352521717548,0.5058597083444949,0.3912124395370483,0.9832585841049383,0.9811252170138889
4,63,0.00042317769839428365,0.0006644825334660709,0.5337399885978228,0.329046110312144,0.9836461950231481,0.9803114149305555
4,64,0.00042731131543405354,0.000592785538174212,0.5333201022795689,0.40717189576890733,0.9832682291666667,0.9812065972222223
4,65,0.0004099335055798292,0.000579400104470551,0.5497178773821136,0.43817125426398384,0.9836751302083333,0.9830891927083333
4,66,0.000397083000279963,0.0005461208056658506,0.5593848350607319,0.4734236849678887,0.9835877218364197,0.9847384982638889
4,67,0.0003953364794142544,0.0005513549549505115,0.564385536276264,0.4725816580984328,0.9837613329475309,0.9849609375
4,68,0.00039903708966448903,0.0005488929455168545,0.5604676070036712,0.4715424868795607,0.9839687017746913,0.9824490017361112
4,69,0.00037915591383352876,0.0006505211349576712,0.5839966937347695,0.33733747137917414,0.9841754677854938,0.9845377604166666
4,70,0.00036353542236611247,0.0005544911255128682,0.6016743617293275,0.46147552463743424,0.9844624083719136,0.9843478732638888
4,71,0.0003595616144593805,0.0005550180794671178,0.6051935697779244,0.4639233469963074,0.9844171971450617,0.9863444010416667
4,72,0.00033245753729715943,0.0005503041320480406,0.6331161927293848,0.4832299378183153,0.985033878279321,0.9836046006944444
4,73,0.00034685584250837564,0.0005655158311128616,0.6182552964599044,0.45071117480595907,0.9847758728780864,0.9853461371527777
4,74,0.0003461700980551541,0.0006155207520350814,0.6192928334813059,0.42019078996446396,0.9845841772762346,0.9871310763888889
4,75,0.0003185397363267839,0.0005518674734048545,0.6533536613723379,0.47504644526375667,0.9851381655092593,0.9858289930555556
4,76,0.00029841880314052105,0.0005381912924349308,0.6678131032873083,0.4928611397743225,0.9855107060185185,0.9874240451388889
4,77,0.00027438660617917776,0.0005319579504430294,0.6951285181222139,0.49890968269772,0.9860538435570988,0.9875379774305556
4,78,0.0002673011622391641,0.000550318043678999,0.7023960353415689,0.47673121558295356,0.9863582658179012,0.9877332899305555
4,79,0.00026688104844652116,0.0005387655692175031,0.7014359603693456,0.4935007916556464,0.9864444685570988,0.9878038194444444
4,80,0.00026346545200794935,0.0005228482186794281,0.7035622336246349,0.5184414320521884,0.986571662808642,0.9879448784722222
4,81,0.00025812064995989203,0.0005539617268368602,0.7119108228035915,0.4868792202737596,0.9866602768132716,0.9875759548611112
4,82,0.0002553125377744436,0.0005691018886864185,0.7180033828005379,0.46216585238774616,0.9866518373842592,0.9879991319444444
4,83,0.000253457750659436,0.0005440404638648033,0.7179547203911676,0.49407028092278377,0.9868983892746913,0.9881727430555556
4,84,0.0002464576973579824,0.0005621972377412021,0.7271289242638482,0.47816428343455,0.9869815779320987,0.98876953125
4,85,0.0002520925481803715,0.0005411093588918447,0.7205143245649926,0.49837605555852255,0.9869544511959877,0.9886121961805555
4,86,0.00024159825989045203,0.0005482787964865565,0.73176671207687,0.49511015282736887,0.9871244454089506,0.9890028211805556
4,87,0.0002525976160541177,0.0005603961180895567,0.7172176893846488,0.48605825636121963,0.987108169367284,0.9883029513888889
4,88,0.0002463610435370356,0.0005413814214989543,0.7268739754771009,0.4947891142633226,0.987038242669753,0.9889594184027778
4,89,0.00022992919548414648,0.000556011451408267,0.7443717107360746,0.4866979267862108,0.9872950424382716,0.9888454861111111
4,90,0.00022222379629965872,0.0005366558907553554,0.7518332753652408,0.507769931687249,0.9876241801697531,0.989599609375
4,91,0.00021131185349076986,0.0005370232975110412,0.7615652325712604,0.514718567000495,0.9877133969907408,0.9893446180555555
4,92,0.0002066682791337371,0.000549454940482974,0.767001254911776,0.5023467222849528,0.9879466869212963,0.9900716145833334
4,93,0.00020466094429139048,0.0005421963287517428,0.7689379437470142,0.5134435349040561,0.9880521797839507,0.9903483072916667
4,94,0.0002038418606389314,0.0005492769996635616,0.7694947603308124,0.5005806697739495,0.9881787712191358,0.9899685329861111
4,95,0.00020250138186383992,0.000552997924387455,0.771201816458761,0.4974493768480089,0.9881950472608024,0.9903049045138889
4,96,0.0002016102080233395,0.0005943268770352006,0.772316430233143,0.45511292881435816,0.9882517119984567,0.9895562065972222
4,97,0.00019946609972976148,0.0005584363825619221,0.7752092730851821,0.4945301360554165,0.9883807146990741,0.989990234375
4,98,0.0001927006960613653,0.0005459453677758574,0.7811367645675753,0.508995591269599,0.9884180893132716,0.9905490451388889
4,99,0.0001909782731672749,0.0005594782996922731,0.7823851500028446,0.49525161186854044,0.9885344328703703,0.9905436197916667
4,100,0.00018995761638507247,0.0005550580099225044,0.7838673791767639,0.49951714939541286,0.9885953173225308,0.9907497829861112
5,1,0.04736177623271942,0.021430209279060364,-67.20051759672754,-34.07268615298801,0.48001663773148145,0.99365234375
5,2,0.016645628958940506,0.012395579367876053,-24.29221227021865,-19.146525632010565,0.992772834683642,0.9922146267361112
5,3,0.010040019638836384,0.007726159878075123,-14.046230378563022,-11.342642158932156,0.990772087191358,0.9895128038194444
5,4,0.0065313782542943954,0.005662630312144756,-8.603481567347492,-7.727398726675245,0.9903736255787037,0.9899576822916667
5,5,0.00474565802142024,0.003835306502878666,-5.800998635056578,-4.868817851278517,0.9890197000385802,0.9898708767361111
5,6,0.00363845843821764,0.003351293271407485,-4.0923053452998035,-3.9541838857862683,0.9871726707175926,0.9891004774305555
5,7,0.0029746724758297205,0.002528910059481859,-3.054366252746111,-2.768906733724806,0.9853973765432099,0.9818630642361111
5,8,0.0024805269204080105,0.002216525375843048,-2.3234212737024564,-2.23551766872406,0.9849639515817902,0.9869194878472223
5,9,0.002220757305622101,0.0020404732786118984,-1.9311602997191157,-1.9220143662558662,0.9849711853780864,0.9787868923611112
5,10,0.001892755040898919,0.001550306100398302,-1.4543997451111121,-1.2294185214572482,0.9834086853780865,0.9859917534722222
5,11,0.0017059958772733808,0.001653715269640088,-1.1871427178382874,-1.3120672954453363,0.983860797646605,0.9740505642361111
5,12,0.0015504874754697084,0.0014942605048418045,-0.9371390088104907,-1.1141182170973885,0.9835286458333333,0.978857421875
5,13,0.0014357446925714612,0.0012332736514508724,-0.7818144848317276,-0.7032865842183431,0.9825641396604938,0.9847710503472222
5,14,0.0013325638137757778,0.0014391862787306309,-0.6229004540561158,-0.8686505715052287,0.9831139081790123,0.9827473958333334
5,15,0.0012479476863518357,0.0012046704068779945,-0.49707254907231274,-0.5516975575023227,0.9821626639660493,0.9821126302083333
5,16,0.0011741844937205315,0.0009343584533780813,-0.38158660111603915,-0.21184793048434788,0.9821186583719136,0.9814832899305556
5,17,0.0011360796634107828,0.0010439653415232897,-0.3362840924733951,-0.3861211445596483,0.9817539544753087,0.9839898003472223
5,18,0.0010872632265090942,0.0009607306565158069,-0.26366797258824476,-0.23054470486111112,0.9814772617669754,0.9824381510416667
5,19,0.0010314646642655134,0.0010085857938975096,-0.18113683241385,-0.3167796028984918,0.9813343942901235,0.9790201822916667
5,20,0.0010110147995874286,0.0008907584706321359,-0.15433941196512294,-0.10532142718633015,0.9814995659722222,0.9795030381944444
5,21,0.0009553264244459569,0.0008609200594946742,-0.0734944094846278,-0.08640251027213203,0.9814555603780865,0.9742621527777777
5,22,0.0009378999238833785,0.0007335942354984581,-0.04939587013221081,0.09618542326821221,0.9805308400848766,0.9773166232638889
5,23,0.0008925246074795723,0.0006841919384896755,0.012874676121605767,0.17534273597929212,0.9811987606095679,0.973193359375
5,24,0.0008535850793123245,0.0008451773319393396,0.057306097319096694,-0.03169816732406616,0.9810715663580247,0.9798285590277778
5,25,0.0008375163306482136,0.0007294124807231128,0.08168808619181316,0.10060448911454943,0.9810992959104938,0.9778103298611112
5,26,0.0008003897964954376,0.0007959256181493402,0.13265727287457313,0.012828622923956976,0.9807574990354938,0.9733561197916667
5,27,0.0007828911766409874,0.0007809641538187861,0.1466422387111334,0.06369051006105211,0.9810420283564815,0.9752115885416667
5,28,0.0007531355367973447,0.0007781174499541521,0.18873539235856798,0.06638880968093872,0.9798303674768518,0.9781304253472223
5,29,0.0007560645462945104,0.0009209197014570236,0.19904133905599147,-0.16090816656748455,0.9812373408564815,0.971142578125
5,30,0.0007531739538535476,0.0007264950545504689,0.19205970307927073,0.1238210572136773,0.9800069926697531,0.9716471354166667
5,31,0.0007174770580604672,0.000619343074504286,0.22656281274042012,0.2856146110428704,0.9803668740354938,0.9778157552083333
5,32,0.0006958702579140663,0.0006808023899793625,0.26342323150163816,0.20387984646691215,0.980469955632716,0.9759711371527777
5,33,0.0006887540221214294,0.0006825546734035015,0.2747890734378202,0.2217124104499817,0.9802692177854938,0.9786241319444444
5,34,0.0006725916173309088,0.000648240908049047,0.2872567085572231,0.2650712079472012,0.9804771894290123,0.9837185329861111
5,35,0.0006630528951063752,0.0005896993679925799,0.3099811203685808,0.3313243826230367,0.9804283613040123,0.9804470486111111
5,36,0.0006286385469138622,0.0005976167158223689,0.35338490244783,0.3245086775885688,0.9802143614969135,0.9827256944444445
5,37,0.0006156096933409572,0.0005602219025604427,0.3566682547698786,0.3880580875608656,0.9803102092978395,0.9815700954861111
5,38,0.0006174392765387893,0.0006378690013661981,0.36425363252192366,0.2776017612881131,0.9804187162422839,0.9788248697916667
5,39,0.0006045274203643203,0.0006563973147422075,0.3719159815046522,0.26771485143237644,0.9804717640817902,0.9787000868055555
5,40,0.0005891347536817193,0.0006059614825062454,0.3971401873930001,0.3303183979458279,0.9806146315586419,0.9754774305555556
5,41,0.0005804543034173548,0.0006248969584703445,0.40012623881116327,0.2913750145170424,0.980199291087963,0.9780436197916667
5,42,0.0005759669584222138,0.0006210312712937593,0.40454245894043533,0.32085089815987483,0.9808328510802469,0.9762369791666666
5,43,0.000533968152012676,0.0005945724551565945,0.45497927238911756,0.3644476294517517,0.9808858989197531,0.979150390625
5,44,0.0005270280526019633,0.0007681704591959715,0.4646809177634157,0.13888313505384658,0.9808298369984568,0.9742078993055555
5,45,0.0005464907735586166,0.0005397420609369874,0.4305975956681334,0.40541851652993094,0.9806694878472222,0.9805067274305556
5,46,0.000531971687451005,0.0004872023710049689,0.46158380640877616,0.48610284858279756,0.9805688175154321,0.9840115017361111
5,47,0.0005051958141848445,0.0005056303925812244,0.4830325479860659,0.4575481229358249,0.9810812114197531,0.9772894965277777
5,48,0.0004937741905450821,0.0005806364351883531,0.49772151914643653,0.3610672685835097,0.981028766396605,0.9840440538194445
5,49,0.0004914393066428602,0.0005707365926355124,0.49993736449583076,0.3788544403182136,0.9812065972222223,0.9807779947916667
5,50,0.000489179277792573,0.0005566608160734177,0.503322755407404,0.38276354074478147,0.9813132957175926,0.9780219184027777
5,51,0.0004766783386003226,0.0006188697880133986,0.510855703589357,0.3188469012578328,0.9812240788966049,0.9771592881944444
5,52,0.0004781010211445391,0.0005688811652362347,0.510689698619607,0.37857091426849365,0.9811396846064815,0.9789659288194444
5,53,0.00046912796096876264,0.0005966893513686955,0.5269087043809302,0.3502371907234192,0.981711757330247,0.9740993923611111
5,54,0.00045329713611863554,0.0005161910085007548,0.5389032499289806,0.43930657969580755,0.98134765625,0.9779947916666667
5,55,0.000412437308114022,0.0004947076085954905,0.5846513776131618,0.46628757052951386,0.9820861062885803,0.9812771267361111
5,56,0.000390918692573905,0.00048296721070073545,0.6021403854275927,0.47875244749916923,0.9825104890046297,0.9803331163194444
5,57,0.0003803010331466794,0.0005133200902491808,0.6105949189927843,0.4441812170876397,0.9825424382716049,0.9833333333333333
5,58,0.0003782621934078634,0.0005094647640362382,0.6167006604465437,0.45207497146394515,0.982958381558642,0.9811794704861111
5,59,0.0003720894455909729,0.0005680129979737103,0.6186855504542221,0.37856840954886545,0.9826756606867284,0.9806369357638889
5,60,0.00039074118831194937,0.0004910336574539542,0.6059391217467226,0.47883899079428777,0.9829445167824075,0.9804578993055556
5,61,0.0003579956537578255,0.00047816295409575105,0.6399149125004993,0.4975768897268507,0.9827124324845679,0.9829372829861112
5,62,0.00035457787453196943,0.0005275113508105278,0.6393002072970072,0.4450603233443366,0.9831072771990741,0.982275390625
5,63,0.0003518274752423167,0.0004906418616883457,0.6441791053171511,0.47449294593599106,0.983131992669753,0.9832085503472222
5,64,0.00034084764774888754,0.00048713869182392955,0.6522439865418422,0.48270589907964073,0.9834291811342593,0.9817654079861111
5,65,0.00032647140324115753,0.0005373383173719049,0.6679546937530423,0.41545148955451117,0.9835250289351852,0.9818576388888889
5,66,0.0003301334800198674,0.0004917719634249806,0.6586823952050856,0.47729027536180285,0.9837022569444445,0.9823187934027777
5,67,0.0003195790632162243,0.0005025598220527172,0.6764434436221182,0.47341439326604207,0.983738425925926,0.9821668836805556
5,68,0.0003137741587124765,0.0004946403205394745,0.6821847621305489,0.483062485853831,0.9838330680941358,0.9834255642361112
5,69,0.000310948264086619,0.0005356737528927624,0.6853913092318876,0.4317008919186062,0.9839705102237655,0.9818359375
5,70,0.0002955467498395592,0.00048308802070096135,0.6994308677720434,0.4934883925649855,0.9840356143904321,0.9843153211805555
5,71,0.00027856224915012717,0.0005000469391234219,0.7156735952989555,0.47869833045535615,0.9845257040895061,0.9840657552083333
5,72,0.00026918540243059397,0.00048769498243927956,0.726801073404006,0.48818052874671086,0.9846950954861111,0.9850802951388888
5,73,0.00026422837981954217,0.0004753393877763301,0.729729222368311,0.5088308069441053,0.9849404417438271,0.9848198784722222
5,74,0.00026055891066789627,0.00048473707283847034,0.7321573160312794,0.4911603252092997,0.984960334683642,0.9845106336805556
5,75,0.0002626186760608107,0.0005202824249863625,0.729067525451566,0.4502082215415107,0.9851013937114198,0.9845540364583333
5,76,0.00025475677102804184,0.0004889971460215747,0.7404392770778986,0.4914921204249064,0.9851417824074075,0.9842339409722223
5,77,0.000252028985414654,0.0004990532761439681,0.7442006942666607,0.4782420065667894,0.9852671682098766,0.9838650173611111
5,78,0.0002502436691429466,0.00047508178977295756,0.7432784988556379,0.5097948670387268,0.9853153935185185,0.9844835069444444
5,79,0.00024531339295208454,0.0004911590367555618,0.7506431033581863,0.49057991769578724,0.985352165316358,0.9852376302083333
5,80,0.00024410264450125396,0.0005253232084214687,0.7506899259708546,0.44585116306940714,0.9855830439814814,0.9842936197916666
5,81,0.0002470420440658927,0.00046690861927345395,0.7498538430826164,0.51626674996482,0.9855257764274692,0.9850911458333333
5,82,0.0002370072470512241,0.0005020417738705873,0.7584277556266313,0.4697871896955702,0.9857030044367284,0.9854926215277777
5,83,0.00023523559502791613,0.00048194683040492237,0.7587122861249948,0.49969298309750027,0.9856638213734568,0.9856119791666667
5,84,0.00024028625921346247,0.0004803311894647777,0.7540968034002516,0.5020854923460218,0.9858078944830246,0.9856987847222223
5,85,0.00023715931456536055,0.00045998397399671376,0.7577672175419183,0.5294374148050944,0.9857005931712963,0.9866590711805555
5,86,0.00022611078748013824,0.00046849800855852664,0.7698267467227983,0.5149456871880426,0.9859067563657408,0.9861762152777778
5,87,0.00022663737763650715,0.0004716309194918722,0.7692060073216757,0.5137658331129286,0.985961009837963,0.9857964409722222
5,88,0.0002253413258586079,0.0004948031273670495,0.770788781878389,0.48446608119540746,0.985938705632716,0.9862250434027777
5,89,0.00022100326896179467,0.00049241678789258,0.774064690095407,0.5031630330615573,0.9860116464120371,0.9863661024305556
5,90,0.00022066658129915595,0.0005056955851614475,0.7755911453270617,0.47459615336524114,0.986232277199074,0.9854709201388889
5,91,0.00021916927653364837,0.0004605549620464444,0.7770387255115273,0.5364148020744324,0.9862364969135803,0.9857747395833333
5,92,0.0002166721096727997,0.00046069626114331186,0.7785835248452646,0.5271350065867106,0.9863510320216049,0.9861653645833334
5,93,0.00021431715867947787,0.0005044466233812273,0.7809959255618814,0.47393341064453126,0.9863468123070988,0.9860134548611111
5,94,0.0002067210152745247,0.0004699272394645959,0.7894030353169382,0.5178199688593547,0.9865547839506172,0.9864854600694445
5,95,0.0001958939537871629,0.00046019040746614337,0.7997620388313577,0.5305956125259399,0.9867597415123457,0.9873806423611111
5,96,0.00018849867046810687,0.0004747909551952034,0.8069355303858533,0.5104305850134956,0.9869369695216049,0.9871527777777778
5,97,0.0001878526236396283,0.0004821845795959234,0.8068982342143117,0.5029639336797926,0.9870056905864197,0.9871853298611111
5,98,0.00018528717919252813,0.00048074647202156484,0.809941542590106,0.504891120062934,0.9870900848765433,0.9874077690972223
5,99,0.0001836087176343426,0.00048041035188362,0.8110848852145819,0.5015410211351182,0.9871708622685185,0.9874240451388889
5,100,0.00018197789904661477,0.00048353354213759303,0.8125168177816603,0.5026980267630683,0.9872733410493827,0.9877983940972223
5,101,0.00018165033543482423,0.0004735481343232095,0.8129911110724932,0.5125733786159091,0.9872992621527777,0.9875813802083333
5,102,0.00017809364362619817,0.0004932304727844894,0.816660687069834,0.4874755634201898,0.9873492959104938,0.9875542534722223
5,103,0.00017517965170554817,0.0004827354568988085,0.8193808845531794,0.5011327505111695,0.9874342930169753,0.9876247829861111
5,104,0.00017359881894662976,0.000488456804305315,0.8208520440407742,0.49459509054819745,0.987475284529321,0.9876247829861111
5,105,0.00017382031364832073,0.0005031444597989321,0.8204787405920617,0.4742721094025506,0.9875373746141975,0.9877332899305555
6,1,0.053823452442884445,0.020737681537866592,-84.94397104875542,-29.108889706929524,0.3725393036265432,0.9945583767361111
6,2,0.0154865188524127,0.011018963530659676,-22.802748502331017,-14.873093875249227,0.9950852382330246,0.9951931423611111
6,3,0.008631500415503979,0.006898871622979641,-12.163854676117131,-8.663498936759101,0.9935866367669753,0.9922254774305556
6,4,0.005714047700166702,0.005159489810466766,-7.493002669605208,-5.926436154047648,0.9906955295138888,0.9885687934027778
6,5,0.004304980393499136,0.003709289478138089,-5.190875264450356,-3.8994345479541357,0.9889437451774692,0.9912651909722222
6,6,0.0033584418706595898,0.003112140344455838,-3.6947513756928623,-2.9251620954937403,0.9882939091435186,0.992041015625
6,7,0.0027477522380650043,0.0025327475741505623,-2.741076142846802,-2.14022536277771,0.9876157407407408,0.985205078125
6,8,0.002324626548215747,0.0022420138120651245,-2.108355814880795,-1.7138376275698344,0.9854082272376543,0.9867513020833333
6,9,0.001997897867113352,0.001865035854279995,-1.614990328565056,-1.2257738457785712,0.9847481433256173,0.9776258680555555
6,10,0.0017857057973742485,0.0016576808411628008,-1.3039446898448614,-0.9417794161372715,0.9842200761959876,0.9850423177083333
6,11,0.0015722711104899645,0.0015402748249471188,-1.0003571704581933,-0.7624292612075806,0.9834044656635802,0.9828125
6,12,0.0014495168579742312,0.0015244937967509031,-0.8091091987527447,-0.6949474030070835,0.9835611979166666,0.9771918402777777
6,13,0.001369783654808998,0.0015082050813362002,-0.6664639558321164,-0.6739042189386156,0.9831042631172839,0.9731553819444444
6,14,0.001260683173313737,0.0013821865431964397,-0.5329634311758442,-0.4770311858918932,0.9829204041280865,0.9825954861111111
6,15,0.0011981341522186995,0.001134755089879036,-0.4246411504568877,-0.21503173112869262,0.9817816840277778,0.9894368489583333
6,16,0.0011509652249515057,0.001257827621884644,-0.35647909376356335,-0.3064249051941766,0.9828739872685185,0.9818033854166667
6,17,0.001092378981411457,0.0009906822815537453,-0.277949720841867,-0.02634150187174479,0.9815996334876543,0.9803439670138889
6,18,0.0010427843080833554,0.0013640627730637789,-0.20049546029832627,-0.38905787600411307,0.981958912037037,0.9793836805555556
6,19,0.0009810351766645908,0.001295852824114263,-0.11186126073201498,-0.31634681357277766,0.9806833526234567,0.9834201388888889
6,20,0.0009645232930779457,0.0009857581462711096,-0.08626847752818355,0.01990968386332194,0.9813675491898148,0.9758246527777777
6,21,0.0009061085293069482,0.0008950945921242237,-0.009604624171315888,0.11536881261401706,0.980641155478395,0.9852213541666667
6,22,0.0008703096536919475,0.0010769178625196218,0.03538210421432683,-0.0644304633140564,0.981787109375,0.9766330295138889
6,23,0.0008418656652793288,0.0011436366476118565,0.07488252542637013,-0.10887762308120727,0.9810432339891976,0.9807834201388889
6,24,0.0008430684101767838,0.0010412242263555527,0.07705949677361382,-0.0066944599151611325,0.981200569058642,0.9788899739583333
6,25,0.0008065118454396725,0.001028538914397359,0.12323847950240713,-0.004566788673400879,0.980250530478395,0.9743326822916667
6,26,0.0008062103297561407,0.0008637894643470645,0.1246925605667962,0.19261991182963054,0.9800491898148148,0.9817925347222223
6,27,0.0007806699723005295,0.0008427674183622003,0.16337188202657818,0.20881125529607136,0.9811547550154321,0.9783365885416667
6,28,0.0007317186100408435,0.0008154698880389333,0.22148114060178214,0.23637723525365192,0.9802306375385802,0.9802191840277777
6,29,0.0007268127519637346,0.0009780584368854761,0.22861075622064095,0.09539077149497138,0.9807894483024692,0.9752712673611111
6,30,0.0007036160677671432,0.0009589478722773492,0.26051193990825133,0.10002007881800333,0.9798852237654321,0.9788411458333334
6,31,0.0006846988690085709,0.001191499875858426,0.27644727288940807,-0.07463553746541342,0.980688777970679,0.9781087239583334
6,32,0.0007037457544356585,0.0008345182286575437,0.27274062751251976,0.2473410275247362,0.979565128279321,0.9801323784722222
6,33,0.0006534234853461385,0.000744088611099869,0.31811341429934087,0.3311077104674445,0.9803831500771605,0.9798285590277778
6,34,0.0006419442361220717,0.0007943916134536266,0.32896599769592283,0.3009114172723558,0.9801806037808642,0.9735785590277778
6,35,0.0006249776342883706,0.0008335423772223294,0.35937428577446645,0.23518227073881362,0.9799207899305555,0.9759982638888889
6,36,0.0006292987382039428,0.0008638535509817302,0.35129637644614703,0.21093600193659465,0.9799937307098765,0.9739800347222223
6,37,0.0006214306340552866,0.0008539108093827963,0.35807487861609755,0.22911878161960178,0.9796453028549382,0.982080078125
6,38,0.0006158161559142172,0.000672873982694,0.3650390407185496,0.43103860484229195,0.979859302662037,0.9832573784722223
6,39,0.0005994914099574089,0.0006813987856730819,0.39160051183936034,0.4039546118842231,0.9803065923996913,0.9680284288194444
6,40,0.0006035842816345394,0.0007096645422279835,0.37690762590478966,0.3807148085700141,0.979640480324074,0.9766059027777778
6,41,0.0005592948291450739,0.0007524266839027405,0.43063451257752783,0.3426126175456577,0.9800341194058642,0.975
6,42,0.0005529423942789435,0.0008014300256036222,0.4434859178684376,0.28695978191163807,0.9797875675154321,0.9826931423611112
6,43,0.0005548543995246291,0.000776017433963716,0.4408472576259095,0.3175726307762994,0.9801305700231482,0.9779025607638889
6,44,0.0005178169230930507,0.000682585290633142,0.47665919330385,0.4020283738772074,0.9802035108024691,0.9799207899305555
6,45,0.0005371366860345006,0.0006643594242632389,0.45664411297550905,0.4245950937271118,0.9798804012345679,0.9810438368055555
6,46,0.0005104076117277145,0.0007399035966955125,0.4840996091748461,0.3649881773524814,0.979811077353395,0.98115234375
6,47,0.0005001717363484204,0.0006607493269257247,0.4869913804678269,0.43335054450564914,0.9804157021604938,0.9778971354166667
6,48,0.00048149717622436583,0.0007017002208158374,0.513760420716839,0.3941965169376797,0.980079330632716,0.9797417534722223
6,49,0.00047968298895284534,0.0006658857455477118,0.5128007270671703,0.43128885295655994,0.9803415557484568,0.9797037760416667
6,50,0.0004692596849054098,0.0008403288666158915,0.5221165274396354,0.2505588028166029,0.980002772955247,0.9775119357638888
6,51,0.00046608209959231317,0.0008202362805604935,0.5309763147507185,0.29123044543796117,0.9806206597222222,0.9758355034722223
6,52,0.0004758556024171412,0.0005897537339478731,0.5165156461574413,0.5150636090172662,0.9799171730324074,0.9827419704861111
6,53,0.0004583431000355631,0.0007198512321338058,0.5403238281791592,0.36885865794287787,0.9806049864969136,0.9775770399305556
6,54,0.00047614757204428315,0.0006622405489906669,0.5257589934784689,0.43324198987748885,0.9804808063271605,0.9777452256944444
6,55,0.00047741064918227494,0.0006693289615213871,0.5201131735318972,0.4264265603489346,0.9804976851851852,0.9812662760416667
6,56,0.0004385292704682797,0.0006313861813396215,0.5569085050512244,0.4637345353762309,0.980882282021605,0.9794704861111111
6,57,0.0004246648750267923,0.0006522448966279626,0.5705766053847324,0.4592230333222283,0.9808292341820988,0.9804416232638888
6,58,0.0004168509622104466,0.0006182441720739007,0.5822734700308906,0.47966965436935427,0.9812650704089506,0.9804253472222222
6,59,0.00040313045610673726,0.0006901624728925526,0.591012915858516,0.412993335723877,0.981372371720679,0.9795193142361112
6,60,0.0003942756447941065,0.0007240214617922902,0.601536743140515,0.35027257998784384,0.9810191213348766,0.9801812065972222
6,61,0.00037389376666396856,0.0006339168176054955,0.6216691920786728,0.45559773180219865,0.9816219376929012,0.9823025173611111
6,62,0.00034893816336989403,0.0006198642076924443,0.6461594060615257,0.47637284331851537,0.9821680893132716,0.9825141059027778
6,63,0.0003442026791162789,0.0006478758295997977,0.6525411143714999,0.43610401815838284,0.9826455198688272,0.9839952256944444
6,64,0.00033407495357096195,0.0006510530365630984,0.660080169159689,0.44448970158894857,0.9826376832561728,0.9835394965277777
6,65,0.0003255279443692416,0.0006809002952650189,0.669499197712651,0.40340297619501747,0.9827642746913581,0.9842176649305555
6,66,0.00032518082298338413,0.0006532888510264456,0.6715736899846866,0.43806084791819255,0.9830596547067901,0.9826877170138889
6,67,0.0003267248976044357,0.000667087675537914,0.6677491045292513,0.4359228836165534,0.9829686294367284,0.981591796875
6,68,0.0003108462842646986,0.0007629268802702427,0.6814669713561917,0.3380970941649543,0.9832597897376543,0.9820583767361111
6,69,0.0003024008183274418,0.000671686080750078,0.6913528819143037,0.4192474603652954,0.9834912712191358,0.9838921440972223
6,70,0.0002870970347430557,0.00063188502099365,0.7039358805727076,0.4636524200439453,0.9839150511188272,0.9848470052083333
6,71,0.0002800658403430134,0.0006591856945306063,0.7120181488402095,0.4425953335232205,0.9840223524305556,0.9849717881944444
6,72,0.0002748755505308509,0.000657358206808567,0.71500784408899,0.4437640839152866,0.9842863859953703,0.9843315972222222
7,1,0.0636005625128746,0.03216002881526947,-98.96645769189905,-50.31458568572998,0.20487196180555556,0.9890245225694444
7,2,0.02479606494307518,0.017982520163059235,-37.881547917260065,-27.476293489668105,0.9926227334104938,0.993115234375
7,3,0.014328736811876297,0.01127212680876255,-20.979458410357253,-16.589619832568697,0.9932888454861111,0.9928548177083333
7,4,0.009384453296661377,0.007989512756466866,-13.19694635455991,-11.205870580673217,0.9930121527777778,0.9916341145833333
7,5,0.006825642194598913,0.005616146605461836,-9.075067456857658,-7.505787303712633,0.9921597704475309,0.9922417534722222
7,6,0.005208150018006563,0.005060344468802214,-6.529489652904464,-6.378298950195313,0.9914623119212963,0.9878038194444444
7,7,0.004215178545564413,0.003494743723422289,-4.987330168264884,-4.192753103044298,0.9882462866512346,0.9935112847222223
7,8,0.0034169373102486134,0.00304194213822484,-3.8181270896652597,-3.4160421397950915,0.988061222029321,0.9799479166666667
7,9,0.0028987147379666567,0.0025133241433650255,-3.033569228796311,-2.605871007177565,0.9857608748070987,0.9856662326388889
7,10,0.0025382789317518473,0.0024666618555784225,-2.4645345715828886,-2.3682594193352595,0.9851194782021605,0.9897840711805556
7,11,0.002242694143205881,0.002160019474104047,-2.0077417734228535,-2.0109717342588636,0.9845908082561728,0.9846842447916667
7,12,0.0020121168345212936,0.0018590064719319344,-1.6631149765885906,-1.5759486542807686,0.9841700424382716,0.987451171875
7,13,0.0018373839557170868,0.001916495501063764,-1.399955247360983,-1.521928564707438,0.983447265625,0.9756618923611111
7,14,0.0016968187410384417,0.001588195562362671,-1.1863118864871838,-1.1071962714195251,0.9820185908564815,0.9848253038194444
7,15,0.001544521888718009,0.0015293699689209461,-0.9563405319496437,-0.9897096514701843,0.9822398244598766,0.98486328125
7,16,0.0014380707871168852,0.0013314718380570412,-0.8019024442743372,-0.7336968845791287,0.9813904562114197,0.9843315972222222
7,17,0.0013650963082909584,0.001344497432000935,-0.6811812297797497,-0.6994303584098815,0.9817617910879629,0.9768229166666667
7,18,0.001292842673137784,0.0012241080403327942,-0.5857057979077469,-0.5329242693053351,0.9803439670138889,0.9851508246527778
7,19,0.0012197315227240324,0.0010925430105999112,-0.47225026554531524,-0.3793309900495741,0.9812837577160494,0.9744574652777778
7,20,0.0011516946833580732,0.001206711633130908,-0.38450411940798346,-0.4554082022772895,0.9799834828317902,0.9848036024305555
7,21,0.0011077026138082147,0.0012461664155125618,-0.30942397971212127,-0.4524781041675144,0.980737003279321,0.9769639756944445
7,22,0.0010793651454150677,0.000997592112980783,-0.27203625793810243,-0.22111368311776056,0.9794168354552469,0.9801052517361111
7,23,0.0010290779173374176,0.0010860092006623745,-0.2056751803115562,-0.2838917268647088,0.9801191165123457,0.9842447916666667
7,24,0.0009970162063837051,0.0009162435308098793,-0.14126696203961783,-0.05487681627273559,0.979908733603395,0.9773980034722223
7,25,0.0009301755344495177,0.0010472718859091401,-0.06209181429427347,-0.21979217264387343,0.9801378038194445,0.9825520833333333
7,26,0.000914699281565845,0.0009251864976249635,-0.03266282111038396,-0.08719652626249526,0.9798641251929012,0.9830457899305556
7,27,0.0008654027478769422,0.0010553250322118402,0.025777280919345807,-0.19889066616694132,0.9798122829861111,0.9827039930555556
7,28,0.0008862371323630214,0.0009588580578565598,0.015218186231307041,-0.061059282885657415,0.9796314380787037,0.9753580729166667
7,29,0.0008362589869648218,0.0009729317389428616,0.08205927316053414,-0.08606035179562038,0.9795765817901234,0.9803765190972222
7,30,0.0008267918601632118,0.0009262459352612495,0.0842212853608308,-0.0551119950082567,0.9796061197916667,0.9823784722222222
7,31,0.0007884029764682055,0.0008968973997980356,0.13586293135160282,0.003792989253997803,0.9803011670524692,0.980029296875
7,32,0.0007739495486021042,0.0007966485572978854,0.15822228134414296,0.12409654723273383,0.9795307677469136,0.9821506076388888
7,33,0.0007325859041884542,0.0007229384500533342,0.20660544442541806,0.20923064682218764,0.9796465084876543,0.9830023871527778
7,34,0.0007131006568670273,0.0007537526544183493,0.23092305881005745,0.18269671069251167,0.9797224633487654,0.9751085069444444
7,35,0.0007378623122349381,0.0007279133424162865,0.2091088620232947,0.2133832057317098,0.979320987654321,0.9796603732638889
7,36,0.0006910424563102424,0.0008280222536996007,0.26195514731936986,0.0913175000084771,0.979979865933642,0.9804470486111111
7,37,0.0006779824034310877,0.0007345117628574371,0.2795729008721717,0.2170184810956319,0.9794385368441358,0.9860134548611111
7,38,0.0006599066546186805,0.0006717027281410992,0.29795609800903883,0.2809975465138753,0.9801353925540124,0.9828721788194444
7,39,0.0006489081424660981,0.0006957259611226618,0.3196340672763777,0.2678543912039863,0.9798104745370371,0.9811360677083333
7,40,0.0006442002486437559,0.0007446219678968191,0.3208138539467329,0.21171417236328124,0.9797869646990741,0.9828287760416666
7,41,0.0006127359229139984,0.0007805433124303818,0.35480834422288116,0.18198872804641725,0.9805368682484568,0.9818739149305555
7,42,0.0006177609320729971,0.000856227008625865,0.35686871902442274,0.08538114627202352,0.9800130208333333,0.9800130208333333
7,43,0.0005965827731415629,0.0007713771192356944,0.3771718254795781,0.16280759970347086,0.9800708912037037,0.9831705729166667
7,44,0.0005975951789878309,0.0007299071876332164,0.37609571910198825,0.23456291887495254,0.980321662808642,0.9805555555555555
7,45,0.0005624776822514832,0.0007692856597714126,0.4187102460566862,0.1923729313744439,0.9801070601851852,0.978125
7,46,0.0005852660979144275,0.0007895510643720627,0.39096118962323223,0.153369140625,0.9791431568287037,0.9773817274305555
7,47,0.0005513004143722355,0.0006595285958610475,0.4293946816597456,0.32951718833711413,0.9800968123070988,0.98193359375
7,48,0.0005193765973672271,0.0006404176237992942,0.46282865589047656,0.3419850918981764,0.9807436342592593,0.985107421875
7,49,0.0005044442950747907,0.000644630054011941,0.47598917646172606,0.3434412333700392,0.9811011043595679,0.9827907986111111
7,50,0.0005087834433652461,0.0006833996740169823,0.4759346025961417,0.30536162588331434,0.9809944058641975,0.9832139756944445
7,51,0.0005026058061048388,0.0006385159213095903,0.48262384232179617,0.35389002561569216,0.9811764564043209,0.9841362847222223
7,52,0.0004969844594597816,0.0006153013673610985,0.4776947130391627,0.3764110379748874,0.9813157069830247,0.9832845052083333
7,53,0.0004861755296587944,0.0006314724450930953,0.4971672882268458,0.35989132192399764,0.9815845630787037,0.982470703125
7,54,0.00048123905435204506,0.0006457513081841171,0.5060903275454486,0.35301539103190105,0.981177662037037,0.9857313368055556
7,55,0.0004715014365501702,0.0006465124315582216,0.5087306184533201,0.35479732354482013,0.9816611207561728,0.9819118923611111
7,56,0.00046741263940930367,0.000625496031716466,0.5153992209905459,0.3734741555319892,0.9816020447530864,0.9817979600694444
7,57,0.0004702074220404029,0.0006154839647933841,0.5155994210714175,0.37376092937257555,0.9815152391975308,0.9819715711805556
7,58,0.0004558943910524249,0.0006864211172796786,0.5265051266293467,0.30454188187917075,0.9817913290895062,0.982958984375
7,59,0.0004499130300246179,0.0006283450638875365,0.5379678676157822,0.3648458653026157,0.9820246190200618,0.9834418402777778
7,60,0.0004381778708193451,0.0006546693621203303,0.5419928001768795,0.34941271013683745,0.982055965470679,0.9844889322916667
7,61,0.00041955261258408427,0.0006759605603292584,0.566055843712371,0.32940707471635605,0.9822693624614197,0.9840169270833333
7,62,0.00040836658445186913,0.0006241203518584371,0.5763560876434232,0.3775235440995958,0.9828510802469136,0.9848036024305555
7,63,0.0003974934224970639,0.0006123260245658457,0.5855536900920633,0.39231367641025117,0.9829734519675926,0.9856879340277778
7,64,0.00039352040039375424,0.0006879991851747036,0.5886635593426081,0.3209435635142856,0.9832356770833334,0.9844889322916667
7,65,0.00039314813329838216,0.0006317452061921358,0.5907540349312771,0.3725524928834703,0.9831018518518518,0.9839898003472223
7,66,0.0003817477263510227,0.0007120004156604409,0.6032525443736417,0.29734675884246825,0.9833948206018519,0.984130859375
7,67,0.00038605742156505585,0.0006506266072392464,0.5941702286402385,0.35778873761494956,0.983350212191358,0.9848036024305555
7,68,0.00037474886630661786,0.0006651571020483971,0.6084267580950702,0.3383937954902649,0.9835117669753086,0.9846896701388889
7,69,0.0003652460582088679,0.0006715729250572622,0.6163288525593134,0.3431496103604635,0.9835925443672839,0.9856011284722223
7,70,0.0003684822004288435,0.0006494619883596897,0.6167244266580653,0.35584712425867715,0.983763744212963,0.9859375
7,71,0.00037433113902807236,0.0006250307196751237,0.6062973702395403,0.3889267669783698,0.9836618682484568,0.986328125
7,72,0.00035316741559654474,0.0006219944334588945,0.6306731378590619,0.39003756443659465,0.9839898003472223,0.9863606770833333
7,73,0.0003449864452704787,0.000646387052256614,0.6375769681400723,0.3698232995139228,0.9840392312885803,0.9858344184027777
7,74,0.0003445973270572722,0.0006821718416176736,0.6370279457834032,0.33331660827000936,0.9842707127700617,0.9859971788194445
7,75,0.00033936582622118294,0.0006238708738237619,0.6436940770090362,0.3924845019976298,0.9843340084876543,0.9869520399305556
7,76,0.0003352814819663763,0.0006803127471357584,0.6455979762253938,0.3343126747343275,0.9844943576388889,0.9858995225694445
7,77,0.0003314222558401525,0.0006624593515880406,0.6501680799472479,0.35255119535658097,0.9845510223765432,0.9859537760416667
7,78,0.000329402566421777,0.0006782322889193892,0.6529606171596197,0.3346142397986518,0.9845546392746913,0.9864312065972223
7,79,0.00033059605630114675,0.0006618445040658116,0.6498729564525463,0.3535320732328627,0.9845654899691358,0.9865397135416667
7,80,0.0003231347072869539,0.0006851627258583903,0.657215717692434,0.3372906870312161,0.984742115162037,0.9864908854166666
7,81,0.00032010150607675314,0.0006693800678476691,0.6606700343850218,0.3513942254914178,0.9848433883101851,0.9867458767361111
7,82,0.0003207943227607757,0.0006615585880354047,0.6598146512184614,0.3602088477876451,0.984837360146605,0.9866427951388889
7,83,0.0003173583827447146,0.0006636388134211302,0.6637680371602376,0.3572912534077962,0.9848590615354939,0.9869411892361111
8,1,0.07522359490394592,0.03576982766389847,-115.22073995802137,-59.28865364922417,0.4660716869212963,0.9875054253472222
8,2,0.0282386913895607,0.020654141902923584,-42.2975974071173,-33.60533284081353,0.9887550636574074,0.991455078125
8,3,0.016559377312660217,0.012769635766744614,-24.12402524182826,-20.1902420785692,0.9902898341049383,0.9922254774305556
8,4,0.010738493874669075,0.008677083998918533,-15.118905089813985,-13.133552900950114,0.9912254050925926,0.9920952690972222
8,5,0.007641035132110119,0.00622322503477335,-10.315522146224975,-9.064331801732381,0.9903507185570988,0.9926161024305555
8,6,0.005796337500214577,0.004932904615998268,-7.399115651625174,-6.7760131412082245,0.9902012201003086,0.9916015625
8,7,0.004624734632670879,0.00394448172301054,-5.613864680278448,-5.116521008809408,0.9887538580246914,0.9932345920138889
8,8,0.0038330391980707645,0.0033575291745364666,-4.38017769213076,-4.185158194435967,0.9882685908564814,0.9899685329861111
8,9,0.0032804699148982763,0.002990742214024067,-3.5409885147471485,-3.370874057875739,0.9867368344907408,0.9903103298611111
8,10,0.0028492887504398823,0.0024240443017333746,-2.8624816685547065,-2.558924025959439,0.9844648196373457,0.9893663194444444
8,11,0.0024619954638183117,0.002354833297431469,-2.280687583817376,-2.3973184294170804,0.9841272424768519,0.9863389756944444
8,12,0.0022075786255300045,0.0020245688501745462,-1.92109471294615,-1.8701855844921536,0.9835798852237654,0.9815375434027778
8,13,0.0020038418006151915,0.0016022907802835107,-1.6029378477437997,-1.2852876636717054,0.9827196662808642,0.9894639756944444
8,14,0.001792609691619873,0.0015940135344862938,-1.3310982356836767,-1.2284036080042522,0.982470100308642,0.9850314670138889
8,15,0.0016704187728464603,0.001441704691387713,-1.1246729815447771,-0.9794261945618523,0.9819649402006173,0.9863552517361112
8,16,0.0015316549688577652,0.0016876902664080262,-0.932981299912488,-1.20608059697681,0.9823061342592593,0.9781467013888889
8,17,0.001448705093935132,0.0013513034209609032,-0.796725786615301,-0.7446063624487983,0.9814308449074074,0.97998046875
8,18,0.001350951031781733,0.001148213748820126,-0.6614068452222848,-0.5316788911819458,0.9811662085262346,0.9880425347222223
8,19,0.0012856279499828815,0.0011383064556866884,-0.5611887880313544,-0.4623136944240994,0.9819402247299382,0.9827745225694444
8,20,0.0012125637149438262,0.0010465576779097319,-0.4480711242299021,-0.32598488330841063,0.9817039207175926,0.9807779947916667
8,21,0.0011432983446866274,0.0009280444355681539,-0.3588848364206008,-0.2097095357047187,0.9810227382330247,0.9822536892361111
8,22,0.001106979325413704,0.0009608338586986065,-0.310451775274159,-0.16517528295516967,0.981201171875,0.9824164496527777
8,23,0.001040059607475996,0.0012099859304726124,-0.21171441755177062,-0.44595108297136093,0.9811854986496914,0.9775173611111111
8,24,0.001025888603180647,0.0010443637147545815,-0.16982855237560507,-0.2565278861257765,0.9806254822530864,0.97802734375
8,25,0.0009889956563711166,0.0007941006915643811,-0.12439686942983556,0.01655801402197944,0.9807104793595679,0.9818142361111111
8,26,0.0009316112846136093,0.0008406630950048566,-0.05072068903181288,-0.0013422952757941352,0.9806942033179012,0.9783528645833334
8,27,0.0008934263605624437,0.0011330775450915098,-0.006424988640679253,-0.2669043779373169,0.9809745129243828,0.9735894097222222
8,28,0.0008999464916996658,0.0007152936886996031,-0.01361985280189985,0.14562418990665013,0.9799027054398148,0.9815049913194445
8,29,0.0008522546850144863,0.0008503026328980923,0.054511229344356205,0.016292276647355823,0.9807406201774691,0.9790744357638889
8,30,0.0008287547971121967,0.0009160232730209827,0.08437759405300942,-0.06938652992248535,0.9799931278935186,0.9778103298611112
8,31,0.0008216643473133445,0.0007704881718382239,0.10308353856757835,0.10724480019675361,0.9804542824074074,0.9771592881944444
8,32,0.0008005449781194329,0.0006084188353270292,0.1253863196314117,0.30221941736009383,0.979565128279321,0.98515625
8,33,0.0007678152760490775,0.0007141169626265764,0.16364767492553334,0.18294659852981568,0.9796543451003087,0.9822048611111112
8,34,0.0007430961122736335,0.0007406594231724739,0.2012500849770911,0.17990941471523708,0.9806670765817901,0.98125
8,35,0.0007156151114031672,0.0005892454646527767,0.223280832649749,0.32755977445178563,0.9798611111111111,0.9806803385416667
8,36,0.0007032891153357923,0.0005727371899411082,0.24804884430802898,0.3381120999654134,0.9796905140817901,0.9759006076388889
8,37,0.0007051517022773623,0.0005419879453256726,0.24540951443307193,0.38970686727099946,0.9799985532407407,0.9803331163194444
8,38,0.0006858931155875325,0.0005152461817488074,0.2747592565454083,0.4249827120039198,0.9803674768518519,0.9809787326388889
8,39,0.0006763585843145847,0.0005339386407285929,0.283886746123985,0.4149303184615241,0.9795862268518518,0.9791341145833333
8,40,0.0006443915772251785,0.0006219174829311669,0.3175808102996261,0.3190647496117486,0.9799195842978395,0.9753526475694444
8,41,0.0006271802121773362,0.0005139590357430279,0.3373890847335627,0.4455958326657613,0.9797833478009259,0.9785698784722222
8,42,0.0006421334110200405,0.0005710421828553081,0.32960948752768243,0.3738945788807339,0.9799364631558642,0.9833224826388889
8,43,0.0006163713987916708,0.0004918056656606495,0.35703156450648366,0.466698780324724,0.9801474488811729,0.9835828993055555
8,44,0.0005834799376316369,0.0005067079910077155,0.3866484171078529,0.45541617737876045,0.9799461082175925,0.9821343315972222
8,45,0.0005986043252050877,0.0005158490384928882,0.37995074310420474,0.44482865466011895,0.9796826774691358,0.9758463541666667
8,46,0.0005768185365013778,0.0005425959825515747,0.4030751484411734,0.421615907880995,0.9800757137345679,0.9806911892361111
8,47,0.0005668260855600238,0.0006446517072618008,0.41323034866356556,0.2914608611000909,0.9800998263888889,0.9802137586805556
8,48,0.0005770032294094563,0.0004945889231748879,0.39708137497489837,0.4767009324497647,0.9802095389660493,0.9810872395833333
8,49,0.0005526436725631356,0.0004908153787255287,0.43532037764419745,0.4746721929974026,0.9801848234953704,0.9824110243055556
8,50,0.0005335814785212278,0.000564819376450032,0.4521807685310458,0.3986333237753974,0.9803379388503086,0.9763888888888889
8,51,0.0005346520338207483,0.0005125865573063493,0.4415565792425179,0.47541762590408326,0.9802824797453704,0.9785753038194445
8,52,0.0005157769192010164,0.0004947880515828729,0.47175536008528723,0.501792147424486,0.9802366657021605,0.9814615885416667
8,53,0.0004955126205459237,0.0004367639194242656,0.4924961516886582,0.5501019398371378,0.9805055217978395,0.9813802083333333
8,54,0.0004933555610477924,0.0005123973824083805,0.4901516815762461,0.48824884361690946,0.9809184510030864,0.9818142361111111
8,55,0.0005132378428243101,0.0005083123687654734,0.4687950118088428,0.4554861823717753,0.9807195216049382,0.97744140625
8,56,0.0005210192175582051,0.0004632100462913513,0.46537657843695746,0.5303165555000305,0.9800081983024691,0.9817599826388889
8,57,0.0004732886445708573,0.0005930011975578964,0.5205269135074851,0.43871909115049573,0.9807978877314815,0.981201171875
8,58,0.00046965363435447216,0.0005389460129663348,0.5235505654488081,0.45641156567467583,0.9813952787422839,0.9778428819444445
8,59,0.00045139307621866465,0.00044591407640837133,0.5447930386037002,0.5561716622776456,0.9810420283564815,0.9813693576388889
8,60,0.0004393167910166085,0.00042211863910779357,0.5504055773770368,0.5828660898738437,0.981055893132716,0.9834689670138889
8,61,0.0004302487359382212,0.0004231093334965408,0.564061149255729,0.5799925181600782,0.9814603829089507,0.9817274305555556
8,62,0.0004260149726178497,0.0004497474292293191,0.5679557588365343,0.5577817532751296,0.981688850308642,0.9816677517361111
8,63,0.0004279068671166897,0.0004482717777136713,0.5671267540366561,0.5739288647969564,0.9815833574459877,0.9834852430555555
8,64,0.00041090912418439984,0.0004869243421126157,0.5859719002688373,0.5065292716026306,0.9816472559799383,0.9811848958333333
8,65,0.00041695343679748476,0.00044486799743026495,0.5722961038718989,0.5533336043357849,0.9820354697145062,0.9799750434027777
8,66,0.00040589430136606097,0.00044900382636114955,0.5914240491243057,0.5674021244049072,0.9817587770061729,0.9822591145833334
8,67,0.00039615071727894247,0.0004976280033588409,0.5985723270310296,0.5196968767378065,0.982299503279321,0.9798882378472222
8,68,0.0003924643970094621,0.00043567491229623556,0.6050310552856069,0.5729590879546271,0.9818504050925926,0.9800021701388889
8,69,0.0003669298894237727,0.0004081592778675258,0.6281979660928986,0.6065582659509446,0.982544849537037,0.9822808159722223
8,70,0.00033383420668542385,0.0004144759150221944,0.6615327062430205,0.6049485193358527,0.983130787037037,0.9830512152777777
8,71,0.0003246671985834837,0.00041770547977648675,0.6698705308231306,0.6072358674473233,0.9834502797067901,0.9837348090277778
8,72,0.00031875522108748555,0.000446677760919556,0.6779516720477445,0.5781438271204631,0.9835660204475308,0.984375
8,73,0.0003272479516454041,0.000440803705714643,0.6632659174777843,0.5898980445331997,0.9837311921296297,0.9841091579861111
8,74,0.00031795506947673857,0.0004476528847590089,0.6758839664635835,0.5796458151605394,0.983958453896605,0.9837185329861111
8,75,0.00031464238418266177,0.00044017084292136133,0.6781336606284718,0.5898072772555881,0.9840241608796296,0.9838161892361111
8,76,0.00030553952092304826,0.0004194619250483811,0.6895747876461641,0.6072081910239325,0.984156780478395,0.9857801649305555
8,77,0.0003101785550825298,0.00042100681457668543,0.6866643305178042,0.6088699526256985,0.9842598620756173,0.9851779513888889
8,78,0.0002846094430424273,0.0004288171185180545,0.7108851448989209,0.6069509691662258,0.9845160590277777,0.9857259114583333
8,79,0.00027736861375160515,0.00043311523040756583,0.7149735670030853,0.6040468335151672,0.9847831066743827,0.9868001302083333
8,80,0.0002709215914364904,0.0004432119312696159,0.7210150393438928,0.593235068851047,0.9850182050540124,0.9865288628472222
8,81,0.00026627673651091754,0.0004446296370588243,0.7265506207207103,0.589033944076962,0.9850622106481481,0.9866753472222223
8,82,0.0002640231396071613,0.000429517705924809,0.7264852545879505,0.6087471604347229,0.9851586612654321,0.9873806423611111
8,83,0.00026003114180639386,0.00047187702148221433,0.7319776636582834,0.5675313512484232,0.9852683738425926,0.9859592013888889
8,84,0.0002593150711618364,0.00045424606651067734,0.7329062901897195,0.5905802210172018,0.9853407118055556,0.9871039496527778
8,85,0.0002566167968325317,0.0004321371088735759,0.7344259387181129,0.6086687220467462,0.985523967978395,0.9873426649305556
8,86,0.0002480372495483607,0.00046988605754449964,0.7418916198942397,0.5770881162749396,0.9856005256558642,0.9873589409722222
8,87,0.00024571726680733263,0.00045322341611608863,0.7450539892102466,0.5902130564053854,0.9856379002700617,0.9876953125
8,88,0.00024207436945289373,0.0004682551370933652,0.7480662927215482,0.5815064880583022,0.9857620804398148,0.9878255208333333
8,89,0.0002395095070824027,0.0004617173981387168,0.750628145388615,0.5846624533335368,0.9858295958719135,0.9877170138888889
9,1,0.07074835896492004,0.03868936374783516,-106.31972282080002,-64.6896712621053,0.0019874855324074074,0.0021158854166666665
9,2,0.030690493062138557,0.02398674190044403,-46.557306747672,-39.49104963938395,0.4284372588734568,0.9920572916666667
9,3,0.018732639029622078,0.01394273154437542,-27.80995228084517,-22.339427428775362,0.9940212673611111,0.9934244791666667
9,4,0.011293439194560051,0.008884203620254993,-16.14167675971985,-13.639647197723388,0.9933298369984568,0.9921223958333333
9,5,0.007574840914458036,0.006257307715713978,-10.323731194013432,-9.097159512837727,0.9925148292824074,0.9916449652777778
9,6,0.005560536868870258,0.004958313889801502,-7.207915574532968,-6.647413237889608,0.991943359375,0.9909125434027778
9,7,0.004390506539493799,0.004154941998422146,-5.317896857968083,-5.217156320148044,0.9911669319058642,0.9901041666666667
9,8,0.0035818058531731367,0.003292580135166645,-4.090276476188942,-3.901879901356167,0.9895586178626543,0.9868869357638889
9,9,0.003045151475816965,0.0027437913231551647,-3.225525861021913,-3.0451180696487428,0.9871262538580247,0.9872992621527777
9,10,0.0025993469171226025,0.002637798897922039,-2.5821936507283905,-2.6589989185333254,0.9860315393518518,0.9809678819444444
9,11,0.002313043922185898,0.002378450706601143,-2.12172575129403,-2.269016973177592,0.9842936197916666,0.9897569444444444
9,12,0.0020415582694113255,0.0022559287026524544,-1.729793335037467,-1.9444421529769897,0.9841742621527778,0.9805067274305556
9,13,0.0018779761157929897,0.0016298601403832436,-1.453958464551855,-1.2396060307820638,0.9828064718364198,0.9852484809027777
9,14,0.0016893434803932905,0.001981200650334358,-1.1824818906960664,-1.5010568857192994,0.9829999758873457,0.9858181423611111
9,15,0.001585535705089569,0.0015174539294093847,-1.0149328926463186,-0.9275337709320917,0.9824116271219135,0.985546875
9,16,0.001469135982915759,0.0014407815178856254,-0.8441058013174269,-0.8636815230051677,0.9824303144290123,0.9798231336805555
9,17,0.001399847213178873,0.001308889826759696,-0.7305488496650884,-0.6732620941268073,0.9826455198688272,0.9739203559027778
9,18,0.0012875436805188656,0.0011983758304268122,-0.5783588017946408,-0.4563207162751092,0.9815785349151235,0.9873372395833333
9,19,0.001239360892213881,0.0011960903648287058,-0.5119610021143783,-0.44789163404040866,0.9818642698688271,0.9814507378472223
9,20,0.0011566629400476813,0.0012869881466031075,-0.38675846803335495,-0.4681675222184923,0.9813639322916666,0.9773980034722223
9,21,0.0011475710198283195,0.0011073981877416372,-0.36238626962826576,-0.3111896700329251,0.9820173852237655,0.9782172309027778
9,22,0.0010676570236682892,0.0010979364160448313,-0.255219347683,-0.24727908107969496,0.9808491271219136,0.9858181423611111
9,23,0.0010130200535058975,0.001091735903173685,-0.18047738045821954,-0.2156150711907281,0.9812638647762346,0.9819498697916667
9,24,0.001002266420982778,0.0009553716517984867,-0.14822038132467388,-0.07529295682907104,0.981447120949074,0.9820692274305556
9,25,0.000950469053350389,0.0011060226242989302,-0.0933003193066444,-0.2014025065633986,0.981227092978395,0.976904296875
9,26,0.0009398122201673687,0.0008506615413352847,-0.07050813701417712,0.0484785517056783,0.9814923321759259,0.9846571180555556
9,27,0.000912609277293086,0.0009838673286139965,-0.02940310975651682,-0.04958926969104343,0.9814977575231482,0.9849175347222222
9,28,0.0008603009628131986,0.0010895300656557083,0.03350925151212716,-0.1432638684908549,0.9814416956018519,0.9800075954861112
9,29,0.0008550556958653033,0.0008113749790936708,0.04920414406576274,0.10957503451241388,0.9813313802083333,0.9803765190972222
9,30,0.0008215174311771989,0.0008482768898829818,0.0937105146455176,0.11160021622975667,0.981322337962963,0.9785590277777778
9,31,0.0007771996315568686,0.0009573354618623853,0.1450499410982485,0.020114099979400633,0.9814139660493827,0.9779622395833333
9,32,0.0007781267631798983,0.001007670653052628,0.14814363423688912,-0.01399770180384318,0.9811945408950618,0.9795355902777778
9,33,0.0007663002470508218,0.0009543776977807283,0.16517865319310884,0.02079271078109741,0.9808877073688271,0.9832736545138889
9,34,0.0007438136963173747,0.0007802336476743221,0.19598940345976087,0.23557896746529472,0.9813295717592593,0.9813422309027777
9,35,0.0006940787425264716,0.000804564100690186,0.25558093094531403,0.15951700078116524,0.981126422646605,0.9838812934027777
9,36,0.0007246865425258875,0.0006738694501109421,0.21838575778184113,0.2932539224624634,0.9811487268518518,0.9828559027777778
9,37,0.0006933770491741598,0.0007186552975326777,0.25502891849588466,0.24909087154600357,0.9809003665123457,0.9761176215277778
9,38,0.0006644511595368385,0.0006495934212580323,0.279562775293986,0.3581528345743815,0.9809009693287037,0.9791015625
9,39,0.0006508644437417388,0.0007269535562954843,0.30988440204549716,0.26021332343419395,0.981006462191358,0.9761393229166667
9,40,0.0006247888668440282,0.0009358306415379047,0.3404810572847908,0.1145422723558214,0.9804217303240741,0.9872938368055556
9,41,0.0006166393868625164,0.0007237244280986488,0.3484416330302203,0.2910879015922546,0.9810426311728395,0.9786729600694445
9,42,0.0006123705534264445,0.0006662039086222649,0.3567265659202764,0.3441627701123556,0.9810251494984568,0.9855197482638889
9,43,0.0005819659563712776,0.0007955483160912991,0.37869442583602153,0.15955751604504056,0.9809769241898149,0.9819064670138888
9,44,0.0005667427321895957,0.0007490242714993656,0.4080405843110732,0.28425690995322334,0.9810649353780864,0.9769422743055556
9,45,0.0005624991026706994,0.0007958818459883332,0.41232700833567865,0.2693621370527479,0.9809039834104938,0.982861328125
9,46,0.0005620740121230483,0.0007159454980865121,0.4109530314987088,0.31599307457605996,0.9811981577932098,0.9777560763888888
9,47,0.0005207474459894001,0.0006807834142819047,0.45234142983401265,0.3511592189470927,0.9812204619984568,0.9815104166666667
9,48,0.000489094469230622,0.0007893100846558809,0.48473845661422355,0.24992408487531875,0.9816737798996914,0.9779296875
9,49,0.0004831475962419063,0.0007169657619670033,0.4893044097923938,0.3164597060945299,0.981445915316358,0.9822211371527778
9,50,0.0004825132491532713,0.0006398226250894368,0.4917760161705959,0.3812412195735507,0.9816930700231481,0.9806749131944444
9,51,0.00047604794963262975,0.0006019660504534841,0.49945518293498475,0.4099866681628757,0.9817889178240741,0.9816840277777777
9,52,0.0004646263550966978,0.0006866717012599111,0.5055955854462989,0.3354666789372762,0.9816255545910494,0.977734375
9,53,0.0004546721465885639,0.000585822097491473,0.5245477819148405,0.4453412241405911,0.9819552951388889,0.9844889322916667
9,54,0.0004456759779714048,0.0006732169422321022,0.5318701875062637,0.373288639386495,0.9815948109567901,0.9812608506944445
9,55,0.0004490960855036974,0.0005569672794081271,0.5269898745748732,0.4772362960709466,0.9820252218364197,0.9835015190972223
9,56,0.000436717935372144,0.0005502806743606925,0.5381098785518128,0.466264980369144,0.9818021797839506,0.9832790798611111
9,57,0.00043738866224884987,0.000627900124527514,0.5397165285216438,0.42203230328030056,0.9819866415895062,0.9805609809027778
9,58,0.0004297132254578173,0.0006878545973449945,0.54740369187461,0.3206249435742696,0.9822458526234568,0.9832899305555556
9,59,0.0004372302792035043,0.0006443058373406529,0.5348964732370259,0.35019167529212103,0.9825725790895061,0.9804850260416667
9,60,0.00043268498848192394,0.0005907086306251585,0.545127256711324,0.46299337413575914,0.9818437741126543,0.9797200520833333
9,61,0.00041853595757856965,0.0005933736683800817,0.5566465009877711,0.44715591669082644,0.9823929398148148,0.9816351996527778
9,62,0.0004041252250317484,0.0005653316620737314,0.5720358617511796,0.4746288273069594,0.9826256269290123,0.9825629340277777
9,63,0.00039523691521026194,0.0007097105262801051,0.5833037639841622,0.3452326363987393,0.9828456548996913,0.9846625434027778
9,64,0.0004044027591589838,0.0005906292935833335,0.5757417611133905,0.42685032420688207,0.9829234182098765,0.9808539496527777
9,65,0.0003747458104044199,0.0005405733827501535,0.6051171289549934,0.4927947746382819,0.983277271412037,0.9840766059027778
9,66,0.0003587845712900162,0.0005612877430394292,0.6167615760991603,0.4742854489220513,0.9835551697530864,0.9837565104166667
9,67,0.00035293231485411525,0.000642813858576119,0.6221885021821952,0.4053302592701382,0.9837553047839506,0.9837348090277778
9,68,0.0003482635656837374,0.0005754982703365386,0.6253190757315836,0.4443749401304457,0.9839096257716049,0.9846408420138889
9,69,0.00034087192034348845,0.0005995422252453864,0.633903878117785,0.4352061020003425,0.9839439863040124,0.9838650173611111
9,70,0.000342297280440107,0.0005704378127120435,0.6336326531421991,0.44056858354144623,0.984303264853395,0.9834798177083334
9,71,0.00033583230106160045,0.0005960110574960709,0.639403404277048,0.42153006924523245,0.9842110339506173,0.9841688368055556
9,72,0.0003331471234560013,0.0005487876478582621,0.6403288455657017,0.5008489317364163,0.9844792872299383,0.9851236979166667
9,73,0.0003220342914573848,0.0005566903273575008,0.6558324757917428,0.48620717260572643,0.9845040027006173,0.9866319444444445
9,74,0.00031257575028575957,0.0005637015565298498,0.663134792998985,0.48030776182810464,0.9847650221836419,0.9858018663194444
9,75,0.0003074028645642102,0.0005495050572790205,0.6657739290484675,0.48608299493789675,0.9849518952546297,0.9859809027777777
9,76,0.00029740179888904095,0.000547764590010047,0.676993719883907,0.5084506485197279,0.9850399064429012,0.9858452690972223
9,77,0.00029299993184395134,0.000570618431083858,0.6806916257481516,0.47509910265604655,0.985204475308642,0.985791015625
9,78,0.0002914905780926347,0.0005664550699293613,0.6818129493866438,0.4786323348681132,0.985278621720679,0.9859375
9,79,0.0002894114295486361,0.0005710463738068938,0.6849785835654647,0.4826861831876967,0.9853057484567901,0.9856662326388889
9,80,0.0002884873538278043,0.0005577668780460954,0.6852854326919273,0.48809082905451456,0.9854636863425926,0.9868706597222222
9,81,0.00028391077648848295,0.0005660115857608616,0.6896522561709086,0.47965548303392197,0.985520953896605,0.9859646267361111
9,82,0.000277817714959383,0.0005579555872827768,0.6971396097430477,0.5041048738691541,0.9855559172453704,0.9865234375
9,83,0.0002739102637860924,0.0005629592342302203,0.6999670484919607,0.48850180175569324,0.9856710551697531,0.9864963107638889
9,84,0.0002716477320063859,0.0005694173160009086,0.702000590754144,0.4834548897213406,0.9857801649305555,0.9866319444444445
9,85,0.00027029780903831124,0.0005610455991700292,0.7030518893842344,0.49407865471310086,0.9858512972608025,0.986767578125
10,1,0.05002855509519577,0.01911151595413685,-83.40445368142775,-27.556159273783365,0.4006377797067901,0.9945909288194444
10,2,0.01513523980975151,0.011079538613557816,-22.25509411552806,-15.481144597795275,0.9942539544753086,0.9943088107638889
10,3,0.009030846878886223,0.006875007878988981,-12.668024325076445,-9.095457490285238,0.9928403501157408,0.9932345920138889
10,4,0.005980734713375568,0.004884087014943361,-7.851012932224038,-5.974682421154446,0.9915159625771605,0.9912868923611111
10,5,0.004307416267693043,0.0037764436565339565,-5.175632289898249,-4.218432511223687,0.990355541087963,0.99013671875
10,6,0.0033510285429656506,0.0027725552208721638,-3.6588713657708816,-2.794584774971008,0.989231891396605,0.9912651909722222
10,7,0.002692798851057887,0.002306304406374693,-2.6690069013171724,-2.09916390048133,0.9864565248842593,0.9922960069444444
10,8,0.002262482652440667,0.002002524910494685,-2.005455043286453,-1.627273310555352,0.9864788290895061,0.9830674913194445
10,9,0.001931843813508749,0.0021317654754966497,-1.528627778718501,-1.736107521586948,0.9852804301697531,0.9747124565972223
10,10,0.001727865543216467,0.0015259087085723877,-1.2129002543143284,-0.9770468301243252,0.9835063416280864,0.9858995225694445
10,11,0.0015379668911918998,0.0014306444209069014,-0.9452340770650793,-0.816597855091095,0.9832423080632716,0.9841579861111112
10,12,0.001415824517607689,0.0016845278441905975,-0.7603209959136115,-1.0809452970822653,0.9829565731095679,0.9764973958333333
10,13,0.001312880776822567,0.0013298280537128448,-0.607677439995754,-0.6193699677785237,0.9813132957175926,0.982861328125
10,14,0.001213545212522149,0.0010552691528573632,-0.44955508635367875,-0.28009625275929767,0.9823826919367284,0.9792534722222223
10,15,0.0011380945798009634,0.0010964327957481146,-0.3446194701724582,-0.362110345893436,0.9819769965277778,0.9836697048611112
10,16,0.001101879170164466,0.0011009529698640108,-0.2852911949157715,-0.31420698828167387,0.98173828125,0.9769259982638889
10,17,0.0010146371787413955,0.0009343883721157908,-0.16831942752555565,-0.08833805587556627,0.9813247492283951,0.9817654079861111
10,18,0.0009647962870076299,0.0011412850581109524,-0.09063648014892767,-0.3364978591601054,0.9808521412037037,0.9791720920138889
10,19,0.000954761344473809,0.0010842315386980772,-0.06798997514041853,-0.2593087077140808,0.9819715711805556,0.9754231770833334
10,20,0.000923211919143796,0.000878496328368783,-0.023294983528278492,-0.024702317184872098,0.980446445794753,0.9780219184027777
10,21,0.0008733077556826174,0.0007083816453814507,0.039352040820651586,0.1921476576063368,0.9805031105324075,0.9811197916666666
10,22,0.0008492975030094385,0.0007899445481598377,0.06793676923822474,0.096349212858412,0.9812144338348765,0.981982421875
10,23,0.0008000322850421071,0.00078250328078866,0.1290202467529862,0.11230928897857666,0.9802035108024691,0.9841688368055556
10,24,0.0008249399252235889,0.0008780545322224498,0.10242871708340115,0.020373092757331,0.9810372058256173,0.9761990017361111
10,25,0.0007744136382825673,0.0006807773606851697,0.17537505405920523,0.23275824520323013,0.9806562258873457,0.9748643663194444
10,26,0.0007857219898141921,0.0005998432170599699,0.1561236842179004,0.33759204281700983,0.9802752459490741,0.97890625
10,27,0.000718339579179883,0.0006522102048620582,0.2349510947863261,0.2825271911091275,0.980248722029321,0.9821668836805556
10,28,0.0006965351640246809,0.0007263856823556125,0.2671126833668462,0.20360176298353408,0.9802933304398148,0.9803385416666667
10,29,0.0006834240630269051,0.0006900186417624354,0.2801393495665656,0.23006183041466607,0.9804651331018519,0.9787434895833333
10,30,0.0006619363557547331,0.000719155534170568,0.3051166859673865,0.2121727599038018,0.9805670090663581,0.9738172743055555
10,31,0.000658349716104567,0.0005440014647319913,0.3111489020747903,0.41430916123920014,0.9798665364583333,0.9815755208333333
10,32,0.0006370584014803171,0.0006882921443320811,0.3282723682898062,0.2643639471795824,0.9803735050154321,0.9787055121527778
10,33,0.0006388801848515868,0.0006671455921605229,0.3431239390078886,0.25932961967256335,0.9804615162037037,0.9748318142361111
10,34,0.0006147522944957018,0.0006555827567353845,0.36099608959975066,0.3081574453247918,0.9798822096836419,0.97822265625
10,35,0.0006217708578333259,0.000615712022408843,0.3604019825841174,0.3380285541216532,0.9801094714506173,0.9796712239583333
10,36,0.0005961128626950085,0.000561521272175014,0.38493415764820427,0.390628186861674,0.9803994261188271,0.9819118923611111
10,37,0.0005812342278659344,0.0005508647300302982,0.40874576068218843,0.40222001473108926,0.9805495273919753,0.9794162326388889
10,38,0.0005612039822153747,0.0005628077778965235,0.42240040272842216,0.4120161533355713,0.9803897810570987,0.9834743923611111
10,39,0.0005548063199967146,0.0005141650326550007,0.4378035236288,0.45328313377168444,0.9803638599537037,0.9815646701388889
10,40,0.0005210521630942822,0.0005665081553161144,0.46708373346446475,0.39566767083273996,0.9806224681712963,0.9797092013888888
10,41,0.000542808324098587,0.0006092613912187517,0.44795801095020626,0.36666418313980104,0.9809510030864198,0.9762586805555555
10,42,0.0005255771684460342,0.0007661311537958682,0.4601885864764084,0.16455821858512032,0.9807556905864198,0.9691134982638889
10,43,0.0005472480552271008,0.0007676068926230073,0.4491084631578422,0.13988698323567708,0.9795259452160494,0.9779568142361111
10,44,0.0005243133055046201,0.0005723518552258611,0.4720681381814274,0.39416778617435033,0.9808696228780864,0.9835286458333333
10,45,0.0005005228449590504,0.00046295500942505896,0.49733077375977125,0.5171354611714681,0.9809148341049383,0.9816623263888888
10,46,0.0004828792589250952,0.0006355028599500656,0.5143104620921759,0.32052455610699127,0.9812692901234568,0.9766004774305556
10,47,0.0004901066422462463,0.0005056436639279127,0.5002844157042327,0.4672310723198785,0.9807418258101852,0.9795518663194445
10,48,0.0004862135392613709,0.0005094967782497406,0.5076872157461849,0.4722058931986491,0.9809461805555556,0.9814236111111111
10,49,0.00047961677773855627,0.0005443592090159655,0.5168685970483002,0.4238806817266676,0.9814085407021605,0.978759765625
10,50,0.00047420430928468704,0.0005320621421560645,0.5164640846075835,0.43175633748372394,0.9812192563657407,0.9808865017361111
10,51,0.0004661372222471982,0.0005390960723161697,0.5284081310401728,0.43254578510920205,0.9813597125771605,0.9806532118055555
10,52,0.0004443686921149492,0.000564694229979068,0.5517124145119279,0.4099841554959615,0.9814784673996914,0.9802408854166667
10,53,0.00043047068174928427,0.000497405999340117,0.5682024889522128,0.4706366976102193,0.9816773967978395,0.9809733072916667
10,54,0.0004087231063749641,0.0005071561899967492,0.5874515380388424,0.4741298450364007,0.9819902584876543,0.9822591145833334
10,55,0.00039069136255420744,0.0005269101820886135,0.6090317471527759,0.4500785814391242,0.9823429060570987,0.9816840277777777
10,56,0.00038179484545253217,0.00048217695439234376,0.6124484584655291,0.5037994199328952,0.9823694299768518,0.9843695746527777
10,57,0.0003811761853285134,0.0005231465329416096,0.6160335783605222,0.4543307847446866,0.9828137056327161,0.9826334635416667
10,58,0.00037993735168129206,0.0005210045492276549,0.6199877378381329,0.45200876394907635,0.9826069396219136,0.9828287760416666
10,59,0.0003698082873597741,0.0005235901917330921,0.6273858878347609,0.4564481046464708,0.9830421730324074,0.9818305121527777
10,60,0.0003629165585152805,0.0004917961778119206,0.632715830390836,0.4842366351021661,0.9829517505787037,0.9815972222222222
10,61,0.00034584925742819905,0.0004941545194014907,0.6508038659154632,0.4785990675290426,0.982981891396605,0.984423828125
10,62,0.00033351086312904954,0.00048723697545938194,0.6623022314942913,0.5023905012342665,0.983617259837963,0.9836046006944444
10,63,0.0003223380190320313,0.0004929551505483687,0.6722335769806379,0.49315241707695856,0.9837559076003086,0.9836805555555556
10,64,0.0003137949388474226,0.0005210295785218477,0.6812319852687695,0.4586329115761651,0.9838457272376543,0.9840277777777777
10,65,0.0003090644022449851,0.0005117204855196178,0.6852496800599275,0.46809666289223567,0.98408203125,0.9847493489583333
