Fold,Epoch,Train_MSE,Val_MSE,Train_R2,Val_R2,Train_AuxAcc,Val_AuxAcc
1,1,0.4620376229286194,0.3829917907714844,-720.6827780264396,-554.2615295410156,0.27827269000771604,0.40011393229166664
1,2,0.329208105802536,0.2740725874900818,-520.8392073831441,-397.0747368706597,0.49453125,0.5749403211805556
1,3,0.23169280588626862,0.1880933940410614,-365.2893573337131,-271.61464131673176,0.6050178433641975,0.6233940972222223
1,4,0.15629597008228302,0.1245577484369278,-244.68809077415938,-179.43882463243273,0.6267065731095679,0.625048828125
1,5,0.10250867903232574,0.0811474472284317,-159.87821891219528,-116.58353101942274,0.6226375626929013,0.6164008246527778
1,6,0.06526051461696625,0.04885973036289215,-102.69483149257707,-69.86837467617458,0.6141179591049383,0.6051215277777777
1,7,0.041160039603710175,0.03374383971095085,-63.848764275915826,-47.9256010055542,0.5986683786651235,0.5905056423611111
1,8,0.029303237795829773,0.024917282164096832,-45.38634674284193,-35.14726744757758,0.5831675588348766,0.5732367621527777
1,9,0.022065840661525726,0.01893685571849346,-33.65495866846155,-26.429135343763562,0.5652681327160494,0.5595052083333333
1,10,0.016746100038290024,0.014283985830843449,-25.474889289596934,-19.69032245212131,0.5515848042052469,0.5451226128472222
1,11,0.013069596141576767,0.011213945224881172,-19.577505815765004,-15.598579586876763,0.537351707175926,0.5307942708333333
1,12,0.010505525395274162,0.009505181573331356,-15.507127885465268,-12.811238553788927,0.5240674430941358,0.5181857638888889
1,13,0.00898508820682764,0.007806623354554176,-13.079444836392815,-10.295979113048977,0.5151210455246914,0.5106879340277778
1,14,0.007788072340190411,0.007042701356112957,-11.115912576957985,-9.446759499443901,0.5075183256172839,0.5039876302083334
1,15,0.006810510065406561,0.006576611660420895,-9.541956243985965,-8.513372251722547,0.5023262683256173,0.5025607638888889
1,16,0.006231698207557201,0.006121688522398472,-8.693340898148808,-8.032372715738084,0.497827449845679,0.5028103298611111
1,17,0.00556910177692771,0.004865535534918308,-7.608497545159893,-5.94687487549252,0.4951810860339506,0.4977756076388889
1,18,0.005136951804161072,0.004471492487937212,-7.0244742826179225,-5.453302645683289,0.49492609471450616,0.4983181423611111
1,19,0.0047791218385100365,0.005228755064308643,-6.349120665773933,-6.97949542734358,0.49355529031635803,0.5045627170138889
1,20,0.004364167805761099,0.0037219044752418995,-5.681133344143997,-4.320382274521721,0.49413640528549385,0.49990234375
1,21,0.00427652895450592,0.0035481322556734085,-5.518168325777407,-4.1036003086302015,0.4972529658564815,0.5028971354166667
1,22,0.0038614547811448574,0.0036591978278011084,-4.858970559967888,-4.55972621705797,0.500001808449074,0.508837890625
1,23,0.0038053931202739477,0.0031277707312256098,-4.837467319877059,-3.580520910686917,0.5104456018518518,0.5138400607638889
1,24,0.0036605154164135456,0.0029154117219150066,-4.6766689618428545,-3.2463751395543414,0.5267680603780864,0.5252224392361111
1,25,0.0034302484709769487,0.00309081026352942,-4.228231545730873,-3.498441439204746,0.5388792438271605,0.5412760416666667
1,26,0.0034209159202873707,0.0026790983974933624,-4.258090395691954,-2.9666798724068535,0.5523274739583334,0.5477810329861111
1,27,0.0032531721517443657,0.002870053518563509,-3.966284504054505,-3.1305320448345606,0.5696686921296297,0.5458930121527777
1,28,0.003092916449531913,0.0024650082923471928,-3.7417829354604084,-2.511827278137207,0.5802800684799383,0.5762966579861111
1,29,0.0028797839768230915,0.0023369635455310345,-3.323133889245398,-2.3674554533428616,0.5903905044367284,0.5808648003472222
1,30,0.0028390653897076845,0.0024875542148947716,-3.329011309588397,-2.4840947151184083,0.6083140432098766,0.6034613715277778
1,31,0.0026204108726233244,0.002220606431365013,-2.900538726794867,-1.9129757059945,0.6193528163580246,0.6055718315972223
1,32,0.00246100639924407,0.0021465360186994076,-2.6767023012961872,-1.9567238357332017,0.6311354648919754,0.6200141059027777
1,33,0.002369968220591545,0.0022237582597881556,-2.451291983215897,-2.027515755759345,0.649877025462963,0.620458984375
1,34,0.002308070892468095,0.002091278787702322,-2.3627567927042645,-1.7903795692655775,0.6558304398148148,0.6129014756944444
1,35,0.002126705599948764,0.0016956690233200788,-2.049833156738752,-1.18875838915507,0.6668927228009259,0.6134874131944444
1,36,0.0021093240939080715,0.001935324864462018,-1.9973539293548208,-1.5876461916499667,0.679834587191358,0.6603190104166666
1,37,0.0020240372978150845,0.0018020104616880417,-1.824332367638011,-1.3288086321618822,0.6940260898919753,0.6518825954861112
1,38,0.0018953559920191765,0.0017263840418308973,-1.6573600309866445,-1.2704943153593276,0.7024124710648149,0.6694390190972223
1,39,0.0018156962469220161,0.0014439881779253483,-1.510218929361414,-0.8317720890045166,0.7050353250385802,0.6655327690972223
1,40,0.0017566147726029158,0.001574781839735806,-1.4134099927949317,-1.03505523469713,0.7107777536651234,0.6946668836805555
1,41,0.0016729944618418813,0.0015390885528177023,-1.2860959423912897,-0.9172073748376635,0.7219485435956791,0.704443359375
1,42,0.0016675496008247137,0.0015269833384081721,-1.2399340794410234,-0.9027583625581529,0.7292558834876544,0.7091634114583333
1,43,0.0016032001003623009,0.0014791819266974926,-1.1441924229080294,-0.8390583316485087,0.739429012345679,0.7138454861111111
1,44,0.001571477623656392,0.0014120102860033512,-1.1005925943822037,-0.7532999184396532,0.7447910638503087,0.7122938368055556
1,45,0.0015245628310367465,0.0014242958277463913,-1.0277490166970242,-0.773594876130422,0.748656322337963,0.7284288194444445
1,46,0.0015059594297781587,0.0014031043974682689,-1.0028016539267552,-0.728752941555447,0.756031780478395,0.7267632378472222
1,47,0.0014564436860382557,0.0013995864428579807,-0.8956199216253964,-0.7425175613827175,0.756908878279321,0.7463324652777777
1,48,0.0014290467370301485,0.0014384518144652247,-0.8623421015562834,-0.771874213218689,0.754542824074074,0.6988932291666666
1,49,0.001399548607878387,0.001333002233877778,-0.8071228501237468,-0.6344925734731887,0.7579011140046297,0.6566297743055556
1,50,0.0012979162856936455,0.001279856194742024,-0.6510408124805969,-0.514480725924174,0.7231782889660494,0.69580078125
1,51,0.0012168454704806209,0.001273517613299191,-0.5035193332919368,-0.4952656454510159,0.7200707706404321,0.7419759114583333
1,52,0.0012510180240496993,0.0012063734466210008,-0.5788106481234233,-0.42359371185302735,0.7488413869598766,0.6940158420138889
1,53,0.0012411315692588687,0.0012860619463026524,-0.5741810084861002,-0.4682441314061483,0.7493911554783951,0.7406141493055556
1,54,0.0012764021521434188,0.0012947107898071408,-0.6153187760600337,-0.5101263125737509,0.772706886574074,0.7328233506944445
1,55,0.0012834114022552967,0.0013200095854699612,-0.6238976496237295,-0.5622860789299011,0.7744026089891975,0.7652777777777777
1,56,0.0012689771829172969,0.0013211483601480722,-0.6036024177515948,-0.5560120609071519,0.7856415171682098,0.7654622395833334
1,57,0.0012771317269653082,0.0013169216690585017,-0.6086766510833929,-0.5711012959480286,0.7934015721450617,0.7731282552083333
1,58,0.001252711983397603,0.0013390399981290102,-0.57512791171486,-0.6055613107151455,0.7983856577932099,0.7816623263888889
1,59,0.001241369522176683,0.0013158373767510056,-0.554170275028841,-0.589666047361162,0.8031955295138888,0.7942816840277778
1,60,0.0012392305070534348,0.0013143941760063171,-0.5477329698609718,-0.5742519537607829,0.8081163194444444,0.7940755208333333
1,61,0.0012310515157878399,0.0012966473586857319,-0.5421590465086478,-0.5614017804463705,0.8123233748070988,0.8027018229166667
1,62,0.001216305885463953,0.0013065231032669544,-0.5163110612351217,-0.5659317665629917,0.8151608314043209,0.8094075520833334
1,63,0.0012200395576655865,0.0012941979803144932,-0.5242065687238434,-0.5542219519615174,0.816356819058642,0.8195583767361111
1,64,0.0012112376280128956,0.001320871990174055,-0.5097939311722178,-0.5867135418785943,0.8199248890817902,0.8116807725694445
1,65,0.0012054890394210815,0.0013013746356591582,-0.5026746961805556,-0.5609371622403463,0.8227689766589507,0.8198567708333333
1,66,0.001200363039970398,0.0012984254863113165,-0.49394665985931585,-0.5540419936180114,0.824070457175926,0.8157009548611112
1,67,0.001200958271510899,0.0012952572433277965,-0.49602435768386466,-0.5473981857299804,0.8264310860339507,0.81845703125
1,68,0.0011957352980971336,0.0012960309395566583,-0.4870305168775865,-0.5468829711278279,0.828101490162037,0.8209581163194445
1,69,0.0011853636242449284,0.0012998819584026933,-0.4727333978370384,-0.5516266345977783,0.8306037808641975,0.8234212239583333
1,70,0.0011878178920596838,0.0012979423627257347,-0.4752196432631693,-0.5496586733394199,0.8304042486496913,0.8244520399305556
1,71,0.001183604123070836,0.0012991984840482473,-0.46907220710942776,-0.5496843708886041,0.8321632667824074,0.8251790364583333
1,72,0.0011821463704109192,0.0012947588693350554,-0.46667971125355473,-0.542685780260298,0.8328426408179013,0.8285970052083333
2,1,0.45847585797309875,0.37272658944129944,-715.9387521060896,-566.7177586873372,0.27776994116512344,0.40544704861111114
2,2,0.31781435012817383,0.25923821330070496,-497.90251426225825,-393.99447258843315,0.4923876350308642,0.561962890625
2,3,0.21689943969249725,0.1734156459569931,-340.28346737520195,-263.22456987169056,0.5858959056712963,0.5975260416666667
2,4,0.14407868683338165,0.11453297734260559,-225.38790705174574,-173.52320442199706,0.5980299961419753,0.5938313802083334
2,5,0.09525345265865326,0.0763430967926979,-148.4473935869005,-115.30989396837023,0.5937373408564814,0.5879286024305556
2,6,0.06392280012369156,0.05058405548334122,-99.5639253569238,-76.04744784037273,0.5836094232253086,0.5742567274305556
2,7,0.042103324085474014,0.034824781119823456,-64.6690926445855,-52.003098996480304,0.5689887152777777,0.5602376302083333
2,8,0.02979678474366665,0.0243983156979084,-45.46529044398555,-36.06018974516127,0.5545380015432099,0.5422960069444445
2,9,0.021480578929185867,0.01865389198064804,-32.49510399853742,-27.28686023288303,0.535472125771605,0.5237521701388889
2,10,0.01678568683564663,0.014732245355844498,-25.110026991220167,-21.27145309448242,0.5182412229938271,0.5090494791666667
2,11,0.013532113283872604,0.012092690914869308,-20.107204747494357,-17.238249688678316,0.5054355951003087,0.49575737847222223
2,12,0.011309711262583733,0.010051041841506958,-16.56040627456006,-14.108227719200983,0.491869212962963,0.4834038628472222
2,13,0.009536786004900932,0.008578633889555931,-13.716722946991155,-11.846107239193387,0.481151740933642,0.4734971788194444
2,14,0.008238768205046654,0.007482893764972687,-11.727603386066578,-10.17140596707662,0.4717110339506173,0.46450737847222223
2,15,0.0072691841050982475,0.006251494400203228,-10.17499591715542,-8.21629028055403,0.46337890625,0.45706380208333336
2,16,0.006409767083823681,0.00560489296913147,-8.877259263580228,-7.1473313331604,0.45681785300925926,0.449951171875
2,17,0.0057873716577887535,0.005207922775298357,-7.892123815159739,-6.496593554814656,0.45169632523148145,0.4453125
2,18,0.005359700880944729,0.00475225318223238,-7.238856971999745,-5.77288863129086,0.4473470052083333,0.4415364583333333
2,19,0.004831644240766764,0.004274353850632906,-6.325744132348049,-5.119267932573954,0.44386815200617286,0.4394476996527778
2,20,0.00466840248554945,0.004048872739076614,-6.178338392281238,-4.782154568036398,0.442552806712963,0.4372829861111111
2,21,0.004458706825971603,0.0036081629805266857,-5.778405278406026,-4.114748443497552,0.44254918981481484,0.43740234375
2,22,0.00413932790979743,0.0036493311636149883,-5.20782974825965,-4.105823617511326,0.4422218605324074,0.43743489583333334
2,23,0.004161587916314602,0.003228601533919573,-5.284236822010558,-3.5663402451409234,0.4435667438271605,0.43695203993055554
2,24,0.0038099423982203007,0.0035444165114313364,-4.80410823262768,-4.103721478250292,0.44483084972993825,0.44098849826388886
2,25,0.00380496121942997,0.003193966578692198,-4.6661597296043675,-3.6565169360902576,0.447900390625,0.4427951388888889
2,26,0.0035514344926923513,0.003044154727831483,-4.320219602996921,-3.391015895207723,0.45058714313271603,0.4465277777777778
2,27,0.0036126337945461273,0.0028319412376731634,-4.381906187681504,-3.11105748017629,0.4552059220679012,0.44888237847222223
2,28,0.003284712787717581,0.0029379520565271378,-3.876451026068793,-3.362996342447069,0.4589873890817901,0.45477430555555554
2,29,0.0033999155275523663,0.00271814176812768,-4.046857903327471,-2.9198173549440174,0.46543692129629627,0.45940755208333334
2,30,0.003201274434104562,0.0028844624757766724,-3.7541754881540936,-3.245605725712246,0.47094847125771605,0.46356336805555554
2,31,0.0030519752763211727,0.0024698120541870594,-3.4878499655076016,-2.505707271893819,0.47877845293209875,0.4683648003472222
2,32,0.003046432975679636,0.002343816217035055,-3.4181502489396083,-2.3218274143007065,0.4907811294367284,0.4722873263888889
2,33,0.002984082791954279,0.0022300772834569216,-3.4455176912708048,-2.0579266283247204,0.5042076581790124,0.48538953993055556
2,34,0.0029061189852654934,0.0022178692743182182,-3.2525075144237943,-2.0508592552608915,0.5235369646990741,0.5059027777777778
2,35,0.0027970075607299805,0.0021212748251855373,-3.058071020797447,-1.967248977555169,0.5455662856867284,0.5110188802083333
2,36,0.0026634633541107178,0.002244678558781743,-2.9177990083341245,-2.047344226307339,0.5645200376157408,0.5358940972222223
2,37,0.0025451933033764362,0.002101462334394455,-2.668955899756632,-1.8549854649437798,0.5808521412037037,0.5670844184027778
2,38,0.002358520869165659,0.0020640091970562935,-2.368890540688126,-1.8134686099158392,0.6023274739583333,0.565966796875
2,39,0.002359174657613039,0.0021324236877262592,-2.403414761578595,-1.8055288447274103,0.6118284625771605,0.5745442708333334
2,40,0.0022119879722595215,0.0018130370881408453,-2.1796857680803465,-1.3772691620720758,0.6376507040895062,0.593017578125
2,41,0.002125317230820656,0.0018101476598531008,-2.0281027917508725,-1.3858244789971246,0.6414514612268518,0.6038953993055556
2,42,0.0021625044755637646,0.0017434272449463606,-2.1119877370787257,-1.2139711035622491,0.6665219907407407,0.6046766493055555
2,43,0.002050270326435566,0.0017157669644802809,-1.8877856420881953,-1.1865963326560127,0.6750554591049382,0.636865234375
2,44,0.0020339740440249443,0.0017487198347225785,-1.8621707059718944,-1.2577603154712254,0.6879141348379629,0.6639594184027777
2,45,0.0019281536806374788,0.0014964865986257792,-1.7149501456154717,-0.819855637020535,0.7057074652777777,0.649755859375
2,46,0.0018186396919190884,0.0014669556403532624,-1.4873951602865148,-0.769526047176785,0.7081133053626543,0.6646104600694445
2,47,0.0018522385507822037,0.0013915679883211851,-1.5690175905639743,-0.6734252519077725,0.7250506365740741,0.6521538628472222
2,48,0.0016977989580482244,0.0014401143416762352,-1.3478693575034906,-0.7734812789493137,0.7281026957947531,0.6791232638888889
2,49,0.0016951262950897217,0.0015512823592871428,-1.3340850454789621,-0.9319224966896905,0.7407413435570988,0.6906955295138889
2,50,0.0016270300839096308,0.0013328958302736282,-1.2312778958567867,-0.5779791514078776,0.7481776861496914,0.7023057725694445
2,51,0.0016035967273637652,0.0013442527269944549,-1.2028609203703609,-0.6072306884659662,0.7582320601851852,0.6990939670138889
2,52,0.0014877710491418839,0.0013462885981425643,-0.9843238534750762,-0.632194905810886,0.756199363425926,0.7016872829861112
2,53,0.0015023647574707866,0.0013427844969555736,-0.9974837603392425,-0.6001223948266771,0.765232566550926,0.7012803819444444
2,54,0.0014564823359251022,0.0012924117036163807,-0.917899740036623,-0.5113303383191427,0.7680977527006173,0.668896484375
2,55,0.001341773197054863,0.0013161806855350733,-0.733443319061656,-0.4974424997965495,0.7579680266203703,0.7168782552083334
2,56,0.0013534675817936659,0.0012880394933745265,-0.7585083015171098,-0.47058916886647545,0.7669264805169753,0.7424641927083333
2,57,0.001352087245322764,0.0013630944304168224,-0.7835327099870752,-0.6515014966328939,0.7752248505015432,0.7133083767361111
2,58,0.0013202884001657367,0.0012866111937910318,-0.7310705585244262,-0.48251074155171714,0.7688452449845679,0.7477376302083333
2,59,0.001358669251203537,0.001331494888290763,-0.7744931087081814,-0.5426493989096748,0.7552402826003086,0.7007541232638889
2,60,0.0013216264778748155,0.0012945650378242135,-0.6964883424617626,-0.4773223492834303,0.7632595486111111,0.7230740017361111
2,61,0.001317085581831634,0.0013459244510158896,-0.6954919862158504,-0.6405165725284152,0.7816617235725308,0.7077799479166667
2,62,0.0012924645561724901,0.0013480307534337044,-0.66677657969204,-0.627808678150177,0.7862877363040124,0.7395670572916667
2,63,0.0012824442237615585,0.0012403249274939299,-0.6444521593458858,-0.43084584342108834,0.8002616222993827,0.7417751736111111
2,64,0.0012684910325333476,0.001268149702809751,-0.6214716349119022,-0.4802522261937459,0.8016221788194444,0.7414713541666667
2,65,0.0012443778105080128,0.001285602105781436,-0.5978283450927263,-0.5079174293412103,0.8080626687885802,0.7488606770833334
2,66,0.0012448380002751946,0.0011948428582400084,-0.588494270377689,-0.3466689705848694,0.8085177951388889,0.7583387586805556
2,67,0.0012290733866393566,0.0012686843983829021,-0.5713365114765403,-0.4605014681816101,0.8181562258873457,0.7515245225694445
2,68,0.001226154388859868,0.0012803120771422982,-0.5750917936548775,-0.4900455435117086,0.8208803530092592,0.7685601128472223
2,69,0.0012307544238865376,0.0012393486686050892,-0.5844710292639556,-0.4186399049229092,0.8233760127314815,0.7852593315972223
2,70,0.0012075405102223158,0.0012439042329788208,-0.5445362978511387,-0.4209312703874376,0.8299973476080247,0.7831163194444445
2,71,0.0012023254530504346,0.0012414705706760287,-0.5308845303676747,-0.4424869391653273,0.8331741898148148,0.7935004340277778
2,72,0.001198225887492299,0.0012375295627862215,-0.5298936202202315,-0.4285958343082004,0.8363480179398148,0.8025444878472222
2,73,0.0011916556395590305,0.001260872115381062,-0.5113732817732257,-0.47466774384180704,0.839892578125,0.8007921006944444
2,74,0.0011842205421999097,0.0012700273655354977,-0.4982291090635606,-0.4782273610432943,0.8428716965663581,0.8032118055555556
2,75,0.001175877870991826,0.0012654869351536036,-0.486998701242753,-0.46957880391014944,0.8456169222608024,0.8092176649305556
2,76,0.001172162126749754,0.0012643802911043167,-0.4797955953044656,-0.4685644851790534,0.8483928915895061,0.8092990451388888
2,77,0.001168044749647379,0.0012497807620093226,-0.46913397606508234,-0.4449200736151801,0.8502797067901234,0.8076931423611111
2,78,0.0011630565859377384,0.0012559101451188326,-0.46129430046787967,-0.449468904071384,0.8501573350694445,0.8158637152777778
2,79,0.0011635763803496957,0.001246673404239118,-0.461076142611327,-0.43798926406436495,0.8521629050925926,0.8160915798611111
2,80,0.001155851292423904,0.0012577122543007135,-0.4511797809306486,-0.45770910051133895,0.8542028356481481,0.8174153645833333
2,81,0.0011543279979377985,0.0012549529783427715,-0.44706305353729814,-0.4493134193950229,0.8555477189429013,0.8177083333333334
2,82,0.0011528205359354615,0.0012598407920449972,-0.4440791389088572,-0.4647582438257005,0.8571656780478395,0.817822265625
2,83,0.0011493668425828218,0.0012470767833292484,-0.43898140162597465,-0.4347405831019084,0.8571548273533951,0.8212565104166667
2,84,0.0011484345886856318,0.0012506600469350815,-0.43667509614685435,-0.4431043346722921,0.8580337336033951,0.8223687065972223
2,85,0.0011452948674559593,0.001251068664714694,-0.43327314264980366,-0.44473049773110285,0.8596914785879629,0.8199652777777777
2,86,0.0011457167565822601,0.0012461591977626085,-0.4336452157409103,-0.4353681657049391,0.8603208188657407,0.8228678385416667
3,1,0.46260443329811096,0.37743258476257324,-723.9792353312174,-573.87417839898,0.28639564043209875,0.42679036458333336
3,2,0.32242485880851746,0.26399365067481995,-506.5995154580952,-401.1341749403212,0.5104552469135802,0.5743543836805556
3,3,0.22087645530700684,0.1761261224746704,-343.95076236489376,-267.2967897203234,0.5943968219521605,0.6002224392361111
3,4,0.14441947638988495,0.11026811599731445,-225.7834769072356,-166.9153626335992,0.5977737991898148,0.5926920572916666
3,5,0.08584986627101898,0.06462036073207855,-133.01472446300366,-97.45522448221843,0.5868507667824074,0.5784722222222223
3,6,0.05274340137839317,0.04126185178756714,-81.52963167590859,-61.868738089667424,0.5737949701003087,0.5634168836805555
3,7,0.03506278246641159,0.02943744696676731,-53.764178429120854,-43.84156998528375,0.5563271604938271,0.5450141059027778
3,8,0.025950860232114792,0.02219824120402336,-39.75468824881094,-32.84272153642443,0.5406696084104938,0.531396484375
3,9,0.019843563437461853,0.01759239286184311,-30.006596491660602,-25.90676213370429,0.5259403935185185,0.5161349826388889
3,10,0.015812423080205917,0.014218080788850784,-23.672733931482576,-20.75189184612698,0.5095594618055556,0.49969075520833334
3,11,0.012792512774467468,0.011612334288656712,-18.865516518957822,-16.786519972483315,0.4960569782021605,0.48732096354166665
3,12,0.010858717374503613,0.00982579030096531,-15.927894548133567,-14.176098367902968,0.4835093557098765,0.47679578993055555
3,13,0.009017560631036758,0.008281268179416656,-12.942035539061935,-12.002279620700412,0.47528874903549384,0.4685872395833333
3,14,0.00786803849041462,0.007695930078625679,-11.159077458617128,-10.919946156607734,0.4672724971064815,0.4605631510416667
3,15,0.007032063324004412,0.006356782279908657,-9.800601519478692,-8.774623065524631,0.4598029996141975,0.45318467881944446
3,16,0.006157411262392998,0.005995915271341801,-8.507342555787828,-8.264367654588487,0.4544722945601852,0.4500325520833333
3,17,0.005686392076313496,0.005563752725720406,-7.665423764417201,-7.741161145104302,0.4520652488425926,0.44698893229166664
3,18,0.005211986135691404,0.005615840665996075,-6.964151359487463,-8.975567422972786,0.4500072337962963,0.44735243055555557
3,19,0.004774224478751421,0.0047169700264930725,-6.260425475791648,-6.331292102071974,0.44872866030092595,0.445556640625
3,20,0.004522135015577078,0.00420208927243948,-5.897825099215096,-5.371213438775804,0.4479100356867284,0.44361436631944445
3,21,0.004108987282961607,0.0039595505222678185,-5.201997651877226,-4.933342345555624,0.44852189429012346,0.4451822916666667
3,22,0.004004461690783501,0.0037652221508324146,-5.054374721315172,-4.475503412882487,0.45045753761574076,0.44754231770833336
3,23,0.0037248292937874794,0.0033411728218197823,-4.616254773552035,-3.881812440024482,0.4524438175154321,0.4480197482638889
3,24,0.003572536166757345,0.003440631553530693,-4.3740481959448925,-4.02850632402632,0.45589976369598767,0.453759765625
3,25,0.0035236915573477745,0.0031172018498182297,-4.336789422565037,-3.5851081874635486,0.4605516975308642,0.45697157118055554
3,26,0.003299493808299303,0.003361436538398266,-3.9569013598524494,-3.847149517801073,0.4659239969135803,0.47074110243055556
3,27,0.0030966182239353657,0.0028216419741511345,-3.714119342227041,-2.9339967330296832,0.4712311921296296,0.4662055121527778
3,28,0.0029833666048943996,0.0029760394245386124,-3.474585527843899,-3.4198833333121406,0.47561125578703706,0.48989800347222223
3,29,0.0028760703280568123,0.0028777364641427994,-3.301078994774524,-3.382127192285326,0.4854377652391975,0.49521484375
3,30,0.00293983006849885,0.0025421511381864548,-3.4375798081174307,-2.6367450952529907,0.5008427372685185,0.5068413628472223
3,31,0.0028448114171624184,0.002757401205599308,-3.3154131912890774,-2.8460805707507664,0.5206681616512345,0.5461805555555556
3,32,0.00271320017054677,0.0024879053235054016,-3.071733798509763,-2.5371108373006184,0.5498239776234568,0.5652615017361111
3,33,0.0025254786014556885,0.0022098589688539505,-2.7342200373425896,-2.145373453034295,0.5729311342592592,0.5738661024305556
3,34,0.0023748448584228754,0.0020385757088661194,-2.485088442284384,-1.8611772060394287,0.5841441213348766,0.6148003472222222
3,35,0.0021049240604043007,0.001944433432072401,-1.991572274690793,-1.691302924686008,0.6068100163966049,0.6117621527777778
3,36,0.0020325523801147938,0.0018895736429840326,-1.8833206276834746,-1.5365893734825982,0.629443962191358,0.6274197048611111
3,37,0.001954718492925167,0.001719707972370088,-1.7269088547906757,-1.321132731437683,0.6495418595679012,0.6295193142361111
3,38,0.0018345611169934273,0.0016985335387289524,-1.5185895001446759,-1.2383575015597874,0.6611906828703704,0.6538791232638889
3,39,0.0017110442277044058,0.0016638849629089236,-1.3047973307562464,-1.2223757372962103,0.6733452690972223,0.66142578125
3,40,0.0016159357037395239,0.0016031574923545122,-1.1516129558469042,-1.1580847713682387,0.6886423369984568,0.6559244791666666
3,41,0.001545910956338048,0.0014762036735191941,-1.0069130876917898,-0.8850721822844612,0.6960153838734567,0.6901150173611111
3,42,0.0015162338968366385,0.0015429328195750713,-0.9663582121884381,-0.9758362544907464,0.7071277006172839,0.68671875
3,43,0.0014467891305685043,0.0014643471222370863,-0.8536943597558104,-0.8601753724945916,0.7043879002700617,0.7144422743055555
3,44,0.0013835272984579206,0.0014518448151648045,-0.7412828286488851,-0.8706001652611627,0.7136332947530865,0.692236328125
3,45,0.001387070631608367,0.001403681468218565,-0.7417445438879507,-0.757651338312361,0.7159541377314815,0.695166015625
3,46,0.0013357684947550297,0.001379348454065621,-0.6543172949626122,-0.679098555776808,0.7283179012345679,0.7043619791666667
3,47,0.0013156724162399769,0.0014041904360055923,-0.622500107464967,-0.7516584290398491,0.7372462143132716,0.7050998263888889
3,48,0.0012874258682131767,0.0013561848318204284,-0.5845560590426128,-0.6493529359499614,0.7423484519675926,0.7096516927083333
3,49,0.0012572952546179295,0.0012938338331878185,-0.527869963940279,-0.5454174637794494,0.7475718557098765,0.7044921875
3,50,0.0012258138740435243,0.0012635115999728441,-0.48691547726407464,-0.5041523708237542,0.746019000771605,0.7428059895833333
3,51,0.0012179369805380702,0.0012666500406339765,-0.47381932779594704,-0.5134240984916687,0.7587516878858025,0.7323133680555556
3,52,0.0012099568266421556,0.0012547443620860577,-0.4577154684949804,-0.5066241953108046,0.7611496913580247,0.727490234375
3,53,0.0012007281184196472,0.001270483247935772,-0.44310901326897706,-0.5423656940460205,0.7673400125385802,0.7231716579861112
3,54,0.0011864220723509789,0.0012530225794762373,-0.43044383982081474,-0.516412984000312,0.7651475694444444,0.7123101128472222
3,55,0.0011750763515010476,0.001258756616152823,-0.3993020312285718,-0.5057421114709643,0.7688970871913581,0.7366807725694444
3,56,0.0011607824126258492,0.0012256111949682236,-0.3842138801091983,-0.4770837638113234,0.7754279996141975,0.7402018229166667
3,57,0.0011536083184182644,0.001230448018759489,-0.37751410625599047,-0.49094335105684067,0.7806700906635803,0.7354058159722222
3,58,0.0011495809303596616,0.0012242408702149987,-0.3753999901406559,-0.4524236453904046,0.7843605324074074,0.746044921875
3,59,0.001134173246100545,0.001201496459543705,-0.35082259163444424,-0.4217941443125407,0.7903006847993828,0.7435275607638889
3,60,0.0011328988475725055,0.0012454556999728084,-0.35039763921572836,-0.4988181153933207,0.792261646412037,0.7438693576388888
3,61,0.001130051794461906,0.0012367668095976114,-0.3429530164341868,-0.47095157040490043,0.7962510850694444,0.7517523871527778
3,62,0.0011364100500941277,0.0012006622273474932,-0.36136068164566415,-0.4408798535664876,0.8024619020061728,0.7787109375
3,63,0.001119252061471343,0.001209405716508627,-0.3347316716924126,-0.4409591423140632,0.8062909915123457,0.7676106770833333
3,64,0.0011151963844895363,0.001173312310129404,-0.3344116625962434,-0.39832539425955876,0.8093098958333333,0.7880588107638888
3,65,0.0011145290918648243,0.0011918614618480206,-0.3243106269542082,-0.38826460970772636,0.8089078173225308,0.7996419270833334
3,66,0.0011118300026282668,0.001195742515847087,-0.3258295116601167,-0.41920280324088205,0.8107777536651235,0.7879611545138889
3,67,0.0011171619407832623,0.0012097738217562437,-0.32986249761816894,-0.4428192006217109,0.8102798273533951,0.7744845920138889
3,68,0.0011047134175896645,0.0012210579589009285,-0.30918592361756314,-0.49084282451205785,0.812525318287037,0.7698350694444445
3,69,0.001102004898712039,0.0011972710490226746,-0.30685565295042816,-0.4355977786911858,0.8212444540895062,0.792919921875
3,70,0.0011125276796519756,0.0012179058976471424,-0.3241632823590879,-0.45676683452394273,0.8170482494212963,0.7978569878472223
3,71,0.0010960069485008717,0.0012262562522664666,-0.3011829109839451,-0.4789146277639601,0.8223940248842593,0.7913682725694444
3,72,0.001097679603844881,0.0012408688198775053,-0.3018995065747956,-0.4924936268064711,0.8227683738425926,0.7840169270833334
3,73,0.0010933822486549616,0.0012017125263810158,-0.2952660423737985,-0.4301899274190267,0.8292010271990741,0.8014377170138889
3,74,0.0010867328383028507,0.0012205023085698485,-0.2872448403158306,-0.461786409219106,0.8336793499228395,0.7968315972222222
3,75,0.0010893396101891994,0.0012232227018103004,-0.2921600513988071,-0.46312816540400187,0.834791546103395,0.80234375
3,76,0.0010894230799749494,0.0012263234239071608,-0.29364628394444786,-0.46277998553382027,0.8368610146604938,0.8073404947916667
3,77,0.0010902733774855733,0.0012270028237253428,-0.29658124034787403,-0.4695822132958306,0.8376868730709877,0.80771484375
3,78,0.0010897571919485927,0.001226945547387004,-0.2947261785283501,-0.4679835557937622,0.8392529899691358,0.8103461371527778
3,79,0.0010905603412538767,0.0012446618638932705,-0.29980365096786876,-0.4963163216908773,0.8401638454861111,0.8068576388888888
3,80,0.0010869272518903017,0.0012410320341587067,-0.2950011512379587,-0.4951633930206299,0.8420066550925925,0.8072699652777777
3,81,0.0010908865369856358,0.001228431356139481,-0.3018730425540312,-0.47389669683244495,0.8419397424768519,0.8148980034722222
3,82,0.0010882620699703693,0.0012229450512677431,-0.2963286938490691,-0.46556726031833223,0.843751808449074,0.8145345052083334
3,83,0.001086188480257988,0.001224266947247088,-0.2939930672998782,-0.4654044654634264,0.8440248842592593,0.8144314236111111
3,84,0.0010858273599296808,0.0012250849977135658,-0.2932049318596169,-0.4646439764234755,0.8445107542438272,0.8142795138888889
4,1,0.46871745586395264,0.3842778503894806,-732.5149588879244,-571.9296400282118,0.2725694444444444,0.39329427083333335
4,2,0.3309866786003113,0.2730216979980469,-521.7636479318878,-406.5827962239583,0.4847457320601852,0.571728515625
4,3,0.22798705101013184,0.1780042052268982,-356.94225303744093,-264.6416877746582,0.6138894917052469,0.6454047309027777
4,4,0.14528441429138184,0.11026743054389954,-228.95663824199158,-163.39268917507596,0.6477376302083333,0.6476399739583333
4,5,0.08857932686805725,0.06384171545505524,-139.99704057669933,-94.0703128390842,0.6438699604552469,0.6358832465277777
4,6,0.05115364491939545,0.039629120379686356,-79.6234541622209,-57.932087410820856,0.6285222559799383,0.6176215277777778
4,7,0.03378234803676605,0.02773694507777691,-52.029378093907866,-40.14234390258789,0.6095896026234567,0.59697265625
4,8,0.02455960400402546,0.020505569875240326,-37.53215289998938,-29.388660420311822,0.5889793113425926,0.5777940538194445
4,9,0.018317213281989098,0.015725212171673775,-27.75955180650876,-22.231938213772246,0.5715904706790124,0.5599229600694444
4,10,0.01436059270054102,0.011831024661660194,-21.480344184828393,-16.39872340096368,0.5538881655092592,0.5438530815972222
4,11,0.010867697186768055,0.009451387450098991,-15.89463457590268,-12.753728845384385,0.5397641782407407,0.530126953125
4,12,0.009102489799261093,0.007936026901006699,-13.247144700862743,-10.441044076283772,0.5272907021604938,0.5200792100694445
4,13,0.007758677005767822,0.006832490675151348,-11.048726520420592,-8.921582783593072,0.5168903115354938,0.5093424479166667
4,14,0.006645812653005123,0.005747320130467415,-9.233643870000487,-7.140827051798502,0.5086287133487655,0.5029513888888889
4,15,0.005932500120252371,0.005394715815782547,-8.198577690713199,-6.575324037339953,0.5013117283950618,0.495556640625
4,16,0.0052536544390022755,0.004580340813845396,-7.042294674449497,-5.502287101745606,0.4954198013117284,0.4896484375
4,17,0.004868253134191036,0.004412385169416666,-6.520754947191403,-5.140120018853081,0.49100236304012346,0.48486328125
4,18,0.004549500532448292,0.003610007232055068,-5.9867248870708325,-4.11093266275194,0.4872727382330247,0.48403862847222223
4,19,0.004182472825050354,0.0033730636350810528,-5.376031484132931,-3.651565742492676,0.48550407503858023,0.4815538194444444
4,20,0.0038942485116422176,0.003439421998336911,-4.857703789075216,-3.634986996650696,0.4849416473765432,0.4802517361111111
4,21,0.003697748063132167,0.002957819029688835,-4.690686588817172,-3.0318974865807427,0.4841109664351852,0.4810329861111111
4,22,0.0034720618277788162,0.0027447298634797335,-4.23867739394859,-2.556090988053216,0.48444733796296297,0.48115234375
4,23,0.0033475954551249743,0.0028405922930687666,-4.039156740094408,-2.817568572362264,0.4854847849151235,0.481787109375
4,24,0.003170907497406006,0.003056176472455263,-3.820420641957978,-2.938688627878825,0.4876790364583333,0.4844835069444444
4,25,0.0030708599369972944,0.0023372326977550983,-3.6292103776225337,-2.1573649485905966,0.489794921875,0.4874457465277778
4,26,0.0028451853431761265,0.0026696771383285522,-3.2724342737668826,-2.5636300881703695,0.49360411844135804,0.48896484375
4,27,0.0029103835113346577,0.002240079687908292,-3.370942993517275,-1.908869695663452,0.49769061053240743,0.49471571180555557
4,28,0.002684947568923235,0.0022651744075119495,-2.9886764411573057,-1.9357565641403198,0.5007420669367284,0.4994900173611111
4,29,0.0026696238201111555,0.0022034584544599056,-2.9403326529043694,-1.8153535551495021,0.5062970196759259,0.5031141493055555
4,30,0.002672796603292227,0.002073389943689108,-2.968147830315578,-1.5761952506171333,0.5128321518132716,0.5088650173611111
4,31,0.0025341282598674297,0.0023532980121672153,-2.7541242793754295,-2.098889867464701,0.5170759789737654,0.5163519965277777
4,32,0.002490084385499358,0.0019273539073765278,-2.6720799381350293,-1.5354027032852173,0.524315200617284,0.5213324652777778
4,33,0.002367569599300623,0.0021118386648595333,-2.4863028473324245,-1.89424014488856,0.5314507378472222,0.5323079427083334
4,34,0.002416471019387245,0.0026357085444033146,-2.668283517566728,-1.9331257078382704,0.5416202498070988,0.5477647569444445
4,35,0.0022596032358705997,0.0021983494516462088,-2.330347412603873,-1.47365067270067,0.5548749758873457,0.5521538628472222
4,36,0.002177121816202998,0.0018864108715206385,-2.0948466723347887,-1.2219002326329549,0.5663550106095679,0.5524034288194445
4,37,0.002079782309010625,0.0022865976206958294,-1.964998647607403,-2.141473344961802,0.5812855661651235,0.5793511284722223
4,38,0.002190198050811887,0.0018399859545752406,-2.3543453612445315,-1.384294370810191,0.5944124951774692,0.5862196180555556
4,39,0.0020388143602758646,0.00188518560025841,-1.960369152934463,-1.3672220322820876,0.6135693962191358,0.6016167534722222
4,40,0.0019808809738606215,0.0017635066760703921,-1.8885975516872642,-1.3014785713619657,0.630005787037037,0.6077690972222223
4,41,0.00194452702999115,0.0016788565553724766,-1.8439128519576273,-1.1592106991344029,0.642871696566358,0.6173177083333333
4,42,0.0019096913747489452,0.0015497938729822636,-1.8123849721602452,-0.8280641396840414,0.6530237268518518,0.629931640625
4,43,0.0017934346105903387,0.0016020041657611728,-1.545352683538272,-1.0137668146027459,0.6659625771604938,0.6521158854166667
4,44,0.0017134560039266944,0.0015183985233306885,-1.4530380494800614,-0.7084853993521796,0.6744695216049382,0.6295193142361111
4,45,0.001658175140619278,0.0014795984607189894,-1.3839044283937525,-0.7758350478278266,0.6717568479938272,0.6721625434027778
4,46,0.001680535264313221,0.0014110291376709938,-1.3872349965719528,-0.6591980576515197,0.6922526041666667,0.645458984375
4,47,0.001577494665980339,0.0014275626745074987,-1.2344069917996725,-0.6865164703792996,0.7059015721450618,0.6684461805555556
4,48,0.001529940403997898,0.001348885241895914,-1.0998649809095595,-0.5666066169738769,0.7124879436728395,0.672900390625
4,49,0.001466131303459406,0.0013901992933824658,-0.9986925744716032,-0.598123746448093,0.7229281201774691,0.6894639756944444
4,50,0.0014796418836340308,0.0013156214263290167,-1.0160331939473564,-0.5434648752212524,0.7315845630787037,0.6929633246527778
4,51,0.0014611706137657166,0.0013139322400093079,-0.9887700398763021,-0.5081244680616591,0.7419584297839507,0.712158203125
4,52,0.0014043261762708426,0.0012832276988774538,-0.8954645121539081,-0.5037429518169827,0.7474922839506173,0.7103407118055556
4,53,0.001379930879920721,0.0012769573368132114,-0.8562744128851243,-0.5046757936477662,0.7562837577160494,0.7055555555555556
4,54,0.0013658747775480151,0.0012931362725794315,-0.8200187035548834,-0.49283550845252144,0.7583851755401234,0.7239529079861111
4,55,0.0013435891596600413,0.001263356301933527,-0.7941170671839773,-0.43106330235799156,0.7676589023919753,0.7436740451388889
4,56,0.0013049228582531214,0.0013196088839322329,-0.7217089517616931,-0.5706460197766622,0.7688362027391975,0.7613552517361111
4,57,0.0012686240952461958,0.0012641274370253086,-0.6451827068387727,-0.4516004138522678,0.7771436149691358,0.7406032986111111
4,58,0.0012872852385044098,0.0012453889939934015,-0.6978962648062058,-0.4147448963589139,0.7865354938271605,0.7229112413194444
4,59,0.0012680069776251912,0.0012666895054280758,-0.653800313561051,-0.4616581055853102,0.7835907359182098,0.7524739583333333
4,60,0.0012157410383224487,0.0012547478545457125,-0.5512647461008142,-0.46861477030648124,0.7876579378858025,0.73388671875
4,61,0.0012092799879610538,0.0012809648178517818,-0.5494783918062845,-0.4840847690900167,0.7750349633487654,0.7296169704861111
4,62,0.0012118632439523935,0.001215434167534113,-0.5456827506606962,-0.3408674226866828,0.7779116030092592,0.7281521267361111
4,63,0.0011701536132022738,0.0012154526775702834,-0.45282977377926864,-0.3784008026123047,0.7732723283179013,0.7399305555555555
4,64,0.001237380551174283,0.001247975043952465,-0.5908221500891226,-0.3630201750331455,0.7806061921296297,0.7303114149305555
4,65,0.0011773217702284455,0.001352987950667739,-0.466837391441251,-0.49891891082127887,0.7598240981867284,0.7352322048611111
4,66,0.0012383984867483377,0.0013323926832526922,-0.5806825421474598,-0.4435346709357368,0.7930217978395062,0.7795681423611112
4,67,0.0012093561235815287,0.001249958062544465,-0.5419488176887418,-0.3771631121635437,0.8009102527006173,0.7612684461805556
4,68,0.0011868411675095558,0.0012536259600892663,-0.509806728510209,-0.4129937979910109,0.8007016782407408,0.7824055989583333
4,69,0.0011865883134305477,0.001230053254403174,-0.5165184277075309,-0.3713873161209954,0.8138243875385802,0.7743055555555556
4,70,0.0011823679087683558,0.0012509982334449887,-0.5071208649211459,-0.39634576108720565,0.8191641348379629,0.7847330729166667
4,71,0.001176383811980486,0.0012556228321045637,-0.497251773763586,-0.3993565877278646,0.8242259837962963,0.789404296875
4,72,0.001180165447294712,0.0012649947311729193,-0.5022949071578038,-0.44352494345770943,0.8282895688657408,0.7898708767361111
4,73,0.0011764357332140207,0.0012553597334772348,-0.4943365338407917,-0.40548815462324356,0.8293686101466049,0.7960883246527778
4,74,0.0011770138517022133,0.0012521629687398672,-0.49336851629210104,-0.4024951378504435,0.831078197337963,0.8003472222222222
4,75,0.0011666759382933378,0.0012457373086363077,-0.47622328143060944,-0.3933996955553691,0.8342248987268519,0.7993543836805556
4,76,0.001164112240076065,0.0012449054047465324,-0.47166449626286827,-0.391077631049686,0.8364167390046297,0.8019097222222222
4,77,0.0011613154783844948,0.001242474652826786,-0.467349468189993,-0.3922484252187941,0.836815200617284,0.8036946614583333
4,78,0.001158305210992694,0.001242568832822144,-0.46014067596859404,-0.39484648439619274,0.8390944492669753,0.8024088541666666
4,79,0.0011563287116587162,0.0012472874950617552,-0.45995052876295867,-0.401046359539032,0.8400414737654321,0.8064398871527778
4,80,0.0011570958886295557,0.00124662509188056,-0.46093546019660103,-0.39960171116722953,0.8413990162037037,0.806005859375
4,81,0.0011536488309502602,0.001246622996404767,-0.4544822113013562,-0.3998365640640259,0.8424382716049382,0.8076822916666667
4,82,0.0011521009728312492,0.0012450343929231167,-0.45135474116713914,-0.3979946467611525,0.8429494598765432,0.8073513454861111
5,1,0.46663355827331543,0.3819669187068939,-721.5845041345667,-632.7898017035591,0.29215615354938274,0.4251681857638889
5,2,0.3277576267719269,0.26974841952323914,-505.02563502935715,-447.2819467332628,0.509570915316358,0.5810655381944444
5,3,0.22724831104278564,0.18375557661056519,-351.86757533697437,-304.78419825236,0.6048689477237654,0.613916015625
5,4,0.1529194414615631,0.12252344191074371,-238.0358671588662,-203.40496237013076,0.6176908516589507,0.6140082465277777
5,5,0.10174868255853653,0.08199110627174377,-157.41243222083574,-136.2030699412028,0.6068130304783951,0.5985677083333333
5,6,0.06842879951000214,0.054927997291088104,-105.28381842624994,-91.27358258565268,0.5944486641589506,0.5859212239583333
5,7,0.04501456767320633,0.03577493131160736,-68.79830848081612,-58.849990060594344,0.5772913049768519,0.5650553385416667
5,8,0.03094625473022461,0.026322312653064728,-47.067648576807095,-42.89452257156372,0.5568076051311729,0.5457790798611111
5,9,0.02346348762512207,0.020357191562652588,-35.20759185861658,-32.93205692503187,0.5399842062114197,0.5307508680555556
5,10,0.018330063670873642,0.01618744432926178,-27.357422322402766,-25.859708076053195,0.5251247829861111,0.5157389322916667
5,11,0.015042687766253948,0.01319461315870285,-22.330345773108213,-20.969999318652683,0.5119773582175926,0.5037272135416667
5,12,0.012360543943941593,0.011005952022969723,-18.11917328775665,-17.18848927815755,0.5008891541280864,0.49251844618055557
5,13,0.010615895502269268,0.009332409128546715,-15.418559485894662,-14.347191969553629,0.48997214988425924,0.48137478298611114
5,14,0.009290823712944984,0.008306211791932583,-13.359542529376936,-12.854438559214275,0.48051637249228396,0.471826171875
5,15,0.007945749908685684,0.006924489513039589,-11.244819233741289,-10.369379549556308,0.4719955632716049,0.4642740885416667
5,16,0.007061447482556105,0.006195706780999899,-9.846245632053893,-9.204394311375088,0.4659083236882716,0.45923936631944445
5,17,0.00633738748729229,0.005663249641656876,-8.650070785593103,-8.271104621887208,0.46155779803240743,0.4540256076388889
5,18,0.005802235100418329,0.005077989771962166,-7.834602148738909,-7.269305647744073,0.4577124324845679,0.45269639756944446
5,19,0.005287482403218746,0.00472679128870368,-7.024924734786705,-6.735430887010362,0.45688416280864197,0.45192057291666665
5,20,0.004865243565291166,0.004225944168865681,-6.346515701729574,-5.8254568046993676,0.45513840663580246,0.45097113715277776
5,21,0.00457624951377511,0.0038850039709359407,-5.848093316878802,-5.201592697037591,0.4558967496141975,0.4511773003472222
5,22,0.004198119975626469,0.003824876621365547,-5.2271713819032835,-5.059276503986783,0.4570824893904321,0.45386827256944445
5,23,0.004095800220966339,0.003403227310627699,-5.075829138579192,-4.327113933033413,0.4584617332175926,0.4544487847222222
5,24,0.003845957340672612,0.0030798318330198526,-4.666417629041789,-3.8356736607021755,0.46126663773148147,0.4545952690972222
5,25,0.0036568641662597656,0.003045041114091873,-4.426863939968157,-3.923505189683702,0.4653030960648148,0.4613064236111111
5,26,0.003570042084902525,0.002956672105938196,-4.314497276294379,-3.781978389951918,0.472290340470679,0.46656901041666665
5,27,0.0033007615711539984,0.0025891170371323824,-3.8859321535369498,-2.948873840437995,0.4766728153935185,0.47039388020833334
5,28,0.0032468545250594616,0.002488555386662483,-3.809286336545591,-2.8128555801179673,0.48768566743827163,0.47726236979166664
5,29,0.0032568329479545355,0.0024506980553269386,-3.8693652509171286,-2.7090356429417928,0.4998462818287037,0.4831814236111111
5,30,0.0029704272747039795,0.002429927233606577,-3.3459663411717355,-2.8405594057506987,0.5137182918595679,0.499755859375
5,31,0.00301960576325655,0.0022911462001502514,-3.468797720214467,-2.3916793346405028,0.5329390914351851,0.5124891493055556
5,32,0.002903109649196267,0.0020941663533449173,-3.201828874187705,-2.03630194928911,0.5562041859567901,0.5392523871527778
5,33,0.0027966240886598825,0.0020045037381350994,-3.1208443491547198,-2.143873431947496,0.5688163097993827,0.5256944444444445
5,34,0.002675058785825968,0.0018859223928302526,-2.913709169258306,-1.8167679230372111,0.5819257571373457,0.5312879774305556
5,35,0.002610835712403059,0.0017697311704978347,-2.8452822861848053,-1.5591515064239503,0.6072603202160494,0.5430121527777778
5,36,0.002445030026137829,0.0017662385944277048,-2.5022241165608534,-1.5452501959270901,0.6169089988425925,0.5547797309027778
5,37,0.0024219148326665163,0.0017514093779027462,-2.4988921065389373,-1.505798003408644,0.6332543643904321,0.5822699652777777
5,38,0.0023777084425091743,0.001646413584239781,-2.4540823927632083,-1.3863757954703437,0.6510651765046296,0.5825358072916667
5,39,0.002369930502027273,0.001682257978245616,-2.4560049180631283,-1.3716490003797743,0.6675811390817902,0.6131239149305555
5,40,0.0022883620113134384,0.0015758613590151072,-2.285939822079223,-1.2081934769948324,0.6821132330246914,0.6205674913194444
5,41,0.0020795129239559174,0.001605737255886197,-1.9178241700301935,-1.2317781898710463,0.6824610580632716,0.6517686631944445
5,42,0.0020339679904282093,0.0017641654703766108,-1.8374913826400852,-1.939723531405131,0.7024582851080247,0.6527506510416666
5,43,0.001968029886484146,0.0017160093411803246,-1.7605583962099052,-1.9155999024709065,0.7114637586805556,0.6618218315972222
5,44,0.0019629839807748795,0.0015585763612762094,-1.7126640094651115,-1.5181046830283271,0.7282660590277777,0.6620876736111111
5,45,0.0018268937710672617,0.001571580534800887,-1.4887562367651197,-1.6033010085423787,0.7290895061728395,0.6584364149305556
5,46,0.0018446356989443302,0.0014459930825978518,-1.5436140721226916,-1.2717227697372437,0.7411428192515432,0.6742513020833333
5,47,0.0017343685030937195,0.001499711419455707,-1.3398080268023926,-1.3332458761003283,0.7486864631558642,0.6837076822916667
5,48,0.001701961038634181,0.0014166729524731636,-1.304225699989884,-1.1299617264005872,0.754175708912037,0.6985243055555556
5,49,0.0016553351888433099,0.0013821035390719771,-1.2104305505752564,-1.0624510129292806,0.7633746865354938,0.7003526475694445
5,50,0.001635635970160365,0.001405833987519145,-1.1623561576560693,-1.1422676775190566,0.7661838107638889,0.7359375
5,51,0.0016104001551866531,0.0013310178183019161,-1.1432483297807199,-0.9497128195232816,0.7779718846450617,0.7114854600694445
5,52,0.0015534270787611604,0.0013119789073243737,-1.0532754569877814,-0.9312799109352959,0.7771737557870371,0.7310384114583334
5,53,0.0015022547449916601,0.0012765054125338793,-0.9587403582937923,-0.8306716309653388,0.7878484278549382,0.7293891059027777
5,54,0.0015119342133402824,0.0012655674945563078,-0.9926510322241135,-0.8012673589918349,0.7893150800540123,0.733740234375
5,55,0.001459408551454544,0.0012765664141625166,-0.9006742973386506,-0.8090687195460001,0.7932213300540123,0.7385579427083333
5,56,0.001457731705158949,0.0012037577107548714,-0.8953209397233562,-0.6692559679349264,0.7962468653549383,0.7334906684027778
5,57,0.0014131787465885282,0.0012575373984873295,-0.8216808107164171,-0.7811751816007826,0.7989137249228395,0.7514105902777778
5,58,0.0013825600035488605,0.0012305104173719883,-0.7792393011811339,-0.7033216489685906,0.8042842158564815,0.7726833767361111
5,59,0.0013592906761914492,0.0011839931830763817,-0.7383290545440014,-0.621997324625651,0.8097776813271605,0.7454210069444445
5,60,0.0013524926034733653,0.0011887596920132637,-0.7200838615864883,-0.6381507131788465,0.8089741271219136,0.7698025173611112
5,61,0.0013301149010658264,0.0012053188402205706,-0.69422323188664,-0.6624608092837864,0.8099880642361111,0.7602430555555556
5,62,0.0013372489484027028,0.0011702078627422452,-0.7173440683035203,-0.5822688751750522,0.8101689091435185,0.7545030381944444
5,63,0.0012725845444947481,0.0011645547347143292,-0.5879747462861332,-0.5619718697335985,0.8086558400848766,0.7590006510416667
5,64,0.0013070721179246902,0.0011673475382849574,-0.6667583181534285,-0.5991342981656392,0.8045609085648148,0.7543023003472222
5,65,0.0013138243230059743,0.0012218705378472805,-0.6757042537500829,-0.6457576447063023,0.8138611593364198,0.7539333767361112
5,66,0.0012681286316365004,0.0011333278380334377,-0.595666410010538,-0.4780132227473789,0.8116566599151235,0.7720431857638889
5,67,0.0012737488141283393,0.001113777980208397,-0.6041416749542142,-0.4319682280222575,0.8231180073302469,0.7758083767361111
5,68,0.0012321292888373137,0.001131328521296382,-0.5413166302221792,-0.4927980025609334,0.8223536361882716,0.7775499131944444
5,69,0.0012499963631853461,0.0011448768200352788,-0.5701555327132896,-0.5212575674057007,0.8307996961805556,0.7709689670138888
5,70,0.0012339293025434017,0.001139815547503531,-0.5442466724066086,-0.5175863040818108,0.827833236882716,0.7804253472222222
5,71,0.0012073718244209886,0.001159041654318571,-0.4930676915027477,-0.551831312974294,0.8343352141203704,0.7942545572916667
5,72,0.001229636836796999,0.0011279666796326637,-0.532016556939961,-0.49541585710313585,0.8401126060956791,0.7951822916666667
5,73,0.0011967879254370928,0.0011221339227631688,-0.4798440051667484,-0.46870990594228107,0.8437934027777778,0.7952473958333334
5,74,0.0011936342343688011,0.001128952600993216,-0.47896923577343975,-0.47924005852805246,0.8456362123842592,0.8004069010416667
5,75,0.0011943911667913198,0.0010983615648001432,-0.47663415052272656,-0.4069182316462199,0.8479341483410494,0.8024034288194445
5,76,0.0011625679908320308,0.0011628472711890936,-0.42287607973004565,-0.5561791804101732,0.8476261091820988,0.7929796006944444
5,77,0.001196561031974852,0.0011573238298296928,-0.4743897126044756,-0.5215564383400811,0.8498637635030865,0.7828342013888889
5,78,0.001175986253656447,0.001105056144297123,-0.44800687616254076,-0.4299118796984355,0.850512393904321,0.7985297309027778
5,79,0.0011571265058591962,0.001098232576623559,-0.42264065462865946,-0.41079911920759415,0.8557713638117284,0.800732421875
5,80,0.0011798106133937836,0.001136518083512783,-0.44339029435758237,-0.4978477054172092,0.8489082995756173,0.7957194010416667
5,81,0.0011643723119050264,0.0011486320290714502,-0.44550520137504296,-0.5231741017765469,0.8529929832175925,0.8006401909722223
5,82,0.0011571531649678946,0.0011903111590072513,-0.43889450423511456,-0.635473542743259,0.8572042582947531,0.7942816840277778
5,83,0.0011365297250449657,0.0011499171378090978,-0.38406353570796825,-0.5143207788467408,0.8580132378472223,0.8143663194444445
5,84,0.0011438243091106415,0.0011781827779486775,-0.3878018260002136,-0.5565378414260016,0.8623993296682099,0.8161187065972222
5,85,0.0011566809844225645,0.0011413791216909885,-0.41583946693090745,-0.5053969343503316,0.8631637008101852,0.8298611111111112
5,86,0.0011297683231532574,0.0011336880270391703,-0.38013359793910273,-0.4658137639363607,0.8683720341435185,0.8303548177083333
5,87,0.0011312112910673022,0.0011310470290482044,-0.3854711288287316,-0.46384668085310193,0.8715591242283951,0.8327745225694444
5,88,0.0011303673963993788,0.001141890650615096,-0.38487298900698436,-0.4782655596733093,0.8734260464891975,0.8353244357638889
5,89,0.0011262864572927356,0.001148661132901907,-0.38157595469627853,-0.4912674691942003,0.8770682629243827,0.8360080295138889
5,90,0.0011210090015083551,0.001149794552475214,-0.3712015989386005,-0.4934461818801032,0.8769332320601851,0.8381456163194444
5,91,0.0011178797576576471,0.001155594945885241,-0.36737456939838553,-0.5034332580036587,0.8789966724537037,0.8393880208333333
5,92,0.0011233791010454297,0.0011669839732348919,-0.3754403098129932,-0.5214502678977119,0.8793571566358025,0.8406629774305555
5,93,0.001112790429033339,0.0011576134711503983,-0.35616978053693416,-0.5049031959639655,0.8813759886188272,0.841259765625
5,94,0.00111092790029943,0.001160190673545003,-0.3555494181903792,-0.5065511782964071,0.8831711757330247,0.8419325086805556
5,95,0.0011056790826842189,0.00115165114402771,-0.34633138842052885,-0.48779175281524656,0.8832694347993827,0.8452365451388889
6,1,0.4644785523414612,0.3807668685913086,-728.6320255985967,-560.9955344306098,0.27952534239969135,0.41500651041666664
6,2,0.3295448124408722,0.27276915311813354,-515.2775297941985,-402.12152014838324,0.5050817418981481,0.5973470052083333
6,3,0.23311147093772888,0.18834812939167023,-364.12827932098764,-277.23583051893445,0.6250066309799382,0.6541178385416667
6,4,0.16023749113082886,0.12691524624824524,-250.20776389793113,-186.56959669325087,0.6617476851851852,0.6709309895833333
6,5,0.10571664571762085,0.08219465613365173,-163.09165053426483,-120.71804690890842,0.6725182050540124,0.6761284722222223
6,6,0.06944073736667633,0.05495092645287514,-105.81712868066482,-80.66109070248073,0.6772852768132716,0.6750922309027778
6,7,0.04796981066465378,0.03946766257286072,-72.66904449816103,-57.725658904181586,0.6754430700231482,0.6704210069444444
6,8,0.03404620662331581,0.027611851692199707,-50.625654689176585,-39.53252684275309,0.6673695505401235,0.6601345486111111
6,9,0.025323782116174698,0.021588945761322975,-37.06962715902446,-31.003199513753255,0.658106071566358,0.6490397135416667
6,10,0.01984948106110096,0.016935648396611214,-28.904575692282783,-23.640581364101834,0.6493706597222222,0.6395128038194444
6,11,0.016046088188886642,0.01420452632009983,-23.075703015739535,-19.54352788925171,0.6409981433256173,0.6307074652777778
6,12,0.013018900528550148,0.011307496577501297,-18.46772976215975,-15.111206658681233,0.6330735194830247,0.621728515625
6,13,0.010829298757016659,0.00964449904859066,-15.246022018385522,-12.716840521494548,0.6252091772762346,0.616162109375
6,14,0.009081823751330376,0.008620306849479675,-12.566084224795118,-11.291571309831408,0.6192925347222222,0.6083821614583333
6,15,0.007873217575252056,0.006938740611076355,-10.769713262864101,-8.640009848276774,0.6152036313657407,0.6048177083333334
6,16,0.006822917610406876,0.006493423134088516,-9.148907971676485,-8.00091642273797,0.6111545138888889,0.6004720052083333
6,17,0.006108994595706463,0.0058260587975382805,-8.085426921609008,-7.017779541015625,0.6074339313271605,0.5989040798611112
6,18,0.005412419326603413,0.005126009229570627,-6.9954115767537814,-6.2136298815409345,0.6069860387731482,0.5947102864583333
6,19,0.004932570271193981,0.004708307795226574,-6.297359810346439,-5.507056336932712,0.6046248070987654,0.5959255642361111
6,20,0.004489562474191189,0.004407952539622784,-5.580705899073754,-5.019619838396708,0.6049394772376543,0.5956868489583333
6,21,0.004163892008364201,0.004085829481482506,-5.074575156341364,-4.702360198232863,0.6045946662808642,0.5959201388888888
6,22,0.0038371135015040636,0.00391310965642333,-4.570635751441673,-4.420409591992696,0.606028766396605,0.5944715711805556
6,23,0.003614961402490735,0.0036934600211679935,-4.262987281658031,-4.2834310054779055,0.6081753954475309,0.597607421875
6,24,0.0032831779681146145,0.003500702790915966,-3.728005396878278,-3.923991847038269,0.6071198640046296,0.5995930989583333
6,25,0.0031825387850403786,0.0032640942372381687,-3.59844190750593,-3.593671621216668,0.6119677131558642,0.603759765625
6,26,0.003065801691263914,0.003278021700680256,-3.459396834726687,-3.5243862099117704,0.6137737509645061,0.60390625
6,27,0.0028599239885807037,0.002899512415751815,-3.111210083667143,-2.8071320003933375,0.6179313753858025,0.6067762586805555
6,28,0.0027732900343835354,0.0028459765017032623,-2.966238519291819,-2.8958098120159574,0.6235580632716049,0.6066134982638889
6,29,0.0026184492744505405,0.0028188074938952923,-2.745677889129262,-2.779391715261671,0.6264268663194444,0.6126519097222223
6,30,0.0024759822990745306,0.0024782116524875164,-2.5189223816365374,-2.134708057509528,0.6236695842978395,0.6140896267361111
6,31,0.002434000140056014,0.0024288101121783257,-2.450280096795824,-2.3217051135169133,0.6348247010030864,0.6167860243055555
6,32,0.002316489117220044,0.002254429506137967,-2.2805107796633686,-2.043138525221083,0.6397732204861111,0.6270290798611111
6,33,0.0022399905137717724,0.0022088466212153435,-2.1440440151426525,-1.8924717320336235,0.6488679108796296,0.6303168402777778
6,34,0.002199956215918064,0.00216796831227839,-2.102585033134178,-1.8211994859907361,0.6559353298611111,0.6317762586805555
6,35,0.0021112333051860332,0.0021228566765785217,-1.980165147781372,-1.7800089279810587,0.6649058400848765,0.6393337673611111
6,36,0.00200788676738739,0.002144679892808199,-1.804019679699415,-1.8108713918262058,0.673121021412037,0.6429090711805555
6,37,0.0020071249455213547,0.0021020560525357723,-1.8005727900399102,-1.7364598088794285,0.680006389853395,0.6503634982638888
6,38,0.0019074479350820184,0.0020358446054160595,-1.634419549247365,-1.5328695721096464,0.6917884355709877,0.661474609375
6,39,0.0018998743034899235,0.0018914570100605488,-1.6397850373644887,-1.2876359992557103,0.700878303433642,0.6662489149305556
6,40,0.0018478570273146033,0.001967226155102253,-1.5560746587352987,-1.4009654336505466,0.7092556423611112,0.6717719184027777
6,41,0.0017567514441907406,0.0017538326792418957,-1.3704638957977295,-1.1114503304163614,0.7122287326388889,0.6785264756944445
6,42,0.001703354762867093,0.0017313910648226738,-1.2809572361133716,-1.0668991062376234,0.7215048707561729,0.7094943576388889
6,43,0.0016534647438675165,0.0017856510821729898,-1.21541510010943,-1.1296187586254545,0.7277560763888888,0.7081651475694445
6,44,0.001618309412151575,0.0018344707787036896,-1.139673051716369,-1.2598350710339017,0.7350760754243827,0.6791015625
6,45,0.0016126688569784164,0.0016721405554562807,-1.1529170039259358,-0.9951689879099528,0.725170597029321,0.6898111979166667
6,46,0.0015218447661027312,0.0015920302830636501,-0.9840613978880423,-0.8724319630199009,0.7402910397376543,0.7116156684027778
6,47,0.0014959145337343216,0.0015999949537217617,-0.9490449556597957,-0.8737756292025248,0.7501874758873457,0.7094455295138888
6,48,0.001465504290536046,0.0016004868084564805,-0.9036008293246045,-0.8804296652475992,0.7515697337962963,0.7211208767361111
6,49,0.0014476971700787544,0.0015607221284881234,-0.8656578685030525,-0.8427319632636177,0.7612648292824075,0.7206814236111111
6,50,0.0014119597617536783,0.0016193878836929798,-0.8262260662184822,-0.8588004271189372,0.7656551408179012,0.721142578125
6,51,0.0013971005100756884,0.001531727029941976,-0.789069617677618,-0.8396039777331882,0.769408878279321,0.7372016059027777
6,52,0.001355344895273447,0.001558023621328175,-0.7385818362236023,-0.8132279131147596,0.7761519820601852,0.72822265625
6,53,0.001378471264615655,0.0014200776349753141,-0.777215783684342,-0.6401397718323601,0.7669921875,0.6970757378472222
6,54,0.0013026485685259104,0.001576025621034205,-0.6591821203997106,-0.7669103516472711,0.7642554012345679,0.7140299479166666
6,55,0.0013541756197810173,0.001535564661026001,-0.7347747684996805,-0.8354011721081204,0.7728835117669753,0.756982421875
6,56,0.001284826430492103,0.0014603607123717666,-0.6019013930250097,-0.6345147834883795,0.777953197337963,0.7403049045138889
6,57,0.001265317783690989,0.0014583412557840347,-0.5811820146478253,-0.6390336672465007,0.7855155285493827,0.7527723524305555
6,58,0.00126234395429492,0.0014918958768248558,-0.5633403770717573,-0.6903067443105909,0.7968575183256172,0.7583279079861112
6,59,0.0012675642501562834,0.0014700135216116905,-0.5782008727391561,-0.6988131377432082,0.8026517891589506,0.7649088541666667
6,60,0.0012465032050386071,0.0014584489399567246,-0.5498112329730281,-0.6721847282515632,0.8040611738040123,0.7691514756944444
6,61,0.001231597037985921,0.0014419793151319027,-0.5222597765333858,-0.6474175400204129,0.8095564477237654,0.7767632378472222
6,62,0.0012262469390407205,0.0014355184976011515,-0.5139807518617606,-0.6321247193548415,0.8133119936342592,0.7829806857638889
6,63,0.0012138267047703266,0.0014227256178855896,-0.49982252062102894,-0.6074307560920715,0.8181737075617284,0.7818739149305556
6,64,0.0012166474480181932,0.0014250545063987374,-0.5042888039424096,-0.6123646868599786,0.8188368055555556,0.7839301215277777
6,65,0.0012043860042467713,0.001414493191987276,-0.4867476319089348,-0.591238186094496,0.8204734519675926,0.7904079861111111
6,66,0.001199696329422295,0.0013977086637169123,-0.4792701669681219,-0.5601393050617642,0.8228600019290123,0.7960828993055555
6,67,0.0011933716014027596,0.0014064584393054247,-0.47116443316141765,-0.5712195873260498,0.8250747492283951,0.793505859375
6,68,0.0011888786684721708,0.0014039815869182348,-0.46425402679561095,-0.564770781993866,0.8259952498070988,0.7947916666666667
6,69,0.0011874313931912184,0.0014062832342460752,-0.46372394296858044,-0.5633649018075731,0.827223186728395,0.8003960503472223
6,70,0.001178294187411666,0.0013873104471713305,-0.44964309504002703,-0.54338299036026,0.8290213879243827,0.8016872829861111
6,71,0.001175429904833436,0.001389363780617714,-0.4435444468333397,-0.5471845308939616,0.82998046875,0.7991156684027778
6,72,0.0011722662020474672,0.001381722278892994,-0.44033208393756257,-0.5351445979542202,0.8324520158179012,0.8027669270833333
6,73,0.0011655907146632671,0.001378941349685192,-0.4310339895295508,-0.5219632109006246,0.8331476658950617,0.8043077256944444
6,74,0.0011627587955445051,0.0013725582975894213,-0.4256676219127796,-0.5260853475994534,0.8335340711805556,0.8095106336805555
6,75,0.00115934235509485,0.0013875754084438086,-0.42047023949799717,-0.538730898168352,0.8373577353395062,0.8070095486111111
6,76,0.0011577270925045013,0.0013771459925919771,-0.4158976045655616,-0.5228259788619147,0.8361394434799383,0.807421875
6,77,0.001147023867815733,0.0013762812595814466,-0.4017746321948958,-0.5267708539962769,0.8386338975694444,0.8090386284722222
6,78,0.0011418383801355958,0.0013712684158235788,-0.3945658404150127,-0.5128423041767545,0.8354956356095679,0.815234375
6,79,0.001138031017035246,0.0013515183236449957,-0.39151830202267496,-0.4904459728135003,0.840308521412037,0.8142523871527778
6,80,0.0011390014551579952,0.0013660312397405505,-0.3938472847879669,-0.5019967026180692,0.8423713589891976,0.8133734809027777
6,81,0.0011404993711039424,0.0013661922421306372,-0.39396662932855114,-0.505360009935167,0.8442165798611111,0.82080078125
6,82,0.0011360214557498693,0.0013590543530881405,-0.3896088339664318,-0.4855787065294054,0.845606071566358,0.8198621961805556
6,83,0.0011292318813502789,0.0013642527628690004,-0.3795409421861908,-0.49401650163862443,0.8469177999614198,0.8214572482638889
6,84,0.0011249599047005177,0.001347882323898375,-0.37263946297727985,-0.47815665271547103,0.8482578607253086,0.81669921875
6,85,0.0011210631346330047,0.0013538314960896969,-0.3699589799951624,-0.48623263438542685,0.8485996576003086,0.8184136284722222
6,86,0.0011322953505441546,0.0013808361254632473,-0.3861302302207476,-0.5166193419032626,0.8492326147762346,0.8215060763888888
6,87,0.0011238274164497852,0.001362327253445983,-0.37046193031617153,-0.4928794264793396,0.8501844618055555,0.8218804253472223
6,88,0.0011296821758151054,0.0013654252979904413,-0.3823542287320267,-0.5178811430931092,0.8506564670138889,0.8288845486111112
6,89,0.0011182965245097876,0.0013453206047415733,-0.36721163752638264,-0.4596911205185784,0.852221378279321,0.8312934027777777
6,90,0.0011109516490250826,0.0013536305632442236,-0.3557208819153868,-0.4858795960744222,0.852928481867284,0.8322970920138889
6,91,0.0011154357343912125,0.0013510144781321287,-0.363265679942237,-0.4847117198838128,0.8556453751929012,0.8331000434027778
6,92,0.0011093709617853165,0.0013600662350654602,-0.35075175158771466,-0.4874339779218038,0.8548074604552469,0.8402126736111111
6,93,0.001112536177970469,0.0013616015203297138,-0.35869878280309986,-0.482872113916609,0.8572784047067902,0.8267035590277778
6,94,0.0011018228251487017,0.0013621824327856302,-0.33812203422004794,-0.4785241232977973,0.8560908564814815,0.8385959201388888
6,95,0.0010999098885804415,0.0013437734451144934,-0.34010790718926326,-0.46886065271165633,0.8601827739197531,0.8351345486111111
6,96,0.0010974539909511805,0.0013594678603112698,-0.3365568733509676,-0.48299774991141425,0.8594581886574074,0.8375542534722222
6,97,0.0010974276810884476,0.001361842267215252,-0.3369205713272095,-0.48935735755496557,0.8622046199845679,0.8296983506944444
6,98,0.0011002174578607082,0.00134935206733644,-0.3452603182674926,-0.4763733347256978,0.861158733603395,0.8383463541666667
6,99,0.001090916572138667,0.0013550024013966322,-0.32774754453588417,-0.4831372261047363,0.8633861400462963,0.8372829861111111
6,100,0.0010968619026243687,0.0013880740152671933,-0.33548362063772885,-0.5253337025642395,0.8626603491512346,0.8447319878472223
6,101,0.0010959741193801165,0.0013554277829825878,-0.3390580139042419,-0.4762070669068231,0.8625759548611112,0.8370008680555555
6,102,0.0010884625371545553,0.001362354145385325,-0.3280751253351753,-0.47435982359780204,0.8629213686342593,0.843359375
6,103,0.0010978092905133963,0.0013571628369390965,-0.33841519973896167,-0.4815577811665005,0.8646345727237654,0.83935546875
6,104,0.0010887794196605682,0.0013847496593371034,-0.32961965372532975,-0.5244272139337328,0.8672176408179012,0.8433919270833333
6,105,0.0010894654551520944,0.0013674688525497913,-0.3261739102410681,-0.4940376149283515,0.8680079330632716,0.84501953125
6,106,0.001084337243810296,0.001369035104289651,-0.3199404252900018,-0.4917088323169284,0.869165943287037,0.8473036024305556
6,107,0.0010813898406922817,0.0013741253642365336,-0.31696068504710256,-0.49810125562879776,0.8699260947145062,0.8494574652777778
6,108,0.0010786871425807476,0.001373774604871869,-0.31409689982732136,-0.49808507098091975,0.8714035976080247,0.8491102430555556
6,109,0.0010788431391119957,0.0013751271180808544,-0.3148203842433882,-0.4999294439951579,0.8714144483024692,0.8516872829861111
6,110,0.0010785447666421533,0.0013776826672255993,-0.31435108876522677,-0.5067338652080959,0.8726622781635802,0.8509928385416666
6,111,0.0010800539748743176,0.0013801190070807934,-0.3172489470905728,-0.5085054450564914,0.8725308641975309,0.8520887586805556
6,112,0.001078843604773283,0.0013761305017396808,-0.3157732358685246,-0.5044719722535875,0.8730342158564814,0.8533799913194444
6,113,0.0010778699070215225,0.001378352171741426,-0.31452832840107103,-0.5066089736090766,0.8736201533564815,0.8533257378472222
6,114,0.0010770827066153288,0.0013795876875519753,-0.3127867995956798,-0.5054300387700399,0.8738190827546296,0.8539225260416666
6,115,0.001077605178579688,0.0013802689500153065,-0.31418859517132797,-0.5081042581134372,0.8742941020447531,0.8543240017361111
7,1,0.46257734298706055,0.3809458017349243,-724.0547512478298,-608.0935938517252,0.26932749807098766,0.3995442708333333
7,2,0.327480673789978,0.26932215690612793,-506.328163712113,-428.95164794921874,0.4924147617669753,0.5760470920138889
7,3,0.22609004378318787,0.17697128653526306,-351.7905487248927,-281.48367580837674,0.6063615210262345,0.6250434027777778
7,4,0.144759401679039,0.11336061358451843,-224.941792659995,-180.04428058200412,0.6282913773148148,0.6248752170138889
7,5,0.09389236569404602,0.07509792596101761,-145.84080914626887,-119.05075857374403,0.6212812258873457,0.6161024305555556
7,6,0.06299318373203278,0.051217593252658844,-97.34341357902244,-80.66178754170735,0.6082983699845679,0.597900390625
7,7,0.043727029114961624,0.03610721975564957,-67.07578668947573,-56.446140395270454,0.5899751639660494,0.5796061197916667
7,8,0.03121098130941391,0.0256388820707798,-47.59379298951891,-39.55392097897,0.5729522328317901,0.5652994791666667
7,9,0.022408463060855865,0.01889650523662567,-33.82699343010231,-28.762467903561063,0.5594630111882716,0.5497341579861111
7,10,0.017268862575292587,0.0147583382204175,-25.542971650465034,-22.122670459747315,0.5448025173611111,0.5372721354166666
7,11,0.01372778695076704,0.012365873903036118,-20.193810601881992,-18.274784480200875,0.5311794704861111,0.5242241753472222
7,12,0.01131473295390606,0.009824533015489578,-16.276833646680103,-14.294494099087185,0.5196108217592592,0.5138346354166666
7,13,0.00949561595916748,0.008455786854028702,-13.349816446539796,-12.08616132736206,0.5112654320987654,0.5054958767361111
7,14,0.008151993155479431,0.0071592507883906364,-11.324447540000634,-10.123947450849744,0.5028483072916666,0.4978841145833333
7,15,0.007028627209365368,0.006165905389934778,-9.593435543849145,-8.511570050981309,0.49681954089506175,0.4930826822916667
7,16,0.006293069571256638,0.005340659059584141,-8.387002451037183,-7.235955434375339,0.49151535976080246,0.48709309895833336
7,17,0.005654149688780308,0.005182023625820875,-7.480544041704248,-7.057033581203885,0.4877875434027778,0.48489583333333336
7,18,0.005253566429018974,0.0046925111673772335,-6.823346998956469,-6.113073741065131,0.4857060185185185,0.4822536892361111
7,19,0.004788728430867195,0.00441378029063344,-6.089697784258996,-5.7188388135698105,0.48356782889660493,0.48345811631944446
7,20,0.0045273578725755215,0.003917259629815817,-5.630059276981118,-4.986114862230089,0.4853244357638889,0.4827690972222222
7,21,0.004146442282944918,0.0036965429317206144,-5.097146443084434,-4.606981086730957,0.4867651668595679,0.48626302083333334
7,22,0.003934621345251799,0.00343161728233099,-4.736657882031099,-4.241371160083347,0.49008427372685187,0.4892795138888889
7,23,0.0037111544515937567,0.0033322065137326717,-4.36152052467252,-4.074611001544529,0.4930199893904321,0.4933539496527778
7,24,0.0035766097716987133,0.003032483160495758,-4.216499728921019,-3.511999169985453,0.49795765817901233,0.49619140625
7,25,0.0033872162457555532,0.0028905540239065886,-3.90456127266825,-3.2675745725631713,0.5019826630015433,0.5015082465277778
7,26,0.003224576823413372,0.0027509850915521383,-3.6260358807481365,-3.05249531533983,0.5077353395061729,0.5074001736111111
7,27,0.003076773602515459,0.002608019392937422,-3.4266982361122413,-2.8704380459255643,0.513917221257716,0.5111273871527777
7,28,0.0028994865715503693,0.0026637152768671513,-3.1289064737013828,-2.824755761358473,0.5189790702160494,0.523583984375
7,29,0.0028120235074311495,0.0022879927419126034,-2.998105636643775,-2.194324032465617,0.5259162808641975,0.5281629774305555
7,30,0.0027117254212498665,0.002297550207003951,-2.8080243157751767,-2.296064427163866,0.5336974344135802,0.5349555121527778
7,31,0.002612288575619459,0.0022337865084409714,-2.6743697263576367,-2.118770382139418,0.5419077932098766,0.5400824652777778
7,32,0.0025557333137840033,0.0020938273519277573,-2.5998500332420256,-1.8616591930389403,0.550268856095679,0.5484700520833333
7,33,0.002414118964225054,0.0020489590242505074,-2.3769353946050007,-1.857160488764445,0.5635748215663581,0.5589952256944445
7,34,0.002432537032291293,0.001944485935382545,-2.3979549487431844,-1.659235323799981,0.5785783179012346,0.5690700954861111
7,35,0.0022444608621299267,0.002056144643574953,-2.0816537103535215,-1.8927869187461006,0.5895658516589506,0.5955132378472222
7,36,0.0022590109147131443,0.0017682765610516071,-2.1420610201211625,-1.432168173789978,0.6088487413194444,0.5954264322916667
7,37,0.0021349084563553333,0.0017482851399108768,-1.9473714581242314,-1.3652037249671087,0.6234031394675926,0.6235894097222222
7,38,0.002104475162923336,0.0016381372697651386,-1.8812941117051207,-1.2331198665830825,0.6431917920524691,0.6185275607638889
7,39,0.0020298052113503218,0.001531290588900447,-1.7813552924144416,-1.0790587955050999,0.65302734375,0.6534233940972223
7,40,0.0019207684090361,0.0015002249274402857,-1.5637386522175354,-1.112559684117635,0.6698543595679012,0.6531792534722223
7,41,0.001900272211059928,0.0014602133305743337,-1.5701033933663073,-1.015670445230272,0.6813585069444444,0.6606987847222222
7,42,0.0017820857465267181,0.0014489887980744243,-1.355153430538413,-0.9817947692341275,0.6945228105709876,0.6816948784722222
7,43,0.001789501984603703,0.0014102840796113014,-1.3560936169859803,-0.8713280134730869,0.7055398823302469,0.6785264756944445
7,44,0.0017232466489076614,0.00137202232144773,-1.2655169085220055,-0.8478223244349162,0.7149492428626543,0.6735188802083333
7,45,0.0016774132382124662,0.00133013806771487,-1.20672002133028,-0.7532915737893846,0.7223512249228395,0.7189887152777777
7,46,0.0016739448765292764,0.0012636780738830566,-1.2089958688359201,-0.6716828915807936,0.7293523341049383,0.6945692274305556
7,47,0.0015260267537087202,0.0012712953612208366,-0.9763046794467503,-0.6372731539938185,0.7306435667438271,0.7267252604166666
7,48,0.0015206935349851847,0.0012917586136609316,-0.9358563215644271,-0.6922310603989495,0.7424816743827161,0.6820855034722222
7,49,0.0015098853036761284,0.0012226549442857504,-0.918191949084953,-0.6127318580945332,0.7442961516203703,0.7097601996527778
7,50,0.0013855876168236136,0.0012510227970778942,-0.754412469893326,-0.6420523696475559,0.746311969521605,0.7559624565972223
7,51,0.0014735576696693897,0.001311322208493948,-0.8985516636459916,-0.766688060760498,0.7522057050540123,0.7180501302083333
7,52,0.0014079107204452157,0.0012723271502181888,-0.7941409854241359,-0.681275134616428,0.7550389419367284,0.7302625868055556
7,53,0.0014253819826990366,0.001216562115587294,-0.7970686993481201,-0.576524371571011,0.770481891396605,0.7446940104166667
7,54,0.0013725116150453687,0.001263623358681798,-0.7372130392510214,-0.6329044686423407,0.7675268856095679,0.7317816840277778
7,55,0.0013881658669561148,0.0011412047315388918,-0.7502123617831572,-0.4733825961748759,0.7793264130015433,0.7500868055555555
7,56,0.0013563678367063403,0.001196692930534482,-0.6922582738193465,-0.5711456590228611,0.7832230179398149,0.7632486979166667
7,57,0.0013175191124901175,0.0012041728477925062,-0.6376268076307979,-0.5441473099920485,0.7915581597222222,0.7653537326388888
7,58,0.0013033525319769979,0.0011538208927959204,-0.6174397284601941,-0.48708085616429647,0.7955409673996914,0.7667588975694445
7,59,0.0012940005399286747,0.0012044672621414065,-0.6012652357419331,-0.5872935427559747,0.7947802131558642,0.7743435329861111
7,60,0.0012607034295797348,0.0011992501094937325,-0.5436890515280358,-0.5487454732259115,0.799096378279321,0.767822265625
7,61,0.0012592112179845572,0.0011453352635726333,-0.5384707402299952,-0.4684046228726705,0.8045814043209877,0.7826822916666667
7,62,0.0012272924650460482,0.00113405950833112,-0.5042065667517391,-0.4691158175468445,0.8122709297839507,0.7633138020833333
7,63,0.0012161287013441324,0.0011928988387808204,-0.4701423075464037,-0.5729721440209283,0.8064127604166667,0.7926432291666666
7,64,0.0012381765991449356,0.0011203167960047722,-0.5334762343653926,-0.4408675193786621,0.8162941261574074,0.786669921875
7,65,0.0011943902354687452,0.0011457374785095453,-0.4649217708611194,-0.4865239077144199,0.8147557388117284,0.7803493923611111
7,66,0.0011999919079244137,0.0011508474126458168,-0.47414933016270766,-0.4801224695311652,0.8158727575231481,0.8016927083333333
7,67,0.0011754939332604408,0.0011337464675307274,-0.4313439793056912,-0.47158112393485174,0.8214168595679012,0.8117621527777777
7,68,0.0011437054490670562,0.00120396981947124,-0.39032331925851327,-0.5458632575141059,0.8055917245370371,0.7552408854166667
7,69,0.0011712027480825782,0.0011290321126580238,-0.39575787370587573,-0.4280346433321635,0.7919071903935185,0.7851779513888889
7,70,0.0011855920311063528,0.0011500671971589327,-0.4550065455613313,-0.44938748412662083,0.7952624662422839,0.73056640625
7,71,0.001175789861008525,0.0011066119186580181,-0.4363084999131568,-0.3735211279657152,0.7846577208719135,0.7577202690972222
7,72,0.001195439137518406,0.0011015246855095029,-0.4506328192757971,-0.36640630960464476,0.7983199508101851,0.7685709635416667
7,73,0.001159349805675447,0.001101939007639885,-0.39115888866377463,-0.40669129689534506,0.8171856915509259,0.7781467013888889
7,74,0.0011393598979339004,0.0011042580008506775,-0.3633189071843654,-0.4126608543925815,0.8254484953703703,0.8014051649305556
7,75,0.001146739232353866,0.0011153327068313956,-0.3836277773350845,-0.44184241824679904,0.8335027247299382,0.8060384114583333
7,76,0.0011429294245317578,0.0011146969627588987,-0.3846226946807202,-0.4601985971132914,0.8402199074074074,0.8143988715277778
7,77,0.001135385362431407,0.0011492434423416853,-0.37352070646521485,-0.5002807564205594,0.8384711371527778,0.8043999565972222
7,78,0.001136721926741302,0.0011469104792922735,-0.38828792616173075,-0.5101452469825745,0.8449616608796297,0.8096625434027778
7,79,0.0011401163646951318,0.001181535073556006,-0.3925443101812292,-0.5822049856185914,0.8466435185185185,0.8049967447916667
7,80,0.001143300672993064,0.0011724450159817934,-0.38911992208457286,-0.559445771906111,0.8500807773919753,0.8172309027777778
7,81,0.0011205868795514107,0.0011684822384268045,-0.3519175444120242,-0.5598991500006781,0.8533311631944445,0.8207682291666667
7,82,0.001116701983846724,0.0011719989124685526,-0.34686239781203093,-0.5709075265460544,0.8546205873842593,0.8239583333333333
7,83,0.0011261189356446266,0.0011728869285434484,-0.36508591278099717,-0.5691218150986566,0.8575297791280864,0.8271267361111111
7,84,0.0011182299349457026,0.0011839026119560003,-0.35293539585890593,-0.5850934121343825,0.8590356143904321,0.8281955295138889
7,85,0.0011202518362551928,0.0011721942573785782,-0.3555656032797731,-0.5689878225326538,0.8599989149305556,0.8298502604166667
7,86,0.0011164777679368854,0.0011823656968772411,-0.3510543848261421,-0.5847342080540128,0.8613160686728395,0.8329155815972222
7,87,0.0011135459644719958,0.0011744792573153973,-0.3469675585075661,-0.5680760780970255,0.8620183497299383,0.8362738715277778
7,88,0.001116519095376134,0.0011751001002267003,-0.3506387182223944,-0.567050019900004,0.863352985146605,0.8372504340277778
7,89,0.0011147577315568924,0.0011816909536719322,-0.3485249987354985,-0.5753214849366082,0.8650933159722223,0.8396647135416667
7,90,0.0011106488527730107,0.0011759253684431314,-0.34224654347808275,-0.5684443195660909,0.8657913773148148,0.839697265625
7,91,0.0011073282221332192,0.0011733833234757185,-0.3368307786223329,-0.5626916408538818,0.8654598283179012,0.8415907118055556
7,92,0.0011080189142376184,0.0011753796134144068,-0.3378447303065547,-0.5660508010122511,0.8659842785493828,0.8421549479166667
8,1,0.463508278131485,0.3802129626274109,-717.6347011424878,-642.0902584499783,0.2779881606867284,0.42473415798611114
8,2,0.3271801471710205,0.2706660032272339,-504.3264258019718,-456.82156812879776,0.5200285734953703,0.6023708767361111
8,3,0.228354811668396,0.18379396200180054,-354.7952790342731,-309.58445231119794,0.624120490933642,0.6418999565972222
8,4,0.15229065716266632,0.12048572301864624,-234.3074350145128,-202.46230875651042,0.6391263985339506,0.6351128472222223
8,5,0.09688170254230499,0.07334035634994507,-147.9455078125,-123.0382327609592,0.6319004388503087,0.6228569878472222
8,6,0.061460331082344055,0.04915302246809006,-93.87418949692338,-82.17889879014757,0.6155695408950618,0.6060492621527778
8,7,0.042241454124450684,0.03502753749489784,-64.1985454323851,-58.23980689578586,0.5982813705632716,0.5850857204861111
8,8,0.030710814520716667,0.026006117463111877,-46.55904899408788,-42.81396111382379,0.5787133487654321,0.5662163628472222
8,9,0.023168908432126045,0.01989174075424671,-34.57943202831127,-32.4521254963345,0.5581181278935186,0.5453993055555556
8,10,0.018129706382751465,0.015654925256967545,-26.691728367040188,-25.197137557135687,0.5390034239969136,0.5279025607638889
8,11,0.014458872377872467,0.012644894421100616,-21.055698780365933,-19.964027002122666,0.5235411844135802,0.5127495659722222
8,12,0.01197108905762434,0.010392663069069386,-17.174235783682928,-16.086531119876437,0.5087257667824074,0.5004991319444444
8,13,0.009940264746546745,0.009247386828064919,-13.994759588477052,-14.075697305467394,0.49856047453703706,0.48683268229166665
8,14,0.008649727329611778,0.0077592236921191216,-12.051445576585369,-11.65841858122084,0.48883222415123456,0.48075086805555556
8,15,0.0075078802183270454,0.006774142850190401,-10.172372947798834,-10.032421233918932,0.4809003665123457,0.4728786892361111
8,16,0.006653444841504097,0.006253576371818781,-8.976699568312846,-8.971251296997071,0.4754279996141975,0.469482421875
8,17,0.006105936132371426,0.0060857436619699,-8.003685905903946,-8.993301105499267,0.4733446662808642,0.46475151909722223
8,18,0.005585522390902042,0.00505073182284832,-7.165435243535925,-7.382294890615675,0.4706265673225309,0.4642198350694444
8,19,0.005173403769731522,0.004888999275863171,-6.509891739892371,-7.171094343397352,0.4691122926311728,0.4617241753472222
8,20,0.005044075660407543,0.004253026098012924,-6.317821298999551,-5.591536352369521,0.46856071566358026,0.4630533854166667
8,21,0.004449673928320408,0.004180830903351307,-5.415714129695186,-5.64802180396186,0.4694185233410494,0.4639702690972222
8,22,0.004377137869596481,0.0037620849907398224,-5.273459092775981,-5.015066093868679,0.4723240981867284,0.4659559461805556
8,23,0.0041717542335391045,0.003658108413219452,-5.05771363105303,-4.645749396748013,0.47676323784722224,0.47112087673611114
8,24,0.0039503974840044975,0.003944032825529575,-4.6037522489641916,-5.261000249120924,0.48409227912808644,0.47774522569444444
8,25,0.0038823476061224937,0.0031182817183434963,-4.59694915112154,-4.088791373040941,0.4982982494212963,0.4800889756944444
8,26,0.0036131078377366066,0.0032494913320988417,-4.097175236690192,-4.3186035262213815,0.5140896267361111,0.4852159288194444
8,27,0.0034217480570077896,0.003433792619034648,-3.884539097915461,-4.382026232613457,0.5345576533564815,0.4956868489583333
8,28,0.003331312909722328,0.0028524906374514103,-3.6825857751163436,-3.378962363137139,0.5475983796296297,0.4977756076388889
8,29,0.00315655954182148,0.0032764743082225323,-3.4267420439072596,-3.9828186167611017,0.5694191261574074,0.5052029079861111
8,30,0.0029882118105888367,0.002925814362242818,-3.1644787385139934,-3.4718899859322443,0.5725374951774691,0.5349880642361111
8,31,0.0028620236553251743,0.0027385205030441284,-2.9273781299591066,-3.2959229972627426,0.5907757040895062,0.5334852430555556
8,32,0.0028275558724999428,0.002587045542895794,-2.8861804926836934,-3.040439502398173,0.5973355516975308,0.5639214409722222
8,33,0.002497212029993534,0.0024734660983085632,-2.382106930826917,-2.9239995029237535,0.6076051311728395,0.5469835069444444
8,34,0.0024654134176671505,0.00226612389087677,-2.317173961209662,-2.5361697753270467,0.6148310908564815,0.5687608506944445
8,35,0.0023469149600714445,0.0022924866061657667,-2.1008308197245187,-2.4828516907162137,0.6288176359953703,0.5736436631944445
8,36,0.002211538841947913,0.002011265605688095,-1.9646453298168418,-2.0019996219211156,0.6393211082175926,0.5995768229166667
8,37,0.0022025727666914463,0.0022210809402167797,-1.9017702884144254,-2.2766119639078775,0.644191261574074,0.6099338107638889
8,38,0.002083237748593092,0.0018751358147710562,-1.7547806208516346,-1.699214874373542,0.6519163532021605,0.6216525607638889
8,39,0.0019811266101896763,0.0018433488439768553,-1.5521969050536921,-1.5725122531255087,0.6634910300925926,0.6327039930555556
8,40,0.001856035552918911,0.001863052835687995,-1.3890301367382945,-1.7797673596276178,0.6760892891589506,0.6214246961805555
8,41,0.001848298474214971,0.0016010411782190204,-1.3777822616659565,-1.2523392650816176,0.6837981047453704,0.6480848524305556
8,42,0.0017314215656369925,0.0017093922942876816,-1.1993773875413118,-1.4550263669755723,0.6889799141589507,0.6498426649305555
8,43,0.001737904967740178,0.0015951574314385653,-1.1995141918276564,-1.2298020972145929,0.6950177228009259,0.675830078125
8,44,0.0016960056964308023,0.0015410028863698244,-1.1267125949447538,-1.17299358314938,0.704296875,0.6636284722222222
8,45,0.0016015823930501938,0.0015487902564927936,-0.9952062415487972,-1.154285036193,0.7158902391975308,0.6666829427083333
8,46,0.0015312747564166784,0.0015416741371154785,-0.9017968583990026,-1.0964121209250557,0.7205494068287037,0.6913628472222222
8,47,0.001550651271827519,0.0014870031736791134,-0.9158733055915361,-1.0542627056439717,0.7290497202932099,0.6784993489583333
8,48,0.0014689181698486209,0.0014147667679935694,-0.814641406212324,-0.909240902794732,0.7370225694444444,0.6944281684027778
8,49,0.0014591021463274956,0.001477034529671073,-0.7864688477398437,-0.9879731363720364,0.7376675829475309,0.6813530815972222
8,50,0.0014223202597349882,0.001414495287463069,-0.736111542324961,-0.8980952845679389,0.7357524353780864,0.7005696614583333
8,51,0.0014206664636731148,0.001304764300584793,-0.7251928304448539,-0.7178407920731439,0.7455283082561729,0.6959743923611111
8,52,0.0013446358498185873,0.0012749824672937393,-0.6314627441359155,-0.6681239287058512,0.7474603346836419,0.7216200086805555
8,53,0.0013605371350422502,0.0012819013791158795,-0.6583259946034279,-0.7125834835900201,0.7493881413966049,0.7187337239583333
8,54,0.0013409261591732502,0.0012931812088936567,-0.6170986774526996,-0.7402049806382921,0.7544240692515433,0.7112250434027778
8,55,0.0013214407954365015,0.0012715838383883238,-0.5860840135150486,-0.6657188004917569,0.7636411313657407,0.7243055555555555
8,56,0.0012854421511292458,0.001253044931218028,-0.5399602352836985,-0.6037237087885539,0.7726930217978395,0.7401746961805555
8,57,0.0012581899063661695,0.0012466753832995892,-0.508285868756565,-0.6191203779644436,0.7790256076388888,0.7347059461805555
8,58,0.0012550257379189134,0.001249510794878006,-0.49057082129113466,-0.6142127765549554,0.7833797501929012,0.7430989583333333
8,59,0.0012449667556211352,0.0012062590103596449,-0.4794640624964679,-0.5522634320788913,0.7893385898919754,0.7362684461805555
8,60,0.001231583533808589,0.0012663217494264245,-0.46491376912152327,-0.6244093947940402,0.7909794560185185,0.75634765625
8,61,0.0012264363467693329,0.0012031454825773835,-0.44670242306626873,-0.5244140134917366,0.7976050106095679,0.7573676215277778
8,62,0.0012095685815438628,0.0012222676305100322,-0.43407966428332856,-0.590250391430325,0.8001042872299383,0.7538899739583333
8,63,0.0011767749674618244,0.0011375072645023465,-0.38407478671015044,-0.4485166417227851,0.8012610918209877,0.7538736979166667
8,64,0.0011816759360954165,0.0012311497703194618,-0.39260282693085846,-0.5946097215016682,0.8091525607638889,0.7629177517361111
8,65,0.0011671073734760284,0.001157826161943376,-0.38807163591738103,-0.4664266268412272,0.810960407021605,0.7504503038194444
8,66,0.0011465713614597917,0.00111187226139009,-0.3534221680076034,-0.4177425437503391,0.8122311439043209,0.7774197048611111
8,67,0.001155124744400382,0.0011434986954554915,-0.3568278197888975,-0.47808274295594955,0.8166286892361111,0.7750434027777777
8,68,0.0011537109967321157,0.0011133674997836351,-0.36781422002815906,-0.43241944048139785,0.8201822916666667,0.7705457899305556
8,69,0.0011472251499071717,0.001185236731544137,-0.34734094245934194,-0.5242923299471537,0.8232669029706791,0.7803927951388889
8,70,0.0011504506692290306,0.0011244062334299088,-0.35890973924118796,-0.4294493503040738,0.826759018132716,0.7837293836805556
8,71,0.0011374731548130512,0.001111661083996296,-0.3412114174277694,-0.44260177612304685,0.8300323109567901,0.7859917534722223
8,72,0.001134724821895361,0.001121933339163661,-0.34639166299207713,-0.44174734751383465,0.8302276234567901,0.7989908854166666
8,73,0.0011309492401778698,0.001166955684311688,-0.3424912184844782,-0.5324223001797994,0.8231403115354938,0.7949110243055556
8,74,0.0011395108886063099,0.0011228976072743535,-0.3368359886569741,-0.4210875325732761,0.8320903260030864,0.7931857638888888
8,75,0.0011195940896868706,0.001153101329691708,-0.32239673829373017,-0.46494279040230646,0.8281696084104938,0.7763400607638888
8,76,0.001128951320424676,0.0011649851221591234,-0.3387936740745733,-0.500152603785197,0.8187644675925926,0.8031087239583333
8,77,0.0011267050867900252,0.001211519236676395,-0.3284940222163259,-0.5550573560926649,0.8351749373070988,0.8028103298611111
8,78,0.0011159067507833242,0.0011430978775024414,-0.31711886370623554,-0.45173236131668093,0.8456663532021605,0.8093098958333333
8,79,0.001109240110963583,0.0011569603811949492,-0.3107995417382982,-0.4560440633032057,0.8480824411651234,0.8249186197916667
8,80,0.0011067120358347893,0.0011688584927469492,-0.3084787782327628,-0.4814591685930888,0.8517228491512345,0.8224663628472222
8,81,0.0011079860851168633,0.0011725544463843107,-0.3106161283858028,-0.4859283208847046,0.8554120852623457,0.82158203125
8,82,0.001105804112739861,0.001179772661998868,-0.3095268295135027,-0.4982318679491679,0.8574646749614198,0.8298285590277777
8,83,0.001096055144444108,0.0011709878453984857,-0.29649435252319145,-0.48883464998669096,0.859154369212963,0.8284342447916667
8,84,0.001100796740502119,0.0011956347152590752,-0.3047565819304666,-0.5261738724178738,0.8607705198688271,0.8285970052083333
8,85,0.0010946516413241625,0.0011913946364074945,-0.29712644226757096,-0.5146344648467169,0.8624801070601852,0.8321831597222222
8,86,0.0010940106585621834,0.0011984029551967978,-0.29573903319276407,-0.5207852323849996,0.8634958526234567,0.831298828125
9,1,0.4674399793148041,0.38544297218322754,-722.9851576440128,-656.1312825520833,0.2808678144290123,0.40575086805555555
9,2,0.3332155644893646,0.2774823307991028,-515.7665125811542,-473.1197779337565,0.4836009837962963,0.5570421006944445
9,3,0.2375766783952713,0.19333140552043915,-366.49445540816697,-329.6667300754123,0.5880214361496914,0.6057779947916667
9,4,0.16302254796028137,0.13043524324893951,-251.072538371145,-222.26342137654623,0.6128134645061728,0.6098090277777778
9,5,0.10703672468662262,0.08355864137411118,-165.19089841489438,-141.83963856167264,0.619116512345679,0.607080078125
9,6,0.07052592933177948,0.05585840344429016,-107.95513395380091,-95.03777266608344,0.6217520254629629,0.6017523871527778
9,7,0.04788617789745331,0.03925228863954544,-73.14410519305571,-66.83777092827691,0.6181013695987654,0.5940266927083333
9,8,0.03448915481567383,0.02885962836444378,-52.14288473953435,-48.70493558247884,0.6127875434027777,0.5826334635416667
9,9,0.025805901736021042,0.022156694903969765,-38.64403203799401,-37.33257954915364,0.6119731385030864,0.5760633680555556
9,10,0.019881051033735275,0.017389319837093353,-29.564452060652368,-28.978415468004016,0.6077775366512346,0.5726671006944445
9,11,0.015801619738340378,0.013927004300057888,-23.27167603057108,-22.787450716230605,0.6052698206018519,0.5659125434027777
9,12,0.012868860736489296,0.011695995926856995,-18.6360887615769,-18.956577989790176,0.6007547260802469,0.5608018663194444
9,13,0.010758541524410248,0.009766537696123123,-15.433360925721534,-15.457351223627727,0.5989661699459876,0.56083984375
9,14,0.009067749604582787,0.00841556303203106,-12.862847586620001,-12.78568271530999,0.5959749951774691,0.5663302951388889
9,15,0.007792930584400892,0.007071333937346935,-10.861820055231636,-10.436001629299588,0.593432315779321,0.5643337673611111
9,16,0.006685188040137291,0.006356591358780861,-9.236641446749369,-9.079552268981933,0.5899799864969136,0.5585720486111111
9,17,0.005912571679800749,0.005621209740638733,-7.917974362549958,-7.915728277630276,0.5867066936728395,0.5567979600694445
9,18,0.005350586958229542,0.005593171343207359,-7.1069892859753265,-7.425105375713772,0.5855896749614198,0.5474338107638889
9,19,0.004925519227981567,0.004639977123588324,-6.430124962477036,-6.192340691884358,0.5833339361496913,0.535009765625
9,20,0.004435289651155472,0.004284378606826067,-5.627962067686481,-5.659182551172044,0.583862606095679,0.5537814670138889
9,21,0.004042538348585367,0.004412847571074963,-5.0351245853636,-5.602320967780219,0.5832085503472222,0.5506673177083333
9,22,0.004032634198665619,0.003995311446487904,-5.064676869357074,-4.973397535747952,0.5821578414351852,0.5848090277777778
9,23,0.003727626521140337,0.003750444855540991,-4.549866059974388,-4.536107664638095,0.5891782407407408,0.5683213975694444
9,24,0.0035898289643228054,0.0036712910514324903,-4.337828920505665,-4.371778270933363,0.5883668499228395,0.5873155381944445
9,25,0.00336255319416523,0.0032641130965203047,-4.007596858931176,-4.371373502413432,0.5910927854938272,0.5720703125
9,26,0.003319760784506798,0.0033796806819736958,-3.987977901505835,-4.09364308781094,0.5947904610339506,0.5583821614583333
9,27,0.0030932719819247723,0.002771734492853284,-3.615154736130326,-3.186621684498257,0.5969563802083333,0.579736328125
9,28,0.002994302660226822,0.002925123553723097,-3.4060490943767405,-3.0789939350552027,0.602587890625,0.5768771701388888
9,29,0.0028588250279426575,0.0028790354263037443,-3.1808756990197264,-2.924036388927036,0.6071753231095679,0.5728135850694445
9,30,0.0028231509495526552,0.0027215657755732536,-3.130230419724076,-2.628783861796061,0.6090530960648148,0.5741265190972222
9,31,0.00270029716193676,0.002690705005079508,-2.9552250656080834,-2.7125338368945653,0.6182038483796296,0.5708930121527778
9,32,0.0024677449837327003,0.002464050892740488,-2.556756480976387,-2.3303432120217216,0.6171911168981481,0.5695041232638889
9,33,0.0024893521331250668,0.002431123750284314,-2.5546276460459203,-2.3253900316026477,0.6212221498842593,0.5865885416666666
9,34,0.002328505739569664,0.002521153073757887,-2.3356953004260124,-2.5183126476075914,0.6283082561728395,0.6152452256944444
9,35,0.002319005783647299,0.002352943178266287,-2.3370215685279283,-2.2468854347864786,0.6392933786651235,0.6206488715277778
9,36,0.002241780050098896,0.002372831106185913,-2.2166577010978887,-2.1789577590094673,0.647095630787037,0.6326551649305555
9,37,0.0021613251883536577,0.002229443285614252,-2.105280370771149,-2.063943478796217,0.6620068962191358,0.6344292534722222
9,38,0.0021213507279753685,0.0019909976981580257,-2.0106674903704795,-1.6967158238093059,0.6716248312114198,0.6507866753472222
9,39,0.00207651243545115,0.0020938182715326548,-1.9543416614885682,-1.929173970222473,0.6808045187114198,0.6529622395833333
9,40,0.0019085565581917763,0.0019215005449950695,-1.6599187235773345,-1.5956080595652262,0.6878695264274691,0.6617892795138889
9,41,0.0018396684899926186,0.0017894760239869356,-1.543551766578062,-1.3982305208841959,0.6975905430169753,0.6747287326388889
9,42,0.0018423419678583741,0.001847101142629981,-1.5358415965680723,-1.3822805364926656,0.7017921730324074,0.6674424913194444
9,43,0.0017937079537659883,0.0020290352404117584,-1.487970104040923,-1.6779846734470791,0.7147696035879629,0.6836100260416667
9,44,0.0018145047361031175,0.001903317286632955,-1.4937764401789064,-1.5653721332550048,0.7027783805941358,0.6743489583333333
9,45,0.0017316543962806463,0.0015197163447737694,-1.4059088309605916,-1.1533994290563796,0.7133843315972223,0.7121907552083333
9,46,0.0015724034747108817,0.001675045001320541,-1.125298210720957,-1.228042142921024,0.7234429253472222,0.6962348090277778
9,47,0.0016119275242090225,0.0016222251579165459,-1.1797773010936785,-1.096437558862898,0.7345407744984568,0.7025499131944445
9,48,0.0015358638484030962,0.0015910171205177903,-1.0307149442625634,-1.1080449514918858,0.7388237847222222,0.6990505642361111
9,49,0.0015136864967644215,0.0015515820123255253,-1.009318624013736,-1.0588044550683764,0.7430085358796297,0.7013888888888888
9,50,0.001486450433731079,0.001492164097726345,-0.9663009705366912,-0.949897645579444,0.7486117139274692,0.7167751736111111
9,51,0.001466701622121036,0.0014801537618041039,-0.9109248802985674,-0.9066814223925272,0.7545982831790123,0.7338758680555556
9,52,0.001416913466528058,0.0014346912503242493,-0.8283848284203329,-0.8444573349422879,0.7614082995756173,0.7474772135416666
9,53,0.001414896221831441,0.0013854950666427612,-0.8193201260802186,-0.764829879336887,0.7676775896990741,0.7659776475694444
9,54,0.0013840470928698778,0.0013510846765711904,-0.7677808829295782,-0.7628921084933811,0.7756184895833333,0.7687608506944444
9,55,0.0013746616896241903,0.0013298189733177423,-0.7425356507301331,-0.706701930363973,0.7821343315972222,0.7772515190972222
9,56,0.0013386202044785023,0.0013916065217927098,-0.6972438244172084,-0.7778179830975003,0.7852092978395062,0.7834364149305556
9,57,0.001338764326646924,0.001352084567770362,-0.7008279010101601,-0.7099034296141731,0.7916220582561728,0.7739583333333333
9,58,0.0013152498286217451,0.0013484054943546653,-0.6596114148328334,-0.6884682933489482,0.7958351417824074,0.7879611545138889
9,59,0.0012952504912391305,0.0013618425000458956,-0.6233338950592795,-0.7409645994504293,0.7977105034722223,0.7999403211805556
9,60,0.0012877009576186538,0.0013301885919645429,-0.6200957189371556,-0.6665869315465291,0.8049027054398148,0.7974175347222222
9,61,0.0012554761487990618,0.0013378104194998741,-0.5610910256703695,-0.6885696583324008,0.808692611882716,0.7746039496527778
9,62,0.0012628397671505809,0.0012764609418809414,-0.5808541234628654,-0.5602899922264947,0.805177589699074,0.7898274739583333
9,63,0.0012346880976110697,0.001348064630292356,-0.5322552149678454,-0.7193942904472351,0.812256462191358,0.8052680121527778
9,64,0.001246130559593439,0.0012669675052165985,-0.5453276644518346,-0.6024738325013055,0.8199496045524691,0.8104926215277778
9,65,0.0012173008872196078,0.0012961793690919876,-0.5000677307446798,-0.6781780123710632,0.822974537037037,0.7879774305555556
9,66,0.0012156351003795862,0.001294623827561736,-0.5064790937635634,-0.6309011922942267,0.8210515528549382,0.7982476128472222
9,67,0.0012224228121340275,0.001249475171789527,-0.5128694665284804,-0.6384686072667439,0.8277271412037037,0.8157552083333334
9,68,0.001200124155730009,0.0012216283939778805,-0.46982066999247046,-0.5471023480097453,0.8304307725694444,0.8099826388888889
9,69,0.001204751548357308,0.0011770884739235044,-0.47917411253776077,-0.45074238777160647,0.8361225646219136,0.8257975260416667
9,70,0.0011886733118444681,0.0012244905810803175,-0.45999482811233144,-0.5691487590471903,0.838818359375,0.8402940538194444
9,71,0.0011799894273281097,0.0012197352480143309,-0.4450831472137828,-0.5650268528196547,0.8441014419367284,0.8375054253472223
9,72,0.0011875444324687123,0.001168563961982727,-0.4503501819975582,-0.43208594454659355,0.8466399016203704,0.8420301649305556
9,73,0.0011667566141113639,0.0011945823207497597,-0.4266324907173345,-0.48754584259457057,0.848949893904321,0.8503526475694444
9,74,0.0011715987930074334,0.0012007864424958825,-0.43086203822383173,-0.5970698356628418,0.8523166232638889,0.8474500868055556
9,75,0.0011655830312520266,0.0011526413727551699,-0.41521837490576285,-0.44094107415941025,0.8555097415123457,0.8560980902777777
9,76,0.0011535428930073977,0.0012331840116530657,-0.3935088507923079,-0.5172371149063111,0.8581410349151235,0.8561686197916667
9,77,0.0011553060030564666,0.0011427785502746701,-0.40184787143895656,-0.42218604220284356,0.856055893132716,0.8496419270833333
9,78,0.0011328049004077911,0.0011481345864012837,-0.3659112212098675,-0.4341813180181715,0.8577570408950618,0.8479383680555556
9,79,0.001154702389612794,0.0011887529399245977,-0.4107868257864022,-0.5302316798104181,0.8582567756558642,0.8582302517361111
9,80,0.0011411455925554037,0.0011359055060893297,-0.3807153030678078,-0.40615271594789293,0.8637002073688271,0.861083984375
9,81,0.0011257161386311054,0.0011605173349380493,-0.3526325134583461,-0.45883772240744697,0.8670506606867284,0.8577094184027778
9,82,0.001148088602349162,0.001166254747658968,-0.39503196139394503,-0.4271617293357849,0.8677438994984568,0.85732421875
9,83,0.0011280470062047243,0.001176656223833561,-0.36653185523586507,-0.482243984275394,0.8674195842978395,0.8481770833333333
9,84,0.0011236583814024925,0.0011655697599053383,-0.3508955924599259,-0.49799863629870944,0.8700026523919753,0.8523491753472222
9,85,0.001115982886403799,0.0011496612569317222,-0.34369979081330476,-0.4400855541229248,0.8644476996527778,0.8671169704861111
9,86,0.0011324607767164707,0.0012033064849674702,-0.36137965476071393,-0.5003764748573303,0.8690779320987654,0.8563042534722223
9,87,0.0011197205167263746,0.001201228704303503,-0.359092981432691,-0.5414904316266378,0.8752320842978395,0.8719346788194444
9,88,0.001119712134823203,0.0011977199465036392,-0.3550029341085458,-0.5387125478850471,0.8770803192515432,0.8801595052083333
9,89,0.0011281142942607403,0.001180980121716857,-0.36973571218090295,-0.4487667944696214,0.8781828703703703,0.8682725694444444
9,90,0.0010931482538580894,0.0012095007114112377,-0.32725837775218636,-0.5251486791504754,0.8791624469521605,0.8779351128472223
9,91,0.0011055920040234923,0.0012192584108561277,-0.3321551779170095,-0.5569428814782037,0.882372444058642,0.8804144965277778
9,92,0.0011072226334363222,0.0012129629030823708,-0.3350620228567241,-0.5487332555982801,0.8848090277777778,0.8815809461805556
9,93,0.0011045243591070175,0.0012076316634193063,-0.3272439133973769,-0.5516516778204176,0.8865047501929012,0.8830783420138889
9,94,0.0011021527461707592,0.0012137994635850191,-0.32747692885222257,-0.5390786144468519,0.8879328221450618,0.8841742621527777
9,95,0.0010993737960234284,0.0012163463979959488,-0.32131747434168684,-0.531012323167589,0.8882239824459877,0.8847059461805555
9,96,0.001099917571991682,0.0012268287828192115,-0.32360796678213427,-0.530000811152988,0.8898576147762346,0.8844184027777777
9,97,0.001098209759220481,0.001212826231494546,-0.3197310811207618,-0.5205812573432922,0.8905966676311728,0.8867458767361112
9,98,0.0010956097394227982,0.0012177613098174334,-0.31650465888741575,-0.5219969471295675,0.8914171006944445,0.8863335503472223
9,99,0.0010959277860820293,0.0012158546596765518,-0.31709485245339664,-0.5199134985605876,0.8918324411651235,0.8872612847222222
9,100,0.001094258390367031,0.001212988281622529,-0.314954302193206,-0.5153284284803602,0.8921187789351852,0.8881781684027777
10,1,0.4674510955810547,0.3867247700691223,-730.6974617663725,-582.2464609781902,0.27486135223765434,0.4070855034722222
10,2,0.33194297552108765,0.274410218000412,-519.0449216112678,-412.39544253879126,0.5036319685570988,0.5825249565972223
10,3,0.23128008842468262,0.1858319342136383,-361.8556397897226,-278.39793514675563,0.6094214168595679,0.6250922309027778
10,4,0.1531885415315628,0.11932669579982758,-240.65407114853093,-178.26628850301105,0.6287061149691358,0.6266493055555555
10,5,0.09566576778888702,0.07532288134098053,-148.93089440899132,-112.16870977613661,0.6246979890046296,0.617138671875
10,6,0.06268072128295898,0.05072876811027527,-97.18990210309441,-75.10542594061957,0.6147726176697531,0.6068250868055556
10,7,0.04245182126760483,0.033855073153972626,-65.44892498063453,-49.5076282925076,0.6044608410493827,0.5946994357638888
10,8,0.02878561057150364,0.024015408009290695,-43.8011845835933,-34.75205544365777,0.5897623697916666,0.5792100694444444
10,9,0.02046825736761093,0.017332490533590317,-30.811610909450202,-24.811561912960478,0.575268856095679,0.5643446180555556
10,10,0.015571451745927334,0.013727293349802494,-23.226718112568797,-19.4259718047248,0.562452377507716,0.55380859375
10,11,0.012654781341552734,0.011336617171764374,-18.69434817690908,-15.773601839277479,0.5512731481481481,0.5411783854166666
10,12,0.010347381234169006,0.00913295429199934,-15.053705210155911,-12.421403418646918,0.5420422212577161,0.5371039496527777
10,13,0.00876510888338089,0.008304450660943985,-12.512690651269606,-11.051116975148519,0.5352249710648148,0.5214084201388889
10,14,0.007632925175130367,0.006920469459146261,-10.806753587134091,-9.065853293736776,0.529344497492284,0.522509765625
10,15,0.006699699442833662,0.005843960680067539,-9.342072240511577,-7.498403506808811,0.5263900945216049,0.5184624565972222
10,16,0.005848906002938747,0.00528704421594739,-7.90903490325551,-6.612023782730103,0.5225296585648148,0.5165364583333333
10,17,0.0052325306460261345,0.004613925702869892,-7.013346918423971,-5.54151267475552,0.5214952256944444,0.5154242621527778
10,18,0.0046302201226353645,0.004468981176614761,-6.029842315485448,-5.3425562381744385,0.5209768036265432,0.5121473524305555
10,19,0.00434946920722723,0.0038965283893048763,-5.602365625346148,-4.523351780573527,0.5212956934799383,0.5158094618055555
10,20,0.003954465035349131,0.0037090741097927094,-4.9407097996017075,-4.2734109772576225,0.5237274546682099,0.5142578125
10,21,0.0037352575454860926,0.00333713972941041,-4.642584674446671,-3.639882813559638,0.524268783757716,0.5167588975694445
10,22,0.0034763796720653772,0.0030991435050964355,-4.2313283723077655,-3.4119332922829524,0.5263786410108025,0.5219075520833333
10,23,0.003300856798887253,0.0029699718579649925,-3.874319448588807,-3.124429700109694,0.5296266155478395,0.5226942274305556
10,24,0.00313089182600379,0.0027539641596376896,-3.611994038393468,-2.9231231027179296,0.5325038580246914,0.52666015625
10,25,0.002977993804961443,0.0028812605887651443,-3.3958349798932486,-3.1246131208207872,0.5371280623070988,0.52763671875
10,26,0.0027951328083872795,0.0026218444108963013,-3.0895574625627495,-2.8278561539120144,0.5425895785108025,0.5317979600694445
10,27,0.0027411312330514193,0.0023948103189468384,-2.9673807894742046,-2.457742447323269,0.5463300540123457,0.5440158420138889
10,28,0.0025934958830475807,0.0025004101917147636,-2.7789640035158323,-2.601272922092014,0.5512478298611111,0.5449381510416667
10,29,0.002538776956498623,0.0023142537102103233,-2.6701296403084274,-2.2830449051327175,0.558154899691358,0.5523491753472223
10,30,0.0024988618679344654,0.0022853235714137554,-2.6079940204267147,-2.1688716226153906,0.5644489052854939,0.5607747395833333
10,31,0.002365640364587307,0.002281198278069496,-2.4100026154223784,-2.1553339534335665,0.5713354793595679,0.5720377604166667
10,32,0.0022848763037472963,0.002219604095444083,-2.2618386462882714,-2.00125269624922,0.5806031780478395,0.5799913194444445
10,33,0.002299803076311946,0.002397388918325305,-2.305465081002977,-2.356546762254503,0.596531394675926,0.6054036458333333
10,34,0.002247678814455867,0.0021804538555443287,-2.2655318280796948,-1.9879224618275961,0.6111533082561729,0.6120496961805556
10,35,0.002205796306952834,0.001987540628761053,-2.1995442243269934,-1.640318094359504,0.629298683449074,0.6302300347222223
10,36,0.001980382716283202,0.0019119472708553076,-1.8049924264719457,-1.5560479402542113,0.6434546199845679,0.6383355034722222
10,37,0.0020553041249513626,0.0018069336656481028,-1.9102451867527432,-1.4371784607569376,0.6587516878858025,0.6453125
10,38,0.0018785358406603336,0.0021034698002040386,-1.6263145415871232,-1.8625511646270752,0.6657184365354938,0.6658528645833334
10,39,0.0018238695338368416,0.0016442170599475503,-1.5381853689382106,-1.1838345342212253,0.6705029899691358,0.6741861979166667
10,40,0.0016559178475290537,0.0015330042224377394,-1.265590348655795,-1.0726739777459038,0.6794952015817901,0.6551649305555556
10,41,0.0017347635002806783,0.0015660695498809218,-1.4531049436993069,-1.0146954933802286,0.6713674286265432,0.667822265625
10,42,0.0015891597140580416,0.001495635835453868,-1.1300894479692718,-0.8983938429090712,0.6924485194830247,0.6845757378472223
10,43,0.0016166078858077526,0.0016268270555883646,-1.1615950672714799,-1.0792227135764227,0.7023787133487654,0.6831325954861112
10,44,0.0015278279315680265,0.0015784383285790682,-1.0053681868093984,-1.004232652982076,0.7074755256558642,0.6905707465277777
10,45,0.00155260122846812,0.0014884874690324068,-1.088879211007813,-0.8798095517688327,0.7227147231867284,0.6970974392361111
10,46,0.0014996621757745743,0.0014606466284021735,-0.9944523216765604,-0.8466286738713582,0.7283920476466049,0.7020236545138889
10,47,0.0014637279091402888,0.0014118095859885216,-0.9408100092852557,-0.7871640192137824,0.7342339409722223,0.7098795572916666
10,48,0.0014395825564861298,0.001409692456945777,-0.8990355884587323,-0.7754769484202068,0.7423165027006173,0.7281032986111111
10,49,0.001414143480360508,0.001337073277682066,-0.8498106519381206,-0.6733703176180522,0.7478708526234568,0.728173828125
10,50,0.0013711366336792707,0.0013361616292968392,-0.7727770138669897,-0.6823726349406772,0.7554392119984568,0.7306911892361111
10,51,0.001363158575259149,0.001316878478974104,-0.772137294433735,-0.6574637320306566,0.756543571566358,0.7498046875
10,52,0.0013177546206861734,0.0012851320207118988,-0.6843959390381236,-0.6026148398717245,0.764599609375,0.7404242621527778
10,53,0.0013094877358525991,0.0013150263112038374,-0.649455142609867,-0.6221642507447137,0.7677294319058642,0.7304416232638888
10,54,0.0012686552945524454,0.0012793007772415876,-0.5908874388094302,-0.591871444384257,0.7636983989197531,0.7394314236111111
10,55,0.001245156629011035,0.0012794213835150003,-0.5654097398122152,-0.5906389594078064,0.7748420621141975,0.7113878038194444
10,56,0.0012675069738179445,0.0012463009916245937,-0.5960845171669383,-0.5360788888401455,0.7702299141589506,0.7271755642361111
10,57,0.0012497506104409695,0.0012551099061965942,-0.5910428435714157,-0.5421180698606703,0.7810818142361111,0.7433159722222222
10,58,0.0012393658980727196,0.001231314381584525,-0.5554491667099941,-0.5083036263783772,0.7877549913194445,0.7510633680555555
10,59,0.0012161809718236327,0.001216838601976633,-0.5231291148397658,-0.5059265163209703,0.7916395399305556,0.7653374565972222
10,60,0.0012289711739867926,0.0012938366271555424,-0.5442010672004135,-0.6116615149709913,0.7917763792438272,0.7578721788194445
10,61,0.0012228894047439098,0.001283849123865366,-0.5297110152833255,-0.5890066703160604,0.7815706983024692,0.7564832899305556
10,62,0.0012022677110508084,0.001250858185812831,-0.49146775566501383,-0.540693011548784,0.7893138744212963,0.7650607638888889
10,63,0.0011857344070449471,0.0012317611835896969,-0.46720808405935027,-0.5085349970393711,0.8040919174382716,0.7447645399305556
10,64,0.0011736225569620728,0.0012143775820732117,-0.4473947603025554,-0.5032152944140964,0.8008596161265432,0.7521592881944444
10,65,0.0011940801050513983,0.0012759818928316236,-0.4898621254497104,-0.6000035021040174,0.8075846354166667,0.7678873697916667
10,66,0.0011846877168864012,0.0012293203035369515,-0.46739482717749514,-0.5357967721091377,0.8172200520833334,0.7682400173611111
10,67,0.001161677297204733,0.0012274928158149123,-0.42424250576231215,-0.533747935295105,0.8220648871527778,0.7868706597222223
10,68,0.001173214870505035,0.0012292403262108564,-0.4628086359412582,-0.5411016980806986,0.823168643904321,0.78125
10,69,0.0011558744590729475,0.0012577611487358809,-0.4071575590121893,-0.5842243048879835,0.8304964795524692,0.794189453125
10,70,0.001168952789157629,0.0012152614071965218,-0.4508170935842726,-0.5206586705313788,0.831005256558642,0.7909776475694444
10,71,0.0011638409923762083,0.001231056870892644,-0.4270302350138441,-0.5591565251350403,0.8353859230324074,0.80341796875
10,72,0.0011484374990686774,0.0012297369539737701,-0.4175570351106149,-0.5496499869558547,0.8395115981867284,0.8139214409722222
10,73,0.0011558069381862879,0.0012214826419949532,-0.4249869854361923,-0.5318647530343797,0.8430579668209877,0.8116644965277777
10,74,0.0011446651769801974,0.0012224733363837004,-0.40213267979798495,-0.5327064447932773,0.8459340036651235,0.8090549045138888
10,75,0.001150048105046153,0.0012292503379285336,-0.4130386605674838,-0.5472719510396321,0.8481710551697531,0.8115776909722222
10,76,0.0011458678636699915,0.001230082823894918,-0.4036037461257275,-0.5529734306865268,0.8478883342978395,0.8170355902777777
10,77,0.0011469381861388683,0.0012321288231760263,-0.4106385462078047,-0.5595079991552565,0.8508258584104939,0.8226833767361111
10,78,0.0011459565721452236,0.0012397165410220623,-0.4106101863178206,-0.5725981606377496,0.8519302179783951,0.8198296440972223
10,79,0.0011430294252932072,0.001238166936673224,-0.4023726151313311,-0.5764802098274231,0.8527518566743827,0.8204915364583333
10,80,0.0011427123099565506,0.0012549482053145766,-0.4044557687676983,-0.5994436926311917,0.8543758439429012,0.8215440538194444
10,81,0.0011428473517298698,0.0012471582740545273,-0.404982817908864,-0.5914437505933974,0.8547212577160493,0.8255913628472222
10,82,0.0011414536274969578,0.0012462319573387504,-0.4022757743611748,-0.5884820010926989,0.8562162422839507,0.8236219618055556
10,83,0.0011368924751877785,0.0012460267171263695,-0.39630340852855167,-0.5857241842481825,0.8573748553240741,0.8235785590277778
10,84,0.0011375006288290024,0.0012443999294191599,-0.3967260591777754,-0.5885279602474637,0.8572096836419754,0.8268717447916667
