Fold,Epoch,Train_MSE,Val_MSE,Train_R2,Val_R2,Train_AuxAcc,Val_AuxAcc
1,1,0.0991847962141037,0.04681918025016785,-161.83793437863574,-66.75991834004721,0.9001054928626543,0.9889756944444444
1,2,0.03493953496217728,0.02516777068376541,-53.41316676434175,-35.29605530632867,0.9900667920524692,0.9902072482638888
1,3,0.019994283095002174,0.015632880851626396,-30.134723142341333,-21.391071849399143,0.991772159529321,0.99130859375
1,4,0.013026596046984196,0.010751686990261078,-19.20992126700319,-14.254470274183486,0.9917848186728395,0.9903211805555555
1,5,0.009314283728599548,0.007941828109323978,-13.226985193181921,-10.139276621076796,0.9906690055941358,0.9903428819444444
1,6,0.0071260337717831135,0.006429528351873159,-9.696173219033229,-7.831156910790337,0.9903030960648148,0.9869737413194445
1,7,0.005705033428966999,0.0048736585304141045,-7.45063494782389,-5.726609081692166,0.9887357735339506,0.991259765625
1,8,0.004736581817269325,0.0041567422449588776,-5.929194228737442,-4.625142203436957,0.9869665075231482,0.9898166232638889
1,9,0.003969157114624977,0.0035864952951669693,-4.691780306674816,-3.778110286924574,0.9877700617283951,0.9891655815972222
1,10,0.0034859883598983288,0.003134639235213399,-3.9401537742143797,-3.1396219783359105,0.9864854600694445,0.9850314670138889
1,11,0.0030850586481392384,0.0027651451528072357,-3.3068954441282483,-2.623318550321791,0.9852502893518519,0.9861002604166667
1,12,0.002790933009237051,0.0025901468470692635,-2.8506619270936944,-2.332214053471883,0.9855438609182099,0.9819607204861112
1,13,0.0025181081146001816,0.002098054625093937,-2.43520886692,-1.7257347795698377,0.9835292486496914,0.9914442274305556
1,14,0.0022612977772951126,0.0023616370745003223,-2.0460028688112897,-1.9205821302202013,0.9837408371913581,0.9839301215277778
1,15,0.0020799878984689713,0.001828992273658514,-1.772423181121732,-1.3064120716518826,0.9833285108024692,0.9866970486111111
1,16,0.0018910743528977036,0.0021562608890235424,-1.4857410551589212,-1.6059981717003717,0.9829041280864198,0.9793674045138889
1,17,0.0017608250491321087,0.001675901236012578,-1.283086194962631,-1.0401442103915743,0.9820210021219136,0.9852973090277778
1,18,0.001646901248022914,0.001612943597137928,-1.1226337709544618,-0.925540214114719,0.9820089457947531,0.9838161892361111
1,19,0.0015783801209181547,0.001406086958013475,-0.9925029542711046,-0.6867941604720221,0.9818473910108024,0.9824815538194445
1,20,0.0014544925652444363,0.0012904484756290913,-0.8384147648458128,-0.5384106106228299,0.9816098813657408,0.9867024739583333
1,21,0.0013748003402724862,0.0016869036480784416,-0.7201287462387556,-0.9180491818322076,0.9816032503858024,0.9792534722222223
1,22,0.001331823761574924,0.0014242548495531082,-0.6316509385167817,-0.6641264081001281,0.981298225308642,0.98564453125
1,23,0.0012582354247570038,0.0012764791026711464,-0.5555745915130332,-0.47363084024853175,0.9816948784722223,0.9835123697916667
1,24,0.001191112445667386,0.0010312034282833338,-0.4402464438367773,-0.19836562739478217,0.9810185185185185,0.9852756076388889
1,25,0.0011410287115722895,0.0012787757441401482,-0.3708585016521407,-0.43029920392566257,0.9819800106095679,0.9747775607638889
1,26,0.0011041297111660242,0.0012452416121959686,-0.31645239606315706,-0.41042553981145224,0.9804144965277778,0.9791341145833333
1,27,0.0010500545613467693,0.001237010001204908,-0.23991973679742695,-0.38338599999745687,0.9815598476080247,0.9807888454861111
1,28,0.0010241218842566013,0.0012565352953970432,-0.20419122672375337,-0.3833468834559123,0.9806001639660494,0.9778862847222223
1,29,0.0010037365136668086,0.0010711634531617165,-0.17401627508210546,-0.16144727336035836,0.9806164400077161,0.9851345486111112
1,30,0.0009631331777200103,0.0009866554755717516,-0.10103259498690381,-0.07573676506678263,0.9813747829861111,0.9808485243055556
1,31,0.0009293581824749708,0.0008210261003114283,-0.06947168700488997,0.09930117527643839,0.980861183449074,0.9851291232638889
1,32,0.0008981183636933565,0.0008944891160354018,-0.025921691052707627,0.03575291633605957,0.9808437017746914,0.9849283854166667
1,33,0.000879512692335993,0.0009038713178597391,0.0028654815238199115,0.04288792080349392,0.9805483217592592,0.9845323350694445
1,34,0.0008364411187358201,0.0009336612420156598,0.05035265934320144,-0.008919699986775716,0.9804850260416667,0.9848578559027777
1,35,0.0008219081209972501,0.0008280816255137324,0.07252463691028548,0.12593266699049208,0.9810697579089506,0.979833984375
1,36,0.0007906550890766084,0.0008811650332063437,0.11316415365831352,0.08531107902526855,0.9808153694058642,0.9786512586805556
1,37,0.0007583173573948443,0.0007721735746599734,0.14918840490741495,0.17663368384043376,0.9799509307484567,0.98291015625
1,38,0.0007565299747511744,0.0007812110707163811,0.15621792078018187,0.1591070228152805,0.980176986882716,0.9802408854166667
1,39,0.000728186103515327,0.0008280943729914725,0.18737514107315628,0.1280346737967597,0.9806007667824074,0.9814290364583333
1,40,0.0007181558175943792,0.000642165367025882,0.19730249981821318,0.3341367310947842,0.9803385416666667,0.9853569878472223
1,41,0.0006998520693741739,0.0008568767225369811,0.2339588898199576,0.12129797803031074,0.9805609809027778,0.9862250434027777
1,42,0.0006879105931147933,0.0008540878770872951,0.2466726581255595,0.11689351797103882,0.980540485146605,0.9830457899305556
1,43,0.0006871665827929974,0.0008918266394175589,0.2412212758888433,0.0994301504558987,0.9807050540123456,0.9793728298611111
1,44,0.0006491546519100666,0.0007176941144280136,0.28399183367505487,0.27122225496504043,0.9802438994984568,0.9844401041666667
1,45,0.0006332830525934696,0.0008254224667325616,0.3053096501915543,0.1633787473042806,0.9809425636574074,0.9805935329861111
1,46,0.0006254671607166529,0.000674173585139215,0.31722433272703193,0.3171673085954454,0.9805844907407407,0.9820963541666666
1,47,0.0006262404494918883,0.0006520176539197564,0.3253595405154758,0.3370714955859714,0.9804132908950617,0.9796712239583333
1,48,0.0006183453951962292,0.0006258385838009417,0.32918839763712,0.36406580607096356,0.9805489245756173,0.9836697048611112
1,49,0.0005963856820017099,0.0006214365130290389,0.3523905818845019,0.3743331472078959,0.9803873697916666,0.9801974826388888
1,50,0.0005782176158390939,0.0007045669481158257,0.372765612160718,0.28683696190516156,0.9803252797067902,0.983447265625
1,51,0.000572734628804028,0.0005988513003103435,0.38137720043276563,0.40873747799131604,0.9805049189814815,0.9826877170138889
1,52,0.000547054223716259,0.0007459407206624746,0.41331308977103526,0.25990623235702515,0.9807454427083333,0.9796766493055555
1,53,0.0005408477154560387,0.0006867416086606681,0.41517345243030124,0.3231116731961568,0.9810757860725309,0.9803819444444445
1,54,0.0005362050142139196,0.0006158640026114881,0.4168205287721422,0.40097085767322116,0.981031780478395,0.9820963541666666
1,55,0.0005434993654489517,0.0005839057266712189,0.41695720619625515,0.4240098754564921,0.9804994936342593,0.9838107638888889
1,56,0.0005185269401408732,0.0006073818658478558,0.44489028085897,0.39333835310406157,0.9812276957947531,0.9834635416666667
1,57,0.000499515444971621,0.0006913762772455812,0.4667968220180935,0.3233973291185167,0.9814639998070988,0.9825900607638889
1,58,0.000511382007971406,0.0007036500610411167,0.45982342458065645,0.3153895298639933,0.9813500675154321,0.9794867621527777
1,59,0.0004888772964477539,0.000596728059463203,0.47879170915226876,0.4181016074286567,0.9812222704475309,0.9835503472222222
1,60,0.00046835606917738914,0.0005261424230411649,0.4970518633171364,0.4905134015613132,0.9815254870756173,0.9816731770833333
1,61,0.0004629363538697362,0.0006740994285792112,0.506057392667841,0.311361030737559,0.9815031828703704,0.9821017795138889
1,62,0.0004542598035186529,0.0005411614547483623,0.5115059943846715,0.47052712440490724,0.9818250868055556,0.982958984375
1,63,0.00044672394869849086,0.0005813075113110244,0.522348940372467,0.4476868669191996,0.9818811487268518,0.9851508246527778
1,64,0.000441337120719254,0.0005607348284684122,0.5324948633158648,0.45797200732760956,0.9823676215277778,0.9825249565972223
1,65,0.0004450203268788755,0.0005851479945704341,0.5282751081902304,0.43133235507541234,0.9821891878858025,0.9850965711805556
1,66,0.00042746152030304074,0.0005647365469485521,0.5464874026216107,0.4435897615220812,0.982350139853395,0.9822916666666667
1,67,0.0004479736089706421,0.0005097525427117944,0.5208000478921113,0.5191036529011197,0.9820915316358024,0.9840386284722222
1,68,0.00040811009239405394,0.0005681701586581767,0.5666516883873646,0.4457682530085246,0.9825279706790123,0.9811577690972222
1,69,0.0004084220272488892,0.0006310034659691155,0.5634675585193398,0.3978186183505588,0.9823869116512346,0.9851888020833334
1,70,0.0004050100687891245,0.000585067318752408,0.5758839813279517,0.440189528465271,0.9827467930169753,0.9821397569444444
1,71,0.0003940207534469664,0.0005028102314099669,0.5836664787045232,0.5227856503592597,0.9828426408179012,0.985498046875
1,72,0.00037722414708696306,0.0005564021994359791,0.6000983354486065,0.4559540311495463,0.9830264998070988,0.9862141927083333
1,73,0.0003716524224728346,0.000521545996889472,0.6062954920309561,0.5136349227693345,0.9833514178240741,0.9844509548611111
1,74,0.00037759129190817475,0.00047938170609995723,0.6009480598532123,0.550933563709259,0.9835063416280864,0.9868326822916667
1,75,0.0003579246113076806,0.0005272571579553187,0.6214530866823079,0.4931133627891541,0.9835684317129629,0.9862901475694444
1,76,0.0003538282762747258,0.00048367257113568485,0.6281495335661335,0.5485239002439711,0.9837233555169753,0.9871690538194444
1,77,0.0003460090374574065,0.0005449120071716607,0.6397846208678352,0.4664079083336724,0.9837456597222223,0.9866482204861111
1,78,0.00033196358708664775,0.0005388387944549322,0.6517630210629216,0.49126517375310264,0.9839747299382716,0.9847276475694444
1,79,0.00034448225051164627,0.0005457898951135576,0.638899721186838,0.4634853641192118,0.9840410397376543,0.985791015625
1,80,0.00033193628769367933,0.0005678027519024909,0.6557191650072733,0.44757266839345294,0.983863208912037,0.9847981770833333
1,81,0.0003280328819528222,0.00047946081031113863,0.6540051608909795,0.5422292841805352,0.9840729890046296,0.9870334201388888
1,82,0.0003424128226470202,0.0005584346363320947,0.643207941967764,0.4756042692396376,0.9840139130015432,0.9855414496527778
1,83,0.00030472612706944346,0.00048107170732691884,0.6793890508604639,0.5505226612091064,0.9843436535493827,0.9873914930555555
1,84,0.0002773588930722326,0.0004502583760768175,0.7053796734338925,0.5841038876109653,0.9851393711419754,0.9874403211805556
1,85,0.0002590593649074435,0.0004587976145558059,0.7250380179028452,0.5757183538542854,0.9853286554783951,0.9886610243055556
1,86,0.0002565065515227616,0.00046586524695158005,0.7269579771124286,0.5665092587471008,0.985621624228395,0.9894694010416667
1,87,0.0002530579222366214,0.00046278792433440685,0.7292028387387594,0.5646827419598898,0.9857819733796296,0.9887966579861112
1,88,0.0002477020025253296,0.0005235692951828241,0.7332566061137635,0.5027180300818549,0.9858645592206791,0.9887532552083333
1,89,0.0002466841833665967,0.00046618864871561527,0.7348434963344056,0.5633778134981792,0.9859724633487654,0.9886447482638889
1,90,0.00023998250253498554,0.0005416655912995338,0.7425843100488921,0.48957575692070854,0.9859845196759259,0.9881890190972222
1,91,0.00024138712615240365,0.0004701765428762883,0.7407378117243449,0.5598471191194322,0.9860791618441358,0.9890082465277777
1,92,0.00022823775361757725,0.0005186210619285703,0.7546232692989302,0.5025314039654202,0.986326316550926,0.9890570746527778
1,93,0.00021926546469330788,0.0004792780091520399,0.7639558446260146,0.5551081445482042,0.9865306712962963,0.9896755642361111
1,94,0.00021632964489981532,0.0004656387900467962,0.7677056917437801,0.5663579490449694,0.98671875,0.9897298177083333
1,95,0.00022279488621279597,0.0005017136572860181,0.7616442165257018,0.5328178471989102,0.9865951726466049,0.9896321614583333
1,96,0.00021307056886143982,0.0004790491075254977,0.7691108387193563,0.5545618481106228,0.9868483555169754,0.9894422743055555
1,97,0.0002071670605801046,0.0004938672063872218,0.7761022046760276,0.5407632271448771,0.9868447386188272,0.989892578125
1,98,0.00020335082081146538,0.0004902576911263168,0.7799812600936419,0.54149143298467,0.9869532455632716,0.9901746961805555
1,99,0.00020084879361093044,0.0004968637367710471,0.7821647823592763,0.5332163638538785,0.9870979214891975,0.9901584201388889
1,100,0.00019852459081448615,0.0004972225287929177,0.7846557815869649,0.5377815418773227,0.9871630256558642,0.990283203125
1,101,0.00019459478789940476,0.0005002709804102778,0.7885139530087695,0.5335742857721116,0.9872456114969136,0.9902072482638888
1,102,0.00019150899606756866,0.0005042307311668992,0.7916688846953122,0.5307791577445136,0.9873643663194445,0.9901529947916666
1,103,0.0001911387371364981,0.0005085262237116694,0.7907249138679033,0.5266359554396736,0.987401740933642,0.9900282118055556
1,104,0.00018988634110428393,0.0004996867501176894,0.7928338184768771,0.5366747379302979,0.9874541859567901,0.9904730902777777
2,1,0.053982965648174286,0.02507234551012516,-82.5254951853811,-37.01057129965888,0.7070197964891975,0.9923556857638889
2,2,0.018351003527641296,0.01291445642709732,-27.585885727847064,-18.238424719704522,0.9922013647762346,0.990673828125
2,3,0.010288840159773827,0.008086592890322208,-14.513474450287996,-10.806125974655151,0.9911518614969136,0.9908908420138889
2,4,0.006835286505520344,0.00589038897305727,-9.199277422163222,-7.291825297143724,0.9910312982253087,0.9911024305555556
2,5,0.005162456538528204,0.0045819394290447235,-6.442816861176197,-5.294129297468397,0.9909511236496914,0.9900607638888889
2,6,0.004054542165249586,0.003485022811219096,-4.721930341661713,-3.7708984851837157,0.9896068431712963,0.9922146267361112
2,7,0.0033526942133903503,0.00277283089235425,-3.608364690380332,-2.7470618539386327,0.988523582175926,0.9911946614583333
2,8,0.0027911546640098095,0.0028400111477822065,-2.79062239387889,-2.6694895797305636,0.9873902874228395,0.9806694878472222
2,9,0.0024097273126244545,0.0021140784956514835,-2.2266665857515218,-1.7487044201956854,0.985643325617284,0.9876356336805555
2,10,0.002089099260047078,0.0021285146940499544,-1.7513116161028544,-1.7253651817639668,0.9851508246527778,0.9810872395833333
2,11,0.0019061726052314043,0.0017696830909699202,-1.4720029630778748,-1.2049075921376546,0.9842833719135803,0.9844509548611111
2,12,0.001689164899289608,0.0017132388893514872,-1.155172312259674,-1.048799463113149,0.9844557773919753,0.9833767361111111
2,13,0.0015653991140425205,0.0015916244592517614,-0.9534259306059943,-0.9430371642112731,0.9830717110339506,0.9849066840277778
2,14,0.0014566524187102914,0.0012681600637733936,-0.8011719684541961,-0.5186764968766107,0.9831904658564815,0.9836534288194444
2,15,0.001325002172961831,0.0013195679057389498,-0.6108606681411649,-0.5488661977979872,0.9827522183641976,0.9848415798611111
2,16,0.0012410128256306052,0.0011327095562592149,-0.48243280958246304,-0.33196064366234673,0.9818799430941358,0.9856499565972222
2,17,0.0011644100304692984,0.0011513977078720927,-0.4006110512180093,-0.30486578941345216,0.9823826919367284,0.9826009114583333
2,18,0.0011137204710394144,0.0010535713518038392,-0.30958996554951607,-0.19458202653461032,0.9822187258873457,0.9831163194444444
2,19,0.0010551068698987365,0.0010769765358418226,-0.2339024105189759,-0.23164035081863404,0.9818811487268518,0.9755316840277778
2,20,0.0010273627704009414,0.001016068272292614,-0.1840536563484757,-0.1362467712826199,0.9810070650077161,0.9852810329861111
2,21,0.0009876429103314877,0.0010424801148474216,-0.12313037595631164,-0.17394145197338529,0.9818190586419753,0.976318359375
2,22,0.0009344130521640182,0.0010515907779335976,-0.06486360467510459,-0.1714478227827284,0.9816068672839506,0.9717502170138889
2,23,0.0009230920113623142,0.0008654327830299735,-0.033000549416483185,0.055618196063571504,0.9811957465277777,0.98369140625
2,24,0.0008671933901496232,0.0009203945519402623,0.024088647041791752,0.02909456491470337,0.9814404899691358,0.9780436197916667
2,25,0.0008433073526248336,0.0008200256270356476,0.05290250454419925,0.11880161099963718,0.9811083381558642,0.9798394097222223
2,26,0.0008209133520722389,0.0009188466356135905,0.08410178187452716,0.045294850402408174,0.9813392168209877,0.9800021701388889
2,27,0.000791254686191678,0.000953426118940115,0.13064775172575022,-0.013331639766693115,0.9807484567901235,0.9800672743055555
2,28,0.0007791658281348646,0.000868265749886632,0.14530820964295188,0.0901292986339993,0.981031780478395,0.9711154513888889
2,29,0.0007391949184238911,0.0007809258531779051,0.1999581828529452,0.17937270005544026,0.9810281635802469,0.9742730034722222
2,30,0.0007220541592687368,0.0007844659266993403,0.22833356033136815,0.19288897249433729,0.9805621865354939,0.9818630642361111
2,31,0.00072281010216102,0.0007343713077716529,0.2284426110762137,0.23092608716752794,0.9811445071373457,0.974951171875
2,32,0.0007092131418175995,0.0007423919159919024,0.24552663373358455,0.22752852042516072,0.980345775462963,0.9858506944444444
2,33,0.0006848276243545115,0.0007118420908227563,0.2727577152075591,0.28602726459503175,0.9811541521990741,0.978564453125
2,34,0.0006800561677664518,0.0007246625609695911,0.27217525008284016,0.2879796478483412,0.9806236738040124,0.9747667100694445
2,35,0.0006536052678711712,0.0006178212934173644,0.3103439931516294,0.4112928509712219,0.9809745129243828,0.9813096788194444
2,36,0.0006294794729910791,0.0006284891860559583,0.3338502273147489,0.3916083176930745,0.980714699074074,0.9781087239583334
2,37,0.0006193151930347085,0.0007128980942070484,0.34608605452525765,0.2952139854431152,0.9804554880401235,0.9758572048611112
2,38,0.0006002087611705065,0.0008481007535010576,0.37657929055484723,0.11276131338543362,0.9811674141589506,0.9727756076388889
2,39,0.0006147471722215414,0.0007075547473505139,0.35502474985004945,0.2869391176435683,0.9809883777006173,0.976611328125
2,40,0.0005756773171015084,0.0006513290572911501,0.4001009355356664,0.370482247405582,0.9807653356481482,0.9804307725694444
2,41,0.0005578410346060991,0.0008531520143151283,0.41372272585645137,0.1401873058742947,0.9816014419367284,0.9779947916666667
2,42,0.0005967245670035481,0.0005789847346022725,0.3757324121616505,0.4440905849138896,0.9805079330632716,0.9801486545138889
2,43,0.0005622252356261015,0.0005944485310465097,0.4132227620960754,0.44314304457770454,0.9813512731481482,0.9788899739583333
2,44,0.0005297799361869693,0.0006447084015235305,0.4542469654554202,0.37597610420650907,0.9813880449459876,0.9801595052083333
2,45,0.000501020869705826,0.000617107842117548,0.4810744629965888,0.39752966297997366,0.9814205970293209,0.9822102864583333
2,46,0.0005067223682999611,0.000605657696723938,0.4740342511071099,0.4128786140018039,0.9813422309027777,0.9771647135416667
2,47,0.000511408259626478,0.0006188316037878394,0.4733211287745723,0.4163632326655918,0.9815074025848766,0.9792046440972222
2,48,0.00050097715575248,0.0005471007898449898,0.48868415517571534,0.4826975266138713,0.9815803433641975,0.9810004340277778
2,49,0.0004978263168595731,0.0007510335417464375,0.4786198284890917,0.24787126779556273,0.981494140625,0.9782389322916667
2,50,0.0004878002218902111,0.0005903745186515152,0.49739490467825054,0.4412194490432739,0.9815966194058642,0.9803927951388889
2,51,0.0004645853186957538,0.0005605397163890302,0.5220170337476848,0.47882192664676243,0.981665340470679,0.9787651909722223
2,52,0.00046580072375945747,0.0005799307255074382,0.5189387342076243,0.45610013405481975,0.9819926697530864,0.9775824652777778
2,53,0.0004509315767791122,0.0005263999337330461,0.5367889720716594,0.5086097359657288,0.9819426359953703,0.9823187934027777
2,54,0.00045362539822235703,0.0006333846249617636,0.5299022037305949,0.39586928023232354,0.9817334587191358,0.9800401475694445
2,55,0.0004400943871587515,0.0005291525740176439,0.5432668618213983,0.5072341680526733,0.9821512104552469,0.980908203125
2,56,0.0004226207674946636,0.0005118961562402546,0.566422853646455,0.5399105257458157,0.9820396894290123,0.9824055989583333
2,57,0.00040609337156638503,0.0006160815828479826,0.5777606755127142,0.4110544959704081,0.982688319830247,0.9780924479166667
2,58,0.00042937969556078315,0.0005403872346505523,0.5600216459344934,0.5019817378785875,0.9820692274305556,0.9794053819444445
2,59,0.0004091176961082965,0.0005386042757891119,0.5718656678258637,0.48620989852481417,0.9822874469521605,0.9807996961805555
2,60,0.00040096131851896644,0.0005478097009472549,0.5903986973527037,0.49318897326787314,0.9827938126929012,0.9775770399305556
2,61,0.000429515668656677,0.0005143057205714285,0.5492686757334957,0.545149811108907,0.9822295765817901,0.9773980034722223
2,62,0.00040484650526195765,0.0005373072344809771,0.5848196259251347,0.5103797011905247,0.9822187258873457,0.9783203125
2,63,0.0003941537579521537,0.0005781434010714293,0.5991348372565375,0.4497978687286377,0.9824291087962963,0.9777289496527778
2,64,0.0003697540960274637,0.0005402289098128676,0.6220471885469224,0.5072916375266181,0.9825285734953704,0.9781358506944444
2,65,0.00034272688208147883,0.00048678848543204367,0.6442997692543784,0.5571888539526197,0.9834520881558642,0.9803548177083333
2,66,0.00031528808176517487,0.0005163561436347663,0.6710461526741216,0.5406957745552063,0.9838620032793209,0.9810275607638889
2,67,0.00030696531757712364,0.0005017438088543713,0.6816958515732376,0.5550858802265591,0.9841760706018519,0.9817437065972222
2,68,0.0002983654267154634,0.0004926734836772084,0.6899519034373908,0.5630038327640957,0.9843352141203704,0.98232421875
2,69,0.0002932626521214843,0.0005294782458804548,0.6933642225500978,0.5251139839490254,0.9846342110339507,0.9810818142361111
2,70,0.00028702721465379,0.0005050624022260308,0.6980533429134039,0.5453566061125861,0.984788532021605,0.9828993055555556
2,71,0.00028489314718171954,0.0004888504627160728,0.7003226967505467,0.5701708727412753,0.9848445939429012,0.9829047309027777
2,72,0.00027600815519690514,0.00048058386892080307,0.7088574366804994,0.5696483241187201,0.9850350839120371,0.9827419704861111
2,73,0.0002714087604545057,0.0005332471337169409,0.7146822458432045,0.5118251893255445,0.9850634162808642,0.9829644097222222
2,74,0.0002846249262802303,0.0005207707872614264,0.6999809119436476,0.5423958725399441,0.985085117669753,0.9828450520833333
2,75,0.0002726017846725881,0.0005247812368907034,0.7137225895752142,0.5235330038600498,0.9852731963734568,0.9822102864583333
2,76,0.00027308042626827955,0.0005021087708882987,0.7156477258529192,0.5571345183584425,0.9853268470293209,0.9834092881944444
2,77,0.00026632065419107676,0.0005269269458949566,0.7197959540802755,0.5229838490486145,0.9853642216435186,0.9830837673611111
2,78,0.0002608089707791805,0.0004830659891013056,0.7267294187604645,0.5778522438473171,0.9853883342978395,0.9844184027777778
2,79,0.00025546865072101355,0.0004923989181406796,0.7302538851161062,0.5643288612365722,0.9856776861496913,0.9832953559027777
2,80,0.00024985906202346087,0.0004962641978636384,0.7364966847278454,0.5573118779394362,0.9858097029320988,0.984033203125
2,81,0.00023748844978399575,0.0005117031978443265,0.750642458892163,0.5481647623909844,0.9860423900462963,0.9838270399305555
2,82,0.0002250780671602115,0.0004972128081135452,0.7612992043848391,0.5699261440171136,0.986256389853395,0.9850314670138889
2,83,0.00021427942556329072,0.0005087140016257763,0.7719730522897509,0.5597348213195801,0.9865571952160493,0.9849283854166667
2,84,0.00021479967108462006,0.0005029940512031317,0.7696762635384077,0.5738782273398505,0.9866572627314815,0.9852376302083333
2,85,0.00020946453150827438,0.0004995123017579317,0.776133633101428,0.5717031558354696,0.9867109133873457,0.9849609375
2,86,0.00020512881746981293,0.0005232218536548316,0.7804117764955686,0.5492780499988132,0.9868959780092592,0.9845920138888888
2,87,0.00020477168436627835,0.0005201081512495875,0.7809881988866829,0.55378258228302,0.9869948398919753,0.9846625434027778
2,88,0.00020171166397631168,0.0005099519621580839,0.7843417947674975,0.5725279490152995,0.9869640962577161,0.9858344184027777
2,89,0.00019616668578237295,0.000523818249348551,0.7899177779386073,0.5522223432858785,0.9870955102237654,0.9853569878472223
2,90,0.00019182436517439783,0.0005191244999878109,0.7944145049577878,0.5571001794603135,0.9872269241898148,0.9854220920138889
2,91,0.0001910323480842635,0.0005271172849461436,0.7944234980477227,0.5525367206997341,0.9873077015817902,0.9856391059027778
2,92,0.00018841930432245135,0.000523356138728559,0.796967331862744,0.555931191974216,0.987326991705247,0.9858561197916667
3,1,0.0705852136015892,0.03526127338409424,-109.40742245897835,-52.39485314687093,0.8746793016975308,0.9953776041666667
3,2,0.026556506752967834,0.01904873549938202,-40.302382991932056,-27.641316223144532,0.994554157021605,0.9940538194444445
3,3,0.01506831869482994,0.011854943819344044,-22.116644138760037,-16.53898860083686,0.9933201919367284,0.9917371961805556
3,4,0.009710805490612984,0.008127333596348763,-13.62230863571167,-10.841580083635119,0.9913465711805556,0.9908148871527778
3,5,0.0068055372685194016,0.006245809607207775,-9.092460411271931,-7.824372249179416,0.9906756365740741,0.9851019965277777
3,6,0.0051382482051849365,0.004405411891639233,-6.438276821301307,-5.210964488983154,0.9891908998842592,0.9828993055555556
3,7,0.004019641317427158,0.003502943553030491,-4.705613655514187,-3.854068488544888,0.9876597463348765,0.98232421875
3,8,0.0032396491151303053,0.003025204408913851,-3.5124448944021154,-3.062276747491625,0.9850001205632716,0.9834147135416667
3,9,0.002725010272115469,0.0025609720032662153,-2.7473458307760734,-2.4080714888042873,0.9844792872299383,0.9841742621527778
3,10,0.002328862203285098,0.0020993391517549753,-2.13960074480669,-1.8099705139795939,0.9840211467978395,0.987548828125
3,11,0.0020207022316753864,0.002015157835558057,-1.6931783007986752,-1.6356595675150554,0.9836082175925925,0.9795789930555555
3,12,0.0018402966670691967,0.002190494444221258,-1.40531051232491,-1.6763308551576404,0.9829650125385803,0.9784125434027777
3,13,0.0016854603309184313,0.001598656876012683,-1.146973650985294,-1.025444291697608,0.981711757330247,0.9830132378472223
3,14,0.001492279814556241,0.0016166321001946926,-0.8884667041860981,-0.9934322622087267,0.9823410976080247,0.9800944010416667
3,15,0.001406174385920167,0.0013395142741501331,-0.7441513750288221,-0.6622717950079177,0.9814115547839506,0.9791612413194445
3,16,0.001260173274204135,0.001347509678453207,-0.5309777889722659,-0.6012382467587789,0.9811390817901234,0.9803439670138889
3,17,0.0011750358389690518,0.0011628323700278997,-0.39769469573173993,-0.39164532555474174,0.9814181857638888,0.9768446180555556
3,18,0.0011143716983497143,0.0011748966062441468,-0.31368342108196684,-0.3716003139813741,0.980762321566358,0.9837510850694444
3,19,0.0010670335032045841,0.001051550847478211,-0.23637753106929638,-0.20659212403827243,0.9807376060956791,0.9828342013888889
3,20,0.0010100636864081025,0.0010854661231860518,-0.16023242046803604,-0.25634883774651424,0.9804506655092593,0.9821560329861111
3,21,0.0009658787166699767,0.0010983692482113838,-0.10281571046805676,-0.24725559420055812,0.9805308400848766,0.9730088975694444
3,22,0.0009409354534000158,0.0009624381782487035,-0.06925590200188719,-0.08425612979465061,0.9801570939429012,0.9847601996527777
3,23,0.0008839743677526712,0.0009664943208917975,0.016853653060065376,-0.09908816152148776,0.9802402826003086,0.9837619357638889
3,24,0.0008596783736720681,0.0009386350866407156,0.043905283197944546,-0.030306454499562582,0.9803674768518519,0.985205078125
3,25,0.000840064138174057,0.0007815753924660385,0.07920541807457253,0.13646111620797052,0.9804621190200618,0.9763943142361111
3,26,0.0007868654793128371,0.0011786868562921882,0.1446375553990588,-0.3162396272023519,0.9801546826774692,0.9778862847222223
3,27,0.0007766056805849075,0.0009451539372093976,0.15718752263504782,-0.07788564231660632,0.9797242717978395,0.9743760850694444
3,28,0.0007812795229256153,0.0007373546250164509,0.1479265101162004,0.19822576178444756,0.979932243441358,0.9833713107638888
3,29,0.000733068329282105,0.0008326834649778903,0.2183610333336724,0.09736440049277412,0.9797550154320988,0.9757866753472222
3,30,0.0007043539662845433,0.000808221404440701,0.24750204071586515,0.12757176823086208,0.9798822096836419,0.9782931857638889
3,31,0.0007201077532954514,0.000714753579813987,0.2387609558340944,0.2314013746049669,0.979490981867284,0.980810546875
3,32,0.0006644735112786293,0.0008246084908023477,0.2879174345805321,0.14103228913413154,0.9798243393132716,0.9846462673611112
3,33,0.0006836870452389121,0.000778690620791167,0.28258417153064114,0.16963870922724406,0.9800232687114198,0.9821180555555555
3,34,0.0006441090372391045,0.0012417930411174893,0.3219044929669227,-0.31838846604029336,0.9795470437885803,0.9806586371527778
3,35,0.0006545208161696792,0.0009655345347709954,0.30616667285377597,0.02059461408191257,0.9796187789351852,0.9844672309027778
3,36,0.0006322602275758982,0.0007293034577742219,0.34145744111802845,0.23556493520736693,0.9796736352237654,0.9828450520833333
3,37,0.0006105928914621472,0.000646033207885921,0.36380929358211567,0.31905309756596884,0.9803307050540123,0.97607421875
3,38,0.0005967140896245837,0.0007623921846970916,0.37917591877925544,0.19918411175409953,0.9794692804783951,0.98115234375
3,39,0.0005895149079151452,0.0006699636578559875,0.3903568239859593,0.30563971201578777,0.9798930603780864,0.9833279079861111
3,40,0.0005862605175934732,0.0006077035795897245,0.3938787616329429,0.3691924280590481,0.9797483844521605,0.9806532118055555
3,41,0.0005703021306544542,0.0005956854438409209,0.4071003653385021,0.3892002688513862,0.9800636574074074,0.9829155815972223
3,42,0.0005695096333511174,0.0006033222889527678,0.41663435859444703,0.3860429220729404,0.979809871720679,0.9846245659722223
3,43,0.0005543535808101296,0.0007306794868782163,0.42955098858586066,0.223322331905365,0.9804012345679012,0.9788953993055556
3,44,0.0005420348607003689,0.0006551339174620807,0.4400719783924244,0.31133556365966797,0.9802818769290124,0.9790690104166667
3,45,0.0005127406911924481,0.0006678936770185828,0.48042774391763005,0.3124378350045946,0.9802770543981482,0.9825575086805556
3,46,0.0005256870063021779,0.0006383550935424864,0.461124352172569,0.3601811541451348,0.9805941358024691,0.981982421875
3,47,0.0004999650409445167,0.0007262607105076313,0.4848724457952711,0.2597989386982388,0.980494068287037,0.9811740451388888
3,48,0.0005057852249592543,0.000723939505405724,0.4822500876438471,0.2667136960559421,0.9804802035108025,0.9820963541666666
3,49,0.0004898423794656992,0.0006195108871906996,0.505609205034044,0.3864141000641717,0.9807954764660494,0.9821180555555555
3,50,0.00045653138658963144,0.0006236502667888999,0.5413074356538278,0.37065878046883477,0.980907600308642,0.9836751302083333
3,51,0.00043427327182143927,0.0005530150374397635,0.5529726518525018,0.44983701441023083,0.9816291714891975,0.9832194010416667
3,52,0.0004248556215316057,0.0005709980614483356,0.5679023011231128,0.42365337742699516,0.9818262924382716,0.9821940104166667
3,53,0.0004159675445407629,0.0006045105401426554,0.5758878219274827,0.3901163617769877,0.9818419656635803,0.9829806857638889
3,54,0.00041017652256414294,0.0006177566247060895,0.5806836035516527,0.36745988660388523,0.9821494020061728,0.9834309895833333
3,55,0.00040516204899176955,0.0006579235196113586,0.5849044707086352,0.34222985638512504,0.9822241512345679,0.9842122395833334
3,56,0.00040691724279895425,0.0005452525801956654,0.5812135449162236,0.46222385035620794,0.9823362750771605,0.9847384982638889
3,57,0.0004042714135721326,0.0005969962803646922,0.5869666857483946,0.3985480348269145,0.9825755931712963,0.9841254340277777
3,58,0.00039286245009861887,0.0005636704154312611,0.6002506462144263,0.4228908724255032,0.9824399594907407,0.9839138454861112
3,59,0.000382447789888829,0.000554090307559818,0.6090398750187438,0.4587037245432536,0.9827672887731481,0.9843098958333333
3,60,0.00037920777685940266,0.0005746871465817094,0.6080567860308989,0.4272707462310791,0.9827733169367284,0.9851779513888889
3,61,0.0003748726740013808,0.0005074967630207539,0.6157561951213413,0.503147444460127,0.9828468605324074,0.9849066840277778
3,62,0.00036412524059414864,0.0005117110558785498,0.6293386101722718,0.5070044517517089,0.983203125,0.9843641493055556
3,63,0.00037112770951353014,0.0005367918638512492,0.618886442390489,0.46174421575334335,0.9827262972608025,0.9853895399305556
3,64,0.00036862678825855255,0.0005345458630472422,0.6192388132766441,0.4525828692648146,0.9826979648919754,0.9829264322916667
3,65,0.00034392569796182215,0.0005233333213254809,0.6503058326097182,0.49053799443774754,0.9831579137731481,0.9862630208333333
3,66,0.0003398879780434072,0.0006571257254108787,0.6504830735701101,0.3362263666258918,0.9835780767746913,0.985498046875
3,67,0.0003466936177574098,0.0004909198032692075,0.646498229915713,0.5196733620431688,0.9835123697916667,0.9863661024305556
3,68,0.0003374444495420903,0.0005752708530053496,0.6574962078789134,0.42774522436989676,0.983811969521605,0.9860026041666666
3,69,0.00033713484299369156,0.0005488554015755653,0.6529492052984827,0.45734487904442683,0.9838698398919753,0.9859320746527778
3,70,0.00032452697632834315,0.000508346944116056,0.6675333967915288,0.5008607480261061,0.9840476707175926,0.986572265625
3,71,0.000310910283587873,0.0005784572567790747,0.6823081565491947,0.42794608804914686,0.9841929494598766,0.9846896701388889
3,72,0.0003131188568659127,0.0006661858642473817,0.6795630045879034,0.32454432778888276,0.9843388310185185,0.9847439236111111
3,73,0.00031410297378897667,0.0005696059670299292,0.6771168788274129,0.4312533815701803,0.9840157214506173,0.9881022135416667
3,74,0.0003052694082725793,0.0005093881045468152,0.6891179396782392,0.5035076671176486,0.9843888647762346,0.9863009982638888
3,75,0.00030580954626202583,0.0004834362771362066,0.6868171868500886,0.528963299592336,0.984400921103395,0.9867078993055556
3,76,0.00029342074412852526,0.0005121917929500341,0.6988935394051634,0.5072853684425354,0.9844702449845679,0.9868489583333333
3,77,0.0002854540362022817,0.0005236899596638978,0.707479539035279,0.48969647354549833,0.9849175347222222,0.9864474826388889
3,78,0.00027415918884798884,0.000528172415215522,0.7195610663037241,0.4846577869521247,0.9848765432098765,0.98701171875
3,79,0.00027379667153581977,0.0005688510718755424,0.7189077601020719,0.443416863017612,0.9853479456018519,0.986767578125
3,80,0.0002637782599776983,0.0005184581968933344,0.7285661111643285,0.5008464177449544,0.9853847173996914,0.9872395833333333
3,81,0.00025453820126131177,0.0005935230292379856,0.7373678928540077,0.43112991121080185,0.9855830439814814,0.9877170138888889
3,82,0.00027695432072505355,0.0005047514569014311,0.7126095212536093,0.5085269014040629,0.9854811680169753,0.9880479600694444
3,83,0.00027817412046715617,0.0005382991512306035,0.715274480684304,0.4777480138672723,0.9851773485725308,0.9870985243055556
3,84,0.00025201469543389976,0.0005158479325473309,0.7416681279370814,0.5085707386334737,0.9856372974537037,0.9884657118055555
3,85,0.00022523809457197785,0.0005469592288136482,0.7666717024497044,0.47380041148927476,0.9861267843364198,0.9881781684027777
3,86,0.00021963685867376626,0.0005028455634601414,0.7727347242979355,0.5204944332440694,0.9864577305169753,0.9890462239583333
3,87,0.00021162271150387824,0.0005315623711794615,0.7803434647159811,0.4944785992304484,0.9866512345679013,0.988818359375
3,88,0.00021111316164024174,0.0005610843072645366,0.7807629619115665,0.4574156125386556,0.9867778260030864,0.9889105902777777
3,89,0.00021103366452734917,0.000502381066326052,0.7803272556375574,0.5274809850586786,0.98671875,0.989599609375
3,90,0.00020611075160559267,0.0005425380659289658,0.7861838702802305,0.4841793060302734,0.9869833863811729,0.9892578125
3,91,0.0002020833780989051,0.0005040398682467639,0.7886107672879725,0.5220210909843445,0.9870707947530865,0.98955078125
3,92,0.00019240649999119341,0.0005510725313797593,0.7988282837985474,0.47433919376797146,0.9872516396604938,0.9894205729166666
3,93,0.0001890720013761893,0.0005370982107706368,0.8017874833978252,0.4910235603650411,0.9873728057484568,0.9895399305555556
3,94,0.00018671402358449996,0.0005512972129508853,0.804139119313087,0.4776677436298794,0.9875072337962963,0.9892578125
3,95,0.00018527696374803782,0.0005426447605714202,0.8047041345525671,0.48620569705963135,0.9875096450617284,0.9897840711805556
4,1,0.07564544677734375,0.028201192617416382,-119.3684693136333,-40.81870954301622,0.4425919897762346,0.9893283420138889
4,2,0.021361861377954483,0.015358197502791882,-32.19316137690603,-21.5783345858256,0.9897280092592593,0.9890733506944445
4,3,0.012377387844026089,0.009617061354219913,-18.104688689738143,-12.908513747321235,0.9902006172839506,0.9912977430555555
4,4,0.00824423972517252,0.006591503042727709,-11.370137889885608,-8.433720106548733,0.9901294849537037,0.9920355902777778
4,5,0.006045421585440636,0.005200246814638376,-7.907134663617169,-6.255104676882426,0.9905448254243827,0.9904188368055555
4,6,0.004752684850245714,0.004254320170730352,-5.827839210298326,-4.792787318759494,0.9899637104552469,0.9903645833333333
4,7,0.003913291729986668,0.003522999584674835,-4.49723254898448,-3.7361576424704657,0.9893180941358025,0.9890787760416667
4,8,0.0032812287099659443,0.0032260571606457233,-3.543679417209861,-3.254815255271064,0.9885681905864198,0.9850911458333333
4,9,0.002835187129676342,0.002376027638092637,-2.8825879491405724,-2.1268314599990843,0.987132282021605,0.9895941840277778
4,10,0.0024583181366324425,0.002228491473942995,-2.33548313850238,-1.860860288143158,0.9862509645061729,0.9891004774305555
4,11,0.002200358547270298,0.0023603797890245914,-1.9456056463865585,-1.9561876840061612,0.9848253038194444,0.9830512152777777
4,12,0.0020106974989175797,0.0017800547648221254,-1.6333450271759504,-1.2516026139259337,0.9843689718364198,0.9831217447916667
4,13,0.0017492221668362617,0.0015851969365030527,-1.2841736833254496,-0.9544345206684537,0.9833200713734568,0.9848578559027777
4,14,0.0016304252203553915,0.0015396481612697244,-1.089424137568768,-0.9053892665439182,0.9824393566743828,0.9825629340277777
4,15,0.0015176960732787848,0.0013745634350925684,-0.9158983761881605,-0.6507996254497104,0.9819384162808642,0.9790907118055555
4,16,0.0013892650604248047,0.0013571791350841522,-0.7300027576493628,-0.6337552309036255,0.9815315152391976,0.981005859375
4,17,0.0013128428254276514,0.001157254446297884,-0.613911462271655,-0.35066578918033176,0.9812415605709877,0.9820149739583334
4,18,0.0012288184370845556,0.0010469108819961548,-0.5041005580513566,-0.21188985109329223,0.9809395495756172,0.9874294704861111
4,19,0.0011696083238348365,0.0011591496877372265,-0.41075970066918266,-0.3095919966697693,0.9810932677469136,0.9810546875
4,20,0.001131369499489665,0.0009614076698198915,-0.3426180805689023,-0.0857931481467353,0.9810595100308642,0.9854220920138889
4,21,0.0010662662098184228,0.0011061506811529398,-0.26222133857232555,-0.19414803054597643,0.9808943383487654,0.983154296875
4,22,0.0010693317744880915,0.0009027558844536543,-0.24685938122831744,-0.0034025907516479492,0.980738811728395,0.9827256944444445
4,23,0.001001178054139018,0.0009051670785993338,-0.16599118886170564,0.00029717948701646596,0.9803819444444445,0.987548828125
4,24,0.0009747211588546634,0.001080322195775807,-0.12851790013136688,-0.1985158615642124,0.9811209972993827,0.9767957899305556
4,25,0.0009202589280903339,0.0011078331153839827,-0.05129676291972031,-0.21741864283879597,0.9809214650848765,0.9751844618055555
4,26,0.0009121285984292626,0.0008670837851241231,-0.04445448348551621,0.05872535308202108,0.979979263117284,0.98134765625
4,27,0.0008569526835344732,0.0009182573994621634,0.03315656582514445,0.00997563468085395,0.9804506655092593,0.9834255642361112
4,28,0.0008312861900776625,0.0008906031143851578,0.0700497297593105,0.047294186221228704,0.9804030430169753,0.9773491753472222
4,29,0.0008252505795098841,0.0010823288466781378,0.07146004099904756,-0.17319722970326742,0.9805115499614198,0.976318359375
4,30,0.0008086491143330932,0.000802940281573683,0.10843549216235125,0.12565028534995185,0.9800069926697531,0.9788031684027778
4,31,0.0007673971122130752,0.0007388985250145197,0.15323561945079286,0.2306436432732476,0.9800250771604938,0.9806477864583333
4,32,0.0007422987255267799,0.0008096275851130486,0.18134839799669053,0.1645448989338345,0.9801812065972222,0.9812608506944445
4,33,0.0007364950142800808,0.0007616283255629241,0.1992003854410148,0.22874534527460735,0.9800015673225309,0.9810655381944444
4,34,0.0006984103238210082,0.0009452978847548366,0.24316066871454686,0.007061584790547689,0.9801950713734567,0.9788682725694444
4,35,0.0007212707423605025,0.0007918765186332166,0.20975934090437712,0.14026021030214098,0.980055217978395,0.9774359809027777
4,36,0.0006878419080749154,0.00111592304892838,0.250954935874468,-0.12965139680438573,0.9803608458719136,0.9769205729166667
4,37,0.0006993107381276786,0.0006676214397884905,0.2375593591619421,0.32366481357150606,0.9796893084490741,0.9806098090277777
4,38,0.0006784147117286921,0.0006804928416386247,0.2719449293466262,0.3024048195944892,0.9802523389274691,0.9812065972222223
4,39,0.0006402236176654696,0.0007219117833301425,0.3133411238222946,0.27449108759562174,0.9800636574074074,0.9849989149305556
4,40,0.0006429114146158099,0.0006998733733780682,0.3125369523778374,0.3110072692235311,0.9804542824074074,0.9793511284722223
4,41,0.0006230382714420557,0.0007746942574158311,0.34556583607638325,0.22334501213497585,0.9805242091049383,0.9740831163194444
4,42,0.0006224544486030936,0.0006625400856137276,0.3394344276852078,0.3397131350305345,0.9801980854552469,0.9821397569444444
4,43,0.000588785856962204,0.000679641030728817,0.3718718062212438,0.33558345900641545,0.9807689525462963,0.9808430989583333
4,44,0.0005771167343482375,0.0007920018979348242,0.3884288703953778,0.2121030330657959,0.9804132908950617,0.9782172309027778
4,45,0.0005814600735902786,0.0006809146143496037,0.38724342201962886,0.3289978371726142,0.9804036458333333,0.9828938802083333
4,46,0.000562602945137769,0.0006710790330544114,0.4084967502841243,0.3585716552204556,0.9805471161265432,0.9810492621527778
4,47,0.0005462901317514479,0.0006848938064649701,0.4302434922736368,0.2934960948096381,0.9805875048225309,0.9814398871527777
4,48,0.0005592062952928245,0.0005637347348965704,0.41294749945770076,0.4711745619773865,0.9807816116898148,0.9826877170138889
4,49,0.0005256487638689578,0.000613225856795907,0.45063870394671407,0.4113338271776835,0.9808220003858025,0.9819986979166667
4,50,0.0005116790998727083,0.0005725512746721506,0.46363945699032444,0.46275556484858194,0.9811644000771605,0.9828504774305555
4,51,0.0004918326158076525,0.0006255795597098768,0.4899845132121333,0.4257138689359029,0.9807243441358025,0.9845160590277777
4,52,0.0005076730158179998,0.0005957487737759948,0.47126922754593836,0.43164868354797364,0.9811107494212963,0.9796712239583333
4,53,0.000503666524309665,0.0005638450384140015,0.4720132913118527,0.4687881006134881,0.9812524112654321,0.9789713541666667
4,54,0.000486069853650406,0.0005893142661079764,0.4944522860609455,0.43546072642008465,0.9807810088734568,0.9764214409722223
4,55,0.00048144697211682796,0.000610899762250483,0.5053569025463528,0.40511341094970704,0.9810100790895062,0.9768825954861111
4,56,0.0004753315879497677,0.0006390421185642481,0.5044667734040155,0.39153039852778115,0.9811824845679012,0.9794542100694444
4,57,0.00043184333480894566,0.0005962885916233063,0.5513928644451094,0.43079430129792956,0.9818913966049383,0.9826768663194444
4,58,0.0004017016035504639,0.0005708312964998186,0.5819508396548989,0.4619819204012553,0.9822470582561729,0.9833658854166667
4,59,0.00038876530015841126,0.0005625225603580475,0.5983035757217878,0.4725217938423157,0.9824019820601851,0.9825032552083334
4,60,0.0003822151047643274,0.0006092264084145427,0.5999134762787525,0.43518932263056437,0.9825520833333333,0.9831868489583333
4,61,0.00038808106910437346,0.0005712038255296648,0.5950175612061112,0.4593568709161546,0.9824508101851852,0.9820583767361111
4,62,0.00037926019285805523,0.0006062440806999803,0.6017065133577512,0.42443226443396675,0.982664809992284,0.9817708333333334
4,63,0.00037901464384049177,0.000593855045735836,0.6037535821949994,0.44952973657184175,0.9829632040895062,0.9827419704861111
4,64,0.00037774868542328477,0.000606548332143575,0.6069217035799851,0.4044809619585673,0.9830023871527778,0.9820258246527778
4,65,0.000377396063413471,0.0005218249280005693,0.6010582464712637,0.5162133879131741,0.9823109567901235,0.9855577256944444
4,66,0.0003560297191143036,0.0005849308799952269,0.6286925022984728,0.45280007786220977,0.9831615306712963,0.9826009114583333
4,67,0.00035386052331887186,0.000546226161532104,0.629808438560109,0.5008919874827067,0.9830873842592592,0.9833821614583333
4,68,0.00034129174309782684,0.0005770907737314701,0.6433971764128885,0.4585924956533644,0.9834822289737655,0.9832628038194444
4,69,0.0003362841089256108,0.0005547865875996649,0.6483907177124495,0.49243102471033734,0.983593147183642,0.9821614583333333
4,70,0.0003420327848289162,0.0006100282771512866,0.6431627532582224,0.42784471776750355,0.9835087528935185,0.9823350694444445
4,71,0.00034494345891289413,0.0005610152147710323,0.6429160636148336,0.47456819083955554,0.9835624035493827,0.9842556423611111
4,72,0.0003338254173286259,0.0005457921070046723,0.6500725425319908,0.49837092690997653,0.983643180941358,0.9834581163194445
4,73,0.00031784013845026493,0.0005869489395990968,0.6672689374582267,0.4434506813685099,0.9838921440972223,0.9837890625
4,74,0.0003062642063014209,0.0005485593574121594,0.6777991559770372,0.49043005572424997,0.9842695071373457,0.984912109375
4,75,0.000290397962089628,0.000525779090821743,0.6934819121419648,0.5189659476280213,0.984496768904321,0.9865614149305556
4,76,0.00027912436053156853,0.0005480288527905941,0.7037885963180919,0.49285548528035483,0.9847017264660494,0.9860297309027778
4,77,0.0002787791599985212,0.000582490349188447,0.7061827038541252,0.4625176535712348,0.984839771412037,0.9852213541666667
4,78,0.0002741050557233393,0.0005296008312143385,0.7088638463138063,0.5221954849031236,0.9849687741126543,0.9874674479166666
4,79,0.0002697384625207633,0.0005542756989598274,0.7130910314159629,0.48861480156580606,0.9850760754243827,0.9874565972222222
4,80,0.00026815588353201747,0.0005454873898997903,0.7153156880979185,0.4969875110520257,0.9853009259259259,0.9860514322916667
4,81,0.00026360206538811326,0.0005742067587561905,0.7181772187904075,0.48186808824539185,0.9852129147376543,0.9858072916666667
4,82,0.0002574596437625587,0.0005414390470832586,0.7262398250309038,0.5095704171392653,0.9853606047453703,0.987158203125
4,83,0.00025206906138919294,0.0005518283578567207,0.7320297185285591,0.4972539358668857,0.9855679735725309,0.9868977864583334
4,84,0.00024973697145469487,0.0005619447911158204,0.7335522722314906,0.48896406756507027,0.9856843171296297,0.9869737413194445
4,85,0.0002462249540258199,0.0005628784419968724,0.7368668685724706,0.4865372829967075,0.9857114438657407,0.986962890625
5,1,0.058917444199323654,0.023815592750906944,-95.41842747323307,-38.177773539225264,0.7981626157407408,0.9936740451388889
5,2,0.017753276973962784,0.012598073109984398,-26.291799799012548,-19.543436845143635,0.9939380787037037,0.9931260850694444
5,3,0.010156677104532719,0.007998527027666569,-14.241743749453697,-11.78502042028639,0.9933509355709876,0.9930284288194444
5,4,0.006760268937796354,0.005714181810617447,-9.013292777391127,-7.901043052143521,0.9923297646604938,0.9910915798611111
5,5,0.0050375256687402725,0.004130087792873383,-6.236917375635218,-5.378577235009935,0.9909348476080246,0.9918836805555555
5,6,0.004018498584628105,0.003285764018073678,-4.617390377433212,-3.991925989256965,0.9902072482638888,0.9909559461805556
5,7,0.003317934926599264,0.002580934204161167,-3.5235835402100175,-2.8907496664259167,0.988647159529321,0.9924370659722223
5,8,0.002817504806444049,0.0025200224481523037,-2.7803185507103247,-2.718937905629476,0.9866886091820988,0.9890245225694444
5,9,0.002421170473098755,0.0022490338888019323,-2.213384609163543,-2.214113145404392,0.9861961082175926,0.9819715711805556
5,10,0.0021421273704618216,0.0016473134746775031,-1.7836541047802679,-1.3630975445111593,0.98447265625,0.9878689236111111
5,11,0.0019027433590963483,0.0019132441375404596,-1.4421917160352071,-1.689938113424513,0.9839283130787037,0.9741970486111111
5,12,0.001757937017828226,0.0014651985839009285,-1.212270462218626,-1.028219144874149,0.9835672260802469,0.9764702690972222
5,13,0.001581341726705432,0.0013580294325947762,-0.9578802158803116,-0.8607856419351366,0.9817804783950618,0.9852267795138889
5,14,0.0014656966086477041,0.0011395257897675037,-0.7888179193308325,-0.5417956007851494,0.9818100163966049,0.9824490017361112
5,15,0.0013750167563557625,0.0012286006240174174,-0.6601814063978784,-0.6190031038390266,0.9812415605709877,0.9832628038194444
5,16,0.0012887364719063044,0.0012963376939296722,-0.5266022192107307,-0.7378420776791043,0.9817310474537037,0.9732259114583334
5,17,0.001215446158312261,0.0011448732111603022,-0.43690435297695207,-0.4984085851245456,0.9807984905478395,0.9706380208333333
5,18,0.0011923853307962418,0.0010712241055443883,-0.38832275793876175,-0.39554356998867457,0.980982349537037,0.9762803819444444
5,19,0.0011057357769459486,0.0009300718083977699,-0.2689619807549465,-0.21515766779581705,0.9804000289351852,0.9806532118055555
5,20,0.0010434583527967334,0.0010031374404206872,-0.19389372637242447,-0.2798487901687622,0.9804386091820988,0.9821397569444444
5,21,0.001011672429740429,0.0009093084954656661,-0.1479882355089541,-0.1511159790886773,0.9805941358024691,0.9818250868055556
5,22,0.0009799866238608956,0.0009183146175928414,-0.09946672769240392,-0.14442253510157269,0.9804223331404321,0.9807074652777777
5,23,0.0009294904884882271,0.0008863883558660746,-0.031992577329094024,-0.0860394729508294,0.9806755160108025,0.9791178385416667
5,24,0.0009201582870446146,0.0009977311128750443,-0.018872514330310584,-0.20767588615417482,0.9807255497685186,0.9793999565972222
5,25,0.0009047653875313699,0.0011518090032041073,-0.00395246700004295,-0.4245959877967834,0.9804259500385802,0.9774956597222222
5,26,0.0008435851777903736,0.0007741884328424931,0.08421006600062052,0.05126392576429579,0.9801347897376543,0.9815972222222222
5,27,0.0008134529925882816,0.0008079754188656807,0.11906425688001844,0.020217941866980657,0.9804054542824074,0.9808539496527777
5,28,0.0008002360118553042,0.0007238473044708371,0.13934354929276455,0.11969842380947537,0.9799660011574074,0.9798448350694444
5,29,0.0007638474344275892,0.0008391542360186577,0.17808527019288806,0.005224257045321994,0.9805869020061728,0.9727484809027778
5,30,0.000783405383117497,0.0006891347002238035,0.1606430635040189,0.18172817230224608,0.9802035108024691,0.9762532552083333
5,31,0.0007381290779449046,0.0007114411564543843,0.2205442546326437,0.1596719993485345,0.9802511332947531,0.9739474826388889
5,32,0.0007325229234993458,0.0007223611464723945,0.2246587054229077,0.131743856271108,0.9802915219907408,0.9662923177083333
5,33,0.0007447098032571375,0.0006928977090865374,0.22096219901685363,0.17392006317774455,0.9796694155092592,0.9796983506944444
5,34,0.0007004470098763704,0.0006798540125600994,0.25867920083764157,0.17715960211224027,0.9803994261188271,0.9803765190972222
5,35,0.0006700188387185335,0.0007293111411854625,0.29770189626717275,0.15597393115361533,0.9803361304012346,0.978125
5,36,0.0006483093020506203,0.0007593394257128239,0.32142661221233415,0.12755630281236435,0.9807376060956791,0.97734375
5,37,0.000642282422631979,0.0006288248696364462,0.3286134727207231,0.2757468952072991,0.9804868344907407,0.9703559027777777
5,38,0.0006360484985634685,0.0006529049715027213,0.3402415210818067,0.2557513369454278,0.9796700183256173,0.9800998263888889
5,39,0.0006277442444115877,0.0005582072772085667,0.3482557514567434,0.38547875351376004,0.9800425588348766,0.9810492621527778
5,40,0.0006080433959141374,0.0005492358468472958,0.3761457260744071,0.3851223362816705,0.9806297019675926,0.9797092013888888
5,41,0.0005794928874820471,0.0006555060390383005,0.40069313284791547,0.257235750887129,0.9808545524691358,0.9719672309027778
5,42,0.0005991103826090693,0.0005755932070314884,0.3825766819494742,0.35245189136928984,0.9803548177083333,0.9781575520833333
5,43,0.0005733539001084864,0.0005438111256808043,0.4141664646289967,0.397562132941352,0.980444637345679,0.9793077256944445
5,44,0.0005576869007200003,0.0005553526571020484,0.43030334137104176,0.39501225550969443,0.9804554880401235,0.9784125434027777
5,45,0.0005450038006529212,0.000624840788077563,0.44192497494779986,0.3150637070337931,0.9808232060185185,0.97431640625
5,46,0.0005333820008672774,0.0005469216266646981,0.4514060616493225,0.3990630136595832,0.9807020399305556,0.9822319878472222
5,47,0.0005403056857176125,0.0005767992697656155,0.4483141877033092,0.35631809896892974,0.980958236882716,0.9766276041666667
5,48,0.0005229311063885689,0.0005372779560275376,0.46964347862902983,0.40184375445048015,0.9807062596450618,0.9792154947916667
5,49,0.0005140511784702539,0.0005550673231482506,0.48024418030256105,0.40142703453699746,0.9809431664737654,0.9770399305555556
5,50,0.0005179437575861812,0.0005179860745556653,0.47476916136565034,0.42415307097964816,0.9808907214506173,0.9826822916666667
5,51,0.0005104666342958808,0.0005953152431175113,0.4752505355411106,0.3422112252977159,0.9812783323688271,0.9744574652777778
5,52,0.00048112223157659173,0.0005672977422364056,0.5135287936822868,0.4126213828722636,0.9812596450617284,0.977783203125
5,53,0.00047324737533926964,0.0004708540509454906,0.5272687960554052,0.5071376734309726,0.9814766589506173,0.9798665364583333
5,54,0.00047865958185866475,0.0005344155943021178,0.5149783530353028,0.43099889490339494,0.9815098138503087,0.9801486545138889
5,55,0.00046730917529203,0.0005041268886998296,0.5234073050228166,0.4747173481517368,0.981201774691358,0.9803602430555556
5,56,0.00044860440539196134,0.00044506866834126413,0.5489591099597789,0.5436824123064677,0.9817744502314815,0.9807996961805555
5,57,0.00043437269050627947,0.0005570666398853064,0.5623847798064903,0.4050663193066915,0.9817648051697531,0.9777886284722223
5,58,0.00044997595250606537,0.0005320712807588279,0.5480603045887418,0.44666661818822223,0.9816195264274692,0.9760959201388889
5,59,0.00043057496077381074,0.0004520562943071127,0.5711569343084171,0.535729608270857,0.9814067322530864,0.9808485243055556
5,60,0.0004418354365043342,0.00042614020640030503,0.5585461929992394,0.5664834631813898,0.981715374228395,0.9823025173611111
5,61,0.00041907792910933495,0.00046660343650728464,0.585125207901001,0.511283716890547,0.9820246190200618,0.9799424913194444
5,62,0.0004319465660955757,0.0005083266878500581,0.5691195929491961,0.4646494189898173,0.9822579089506173,0.9809950086805556
5,63,0.000414717331295833,0.000497144996188581,0.582859366617085,0.48401218122906153,0.9824827594521605,0.9825249565972223
5,64,0.0003983200585935265,0.0004982253303751349,0.5997273249390684,0.4725948346985711,0.9827467930169753,0.9820095486111111
5,65,0.00037239270750433207,0.0004605123831424862,0.626135755026782,0.5388793918821547,0.9827088155864198,0.9815266927083334
5,66,0.0003755904035642743,0.0004657626268453896,0.6225443929801753,0.536948111322191,0.9832248263888889,0.9824924045138889
5,67,0.00038348269299604,0.000640444690361619,0.6137536809768206,0.27851973507139416,0.9832845052083333,0.9789171006944445
5,68,0.0003830913337878883,0.00045138393761590123,0.6213726736881114,0.5225940982500712,0.9830289110725309,0.9829372829861112
5,69,0.0003402454312890768,0.0004694481904152781,0.6594199570608728,0.5096522159046597,0.9834056712962963,0.9841851128472222
5,70,0.00031994885648600757,0.0004379230085760355,0.6825300678794767,0.5594380643632677,0.9842019917052469,0.9825466579861111
5,71,0.0003091797698289156,0.0004388803499750793,0.6898612747957678,0.5510460178057353,0.9841694396219136,0.9837944878472222
5,72,0.0003048079670406878,0.0004289387143217027,0.6929933612729297,0.5698815796110365,0.9843725887345679,0.983251953125
5,73,0.0002980422868859023,0.0004300849395804107,0.7028809300175419,0.5699925396177504,0.9846468701774691,0.9838433159722222
5,74,0.00028707232559099793,0.00045658453018404543,0.7107677196278984,0.5413080281681485,0.9847770785108024,0.9844075520833333
5,75,0.0002823001123033464,0.00045244849752634764,0.7144308069605886,0.5449407524532742,0.9849229600694445,0.9841905381944445
5,76,0.0002823221730068326,0.00042600338929332793,0.7138882367699234,0.5692571348614163,0.9851013937114198,0.9841200086805556
5,77,0.000282017863355577,0.000424336816649884,0.7140508373578389,0.5769112560484144,0.9849320023148148,0.985205078125
5,78,0.0002737735630944371,0.00043198998901061714,0.7223537342047985,0.5696658002005683,0.9852376302083333,0.9847601996527777
5,79,0.0002658372977748513,0.00044927914859727025,0.7318285010479114,0.5432079884741041,0.9854443962191358,0.983837890625
5,80,0.0002664730418473482,0.0004394992138259113,0.7330290444103288,0.5661331905259026,0.9855685763888888,0.9845703125
5,81,0.00026539491955190897,0.0004446329839993268,0.7321741998931508,0.5523892415894402,0.9855384355709876,0.9843967013888889
5,82,0.00026806409005075693,0.00041114463238045573,0.7311223277339229,0.6039118356174893,0.9854914158950617,0.9858506944444444
5,83,0.00025425132480449975,0.00041661117575131357,0.7463292820954028,0.5963150103886922,0.9856855227623457,0.9856174045138889
5,84,0.0002543711743783206,0.0004195764195173979,0.7451649370016875,0.5845725178718567,0.9857946325231481,0.9853135850694444
5,85,0.00025874690618366003,0.00043911076500080526,0.7392994655503167,0.564670901828342,0.9857771508487654,0.9847493489583333
5,86,0.00025456876028329134,0.0004325222107581794,0.742584890200768,0.5779591295454237,0.9857620804398148,0.9852267795138889
5,87,0.00026143676950596273,0.00040695848292671144,0.7426349023242056,0.6178452571233114,0.985717472029321,0.9862575954861111
5,88,0.0002582963206805289,0.0004293844976928085,0.7409083790249295,0.5767211768362257,0.9858934944058642,0.9857638888888889
5,89,0.00024144853523466736,0.00043908049701713026,0.7569151558993775,0.5614390982521905,0.9859893422067901,0.9847547743055556
5,90,0.0002445135614834726,0.0004415091243572533,0.7561962891508032,0.5698577695422702,0.986108097029321,0.9859754774305556
5,91,0.0002302775246789679,0.00041975005296990275,0.7693210974151705,0.5975368075900608,0.9864161361882716,0.9859917534722222
5,92,0.0002239043969893828,0.000448466744273901,0.7726686811741488,0.5655813919173347,0.9865348910108025,0.9860948350694444
5,93,0.00022163864923641086,0.0004218177928123623,0.7768129473851051,0.5926609383689032,0.9866120515046296,0.9864149305555555
5,94,0.00022721222194377333,0.00043996277963742614,0.770622502874445,0.5775146881739298,0.9866066261574075,0.9851291232638889
5,95,0.00023114013310987502,0.00040495721623301506,0.7681724227504966,0.61511080927319,0.9866355613425926,0.985693359375
5,96,0.00022848922526463866,0.0004316561098676175,0.768507417631738,0.5851502617200216,0.9866313416280864,0.9857638888888889
5,97,0.00023222148593049496,0.00044622799032367766,0.7657060735019636,0.5763049999872843,0.9866415895061729,0.9850694444444444
5,98,0.00023296373547054827,0.0004555898776743561,0.7675361387523604,0.5465653856595357,0.9864070939429013,0.9857693142361111
5,99,0.00022384358453564346,0.0004468613478820771,0.7766614700541085,0.5673254503144158,0.9866584683641976,0.98583984375
5,100,0.00021450570784509182,0.00042015459621325135,0.7847341591929212,0.592426602045695,0.9867730034722222,0.9852593315972222
5,101,0.00022082283976487815,0.00042172017856501043,0.7784576934060933,0.6060408314069112,0.9866777584876543,0.9866156684027778
5,102,0.00021215427841525525,0.0004511979059316218,0.7860522214277291,0.5759991500112746,0.9867947048611111,0.9847710503472222
5,103,0.00021285908587742597,0.00041980063542723656,0.7869981592084154,0.5972638580534193,0.9869604793595679,0.9851291232638889
5,104,0.0001952167513081804,0.0004243715084157884,0.8039805818487097,0.5919372095002069,0.9871316792052469,0.9864691840277777
5,105,0.00018078580615110695,0.0004406780353747308,0.8167694128589865,0.5779567122459411,0.9875771604938272,0.9869466145833333
5,106,0.00017387536354362965,0.0004494063032325357,0.8234679965325343,0.5707325127389696,0.987745346257716,0.9869303385416667
5,107,0.0001712232333375141,0.0004434515140019357,0.8252659994878887,0.5750667346848382,0.9879551263503087,0.9873752170138889
5,108,0.00016802613390609622,0.0004384908243082464,0.829310730504401,0.5846000022358364,0.9880509741512346,0.9872829861111111
5,109,0.00016634489293210208,0.00043751372140832245,0.8301534016927083,0.5875369085205926,0.9881221064814815,0.9872667100694444
5,110,0.00016172233154065907,0.00045258132740855217,0.8340783596038819,0.5722224447462294,0.9882722077546297,0.9873209635416667
5,111,0.00016095413593575358,0.0004493844462558627,0.8352119154400296,0.5742901179525587,0.9883572048611111,0.9873372395833333
5,112,0.00015740700473543257,0.0004505410906858742,0.8394060070132032,0.5735344979498121,0.9884229118441358,0.9877061631944445
5,113,0.00015410149353556335,0.0004474123998079449,0.8417064331195973,0.582619677649604,0.988501880787037,0.9879665798611111
5,114,0.00015248314593918622,0.00045140282600186765,0.8437894182440675,0.5787231657240126,0.9886134018132716,0.9881184895833334
5,115,0.00015226502728182822,0.00045768957352265716,0.8433439491707602,0.5699367629157173,0.9886586130401235,0.9879774305555555
6,1,0.07852550595998764,0.03593296930193901,-117.05690930919883,-51.778930770026314,0.9388870804398148,0.9944227430555556
6,2,0.02691132202744484,0.019386662170290947,-41.04546112013452,-27.24238469865587,0.994360652970679,0.9948025173611111
6,3,0.01544385775923729,0.012185263447463512,-22.898623623671355,-16.502743826972115,0.9939706307870371,0.9937228732638889
6,4,0.010211668908596039,0.008803321048617363,-14.615121008437356,-11.339052147335476,0.9926384066358025,0.9917643229166667
6,5,0.007450801320374012,0.006710551679134369,-10.107211027616335,-8.178235144085354,0.9910783179012346,0.9913465711805556
6,6,0.005782949738204479,0.0054857246577739716,-7.537422192538226,-6.322872360547383,0.9893036265432099,0.989453125
6,7,0.004646600224077702,0.004585625603795052,-5.725339304370645,-5.005516661538018,0.9869990596064815,0.9705349392361111
6,8,0.0038587497547268867,0.0038352403789758682,-4.49545388162872,-3.961360600259569,0.9853702498070988,0.9779242621527777
6,9,0.0032720756717026234,0.0032911784946918488,-3.6030601610372095,-3.2096227169036866,0.9853238329475309,0.9809895833333333
6,10,0.0028293735813349485,0.0027011276688426733,-2.9445214186185673,-2.452351535691155,0.9842116367669753,0.9814181857638888
6,11,0.0025025915820151567,0.0022245037835091352,-2.45044211472994,-1.8332627111011082,0.9837131076388889,0.9863986545138889
6,12,0.002203238196671009,0.0021327422000467777,-1.9974030452010072,-1.6562812513775296,0.9836461950231481,0.9835991753472222
6,13,0.0020345267839729786,0.0018256809562444687,-1.7189777974729186,-1.2623927725685968,0.9827045958719136,0.9854437934027778
6,14,0.0018102123867720366,0.0017785197123885155,-1.4154618791591973,-1.1603216171264648,0.982958984375,0.9797417534722223
6,15,0.0016780149890109897,0.0017768172547221184,-1.20429762646004,-1.0842756999863519,0.9822126977237654,0.9784288194444445
6,16,0.0015477545093744993,0.001651857397519052,-1.0122756444377663,-0.9027277880244785,0.9816315827546296,0.9873480902777778
6,17,0.0014776664320379496,0.0014381671790033579,-0.9014823885611546,-0.6454786989423964,0.9822187258873457,0.9811577690972222
6,18,0.0013472711434587836,0.001431344309821725,-0.7066502888997396,-0.6053867777188618,0.9814736448688272,0.9754123263888889
6,19,0.001308573642745614,0.0012333819177001715,-0.6410296836017091,-0.3792159914970398,0.9816978925540123,0.9853352864583333
6,20,0.0012449476635083556,0.0013478391338139772,-0.5462474565447113,-0.4871556109852261,0.98173828125,0.9820692274305556
6,21,0.0011723298812285066,0.0012137177400290966,-0.44073105653127037,-0.32749457889133027,0.9808877073688271,0.9828504774305555
6,22,0.0011028698645532131,0.0011766394600272179,-0.34231009483337405,-0.27412213881810504,0.9811710310570988,0.9739095052083333
6,23,0.00107200862839818,0.001033511245623231,-0.28862024707558714,-0.10875238842434354,0.9802330488040123,0.9825358072916667
6,24,0.00097952492069453,0.0011293035931885242,-0.1759165185469168,-0.18571234676573012,0.980469955632716,0.9808973524305555
6,25,0.0009702570387162268,0.0011782500660046935,-0.15618264380796457,-0.2105019172032674,0.9806327160493827,0.9733561197916667
6,26,0.0009536389843560755,0.001134591642767191,-0.11673204722227874,-0.1763439695040385,0.9802017023533951,0.9708821614583333
6,27,0.0008811733569018543,0.0011798348277807236,-0.03481580592967846,-0.19626098606321546,0.9801546826774692,0.9758517795138889
6,28,0.0008637842838652432,0.0010272993240505457,-0.004410948282406654,-0.028056932820214167,0.980639347029321,0.9763075086805556
6,29,0.000843150308355689,0.00112720369361341,0.020599766572316488,-0.14480317036310833,0.9805694203317902,0.9732584635416667
6,30,0.0008250580867752433,0.00084350083488971,0.051141699155171715,0.15528718365563288,0.9798526716820988,0.9818196614583333
6,31,0.0007892617722973228,0.0008440908277407289,0.09702565331517914,0.15852077139748466,0.9805633921682099,0.9765625
6,32,0.0007719391724094748,0.0008709128014743328,0.12638581844023716,0.13086001740561592,0.9798990885416666,0.9824327256944444
6,33,0.0007492731092497706,0.0009436114924028516,0.14798044952345482,0.06671260860231187,0.9804554880401235,0.9792805989583333
6,34,0.000708363950252533,0.0008779404452070594,0.2031377876246417,0.14744371043311225,0.9802390769675926,0.9797634548611112
6,35,0.0007084492826834321,0.0009461196605116129,0.2015444146262275,0.08664682573742337,0.9805139612268519,0.9809190538194444
6,36,0.0006865080795250833,0.0009882934391498566,0.23200400876410213,0.03485878441068861,0.980321662808642,0.9804796006944444
6,37,0.000690474989823997,0.0008382898522540927,0.22897384269737903,0.18673781156539918,0.9803542148919753,0.9787868923611112
6,38,0.0006652348674833775,0.0008630247320979834,0.26142457090778115,0.19140003787146675,0.9806923948688272,0.9783745659722223
6,39,0.0006315751816146076,0.0007811549585312605,0.296729318153711,0.2612210048569573,0.9803638599537037,0.9784722222222222
6,40,0.000613544078078121,0.0007815338321961462,0.3210447745558656,0.2649274547894796,0.9803964120370371,0.9776150173611111
6,41,0.0006166108651086688,0.000705010665114969,0.3214159649095418,0.34584001037809586,0.9805694203317902,0.9790961371527778
6,42,0.0005861491663381457,0.0009042673045769334,0.3574210446557881,0.14714876545800104,0.9807581018518519,0.9760796440972223
6,43,0.0006071592797525227,0.000820384593680501,0.3298089520430859,0.23579769531885783,0.9811861014660493,0.9726399739583333
6,44,0.0005789246642962098,0.0009074833942577243,0.3645499132297657,0.15831378565894233,0.9806773244598765,0.9748263888888888
6,45,0.0005691739497706294,0.0007297334959730506,0.38308873927151715,0.33206830819447836,0.9806984230324074,0.9795627170138889
6,46,0.00054583401652053,0.0008739705081097782,0.4143531243006388,0.17284012238184612,0.9810733748070988,0.9790907118055555
6,47,0.0005508273025043309,0.0007821262115612626,0.3996208084954156,0.2791315131717258,0.9807568962191358,0.9791232638888889
6,48,0.0005420340457931161,0.0007411895785480738,0.4132489308898832,0.32146676381429035,0.9806622540509259,0.9804253472222222
6,49,0.0005141068249940872,0.0007401293842121959,0.44774468886999436,0.3074346767531501,0.9811011043595679,0.9779947916666667
6,50,0.00048116472316905856,0.0007505920366384089,0.47864340293554614,0.31454714404212103,0.9816364052854938,0.9811143663194445
6,51,0.0004686766769737005,0.0006989035755395889,0.48916965149067065,0.3669427315394084,0.9819179205246914,0.9818305121527777
6,52,0.00045863434206694365,0.0006984435603953898,0.5015808053958564,0.36948291195763483,0.9821397569444444,0.9821397569444444
6,53,0.00044691914808936417,0.000670800800435245,0.5106972017405945,0.39206227991316056,0.9823688271604938,0.9811577690972222
6,54,0.00044609152246266603,0.0007129112491384149,0.5133779669985359,0.34988443586561413,0.9823899257330246,0.9838433159722222
6,55,0.0004459482152014971,0.000707032042555511,0.5159499060960464,0.36442045635647247,0.982447796103395,0.9821885850694444
6,56,0.00043050898239016533,0.0007151183672249317,0.532447706328498,0.35302785105175444,0.9825165171682099,0.9834906684027778
6,57,0.00042271713027730584,0.0007766849012114108,0.5386372095272864,0.29592301448186237,0.982737750771605,0.9811686197916667
6,58,0.0004119665827602148,0.0007102705421857536,0.5529918469028708,0.3606599834230211,0.9829668209876543,0.9828233506944445
6,59,0.0004178192466497421,0.0007001429330557585,0.5443386441395607,0.3610309852494134,0.9826871141975309,0.9838704427083333
6,60,0.00042197381844744086,0.0006845269235782325,0.5368456504963063,0.38889934486813016,0.9827027874228395,0.9851942274305555
6,61,0.0004051838186569512,0.0008121889550238848,0.5631209394078196,0.2796100868119134,0.9830518180941358,0.9827690972222223
6,62,0.00039553389069624245,0.0006817608373239636,0.5755997737248738,0.39582874245113797,0.9833411699459876,0.9851725260416667
6,63,0.0003685664851218462,0.000668682623654604,0.5971380145461471,0.41237660116619534,0.9837806230709877,0.9849934895833333
6,64,0.0003647097619250417,0.0006915729027241468,0.6026928903144083,0.3829111867480808,0.9839421778549383,0.9844401041666667
6,65,0.0003582727222237736,0.0006507094367407262,0.6086207132280609,0.42705294158723617,0.9840675636574074,0.9850965711805556
6,66,0.00035112336627207696,0.000700136530213058,0.6132393179116425,0.38060041533576117,0.984205608603395,0.98564453125
6,67,0.0003457885468378663,0.0006953434785827994,0.6183678185498273,0.38917699125077987,0.984300250771605,0.9862847222222222
6,68,0.0003396276733838022,0.0006894157268106937,0.6256122076952899,0.3966623862584432,0.9844153886959877,0.9871039496527778
6,69,0.00034336524549871683,0.0007502669468522072,0.6236181340099852,0.3393895480367872,0.9845540364583333,0.9852918836805555
6,70,0.0003398418193683028,0.000666203792206943,0.6309286993226887,0.41704701582590736,0.9845660927854938,0.9867078993055556
6,71,0.0003372989594936371,0.0006653776508755982,0.6292331382080361,0.42741988764868843,0.9845829716435185,0.9873589409722222
6,72,0.0003288199077360332,0.0007223580032587051,0.6397808255972686,0.3673480603430006,0.9848253038194444,0.9858940972222222
6,73,0.0003255678166169673,0.0007024636724963784,0.6418074840380822,0.3893128752708435,0.9850151909722222,0.9857530381944445
6,74,0.00032198376720771194,0.0006815368542447686,0.6469953978503192,0.408274597591824,0.9848837770061728,0.9866644965277778
6,75,0.0003095420834142715,0.0007090374128893018,0.6567569272017774,0.37988485097885133,0.9851671006944445,0.9866048177083333
6,76,0.000303760840324685,0.0007043731166049838,0.6627031441088076,0.3875435299343533,0.9852701822916666,0.9868326822916667
6,77,0.00030090202926658094,0.0006935346173122525,0.6659368853510163,0.40246440702014497,0.9853099681712963,0.9875379774305556
6,78,0.00030072469962760806,0.000681815727148205,0.6665682502734809,0.40914474063449435,0.9854600694444444,0.9873806423611111
6,79,0.0002967890468426049,0.0007021719356998801,0.6691048364580413,0.39175530672073366,0.9854721257716049,0.9873752170138889
6,80,0.00029517937218770385,0.0007028024410828948,0.6715463532341851,0.39824405643675065,0.9855342158564815,0.9872992621527777
6,81,0.00029197585536167026,0.000681236619129777,0.6742416030094948,0.41631338331434464,0.9856041425540123,0.9875271267361111
6,82,0.0002880235551856458,0.0006956188008189201,0.6784132573339674,0.4039078778690762,0.9856535734953704,0.9874891493055555
6,83,0.0002851662284228951,0.0006961894105188549,0.6815361583674395,0.3990651395585802,0.985716869212963,0.9878092447916667
6,84,0.0002838077489286661,0.0007060267380438745,0.6827587658976331,0.39291800790362885,0.9858464747299382,0.9876356336805555
6,85,0.000282744673313573,0.0007161149987950921,0.6831983186580517,0.38594590690400865,0.9858241705246914,0.9875759548611112
7,1,0.11832115054130554,0.03797262907028198,-187.1792506582943,-59.36383408440484,0.7521448206018518,0.9953125
7,2,0.02755865454673767,0.01974194124341011,-42.04784779842989,-30.10125101937188,0.9941297743055556,0.9924913194444445
7,3,0.015880253165960312,0.012454673647880554,-23.370306846241892,-18.482824834187827,0.9928753134645062,0.9921929253472223
7,4,0.010583082213997841,0.008783156983554363,-15.004967529391065,-12.57080340385437,0.9920928578317901,0.9914279513888888
7,5,0.007742251269519329,0.006527914199978113,-10.575021913316515,-8.943012841542561,0.9913869598765432,0.9917046440972223
7,6,0.006079930812120438,0.005115762818604708,-7.877547192867891,-6.6495258967081705,0.9903790509259259,0.9910698784722223
7,7,0.004786022938787937,0.004299718886613846,-5.85300141028416,-5.2998252418306135,0.9907937885802469,0.9890082465277777
7,8,0.0039959801360964775,0.003650407772511244,-4.625129449220351,-4.1863336986965605,0.989354865933642,0.9912868923611111
7,9,0.003467812202870846,0.0028531281277537346,-3.7755046873916815,-3.1379547225104436,0.9877176167052469,0.9926161024305555
7,10,0.0030362927354872227,0.0029005033429712057,-3.1764798664752347,-2.992973075972663,0.9867458767361111,0.9852267795138889
7,11,0.0027483683079481125,0.002294184872880578,-2.692265290095482,-2.1959022853109573,0.9846474729938272,0.9926106770833333
7,12,0.002424237783998251,0.00207114708609879,-2.231046461617505,-1.8822474545902677,0.9850778838734567,0.9870388454861111
7,13,0.002227310324087739,0.0017281763721257448,-1.9338825835122002,-1.4137675166130066,0.9837438512731481,0.9914659288194444
7,14,0.002022316213697195,0.0019111352739855647,-1.650830583072003,-1.5355985826916165,0.9839078173225309,0.9792860243055556
7,15,0.0018400691915303469,0.0018697374034672976,-1.3672365142975325,-1.384268131521013,0.9825647424768519,0.9868055555555556
7,16,0.0017282819608226418,0.0015448981430381536,-1.187690015192385,-1.033645628558265,0.9826310522762346,0.9876085069444445
7,17,0.0016193572664633393,0.0015206385869532824,-1.0400469179506655,-0.9572027206420899,0.9817569685570988,0.9858832465277778
7,18,0.0014939564280211926,0.0014017265057191253,-0.8654082948778883,-0.7737792518403795,0.9816562982253086,0.9816460503472222
7,19,0.001425076276063919,0.0014039636589586735,-0.7474503188957403,-0.7283351315392388,0.9814875096450617,0.9810980902777777
7,20,0.0013315973337739706,0.001263631391339004,-0.6279175976176321,-0.5593009365929498,0.9810968846450617,0.9863932291666667
7,21,0.0012721423991024494,0.0015385590959340334,-0.5471769936290788,-0.8009135458204482,0.9809485918209877,0.98408203125
7,22,0.0012022440787404776,0.0012946418719366193,-0.4308972026094978,-0.5695469405916002,0.9805199893904321,0.982275390625
7,23,0.0011340761557221413,0.0012773952912539244,-0.3521775151476448,-0.5339408887757195,0.9806785300925925,0.9800401475694445
7,24,0.0010864129289984703,0.0013782253954559565,-0.2729233928668646,-0.5871404939227634,0.9805398823302469,0.9786458333333333
7,25,0.0010379484156146646,0.001018561772070825,-0.21476754494655279,-0.21118185387717353,0.9802710262345679,0.9854600694444444
7,26,0.0010043526999652386,0.00101807015016675,-0.16091688459302173,-0.19106503857506646,0.9809757185570988,0.9750434027777778
7,27,0.0009669528226368129,0.0009099026792682707,-0.11131648119585014,-0.0713723275396559,0.9800106095679012,0.9839029947916667
7,28,0.0009464864851906896,0.001058964990079403,-0.08285799806500659,-0.21120735009511313,0.9814664110725309,0.9846082899305556
7,29,0.00089882907923311,0.0009324409766122699,-0.023975555543546325,-0.06840014855066935,0.9800871672453704,0.988671875
7,30,0.0008582078153267503,0.0009483840549364686,0.03868449514294848,-0.10535170237223307,0.9806664737654321,0.9808919270833333
7,31,0.0008465764112770557,0.0008105030283331871,0.04420488278071086,0.08838958872689141,0.9805959442515432,0.9809516059027777
7,32,0.0008157307747751474,0.000858303508721292,0.09370163090435076,0.00413761403825548,0.9802475163966049,0.9867133246527777
7,33,0.0007952700252644718,0.000835287501104176,0.11860548493302898,0.06484857267803616,0.9801142939814815,0.9824327256944444
7,34,0.0007599304663017392,0.001020727097056806,0.16730108717341483,-0.12802634371651544,0.9806532118055555,0.9830240885416667
7,35,0.000757439702283591,0.0008435802301391959,0.15788368472346553,0.08304283089107937,0.9808648003472222,0.9803385416666667
7,36,0.0007297263946384192,0.0008676510187797248,0.20371985096990328,0.032219529151916504,0.9805097415123457,0.9841579861111112
7,37,0.0007129025179892778,0.0010899575427174568,0.2225995562694691,-0.17622393369674683,0.9803590374228395,0.9777018229166666
7,38,0.0007202582783065736,0.0008700678590685129,0.21682684892489587,0.050471231672498916,0.9803638599537037,0.9812065972222223
7,39,0.0007059446652419865,0.0007875122246332467,0.23237286791389372,0.1386301875114441,0.9804711612654321,0.9804307725694444
7,40,0.0006787893362343311,0.0007103198440745473,0.270628485120373,0.23542288409339057,0.9809672791280865,0.9831163194444444
7,41,0.0006473817047663033,0.0007446978706866503,0.3003233210540112,0.2187860674328274,0.9806640625,0.9804470486111111
7,42,0.000626038177870214,0.0007239938131533563,0.3361216122721448,0.2101028455628289,0.9811083381558642,0.9840983072916667
7,43,0.0006298731314018369,0.0007679876871407032,0.32963547544714844,0.16493126021491156,0.9807761863425926,0.9836154513888888
7,44,0.0006097156438045204,0.0012377664679661393,0.34142942649346814,-0.3022606399324205,0.9809522087191358,0.9801540798611111
7,45,0.0006680105580016971,0.0007832872797735035,0.28571023587827327,0.1877334992090861,0.9804506655092593,0.9836046006944444
7,46,0.0005978606641292572,0.0006520210881717503,0.3739463672225858,0.31961695353190106,0.981349464699074,0.9837348090277778
7,47,0.0005744248628616333,0.0007061337237246335,0.3834574596381482,0.2680447989039951,0.9812632619598766,0.9824327256944444
7,48,0.0005629610968753695,0.0006558715831488371,0.4080227277897022,0.3174962838490804,0.9813741801697531,0.9805718315972223
7,49,0.0005598287098109722,0.0006211247527971864,0.4133837769060959,0.34713789621988933,0.9808238088348765,0.9833875868055556
7,50,0.0005505373701453209,0.0006877557607367635,0.4139283765981227,0.2866469608412849,0.9810697579089506,0.9836859809027778
7,51,0.0005254726856946945,0.000714334542863071,0.4473665830529766,0.26982101334465874,0.9816388165509259,0.9830729166666666
7,52,0.0005264520295895636,0.0006119199097156525,0.44554074046052533,0.37484277221891615,0.9818907937885802,0.9858669704861112
7,53,0.0005096393288113177,0.000662701204419136,0.4620921778090206,0.30484935972425675,0.9818992332175925,0.9852973090277778
7,54,0.0004951298469677567,0.0007230497431010008,0.4769383331875742,0.26948166290918985,0.9817738474151234,0.9799207899305555
7,55,0.0005178389837965369,0.0007057501934468746,0.45911899672614204,0.2551345997386508,0.9813982928240741,0.983349609375
7,56,0.0004801532195415348,0.0007887637475505471,0.49580425274224926,0.21051758527755737,0.9820390866126543,0.982861328125
7,57,0.0004750475927721709,0.0005816849297843874,0.5029343450510944,0.41519308355119494,0.9821126302083333,0.9851888020833334
7,58,0.0004714492824859917,0.0006048949435353279,0.506652013755139,0.3849253879653083,0.9823634018132716,0.985791015625
7,59,0.00045296925236471,0.0005637087160721421,0.5266832183908533,0.42994557354185314,0.9824520158179012,0.9839029947916667
7,60,0.0004478634218685329,0.0006272905739024282,0.5299365730933201,0.36393823358747696,0.9824068045910493,0.9816351996527778
7,61,0.00043644587276503444,0.00062470359262079,0.5428815494348973,0.3932373046875,0.9824532214506173,0.986083984375
7,62,0.00042498024413362145,0.0007110836450010538,0.556530801160836,0.3037573258082072,0.9827262972608025,0.9826388888888888
7,63,0.0004135421186219901,0.000616423087194562,0.570265547434489,0.3824294514126248,0.9830120322145062,0.9838541666666667
7,64,0.00041807262459769845,0.0006564148352481425,0.559076867427355,0.3515338977177938,0.9826636043595679,0.9838433159722222
7,65,0.00041402532951906323,0.0006067654467187822,0.5688659283849928,0.3899213843875461,0.9829059365354939,0.9855902777777777
7,66,0.0003850668726954609,0.0005447379080578685,0.6031583758048069,0.45667628977033825,0.9833960262345679,0.9862575954861111
7,67,0.0003843320009764284,0.0007201040280051529,0.5993414450574804,0.22534606721666123,0.9834918740354939,0.9832139756944445
7,68,0.0004048250848427415,0.0006229045102372766,0.5767077702063101,0.3635047170850966,0.9834279755015433,0.9838107638888889
7,69,0.00037081894697621465,0.0006324723362922668,0.6138827643276733,0.3750461657842,0.9836516203703703,0.9861545138888889
7,70,0.00036933470983058214,0.0004929911810904741,0.6168597520133595,0.5217240280575223,0.9838077498070987,0.9870822482638889
7,71,0.0003688779834192246,0.0005588289350271225,0.6194723657619806,0.4273948139614529,0.9837209442515432,0.9851942274305555
7,72,0.00035827900865115225,0.0005578470882028341,0.628739474143511,0.4532345215479533,0.9839723186728395,0.984423828125
7,73,0.0003523948835209012,0.00052230543224141,0.6331781608087045,0.4754051234987047,0.9839488088348766,0.9853624131944444
7,74,0.00036005667061544955,0.0005653743864968419,0.6256634715162678,0.4379547874132792,0.9840139130015432,0.9859375
7,75,0.00032844918314367533,0.0005330698913894594,0.6601398741757428,0.48560369941923354,0.9842912085262345,0.9854275173611111
7,76,0.00032152776839211583,0.0005691357655450702,0.668535699814926,0.42225473059548274,0.9845130449459877,0.9862196180555556
7,77,0.00030504813184961677,0.0005414624465629458,0.6842156803166425,0.4744798011249966,0.9848705150462963,0.9874077690972223
7,78,0.00030975183472037315,0.0004993710317648947,0.6710324509644214,0.5120136578877766,0.9849145206404321,0.988232421875
7,79,0.0002856027858797461,0.0005150222568772733,0.701984139872186,0.5036658710903592,0.9853678385416667,0.9877712673611111
7,80,0.0002623235050123185,0.0004966623964719474,0.7274866738437135,0.521109218067593,0.9857632860725308,0.9879231770833333
7,81,0.00025328417541459203,0.0005225243512541056,0.735802169346515,0.4907938904232449,0.9860333478009259,0.9884982638888888
7,82,0.00024511379888281226,0.0005121714202687144,0.7441481744801557,0.506670614083608,0.9862431278935185,0.9883897569444444
7,83,0.00024346417922060937,0.0005192539538256824,0.7455424064471398,0.4995722360081143,0.9863902150848766,0.9885145399305556
7,84,0.00024269247660413384,0.0004928510170429945,0.7442049718197481,0.5240713079770406,0.9864830488040124,0.9890570746527778
7,85,0.00023129682813305408,0.000513989245519042,0.7581261103535876,0.5070131407843695,0.986621696566358,0.9887532552083333
7,86,0.00023325253278017044,0.00048370828153565526,0.7562695560631929,0.5309785736931695,0.9867217640817901,0.9894422743055555
7,87,0.00022784023894928396,0.0005086207529529929,0.762337569837217,0.5068503883149889,0.9868302710262346,0.9892144097222222
7,88,0.00022656057262793183,0.0005068723112344742,0.7620507107840644,0.5075325263871087,0.9869586709104938,0.9884928385416667
7,89,0.00022335366520565003,0.0005331335705704987,0.76600165632036,0.47648106283611724,0.9870551215277777,0.9887044270833333
7,90,0.00022735878883395344,0.0005548537592403591,0.7650084869361218,0.45866542789671155,0.9869978539737654,0.9885904947916667
7,91,0.00022305408492684364,0.0005143246380612254,0.7686828552940745,0.499187343650394,0.9869912229938271,0.9889431423611111
7,92,0.000219409674173221,0.0005058159586042166,0.7709894331884973,0.5104226483239068,0.9871123890817901,0.98935546875
7,93,0.00021518606808967888,0.0005047785234637558,0.7735242278487594,0.508350732591417,0.9872667100694444,0.9884928385416667
7,94,0.0002165517653338611,0.0005219040904194117,0.7744792693926964,0.48739233546786837,0.9872010030864198,0.9886773003472222
7,95,0.00020285064238123596,0.00048688583774492145,0.7878053412025358,0.5295505854818556,0.9874951774691358,0.9895345052083333
7,96,0.00019319140119478106,0.0004923893720842898,0.7958600659429291,0.5269144137700399,0.9877574025848765,0.9898654513888889
7,97,0.00018851456115953624,0.000507930526509881,0.8008860212785226,0.5087463233206008,0.9880009403935185,0.9899631076388888
7,98,0.00018366985023021698,0.0004994324990548193,0.804740352542312,0.5226384811931186,0.988060619212963,0.9898817274305556
7,99,0.00018267001723870635,0.0005078229587525129,0.8056192743925401,0.5098541564411587,0.9881661120756173,0.9900607638888889
7,100,0.0001805975043680519,0.00050380639731884,0.8082985208358293,0.5157248470518324,0.9883125964506173,0.9900336371527778
7,101,0.00017891247989609838,0.0005118594272062182,0.8091532220075159,0.5067412614822387,0.9883421344521605,0.9900770399305555
7,102,0.00017749588005244732,0.0005037466762587428,0.8106054897661562,0.5154508829116822,0.9884361738040124,0.9903211805555555
7,103,0.00017304897482972592,0.000515717314556241,0.8150650920691314,0.5038634644614326,0.9884711371527778,0.9902669270833333
7,104,0.00017237097199540585,0.00051301863277331,0.8155972873723065,0.5077856063842774,0.9885308159722223,0.9903374565972223
7,105,0.00016889040125533938,0.0005123016890138388,0.8191115098235048,0.5078206790818108,0.9886381172839506,0.9903374565972223
7,106,0.0001682693837210536,0.0005169858923181891,0.8192760829572324,0.5052220688925849,0.9887610918209877,0.9904242621527778
8,1,0.09167875349521637,0.05903392285108566,-136.71791238667052,-98.7540067460802,0.9199737172067901,0.9878255208333333
8,2,0.04505355656147003,0.03251638635993004,-67.93910945256552,-53.816115061442055,0.9878194926697531,0.9898111979166667
8,3,0.025865525007247925,0.01962604932487011,-38.85138205775508,-31.979416126675076,0.9898075810185185,0.9922526041666667
8,4,0.016469717025756836,0.013251706957817078,-24.30233526877415,-21.06060898039076,0.9906858844521605,0.9923285590277777
8,5,0.011558987200260162,0.009692789986729622,-16.43906752091867,-14.974783293406169,0.9909203800154321,0.9925401475694444
8,6,0.008680066093802452,0.007531391456723213,-12.06612852178974,-11.247248888015747,0.9894904996141975,0.9925021701388889
8,7,0.006793675012886524,0.006159423850476742,-9.084708989991082,-8.779687484105429,0.9890739535108025,0.9897081163194444
8,8,0.005499256309121847,0.005254147108644247,-7.07480729509283,-7.274056969748603,0.9861165364583333,0.9878526475694445
8,9,0.004592382349073887,0.004382116720080376,-5.676664312680562,-5.8072114414638945,0.9846028645833333,0.986767578125
8,10,0.003934175707399845,0.0034966659732162952,-4.651755872773536,-4.512040946218702,0.9833447868441358,0.9785047743055556
8,11,0.0033742168452590704,0.003176327794790268,-3.8056343826246852,-3.9216667784584893,0.9825122974537037,0.9786078559027778
8,12,0.00301000801846385,0.002638947917148471,-3.2091367068114103,-3.0408956315782336,0.9812596450617284,0.9809190538194444
8,13,0.0026248255744576454,0.0022191335447132587,-2.657303140634372,-2.4094652228885227,0.9808238088348765,0.988134765625
8,14,0.0023877930361777544,0.002024542773142457,-2.2878052412727734,-2.0809949398040772,0.9818082079475309,0.9805338541666667
8,15,0.0021697264164686203,0.0018763234838843346,-1.9385157607219838,-1.816149526172214,0.9804386091820988,0.9868489583333333
8,16,0.0019697407260537148,0.001737104495987296,-1.6538266075981989,-1.547946748468611,0.9810329861111111,0.9789605034722222
8,17,0.0018201308557763696,0.0017449150327593088,-1.42350696840404,-1.4892112970352174,0.9807936680169753,0.9814615885416667
8,18,0.001716159051284194,0.001695288810878992,-1.255234788818124,-1.3906016336547005,0.9807810088734568,0.9721354166666667
8,19,0.0016018570167943835,0.001450530719012022,-1.0809876658298352,-1.0472766624556646,0.9802927276234568,0.9786783854166666
8,20,0.001489466754719615,0.0012917137937620282,-0.9222481761449649,-0.8153883748584323,0.9803644627700617,0.97900390625
8,21,0.0014104460133239627,0.001204554340802133,-0.8022627411065278,-0.69080065091451,0.9806670765817901,0.9833930121527777
8,22,0.001355432439595461,0.0012382769491523504,-0.7086305429906021,-0.7034989873568217,0.980346378279321,0.981640625
8,23,0.0012648284900933504,0.0011555764358490705,-0.5801710764567057,-0.5500543488396539,0.9802957417052469,0.9822102864583333
8,24,0.001197087811306119,0.001105170464143157,-0.48285484019620917,-0.45252260631985136,0.9804319782021605,0.9803439670138889
8,25,0.0011488433228805661,0.0012138894526287913,-0.41679280937453844,-0.46308716270658706,0.9799014998070987,0.9816677517361111
8,26,0.0011129167396575212,0.0009450815850868821,-0.3566415312849445,-0.27784115076065063,0.9804325810185185,0.9745334201388889
8,27,0.001037808833643794,0.000896189478226006,-0.2564121985141142,-0.17371511194441053,0.9798755787037037,0.9811686197916667
8,28,0.0009989484678953886,0.0009156919550150633,-0.1985944837699702,-0.15246229569117228,0.9803180459104939,0.9771050347222222
8,29,0.0009661153890192509,0.0008928279858082533,-0.15981367502683475,-0.12026194069120619,0.9798538773148148,0.9800347222222222
8,30,0.000937357428483665,0.0008033299818634987,-0.11642215148902234,-0.038206644852956134,0.979956356095679,0.9757215711805556
8,31,0.0008962807478383183,0.0008172195521183312,-0.0639106250103609,-0.027105118168724907,0.9800678771219136,0.9753743489583333
8,32,0.0008815880864858627,0.0007273207884281874,-0.028553349589124137,0.10256052811940511,0.9802384741512346,0.9814453125
8,33,0.0008537175599485636,0.0007083092350512743,0.0003855287292857229,0.12740398910310533,0.9797092013888888,0.9781304253472223
8,34,0.0008182037272490561,0.0007425555377267301,0.04595664033183345,0.13017535739474825,0.9802125530478395,0.9858127170138888
8,35,0.0008116028038784862,0.0007499058847315609,0.05942937871556223,0.07957808309131198,0.9804259500385802,0.9737955729166666
8,36,0.000778959016315639,0.0009592751157470047,0.10058805412716336,-0.134170130888621,0.9799033082561729,0.9774685329861111
8,37,0.0007542789098806679,0.0007513316231779754,0.13744437856438718,0.0637887544102139,0.9801890432098765,0.9774468315972222
8,38,0.0007333793328143656,0.0006724733393639326,0.15033238213739278,0.22646831803851658,0.9800811390817902,0.9754340277777778
8,39,0.0007202334236353636,0.0006311662145890296,0.1809581544664171,0.26336833503511214,0.9803674768518519,0.9775770399305556
8,40,0.0006806663004681468,0.0006323468405753374,0.23334931164612005,0.26712814304563737,0.980372902199074,0.9782660590277777
8,41,0.0006837010732851923,0.0006221372750587761,0.23211463277722583,0.27009228865305585,0.9801341869212963,0.9785210503472223
8,42,0.0006658798665739596,0.000524714298080653,0.25262617314303365,0.38567481703228423,0.9803909866898148,0.98447265625
8,43,0.0006449848879128695,0.0006276203785091639,0.2795048631267783,0.3001194914182027,0.9802921248070988,0.9829155815972223
8,44,0.0006321434630081058,0.0006292772013694048,0.2970621306219219,0.3019150217374166,0.9807960792824074,0.980712890625
8,45,0.0006108863744884729,0.000707872211933136,0.32496374742484385,0.1969713396496243,0.9808015046296297,0.9794596354166667
8,46,0.0006066259229555726,0.0005256065633147955,0.33212238609054945,0.4102275927861532,0.9807345920138889,0.9807508680555556
8,47,0.0005902256816625595,0.0006218279013410211,0.3510814278214066,0.313408977455563,0.981079402970679,0.9741970486111111
8,48,0.0005868279840797186,0.0005084587028250098,0.357368614938524,0.43190505769517684,0.9805037133487654,0.9829806857638889
8,49,0.000582209206186235,0.0004841528134420514,0.35705927669266124,0.4637342625194126,0.9809413580246914,0.9844997829861111
8,50,0.0005474283825606108,0.0005189988296478987,0.398483591462359,0.42307563225428263,0.9812710985725308,0.9815483940972223
8,51,0.0005482282722368836,0.0005557049298658967,0.39835769600338405,0.38795224560631647,0.9813699604552469,0.9778103298611112
8,52,0.0005263565108180046,0.0006361441919580102,0.431485844688651,0.336898406346639,0.9812903886959876,0.9754937065972222
8,53,0.0005325032398104668,0.000486255856230855,0.42497437530093723,0.48109772867626616,0.9812861689814815,0.9813096788194444
8,54,0.0005175744881853461,0.0004978677607141435,0.4387605290354034,0.4500777244567871,0.981250602816358,0.9833387586805555
8,55,0.0005047544836997986,0.000508216442540288,0.4519791628107612,0.46110629505581324,0.9818709008487654,0.9784939236111111
8,56,0.0004932866431772709,0.0005178863648325205,0.46679277110982825,0.45544528033998277,0.981127628279321,0.9806857638888888
8,57,0.0004905593814328313,0.0004831430269405246,0.47931413341451573,0.5036324832174514,0.9820384837962963,0.9811577690972222
8,58,0.00048540806164965034,0.0005440103122964501,0.473569960800218,0.4315569175614251,0.9821096161265432,0.9811252170138889
8,59,0.0004437488969415426,0.0005506636807695031,0.522627517764951,0.41445679399702284,0.9824423707561728,0.9796983506944444
8,60,0.0004312949313316494,0.0004962709499523044,0.5320379656038167,0.48521459897359215,0.9828631365740741,0.9812337239583333
8,61,0.0004240778798703104,0.0004715532122645527,0.5424856773129216,0.5029134816593595,0.9830819589120371,0.9810112847222222
8,62,0.0004270534263923764,0.00047014615847729146,0.5420684957209928,0.5104262895054288,0.9829897280092592,0.9833604600694444
8,63,0.0004028325784020126,0.00041751208482310176,0.5699874268637763,0.5652124961217244,0.983082561728395,0.9849066840277778
8,64,0.00039015739457681775,0.0005407232092693448,0.5795429983256776,0.45557957622740003,0.9837022569444445,0.9821668836805556
8,65,0.0003988744574598968,0.00048409533337689936,0.5688429683814814,0.5005480130513509,0.9835340711805556,0.9820583767361111
8,66,0.0003870191576424986,0.0004686808679252863,0.5871511733090437,0.5347469157642788,0.9836775414737654,0.9868543836805556
8,67,0.0003750259638763964,0.0004199768591206521,0.5959086688948266,0.582135804494222,0.9837595244984568,0.985107421875
8,68,0.0003559105098247528,0.00042400325764901936,0.6223966914930461,0.5701755166053772,0.9843358169367284,0.9834689670138889
8,69,0.0003601514908950776,0.00043850200017914176,0.6156365135569631,0.5641969256930881,0.9843098958333333,0.9833875868055556
8,70,0.0003542113699950278,0.00045869493624195457,0.6239035718234969,0.551041575272878,0.9843828366126544,0.9857801649305555
8,71,0.0003553670831024647,0.0004991182358935475,0.6176458505936611,0.4794813699192471,0.9842797550154321,0.9809678819444444
8,72,0.0003362118441145867,0.0004210670886095613,0.641922754858747,0.5722854640748766,0.9845383632330247,0.9855577256944444
8,73,0.0002932721108663827,0.0004138168878853321,0.6837646088482421,0.5854211025767856,0.9854323398919753,0.9862467447916666
8,74,0.00028645576094277203,0.00041190048796124756,0.6901852619500808,0.5922742221090529,0.9858060860339506,0.9873589409722222
8,75,0.00027879929984919727,0.0003904864424839616,0.6986195097734899,0.615484607219696,0.9861756124614197,0.9883680555555555
8,76,0.0002721566997934133,0.0003838017291855067,0.706755836363192,0.6184073474672106,0.9862274546682098,0.9889105902777777
8,77,0.00026988412719219923,0.00039547248161397874,0.7097165499204471,0.6114709205097623,0.9864697868441358,0.9888075086805556
8,78,0.0002596216509118676,0.00041956081986427307,0.7202983361703378,0.5793766048219469,0.9866331500771605,0.9872016059027777
8,79,0.00025846611242741346,0.0004149352025706321,0.7190520235049872,0.5929767741097345,0.9867898823302469,0.9877278645833333
8,80,0.0002547045878600329,0.00041938325739465654,0.7248351709342297,0.5888447946972317,0.9869285300925926,0.9885308159722223
8,81,0.0002531405189074576,0.0004097389173693955,0.7244473656018575,0.6056736813651191,0.9869212962962963,0.9881293402777778
8,82,0.00024919299175962806,0.0004241553251631558,0.7319567272692551,0.5761304643419054,0.9871708622685185,0.9878960503472223
8,83,0.00024774466874077916,0.0003963146300520748,0.7319705241992149,0.6067912022272746,0.9871389130015432,0.9880154079861111
8,84,0.0002453235210850835,0.000395703042158857,0.733858335018158,0.6219945682419671,0.9871190200617284,0.9881401909722223
8,85,0.00023025204427540302,0.000419416232034564,0.7517341974340839,0.594844749238756,0.9874614197530864,0.9881618923611111
8,86,0.00022017062292434275,0.00040341459680348635,0.7594409034575945,0.6112554536925422,0.9878158757716049,0.988623046875
8,87,0.0002141791337635368,0.00041266492917202413,0.7659335239433948,0.6043066581090292,0.988061222029321,0.9891167534722223
8,88,0.000211436374229379,0.00040318924584425986,0.7694123744964599,0.6145944356918335,0.9882257908950617,0.9891547309027777
8,89,0.00020696512365248054,0.0004055442987009883,0.77255056772703,0.6166891707314386,0.9882631655092593,0.9896267361111111
8,90,0.00020707507792394608,0.00041213762597180903,0.7725512951980402,0.6086171547571818,0.9884162808641975,0.9893229166666667
8,91,0.00020336174929980189,0.00045314806629903615,0.7774928541831029,0.564889837635888,0.9885199652777777,0.9887152777777778
8,92,0.0002047655580099672,0.0004131741588935256,0.7746019728389787,0.6089264154434204,0.9884729456018518,0.9894639756944444
8,93,0.00019754616369027644,0.0004151314788032323,0.7834421032740746,0.6060121496518452,0.9886363088348765,0.9894205729166666
8,94,0.00019423916819505394,0.0004114188486710191,0.7859618936055972,0.6105105347103543,0.9888105227623457,0.9896918402777778
8,95,0.0001919687638292089,0.000425640755565837,0.7886169427706872,0.5963464419047038,0.9888762297453704,0.9895128038194444
8,96,0.000191378261661157,0.0004209383623674512,0.7885274355794176,0.6013889749844868,0.9889527874228395,0.9895128038194444
9,1,0.0810912549495697,0.04090665653347969,-124.74578261669771,-68.29106947580973,0.5630515769675926,0.9930447048611111
9,2,0.030940566211938858,0.022208714857697487,-46.501355904708674,-36.3856686062283,0.9947120949074074,0.9948513454861111
9,3,0.01776907593011856,0.013801654800772667,-26.122566727650018,-21.890995205773248,0.9949508101851852,0.99453125
9,4,0.011706219986081123,0.009679524227976799,-16.582155405444862,-14.671095169915093,0.9942973572530864,0.9928385416666666
9,5,0.00839398056268692,0.0071991803124547005,-11.372240797384286,-10.31369523472256,0.9924545476466049,0.9915961371527777
9,6,0.006367017515003681,0.005684330128133297,-8.286893610601071,-7.665231890148586,0.9911162953317901,0.9902940538194445
9,7,0.005044966004788876,0.004875903017818928,-6.181250576914093,-6.236995289060805,0.9887170862268518,0.9844075520833333
9,8,0.004107585176825523,0.003702232614159584,-4.789844990953987,-4.488796096377903,0.9863064236111111,0.9861382378472222
9,9,0.0034474728163331747,0.0029733700212091208,-3.7854632171583766,-3.4251254664527044,0.9846161265432098,0.9918240017361111
9,10,0.00294314231723547,0.0028934874571859837,-3.046799968790125,-3.0980810642242433,0.9841664255401235,0.9815321180555555
9,11,0.002591665368527174,0.0022460068576037884,-2.5130416166635205,-2.198114768664042,0.9823356722608024,0.9910807291666667
9,12,0.0023547678720206022,0.0022676093503832817,-2.1406096043410123,-2.105247730678982,0.9839964313271605,0.9824001736111111
9,13,0.002081077778711915,0.0022921920754015446,-1.7433402329315375,-1.9699237214194403,0.9822850356867284,0.9764865451388889
9,14,0.0019256731029599905,0.0018864574376493692,-1.4975430422359042,-1.48948921362559,0.9822621286651234,0.9770073784722222
9,15,0.0017362975049763918,0.0017401413060724735,-1.2392656928227272,-1.2348670879999797,0.9820427035108025,0.9833550347222222
9,16,0.001608045306056738,0.002262122929096222,-1.0440743368348957,-1.703085094028049,0.9815152391975308,0.9735460069444445
9,17,0.0015368156600743532,0.0014319185866042972,-0.9273079402652787,-0.811686204539405,0.9811384789737654,0.9908311631944444
9,18,0.0014208288630470634,0.0014895392814651132,-0.7804179434423093,-0.8337878293461269,0.981935402199074,0.9791612413194445
9,19,0.001325999153777957,0.0014042684342712164,-0.6412687553299798,-0.6771049989594353,0.9810366030092592,0.9847710503472222
9,20,0.0012728252913802862,0.0011107136961072683,-0.5601387558160005,-0.4037710362010532,0.9806737075617284,0.9891655815972222
9,21,0.0011870081070810556,0.0013653035275638103,-0.4380789377071239,-0.5763269358211094,0.9812222704475309,0.9829481336805556
9,22,0.0011326475068926811,0.0013157373759895563,-0.3642725819422875,-0.49575547907087536,0.980397014853395,0.9800021701388889
9,23,0.0010795533889904618,0.0012592582497745752,-0.28346591687496797,-0.42687538597318864,0.981004653742284,0.9785373263888889
9,24,0.0010328164789825678,0.0014427626738324761,-0.22927306360668606,-0.5642948455280727,0.9807080680941358,0.9736002604166667
9,25,0.0010262759169563651,0.001105227041989565,-0.20170665008050423,-0.2081204440858629,0.9805025077160494,0.9798665364583333
9,26,0.0009620988857932389,0.000999980722554028,-0.12039314920519605,-0.13481255504820083,0.9806737075617284,0.9795844184027778
9,27,0.0009084133198484778,0.0012277867645025253,-0.05330525489501011,-0.42783789369795056,0.9804970823688272,0.9716851128472223
9,28,0.0008650647359900177,0.0009539754246361554,-0.005697640813427207,-0.04796318742964003,0.9805127555941358,0.986474609375
9,29,0.0008394945762120187,0.0008899031672626734,0.03542531905350862,-0.016748201847076417,0.9812301070601852,0.977880859375
9,30,0.0008142704609781504,0.0009273418691009283,0.07949707846582672,-0.009710097312927246,0.9807713638117284,0.9775499131944444
9,31,0.0007785102352499962,0.0007892933790571988,0.10767114545092171,0.13523459831873577,0.9803343219521605,0.9858072916666667
9,32,0.0007736752741038799,0.000892741431016475,0.12247840033637153,0.06182903316285875,0.9808762538580247,0.9809190538194444
9,33,0.0007442472269758582,0.0008903829148039222,0.16265556032274975,0.04553814199235704,0.9808153694058642,0.9759440104166667
9,34,0.0007207420421764255,0.000774626387283206,0.19391511384351753,0.199805129898919,0.9802957417052469,0.9840549045138889
9,35,0.0006968248635530472,0.0007374929264187813,0.21783072300899176,0.221020680003696,0.9809299045138888,0.9788628472222223
9,36,0.000674107694067061,0.0009133024723269045,0.24559150610441044,0.07537854380077785,0.9807773919753087,0.9798231336805555
9,37,0.0006877210107631981,0.0007401044713333249,0.23483793529463404,0.20698191192415025,0.9808889130015432,0.98115234375
9,38,0.0006530474056489766,0.0009081474272534251,0.27836074034372965,0.01080288224750095,0.9811047212577161,0.9756076388888889
9,39,0.0006459297146648169,0.0008523066062480211,0.2826692291247992,0.14654751883612738,0.9807309751157407,0.984765625
9,40,0.0006184599478729069,0.0006812757346779108,0.3246210107096919,0.3063235799471537,0.9810257523148148,0.98603515625
9,41,0.0005833564209751785,0.000837616273202002,0.35432669792646243,0.14171790017022026,0.9814326533564814,0.9719672309027778
9,42,0.000589804956689477,0.0006414504023268819,0.35287706174968203,0.3278334961997138,0.9812035831404321,0.9820149739583334
9,43,0.000556034327019006,0.0006845408352091908,0.3821670255543273,0.29958378341462877,0.981078197337963,0.98017578125
9,44,0.0005642618052661419,0.0008535217493772507,0.385730833771788,0.14581868118709987,0.981444106867284,0.9800726996527778
9,45,0.000555036764126271,0.0006626899121329188,0.3938642930101465,0.3472024361292521,0.9814344618055556,0.9777506510416667
9,46,0.000529775395989418,0.0007503906963393092,0.42236056607446554,0.2766438947783576,0.9813747829861111,0.9813856336805555
9,47,0.0005295851733535528,0.0006295694038271904,0.42819013698601427,0.3793176862928602,0.9820288387345679,0.9803331163194444
9,48,0.0004984972183592618,0.0006724203703925014,0.45404798057344226,0.3561516775025262,0.9812717013888889,0.9828179253472222
9,49,0.0004925394896417856,0.0006426048930734396,0.47457106908162433,0.3600684748755561,0.9817877121913581,0.9790961371527778
9,50,0.00048260288895107806,0.0006611380958929658,0.4780596889095542,0.3355217761463589,0.9817280333719136,0.9813259548611111
9,51,0.0004862711066380143,0.0006621576612815261,0.4749634289447172,0.3390596522225274,0.9820216049382716,0.9743055555555555
9,52,0.0005443493137136102,0.0006668848218396306,0.4233156188034717,0.336692378256056,0.9805712287808642,0.9835503472222222
9,53,0.0004813871637452394,0.0006241960800252855,0.48424990751125196,0.40127335786819457,0.9817503375771605,0.9824055989583333
9,54,0.0004601755063049495,0.0006682421080768108,0.5049579461415609,0.35619003110461767,0.9823115596064815,0.984814453125
9,55,0.00044967932626605034,0.0005406982381828129,0.518613780869378,0.4886523008346558,0.9822904610339506,0.9829752604166667
9,56,0.00043858663411810994,0.0006809517508372664,0.533338271394188,0.3360833009084066,0.9825906635802469,0.9801378038194445
9,57,0.00042406143620610237,0.0005587369669228792,0.5459557911496103,0.46493209070629543,0.9823085455246914,0.981494140625
9,58,0.000417888630181551,0.000594366283621639,0.5520215119844601,0.4178032451205783,0.9825412326388889,0.9838053385416666
9,59,0.000423703488195315,0.0005936870002187788,0.5441708355774114,0.4465970423486498,0.9827697000385802,0.9825900607638889
9,60,0.0004302365705370903,0.0006199631607159972,0.5432449258404014,0.41750279797448053,0.9828420380015432,0.9793891059027777
9,61,0.00039215441211126745,0.0005481902626343071,0.5831111354592405,0.48715574476453993,0.9826907310956791,0.9861599392361111
9,62,0.00037900760071352124,0.0005672373808920383,0.5994036106415737,0.4636397918065389,0.9835786795910494,0.9857855902777778
9,63,0.00038402137579396367,0.0005507715977728367,0.5937709209359723,0.48536125421524046,0.9835792824074074,0.9798828125
9,64,0.000347543740645051,0.0005274887080304325,0.6288870615723693,0.5036195370886061,0.9836968315972222,0.9847927517361111
9,65,0.0003238532808609307,0.00055054941913113,0.6549206565927577,0.45672743188010323,0.9844431182484568,0.9865180121527778
9,66,0.0003208422567695379,0.0005149302305653691,0.656132138364109,0.5163647400008308,0.984740909529321,0.9859429253472223
9,67,0.0003063413896597922,0.0005446010036394,0.6719934785807574,0.49862101342942977,0.9848825713734568,0.9846625434027778
9,68,0.00030940386932343245,0.0005121860885992646,0.6678592325728616,0.5295921815766229,0.9849983121141975,0.9864040798611111
9,69,0.00030027874163351953,0.0005209968658164144,0.6768353713883294,0.5019947436120775,0.9851725260416667,0.9860243055555555
9,70,0.00029805750818923116,0.0005300838965922594,0.6798871461256051,0.49397190279430814,0.9852846498842592,0.9868218315972223
9,71,0.0002927787718363106,0.0005010216264054179,0.6841476830435388,0.5422141803635492,0.9855070891203703,0.9865885416666667
9,72,0.00028796179685741663,0.0005519516998901963,0.6908471546055358,0.46154226462046305,0.985670452353395,0.986474609375
9,73,0.00028426526114344597,0.000517814711201936,0.6941786270082733,0.5093772729237874,0.9857259114583333,0.9870768229166667
9,74,0.0002769826096482575,0.0004906026879325509,0.7015422793082249,0.5387518843015034,0.9859549816743827,0.9867838541666667
9,75,0.00026843714294955134,0.0005280334735289216,0.7111898748962967,0.5125086413489448,0.9860279224537037,0.9868977864583334
9,76,0.0002661242033354938,0.0005291283596307039,0.7135385263113327,0.49097568458980984,0.9860550491898148,0.9876573350694444
9,77,0.0002658264711499214,0.0005141519941389561,0.7131846725204845,0.5176891300413343,0.9863064236111111,0.9865071614583333
9,78,0.00026252272073179483,0.0004878586041741073,0.7146895873693773,0.5681245565414429,0.9862612123842592,0.9867730034722222
9,79,0.0002568649942986667,0.0005100626731291413,0.7229789168746383,0.5295846912595961,0.9860429928626543,0.9875217013888888
9,80,0.0002741551143117249,0.0005376613698899746,0.7069735326884705,0.49435511695014106,0.9861545138888889,0.9871907552083333
9,81,0.0002599841682240367,0.0005085121374577284,0.7216854734185302,0.5405173752042982,0.9860966435185186,0.9877875434027777
9,82,0.000249293603701517,0.0005162046290934086,0.7308755193227603,0.5262024071481493,0.9865047501929012,0.9864908854166666
9,83,0.00024534965632483363,0.00048767190310172737,0.7376543511579066,0.553904390335083,0.9866735387731481,0.988232421875
9,84,0.00024320237571373582,0.0005008975276723504,0.7381120739159761,0.5385247654385037,0.9867724006558642,0.9879123263888889
9,85,0.00024195837613660842,0.0005277007585391402,0.7404506271268114,0.5215036776330736,0.9867543161651234,0.9878960503472223
9,86,0.0002370110305491835,0.0005497399251908064,0.7466110364890393,0.5078807009590997,0.9868833188657408,0.9877983940972223
9,87,0.00023364179651252925,0.0005183296743780375,0.7498986827002632,0.5223182559013366,0.9869725356867284,0.9875054253472222
9,88,0.00023734846035949886,0.0005067048477940261,0.7456508452509656,0.5430239028400845,0.9869345582561728,0.9876736111111111
9,89,0.00023046588466968387,0.0005598308052867651,0.7523723166665913,0.4804306838247511,0.9869610821759259,0.9864637586805556
9,90,0.00024095673870760947,0.0005764630623161793,0.7430964113753519,0.46520721382564967,0.9870756172839507,0.9848578559027777
9,91,0.0002379727957304567,0.0005133853992447257,0.7463027734815338,0.5228925188382466,0.986768180941358,0.9866861979166667
9,92,0.00021699760691262782,0.00048553451779298484,0.7665286511550715,0.5743093808492025,0.9870756172839507,0.9884440104166666
9,93,0.00020375623716972768,0.000493827392347157,0.7798529805960479,0.5569900062349108,0.9877007378472222,0.9880533854166667
9,94,0.0001941573282238096,0.0004875621816609055,0.7891392897676539,0.5557407988442316,0.9878990644290123,0.989306640625
9,95,0.00018898419511970133,0.0005034429486840963,0.7936201832912586,0.5424484544330173,0.988110652970679,0.989111328125
9,96,0.00018621899653226137,0.0004952800227329135,0.796391123312491,0.5560809440082974,0.9882402584876543,0.9895833333333334
9,97,0.00018427474424242973,0.0005064387223683298,0.7980928001580415,0.5421141915851169,0.9883590133101852,0.9894259982638889
9,98,0.00018443920998834074,0.0005240914179012179,0.7975609748451798,0.5281128048896789,0.9884271315586419,0.9893500434027778
9,99,0.00018388417083770037,0.0005004215054214001,0.799619025801435,0.5530507087707519,0.9885036892361111,0.9893500434027778
9,100,0.00018152562552131712,0.000497278873808682,0.8008906727955665,0.5517435087098016,0.9885886863425926,0.9894965277777777
9,101,0.0001748047798173502,0.0004967703716829419,0.8082978888794228,0.5513357467121548,0.9887182918595679,0.989306640625
9,102,0.0001738779537845403,0.0005104484735056758,0.8084556361775339,0.5338675909572177,0.9887050298996913,0.9893012152777778
9,103,0.00016998770297504961,0.0005109529010951519,0.8126780793990618,0.5416800896326701,0.9888249903549383,0.9895345052083333
9,104,0.00016892584972083569,0.0005035281646996737,0.8137238554012628,0.5492890728844537,0.9889280719521605,0.9897352430555556
9,105,0.0001683540758676827,0.0005137906409800053,0.8138116786509384,0.5385012560420566,0.9889383198302469,0.9897894965277778
9,106,0.0001677599793765694,0.0005085687153041363,0.814757788034133,0.5443728354242113,0.9890287422839507,0.9897298177083333
9,107,0.00016538148338440806,0.0005162921734154224,0.817121292926647,0.5401965883043077,0.9890100549768519,0.989794921875
9,108,0.00016514431627001613,0.0005166176706552505,0.8172428303294712,0.5332965122328864,0.9891203703703704,0.9897081163194444
9,109,0.0001630556653253734,0.000518177927006036,0.8197974174110978,0.5332918710178799,0.9891794463734568,0.9898763020833333
9,110,0.00016272497305180877,0.0005182641907595098,0.8196509966143856,0.5329188810454475,0.9892065731095679,0.9898383246527778
9,111,0.00016229414904955775,0.0005195151316002011,0.8204095656489149,0.5302717023425632,0.9892481674382716,0.9899468315972222
9,112,0.00016171584138646722,0.0005197760183364153,0.8207940571102095,0.5328360517819722,0.9892975983796296,0.9898654513888889
10,1,0.10051599144935608,0.03567620366811752,-157.20342546156894,-52.6085428237915,0.25526138117283953,0.9949978298611111
10,2,0.026500681415200233,0.0186112392693758,-40.1817205193602,-26.877126291063096,0.995044246720679,0.99521484375
10,3,0.014940949156880379,0.011414800770580769,-22.270210853035067,-15.958483600616455,0.9945354697145061,0.99423828125
10,4,0.00968098547309637,0.007953191176056862,-13.812749751997583,-10.643016788694593,0.9928735050154321,0.9923936631944444
10,5,0.006966439075767994,0.005749578587710857,-9.449147087262,-7.331332259707981,0.9911542727623457,0.9921820746527777
10,6,0.005375399719923735,0.004729878157377243,-6.859056146645251,-5.714888159434,0.9897485050154321,0.9915147569444445
10,7,0.0044150324538350105,0.0037800660356879234,-5.346108040103206,-4.359896993637085,0.9892957899305556,0.9924370659722223
10,8,0.0036688917316496372,0.0033323229290544987,-4.238383878601922,-3.621030836635166,0.9885410638503086,0.9848361545138888
10,9,0.0030929306522011757,0.00284067215397954,-3.3481500184094464,-2.9179269287321303,0.9862190152391975,0.9798611111111111
10,10,0.0026997581589967012,0.0024578915908932686,-2.7384796884324816,-2.348287108209398,0.9852153260030864,0.9867241753472222
10,11,0.0023806849494576454,0.002597417216747999,-2.2350561917564016,-2.429420590400696,0.985838638117284,0.9795681423611111
10,12,0.0021633473224937916,0.0019000290194526315,-1.8994097864186321,-1.5423012601004706,0.9844575858410494,0.9858723958333333
10,13,0.001949396450072527,0.0017663423204794526,-1.5895057442747516,-1.3493962632285224,0.9844491464120371,0.9916775173611111
10,14,0.0018007551552727818,0.0018453449010849,-1.354041834672292,-1.418521926138136,0.9844581886574074,0.9857747395833333
10,15,0.0016813913825899363,0.0016443474451079965,-1.1764457670258888,-1.1130514025688172,0.9841139805169753,0.9755967881944444
10,16,0.00155481300316751,0.0016694405348971486,-0.9932111366295521,-1.0985206855667962,0.9827895929783951,0.9834201388888889
10,17,0.0014721743064001203,0.0015128250233829021,-0.8718816844033607,-0.9192274636692471,0.9823832947530864,0.9856987847222223
10,18,0.0013752522645518184,0.0012210076674818993,-0.7295104146003724,-0.544788392384847,0.9821753231095679,0.9868815104166667
10,19,0.0012990313116461039,0.0011713900603353977,-0.6182624579947672,-0.4600769360860189,0.9826732494212963,0.9821506076388888
10,20,0.0012499450240284204,0.0010882919887080789,-0.5305464067576844,-0.3460117061932882,0.9811716338734567,0.9824598524305556
10,21,0.0011880386155098677,0.0010018923785537481,-0.42753567960527206,-0.23333134121365018,0.9814001012731481,0.9841634114583333
10,22,0.0011275594588369131,0.0010734805837273598,-0.35450062251385345,-0.29638166824976603,0.9813151041666667,0.9793836805555556
10,23,0.0010870376136153936,0.0009955214336514473,-0.2902986580942884,-0.19419642951753405,0.9813295717592593,0.9789822048611111
10,24,0.001054750639013946,0.000963984930422157,-0.23758379971539534,-0.14439268244637382,0.9809727044753086,0.9799913194444444
10,25,0.00099882110953331,0.0009658326744101942,-0.17442607791335493,-0.13203278647528754,0.9806592399691358,0.9825846354166666
10,26,0.0009648891864344478,0.0009002056904137135,-0.1155406176308055,-0.0630545179049174,0.9804856288580247,0.98271484375
10,27,0.0009268480353057384,0.0009033810347318649,-0.06522165095364606,-0.07481388383441501,0.9801408179012345,0.9843641493055556
10,28,0.0008963497821241617,0.0009603051003068686,-0.019903612284012783,-0.12309004598193699,0.9799412856867284,0.9817816840277778
10,29,0.0008874819613993168,0.000772730156313628,-0.013777840137481689,0.11681059334013197,0.9797290943287037,0.9875325520833333
10,30,0.0008676024153828621,0.0008425149135291576,0.016704379187689886,0.01971308920118544,0.9804114824459876,0.9802734375
10,31,0.0008317191968671978,0.0008129988564178348,0.06840404787181337,0.06606112718582154,0.9795633198302469,0.9787380642361111
10,32,0.0008055736543610692,0.0007747846539132297,0.09953479163440657,0.10999701552920871,0.980028694058642,0.9759602864583333
10,33,0.0007861104095354676,0.0006796886445954442,0.12159252637698327,0.22020642360051473,0.9799002941743827,0.9778917100694444
10,34,0.0007579941302537918,0.0007055553724057972,0.16309623894868075,0.18820770316653782,0.9794089988425926,0.9787868923611112
10,35,0.0007546432316303253,0.0006688376888632774,0.16974477296994056,0.24021010398864745,0.9800907841435185,0.9788194444444445
10,36,0.0007231812924146652,0.0007384998025372624,0.20623157068535133,0.16124928527408175,0.9801040461033951,0.9798285590277778
10,37,0.0007046902319416404,0.0006982543272897601,0.23372089009226105,0.2021340052286784,0.9798146942515432,0.9809895833333333
10,38,0.0006890661898069084,0.0009755290811881423,0.24756906297471787,-0.058863162994384766,0.9798261477623457,0.9777180989583333
10,39,0.0007252133800648153,0.0006754653295502067,0.2166652426307584,0.2396683560477363,0.9801106770833333,0.98203125
10,40,0.0006837827968411148,0.0006468201172538102,0.26422536299552446,0.26657465166515776,0.9799491222993827,0.9798448350694444
10,41,0.0006405187305063009,0.0007073628949001431,0.31387723360532593,0.2095714767773946,0.9801239390432098,0.9802029079861111
10,42,0.0006435735849663615,0.0007159263477660716,0.30532370732154374,0.21210641198688082,0.9801739728009259,0.9815321180555555
10,43,0.0006271034362725914,0.0007606242434121668,0.32848538322213255,0.1611420644654168,0.9803915895061729,0.9781521267361111
10,44,0.0006408917834050953,0.0006493511609733105,0.3136234442392985,0.2704110847579108,0.9798912519290124,0.9786566840277777
10,45,0.0006109309615567327,0.0006138039752840996,0.3544952548580405,0.27853992250230575,0.9800274884259259,0.9790581597222222
10,46,0.0005853079492226243,0.0006545460200868547,0.3738429534582444,0.24924109644360012,0.9801908516589506,0.98076171875
10,47,0.0005640012677758932,0.0006508645601570606,0.3948268030896599,0.2869884173075358,0.9804585021219135,0.9786458333333333
10,48,0.0005718227475881577,0.0006087513756938279,0.40018941870442143,0.3374689631991916,0.9802059220679012,0.9825575086805556
10,49,0.0005338246701285243,0.0005631071398966014,0.43286544614368017,0.38472198910183375,0.9803554205246914,0.9838812934027777
10,50,0.0005512769566848874,0.0006607334362342954,0.4186092335500835,0.27301500770780773,0.9807014371141975,0.9775607638888889
10,51,0.0005450323224067688,0.0006609800038859248,0.4291808793574204,0.2508937848938836,0.9800630545910494,0.9820963541666666
10,52,0.000540244800504297,0.0005454508354887366,0.4384323541029,0.4015484889348348,0.9807954764660494,0.9815538194444444
10,53,0.0005081164417788386,0.0005162733141332865,0.46566851197937387,0.4380890541606479,0.9809118200231481,0.9851236979166667
10,54,0.0005064238794147968,0.0006535107968375087,0.46755094660653007,0.27890907128651937,0.9812771267361111,0.9782877604166667
10,55,0.0005283671780489385,0.000531526398845017,0.44413060155915624,0.4255342033174303,0.9804000289351852,0.9824598524305556
10,56,0.0004929581191390753,0.0005175626720301807,0.4893393448841425,0.439162622557746,0.981078197337963,0.981201171875
10,57,0.00047223371802829206,0.0005641583120450377,0.5049955760991132,0.3809691614574856,0.9809389467592593,0.9813585069444445
10,58,0.0004589799791574478,0.0006616365863010287,0.5227347348943169,0.262344577577379,0.9812650704089506,0.979833984375
10,59,0.0004618725215550512,0.0006013223901391029,0.5174102435877294,0.3491659045219421,0.9816279658564815,0.9772732204861111
10,60,0.00045546970795840025,0.0005641183815896511,0.528640796225748,0.3902586857477824,0.9812698929398148,0.9807725694444445
10,61,0.00043151708086952567,0.0005778147606179118,0.5538717709941628,0.3672754724820455,0.9816792052469135,0.9816243489583333
10,62,0.0004200048861093819,0.00048643851187080145,0.5625564086584397,0.4736170172691345,0.9822265625,0.9839138454861112
10,63,0.0003916752175427973,0.0005113388760946691,0.5866928536214946,0.44902012480629816,0.9827106240354938,0.9819281684027777
10,64,0.00038490380393341184,0.0005010776221752167,0.5929515841566486,0.45897908873028226,0.9826509452160493,0.983544921875
10,65,0.000379962963052094,0.0005166091723367572,0.5985259666854953,0.44293219380908544,0.9830337336033951,0.9833224826388889
10,66,0.000363421713700518,0.000511938938871026,0.6162374883522223,0.4474330888854133,0.9830885898919753,0.9835720486111111
10,67,0.00036924000596627593,0.00046563881915062666,0.6126892762419618,0.4979984084765116,0.983180217978395,0.9837185329861111
10,68,0.0003616956528276205,0.0005162546876817942,0.6222489167142797,0.4335914267434014,0.9832863136574074,0.9836480034722223
10,69,0.000365900166798383,0.0004949779249727726,0.6152728642946408,0.46457642184363473,0.9833333333333333,0.9842664930555556
10,70,0.0003494843258522451,0.0004880302003584802,0.6318969504332836,0.4771371324857076,0.9835611979166666,0.9835069444444444
10,71,0.0003417486441321671,0.0004748371720779687,0.6395830885863598,0.48468656672371757,0.9836992428626543,0.9842719184027777
10,72,0.0003393988881725818,0.0004961481899954379,0.6394090094684083,0.4590624597337511,0.9836944203317901,0.9851236979166667
10,73,0.00032425657263956964,0.0004812759580090642,0.6576271105695654,0.4745917465951708,0.9840964988425925,0.9838216145833333
10,74,0.0003217989287804812,0.0005249155219644308,0.6621560054060853,0.41685536834928727,0.984105541087963,0.9841525607638889
10,75,0.00032792112324386835,0.0004783454642165452,0.6529987236599863,0.4775973730617099,0.9841495466820988,0.9842990451388889
10,76,0.00031046339427120984,0.00048305082600563765,0.673524452580346,0.47475711901982626,0.984007884837963,0.9855740017361111
10,77,0.00029415611061267555,0.0004744401085190475,0.6891331749197878,0.4823514103889465,0.9844732590663581,0.9863226996527777
10,78,0.00028226542053744197,0.0005043435376137495,0.6999248635621719,0.44671695894665187,0.9847095630787037,0.9861490885416667
10,79,0.0002809629077091813,0.00048468157183378935,0.6988623332094264,0.47155989276038274,0.9849241657021605,0.9865668402777777
10,80,0.0002770842984318733,0.0004955831682309508,0.7045450453405027,0.46504629055658975,0.9851110387731481,0.9865125868055555
10,81,0.0002771320869214833,0.00048483291175216436,0.7037897401385838,0.4746430304315355,0.9850724585262346,0.9869032118055555
10,82,0.00027341151144355536,0.0005218467558734119,0.7087975600619375,0.42724949518839517,0.9852719907407408,0.9863986545138889
10,83,0.00026901645469479263,0.0004940242506563663,0.713205138106405,0.46209856536653304,0.985276813271605,0.9867838541666667
10,84,0.00026298436569049954,0.00047094555338844657,0.718204117262805,0.4899912635485331,0.9853636188271605,0.9877332899305555
10,85,0.0002555975515861064,0.0004888487746939063,0.7257219820846746,0.4673977149857415,0.9855034722222222,0.9873806423611111
10,86,0.0002528163604438305,0.0005121271824464202,0.7273183893274378,0.4415261467297872,0.9855667679398148,0.9870713975694444
10,87,0.00025104143423959613,0.0004979113582521677,0.7303463597356538,0.4565253403451708,0.9856559847608025,0.9873046875
