Fold,Epoch,Train_MSE,Val_MSE,Train_R2,Val_R2,Train_AuxAcc,Val_AuxAcc
1,1,0.072079136967659,0.0448453314602375,-114.65498768606304,-63.76137203640408,0.668947120949074,0.9853298611111111
1,2,0.03452625870704651,0.02537299133837223,-52.974287448694675,-35.527082464430066,0.988206500771605,0.9879937065972222
1,3,0.020225228741765022,0.01551804132759571,-30.48808932951939,-21.212645774417453,0.9883873456790123,0.9884168836805556
1,4,0.012887141667306423,0.01059639360755682,-18.907624079268654,-14.00891114340888,0.989111328125,0.9873318142361112
1,5,0.009167800657451153,0.007739280350506306,-13.023327769762204,-9.84040216339959,0.9880262586805556,0.9896375868055556
1,6,0.007008696440607309,0.005960023030638695,-9.523362941800812,-7.279204252031114,0.9892403308256172,0.9904025607638889
1,7,0.005591806024312973,0.005078920163214207,-7.247976325765068,-5.88069183561537,0.9884850019290123,0.9888726128472223
1,8,0.004639779683202505,0.00436414685100317,-5.764635508443102,-4.8148468971252445,0.9877724729938272,0.9854220920138889
1,9,0.003942249342799187,0.0034646401181817055,-4.666751376493478,-3.652710599369473,0.9873709972993827,0.9894911024305556
1,10,0.003371933475136757,0.003915215376764536,-3.7838094940891973,-3.9456846767001683,0.9871172116126543,0.985205078125
1,11,0.003063353942707181,0.0025983713567256927,-3.317410202085236,-2.4231200377146402,0.9862889419367284,0.9891547309027777
1,12,0.00266845989972353,0.0024373966734856367,-2.70304955818035,-2.17787733607822,0.9848451967592593,0.9831217447916667
1,13,0.00240288395434618,0.0024049188941717148,-2.3116469384711467,-2.0285024801890055,0.9837378231095679,0.9835883246527778
1,14,0.0021835733205080032,0.002093295566737652,-1.968350855950956,-1.6547032329771254,0.982495418595679,0.9862684461805555
1,15,0.001986101968213916,0.0018418999388813972,-1.65803546037203,-1.330295541551378,0.9827479986496913,0.9832628038194444
1,16,0.0018309388542547822,0.0018470347858965397,-1.4256445222430758,-1.2940585560268827,0.9825810185185185,0.97861328125
1,17,0.001697999774478376,0.0019975677132606506,-1.2164851905387124,-1.3480055464638605,0.9819257571373456,0.9839246961805556
1,18,0.0016142621170729399,0.0015590073307976127,-1.0613481605494464,-0.8917512284384833,0.9817889178240741,0.9870062934027778
1,19,0.0015035518445074558,0.001389519777148962,-0.9181774781074052,-0.6751727739969889,0.9821277006172839,0.985009765625
1,20,0.001412981073372066,0.0014550217892974615,-0.7814493951974092,-0.727955346637302,0.9814633969907407,0.9802842881944445
1,21,0.0013462698552757502,0.001654314692132175,-0.6817569654664876,-0.8799742261568705,0.9808244116512346,0.9812771267361111
1,22,0.0012971798423677683,0.0014583783922716975,-0.5945736249287923,-0.667921264966329,0.9810824170524691,0.9750651041666667
1,23,0.0012341404799371958,0.0013031018897891045,-0.5066521632818528,-0.4914669129583571,0.9806284963348766,0.9810492621527778
1,24,0.001167332287877798,0.0013501772191375494,-0.41527756673318367,-0.5121216442849901,0.9807593074845679,0.9789876302083333
1,25,0.0011319085024297237,0.0011956546222791076,-0.3598135009224032,-0.34072604444291854,0.9806996286651235,0.9830023871527778
1,26,0.0010636519873514771,0.0013811348471790552,-0.27457137181435104,-0.5019149237208896,0.9801691502700617,0.9851833767361111
1,27,0.0010602283291518688,0.0011843768879771233,-0.25077958327752575,-0.29550997018814085,0.980712890625,0.9807345920138889
1,28,0.0009943170007318258,0.0010528608690947294,-0.1725818909244773,-0.17605033980475532,0.9802185812114198,0.985693359375
1,29,0.0009631498251110315,0.0009531044634059072,-0.12485536999172635,-0.06334126525455051,0.9801130883487654,0.9844780815972223
1,30,0.0009227000409737229,0.0009451754158362746,-0.08145256748905888,-0.03459035025702582,0.9806441695601852,0.9798177083333334
1,31,0.0009004539460875094,0.0009088952792808414,-0.03948556096465499,0.011471751001146105,0.9802493248456791,0.9826768663194444
1,32,0.0008701432961970568,0.0011490995530039072,0.003323319959051815,-0.235223827097151,0.980394000771605,0.97841796875
1,33,0.000855142017826438,0.0008790284628048539,0.02581370598004188,0.03314213752746582,0.9801824122299383,0.9827582465277778
1,34,0.0008321760687977076,0.0010406984947621822,0.048437635692549344,-0.0816004580921597,0.9805374710648148,0.9806749131944444
1,35,0.0007907837862148881,0.0009567887173034251,0.10977103253941477,-0.02101207971572876,0.9804422260802469,0.9778103298611112
1,36,0.0007707458571530879,0.0008217223221436143,0.1216276670679634,0.12716822226842245,0.9803108121141976,0.9847601996527777
1,37,0.0007556043565273285,0.0008876976789906621,0.15412810216715306,0.0546459780799018,0.9800449701003087,0.9804144965277778
1,38,0.0007415737491101027,0.0007612922927364707,0.16918872697853748,0.20637326108084786,0.9805507330246913,0.9834201388888889
1,39,0.0007177072111517191,0.0008087872993201017,0.1999345807381618,0.15029604699876573,0.9804976851851852,0.9811469184027778
1,40,0.0007174842758104205,0.0007544084219262004,0.19936098007508266,0.21679635975095962,0.9800274884259259,0.9846137152777777
1,41,0.0006875252583995461,0.0008525573648512363,0.2309062906253485,0.1262905478477478,0.9804777922453703,0.9833984375
1,42,0.0006808164180256426,0.0006248335703276098,0.2533472511503432,0.35240142477883235,0.9801631221064815,0.9844184027777778
1,43,0.0006521890172734857,0.000812132959254086,0.27738875091811754,0.17402567863464355,0.9807189187885802,0.9791286892361111
1,44,0.0006339172250591218,0.0008265566430054605,0.30605546913029236,0.16457799673080445,0.9806363329475308,0.98291015625
1,45,0.0006237293127924204,0.0007142622489482164,0.32010987791014306,0.27458305623796253,0.9803783275462963,0.9824815538194445
1,46,0.000594323268160224,0.0007528273854404688,0.34391978213816515,0.2416235195265876,0.9810396170910494,0.9819444444444444
1,47,0.0006080223247408867,0.000609158945735544,0.3366084396103282,0.3806443691253662,0.9805151668595679,0.9845323350694445
1,48,0.0005870777531526983,0.000703898083884269,0.3655969516730603,0.2825067083040873,0.9805380738811729,0.9836317274305556
1,49,0.0005721318302676082,0.0006378493271768093,0.37361576483573444,0.3633939252959357,0.9810414255401234,0.9836100260416667
1,50,0.0005504009313881397,0.0006325320573523641,0.4011791307249187,0.35781060059865316,0.9813681520061729,0.9839952256944444
1,51,0.0005452780169434845,0.0005856429343111813,0.415409356723597,0.40754516786999173,0.9807068624614198,0.9858344184027777
1,52,0.000545734423212707,0.0005293623544275761,0.4037464305206581,0.47323296202553644,0.9811246141975308,0.9851833767361111
1,53,0.000505706004332751,0.0006260810769163072,0.4484179061136128,0.3705625666512383,0.9818353346836419,0.985400390625
1,54,0.000513305189087987,0.0006595143349841237,0.4470451709664898,0.3129315310054355,0.9817467206790124,0.9842827690972222
1,55,0.0004954630276188254,0.0006112245609983802,0.46458439738662155,0.39573628769980534,0.9820197964891976,0.9843478732638888
1,56,0.00047427634126506746,0.0008367044501937926,0.4909185181429357,0.16561528709199694,0.9821729118441358,0.9834581163194445
1,57,0.000510753714479506,0.0006897201528772712,0.4460814740922716,0.2985973437627157,0.9817768614969136,0.9794216579861111
1,58,0.00047908531269058585,0.000668815802782774,0.48447457448935805,0.34095051553514266,0.9817473234953704,0.9836588541666667
1,59,0.0004635656950995326,0.0005514504737220705,0.5039917333626452,0.45709685881932577,0.9822711709104939,0.985693359375
1,60,0.0004271306679584086,0.0006704982952214777,0.5429497119821148,0.34483242962095473,0.9827938126929012,0.9848904079861112
1,61,0.0004122781683690846,0.0005213450640439987,0.5556034124927757,0.5012919929292466,0.9831410349151235,0.9868977864583334
1,62,0.00038620553095825016,0.0005350687424652278,0.5793704998346023,0.4851504961649577,0.9836594569830247,0.9876410590277778
1,63,0.00037396553670987487,0.0005160421133041382,0.5932874089405861,0.4913306845559014,0.9840615354938271,0.9884602864583333
1,64,0.0003688414581120014,0.0005966438911855221,0.5953087010501343,0.40887663894229465,0.9842050057870371,0.9876790364583333
1,65,0.00037662923568859696,0.0005411074962466955,0.5811392682569998,0.4741353736983405,0.9842598620756173,0.9868381076388889
1,66,0.0003641228540800512,0.0005477237282320857,0.5986545762898009,0.468752302063836,0.9841724537037037,0.9886447482638889
1,67,0.0003601612406782806,0.0005293076392263174,0.6076596806078781,0.48141272862752277,0.9846619405864198,0.9875325520833333
1,68,0.00034150530700571835,0.0005474324570968747,0.6269339015454422,0.4748611542913649,0.9846595293209877,0.9884819878472222
1,69,0.00033292092848569155,0.0005345383542589843,0.6342988249696331,0.4884716722700331,0.9849344135802469,0.9881890190972222
1,70,0.00032874481985345483,0.0005421717651188374,0.6417795050291367,0.475460852517022,0.9852653597608024,0.9882269965277778
1,71,0.00031747494358569384,0.0005520463455468416,0.6490849427234979,0.4711275921927558,0.9853606047453703,0.98798828125
1,72,0.00030885764863342047,0.0005093620857223868,0.6603648162182466,0.5139767580562168,0.9856722608024692,0.9884765625
1,73,0.00029491825262084603,0.0005276630399748683,0.6736188463222833,0.4995229932996962,0.985667438271605,0.9894205729166666
1,74,0.0002891410840675235,0.0005237706354819238,0.6779012849301468,0.5047281357977126,0.9859254436728395,0.9891493055555556
1,75,0.000284834299236536,0.0005293545546010137,0.6822746438744628,0.5055069989628262,0.9860683111496914,0.9893120659722222
1,76,0.0002801617665681988,0.0005285985535010695,0.6880838956361935,0.4989895714653863,0.9861056857638889,0.9893012152777778
1,77,0.00027925975155085325,0.000520159606821835,0.6880439094555231,0.5084606183899774,0.9862594039351852,0.9895345052083333
1,78,0.0002725114463828504,0.000552439596503973,0.6950980585298421,0.48245524830288355,0.9863034095293209,0.9894259982638889
1,79,0.0002684361534193158,0.0005325113888829947,0.699064850660018,0.5041464765866598,0.9863865981867284,0.9899251302083333
1,80,0.00026503120898269117,0.0005401545204222202,0.7028873957233664,0.49499346017837526,0.9865511670524691,0.9897135416666667
1,81,0.0002595971745904535,0.0005365243414416909,0.7088625205887689,0.5012438045607672,0.9865819106867284,0.9898546006944444
1,82,0.00025438028387725353,0.0005322789074853063,0.713422441041028,0.5057186086972555,0.9867265866126543,0.9900661892361111
1,83,0.00025197817012667656,0.000539591652341187,0.7158563496154031,0.5002218736542596,0.9867826485339506,0.9901529947916666
1,84,0.00025051372358575463,0.0005479907267726958,0.7171307844880187,0.49054296016693116,0.9868356963734568,0.9900227864583333
1,85,0.00024841606500558555,0.0005434197373688221,0.7193940543834074,0.4993859675195482,0.9869014033564815,0.9903157552083334
1,86,0.00024496385594829917,0.0005564946914091706,0.7226143758973957,0.4874803145726522,0.986913459683642,0.990185546875
1,87,0.0002457986702211201,0.00054005510173738,0.7215936356120639,0.5059245745340983,0.9870165412808642,0.9902669270833333
1,88,0.0002421904937364161,0.0005510378396138549,0.725331089526047,0.49196939998202854,0.9870328173225309,0.9900499131944445
1,89,0.00023913689074106514,0.0005528214387595654,0.7286128676967857,0.49345631864335804,0.9870750144675926,0.9903862847222222
1,90,0.00023810459242668003,0.000551612232811749,0.7297691923600657,0.4934455394744873,0.9871063609182099,0.9904025607638889
1,91,0.0002365922264289111,0.0005492567433975637,0.7310345453980528,0.4960464424557156,0.9871485580632716,0.9904188368055555
1,92,0.00023606409376952797,0.0005544832092709839,0.7320940710880138,0.4911724474694994,0.9871588059413581,0.9903537326388889
2,1,0.0582989826798439,0.02632434293627739,-88.43343045387739,-38.677536413404674,0.3777994791666667,0.99326171875
2,2,0.019480036571621895,0.014184687286615372,-29.201032268853837,-20.20226262940301,0.9928505979938271,0.9920247395833334
2,3,0.011768179014325142,0.0094602070748806,-16.96022252153467,-12.90661866929796,0.9923677420910494,0.991748046875
2,4,0.008015153929591179,0.006689139641821384,-11.023208657606148,-8.652740459971957,0.9922941984953704,0.9922743055555555
2,5,0.005897785536944866,0.0048287296667695045,-7.672971198293898,-5.8870320505566065,0.9921923225308642,0.9932237413194445
2,6,0.004639131017029285,0.003927367273718119,-5.67524133876518,-4.474761213196649,0.991356216242284,0.9912543402777778
2,7,0.0037937951274216175,0.003608889877796173,-4.347260696210979,-3.8954645077387493,0.9903139467592592,0.9847439236111111
2,8,0.003144431160762906,0.0028858224395662546,-3.3818563243489206,-2.831737110349867,0.988280647183642,0.987646484375
2,9,0.002686294261366129,0.0025415895506739616,-2.6745859655333155,-2.33681693871816,0.9858078944830246,0.9838270399305555
2,10,0.002354402095079422,0.0022139614447951317,-2.1747754679785833,-1.871283883518643,0.9844196084104938,0.9845431857638889
2,11,0.0021063145250082016,0.0018837640527635813,-1.8027206810904137,-1.4136892199516295,0.9837528935185185,0.9920735677083333
2,12,0.0019095528405159712,0.0017771716229617596,-1.4943326671918233,-1.263047809071011,0.985328052662037,0.9871365017361111
2,13,0.0017245977651327848,0.0017151290085166693,-1.2254588358196212,-1.140055987570021,0.9834979021990741,0.9754991319444445
2,14,0.001576682785525918,0.0017709407256916165,-1.0102075982976844,-1.1169933901892768,0.9831404320987654,0.9763237847222223
2,15,0.0015041750157251954,0.001354791922494769,-0.8734117887638233,-0.6391875174310472,0.982128303433642,0.9760091145833333
2,16,0.0013690870255231857,0.001461588777601719,-0.7014247567565353,-0.7039187179671393,0.9814953462577161,0.9858289930555556
2,17,0.0013209625612944365,0.0011805621907114983,-0.6004019960945035,-0.3768355502022637,0.9822922694830247,0.9770290798611111
2,18,0.0012237763730809093,0.0011738401371985674,-0.4888675371805827,-0.3876105202568902,0.9805995611496914,0.9791286892361111
2,19,0.0011593014933168888,0.0012152947019785643,-0.3977017114191879,-0.3471560584174262,0.9805133584104938,0.9842176649305555
2,20,0.0011061427649110556,0.0009643823141232133,-0.3237964193026225,-0.09413181808259752,0.980738208912037,0.982568359375
2,21,0.0010581044480204582,0.0010302966693416238,-0.244933342050623,-0.17153487735324435,0.9806303047839506,0.9795464409722222
2,22,0.0009989087702706456,0.001012963242828846,-0.17146553581143603,-0.136573154396481,0.98056640625,0.9766167534722222
2,23,0.0009626655373722315,0.0009620909113436937,-0.12395133221590961,-0.04607188966539171,0.9804337866512346,0.9746961805555555
2,24,0.000919523008633405,0.0008727597305551171,-0.05314481847080184,0.05269033114115397,0.9801739728009259,0.9782986111111112
2,25,0.0008914589998312294,0.0008154631359502673,-0.012724362332143902,0.12356789377000597,0.9805555555555555,0.9786349826388889
2,26,0.000850726617500186,0.0009495567064732313,0.022107937748049512,-0.0426146494017707,0.9808515383873457,0.9755262586805555
2,27,0.0008504805155098438,0.0009389725746586919,0.03638289460429439,-0.006000379721323649,0.9807339891975309,0.9746527777777778
2,28,0.0008102258434519172,0.0009242573287338018,0.09414232262858638,0.02862511608335707,0.9800666714891976,0.97421875
2,29,0.0007863908540457487,0.000976824201643467,0.12341051631503636,-0.02820000648498535,0.9804012345679012,0.9635525173611111
2,30,0.0007752066012471914,0.0009367024176754057,0.13468002596019227,0.004031638304392497,0.9798538773148148,0.9740125868055556
2,31,0.0007488077972084284,0.0010928979609161615,0.17813008449695727,-0.14174239105648465,0.9805983555169753,0.9749945746527777
2,32,0.0007399196038022637,0.0008985793683677912,0.18459491111614085,0.07037896182801988,0.9803982204861111,0.9744249131944445
2,33,0.0007298851851373911,0.0006568040698766708,0.1995453965516738,0.3427616357803345,0.9802396797839507,0.9810980902777777
2,34,0.0006809728220105171,0.0007525692344643176,0.25799424059597065,0.2416706641515096,0.9803005642361111,0.9801920572916667
2,35,0.00065542699303478,0.000747990794479847,0.293119004626333,0.23689993884828356,0.9805248119212963,0.9764431423611111
2,36,0.0006571571575477719,0.0007295995019376278,0.28813547808447004,0.252195582124922,0.9800166377314815,0.9750596788194444
2,37,0.0006319184321910143,0.0006945374188944697,0.3215658888404752,0.2922322299745348,0.9802921248070988,0.9767957899305556
2,38,0.0006102146580815315,0.0007196530932560563,0.342443460005301,0.2878145588768853,0.9799611786265432,0.9804090711805555
2,39,0.0006120405159890652,0.0006213425076566637,0.3443827548144776,0.39752708938386705,0.9802649980709877,0.9805447048611111
2,40,0.0005941318813711405,0.0007141510723158717,0.3700862807992064,0.2837451563941108,0.9805103443287037,0.9807020399305556
2,41,0.0006003540474921465,0.0006204639212228358,0.3530585336096493,0.39199355045954387,0.9802553530092593,0.9771647135416667
2,42,0.000568706076592207,0.0006188342813402414,0.3920264559027589,0.3910424881511264,0.9806098090277777,0.9774793836805555
2,43,0.0005624752375297248,0.0006501685711555183,0.4032233899022326,0.34667448070314194,0.9803035783179013,0.9810872395833333
2,44,0.0005595558322966099,0.0007160857203416526,0.4034612315672415,0.2549531155162387,0.9810233410493827,0.971240234375
2,45,0.00054830132285133,0.0006867402116768062,0.41160583245901416,0.323363278971778,0.9805465133101852,0.9754937065972222
2,46,0.0005722809582948685,0.000595549528952688,0.3899588022703006,0.4219521244366964,0.9802607783564815,0.9796549479166666
2,47,0.0005212172400206327,0.0006228035781532526,0.45512957514068225,0.38628416193856135,0.9811854986496914,0.9766927083333333
2,48,0.0005140719586052,0.0005820185178890824,0.45650496365111554,0.44170244799719915,0.9811867042824074,0.9755859375
2,49,0.000503734452649951,0.0006127484957687557,0.4676985294730575,0.4065097384982639,0.9814850983796296,0.9755967881944444
2,50,0.0004886927781626582,0.0007894455920904875,0.4895980062308135,0.23314670854144626,0.9808919270833333,0.9768880208333334
2,51,0.0005185611080378294,0.000621522543951869,0.4550939649711421,0.3952815095583598,0.9817226080246914,0.9734917534722223
2,52,0.00048728694673627615,0.0007920790230855346,0.49825604035530563,0.23096555603875055,0.981199363425926,0.9777940538194444
2,53,0.0004950908478349447,0.000694674497935921,0.4824545424661519,0.30375376409954497,0.9814187885802469,0.9748589409722223
2,54,0.0004701002617366612,0.0006778902607038617,0.5053558938297225,0.36241907940970525,0.9812710985725308,0.9750813802083333
2,55,0.00047282365267165005,0.000596043246332556,0.5125289509325852,0.41827231380674573,0.9813518759645061,0.9774631076388889
2,56,0.0004434980219230056,0.0006028003990650177,0.5276997410220864,0.4228734334309896,0.9815278983410494,0.9785753038194445
2,57,0.00041536818025633693,0.0005799935315735638,0.5645812539406765,0.42916987472110324,0.9826413001543209,0.980517578125
2,58,0.00039252237183973193,0.0005584213067777455,0.5826299515771277,0.46868974367777505,0.982884837962963,0.9819932725694445
2,59,0.0003842832229565829,0.0005626831552945077,0.5904732158154617,0.4664463520050049,0.983470172646605,0.9808648003472222
2,60,0.000381736783310771,0.0005595815600827336,0.5954722919581849,0.46396343575583565,0.9835605951003087,0.9801106770833333
2,61,0.00038329861126840115,0.0005992362275719643,0.592137195887389,0.44220103290345936,0.9836118344907407,0.9792046440972222
2,62,0.00038316400605253875,0.0005667540244758129,0.5884063179110304,0.47304371462927924,0.983301384066358,0.9802517361111112
2,63,0.00037016539135947824,0.0005280910991132259,0.6065055130440512,0.507415833738115,0.9838023244598766,0.9799207899305555
2,64,0.00036409375024959445,0.0005401693633757532,0.6115327361189289,0.5055622802840338,0.983887924382716,0.9830729166666666
2,65,0.0003586965030990541,0.0005530051421374083,0.6187180707484116,0.47899078792995875,0.984153163580247,0.9820149739583334
2,66,0.0003541452169883996,0.0005251643597148359,0.6265164441532559,0.5178454875946045,0.9844087577160494,0.9816080729166666
2,67,0.0003360448172315955,0.0005534571828320622,0.6402608918554988,0.4841105487611559,0.9843858506944444,0.981396484375
2,68,0.0003363910363987088,0.0005322287324815989,0.6419015809341714,0.5075431731012132,0.984596836419753,0.982373046875
2,69,0.00032849746639840305,0.0005370888975448906,0.6497117712173933,0.495131430361006,0.9846034673996914,0.9818033854166667
2,70,0.00032636558171361685,0.00051529286429286,0.6500971895677072,0.5321128050486247,0.984617934992284,0.9833224826388889
2,71,0.0003255942719988525,0.0005288124084472656,0.6529245224999792,0.5192404389381409,0.9847125771604939,0.9824761284722222
2,72,0.00032326564542017877,0.0005398202338255942,0.656651755026829,0.5094155907630921,0.9847620081018519,0.9842230902777778
2,73,0.00030969869112595916,0.000521813053637743,0.6743053611413932,0.5199851367208693,0.9851544415509259,0.9830674913194445
2,74,0.00029701495077461004,0.0005525284796021879,0.6844054220635214,0.48768251207139757,0.9851664978780864,0.9831434461805556
2,75,0.0002971810463350266,0.0005583364982157946,0.6811031819861613,0.4831082158618503,0.9852894724151234,0.9833279079861111
2,76,0.00029552605701610446,0.00050378154264763,0.6840044371875715,0.5492251820034451,0.9854148582175926,0.9849555121527778
2,77,0.00029140058904886246,0.0005553732044063509,0.6901562031404471,0.48933344152238634,0.9854841820987654,0.9828830295138888
2,78,0.0003075017302762717,0.0004903414519503713,0.6783496981785622,0.5655298471450806,0.9852086950231481,0.9814832899305556
2,79,0.00029947218718007207,0.0005382055533118546,0.6822883080553126,0.5070851776334975,0.9852225597993827,0.9843967013888889
2,80,0.00028385809855535626,0.0005060599651187658,0.7002321316872114,0.551317052046458,0.9857343508873457,0.9857638888888889
2,81,0.0002771040890365839,0.0005129482015036047,0.703917556780356,0.5402322239345975,0.9857072241512346,0.98525390625
2,82,0.0002834239276126027,0.0005003956612199545,0.7016672297760292,0.5571113626162211,0.985740981867284,0.9850043402777777
2,83,0.0002663051709532738,0.0004970229929313064,0.7187604366997142,0.5600610825750563,0.985865764853395,0.9847547743055556
2,84,0.0002638899895828217,0.0004988530417904258,0.7229930081485231,0.5679806735780504,0.9860478153935185,0.9866536458333334
2,85,0.00025940488558262587,0.0005015863571316004,0.7262006438808677,0.555504486295912,0.9860731336805556,0.9864312065972223
2,86,0.0002552504010964185,0.0004960221704095602,0.7299273932421649,0.5640762872166104,0.9864197530864197,0.985009765625
2,87,0.00024165103968698531,0.0004990806337445974,0.7448123269610935,0.5606977899869283,0.9864914882330247,0.9848687065972223
2,88,0.0002231090038549155,0.0004929163842462003,0.7611932705949854,0.5678797417216831,0.9867066936728395,0.9864908854166666
2,89,0.0002141017175745219,0.0004902823129668832,0.7700692469691053,0.5756328172153897,0.9871111834490741,0.9871039496527778
2,90,0.0002086383174173534,0.0004891782300546765,0.7745172599215566,0.5776910490459866,0.9872010030864198,0.9867133246527777
2,91,0.0002065549197141081,0.0005061707925051451,0.7764549124388047,0.5595299296908909,0.9873438705632716,0.9863444010416667
2,92,0.00020380820205900818,0.0005082943243905902,0.7785568901050238,0.5623224523332384,0.9874379099151235,0.9868109809027777
2,93,0.00019881094340234995,0.0005060845287516713,0.7843371919643731,0.5588506764835781,0.9875554591049382,0.9870822482638889
2,94,0.00019649983732961118,0.0005149880889803171,0.7856349056149706,0.5504532032542758,0.987719425154321,0.9868598090277778
2,95,0.00019496845197863877,0.0005196298588998616,0.7882972765851903,0.5435726483662923,0.987744140625,0.9864963107638889
2,96,0.00019642707775346935,0.0005157253472134471,0.7868276288479934,0.5499361130926345,0.9877103829089506,0.98701171875
2,97,0.0001967705029528588,0.0005057686939835548,0.7895176669697702,0.5663617041375902,0.9878206983024691,0.9870279947916667
2,98,0.000195351371075958,0.0005081882700324059,0.7891728189256456,0.5602607541614109,0.9878333574459877,0.9866373697916667
2,99,0.00018834450747817755,0.0005057607777416706,0.7974433644318286,0.5596871442264981,0.9878978587962963,0.9873426649305556
2,100,0.00017965459846891463,0.0005167970666661859,0.8045145820688319,0.5514629006385803,0.9880750868055556,0.9876193576388889
2,101,0.00017648572975303978,0.0005100365960970521,0.8066510413899833,0.5597486734390259,0.9881522472993827,0.98779296875
2,102,0.00017432683671358973,0.0005185718764550984,0.8085415756260907,0.5515988151232402,0.988281852816358,0.9879557291666666
2,103,0.0001731028314679861,0.0005141918081790209,0.8101693736182318,0.556035049756368,0.9883740837191358,0.9877549913194444
2,104,0.0001721346052363515,0.000520434055943042,0.8103309947767375,0.5511411984761556,0.9884006076388889,0.9879014756944444
2,105,0.00017000705702230334,0.0005262225167825818,0.8123652338981628,0.5438918895191617,0.9884837962962963,0.9880479600694444
2,106,0.00016894872533157468,0.0005296717863529921,0.8137741639290327,0.5403911352157593,0.9884880160108025,0.9880642361111112
2,107,0.00016733186203055084,0.0005238488665781915,0.815386090013716,0.5463928633266025,0.9885935088734568,0.9879557291666666
2,108,0.0001655531523283571,0.0005250090034678578,0.8173976596490836,0.5443752977583144,0.9886266637731481,0.9879340277777777
2,109,0.0001648133184062317,0.0005281438934616745,0.8179340989501388,0.5421153346697489,0.9886345003858025,0.9882649739583333
2,110,0.00016441932530142367,0.000528253149241209,0.8180511554082235,0.5421238303184509,0.9887044270833333,0.9881673177083333
3,1,0.20358413457870483,0.12278648465871811,-316.39304684297537,-186.02241990831163,0.017289978780864197,0.9746039496527777
3,2,0.09126153588294983,0.06442810595035553,-141.70400982844976,-97.21477491590711,0.9907889660493827,0.9943413628472222
3,3,0.05078572779893875,0.03874058648943901,-78.50024869235945,-57.87824014027913,0.9938138985339506,0.9940266927083333
3,4,0.03204125910997391,0.025846607983112335,-49.0700418813729,-38.131959703233505,0.9936879099151235,0.9937717013888889
3,5,0.02219390496611595,0.018764421343803406,-33.585069983682516,-27.147900496588814,0.9930097415123457,0.9927463107638889
3,6,0.016335248947143555,0.014232682064175606,-24.148986595648307,-20.20262755288018,0.9924545476466049,0.9922200520833333
3,7,0.012655846774578094,0.011265985667705536,-18.266493074982254,-15.610669167836507,0.9916564187885802,0.9906575520833333
3,8,0.010104261338710785,0.00915001705288887,-14.26498835646076,-12.36794367896186,0.9912730275848766,0.9892686631944444
3,9,0.008340170606970787,0.007791506592184305,-11.423106542634375,-10.230384556452433,0.9904628423996914,0.9883951822916667
3,10,0.007045363076031208,0.006825258024036884,-9.367769279892062,-8.605278778076173,0.989964916087963,0.984814453125
3,11,0.0060475291684269905,0.005446156486868858,-7.805282355532234,-6.743568007151286,0.9882257908950617,0.9908040364583334
3,12,0.005168822593986988,0.004733395297080278,-6.472484827041626,-5.723234838909573,0.9876826533564815,0.9856065538194444
3,13,0.004503720905631781,0.0044465577229857445,-5.4727570560243395,-5.173861296971639,0.9874077690972223,0.9824327256944444
3,14,0.003983987495303154,0.0037293597124516964,-4.677946805659635,-4.232320173581441,0.9848735291280865,0.9819227430555556
3,15,0.0035370131954550743,0.003886103630065918,-4.020030024905264,-4.28930598894755,0.9846583236882716,0.9767632378472222
3,16,0.003218231722712517,0.0029291531536728144,-3.5087311582800784,-3.063622726334466,0.9833544319058642,0.9831814236111112
3,17,0.002831903286278248,0.0031025363132357597,-2.9471601433224146,-3.1475209474563597,0.983912037037037,0.9803276909722223
3,18,0.002641247119754553,0.002297733910381794,-2.620661734504464,-2.146217359436883,0.982444179205247,0.9859429253472223
3,19,0.002370397327467799,0.002526680240407586,-2.2534715281592477,-2.3279126326243085,0.9827739197530864,0.9802029079861111
3,20,0.0021985042840242386,0.0020898212678730488,-1.9760484532073692,-1.7852513578202989,0.9821741174768519,0.9783094618055556
3,21,0.002036112593486905,0.002221479546278715,-1.730848565219361,-1.9240177869796753,0.9821108217592592,0.9744357638888889
3,22,0.0019119064090773463,0.0019343208987265825,-1.549643862688983,-1.521155235502455,0.9816978925540123,0.9746636284722222
3,23,0.0017472049221396446,0.0017624039901420474,-1.2960485115463352,-1.2626683923933242,0.9812313126929012,0.9828830295138888
3,24,0.001623179530724883,0.0015165740624070168,-1.1276810974250604,-0.9678402874204848,0.9810769917052469,0.98388671875
3,25,0.001550014247186482,0.0016093221493065357,-1.0102999448776244,-1.0249982370270623,0.9808883101851852,0.9837999131944445
3,26,0.0014678433071821928,0.0013076448813080788,-0.8704329826213696,-0.6674189474847582,0.9807285638503086,0.9816731770833333
3,27,0.0013719263952225447,0.001368822529911995,-0.7544093779575678,-0.7299553500281439,0.9807912567515432,0.981494140625
3,28,0.0013112451415508986,0.001326046884059906,-0.6591056134965685,-0.6499562501907349,0.9800986207561728,0.9834418402777778
3,29,0.0012366571463644505,0.0012682476080954075,-0.5474789292724044,-0.5475219753053453,0.9799497251157407,0.9765353732638888
3,30,0.0011842454550787807,0.0011838659411296248,-0.4730944417141102,-0.44393513335122003,0.9799406828703704,0.9809895833333333
3,31,0.0011326727690175176,0.0013233545469120145,-0.3987056431946931,-0.6437855985429551,0.9805127555941358,0.9759223090277778
3,32,0.0011012263130396605,0.0010001629125326872,-0.3481021831065048,-0.213096907403734,0.979565128279321,0.9818901909722222
3,33,0.0010331623489037156,0.0011042025871574879,-0.2585700001245663,-0.30786705679363674,0.9801552854938271,0.9805555555555555
3,34,0.0010265512391924858,0.0009710320737212896,-0.2380149523417155,-0.16722508668899536,0.9799690152391975,0.9787055121527778
3,35,0.0009672660962678492,0.001076401211321354,-0.16347859994864758,-0.2584950539800856,0.9799340518904321,0.9815863715277777
3,36,0.0009252476738765836,0.0008703299099579453,-0.10670814484725764,-0.0277796122762892,0.9796260127314815,0.98232421875
3,37,0.0008980421116575599,0.0010356511920690536,-0.055723467579594364,-0.20472545756234062,0.9794825424382716,0.9789767795138888
3,38,0.000894080032594502,0.0008676218567416072,-0.0530925977377244,-0.018600919511583117,0.9798309702932099,0.9834255642361112
3,39,0.0008498277748003602,0.0009927828796207905,0.00663888160093331,-0.14943328433566624,0.9801793981481481,0.9714680989583333
3,40,0.0008321412606164813,0.001003930578008294,0.03226750780034948,-0.14499582449595133,0.9795295621141975,0.9788845486111111
3,41,0.0008238881709985435,0.0008088693721219897,0.05376426143410765,0.0923597600724962,0.979811077353395,0.9825412326388889
3,42,0.0007673432119190693,0.0008939355611801147,0.1179905014273561,-0.010880849096510145,0.9802143614969135,0.9806098090277777
3,43,0.0007445141091011465,0.0008931995835155249,0.1490113514441031,-0.004395221339331733,0.9803156346450618,0.9768391927083333
3,44,0.0007544446270912886,0.0007160485256463289,0.14079174568623673,0.1991907040278117,0.9794656635802469,0.9837185329861111
3,45,0.0007232638890855014,0.0008445620769634843,0.1860024905499117,0.07146421935823229,0.9801112798996914,0.9828667534722222
3,46,0.0007117263157851994,0.0012211252469569445,0.1961800706239394,-0.32174247768190173,0.9804012345679012,0.9785210503472223
3,47,0.0007307576015591621,0.0007237355457618833,0.17648719195966367,0.2043181856473287,0.9799461082175925,0.9803493923611111
3,48,0.0006729194428771734,0.0006516783032566309,0.24694098028135889,0.2850584599706862,0.980126953125,0.9843207465277778
3,49,0.0006606661481782794,0.0008571881917305291,0.2663219201711961,0.06471861335966322,0.9799189814814815,0.980712890625
3,50,0.000649362220428884,0.0007170169847086072,0.27601912448435656,0.21907905870013766,0.9799870997299382,0.9832682291666667
3,51,0.000624458771198988,0.000942761660553515,0.3081062774599334,-0.008975346883138021,0.9804355951003086,0.9826280381944444
3,52,0.0006330834585241973,0.0008192980312742293,0.3023097936018014,0.10257016287909614,0.9799925250771605,0.9773111979166667
3,53,0.0006088144727982581,0.0007837993325665593,0.33352187783629805,0.15750930441750421,0.9803843557098766,0.9800075954861112
3,54,0.0005800786893814802,0.0006793788634240627,0.3539353862220858,0.26837910281287297,0.9804976851851852,0.9839029947916667
3,55,0.0005672819679602981,0.0006614631274715066,0.3766485799977809,0.3012500219874912,0.9806797357253086,0.9797146267361111
3,56,0.0005456781946122646,0.0006960387108847499,0.4068624253626223,0.2620089226298862,0.9807345920138889,0.9810004340277778
3,57,0.0005158737767487764,0.0006750215543434024,0.438939447020307,0.2828148868348863,0.9814392843364198,0.9820963541666666
3,58,0.0004999113734811544,0.0006651284056715667,0.4539055758052402,0.2987315018971761,0.9817256221064815,0.9826605902777777
3,59,0.0004903388908132911,0.0005835191113874316,0.4623625992256918,0.3905349029435052,0.9820185908564815,0.9846625434027778
3,60,0.00047684856690466404,0.0007028272375464439,0.4782192612871712,0.2495157519976298,0.9820891203703703,0.9837944878472222
3,61,0.0004729419597424567,0.0006920206942595541,0.4844473772578769,0.269426785575019,0.9821560329861111,0.9816786024305556
3,62,0.0004711435758508742,0.0006947339861653745,0.4864105096569768,0.28911741574605304,0.982177734375,0.9837510850694444
3,63,0.00046797312097623944,0.0006052830722182989,0.48774216410554483,0.3720911661783854,0.9824273003472223,0.9846842447916667
3,64,0.0004530366859398782,0.0006090583628974855,0.5074319727626848,0.35797223779890275,0.9824646749614198,0.9845811631944444
3,65,0.0004374674754217267,0.000667137443087995,0.5222745958669686,0.31489481661054824,0.9828076774691358,0.9843153211805555
3,66,0.0004313730460125953,0.0006240937509573996,0.5270779519905279,0.35186523331536185,0.9830403645833333,0.9834635416666667
3,67,0.00042914567166008055,0.0006452755769714713,0.5285588168803557,0.32927413781483966,0.9830548321759259,0.9849175347222222
3,68,0.00040648545837029815,0.0006410303758457303,0.5587326625247061,0.3358261611726549,0.9834557050540124,0.9853081597222222
3,69,0.0003936520661227405,0.0006084046326577663,0.5663047047308933,0.3716580351193746,0.983741440007716,0.9860080295138889
3,70,0.00038900465006008744,0.0006170744309201837,0.5714298382217502,0.3654458191659715,0.9839403694058642,0.9863118489583333
3,71,0.00038436075556091964,0.0006049516960047185,0.5761507474345925,0.3786998020278083,0.9840265721450617,0.9860297309027778
3,72,0.0003795300144702196,0.0006220749346539378,0.581296157836914,0.3640070332421197,0.9841851128472222,0.9860188802083333
3,73,0.00037350316415540874,0.000592050957493484,0.5886821739467574,0.3957552552223206,0.9843346113040123,0.9866427951388889
3,74,0.0003663722309283912,0.0006375021766871214,0.5946560594770643,0.3426278087827894,0.9844256365740741,0.9857584635416666
3,75,0.0003677302738651633,0.0006158791948109865,0.5957141681953713,0.37352745135625204,0.9844545717592592,0.986181640625
3,76,0.00035415266756899655,0.0006145614897832274,0.6087858554757671,0.37522701422373456,0.9846619405864198,0.9869303385416667
3,77,0.0003483114414848387,0.0006167046958580613,0.6138592377121066,0.37513220442665945,0.9848512249228395,0.9870822482638889
3,78,0.0003443388268351555,0.0006113250274211168,0.6177043757320922,0.3813286953502231,0.9850567853009259,0.9873426649305556
3,79,0.00034161220537498593,0.0006072096293792129,0.6201680496886924,0.3814078807830811,0.9851104359567902,0.9870442708333333
4,1,0.06639900803565979,0.02233901061117649,-104.75193889288255,-32.12766186396281,0.9784101321373457,0.9953342013888888
4,2,0.017007553949952126,0.012577628716826439,-25.379255786354157,-17.446998670366074,0.9950321903935185,0.9950412326388889
4,3,0.01027395948767662,0.008440903387963772,-14.688568895834464,-11.144574642181396,0.9947705680941358,0.9943793402777777
4,4,0.007133902981877327,0.005769996903836727,-9.707356368170844,-7.234854020012749,0.9940104166666667,0.9941731770833333
4,5,0.0054768966510891914,0.004355462267994881,-6.952544210575245,-5.127829835149977,0.9922001591435186,0.9932996961805556
4,6,0.004347596317529678,0.0036439192481338978,-5.208644149038527,-3.991626511679755,0.9903145495756173,0.9921766493055556
4,7,0.0035886953119188547,0.0032292832620441914,-4.036255835015097,-3.3355763488345676,0.9896677276234568,0.9880099826388888
4,8,0.003017135662958026,0.002694939263164997,-3.165511068591365,-2.5573339144388836,0.9871853298611111,0.9868598090277778
4,9,0.0025889568496495485,0.00224462547339499,-2.5128042462431353,-1.9198085639211866,0.9851538387345679,0.9888237847222222
4,10,0.002260638866573572,0.0025312015786767006,-2.014703401224113,-2.1633136537339954,0.9840163242669753,0.9787055121527778
4,11,0.0020329528488218784,0.0019178139045834541,-1.68073626300435,-1.363845670223236,0.9827112268518519,0.9856011284722223
4,12,0.001778454054147005,0.0017559716943651438,-1.319884177490517,-1.1618488868077597,0.981762996720679,0.9764756944444445
4,13,0.0016664424911141396,0.0013718357076868415,-1.113065188313708,-0.6870723181300693,0.9809437692901235,0.9789984809027777
4,14,0.0014986273599788547,0.0014679314335808158,-0.903472790747513,-0.7558144039577908,0.9808111496913581,0.9788899739583333
4,15,0.0013900832273066044,0.0011653041001409292,-0.7352133761217565,-0.3888782527711656,0.9801076630015432,0.9854926215277777
4,16,0.0013180600944906473,0.0012082515750080347,-0.6171246272546274,-0.4199472427368164,0.9803873697916666,0.9797146267361111
4,17,0.0012187163811177015,0.0011041014222428203,-0.47771205681341666,-0.2872576382425096,0.9804175106095679,0.9787163628472222
4,18,0.0011992000509053469,0.0010815486311912537,-0.449856612417433,-0.24048820866478815,0.9795506606867284,0.9864420572916667
4,19,0.0010965026449412107,0.001079492038115859,-0.3092474372298629,-0.21265681187311808,0.9803686824845679,0.9821126302083333
4,20,0.0010449776891618967,0.0010973606258630753,-0.23826756801134275,-0.22806526290045845,0.980101634837963,0.9747992621527778
4,21,0.0010182764381170273,0.0009366500307805836,-0.19641594739607823,-0.03428993357552423,0.9792112750771605,0.9828342013888889
4,22,0.0009497390128672123,0.0009743974660523236,-0.10573622209054452,-0.06294683350457085,0.9799268180941358,0.9785101996527777
4,23,0.0009342046687379479,0.0009521938627585769,-0.07725931656213454,-0.05927173164155748,0.980004581404321,0.9735785590277778
4,24,0.0008865981362760067,0.0008913255296647549,-0.014522509074505464,0.0455970115131802,0.9795211226851852,0.9760199652777778
4,25,0.0008775604655966163,0.0008287403034046292,0.0021034405555254146,0.11191368103027344,0.9795801986882716,0.9820529513888889
4,26,0.0008265370270237327,0.0008412364404648542,0.060579466672591224,0.11037064260906643,0.9797182436342593,0.9760959201388889
4,27,0.0008109101327136159,0.0010639586253091693,0.0899345976335031,-0.15073433452182347,0.9796971450617284,0.9770670572916667
4,28,0.0008004331029951572,0.0007477954495698214,0.10875084370742609,0.20003575086593628,0.9796181761188272,0.9826334635416667
4,29,0.0007710284553468227,0.0007863878854550421,0.14597239214697003,0.18871370951334634,0.9794656635802469,0.980078125
4,30,0.0007535881595686078,0.0007473169243894517,0.1633883457124969,0.22444236410988702,0.9795295621141975,0.980615234375
4,31,0.0007226509624160826,0.0008252068655565381,0.20133397019939658,0.13639499876234268,0.9794602382330246,0.9791883680555555
4,32,0.0007255328819155693,0.0007287671323865652,0.20302176961192378,0.2633400705125597,0.9795747733410494,0.9866536458333334
4,33,0.0007009598193690181,0.0007933359593153,0.2368701246049669,0.19933591418796115,0.9796706211419753,0.980859375
4,34,0.0006788453320041299,0.0007346684578806162,0.2620430063318323,0.2579645487997267,0.9793668016975309,0.979638671875
4,35,0.0006452947854995728,0.0007293710368685424,0.3003217962053087,0.26782525645362004,0.9797061873070988,0.9763726128472222
4,36,0.0006411271169781685,0.0006566023803316057,0.2988699394979595,0.35427460538016425,0.9794403452932099,0.9864529079861111
4,37,0.0006289039738476276,0.0006349034374579787,0.32608082839000374,0.3663686235745748,0.9796338493441358,0.9810004340277778
4,38,0.0005990812787786126,0.0007091984734870493,0.3561158642356778,0.30982210371229385,0.9800564236111111,0.9803548177083333
4,39,0.0005929713370278478,0.0006484027253463864,0.37151285365775777,0.3643633921941121,0.980272834683642,0.9763834635416667
4,40,0.0005851668538525701,0.0007492568111047149,0.3721981403268414,0.28615038262473214,0.9799527391975309,0.9787380642361111
4,41,0.000575995713006705,0.0006430205539800227,0.38863880236943565,0.34976650211546156,0.9802221981095679,0.9835394965277777
4,42,0.0005697984015569091,0.0006350611802190542,0.396997113286713,0.3632536345058017,0.9800853587962963,0.9781195746527778
4,43,0.0005578399868682027,0.0008090107003226876,0.4087395019001431,0.16684580776426527,0.9804024402006173,0.9778754340277778
4,44,0.0005585013423115015,0.0006586004165001214,0.4075893199002301,0.3581914570596483,0.9802716290509259,0.9800130208333333
4,45,0.0005266422522254288,0.0007545921253040433,0.44562443494796755,0.2225075946913825,0.9807514708719136,0.9766438802083334
4,46,0.0005117949331179261,0.0006052380194887519,0.46136472342926776,0.4045623699824015,0.9812801408179013,0.9813585069444445
4,47,0.00047430070117115974,0.0005981152644380927,0.5016284122879122,0.41332019435034856,0.9815785349151235,0.9849609375
4,48,0.000469827966298908,0.0005752204451709986,0.5051528991004567,0.4420436607466804,0.9818624614197531,0.9816297743055555
4,49,0.0004553519538603723,0.0005930817569606006,0.5140727718671163,0.41966346634758844,0.9821409625771605,0.9814236111111111
4,50,0.0004467980470508337,0.0006023597670719028,0.5315464347968867,0.42646585835350886,0.9822350019290124,0.9823025173611111
4,51,0.000444909674115479,0.0006720133242197335,0.5323478354348077,0.3297184242142571,0.982178337191358,0.9793131510416667
4,52,0.00044301574234850705,0.0005939300172030926,0.5307253460825225,0.4312782433297899,0.9820577739197531,0.9815809461805556
4,53,0.0004360021557658911,0.0005860776291228831,0.5382486430215246,0.4397835334142049,0.9825032552083334,0.9823621961805555
4,54,0.0004208847531117499,0.0006044535548426211,0.5546257779922015,0.4033565971586439,0.9826605902777777,0.9838921440972223
4,55,0.00041367975063622,0.0005933087086305022,0.5617185773672881,0.4338119665781657,0.9828703703703704,0.9851833767361111
4,56,0.00041142883128486574,0.0006168187246657908,0.5665035558335575,0.3953653229607476,0.9828908661265432,0.9835991753472222
4,57,0.0003911129606422037,0.0006009318167343736,0.5875544212482594,0.4229675703578525,0.9833297164351852,0.9855034722222222
4,58,0.00037981211789883673,0.0005881754914298654,0.5997636902479477,0.43659090333514744,0.9838005160108024,0.9849555121527778
4,59,0.0003691737074404955,0.0005893443012610078,0.6081089392120456,0.4275891900062561,0.9841573832947531,0.9855631510416667
4,60,0.0003591744462028146,0.0005941891577094793,0.6164669590231813,0.42834608289930554,0.9841983748070988,0.9843695746527777
4,61,0.000353494833689183,0.0006051808595657349,0.6263057667532085,0.41843170324961343,0.9844256365740741,0.9839518229166667
4,62,0.0003579560143407434,0.00060351996216923,0.6184939802428823,0.42756360239452784,0.9843894675925926,0.9846354166666667
4,63,0.00034777651308104396,0.0005924772704020143,0.6300312973834851,0.42977825270758735,0.9845468026620371,0.9854926215277777
4,64,0.0003453661920502782,0.0005689096287824214,0.6323175060896226,0.46137558221817015,0.9847372926311728,0.9851779513888889
4,65,0.00033999409060925245,0.0005807990673929453,0.6375868685451554,0.44253604544533626,0.9847764756944445,0.9863009982638888
4,66,0.000333195726852864,0.0006138660246506333,0.6448036118789956,0.4087714102533129,0.9849422501929013,0.9843804253472223
4,67,0.0003340050461702049,0.000583399087190628,0.643648522577168,0.43548753923839995,0.9848482108410493,0.9850857204861111
4,68,0.0003264599072281271,0.0006108054076321423,0.6525148649274567,0.39516792164908515,0.9850043402777777,0.9852918836805555
4,69,0.0003188061818946153,0.0006213054293766618,0.6580906182159613,0.3941193143526713,0.9851785542052469,0.9865668402777777
4,70,0.000317072932375595,0.0006049471558071673,0.6615145515512537,0.41762310134039987,0.9853804976851852,0.9854329427083334
4,71,0.0003128591342829168,0.0006010435172356665,0.6634949307382842,0.4271631002426147,0.9853395061728395,0.9868543836805556
4,72,0.00031371135264635086,0.0006097701261751354,0.6671311444706387,0.4041389134195116,0.9854600694444444,0.9859375
4,73,0.00029890963924117386,0.000602182699367404,0.6773427861708182,0.41825929085413616,0.9856577932098766,0.986376953125
4,74,0.000289161573164165,0.0006135149160400033,0.6883812761601107,0.39431168105867176,0.9858115113811728,0.9868109809027777
4,75,0.00028723303694278,0.000616373959928751,0.688790691929099,0.39607888725068835,0.985914592978395,0.9869466145833333
4,76,0.00028282246785238385,0.0006040289299562573,0.6953343481193354,0.4071303817960951,0.9860520351080246,0.9871961805555556
4,77,0.000278535793768242,0.0006236509652808309,0.6983302958217668,0.38561823500527276,0.9860876012731481,0.9875813802083333
4,78,0.0002764870587270707,0.0006008354248479009,0.700251105538121,0.4135412851969401,0.9862111786265432,0.9878038194444444
4,79,0.0002759523340500891,0.000610089220572263,0.7030546045597689,0.40376453002293905,0.986229263117284,0.9877278645833333
4,80,0.000271108525339514,0.0006122206686995924,0.7066714667979582,0.40888565646277536,0.9863558545524691,0.9878960503472223
4,81,0.000266898307017982,0.0006244757678359747,0.7118550297654705,0.38255323304070366,0.9864191502700618,0.9877170138888889
4,82,0.00026363175129517913,0.0006385158048942685,0.7144712412798846,0.36688950326707626,0.9864366319444444,0.9880208333333333
4,83,0.0002624644839670509,0.000637131102848798,0.715657220504902,0.36715674002965293,0.9865089699074074,0.9880154079861111
4,84,0.0002608124050311744,0.0006366301095113158,0.7175025049551034,0.3687703145874871,0.9865626205632716,0.9880696614583333
5,1,0.0532764196395874,0.03271002322435379,-81.38297744562597,-52.88837842941284,0.05132257908950617,0.9873426649305556
5,2,0.02435148134827614,0.017452647909522057,-36.65006833606296,-27.49248078664144,0.9904061776620371,0.9890842013888889
5,3,0.013860654085874557,0.010646980255842209,-19.972783434832536,-16.23696336216397,0.9911560812114197,0.9904839409722223
5,4,0.009015163406729698,0.007366226054728031,-12.572707608305377,-10.69683313369751,0.9909016927083333,0.9914930555555556
5,5,0.006524210795760155,0.0052927639335393906,-8.553238756862687,-7.336992634667291,0.9904278790509259,0.990673828125
5,6,0.004961604718118906,0.004323700908571482,-6.121077951972867,-5.604520058631897,0.9880750868055556,0.9929253472222223
5,7,0.004017583094537258,0.0035106283612549305,-4.681583105781932,-4.301984275711908,0.9857036072530864,0.98994140625
5,8,0.0033302130177617073,0.003098791465163231,-3.610124637756819,-3.4964052147335476,0.9847800925925926,0.9895887586805555
5,9,0.0028215073980391026,0.0025374973192811012,-2.848076515138885,-2.739386542638143,0.983934341242284,0.985205078125
5,10,0.002456163987517357,0.002359050791710615,-2.319322754424295,-2.360701960987515,0.9842640817901235,0.9793511284722223
5,11,0.0021900914143770933,0.0020972872152924538,-1.8973454038302104,-2.0035353740056356,0.982911361882716,0.9813313802083333
5,12,0.001943682786077261,0.0020010427106171846,-1.559432966473662,-1.8190759711795383,0.9823109567901235,0.9813422309027777
5,13,0.0017741380725055933,0.0017476018983870745,-1.2838281790415447,-1.4451675785912408,0.982570167824074,0.9789008246527777
5,14,0.001634777057915926,0.0015416662208735943,-1.0776612642370624,-1.1643745024998984,0.9809835551697531,0.9807562934027778
5,15,0.0014902581460773945,0.0014054314233362675,-0.8807948717364559,-0.9561867607964409,0.9812313126929012,0.9838216145833333
5,16,0.0014153262600302696,0.0014705987414345145,-0.7705860330734724,-0.9946194529533386,0.9809739101080247,0.9790093315972223
5,17,0.0013182167895138264,0.0013601609971374273,-0.6245209751305757,-0.868867822488149,0.9803385416666667,0.9745225694444445
5,18,0.0012268438003957272,0.001483069732785225,-0.5007403230961458,-0.99660404920578,0.9803276909722223,0.9762478298611111
5,19,0.0011862745741382241,0.0010743550956249237,-0.442026627946783,-0.4271254168616401,0.9802167727623456,0.9786024305555555
5,20,0.0011163519229739904,0.0009645778918638825,-0.33319126161528223,-0.27595725456873577,0.9803391444830247,0.9778049045138889
5,21,0.0010442729108035564,0.001006478676572442,-0.23943760718828366,-0.3170242322815789,0.9800648630401234,0.9766927083333333
5,22,0.0010045003145933151,0.0009871890069916844,-0.18316066530015734,-0.2699382993910048,0.9802788628472222,0.9771430121527778
5,23,0.0009528796654194593,0.001307002268731594,-0.10945763764558016,-0.6781059212154812,0.9798526716820988,0.9704047309027778
5,24,0.0009431873913854361,0.0008965461747720838,-0.09550149543785755,-0.14875053034888375,0.9798791956018519,0.9756130642361112
5,25,0.0008833808824419975,0.00106374965980649,-0.010363925239186228,-0.357406665219201,0.9797007619598765,0.9733778211805556
5,26,0.0008699329337105155,0.000926040462218225,0.018871326358230026,-0.1485621068212721,0.9800335165895062,0.9755479600694444
5,27,0.0008517643436789513,0.0008806796977296472,0.03760064369366493,-0.10357344415452745,0.9795060522762346,0.9748318142361111
5,28,0.0008182908059097826,0.0006552085978910327,0.08147817629354971,0.20314236879348754,0.9798454378858025,0.9849066840277778
5,29,0.0008013291517272592,0.0007811279501765966,0.10841354013961038,0.0488684958881802,0.9800413532021605,0.9786729600694445
5,30,0.0007824556669220328,0.000748336547985673,0.13239464112270025,0.10465822749667697,0.9794584297839506,0.980078125
5,31,0.0007286932086572051,0.0006968121160753071,0.19414572495001334,0.17617676390541925,0.980272231867284,0.9762098524305556
5,32,0.0007043757941573858,0.0006757506635040045,0.22451172448970652,0.1915022161271837,0.9798978829089506,0.9764811197916666
5,33,0.0006947814836166799,0.0006532214465551078,0.24007717267966563,0.21802455451753405,0.9793674045138889,0.980322265625
5,34,0.000675261253491044,0.0007189046591520309,0.26638874728002665,0.15220114522510106,0.9801637249228395,0.97626953125
5,35,0.0006661000661551952,0.000733330613002181,0.2782026423348321,0.1661980602476332,0.9800317081404321,0.9797526041666667
5,36,0.0006538706948049366,0.000648665998596698,0.2966937826003557,0.24755345847871568,0.9800449701003087,0.978662109375
5,37,0.0006128615932539105,0.0006970489048399031,0.33989764893496477,0.17589530812369453,0.9803325135030864,0.9766927083333333
5,38,0.0006057372083887458,0.0006871523801237345,0.35206096746303417,0.21873673333062066,0.9796211902006173,0.9756564670138889
5,39,0.000584467314183712,0.0006704531260766089,0.3712588505980409,0.21327596770392523,0.9808388792438272,0.9781846788194445
5,40,0.000585983507335186,0.0005942708812654018,0.36946553462817344,0.3141036219067044,0.9807520736882716,0.9783203125
5,41,0.000565606402233243,0.0006140681216493249,0.3970109833611382,0.2935571644041273,0.9808322482638889,0.9764756944444445
5,42,0.0005528179462999105,0.0006420313147827983,0.415921922819114,0.2617882556385464,0.9802625868055556,0.9797905815972222
5,43,0.0005687116645276546,0.0006478185532614589,0.39441476295023786,0.2546218408478631,0.9809401523919753,0.9781846788194445
5,44,0.0005562391597777605,0.0005571893998421729,0.42108086362297154,0.36777682171927556,0.9808635947145061,0.9781032986111111
5,45,0.0005298847099766135,0.000630980939604342,0.4344876080383489,0.27109609974755183,0.9811336564429012,0.9805881076388889
5,46,0.0005052921478636563,0.0005433169426396489,0.46461465535340485,0.382639565732744,0.9813868393132716,0.9799045138888889
5,47,0.0005070434417575598,0.0006197700276970863,0.46064187170546733,0.29722224606408015,0.9813066647376543,0.9775933159722222
5,48,0.0005018281517550349,0.0005869222222827375,0.47406637948236346,0.34575187497668797,0.9817304446373457,0.9813151041666667
5,49,0.0004960991209372878,0.0005655040731653571,0.48144562627062387,0.3671341445710924,0.9819468557098765,0.9813368055555556
5,50,0.0004733677487820387,0.0005700474721379578,0.5049876386736646,0.3863788882891337,0.981690055941358,0.9835991753472222
5,51,0.00046622430090792477,0.0005344863166101277,0.5097863708013369,0.4017744329240587,0.9822952835648148,0.9828070746527777
5,52,0.0004405907238833606,0.0005842697573825717,0.5420721092341859,0.3649132397439745,0.9825804157021605,0.9809244791666667
5,53,0.00042971703805960715,0.0005385213298723102,0.5526037351584728,0.4013292325867547,0.9826696325231481,0.9799858940972223
5,54,0.0004343975451774895,0.0005835177144035697,0.5439149548977982,0.34785277048746743,0.9824893904320988,0.9795301649305556
5,55,0.0004205544828437269,0.0005318712210282683,0.5614772263868355,0.4044562167591519,0.9825183256172839,0.9801161024305556
5,56,0.00040743756107985973,0.0005346436519175768,0.5719965017872092,0.4108809020784166,0.9830246913580247,0.9829047309027777
5,57,0.0004091437440365553,0.0005421068053692579,0.5752976913511018,0.40639413992563883,0.9828631365740741,0.9789388020833333
5,58,0.0004221929411869496,0.0005656137363985181,0.55549434600053,0.3686359935336643,0.9824893904320988,0.9796440972222222
5,59,0.00039560027653351426,0.00047159125097095966,0.5897114741949387,0.5065165506468878,0.982862533757716,0.9826280381944444
5,60,0.00037903012707829475,0.0005433745682239532,0.6063930769025544,0.41477904982037017,0.9835292486496914,0.981591796875
5,61,0.00036546302726492286,0.0004557694192044437,0.6213052428798911,0.5179944581455654,0.9837770061728395,0.9832899305555556
5,62,0.00035675251274369657,0.00046576684690080583,0.6322442276978198,0.5078340702586703,0.9838800877700618,0.9808051215277778
5,63,0.000360152218490839,0.0004586561117321253,0.6252208340315171,0.5248622682359484,0.9840030623070988,0.9834852430555555
5,64,0.0003525573993101716,0.00045378346112556756,0.6366801173598678,0.5306611776351928,0.9841616030092593,0.9858778211805556
5,65,0.00033052891376428306,0.0004968375433236361,0.6602390620443556,0.48670058382882014,0.9843864535108025,0.9840657552083333
5,66,0.0003272376488894224,0.00046898238360881805,0.6619269685980714,0.5185932411087883,0.984446735146605,0.9850260416666666
5,67,0.0003173083532601595,0.0004488668346311897,0.6704943305180396,0.5423488219579061,0.9848427854938272,0.985498046875
5,68,0.00032830180134624243,0.0005227815127000213,0.662618464452249,0.4433923231230842,0.9848783516589507,0.9807996961805555
5,69,0.0003248566354159266,0.0004270965000614524,0.6640930611410258,0.5715434829394023,0.9844919463734568,0.9841362847222223
5,70,0.00030579022131860256,0.00043608981650322676,0.684738008328426,0.5582304663128324,0.9849145206404321,0.9844455295138889
5,71,0.0002988629275932908,0.0004300881992094219,0.6886940545505947,0.563637199666765,0.9851146556712963,0.9865288628472222
5,72,0.0002865479327738285,0.00043419707799330354,0.7035818925610295,0.555580034520891,0.9853437258873456,0.984814453125
5,73,0.00027903029695153236,0.0004718119453173131,0.7124849042774718,0.5118485490481058,0.9855215567129629,0.9854871961805556
5,74,0.00026951648760586977,0.00046094731078483164,0.7208675958492138,0.5251259485880534,0.9856523678626543,0.9855360243055555
5,75,0.00027250387938693166,0.00048716532182879746,0.7174559551992534,0.48941127724117706,0.9858898775077161,0.9841796875
5,76,0.0002838569926097989,0.0004413511778693646,0.7052140274165589,0.5434803340170119,0.9857024016203704,0.9862033420138889
5,77,0.0002552191726863384,0.00041298504220321774,0.7382271803455588,0.5897046844164531,0.9859447337962963,0.9867947048611111
5,78,0.0002579053689260036,0.00040987503598444164,0.734794654669585,0.5942610979080201,0.9861044801311728,0.9853298611111111
5,79,0.00025456846924498677,0.00044508278369903564,0.7408730724711478,0.564480349752638,0.986255184220679,0.9864149305555555
5,80,0.0002581749577075243,0.0003994200087618083,0.7359231781076502,0.6116307510270013,0.9862437307098766,0.9876681857638889
5,81,0.00023814698215574026,0.00044189742766320705,0.7577344563272265,0.560412942038642,0.9863884066358025,0.9877332899305555
5,82,0.00023629196221008897,0.00043922432814724743,0.752927890383167,0.5591310938199361,0.9866060233410494,0.9863389756944444
5,83,0.0002321336360182613,0.0004583937698043883,0.7605322627373684,0.5439171340730455,0.9868326822916667,0.9869140625
5,84,0.00022184682893566787,0.0004615429206751287,0.7727842966715495,0.521145678891076,0.9870521074459877,0.9847601996527777
5,85,0.0002581503940746188,0.00040453096153214574,0.7291396859251422,0.6079897469944424,0.9864643614969136,0.9848904079861112
5,86,0.00023729806707706302,0.0004465554957278073,0.7601741007816645,0.5461727870835198,0.9866831838348765,0.9871148003472222
5,87,0.00023635316756553948,0.00042360086808912456,0.7545785999592439,0.5780601090855069,0.9869466145833333,0.9865451388888888
5,88,0.00021479788119904697,0.00044941314263269305,0.7820039512198649,0.5415752000278897,0.9872847945601851,0.9876139322916667
5,89,0.00019071134738624096,0.0004052579461131245,0.804257521217252,0.6078932947582669,0.9876916956018519,0.9885850694444445
5,90,0.00017362332437187433,0.0004176172078587115,0.819693613641056,0.5898067050509983,0.988304759837963,0.9892144097222222
5,91,0.00016632495680823922,0.0004156171635258943,0.8256231586138407,0.5975548161400689,0.9885615596064815,0.9890679253472222
5,92,0.0001624202122911811,0.0004254543164279312,0.8298970312248042,0.5860217862659031,0.9888497058256173,0.9894585503472222
5,93,0.00015772564802318811,0.00041846578824333847,0.8341143285786664,0.5927635497517056,0.9889256606867284,0.9896104600694444
5,94,0.00015584328502882272,0.0004291937220841646,0.8364275292113975,0.5806589404741923,0.9890799816743827,0.9897352430555556
5,95,0.0001532024471089244,0.0004484256205614656,0.8386684202853544,0.5495877557330662,0.9892728829089507,0.9899088541666666
5,96,0.00015210092533379793,0.0004419650649651885,0.8403203184221998,0.5637617495324877,0.9893560715663581,0.9896050347222223
5,97,0.00014706353249493986,0.00044197405804879963,0.8448646950133053,0.5618723445468479,0.989575496720679,0.9899088541666666
5,98,0.00014025357086211443,0.00044312895624898374,0.8510496266094255,0.5634254707230462,0.9897262008101851,0.9899793836805556
5,99,0.00013732860679738224,0.000451663916464895,0.853387012452255,0.5537981258498298,0.9899028260030864,0.990185546875
5,100,0.00013573453179560602,0.00044517384958453476,0.8549728168381585,0.5597486270798577,0.9900577498070988,0.9902723524305556
6,1,0.06310898065567017,0.029039546847343445,-98.23539849858226,-41.64258201387194,0.6480812355324074,0.9922580295138889
6,2,0.023186862468719482,0.018041644245386124,-35.10521841402407,-25.340485774146185,0.9905809944058642,0.9893446180555555
6,3,0.014926963485777378,0.011923754587769508,-22.26074492254375,-16.23835677570767,0.9904236593364197,0.9891927083333333
6,4,0.01004749909043312,0.007977917790412903,-14.366727696524727,-10.407722918192546,0.989868465470679,0.9931857638888889
6,5,0.007079220376908779,0.006383783183991909,-9.584451720155316,-7.913804223802354,0.9910740981867284,0.9876085069444445
6,6,0.005312839522957802,0.00463287066668272,-6.862264196961014,-5.306069638994005,0.9885440779320988,0.9910861545138889
6,7,0.004253094084560871,0.004115956835448742,-5.178031414820824,-4.488961513837179,0.9875440055941358,0.979248046875
6,8,0.0034884449560195208,0.0032967631705105305,-3.970581614235301,-3.3258629772398205,0.9859332802854939,0.9864637586805556
6,9,0.0029421139042824507,0.0029887049458920956,-3.130968004391517,-2.781403758790758,0.9857819733796296,0.9702907986111111
6,10,0.0024949577637016773,0.002398294396698475,-2.4425835731588763,-2.0012169493569267,0.9831036603009259,0.9839898003472223
6,11,0.002157225040718913,0.002232368104159832,-1.922713518731388,-1.6737536827723185,0.9831621334876544,0.9821940104166667
6,12,0.001919703558087349,0.0021688323467969894,-1.548558391759425,-1.502667858865526,0.9822880497685185,0.9761827256944444
6,13,0.0017231290694326162,0.001885727746412158,-1.2563446524702473,-1.1961860921647813,0.982129509066358,0.9725043402777778
6,14,0.0015689571155235171,0.0015173805877566338,-1.028908489810096,-0.7384065707524617,0.9817696277006173,0.9893446180555555
6,15,0.0014335697051137686,0.001398643245920539,-0.8218722630430151,-0.5848111324840122,0.9823115596064815,0.9747667100694445
6,16,0.0013353757094591856,0.001425587572157383,-0.6681021287117476,-0.5933357106314765,0.9822325906635803,0.9805881076388889
6,17,0.0012719895457848907,0.0012399463448673487,-0.5776336422672979,-0.38303277095158894,0.9818003713348765,0.9805826822916667
6,18,0.001165594207122922,0.0012341007823124528,-0.43201053790104244,-0.34617118570539684,0.9808545524691358,0.9849772135416667
6,19,0.0011179008288308978,0.0011360135395079851,-0.35002773808844295,-0.21725672880808514,0.9816249517746913,0.98076171875
6,20,0.0010596669744700193,0.0013074285816401243,-0.27525951715163244,-0.3425558090209961,0.9809763213734568,0.9790201822916667
6,21,0.0010646260343492031,0.001142482040449977,-0.2395639443103178,-0.16276195181740655,0.980689380787037,0.9823187934027777
6,22,0.0009906608611345291,0.001102958107367158,-0.1547959042184147,-0.13075696494844224,0.9808057243441358,0.9776421440972223
6,23,0.0009482790483161807,0.0009721957612782717,-0.09404719714765196,0.003871056768629286,0.9806369357638889,0.9738606770833333
6,24,0.0008999455021694303,0.00100763572845608,-0.039882929236800584,-0.01799001826180352,0.9806357301311729,0.9774739583333333
6,25,0.0008608418283984065,0.0009202471119351685,0.016028002897898356,0.08289474646250407,0.9807008342978395,0.9784396701388889
6,26,0.0008070086478255689,0.0009314594208262861,0.0877800174701361,0.07365925576951769,0.9805272231867284,0.9774197048611111
6,27,0.0007962634554132819,0.0008972649811767042,0.09966814797601582,0.13095521926879883,0.980345775462963,0.9772189670138889
6,28,0.0007628776365891099,0.0009127003140747547,0.15175875204580802,0.10450359053081937,0.980052203896605,0.9807725694444445
6,29,0.0007464619702659547,0.0008669628296047449,0.17481205257368676,0.15911407073338826,0.9803258825231481,0.9799696180555556
6,30,0.0007338759023696184,0.0008866202551871538,0.18513443411132435,0.14428612258699205,0.980347583912037,0.9764756944444445
6,31,0.0006998586468398571,0.0008227558573707938,0.23315469747708167,0.20924279424879286,0.979932243441358,0.9802191840277777
6,32,0.0006965143838897347,0.0008333706064149737,0.2355629018795343,0.19056465360853408,0.9807261525848765,0.97744140625
6,33,0.0006624149973504245,0.0008219187147915363,0.2726698544290331,0.22219743993547228,0.9802571614583333,0.9761501736111111
6,34,0.0006525723729282618,0.0008068188326433301,0.29497746994465956,0.26130379835764567,0.9804386091820988,0.9773817274305555
6,35,0.0006477349670603871,0.0008078546961769462,0.30874394870098726,0.2546066363652547,0.9798122829861111,0.9824652777777778
6,36,0.0006200959323905408,0.0009566727094352245,0.33095953008274975,0.10451708104875353,0.980442828896605,0.9826768663194444
6,37,0.0006221457151696086,0.0009849341586232185,0.33249073896879033,0.0846674018436008,0.9803584346064815,0.9739203559027778
6,38,0.0006038062274456024,0.0007551922462880611,0.359316869871116,0.3067951533529494,0.9800751109182099,0.9778374565972222
6,39,0.0005750016425736248,0.0008234583656303585,0.39348048516261724,0.22625615464316473,0.9805471161265432,0.9793240017361111
6,40,0.0005893026245757937,0.0007637518574483693,0.3761067243269932,0.3051682445738051,0.9807520736882716,0.9769694010416666
6,41,0.0005678229499608278,0.0007438369793817401,0.4007469774764261,0.3164282096756829,0.9803548177083333,0.9781032986111111
6,42,0.0005762478103861213,0.0007737334235571325,0.38736528938199266,0.3013431840472751,0.9801908516589506,0.9803059895833334
6,43,0.0005527560133486986,0.0008454484632238746,0.4229896502730287,0.2566793587472704,0.9803596402391975,0.9781358506944444
6,44,0.0005474739009514451,0.0007361575844697654,0.42684798461419565,0.3341863963339064,0.9805639949845679,0.9814995659722222
6,45,0.0005282815545797348,0.0006408611079677939,0.44503430716785386,0.4432128058539497,0.9806580343364197,0.9828504774305555
6,46,0.0005107798497192562,0.0007045279489830136,0.47256975497728515,0.37458633449342515,0.9806773244598765,0.9824490017361112
6,47,0.0005108208861202002,0.0007618693634867668,0.4664669089847141,0.2956104662683275,0.9806791329089506,0.978759765625
6,48,0.0004895899910479784,0.0007004261715337634,0.4882229291362527,0.38532127141952516,0.9811324508101852,0.9790581597222222
6,49,0.0004887230461463332,0.0006975973374210298,0.48508873868871616,0.3727029032177395,0.9811113522376543,0.9799099392361111
6,50,0.0005008444422855973,0.0007295496761798859,0.47179794591150165,0.36982041067547267,0.9814646026234568,0.9766927083333333
6,51,0.0004925730172544718,0.0007097498746588826,0.4890614770076893,0.38565400971306696,0.9808497299382716,0.9832736545138889
6,52,0.000471228442620486,0.0006458353018388152,0.5131539906984494,0.4416682230101691,0.9814266251929012,0.9804416232638888
6,53,0.00045089685590937734,0.0007830492686480284,0.5318176775802801,0.3187023811870151,0.9814621913580247,0.9766493055555555
6,54,0.0004304565372876823,0.0006532866973429918,0.5549935396806693,0.4466923157374064,0.9816436390817901,0.9835015190972223
6,55,0.0004152763285674155,0.0006698928773403168,0.5686567312405433,0.42308158609602187,0.9822633342978395,0.9823459201388889
6,56,0.000398674194002524,0.0006840500282123685,0.5878746768574655,0.3979832702212863,0.9825653452932098,0.9831922743055556
6,57,0.0003933133848477155,0.0006323416600935161,0.5882265425022738,0.4695864955584208,0.9829210069444444,0.9832845052083333
6,58,0.0003811006899923086,0.0007520281942561269,0.604652985378548,0.3429577827453613,0.9832248263888889,0.9831597222222223
6,59,0.0003772428026422858,0.0006562480702996254,0.6060294419159123,0.4464495486683316,0.9833532262731481,0.9845486111111111
6,60,0.00036581087624654174,0.000707325292751193,0.6175867114538028,0.3834520141283671,0.9834665557484568,0.9840766059027778
6,61,0.0003603250370360911,0.0006782542332075536,0.6224989322968472,0.4300912062327067,0.9835382908950617,0.9838595920138888
6,62,0.0003597683389671147,0.0006623280351050198,0.6248022927178277,0.4374286890029907,0.9838047357253087,0.9847005208333334
6,63,0.00035655073588714004,0.0006614946178160608,0.6254918270640903,0.43482433689965144,0.9836588541666667,0.9849175347222222
6,64,0.00034447258803993464,0.0007644116412848234,0.6394981471108802,0.33617093827989364,0.9839265046296296,0.9846733940972222
6,65,0.00033974001416936517,0.0006804224685765803,0.6447522535736179,0.42771222326490616,0.9840934847608025,0.9854709201388889
6,66,0.0003251494490541518,0.000670896377414465,0.6576123811580517,0.4325852870941162,0.9845823688271605,0.9855848524305556
6,67,0.00030544857145287097,0.0007134760962799191,0.6774684005313449,0.391159545050727,0.9847493489583333,0.9856879340277778
6,68,0.00030386861180886626,0.0006682818057015538,0.6785140371616976,0.43814867602454294,0.9851236979166667,0.9863823784722222
6,69,0.000297632475849241,0.0006512175314128399,0.6857997864852717,0.4575712588098314,0.9851460021219136,0.9863606770833333
6,70,0.0002932312781922519,0.0007149608572944999,0.6906782039889583,0.38314939472410414,0.9853087625385802,0.9862738715277778
6,71,0.00029092776821926236,0.0006904503097757697,0.6920095979431529,0.40886335637834337,0.985302131558642,0.9866482204861111
6,72,0.00028485848451964557,0.000725612451788038,0.6983102334870233,0.3795190731684367,0.985423297646605,0.9865234375
6,73,0.0002863918198272586,0.0006881848676130176,0.698857319207839,0.413053654299842,0.9855119116512345,0.9864800347222222
6,74,0.0002751206629909575,0.0006735603674314916,0.7062525295916898,0.43843172126346164,0.9855842496141975,0.9871039496527778
6,75,0.00026774557773023844,0.0007074620807543397,0.7153505830117214,0.3977776553895738,0.985765094521605,0.9873697916666667
6,76,0.0002656749857123941,0.0006974684074521065,0.7161452528871136,0.41652490165498524,0.985962818287037,0.9869683159722222
6,77,0.00026231538504362106,0.000702756573446095,0.719280774799394,0.4075964570045471,0.9859405140817902,0.9875217013888888
7,1,0.11899026483297348,0.034701600670814514,-196.51815737265127,-53.987401496039496,0.9414695457175926,0.9953342013888888
7,2,0.02616943046450615,0.019083820283412933,-39.26693597840674,-28.974781205919054,0.995067756558642,0.9949273003472222
7,3,0.015309447422623634,0.01192823052406311,-22.289433323306802,-17.64022775755988,0.9947892554012345,0.9948187934027778
7,4,0.010273003950715065,0.008584339171648026,-14.486142124364406,-12.1571595509847,0.9943293065200617,0.994091796875
7,5,0.007586097344756126,0.006617357954382896,-10.257924188802273,-8.967025073369344,0.9933756510416667,0.9918185763888889
7,6,0.005968937184661627,0.005238796584308147,-7.671188934349719,-6.7580360677507185,0.9910168306327161,0.9887586805555556
7,7,0.004826710559427738,0.004349519498646259,-5.9226822405685615,-5.370902050866021,0.9888485001929013,0.985791015625
7,8,0.004036519676446915,0.003386886790394783,-4.6754931276227225,-3.954390703307258,0.9876880787037037,0.9917697482638889
7,9,0.0033808047883212566,0.0030428734607994556,-3.7342267560370175,-3.3471493191189237,0.9862648292824074,0.9901746961805555
7,10,0.0029302984476089478,0.002541571157053113,-3.0338709857728747,-2.6300623257954916,0.985813922646605,0.9886393229166667
7,11,0.0025892071425914764,0.0025486722588539124,-2.501407278025592,-2.5059527277946474,0.9838897328317902,0.9854275173611111
7,12,0.002310541458427906,0.002107006963342428,-2.087413109526222,-1.8865661276711359,0.9832284432870371,0.9842936197916666
7,13,0.0020610461942851543,0.0020518070086836815,-1.7252145637700587,-1.7536760025554232,0.9825563030478395,0.9801215277777777
7,14,0.0019371174275875092,0.0016569867730140686,-1.516517311261024,-1.2307986365424262,0.9822627314814815,0.9845594618055555
7,15,0.0017370483838021755,0.0017075440846383572,-1.234382500619064,-1.2219643937216864,0.9818009741512346,0.9805284288194445
7,16,0.0016165591077879071,0.001533636124804616,-1.0549488453217495,-0.9997845013936361,0.9815875771604938,0.979296875
7,17,0.001486842054873705,0.0014613901730626822,-0.8717138764298993,-0.8900169491767883,0.9815025800540124,0.986572265625
7,18,0.0013944447273388505,0.0014217086136341095,-0.736112634635266,-0.8025936444600423,0.9812361352237654,0.9837076822916667
7,19,0.001324316137470305,0.0013770593795925379,-0.6371988713005443,-0.6930353893174066,0.9806682822145062,0.9845540364583333
7,20,0.0012516158167272806,0.001213430310599506,-0.5343192237394827,-0.5138832026057774,0.9813151041666667,0.9791395399305556
7,21,0.001177298603579402,0.0013079579221084714,-0.4367521514127284,-0.5907755653063457,0.9806706934799383,0.9797743055555556
7,22,0.0011364910751581192,0.0012517529539763927,-0.37082393375443823,-0.5314789202478197,0.9811559606481481,0.9783257378472222
7,23,0.0010894632432609797,0.0011208167998120189,-0.29486568842405153,-0.3264766189787123,0.9800950038580247,0.9835883246527778
7,24,0.0010507050901651382,0.000992099056020379,-0.23943055632673663,-0.19997735685772366,0.9805700231481481,0.981201171875
7,25,0.0009943990735337138,0.0011386626865714788,-0.1686380848472501,-0.32828249269061616,0.980712287808642,0.9807888454861111
7,26,0.0009649450075812638,0.0011366861872375011,-0.11667659518159466,-0.31385963095559016,0.9807822145061729,0.9828993055555556
7,27,0.0009269783040508628,0.0010443966602906585,-0.06259320886046799,-0.22726071145799426,0.9801974826388888,0.9815158420138889
7,28,0.000890374300070107,0.0010521527146920562,-0.01213173454190478,-0.19851315551333956,0.9804964795524691,0.9783528645833334
7,29,0.000873501761816442,0.0009325123974122107,0.008227991027596556,-0.0700990981525845,0.9801775896990741,0.9831380208333333
7,30,0.0008356962935067713,0.000878520542755723,0.06515041810494882,-0.005371052689022488,0.9806260850694445,0.9798773871527777
7,31,0.0008168438798747957,0.0008034081547521055,0.07113680589346238,0.09406780401865641,0.9800907841435185,0.9835991753472222
7,32,0.0008084316505119205,0.0007763184839859605,0.10323907328240665,0.11686811844507854,0.980688777970679,0.9834309895833333
7,33,0.0007695004460401833,0.0008567619370296597,0.14492813010274627,0.05451956722471449,0.9800437644675926,0.9742296006944444
7,34,0.0007301581208594143,0.0009709413861855865,0.19433653207472812,-0.09057758384280734,0.9799063223379629,0.9829318576388889
7,35,0.0007343523320741951,0.0008368253475055099,0.19793264954178422,0.04448645114898682,0.9803879726080247,0.9816460503472222
7,36,0.0007158295484259725,0.0009676280315034091,0.20159456038180693,-0.02105253537495931,0.980321662808642,0.9817003038194444
7,37,0.0006894405232742429,0.000814444909337908,0.2469187108086951,0.10319977204004924,0.9801281587577161,0.9816460503472222
7,38,0.0006747891893610358,0.0008312696008943021,0.2614988546312591,0.10142338805728489,0.9804518711419753,0.9814290364583333
7,39,0.00065503956284374,0.000812284357380122,0.28867442225232537,0.10079950491587321,0.9802565586419754,0.9828667534722222
7,40,0.0006415474927052855,0.0007720744470134377,0.3029172604466662,0.16925830973519218,0.9804265528549383,0.9821397569444444
7,41,0.0006232920568436384,0.0008245069766417146,0.3281980440940386,0.12383602990044487,0.9805652006172839,0.9810655381944444
7,42,0.0006204876117408276,0.0009018967393785715,0.3350948397024178,0.03570663134256999,0.9809690875771605,0.9835015190972223
7,43,0.0006101698381826282,0.0007764346664771438,0.3423751179082894,0.1836528738339742,0.9810510706018518,0.9751790364583334
7,44,0.0005867339787073433,0.0009136007865890861,0.37103737474959575,0.057942424880133736,0.9808063271604939,0.9802625868055556
7,45,0.0005858327494934201,0.0007990237791091204,0.3786041639469288,0.1759154650900099,0.9810402199074074,0.9777289496527778
7,46,0.0005718734464608133,0.0006581341149285436,0.39009010320828286,0.304128528965844,0.9802173755787037,0.9817328559027778
7,47,0.0005571090732701123,0.0007129081641323864,0.4060647917382511,0.24686205122205945,0.9811933352623456,0.9792914496527778
7,48,0.0005376255139708519,0.0008022530237212777,0.42829617114714635,0.15561012162102594,0.9812445746527778,0.9827311197916667
7,49,0.0005456765647977591,0.0006769215688109398,0.4191900343070796,0.3004315866364373,0.9814380787037037,0.9811143663194445
7,50,0.0005102242575958371,0.0007145051495172083,0.46190909132545377,0.27322283188501995,0.9815483940972223,0.98154296875
7,51,0.0005027127917855978,0.0006829695194028318,0.47008873960118236,0.27038045591778226,0.9814760561342593,0.9795301649305556
7,52,0.0004962410312145948,0.0006353905773721635,0.4703299590099005,0.3584675272305807,0.9816339940200617,0.9841579861111112
7,53,0.0004754593246616423,0.0008353976299986243,0.4968830820954876,0.08511048687828912,0.981300033757716,0.9801486545138889
7,54,0.0005004280828870833,0.0006589575787074864,0.4735707982086841,0.3209107240041097,0.9812415605709877,0.9790798611111111
7,55,0.0004774756380356848,0.000679165415931493,0.5019150850213604,0.3192695697148641,0.9816761911651235,0.9806423611111111
7,56,0.0004566966090351343,0.0007239126716740429,0.516970110528263,0.26740558279885185,0.9819070698302469,0.9821397569444444
7,57,0.00044862140202894807,0.0007125861593522131,0.5295540413738768,0.28219058248731826,0.9818582417052469,0.9846896701388889
7,58,0.00043962569907307625,0.0008500869735144079,0.5359780055505258,0.14734659989674886,0.9825225453317902,0.9819064670138888
7,59,0.0004387017397675663,0.0007474635494872928,0.5397904014881746,0.24565315114127265,0.9824128327546297,0.9814778645833333
7,60,0.0004447471583262086,0.0006148706306703389,0.5303963371265081,0.37853823237948947,0.9820161795910494,0.9853298611111111
7,61,0.0004128574801143259,0.000752693391405046,0.5678682035870022,0.22805180814531115,0.9829191984953703,0.9824761284722222
7,62,0.0004105670377612114,0.000634123629424721,0.5670523559605634,0.34470018810696074,0.982835407021605,0.9837944878472222
7,63,0.0004087493580300361,0.0006846059113740921,0.56589726621722,0.2844881799485948,0.9831717785493828,0.9851453993055556
7,64,0.0003776580560952425,0.0005877488292753696,0.5989136229326696,0.4191147420141432,0.9835304542824074,0.9848470052083333
7,65,0.0003609393024817109,0.0006510167731903493,0.6196147388882107,0.34681267473432753,0.9838409047067901,0.9829047309027777
7,66,0.0003616368630900979,0.0007619428215548396,0.6205953801119769,0.19973009824752808,0.9839476032021605,0.9829535590277778
7,67,0.0003767708840314299,0.0006386319873854518,0.6044754279984368,0.3354427019755046,0.9831735869984568,0.9860948350694444
7,68,0.0003447294293437153,0.00059728097403422,0.6355776498347153,0.41561059951782225,0.9839379581404321,0.9857150607638889
7,69,0.00034593683085404336,0.000699133612215519,0.6333357061868833,0.3153297318352593,0.9841724537037037,0.9861382378472222
7,70,0.0003409811470191926,0.0006029346259310842,0.640981196326974,0.4012799382209778,0.9844997829861111,0.98486328125
7,71,0.00031992330332286656,0.000583838380407542,0.6615705681435856,0.41714739402135215,0.9845172646604938,0.9874348958333333
7,72,0.0003229332505725324,0.0006149966502562165,0.662916663693793,0.40308549801508586,0.9846167293595679,0.9861328125
7,73,0.0003066332428716123,0.0006035080878064036,0.6788124941013477,0.3927473227183024,0.9848988474151235,0.9869357638888889
7,74,0.00030133628752082586,0.0005749395349994302,0.6840319206685196,0.4085788289705912,0.9850224247685185,0.9855631510416667
7,75,0.0002967370382975787,0.0006527012446895242,0.6876126845677694,0.3612020505799188,0.9850917486496914,0.986083984375
7,76,0.00029079438536427915,0.0005896418006159365,0.692551870699282,0.4212620152367486,0.9852514949845679,0.9853732638888889
7,77,0.0002817097119987011,0.0006055152043700218,0.7018343766530355,0.4152506430943807,0.9853901427469136,0.9866482204861111
7,78,0.0002701695775613189,0.0005543442675843835,0.7170228157514408,0.46297660668691,0.985691550925926,0.9858832465277778
7,79,0.0002697313902899623,0.0005997765110805631,0.7187332354945901,0.40195842186609904,0.9856372974537037,0.9865559895833333
7,80,0.0002688024833332747,0.0005470459582284093,0.7177141700261905,0.4641950143708123,0.9857319396219136,0.98681640625
7,81,0.00025470173568464816,0.0006304479902610183,0.7352856260758859,0.3657781415515476,0.9859151957947531,0.9870388454861111
7,82,0.00026794971199706197,0.0005424199625849724,0.7179726207697833,0.4783968223465814,0.9856849199459876,0.9867892795138888
7,83,0.0002621223102323711,0.0005448674201034009,0.7257332800347128,0.47212918202082316,0.9857271170910494,0.9874891493055555
7,84,0.00025350291980430484,0.0005985942552797496,0.7367548842488983,0.39366085131963097,0.9861599392361111,0.9861273871527778
7,85,0.0002588018833193928,0.0005295290611684322,0.7227469182308809,0.4797406183348762,0.9861918885030864,0.9872612847222222
7,86,0.0002481210685800761,0.0005864920094609261,0.7387121456640738,0.4064778195487128,0.986401668595679,0.9878038194444444
7,87,0.0002535235253162682,0.0005221422179602087,0.7286752923035328,0.49397866461012097,0.9864565248842593,0.9879503038194445
7,88,0.00023594021331518888,0.0005917140515521169,0.7531682985800284,0.4188471078872681,0.9865776909722223,0.9878689236111111
7,89,0.00023314982536248863,0.00055033212993294,0.7587770994798637,0.4697336620754666,0.9869297357253086,0.9874186197916667
7,90,0.00023465162666980177,0.0005071756313554943,0.7522485606464339,0.5154022640652127,0.9866741415895062,0.9885362413194444
7,91,0.00021260138601064682,0.0006531595718115568,0.7788156125280592,0.3327086435423957,0.987156394675926,0.98779296875
7,92,0.00022657649242319167,0.0005321394419297576,0.7610416948059459,0.4892612549993727,0.9871678481867284,0.9870930989583333
7,93,0.00024246764951385558,0.0005147887859493494,0.7485801874855418,0.49585012329949274,0.9866518373842592,0.9881130642361111
7,94,0.0002280662301927805,0.0005393868777900934,0.7608488709838302,0.4770860724978977,0.9869924286265432,0.987451171875
7,95,0.0002150355139747262,0.0005870437016710639,0.7775770386060079,0.4176023350821601,0.9870629581404321,0.9875705295138889
7,96,0.000211247184779495,0.0005174377001821995,0.780679225332943,0.4940635363260905,0.9874596113040124,0.9883951822916667
7,97,0.000199865477043204,0.0005254293791949749,0.7904444366325567,0.48889797661039563,0.9877586082175925,0.9880859375
7,98,0.0001969310105778277,0.0004976406926289201,0.7963181089471888,0.5191222296820747,0.9879171489197531,0.988818359375
7,99,0.00020027681603096426,0.000539139611646533,0.7920396466314057,0.46629885302649604,0.9879225742669753,0.9886393229166667
7,100,0.00020849639258813113,0.0005099059781059623,0.7827524619337953,0.5088710016674466,0.9876241801697531,0.9889322916666666
7,101,0.0002003531699301675,0.0004938246565870941,0.7895800948143006,0.5234856724739074,0.9877616222993827,0.9896592881944445
7,102,0.00019745070312637836,0.0005629630759358406,0.7933608604066166,0.43513917525609336,0.9880811149691358,0.9880208333333333
7,103,0.0001975413179025054,0.0005019597010686994,0.790226889539648,0.5053433153364394,0.9880768952546296,0.9885579427083333
7,104,0.00020172777294646949,0.0005371575243771076,0.7848308791348964,0.48751411967807345,0.9881010079089506,0.9871419270833334
7,105,0.0001960611843969673,0.0005579314893111587,0.7931916507673852,0.4295742750167847,0.9883198302469136,0.9882866753472223
7,106,0.0002059030521195382,0.000555880309548229,0.7759123463689545,0.4645457241270277,0.9881570698302469,0.9880208333333333
7,107,0.00018302720854990184,0.0005175094120204449,0.8080767578548855,0.4960005588001675,0.9885048948688272,0.9892469618055556
7,108,0.00018026641919277608,0.0004921019426546991,0.8129650797372983,0.5210256841447618,0.9889063705632716,0.9893988715277777
7,109,0.00017814940656535327,0.0005176712875254452,0.812202066845364,0.4851676728990343,0.9886833285108024,0.9881130642361111
7,110,0.00017433625180274248,0.0004982624086551368,0.8177665554446939,0.521206361717648,0.9889292775848766,0.9894097222222222
7,111,0.0001763992477208376,0.0004887868999503553,0.8125234318368229,0.5203666673766242,0.9891541280864198,0.9897298177083333
7,112,0.0001685659372014925,0.0004942272789776325,0.8200354211124373,0.517827926741706,0.9893964602623457,0.9897081163194444
7,113,0.00016002020856831223,0.0004733954556286335,0.831934643086092,0.5404691192838881,0.9896424093364198,0.9907335069444444
7,114,0.00015791243640705943,0.0004946669214405119,0.8369491836171091,0.5197494202189975,0.989698471257716,0.9891818576388889
7,115,0.00015818362589925528,0.0005216588615439832,0.8324719698340804,0.4986081772380405,0.9898467640817902,0.9885091145833333
7,116,0.00016097740444820374,0.0005286088562570512,0.8308303810932018,0.49243978526857163,0.9896821952160494,0.9883517795138889
7,117,0.0001611609768588096,0.0005000775563530624,0.8288080567195092,0.5122720811102125,0.9897153501157407,0.9902398003472223
7,118,0.00015976003487594426,0.0005170885706320405,0.8316776812812429,0.4876367317305671,0.9897044994212963,0.9888671875
7,119,0.00015620490012224764,0.00046258734073489904,0.8378028634153767,0.560495048099094,0.9899293499228395,0.9902560763888889
7,120,0.00015159949543885887,0.0005185077316127717,0.84039630772155,0.499759672747718,0.9903446903935185,0.9889268663194445
7,121,0.00015130058454815298,0.0005289027467370033,0.8410790230021065,0.4885174446635776,0.9903874903549382,0.9905327690972222
7,122,0.0001459304621675983,0.00047423303476534784,0.8467116960772761,0.5395167390505473,0.990795597029321,0.9901258680555556
7,123,0.00014316703891381621,0.000534197548404336,0.8500678779166422,0.4765838066736857,0.9910089940200617,0.9901963975694444
7,124,0.0001471131108701229,0.0004970000591129065,0.8455606094113103,0.5197713944647048,0.9910312982253087,0.9889431423611111
7,125,0.0001611806801520288,0.0005189337534829974,0.833248915348524,0.5020982291963365,0.9903404706790123,0.9886610243055556
7,126,0.0001533847243990749,0.000519337656442076,0.8380228414947604,0.5116618328624302,0.9905333719135803,0.9887586805555556
7,127,0.00014577565889339894,0.0005073585780337453,0.8470614601064611,0.5211105214224921,0.9908830054012345,0.9903537326388889
7,128,0.00012685939145740122,0.0004885760718025267,0.8657026071607331,0.5368759976492987,0.9915587625385802,0.9906792534722222
7,129,0.00010972232848871499,0.0004840846813749522,0.8815465216283445,0.5403837521870931,0.9924563560956791,0.9912489149305556
7,130,0.00010338697029510513,0.00048099516425281763,0.8876726075454995,0.5462559633784824,0.9929247444058642,0.9917371961805556
7,131,0.00010020771878771484,0.0004938176134601235,0.8903231959284088,0.5320286379920112,0.9932562934027778,0.9913519965277777
7,132,9.787151066120714e-05,0.00048079167027026415,0.8930225157443388,0.5434529185295105,0.9934968171296297,0.9919813368055556
7,133,9.634470916353166e-05,0.000486865610582754,0.8942930339295188,0.5427097611957126,0.9938072675540124,0.99169921875
7,134,9.439159475732595e-05,0.0004858759930357337,0.8957670840216272,0.539808640215132,0.9940164448302469,0.9920464409722223
7,135,9.292866889154539e-05,0.0004871029523201287,0.897874038307755,0.5420747558275859,0.9942015094521605,0.9924424913194444
7,136,8.99101942195557e-05,0.0004983035614714026,0.900879180284194,0.5277430799272326,0.9944293740354938,0.9923014322916667
7,137,8.727445674594492e-05,0.0004985356936231256,0.9032908985644211,0.5289343396822611,0.9946584442515433,0.9923611111111111
7,138,8.654811244923621e-05,0.0005026079597882926,0.9037809706028597,0.5245229522387187,0.994774184992284,0.9925672743055556
7,139,8.563464507460594e-05,0.0005029617459513247,0.904883528933113,0.5216149753994412,0.9949508101851852,0.992529296875
8,1,0.06223159283399582,0.03393137827515602,-94.29243967621414,-56.02001433902316,0.9928041811342593,0.9949273003472222
8,2,0.025578675791621208,0.018367884680628777,-38.38012882515236,-29.628484047783747,0.9951678240740741,0.9949110243055556
8,3,0.014975585974752903,0.011732470244169235,-21.63825911945767,-18.33201854493883,0.9949049961419754,0.9944064670138889
8,4,0.010124901309609413,0.008429065346717834,-14.163490173551772,-12.641634956995647,0.994237678433642,0.9937554253472223
8,5,0.007518451660871506,0.006469935178756714,-10.057911274756915,-9.314663743972778,0.9936740451388889,0.9928331163194445
8,6,0.005930977873504162,0.005100190173834562,-7.5287993960910375,-6.992912101745605,0.9927354600694445,0.9931098090277778
8,7,0.004850368015468121,0.004438409581780434,-5.872675267266638,-5.709582482443915,0.9920012297453704,0.9920138888888889
8,8,0.004073037765920162,0.003438288578763604,-4.679782294344019,-4.258953950140211,0.9903838734567901,0.9912814670138889
8,9,0.0034636324271559715,0.0031343030277639627,-3.7602585348082176,-3.625406593746609,0.9886640383873457,0.9876898871527777
8,10,0.002987929619848728,0.002790586557239294,-3.0496587538424835,-3.197460839483473,0.986571059992284,0.9862196180555556
8,11,0.0026642398443073034,0.002268714364618063,-2.574862011568046,-2.3412711090511746,0.9861255787037037,0.9861979166666667
8,12,0.002349570859223604,0.002067496534436941,-2.1139210706875646,-1.9940407196680705,0.9852876639660494,0.9885199652777777
8,13,0.002133130095899105,0.002025354653596878,-1.7839209150384974,-1.8179173125161066,0.9849693769290123,0.9844455295138889
8,14,0.0019511680584400892,0.0017283431952819228,-1.501132157260989,-1.4578004227744208,0.9840175298996914,0.9829264322916667
8,15,0.0017816792242228985,0.0014472210314124823,-1.279003604841821,-1.0259987804624768,0.9829240210262346,0.9895182291666667
8,16,0.0016344585455954075,0.001583735691383481,-1.059869114557902,-1.1012988673316109,0.9832537615740741,0.976904296875
8,17,0.0015227259136736393,0.0012860242277383804,-0.8963289862797584,-0.742314542664422,0.9812451774691358,0.9829969618055555
8,18,0.001451174495741725,0.0015533145051449537,-0.7718806909926144,-0.9917560868793064,0.9818082079475309,0.9696072048611111
8,19,0.001372639904730022,0.0011822712840512395,-0.6682540474114594,-0.5083412951893277,0.9811668113425925,0.9884928385416667
8,20,0.001284975791350007,0.001142278779298067,-0.5353484858701258,-0.5095216870307923,0.9817232108410494,0.9739583333333334
8,21,0.001218452351167798,0.0011051800101995468,-0.4516398839008661,-0.410541832447052,0.9810806086033951,0.9775987413194445
8,22,0.001170543022453785,0.0009897209238260984,-0.3784171513569208,-0.23958768977059258,0.9807870370370371,0.9852973090277778
8,23,0.0011188372736796737,0.0008645739289931953,-0.30423627076325593,-0.10008629428015815,0.9805748456790123,0.9859809027777777
8,24,0.0010673594661056995,0.0010314735118299723,-0.2429846339755588,-0.2598154134220547,0.9816110869984568,0.9815266927083334
8,25,0.001031483756378293,0.000876741367392242,-0.1880613774429133,-0.09515117804209391,0.9808286313657407,0.9850857204861111
8,26,0.0009734652121551335,0.0008180598961189389,-0.11278951094474321,-0.028500751654307047,0.9814181857638888,0.9823947482638888
8,27,0.0009578524623066187,0.0007834814605303109,-0.08771961235705718,0.05127018822564019,0.9809305073302469,0.9818250868055556
8,28,0.0009542180923745036,0.0008123923325911164,-0.07450851452203444,-0.0021694130367702906,0.9811077353395061,0.9787326388888888
8,29,0.0009055751143023372,0.0007492848671972752,-0.011129999013594639,0.09130889177322388,0.9806218653549382,0.9764214409722223
8,30,0.0009018262499012053,0.0006831191130913794,-0.003847595938929805,0.16650152206420898,0.9803246768904321,0.9799967447916667
8,31,0.0008272809209302068,0.0006991202244535089,0.08775544858273164,0.17695868412653606,0.9808189863040123,0.982861328125
8,32,0.0007970501901581883,0.0007236245437525213,0.12137453379454437,0.1655359188715617,0.9808786651234568,0.9767306857638889
8,33,0.0007839837926439941,0.0007572483154945076,0.13843865894976956,0.1327646255493164,0.9807400173611112,0.9796549479166666
8,34,0.0007639069808647037,0.0007498482009395957,0.1767849568967466,0.13378704918755424,0.9804717640817902,0.9773708767361111
8,35,0.0007520995568484068,0.0005689493846148252,0.1746816850002901,0.33605094618267484,0.9804307725694444,0.9832845052083333
8,36,0.000712844543159008,0.0007407626835629344,0.23814390294345808,0.15702813863754272,0.9810456452546297,0.9758843315972222
8,37,0.0007292351219803095,0.0006014711689203978,0.21235664273485724,0.3120622409714593,0.980711082175926,0.9811686197916667
8,38,0.0006941622123122215,0.0005448809242807329,0.25287042944519605,0.38847697310977514,0.9806586371527778,0.9834147135416667
8,39,0.0006693737232126296,0.0005444877315312624,0.28281931008821654,0.3810100687874688,0.9805386766975308,0.9801920572916667
8,40,0.0006553464336320758,0.0006309337913990021,0.30459109662491596,0.301842474937439,0.9809467833719135,0.9776963975694445
8,41,0.0006423367885872722,0.0006640224601142108,0.3145385433126379,0.3059483846028646,0.9809232735339506,0.9808810763888889
8,42,0.0006347829475998878,0.0005287029780447483,0.3304467296894686,0.40070631239149307,0.9808961467978395,0.983056640625
8,43,0.0006049095536582172,0.0005007173167541623,0.35994899478959447,0.43614175319671633,0.980835262345679,0.9822970920138889
8,44,0.0005759632913395762,0.0007184983696788549,0.3897217467979149,0.25659602085749306,0.9811065297067901,0.974462890625
8,45,0.0006276691565290093,0.0004899395862594247,0.3480642744052557,0.45592380232281154,0.9806188512731482,0.9768663194444445
8,46,0.0005750712007284164,0.0005764364032074809,0.3902349136493824,0.3930872970157199,0.9808635947145061,0.9824055989583333
8,47,0.0005722038331441581,0.0005867023137398064,0.3919084498911728,0.37634169393115574,0.9813404224537037,0.9777126736111111
8,48,0.0005599844735115767,0.0006030399235896766,0.40925259825624066,0.36481115023295085,0.9813187210648148,0.9771213107638889
8,49,0.0005440335371531546,0.0005503770662471652,0.432233010692361,0.4173827754126655,0.981494140625,0.9797417534722223
8,50,0.0005166190676391125,0.0005340605275705457,0.4528324163990256,0.442180773946974,0.9817617910879629,0.9804361979166667
8,51,0.0005096084205433726,0.00047304094186984,0.467325195118233,0.4905895087454054,0.9814422984182098,0.9828884548611111
8,52,0.0005432821344584227,0.0005242913030087948,0.4337148831214434,0.42346683343251545,0.981322337962963,0.98154296875
8,53,0.0005017158691771328,0.0004892096039839089,0.4715530694266896,0.46355653603871666,0.9814278308256172,0.9799696180555556
8,54,0.0004933985183015466,0.00044665468158200383,0.48299251323864784,0.5353124101956686,0.9816002363040124,0.9824273003472223
8,55,0.00048247684026136994,0.0004576832288876176,0.49799895389580434,0.5188277721405029,0.982032455632716,0.9831271701388888
8,56,0.0004610082251019776,0.0004793313564732671,0.5213036961025662,0.49497999880048965,0.9822120949074075,0.9807183159722223
8,57,0.0004545713891275227,0.00042572556412778795,0.5252430998248818,0.553179513083564,0.9819679542824075,0.9808485243055556
8,58,0.000440735078882426,0.00048347326810471714,0.5460682314119222,0.4945330686039395,0.9820469232253086,0.9832628038194444
8,59,0.0004435847804415971,0.00047494826139882207,0.5376119721082994,0.5363000088267856,0.9829071421682098,0.9793674045138889
8,60,0.0004325342015363276,0.00045787502313032746,0.5565897163049675,0.5461088286505805,0.9826021170910494,0.9792643229166667
8,61,0.00041188971954397857,0.000488580612000078,0.5727490192578163,0.5108289308018155,0.9827039930555556,0.9812065972222223
8,62,0.0004244290175847709,0.0004748559440486133,0.5603812956515654,0.4964314473999871,0.9830168547453704,0.981396484375
8,63,0.00039411536999978125,0.0004490039136726409,0.5900295641687181,0.5505519032478332,0.9833526234567901,0.9820095486111111
8,64,0.0003854342212434858,0.0004885387606918812,0.59843703802721,0.5022952622837491,0.9833688994984567,0.9843641493055556
8,65,0.0003912571119144559,0.0004170549218542874,0.5875960614946153,0.575157700644599,0.9834647472993827,0.9813530815972222
8,66,0.00037247195723466575,0.0004065258544869721,0.6205042396062687,0.6020746535725063,0.9832404996141976,0.9858127170138888
8,67,0.000360305595677346,0.00041625151061452925,0.6237037773485536,0.5830090430047777,0.9839994454089506,0.9843858506944444
8,68,0.000343149557011202,0.00044525088742375374,0.6476536922984653,0.5547535234027439,0.9843195408950617,0.9827256944444445
8,69,0.00034416362177580595,0.00038996036164462566,0.6435371139903128,0.6188973320855035,0.984252628279321,0.9850694444444444
8,70,0.0003303977136965841,0.00039334065513685346,0.6578312470589155,0.6092666082912022,0.9845401716820987,0.9849175347222222
8,71,0.00032346759689971805,0.0004730885848402977,0.6661791274577011,0.5517144719759624,0.9846384307484568,0.9852105034722223
8,72,0.00033390280441381037,0.00040790525963529944,0.657722027802173,0.597733716169993,0.9847921489197531,0.9852376302083333
8,73,0.00031934940489009023,0.00036754566826857626,0.6646672154650276,0.6478727711571588,0.9848421826774691,0.9856662326388889
8,74,0.00030320207588374615,0.00044203255674801767,0.6883238325884313,0.5524832394387987,0.9848879967206791,0.9835828993055555
8,75,0.00030002190032973886,0.00038925831904634833,0.6892151242420997,0.6121948175960117,0.985085117669753,0.9867458767361111
8,76,0.00029105745488777757,0.0003875327529385686,0.7007713756443542,0.6231292181544834,0.9854654947916667,0.9863009982638888
8,77,0.0002834024780895561,0.0003872631932608783,0.7074379770844071,0.628420603275299,0.9856240354938272,0.9865125868055555
8,78,0.00027940512518398464,0.00043945835204795003,0.7163798608897645,0.5613713436656528,0.9856969762731481,0.9847493489583333
8,79,0.0002770673600025475,0.0003764755092561245,0.7170735859576567,0.6435704191525777,0.9859501591435185,0.98623046875
8,80,0.0002639911253936589,0.00041742672328837216,0.7285828285747105,0.61168239514033,0.9859073591820988,0.9869303385416667
8,81,0.0002691419213078916,0.00036176349385641515,0.7224332172193645,0.6544547730022007,0.986059871720679,0.9857042100694444
8,82,0.00026995735242962837,0.00043113689753226936,0.7179615950878756,0.5747843583424886,0.9860683111496914,0.9869303385416667
8,83,0.00026232912205159664,0.0004036347381770611,0.7320126287731124,0.6135520339012146,0.9860695167824074,0.9879340277777777
8,84,0.0002613344113342464,0.0004352618125267327,0.7261019427099346,0.570732503467136,0.9861478829089506,0.9859429253472223
8,85,0.00026433446328155696,0.00038748158840462565,0.7274393239139039,0.6340325487984552,0.9859676408179012,0.9861382378472222
8,86,0.0002551207726355642,0.0004306646005716175,0.7357763862904207,0.5899284958839417,0.9863570601851852,0.9850260416666666
8,87,0.0002452595508657396,0.0004004312795586884,0.743398650340092,0.6213247617085774,0.9865993923611112,0.9870225694444444
8,88,0.000244615861447528,0.0003888504288624972,0.746740683802852,0.638418451944987,0.9864324122299383,0.9855685763888888
8,89,0.0002553843951318413,0.00038743100594729185,0.7365934686896242,0.6426571157243517,0.9863570601851852,0.9885416666666667
8,90,0.00022333038214128464,0.00037422621971927583,0.7702769769562615,0.6552033477359348,0.9870093074845679,0.9877983940972223
8,91,0.0001956298656295985,0.0003756860096473247,0.7971625400178226,0.6569717566172282,0.9876036844135803,0.9890028211805556
8,92,0.00018136270227842033,0.00039559078868478537,0.8097187084916198,0.6318648722436693,0.9880437403549382,0.988818359375
8,93,0.00017545311129651964,0.00038591446354985237,0.8158331476611855,0.6475677649180095,0.9882306134259259,0.9897894965277778
8,94,0.00016954608145169914,0.00039388713776133955,0.8214254427839208,0.6387299431694878,0.9885006751543209,0.9896267361111111
8,95,0.0001656379463383928,0.00039859244134277105,0.8250021266348568,0.6366364532046848,0.9886887538580247,0.9900065104166667
8,96,0.00015999856987036765,0.00038762862095609307,0.8307149207150495,0.6421993030442132,0.9888261959876543,0.9898600260416667
8,97,0.00015936835552565753,0.0004061440413352102,0.8310543325212266,0.6250426001018948,0.988965446566358,0.9896158854166667
8,98,0.0001534337643533945,0.0003978259046562016,0.8354754057931312,0.6343659109539456,0.9891710069444445,0.9899359809027778
8,99,0.0001482617371948436,0.0003998580505140126,0.8423593968520929,0.6356029934353299,0.9893283420138889,0.9902018229166667
8,100,0.00014552999346051365,0.0003997808962594718,0.8441589855853422,0.6352860358026292,0.9895055700231481,0.9904025607638889
8,101,0.00014341356290969998,0.00041052233427762985,0.8462596482700772,0.6254805617862278,0.9895851417824074,0.9903862847222222
9,1,0.046589355915784836,0.0201380867511034,-70.25808168576087,-32.82491294013129,0.5780942563657407,0.9928765190972222
9,2,0.01625135913491249,0.012060537934303284,-23.729769925129265,-19.105663585662843,0.9931212625385802,0.9930392795138889
9,3,0.009793831035494804,0.0076200407929718494,-13.712070234322253,-11.270530780156454,0.991944565007716,0.990576171875
9,4,0.00642006192356348,0.005337012931704521,-8.478794897044146,-7.361973524093628,0.9911325713734568,0.991357421875
9,5,0.004735594615340233,0.004192709922790527,-5.798655069021531,-5.168990760379367,0.9905315634645062,0.9910861545138889
9,6,0.003677299013361335,0.003235883079469204,-4.143126484788494,-3.7762697723176744,0.9893958574459877,0.9920572916666667
9,7,0.0030251042917370796,0.002722504548728466,-3.154733525676492,-2.919606484307183,0.9866259162808642,0.9896050347222223
9,8,0.0025067368987947702,0.0027176598086953163,-2.3878669126534167,-2.7843251519733005,0.9851851851851852,0.9878200954861112
9,9,0.0022254385985434055,0.0018400113331153989,-1.977604431281855,-1.534102365705702,0.9842827690972222,0.9870279947916667
9,10,0.0019382822792977095,0.0017261260654777288,-1.546091009510888,-1.3695984310574,0.9838776765046297,0.9818413628472222
9,11,0.0017279721796512604,0.0021917533595114946,-1.231000506877899,-1.6870029952791001,0.9832151813271605,0.9764539930555556
9,12,0.001611268031410873,0.0016272362554445863,-1.0349571489993437,-1.0761613236533272,0.9823555652006173,0.9858452690972223
9,13,0.0014560831477865577,0.0015614647418260574,-0.8151960746741589,-0.8956919577386644,0.9816478587962963,0.98408203125
9,14,0.0013463409850373864,0.001272685476578772,-0.6552722795509998,-0.5620498802926805,0.9815568335262346,0.9832085503472222
9,15,0.0012708731228485703,0.0011352919973433018,-0.5400865214842338,-0.40661858982510035,0.9815815489969136,0.9837944878472222
9,16,0.0011986559256911278,0.0010517439804971218,-0.4337476146073989,-0.24818398422665067,0.9811818817515432,0.9899197048611111
9,17,0.0011283064959570765,0.0011431395541876554,-0.33467779998426084,-0.32644322050942315,0.9812216676311728,0.9847819010416666
9,18,0.0010564682306721807,0.0011380090145394206,-0.23316970121713332,-0.2672737956047058,0.9807291666666667,0.9827365451388889
9,19,0.001011342741549015,0.001020798459649086,-0.16772729011229526,-0.14637217786577011,0.9810854311342593,0.9810980902777777
9,20,0.0009752591722644866,0.0011155528482049704,-0.1115293209935412,-0.2492916742960612,0.9811463155864197,0.9750434027777778
9,21,0.0009355454239994287,0.0008985332096926868,-0.06370715462131264,-0.034201708104875356,0.9800226658950617,0.9844672309027778
9,22,0.0009048903593793511,0.0009658578783273697,-0.015509770534656665,-0.05178165170881483,0.9800479841820988,0.9845431857638889
9,23,0.000890504103153944,0.0008924046996980906,0.0006133094246004835,0.03144374820921156,0.9810426311728395,0.9759168836805555
9,24,0.0008460963144898415,0.0008634048281237483,0.06375210167449198,0.07164371411005656,0.9800359278549383,0.9809787326388889
9,25,0.0007954984321258962,0.0007587110158056021,0.12817727636407922,0.19493045144610935,0.980248119212963,0.9839572482638889
9,26,0.0007897890172898769,0.0008736567106097937,0.1443662468297982,0.12004987133873833,0.9806700906635802,0.9839192708333333
9,27,0.0007441052002832294,0.000870776129886508,0.1870318779238948,0.11506689257091945,0.9800268856095679,0.980517578125
9,28,0.0007619952084496617,0.0007354628178291023,0.17618383669558865,0.23023847076627943,0.9797079957561728,0.9839409722222222
9,29,0.0007243678555823863,0.0008926959708333015,0.2240678255940661,0.10845509635077583,0.9803879726080247,0.980859375
9,30,0.0007113345782272518,0.0007332030218094587,0.24519823612990202,0.26371417575412326,0.9798599054783951,0.9806532118055555
9,31,0.0006922594620846212,0.000775396591052413,0.2624711747522707,0.2153339982032776,0.9794234664351852,0.9813693576388889
9,32,0.0006770044565200806,0.0007058128248900175,0.2854091036466905,0.3070350872145759,0.9800226658950617,0.9805338541666667
9,33,0.000671708257868886,0.0006887702038511634,0.2822816090819276,0.31826801697413126,0.9794777199074074,0.981396484375
9,34,0.0006671739974990487,0.0008602069574408233,0.28244423660231227,0.19430981079737344,0.9798978829089506,0.9846516927083333
9,35,0.0006565216463059187,0.0006744821439497173,0.3129966232511732,0.3354027536180284,0.9804609133873456,0.9753851996527778
9,36,0.0006348906317725778,0.0006853638915345073,0.3365699823991752,0.3297044634819031,0.9797718942901235,0.9833224826388889
9,37,0.0006228404818102717,0.0005915092770010233,0.34487190849987076,0.4221174518267314,0.9803120177469136,0.9846571180555556
9,38,0.0005762050859630108,0.0007054726011119783,0.4038429389765233,0.2779482709036933,0.980297550154321,0.97822265625
9,39,0.000581120781134814,0.0006342935957945883,0.39325417397934714,0.3851199481222365,0.9803373360339506,0.9816569010416667
9,40,0.0005771561409346759,0.0006232545711100101,0.3982167918005107,0.3989741987652249,0.9800618489583334,0.9834906684027778
9,41,0.0005673014093190432,0.0008165970793925226,0.4134429888960756,0.12905299795998468,0.9806224681712963,0.9764539930555556
9,42,0.0005663317861035466,0.0006778101669624448,0.4078725722101,0.3620265351401435,0.9804554880401235,0.9784830729166667
9,43,0.0005461606197059155,0.0006463379831984639,0.43957291473577054,0.3786865724457635,0.9805386766975308,0.9818630642361111
9,44,0.0005350775318220258,0.0006996258161962032,0.44955472784277833,0.30122113360299,0.9804832175925926,0.9797580295138889
9,45,0.0005647736834362149,0.0005687440279871225,0.4028189687081325,0.4520117349094815,0.9803325135030864,0.9841525607638889
9,46,0.0005457563092932105,0.000667996471747756,0.4261816338256553,0.3869324339760674,0.9807195216049382,0.9788682725694444
9,47,0.0005199589650146663,0.0006546785589307547,0.46478519277808106,0.38195737732781304,0.9806917920524691,0.9808919270833333
9,48,0.0005275423754937947,0.0006205880781635642,0.45922508931454314,0.42672006289164227,0.9812915943287037,0.9775010850694444
9,49,0.0004927657428197563,0.0006574803846888244,0.49681840546337175,0.36657469272613524,0.9808268229166667,0.9813151041666667
9,50,0.0004889566916972399,0.0007147950818762183,0.5001309178493641,0.3251148329840766,0.981275921103395,0.9759819878472222
9,51,0.0004691231297329068,0.0008410293376073241,0.5207593870751652,0.12951265441046822,0.9811330536265432,0.9799153645833333
9,52,0.0004870950651820749,0.0006320980610325933,0.4901212905660088,0.4172562970055474,0.9813796055169753,0.9803005642361111
9,53,0.00045018878881819546,0.0005529292393475771,0.5401466012001037,0.48657577435175575,0.9814429012345679,0.9791395399305556
9,54,0.0004329530638642609,0.0006119448225945234,0.5533410279839127,0.44581872092352975,0.9817617910879629,0.9781846788194445
9,55,0.0004398539604153484,0.0005270295077934861,0.5507450992678419,0.5229756514231364,0.9817744502314815,0.9809461805555556
9,56,0.00041511328890919685,0.0005568660562857985,0.5769990263161836,0.4956144491831462,0.9819854359567901,0.9837944878472222
9,57,0.00042487215250730515,0.0005561234429478645,0.5633802013632692,0.4962439470820957,0.9820433063271605,0.9799587673611111
9,58,0.0004062421212438494,0.0006152719142846763,0.5856681052549386,0.4235502243041992,0.9821427710262346,0.9815375434027778
9,59,0.00040224025724455714,0.0005162920570001006,0.5891367534060538,0.5262790401776631,0.9823549623842592,0.9822645399305555
9,60,0.00040157296461984515,0.0005515352822840214,0.5874586408520922,0.4761040939225091,0.9822567033179013,0.98349609375
9,61,0.00039220447069965303,0.0005473236087709665,0.6013501307110728,0.5146188444561428,0.9825376157407407,0.9796115451388889
9,62,0.0003905441553797573,0.0005193479009903967,0.6062263479939214,0.5416598306761847,0.9823814863040123,0.9812608506944445
9,63,0.00038463540840893984,0.0005358972121030092,0.607645027284269,0.5065410004721748,0.9828408323688271,0.9851345486111112
9,64,0.00036876677768304944,0.0004756597336381674,0.6209975901945137,0.5791074474652608,0.9828082802854938,0.9866861979166667
9,65,0.0003587669925764203,0.000491627084556967,0.6309042995358691,0.5746880478329128,0.9832175925925926,0.98427734375
9,66,0.00034898443846032023,0.0005193445831537247,0.6452812080030088,0.5333232190873888,0.9832013165509259,0.9856987847222223
9,67,0.00035727632348425686,0.0005173066165298223,0.6344510441944923,0.540255708164639,0.9833737220293209,0.9819173177083333
9,68,0.0003443871974013746,0.0005098399124108255,0.6494299488303102,0.5418995314174229,0.9835087528935185,0.9844943576388889
9,69,0.0003323530836496502,0.0005545727908611298,0.6609688686735836,0.4596003082063463,0.9838463300540123,0.9822591145833334
9,70,0.0003233222814742476,0.000569729832932353,0.6693487140867446,0.49226597679985895,0.9835895302854938,0.9840169270833333
9,71,0.0003311102627776563,0.0005244638887234032,0.6675452148472821,0.5423167904218038,0.9840018566743827,0.9844455295138889
9,72,0.0003189076669514179,0.0005083839641883969,0.6740945952909964,0.5411522706349691,0.9839879918981481,0.9829806857638889
9,73,0.000293265882646665,0.0005167146446183324,0.6998453649473779,0.5377814054489136,0.9844087577160494,0.9850423177083333
9,74,0.00027330551529303193,0.0004944245447404683,0.7210530183933399,0.5625048995018005,0.9848964361496914,0.9860297309027778
9,75,0.00025939432089217007,0.00048626321949996054,0.7347990838097938,0.5795763161447313,0.9852322048611111,0.9869574652777777
9,76,0.0002516985987313092,0.00046294054482132196,0.7408072296484017,0.6045812116728888,0.9855101032021605,0.987841796875
9,77,0.0002443770645186305,0.0005097695393487811,0.7481092436814014,0.5550479862425063,0.9858440634645061,0.9864854600694445
9,78,0.0002443276171106845,0.0005156588740646839,0.7483161603962933,0.5190465132395427,0.9857403790509259,0.9871310763888889
9,79,0.0002416938659735024,0.0005021562101319432,0.751117127324328,0.5700285739368862,0.9860749421296297,0.9875379774305556
9,80,0.00024100500741042197,0.00045286485692486167,0.7519276822054828,0.6150344888369242,0.9861165364583333,0.9881130642361111
9,81,0.00023572197824250907,0.00046836634282954037,0.7590180033518944,0.5978613058725993,0.986156925154321,0.987939453125
9,82,0.00023298992891795933,0.00047188327880576253,0.7598519457711114,0.5743012348810832,0.9862720630787037,0.9883246527777778
9,83,0.0002306607784703374,0.00047217815881595016,0.7627488261387672,0.5978144195344713,0.9863920235339506,0.9879069010416667
9,84,0.0002195945126004517,0.0005066508892923594,0.7730412837899762,0.5520990464422438,0.9866072289737654,0.9879720052083333
9,85,0.00021631320123560727,0.0004739720025099814,0.7755880455911895,0.5972769657770792,0.9867874710648148,0.9882595486111111
9,86,0.0002129624190274626,0.0004904383094981313,0.7804164667188386,0.5786382502979702,0.9868188175154321,0.9881456163194444
9,87,0.0002121716388501227,0.00048476754454895854,0.7827617489261391,0.5836264557308621,0.986838710455247,0.9888671875
9,88,0.00020826816034968942,0.00047287269262596965,0.7847047351024768,0.6033070630497402,0.9869894145447531,0.9887858072916667
9,89,0.00019875296857208014,0.0004650996997952461,0.7959949840734034,0.6058420936266581,0.9871973861882716,0.9886067708333334
9,90,0.0001905282260850072,0.00046674528857693076,0.8022736589113871,0.6071625537342495,0.987377628279321,0.9896267361111111
9,91,0.00018439002451486886,0.00048030581092461944,0.8086133858303964,0.5921246846516927,0.987572940779321,0.9893446180555555
9,92,0.00018141369218938053,0.00048737216275185347,0.810544929386657,0.5871417151557075,0.9877369068287037,0.9890625
9,93,0.00017602847947273403,0.000496114487759769,0.81622833572788,0.5793674972322252,0.9878044222608025,0.9894097222222222
9,94,0.00017479158123023808,0.0004871529235970229,0.8171085947825585,0.5921057462692261,0.9878924334490741,0.9892306857638888
9,95,0.0001762746396707371,0.0004973509931005538,0.8145741749692846,0.58180400662952,0.9878797743055555,0.9895453559027778
9,96,0.00017235249106306583,0.00048686290392652154,0.8196380367985479,0.5957227574454413,0.9879997347608025,0.9891655815972222
9,97,0.00016814403352327645,0.0004949688445776701,0.8236548316331558,0.5829370909267002,0.9880636332947531,0.9895887586805555
9,98,0.0001638319226913154,0.0004904236411675811,0.8278757062959082,0.5896831591924031,0.9881534529320988,0.9896538628472222
9,99,0.00016243876598309726,0.0004936731420457363,0.8294985169245873,0.5889141003290812,0.9882679880401235,0.9896321614583333
9,100,0.00016213316121138632,0.00048201633035205305,0.8294646485352222,0.5996958083576627,0.988307171103395,0.9898057725694445
10,1,0.12196671962738037,0.06228674203157425,-198.5311099935461,-92.82864600287543,0.001094111689814815,0.011485460069444444
10,2,0.04704134911298752,0.03380107507109642,-72.48717507727352,-49.8638722313775,0.9133897569444445,0.9927517361111111
10,3,0.027162466198205948,0.021056335419416428,-41.393362074722475,-30.539845530192057,0.9919126157407407,0.9924696180555556
10,4,0.017713330686092377,0.014646989293396473,-26.447524861347528,-20.750985431671143,0.9914592978395061,0.9917371961805556
10,5,0.012557558715343475,0.010633029974997044,-18.186743080468826,-14.67404712041219,0.9909884982638889,0.9920518663194444
10,6,0.009506095200777054,0.008138762786984444,-13.305495703661883,-10.91833602057563,0.9904212480709876,0.9917805989583334
10,7,0.007529048249125481,0.006414311472326517,-10.23189344935947,-8.32024490038554,0.989918499228395,0.9930338541666667
10,8,0.006122256629168987,0.005381602328270674,-7.995293869795622,-6.7116380108727345,0.9887182918595679,0.9919053819444444
10,9,0.005130448378622532,0.0046097347512841225,-6.465424723095364,-5.536107020907932,0.9875120563271605,0.9817274305555556
10,10,0.004358476027846336,0.003912252839654684,-5.274823223808665,-4.5103841384251915,0.9862479504243827,0.9844780815972223
10,11,0.0037730270996689796,0.0034859338775277138,-4.394177215776326,-3.875833831893073,0.9854046103395062,0.9885036892361111
10,12,0.003297841874882579,0.003238148055970669,-3.668425232687114,-3.454834296968248,0.9857265142746914,0.9815266927083334
10,13,0.0029730594251304865,0.0027590806130319834,-3.1417731037846317,-2.7452811929914684,0.9842122395833334,0.982568359375
10,14,0.0026362640783190727,0.0024593030102550983,-2.668222282698125,-2.3392072757085165,0.983617259837963,0.989013671875
10,15,0.0024102211464196444,0.0024834000505506992,-2.3015137510535157,-2.3090036233266193,0.9837577160493827,0.9779622395833333
10,16,0.002204319229349494,0.0020233853720128536,-1.9900645432648836,-1.7131484693951078,0.9829390914351852,0.9798177083333334
10,17,0.002044101944193244,0.0018273360328748822,-1.7452362478515249,-1.4364523569742838,0.9822356047453704,0.9829915364583334
10,18,0.001870490494184196,0.0017837539780884981,-1.5068946914908328,-1.3479829629262288,0.9818932050540123,0.981494140625
10,19,0.0017453038599342108,0.0016195648349821568,-1.3107958266764512,-1.1130362735854256,0.9817979600694444,0.97724609375
10,20,0.00162397394888103,0.0015406350139528513,-1.1262150601104455,-0.9950814339849684,0.9816798080632716,0.9796115451388889
10,21,0.0015327780274674296,0.0014014157932251692,-0.9884848294434724,-0.8104355918036567,0.9815471884645062,0.97880859375
10,22,0.0014340446796268225,0.0013993086759001017,-0.85004177328981,-0.7725375215212504,0.9815851658950617,0.9768608940972222
10,23,0.001373723498545587,0.0012430234346538782,-0.7510549543816366,-0.5795005043347676,0.9807635271990741,0.9840169270833333
10,24,0.0012887949123978615,0.0012129554525017738,-0.629746867403572,-0.5221704284350077,0.9809015721450617,0.9786349826388889
10,25,0.0012320190435275435,0.0013190028257668018,-0.5517484385290263,-0.6299213184250726,0.9806339216820987,0.9764431423611111
10,26,0.0011795423924922943,0.001280386233702302,-0.47001522970788273,-0.549743632475535,0.9805718315972223,0.9830240885416667
10,27,0.0011293815914541483,0.0011698444141075015,-0.40075884144983176,-0.42101805872387355,0.9801582995756173,0.9774522569444445
10,28,0.0010779335862025619,0.0010026664240285754,-0.3263260364532471,-0.23027077118555705,0.9804386091820988,0.9831325954861111
10,29,0.001028402242809534,0.0010040474589914083,-0.26414574149214193,-0.2206464303864373,0.9807538821373457,0.9789822048611111
10,30,0.0010028970427811146,0.0010046075331047177,-0.20688523848851523,-0.2181384430991279,0.9797996238425926,0.9838975694444444
10,31,0.0009968734811991453,0.0009369509061798453,-0.1943288892875483,-0.11705309020148383,0.9803680796682098,0.9788140190972222
10,32,0.0009045673650689423,0.0009343827841803432,-0.08256006388016689,-0.10874390072292751,0.980394000771605,0.9829915364583334
10,33,0.0009015966206789017,0.0008493370842188597,-0.07769893451973243,-0.029868601428137884,0.9798852237654321,0.9813530815972222
10,34,0.0008733918075449765,0.0008570398786105216,-0.03280548563709965,-0.003564635912577311,0.9801522714120371,0.9778049045138889
10,35,0.0008212383836507797,0.000810375961009413,0.029926323890686037,0.032157244947221546,0.9804633246527777,0.97958984375
10,36,0.0008185732876881957,0.0008102981373667717,0.040942956930325354,0.03326802386177911,0.9804114824459876,0.9807779947916667
10,37,0.0008248345693573356,0.0007485797395929694,0.030403899410624564,0.123243514696757,0.9802891107253087,0.9805935329861111
10,38,0.0007576181087642908,0.0007440653862431645,0.11930034042876443,0.1355407926771376,0.9807357976466049,0.9828776041666667
10,39,0.0007339541334658861,0.0007843755302019417,0.14158652167261382,0.07819874948925443,0.9805869020061728,0.9831163194444444
10,40,0.0007315885741263628,0.0007654697401449084,0.1577709245093075,0.11216633319854737,0.9808497299382716,0.9759385850694444
10,41,0.000687791733071208,0.0006770190084353089,0.19849590990278457,0.21793074078030056,0.9807779947916667,0.9815646701388889
10,42,0.0006717446958646178,0.0007614069036208093,0.22514358626471626,0.14919606977038913,0.980222800925926,0.9847439236111111
10,43,0.0006699602236039937,0.0008416851051151752,0.2370018975234326,0.035218850771586103,0.9812994309413581,0.9750054253472222
10,44,0.0006424327148124576,0.0007084057433530688,0.26521151845837815,0.16919080946180556,0.9810902536651235,0.9789984809027777
10,45,0.0006222184747457504,0.0006859499262645841,0.2930911698459107,0.21411619981129965,0.9813506703317901,0.9817003038194444
10,46,0.0006036270642653108,0.000839512562379241,0.31258518916589245,0.05663096772299873,0.9814242139274691,0.9762966579861111
10,47,0.0006020863656885922,0.0007439269102178514,0.3165606177883384,0.13710971540874906,0.9811029128086419,0.9787760416666667
10,48,0.0005903096171095967,0.0007357783615589142,0.32595722690040685,0.18381679985258315,0.9811011043595679,0.9797688802083333
10,49,0.0005789907881990075,0.0006784902070648968,0.3411813593205111,0.2407507472568088,0.9812783323688271,0.9819661458333333
10,50,0.0005340283969417214,0.0006631341530010104,0.3965843509744715,0.24749396906958687,0.9818678867669753,0.9819118923611111
10,51,0.0004954147152602673,0.0006608465919271111,0.4308713336049775,0.24648050996992324,0.9827907986111111,0.9828070746527777
10,52,0.0004917363403365016,0.0006760680116713047,0.4349929369526145,0.24100948042339748,0.9828559027777778,0.9812717013888889
10,53,0.0004880217311438173,0.000643052626401186,0.43643912665637924,0.27864755392074586,0.9829517505787037,0.9809027777777778
10,54,0.0004854707804042846,0.0007394988206215203,0.44270149175031687,0.1604230629073249,0.9827901957947531,0.9814507378472223
10,55,0.00047752767568454146,0.0006501516327261925,0.45387936668631473,0.2696545667118496,0.9831922743055556,0.9831325954861111
10,56,0.0004617538070306182,0.000639071746263653,0.46508934247640915,0.29601231945885553,0.9833930121527777,0.9826497395833333
10,57,0.000454136315966025,0.0006153543945401907,0.47794102253737275,0.3136500080426534,0.9836263020833333,0.983349609375
10,58,0.0004356705176178366,0.0006905724294483662,0.4955409420861138,0.23820943302578396,0.9838999807098765,0.9822970920138889
10,59,0.000443134515080601,0.0006244179676286876,0.488022514184316,0.3095497727394104,0.9838415075231481,0.9841091579861111
10,60,0.0004367112705949694,0.0006344257853925228,0.4943226369810693,0.2878916303316752,0.9839066116898149,0.9849555121527778
10,61,0.00042534590465947986,0.0006609690026380122,0.5071905573209127,0.2797201580471463,0.9842188705632716,0.982568359375
10,62,0.00041717878775671124,0.0006217839545570314,0.5186276109130294,0.327451491355896,0.9843719859182098,0.9838650173611111
10,63,0.00040667105349712074,0.0005977064720354974,0.5330824988859671,0.3469516608450148,0.9845600646219136,0.9841905381944445
10,64,0.00039306579856202006,0.0006596645689569414,0.5456097913377079,0.26028254826863606,0.9844798900462963,0.9835394965277777
10,65,0.0004050128045491874,0.0006306219147518277,0.5327923786492995,0.32055360078811646,0.9844618055555555,0.9841145833333333
10,66,0.0003889201325364411,0.0005917574162594974,0.5521327792862315,0.3467046141624451,0.9845835744598765,0.9856391059027778
10,67,0.0003859164717141539,0.0005364104290492833,0.5584386086758272,0.4170615275700887,0.9846510898919754,0.98603515625
10,68,0.00038070467417128384,0.0006278916844166815,0.5634452940505228,0.3337328539954291,0.9847626109182098,0.9837565104166667
10,69,0.00037399568827822804,0.0005550637142732739,0.5678775822674786,0.39807500309414334,0.985107421875,0.9857204861111111
10,70,0.00037102733040228486,0.0005796205368824303,0.5772092804496671,0.36665913661321003,0.9848542390046297,0.9863552517361112
10,71,0.0003567064995877445,0.0006292176549322903,0.5906703698782273,0.31572513580322265,0.9853461371527777,0.9853678385416667
10,72,0.0003511160903144628,0.0005823291139677167,0.5982017770225619,0.3650277243720161,0.9856680410879629,0.98662109375
10,73,0.00034397616400383413,0.0005943356663919985,0.6045386408582146,0.3515495154592726,0.985597511574074,0.9860243055555555
10,74,0.0003352769126649946,0.000596276018768549,0.6172115141962782,0.358200999101003,0.9855095003858024,0.9848470052083333
10,75,0.00034024883643724024,0.0006056071724742651,0.6092837288055891,0.33751261101828683,0.985572193287037,0.9871148003472222
10,76,0.0003174810262862593,0.0005520276026800275,0.6338851270852266,0.4153279807832506,0.9859712577160494,0.986279296875
10,77,0.0003036948328372091,0.0005456061335280538,0.6480232075408653,0.41492750379774307,0.9861750096450618,0.9877278645833333
10,78,0.00029310735408216715,0.0005553644150495529,0.6584318213992648,0.40479536056518556,0.9865354938271605,0.9877983940972223
10,79,0.0002844564151018858,0.0005621724994853139,0.6679404931303895,0.40528353055318195,0.9867856626157407,0.9871148003472222
10,80,0.0002791098377201706,0.0005566260660998523,0.6727228303014496,0.4053274777200487,0.9868863329475308,0.9880425347222223
10,81,0.0002758424961939454,0.0005677792942151427,0.6760624859068128,0.39391866789923774,0.9870852623456791,0.9883138020833333
10,82,0.00027181912446394563,0.0005605820333585143,0.6812751556620186,0.40542692210939196,0.9870973186728395,0.9883517795138889
10,83,0.00027056923136115074,0.0005629211664199829,0.6826295964511824,0.4033326678805881,0.9872365692515432,0.9880208333333333
10,84,0.00026360517949797213,0.0005591684021055698,0.6892248496597195,0.40339435603883533,0.987403549382716,0.9886013454861111
10,85,0.00025650963652879,0.000564878573641181,0.696575359944944,0.3986830300754971,0.9874782986111111,0.9886555989583333
10,86,0.00025449093664065003,0.0005605524638667703,0.697565930272326,0.406706878874037,0.9875638985339507,0.9887315538194444
10,87,0.0002517086104489863,0.0005605288897641003,0.7007726479459692,0.4063915106985304,0.9876687885802469,0.9890733506944445
