Fold,Epoch,Train_MSE,Val_MSE,Train_R2,Val_R2,Train_AuxAcc,Val_AuxAcc
1,1,0.16983939707279205,0.03399965167045593,-273.46166554910167,-48.15625709957547,0.6383553964120371,0.9800238715277778
1,2,0.02034001238644123,0.008461684919893742,-30.760642008722563,-11.043714237213134,0.9930097415123457,0.9955837673611111
1,3,0.006865371484309435,0.0042724646627902985,-9.508299455524963,-4.923718908098009,0.9951497395833333,0.9955837673611111
1,4,0.004119666293263435,0.0031169001013040543,-5.184300040904387,-3.2279631270302667,0.9951497395833333,0.9955837673611111
1,5,0.0031985677778720856,0.002590474206954241,-3.654987781724812,-2.4530707518259685,0.9951497395833333,0.9955837673611111
1,6,0.002700347453355789,0.0022781207226216793,-2.861254459251592,-1.9920949035220676,0.9951497395833333,0.9955837673611111
1,7,0.0023924889974296093,0.0020671477541327477,-2.3760008329226645,-1.6801347626580132,0.9951497395833333,0.9955837673611111
1,8,0.002171305473893881,0.0019078077748417854,-2.0185324992662594,-1.4440539942847357,0.9951497395833333,0.9955837673611111
1,9,0.0020021197851747274,0.001784085063263774,-1.7453573341722841,-1.2603893174065484,0.9951497395833333,0.9955837673611111
1,10,0.0018669829005375504,0.0016834854613989592,-1.527811156378852,-1.1107419729232788,0.9951497395833333,0.9955837673611111
1,11,0.0017578437691554427,0.001601907890290022,-1.3530504906619036,-0.9891911506652832,0.9951497395833333,0.9955837673611111
1,12,0.001668114447966218,0.0015331946779042482,-1.2066361300739241,-0.8865885151757135,0.9951497395833333,0.9955837673611111
1,13,0.0015906477347016335,0.0014754983130842447,-1.0820188489961036,-0.800295024447971,0.9951497395833333,0.9955837673611111
1,14,0.0015279718209058046,0.0014278253074735403,-0.980609749275961,-0.7289307355880738,0.9951497395833333,0.9955837673611111
1,15,0.0014746470842510462,0.0013952762819826603,-0.8932304841500741,-0.6805848095152113,0.9951497395833333,0.9955837673611111
1,16,0.0014460626989603043,0.00138694210909307,-0.8493027899000379,-0.6770724164115058,0.9951497395833333,0.9955837673611111
1,17,0.0017098654061555862,0.0015299073420464993,-1.1005557351642186,-0.8243133624394735,0.9914978780864198,0.9949164496527778
1,18,0.0017785122618079185,0.0016471975250169635,-1.271362872771275,-0.9559079647064209,0.9907256703317902,0.9955620659722222
1,19,0.0017560310661792755,0.001456769765354693,-1.2328695819701678,-0.7162552224265204,0.9928650655864197,0.9955837673611111
1,20,0.0016504647210240364,0.0017396919429302216,-1.060547505631859,-0.9967080341445075,0.9912235966435186,0.9829644097222222
1,21,0.001650118501856923,0.001577872666530311,-1.0308148291375903,-0.7729691916041904,0.9880660445601852,0.9837890625
1,22,0.0016331035876646638,0.0015721602831035852,-0.9834747594079853,-0.755983829498291,0.9853901427469136,0.9805935329861111
1,23,0.0015564640052616596,0.0012698007049039006,-0.8717483033368617,-0.4547402885225084,0.9868055555555556,0.994091796875
1,24,0.0014646141789853573,0.001431601820513606,-0.7701030447159285,-0.6010662953058878,0.9842815634645061,0.9808702256944445
1,25,0.0015184441581368446,0.0014441837556660175,-0.8128793135101413,-0.5943660842047798,0.9836799527391975,0.9813042534722223
1,26,0.0014947762247174978,0.0015522511675953865,-0.7491541921356578,-0.6760030614005195,0.9844859182098765,0.976220703125
1,27,0.0014328164979815483,0.0015033360105007887,-0.6743049781999471,-0.6204552253087362,0.9846269772376544,0.9767306857638889
1,28,0.0014353971928358078,0.001356431981548667,-0.6639624748700931,-0.4764000270101759,0.9838903356481481,0.9826985677083333
1,29,0.0014004111289978027,0.0016490203561261296,-0.6146165404790713,-0.7363150993982951,0.9849434558256173,0.9710883246527777
1,30,0.0014118242543190718,0.001318334136158228,-0.6241750459612152,-0.4319357924991184,0.9836962287808642,0.982080078125
1,31,0.0013503488153219223,0.0014967145398259163,-0.5505596993881979,-0.5782769150204129,0.9834358121141975,0.9758138020833333
1,32,0.0013914185110479593,0.0013793299440294504,-0.5859281535501834,-0.4550162434577942,0.9835003134645062,0.9803005642361111
1,33,0.001304261153563857,0.0014616557164117694,-0.49433382043132074,-0.539366422759162,0.9845106336805556,0.975390625
1,34,0.0013604462146759033,0.001264618942514062,-0.5402442960091579,-0.37631002532111274,0.9833375530478395,0.9844563802083334
1,35,0.00132408132776618,0.001420042710378766,-0.49937296899748435,-0.48736753596199883,0.9833086178626543,0.9802408854166667
1,36,0.0013408178929239511,0.0014131242642179132,-0.5159783626780098,-0.49482294321060183,0.9849410445601852,0.9769259982638889
1,37,0.0013465931406244636,0.0012167028617113829,-0.5197923236423069,-0.31683897574742637,0.9828691647376543,0.9878634982638889
1,38,0.0013300275895744562,0.0013891179114580154,-0.501485675499763,-0.47080266740587023,0.9844021267361112,0.9778537326388889
1,39,0.0013249588664621115,0.0014881485840305686,-0.5019613881170014,-0.5799133631918165,0.9840018566743827,0.9780002170138888
1,40,0.0013512980658560991,0.0014246582286432385,-0.5359467031043252,-0.5145248850186666,0.9844316647376543,0.9776746961805556
1,41,0.0013635950163006783,0.0013662746641784906,-0.5447816497013893,-0.4890941050317552,0.9846571180555556,0.9809299045138888
1,42,0.0013584222178906202,0.0015669127460569143,-0.5451364668799036,-0.6761258946524726,0.9840995129243827,0.9818684895833333
1,43,0.0013770614750683308,0.001397332176566124,-0.5771740670557375,-0.4858043432235718,0.983544921875,0.9781629774305556
1,44,0.0013469955883920193,0.0015669891145080328,-0.5561086354432283,-0.7232081996070014,0.9842616705246914,0.9821343315972222
1,45,0.0013967672130092978,0.0013205192517489195,-0.6148432738987016,-0.4549347016546461,0.9844774787808642,0.9845106336805556
1,46,0.0013758616987615824,0.00140149868093431,-0.6341577388622143,-0.5523720648553636,0.9843587239583333,0.9814344618055556
1,47,0.0013359051663428545,0.0014785905368626118,-0.5802101849037924,-0.6627821034855312,0.9842984423225308,0.9774685329861111
1,48,0.0014093087520450354,0.0012541709002107382,-0.662417001930284,-0.4152489754888746,0.9831380208333333,0.9828287760416666
1,49,0.0013306261971592903,0.0014577568508684635,-0.5674028742460557,-0.6448219564225939,0.983765552662037,0.9809190538194444
1,50,0.0013347825733944774,0.0014793603913858533,-0.6044629292723573,-0.6438919968075223,0.9839391637731482,0.9813530815972222
1,51,0.001345407566986978,0.0014240421587601304,-0.5799845305489905,-0.5887889636887444,0.9828432436342592,0.9830891927083333
1,52,0.0013433618005365133,0.0013632259797304869,-0.5970897160930398,-0.5344014114803738,0.9830379533179012,0.9843967013888889
1,53,0.0013204652350395918,0.001455363817512989,-0.563390576986619,-0.6303621106677585,0.9838065441743827,0.9779622395833333
1,54,0.0013223558198660612,0.0013298082631081343,-0.5817993036022893,-0.47335559527079263,0.9822615258487655,0.9831759982638889
1,55,0.001299136085435748,0.0013733913656324148,-0.5274751296749821,-0.5405597103966607,0.9828293788580247,0.9817545572916667
1,56,0.0012978003360331059,0.0014608724741265178,-0.5475711361861523,-0.6303619808620877,0.9825484664351852,0.9835991753472222
1,57,0.0012869482161477208,0.0014914749190211296,-0.5318148352481701,-0.6717825889587402,0.9825032552083334,0.9790201822916667
1,58,0.0012794758658856153,0.0013120451476424932,-0.5195130273147865,-0.4502722554736667,0.9814169801311728,0.9856987847222223
1,59,0.0012867697514593601,0.0013588417787104845,-0.5242465444553046,-0.5156666225857205,0.9833797501929012,0.98125
1,60,0.0012406513560563326,0.0014162648003548384,-0.46209135291017134,-0.5718795696894328,0.9813536844135803,0.9804307725694444
1,61,0.0012378670508041978,0.0014542089775204659,-0.46745879326337647,-0.6281191481484307,0.9827727141203704,0.9816786024305556
1,62,0.0012251125881448388,0.0013659250689670444,-0.4576421277022656,-0.5066475762261284,0.9825062692901234,0.9817708333333334
2,1,0.1706221103668213,0.03650885820388794,-254.82854355941583,-54.47029113769531,0.6074791425540124,0.9945855034722222
2,2,0.021124931052327156,0.008445676416158676,-32.652191058500314,-11.549033371607463,0.9952606577932098,0.9945855034722222
2,3,0.006748213432729244,0.004246954806149006,-9.230697753694322,-5.090516058603923,0.9952606577932098,0.9945855034722222
2,4,0.004061417654156685,0.0031402355525642633,-5.023023301289405,-3.3804890553156537,0.9952606577932098,0.9945855034722222
2,5,0.003151406068354845,0.0026202243752777576,-3.587723027629617,-2.574314016766018,0.9952606577932098,0.9945855034722222
2,6,0.0026804886292666197,0.0023221084848046303,-2.8378545210685258,-2.1108367257648046,0.9952606577932098,0.9945855034722222
2,7,0.0023871418088674545,0.0021151606924831867,-2.354306263982514,-1.7883992910385131,0.9952606577932098,0.9945855034722222
2,8,0.0021712137386202812,0.001958700828254223,-2.0138921602272695,-1.5441754129197862,0.9952606577932098,0.9945855034722222
2,9,0.002005599904805422,0.0018369813915342093,-1.7476208951738146,-1.3538520760006374,0.9952606577932098,0.9945855034722222
2,10,0.0018751712050288916,0.0017377689946442842,-1.5395738383870066,-1.1984295765558879,0.9952606577932098,0.9945855034722222
2,11,0.0017659624572843313,0.0016553087625652552,-1.3654408640331692,-1.069107174873352,0.9952606577932098,0.9945855034722222
2,12,0.0016776882112026215,0.0015952230896800756,-1.2236410841529752,-0.9751767502890692,0.9952606577932098,0.9945855034722222
2,13,0.0016185035929083824,0.001555144670419395,-1.1274132914013333,-0.9174523962868585,0.9952606577932098,0.9945855034722222
2,14,0.0017497212393209338,0.0017552156932651997,-1.2429503399648785,-1.1393906964196099,0.9938380111882716,0.9930826822916666
2,15,0.0019478814210742712,0.0017925596330314875,-1.4928385045793322,-1.2053438239627414,0.9918927228009259,0.9942708333333333
2,16,0.0018387347226962447,0.0019270656630396843,-1.3638808175369546,-1.370225363307529,0.9940700954861111,0.9936414930555556
2,17,0.0018576770089566708,0.0016618398949503899,-1.360442265610636,-1.0232277154922484,0.9918523341049382,0.9945855034722222
2,18,0.0017694392008706927,0.0016908422112464905,-1.2195418220979195,-1.0151428712738886,0.9909107349537037,0.9865342881944444
2,19,0.0017161518335342407,0.0015559804160147905,-1.112168260709739,-0.8601402560869853,0.9873444733796296,0.9903862847222222
2,20,0.0016062869690358639,0.0016976469196379185,-0.9767630569728805,-0.9830156869358486,0.9883457513503087,0.9795138888888889
2,21,0.0016678995452821255,0.0014404520625248551,-1.0133705564487128,-0.7066238760948181,0.9850163966049382,0.9922960069444444
2,22,0.001546514336951077,0.0014875228516757488,-0.8721992741396398,-0.72396922243966,0.9873655719521605,0.9848958333333333
2,23,0.001529432600364089,0.0015823803842067719,-0.8268407505235554,-0.8135871291160583,0.9858928915895062,0.9813693576388889
2,24,0.0015174923464655876,0.0014284458011388779,-0.8031023677484489,-0.6429018404748704,0.9861183449074075,0.9853569878472223
2,25,0.0015314455376937985,0.0013291172217577696,-0.8008374230361279,-0.5414473454157511,0.9839482060185185,0.9896321614583333
2,26,0.001431354321539402,0.0014246253995224833,-0.6925106504817068,-0.6052490909894307,0.985278621720679,0.9830078125
2,27,0.0014662970788776875,0.0016984764952212572,-0.7042966564496358,-0.8911230802536011,0.9850748697916667,0.9686414930555556
2,28,0.0014056728687137365,0.0014918550150468946,-0.6413692590631085,-0.6501353780428568,0.9851984471450618,0.978662109375
2,29,0.0014172362862154841,0.0014432651223614812,-0.6351593225090592,-0.6344143774774339,0.9840169270833333,0.9739203559027778
2,30,0.0013990621082484722,0.0013780617155134678,-0.6208646262133563,-0.567558311091529,0.9843804253472223,0.9791883680555555
2,31,0.001375618390738964,0.0014239735901355743,-0.5934235115110138,-0.584205683072408,0.9845244984567901,0.9745876736111111
2,32,0.0013662810670211911,0.001419974840246141,-0.5721994878333292,-0.601394240061442,0.9839693045910494,0.9738009982638889
2,33,0.001375687774270773,0.0013493869919329882,-0.5826955656946441,-0.5214839604165818,0.983984375,0.9803602430555556
2,34,0.0013621882535517216,0.0014404933899641037,-0.5716511816154292,-0.5683794365988837,0.9849259741512346,0.9717013888888889
2,35,0.0014012737665325403,0.0013095049653202295,-0.6016923261277469,-0.46911901897854275,0.9844847125771605,0.97900390625
2,36,0.001328800804913044,0.001556674251332879,-0.5478108866715137,-0.7355278266800774,0.9843629436728395,0.972998046875
2,37,0.0013569836737588048,0.0013080170610919595,-0.5710802297533294,-0.4531253682242499,0.9841441213348765,0.9773980034722223
2,38,0.001367658143863082,0.001422277418896556,-0.5910632507300672,-0.5688510325219897,0.9844581886574074,0.9773274739583333
2,39,0.0013541989028453827,0.0014777285978198051,-0.5743818827617315,-0.6482402788268196,0.9839705102237655,0.9815592447916667
2,40,0.0013696004170924425,0.0014933014754205942,-0.6068765276744041,-0.6726256926854451,0.9846094955632716,0.9776638454861111
2,41,0.0014000213705003262,0.0013429350219666958,-0.6424746567820325,-0.5298005170292325,0.9839644820601852,0.9741373697916667
2,42,0.0013624723069369793,0.0014559384435415268,-0.620904204286175,-0.6193365626864963,0.9849549093364197,0.9835015190972223
2,43,0.001371774822473526,0.0013571946183219552,-0.6194477003297688,-0.5229011429680719,0.984398509837963,0.9751898871527778
2,44,0.0013996651396155357,0.0015056300908327103,-0.6754364368356305,-0.7391837173038058,0.9838680314429012,0.9780002170138888
2,45,0.0013962879311293364,0.0013552409363910556,-0.6823050244354908,-0.5934361815452576,0.9836672935956791,0.9834743923611111
2,46,0.0013797162100672722,0.0014458528021350503,-0.6564036604798871,-0.700104726685418,0.9842478057484568,0.9774956597222222
2,47,0.0013481724308803678,0.0013046925887465477,-0.6263246680483406,-0.5492451813485887,0.9832694347993827,0.98095703125
2,48,0.0013488533440977335,0.0013593267649412155,-0.6326012405348412,-0.5983301626311408,0.9828812210648148,0.983056640625
2,49,0.0013858217280358076,0.0012741514947265387,-0.6606188145684607,-0.46445156468285453,0.9832314573688271,0.983740234375
2,50,0.001309139421209693,0.0013119929935783148,-0.6034192709275233,-0.4697064611646864,0.9823224103009259,0.9788031684027778
2,51,0.0013219211250543594,0.0013788233045488596,-0.5718118972248502,-0.5963540355364482,0.9825116946373457,0.9807508680555556
2,52,0.001295161433517933,0.00134094909299165,-0.5651280656272982,-0.5261552678214179,0.9820101514274692,0.98056640625
2,53,0.0012992655392736197,0.001269073924049735,-0.569469244244658,-0.43550142976972794,0.9824381510416667,0.9780978732638889
2,54,0.0012561549665406346,0.0013402014737948775,-0.5043672573419264,-0.5549521313773261,0.9815508053626543,0.9804958767361112
2,55,0.0012553181732073426,0.001149443443864584,-0.474855535854528,-0.28965912924872506,0.9816225405092592,0.9813151041666667
2,56,0.001211643684655428,0.0013085008831694722,-0.4432523690624002,-0.5148045592837863,0.9815254870756173,0.9810818142361111
2,57,0.0012143478961661458,0.0012393270153552294,-0.4608744893544986,-0.414050997628106,0.9819751880787037,0.9729600694444445
2,58,0.0011867491994053125,0.0012805468868464231,-0.39565474692686103,-0.49163768291473386,0.9813579041280864,0.9805067274305556
2,59,0.0011594106908887625,0.0012348245363682508,-0.3669798721501857,-0.4278004209200541,0.9814646026234568,0.9775336371527777
2,60,0.0011332269059494138,0.0013849606039002538,-0.35006719754065996,-0.5159105473094516,0.9813102816358025,0.9777777777777777
2,61,0.0011007803259417415,0.0011944848811253905,-0.29379996753033294,-0.3441280457708571,0.981444709683642,0.9761881510416667
2,62,0.0011072354391217232,0.0011654265690594912,-0.3079955463056211,-0.3183529469701979,0.9805621865354939,0.981005859375
2,63,0.0010919806081801653,0.001136999810114503,-0.2717099925618113,-0.2862517635027568,0.9807816116898148,0.9784830729166667
2,64,0.001057218643836677,0.0012078697327524424,-0.24408698597072084,-0.349594779809316,0.9816020447530864,0.9796929253472222
2,65,0.0010401487816125154,0.001292434404604137,-0.21290351505632754,-0.4473552227020264,0.9814338589891975,0.9759874131944445
2,66,0.0010236173402518034,0.0011898790253326297,-0.1830073446403315,-0.31002438730663723,0.9809865692515433,0.975048828125
2,67,0.001004866324365139,0.0012010207865387201,-0.17588561949906525,-0.32784783972634207,0.9809491946373456,0.9759657118055556
2,68,0.0009946658974513412,0.0011569355847314,-0.15472988493648576,-0.27709862656063505,0.9808629918981482,0.9758843315972222
2,69,0.0009733601473271847,0.001057739951647818,-0.13237264612574637,-0.14518568515777588,0.9813036506558642,0.9790852864583334
2,70,0.0009405526798218489,0.0010794645640999079,-0.05985791094509172,-0.2002769324514601,0.9810136959876543,0.9795355902777778
2,71,0.0009275603806599975,0.0011053975904360414,-0.07590778654004321,-0.18397136926651,0.9809648678626544,0.9783311631944445
2,72,0.0009278709767386317,0.0010334551334381104,-0.07622225799678284,-0.09851730797025893,0.9811601803626543,0.9775065104166667
2,73,0.0009021224686875939,0.0010088682174682617,-0.034942258140187206,-0.08371725877126059,0.9809202594521605,0.9795952690972223
2,74,0.0008774029556661844,0.0010226366575807333,0.0019789330753279323,-0.0808638572692871,0.980883487654321,0.9783745659722223
2,75,0.0008646909845992923,0.0011096453526988626,0.011183305728582688,-0.17268755700853136,0.9813398196373457,0.9800130208333333
2,76,0.0008464455604553223,0.0009527822840027511,0.040266000635829975,0.007557813326517741,0.9810721691743827,0.9802354600694444
2,77,0.0008266966906376183,0.0010578758083283901,0.06230400108996733,-0.12000781297683716,0.9813271604938272,0.9790798611111111
2,78,0.0008128347108140588,0.0010163997067138553,0.08017125306306062,-0.06815444098578559,0.981885368441358,0.97392578125
2,79,0.0008076783269643784,0.0011123891454190016,0.09633045225967596,-0.17782259649700588,0.9814326533564814,0.9745442708333333
2,80,0.0007924668025225401,0.0009571512928232551,0.10485722547695961,0.018834496868981254,0.9810094762731482,0.9784125434027777
2,81,0.0007892659050412476,0.0009795736987143755,0.12064547421019754,-0.03379702435599433,0.9815881799768519,0.9764268663194444
2,82,0.0007827890221960843,0.0010201078839600086,0.11425703454900671,-0.06499768098195394,0.9811806761188272,0.9795030381944444
2,83,0.0007388495141640306,0.001000171178020537,0.1687927449191058,-0.043464468585120306,0.9815743152006173,0.97900390625
2,84,0.0007399459718726575,0.0009932070970535278,0.1770248708901582,-0.04065152406692505,0.9821017795138889,0.9791829427083333
2,85,0.000722490600310266,0.0009752616751939058,0.17613386901808373,0.011311805248260498,0.9823055314429012,0.9790852864583334
2,86,0.000728511018678546,0.0008966447203420103,0.1841194255852405,0.09244590997695923,0.9820427035108025,0.9787706163194444
2,87,0.0006935148849152029,0.0009243190288543701,0.22814963967711838,0.054980953534444175,0.9824918016975308,0.9769368489583333
2,88,0.0006864084280095994,0.0009909119689837098,0.23417973945170273,-0.013407903247409397,0.982201244212963,0.9748480902777777
2,89,0.0006755595095455647,0.0010392200201749802,0.24320095144672157,-0.0649693873193529,0.9825014467592592,0.9776041666666667
2,90,0.000674115028232336,0.0008608787902630866,0.2625077465434133,0.14090950224134657,0.9826009114583333,0.9812228732638889
2,91,0.0006460275617428124,0.0009585760999470949,0.28381542276453087,0.060002652804056804,0.9827962239583333,0.9777072482638889
2,92,0.0006338380044326186,0.0009698231006041169,0.30331992558491083,0.04268085029390123,0.9832308545524692,0.9787923177083333
2,93,0.0006343105342239141,0.0009694058680906892,0.30125275173304994,0.04619115988413493,0.9832724488811728,0.9774359809027777
2,94,0.0006310860044322908,0.000975531991571188,0.3035677911322794,0.01559527185228136,0.983423755787037,0.9772623697916667
2,95,0.0006032648961991072,0.0009013342787511647,0.3471213099397259,0.11744436422983805,0.9832845052083333,0.97900390625
2,96,0.0006019441061653197,0.0009431750513613224,0.3323852338908631,0.055077894528706865,0.9836341386959877,0.9805826822916667
2,97,0.0006026537739671767,0.0009598630131222308,0.3354602837268217,0.05833312935299344,0.984009090470679,0.9785047743055556
2,98,0.0005752946017310023,0.0008515099179930985,0.3781153580288828,0.1619179328282674,0.9841947579089506,0.9788194444444445
2,99,0.0005659093149006367,0.0008881679968908429,0.3709457481348956,0.1461972713470459,0.9843563126929012,0.9805935329861111
2,100,0.0005687464727088809,0.000901681836694479,0.37308067024489977,0.1275859793027242,0.984132667824074,0.9807671440972222
2,101,0.0005555747193284333,0.000851609802339226,0.3911626609755151,0.18338904910617404,0.9846299913194444,0.9778103298611112
2,102,0.000557871419005096,0.0009722025715745986,0.3929415770518927,0.05521466996934679,0.9844792872299383,0.978955078125
2,103,0.0005586853949353099,0.0008571968064643443,0.3880288980625294,0.16685011519326104,0.9847523630401235,0.9804524739583333
2,104,0.0005406506825238466,0.0008738733595237136,0.4089986768769629,0.15584677987628512,0.9848048080632716,0.9802625868055556
2,105,0.0005370331928133965,0.0009176295134238899,0.4144523090786404,0.1082394732369317,0.9847047405478395,0.9804253472222222
2,106,0.0005185415502637625,0.0008855788037180901,0.4362583467989792,0.13362780941857233,0.9854299286265432,0.9799424913194444
2,107,0.0005190494703128934,0.0008887299918569624,0.43172115808651773,0.14519541396035088,0.985400993441358,0.9808376736111111
2,108,0.0005066857556812465,0.000854539277497679,0.4438366448437726,0.16930070055855645,0.9856053481867284,0.9792209201388888
2,109,0.000511404185090214,0.000827144191134721,0.44629393492215946,0.22205097277959188,0.9858983169367284,0.9821994357638889
2,110,0.000502503477036953,0.0008555917302146554,0.45546028319700266,0.17691804965337118,0.9857476128472222,0.9814398871527777
2,111,0.0004903674707747996,0.0007956833578646183,0.4712962845225393,0.24600918425454033,0.9860683111496914,0.9822265625
2,112,0.00048462930135428905,0.000838354229927063,0.4691168362711683,0.20852413045035467,0.986255184220679,0.9819769965277778
2,113,0.0004772920801769942,0.0008670618990436196,0.48855594632066324,0.175630169444614,0.9865023389274692,0.9805067274305556
2,114,0.00047862069914117455,0.0008143516024574637,0.48329097783124003,0.23085351387659708,0.9866114486882716,0.980908203125
2,115,0.0004721428267657757,0.0008135138195939362,0.48799834428010164,0.23853654596540663,0.9865101755401234,0.9816569010416667
2,116,0.0004660153645090759,0.0008108229376375675,0.49345875286761626,0.23415325880050658,0.9867229697145061,0.9820366753472223
2,117,0.0004508677520789206,0.000833056285046041,0.5067267522399808,0.21049735811021592,0.9867157359182098,0.9821831597222223
2,118,0.00045092563959769905,0.000823501031845808,0.5112376931272907,0.23354957501093546,0.9872046199845679,0.9820095486111111
2,119,0.0004488541162572801,0.00084351294208318,0.5161355780966488,0.19384483761257595,0.9875114535108025,0.9817545572916667
2,120,0.00044391510891728103,0.000836391351185739,0.5244705548992863,0.21166487005021836,0.9874867380401234,0.9826226128472222
2,121,0.00042908135219477117,0.0008552407380193472,0.5374605180304728,0.18446907864676582,0.987572337962963,0.9810329861111111
2,122,0.00043191396980546415,0.0008052464108914137,0.5323153045442369,0.2498552083969116,0.9875548562885802,0.9818413628472222
2,123,0.0004287887131795287,0.0008036192739382386,0.5373619401896441,0.2489435036977132,0.9876633632330247,0.9828830295138888
2,124,0.00041619487456046045,0.000823334907181561,0.5509180944642903,0.23432278368208143,0.9881661120756173,0.9836317274305556
2,125,0.00040390004869550467,0.0008156041149049997,0.5637471643494971,0.24477030568652683,0.9885410638503086,0.9836263020833333
2,126,0.00039722357178106904,0.0008045872673392296,0.5707130717642513,0.24694183270136516,0.9885977285879629,0.9832302517361111
2,127,0.0004017727042082697,0.0007918808842077851,0.5679955018891228,0.2618431568145752,0.9886507764274691,0.9836263020833333
2,128,0.00040066218934953213,0.0007854074938222766,0.5719730839317227,0.2691521101527744,0.9887924382716049,0.9837836371527777
2,129,0.00038963305996730924,0.0008129628840833902,0.5804002533724278,0.24492914146847194,0.9886109905478395,0.9836046006944444
2,130,0.0003876157570630312,0.0008143381564877927,0.5822528990698449,0.24509303834703233,0.9890438126929012,0.98271484375
2,131,0.0003901684540323913,0.0007988476427271962,0.5790428820951485,0.25510066085391575,0.9888334297839506,0.9833279079861111
2,132,0.0003871291992254555,0.000810140511021018,0.5863605321189503,0.24986038870281643,0.9888255931712963,0.9834418402777778
2,133,0.0003809903282672167,0.0008369539864361286,0.5832686596446567,0.21209327644772,0.9891462914737654,0.9834526909722222
2,134,0.0003920099698007107,0.0008219733135774732,0.5804526766141256,0.23402963744269478,0.989136646412037,0.9834201388888889
2,135,0.0003795252414420247,0.0007973735919222236,0.5906983145961056,0.2505932291348775,0.9892680603780865,0.9840874565972222
2,136,0.00037151071592234075,0.0007796425488777459,0.5998737383771826,0.2749888102213542,0.9892499758873456,0.9838541666666667
2,137,0.0003803221043199301,0.000771402264945209,0.5868313165358555,0.283059823513031,0.9896014178240741,0.984619140625
2,138,0.00037253060145303607,0.0007893730653449893,0.6022132432019269,0.26661451525158353,0.989524257330247,0.9844401041666667
2,139,0.0003700402448885143,0.0007737500127404928,0.5974444832330869,0.28168637487623427,0.9893717447916667,0.9848849826388889
2,140,0.00037403509486466646,0.0007889516418799758,0.599889451780437,0.26564314895206026,0.9896815923996913,0.9840928819444444
2,141,0.00036436953814700246,0.0007896873285062611,0.6099306128643177,0.26378732522328696,0.9895525896990741,0.9842936197916666
2,142,0.00036780827213078737,0.0007706735050305724,0.6031816629715908,0.28813871410157943,0.9898811246141975,0.9842230902777778
2,143,0.0003659282228909433,0.000767535762861371,0.6074227227105035,0.2905855006641812,0.9897171585648148,0.9849392361111111
2,144,0.0003577780444175005,0.0007783439359627664,0.6157263630702172,0.2746602283583747,0.9899805893132716,0.9846028645833333
2,145,0.00035651869256980717,0.000764386379159987,0.6191794067253301,0.2854251331753201,0.9898172260802469,0.9843967013888889
2,146,0.0003505833155941218,0.0008056846563704312,0.6210462581964187,0.2528240534994337,0.989819034529321,0.9844346788194445
2,147,0.0003560815821401775,0.0007886253297328949,0.6215936520953237,0.25999472273720636,0.9900601610725308,0.9838921440972223
2,148,0.0003629192942753434,0.00076801743125543,0.6114128794199155,0.2884977128770616,0.9898341049382716,0.9845865885416667
2,149,0.00035451582516543567,0.0007714474340900779,0.6202383878790302,0.2853462603357103,0.9901686680169753,0.9849609375
2,150,0.00035579752875491977,0.0007763390894979239,0.6191292525809489,0.2720481038093567,0.9901481722608024,0.98486328125
2,151,0.00035153981298208237,0.0007786893984302878,0.6266333373976343,0.28134178850385877,0.9904339072145062,0.9842393663194444
2,152,0.00035008019767701626,0.000777616398409009,0.6231326656577028,0.2726605693499247,0.9903935185185185,0.9840549045138889
2,153,0.0003412688965909183,0.0007822635234333575,0.6317883943334038,0.2734422524770101,0.990480324074074,0.9837510850694444
2,154,0.0003461329033598304,0.0007776551065035164,0.630919333887689,0.27541203366385564,0.9902229214891975,0.9851671006944445
2,155,0.0003441711305640638,0.0007829669630154967,0.6292153206872352,0.2688203904363844,0.990675033757716,0.9836263020833333
2,156,0.0003473807591944933,0.0007724442984908819,0.6270612960980262,0.2864581227302551,0.9905719521604939,0.985302734375
2,157,0.00033697683829814196,0.0007895134622231126,0.6385105861557855,0.2719183815850152,0.9906696084104938,0.9850260416666666
2,158,0.00033523712772876024,0.0007761464221403003,0.6398666050699022,0.28292059898376465,0.9909637827932098,0.984619140625
2,159,0.00033689261181280017,0.0007701336871832609,0.6408698198236065,0.28619045284059313,0.990869140625,0.9851236979166667
2,160,0.00032466708216816187,0.0007907194085419178,0.6523988925380472,0.2705562671025594,0.9910168306327161,0.9847330729166667
2,161,0.00034114945447072387,0.0007646325975656509,0.6363690133448,0.2956243382559882,0.9910602334104939,0.9849880642361111
2,162,0.0003276230418123305,0.0007653447682969272,0.6457619132818999,0.2861835307545132,0.9910819347993827,0.9847547743055556
2,163,0.00032396113965660334,0.0007745304610580206,0.6515534163993082,0.28738953007592094,0.9909071180555555,0.985400390625
2,164,0.00032379908952862024,0.0007541081868112087,0.649706839190589,0.30641494592030843,0.990870949074074,0.9854112413194445
2,165,0.00032433721935376525,0.0007712286314927042,0.6513379825486078,0.2848049494955275,0.9913110050154321,0.9848958333333333
2,166,0.00032227730844169855,0.0007653167122043669,0.6573051399654812,0.2979037642478943,0.9911946614583333,0.9849826388888889
2,167,0.0003211888251826167,0.0007643330027349293,0.6577891677985956,0.29588758813010324,0.9910596305941358,0.9852918836805555
2,168,0.0003235909971408546,0.0007710658828727901,0.6559666175901154,0.2892813973956638,0.9913242669753086,0.9850151909722222
2,169,0.00031841284362599254,0.0007717753178440034,0.6598839559672791,0.2881843672858344,0.9912561487268519,0.985546875
2,170,0.0003220568469259888,0.0007654854562133551,0.6550424290292057,0.2938761552174886,0.9911771797839506,0.9856282552083333
2,171,0.0003226659609936178,0.0007631323533132672,0.6540424279224726,0.2952758855289883,0.9913194444444444,0.9858235677083333
2,172,0.0003211473231203854,0.000771857681684196,0.654815662054368,0.28444340493943954,0.9913393373842593,0.9851182725694444
2,173,0.0003190868301317096,0.0007690608035773039,0.6606659128342146,0.29042725563049315,0.9914894386574075,0.9852593315972222
2,174,0.0003123115748167038,0.0007734033861197531,0.6648347382192259,0.28918886184692383,0.9914333767361111,0.9853407118055556
2,175,0.0003192562435287982,0.0007761106826364994,0.6556795455791332,0.28029532697465687,0.9913550106095679,0.9849446614583334
2,176,0.00031789354397915304,0.0007623173296451569,0.6602191892670997,0.29466702540715534,0.9912965374228395,0.9856825086805555
2,177,0.0003104706993326545,0.0007724591414444149,0.6673110552776007,0.28495772149827747,0.9915623794367284,0.9854926215277777
2,178,0.0003118178865406662,0.000759334652684629,0.6655798171773369,0.2998007469707065,0.991431568287037,0.9856987847222223
2,179,0.00031210173619911075,0.0007765962509438396,0.6654518330538715,0.2821464604801602,0.991673297646605,0.9856608072916667
2,180,0.00031559495255351067,0.0007544597610831261,0.6601273055429812,0.3069395303726196,0.9916093991126543,0.9857584635416666
2,181,0.0003085616626776755,0.000772734871134162,0.6690381551966255,0.2850429031583998,0.9916443624614197,0.9853135850694444
2,182,0.000308974995277822,0.0007701397989876568,0.6677551774331081,0.288746702671051,0.9916286892361111,0.9855740017361111
2,183,0.0003154987352900207,0.0007634687935933471,0.6636469895457044,0.2949261029561361,0.9914858217592593,0.9858778211805556
2,184,0.0003043326432816684,0.0007698210538364947,0.6785566541883681,0.28960335784488256,0.9919222608024691,0.985546875
2,185,0.0003089792444370687,0.0007737323176115751,0.6684931719744647,0.2834228369924757,0.9917209201388889,0.9855305989583333
2,186,0.00030879545374773443,0.0007569214794784784,0.6695601294070115,0.30210391415490045,0.991723331404321,0.9857530381944445
2,187,0.00030593492556363344,0.0007739941356703639,0.6713272315484506,0.28557942310969037,0.9918185763888889,0.9856174045138889
2,188,0.0003048780490644276,0.0007635716465301812,0.6735293966752511,0.29727721876568264,0.9917595003858025,0.9858778211805556
2,189,0.00030115354456938803,0.0007638513925485313,0.6772497574488322,0.2977983209821913,0.9918872974537037,0.9857530381944445
3,1,0.16527371108531952,0.03371381759643555,-269.7450301653073,-50.23520327674018,0.5731089650848765,0.9954481336805555
3,2,0.019892076030373573,0.007925571873784065,-30.05894106935572,-10.810590696334838,0.9950731819058642,0.9954481336805555
3,3,0.006361679174005985,0.0039033126085996628,-8.627659407662756,-4.6294819619920515,0.995164809992284,0.9954481336805555
3,4,0.003792837727814913,0.0028824000619351864,-4.593438642996329,-3.0537304057015313,0.995164809992284,0.9954481336805555
3,5,0.0029927303548902273,0.002437430899590254,-3.3082750214470757,-2.365121428171794,0.995164809992284,0.9954481336805555
3,6,0.0025600192602723837,0.002156598959118128,-2.6376298542375918,-1.9295450157589382,0.995164809992284,0.9954481336805555
3,7,0.002286412985995412,0.00197105691768229,-2.188031284014384,-1.6411863247553506,0.995164809992284,0.9954481336805555
3,8,0.0020885250996798277,0.0018278573406860232,-1.871159333947264,-1.418282307518853,0.995164809992284,0.9954481336805555
3,9,0.001935005420818925,0.0017150971107184887,-1.6274198590973277,-1.2424465444352892,0.995164809992284,0.9954481336805555
3,10,0.0018150516552850604,0.001626058598048985,-1.4340352891403951,-1.1034254471460978,0.995164809992284,0.9954481336805555
3,11,0.001714131562039256,0.001555655151605606,-1.272255277633667,-0.9936389260821872,0.995164809992284,0.9954481336805555
3,12,0.0016561024822294712,0.0015725521370768547,-1.1796077554608568,-1.0254434479607477,0.995164809992284,0.9954481336805555
3,13,0.0018616800662130117,0.0018878758419305086,-1.344492593223666,-1.3257200558980307,0.9935034481095679,0.9940700954861111
3,14,0.0019933893345296383,0.001660738606005907,-1.5490634460508088,-1.0941601037979125,0.9918101369598765,0.9954481336805555
3,15,0.0018831463530659676,0.0017177762929350138,-1.4191054431008705,-1.151517261399163,0.9940477912808642,0.9953830295138889
3,16,0.0018734491895884275,0.001483530504629016,-1.367219701225375,-0.8324647029240926,0.99208984375,0.9954481336805555
3,17,0.0017856588819995522,0.001642587361857295,-1.210148744671433,-1.0070746819178262,0.9891131365740741,0.9863064236111111
3,18,0.001680121524259448,0.0016070615965873003,-1.077873604680285,-0.9351573056644864,0.9886158130787037,0.980078125
3,19,0.0016617742367088795,0.0015228072879835963,-1.0122968494156261,-0.8143015252219306,0.9853859230324075,0.97998046875
3,20,0.0015984856290742755,0.0017048765439540148,-0.9353381580776639,-1.009391384654575,0.9855559172453704,0.9738823784722223
3,21,0.0016043088398873806,0.0014819761272519827,-0.9193493086614727,-0.7361879560682508,0.9841519579475309,0.9766384548611111
3,22,0.001552119618281722,0.001362641341984272,-0.8395960715081957,-0.622866690158844,0.9825520833333333,0.9847276475694444
3,23,0.001475755125284195,0.0013904962688684464,-0.7578323742489755,-0.6154535108142429,0.9847198109567902,0.9801106770833333
3,24,0.0014873519539833069,0.0014475553762167692,-0.7511652809602243,-0.6921033726798164,0.9837987075617284,0.979345703125
3,25,0.0014707413502037525,0.0013815193669870496,-0.7299738739743645,-0.5930041763517592,0.9841989776234568,0.9822699652777778
3,26,0.0014641538728028536,0.0013439077883958817,-0.7085325478035727,-0.5565295735994975,0.9846010561342593,0.9845974392361111
3,27,0.0014323333743959665,0.0014316156739369035,-0.6710579749978619,-0.6516770998636882,0.9859254436728395,0.9771430121527778
3,28,0.0014431073796004057,0.0014862236566841602,-0.6744881984628277,-0.7106096625328064,0.9836865837191358,0.9810655381944444
3,29,0.0014354309532791376,0.0013268080074340105,-0.657948057592651,-0.5111458169089423,0.9856807002314815,0.9890950520833334
3,30,0.0014189697103574872,0.0014370420249179006,-0.6315681201440316,-0.6324890149964226,0.9844539689429013,0.9835774739583333
3,31,0.0014297696761786938,0.0013424907810986042,-0.6192128321270883,-0.5618747578726875,0.9846812307098766,0.9809027777777778
3,32,0.0013863715576007962,0.0012717768549919128,-0.5930367678771784,-0.4613572769694858,0.9851025993441358,0.9872341579861111
3,33,0.0014127085451036692,0.0014389149146154523,-0.6181276521565001,-0.6405670073297288,0.9838457272376543,0.9816786024305556
3,34,0.0014118286781013012,0.001351700397208333,-0.6128777852764836,-0.5381351245774163,0.985593894675926,0.9821234809027778
3,35,0.001406870549544692,0.0012336791260167956,-0.5962443151591736,-0.41591288646062213,0.9854956356095679,0.9863009982638888
3,36,0.001371121616102755,0.0015595732256770134,-0.5694041044623763,-0.7540550178951687,0.9843370225694444,0.9880208333333333
3,37,0.0014270228566601872,0.0015010813949629664,-0.6247526789888923,-0.7025023963716295,0.9847632137345679,0.9784396701388889
3,38,0.0013565674889832735,0.0014486019499599934,-0.5564557034292339,-0.6548315405845642,0.9837516878858025,0.9828830295138888
3,39,0.001390332356095314,0.0015953555703163147,-0.5947910285290376,-0.8013548135757447,0.9846137152777777,0.9853081597222222
3,40,0.0014192775124683976,0.0014613806270062923,-0.6333467689561255,-0.6751045253541734,0.9845871913580246,0.9788899739583333
3,41,0.0013784375041723251,0.001402572263032198,-0.5950049716749309,-0.6066574626498752,0.9838216145833333,0.9835069444444444
3,42,0.0013793582329526544,0.001540274592116475,-0.6144176883462035,-0.783556154039171,0.9847366898148148,0.9778374565972222
3,43,0.0014282639604061842,0.0015042144805192947,-0.6674073818289203,-0.7061733735932244,0.9835919415509259,0.98349609375
3,44,0.0013771727681159973,0.0013037796597927809,-0.6250572672596684,-0.529066162639194,0.9837583188657407,0.9823893229166667
3,45,0.0013517686165869236,0.0014530180487781763,-0.5882583279668548,-0.7234493838416205,0.9841079523533951,0.9798394097222223
3,46,0.0013698411639779806,0.001516732620075345,-0.6273504572150148,-0.8031921863555909,0.9833339361496913,0.9800726996527778
3,47,0.0014008323196321726,0.001380358124151826,-0.6536736176337725,-0.6051787548595005,0.9827721113040123,0.98369140625
3,48,0.0013520148349925876,0.0013769515790045261,-0.5863066183196174,-0.5964278711213006,0.9829806857638889,0.9827582465277778
3,49,0.0013156604254618287,0.0014166210312396288,-0.5655224152553229,-0.6387235773934259,0.9832471305941358,0.9807725694444445
3,50,0.0013680404517799616,0.0013629195746034384,-0.6134564671987369,-0.6004610180854797,0.9826726466049382,0.9810492621527778
3,51,0.0013379123993217945,0.0013758729910477996,-0.5910742048864012,-0.5715904911359151,0.9823531539351852,0.9822970920138889
3,52,0.0013160590315237641,0.0014440736267715693,-0.548691087740439,-0.6740193128585815,0.9827250916280864,0.9817165798611112
3,53,0.001320132054388523,0.0015045127365738153,-0.5488070891227251,-0.7295910000801087,0.9820258246527778,0.9823133680555556
3,54,0.001307403901591897,0.0014146828325465322,-0.5465532670786352,-0.6221044103304545,0.9825020495756173,0.9828559027777778
3,55,0.0013007551897317171,0.0013462163042277098,-0.5303653574284212,-0.5628678599993387,0.9818775318287037,0.9844997829861111
3,56,0.0012868817429989576,0.0014051765901967883,-0.5022719949851802,-0.6270698666572571,0.9822964891975309,0.977294921875
3,57,0.0012672062730416656,0.0013284890446811914,-0.4895522718076353,-0.5332915478282505,0.9811897183641975,0.9811794704861111
3,58,0.0012668682029470801,0.001374410348944366,-0.49152838109452046,-0.5780379957622952,0.9818684895833333,0.9810438368055555
3,59,0.0012745107524096966,0.0013379330048337579,-0.48868304932558976,-0.5458143552144369,0.9819510754243828,0.9814778645833333
3,60,0.0012133362470194697,0.0014309096150100231,-0.42732221417956884,-0.6430633187294006,0.9816556954089506,0.981884765625
4,1,0.16224618256092072,0.03535369038581848,-244.93579648335773,-51.59005004035102,0.5689157744984568,0.99541015625
4,2,0.020952051505446434,0.008806731551885605,-31.826287193062864,-11.842965825398762,0.9946403597608025,0.99541015625
4,3,0.007003976963460445,0.004402306862175465,-9.713178363258455,-5.211472588115268,0.9951690297067901,0.99541015625
4,4,0.004164898302406073,0.003225858323276043,-5.205603206010513,-3.43141745461358,0.9951690297067901,0.99541015625
4,5,0.0032326749060302973,0.002678524935618043,-3.721171333760391,-2.6007054461373222,0.9951690297067901,0.99541015625
4,6,0.0027209159452468157,0.002352200448513031,-2.902249557883651,-2.1041295607884725,0.9951690297067901,0.99541015625
4,7,0.0024052015505731106,0.0021364507265388966,-2.396915096706814,-1.775061649746365,0.9951690297067901,0.99541015625
4,8,0.0021841945126652718,0.001976734958589077,-2.0482930725003468,-1.5308538807762995,0.9951690297067901,0.99541015625
4,9,0.0020178034901618958,0.0018503502942621708,-1.7717787951598933,-1.3372951772477892,0.9951690297067901,0.99541015625
4,10,0.0018785553984344006,0.0017509157769382,-1.5514996072392404,-1.1846700933244494,0.9951690297067901,0.99541015625
4,11,0.0017979529220610857,0.0017956208903342485,-1.4213825773309778,-1.2539710415734184,0.9951690297067901,0.99541015625
4,12,0.0020069023594260216,0.0018373325001448393,-1.5962244699030748,-1.2532473935021295,0.9939302420910494,0.9952094184027778
4,13,0.0020262468606233597,0.0017854929901659489,-1.63158911128103,-1.2057485898335776,0.9929814091435185,0.99541015625
4,14,0.0019850966054946184,0.0018517323769629002,-1.5718180088349332,-1.2645279169082642,0.9935968846450617,0.9952907986111111
4,15,0.0018935489933937788,0.0016935036983340979,-1.4122566652886661,-1.0382556703355577,0.9923442322530864,0.9950792100694444
4,16,0.0018227070104330778,0.0015366419684141874,-1.3030910458093807,-0.8443206005626255,0.9896267361111111,0.9947374131944444
4,17,0.0017318152822554111,0.0015084727201610804,-1.1738425812603515,-0.7899464223119947,0.9869767554012345,0.9929144965277777
4,18,0.0016799855511635542,0.001514681614935398,-1.0862553889368787,-0.7864401910040114,0.9858422550154321,0.9872721354166667
4,19,0.0016386278439313173,0.0014004178810864687,-1.0205192462897594,-0.6349886298179627,0.9848518277391975,0.9893391927083334
4,20,0.0015584734501317143,0.0014218634460121393,-0.9103479872515172,-0.6553264697392781,0.9858314043209877,0.9867730034722222
4,21,0.0015271423617377877,0.001510178204625845,-0.8532281061749399,-0.739694348971049,0.9833580488040123,0.9826280381944444
4,22,0.0015183382201939821,0.0014651465462520719,-0.8147022039801987,-0.6633289496103922,0.9835901331018518,0.9820095486111111
4,23,0.001499819802120328,0.001337158028036356,-0.7800341737123183,-0.5314364499515958,0.9827751253858025,0.9870225694444444
4,24,0.0014469060115516186,0.001334354397840798,-0.7306439601344826,-0.5165417207611932,0.9825532889660494,0.9850206163194445
4,25,0.001434030244126916,0.0012659329222515225,-0.6826307045088874,-0.4368177798059252,0.9836672935956791,0.9873372395833333
4,26,0.0014427716378122568,0.0012760423123836517,-0.683838568057543,-0.4424715055359734,0.9826720437885802,0.9871690538194444
4,27,0.0014011955354362726,0.0013961270451545715,-0.6394111343372015,-0.5548662953906589,0.9830295138888889,0.9817762586805555
4,28,0.0014057742664590478,0.0012235078029334545,-0.6515260204856779,-0.3655407296286689,0.9824737172067901,0.9873860677083334
4,29,0.00136875722091645,0.0013143476098775864,-0.5766942317103162,-0.4683377332157559,0.9837076822916667,0.9836100260416667
4,30,0.001374419778585434,0.001300579635426402,-0.5888699543328932,-0.4675929731792874,0.9838891300154321,0.9866102430555556
4,31,0.0013967447448521852,0.001351884100586176,-0.6196144695635195,-0.5016106499565972,0.9838692370756172,0.9815266927083334
4,32,0.0013792356476187706,0.0012803630670532584,-0.5891999056309829,-0.42436577214135063,0.9831645447530865,0.9864963107638889
4,33,0.0013555714394897223,0.0013916530879214406,-0.5674574559117541,-0.5504261758592394,0.9833984375,0.9871473524305555
4,34,0.0013784589245915413,0.0014176139375194907,-0.5828192665253157,-0.5721334377924602,0.9842170621141976,0.9818956163194444
4,35,0.0013587233843281865,0.0012804430443793535,-0.5681335123968713,-0.42609006696277196,0.9833610628858025,0.9860785590277777
4,36,0.0014070870820432901,0.001239278237335384,-0.6469491097662184,-0.3749817861451043,0.9831826292438272,0.9887478298611111
4,37,0.0013728445628657937,0.0012084118789061904,-0.5919978545035844,-0.3549894995159573,0.9825122974537037,0.9910319010416667
4,38,0.0013749164063483477,0.0012188405962660909,-0.6203248081383882,-0.35059016148249306,0.9832640094521605,0.9885796440972222
4,39,0.0013967895647510886,0.0014148505870252848,-0.6552423491890048,-0.6143125375111897,0.984009693287037,0.9804741753472223
4,40,0.0013985331170260906,0.0012763742124661803,-0.6479285577197134,-0.4524626890818278,0.9833465952932099,0.9837836371527777
4,41,0.0014028687728568912,0.0012876922264695168,-0.6503637087197951,-0.5047464370727539,0.9834327980324075,0.981640625
4,42,0.0013721304712817073,0.0013675877125933766,-0.6542871826960717,-0.5674226456218295,0.9825249565972223,0.9796495225694445
4,43,0.0013557320926338434,0.0016262216959148645,-0.612218877857114,-0.9204227897855971,0.9836944203317901,0.97734375
4,44,0.0014322565402835608,0.0013637217925861478,-0.6974907820607409,-0.5554082817501492,0.9826045283564815,0.980859375
4,45,0.0013435283908620477,0.0011169668287038803,-0.6106864480324733,-0.27732976145214505,0.9818666811342592,0.9820583767361111
4,46,0.0013008476234972477,0.0013845771318301558,-0.5705411607836499,-0.5881953133477105,0.9830078125,0.9785264756944444
4,47,0.0013266077730804682,0.001412078971043229,-0.585876276757982,-0.6126202821731568,0.9810396170910494,0.9811740451388888
4,48,0.0013183947885408998,0.001199105056002736,-0.5755970401528441,-0.3748137553532918,0.9817364728009259,0.9814181857638888
4,49,0.001298502553254366,0.0011578514240682125,-0.5460153486993577,-0.313624464140998,0.9814923321759259,0.9800998263888889
4,50,0.0012327946024015546,0.001328315818682313,-0.47697870834374134,-0.5061279363102383,0.9812560281635803,0.9823947482638888
4,51,0.0012415243545547128,0.0012185953091830015,-0.46461132411603573,-0.3734187258614434,0.9811445071373457,0.9806749131944444
4,52,0.0012236081529408693,0.0011062478879466653,-0.47230762199119286,-0.2574497951401605,0.9818932050540123,0.979541015625
4,53,0.0011940435506403446,0.001198117621243,-0.41990876815937184,-0.34897267685996164,0.9812361352237654,0.9813693576388889
4,54,0.0011764811351895332,0.0012270816368982196,-0.40070902889157517,-0.40373727348115707,0.9807773919753087,0.9799858940972223
4,55,0.0011371286818757653,0.0013023000210523605,-0.3496169384614921,-0.48652216725879244,0.9814748505015433,0.9796549479166666
4,56,0.0011548358015716076,0.0011719863396137953,-0.3786831323011422,-0.32834187481138444,0.9806218653549382,0.9796440972222222
4,57,0.001105316448956728,0.0011907205916941166,-0.3006792839662528,-0.33920905457602607,0.9812168451003086,0.9784450954861111
4,58,0.0010877057211473584,0.001189068192616105,-0.2797648547608175,-0.32887798812654284,0.9812524112654321,0.9795789930555555
4,59,0.0010730212088674307,0.0012739410158246756,-0.2575837896193987,-0.44912313752704197,0.9806327160493827,0.9770724826388889
4,60,0.0010541514493525028,0.0011825915426015854,-0.24535525684003476,-0.3268268518977695,0.9806737075617284,0.9772732204861111
4,61,0.0010275690583512187,0.0010741453152149916,-0.19466284307432763,-0.1937222361564636,0.980760513117284,0.9810438368055555
4,62,0.0010002570925280452,0.001185226021334529,-0.1720225347412957,-0.3606112665600247,0.9804169077932099,0.9791449652777777
4,63,0.0009660701034590602,0.0012793479254469275,-0.12965084741145005,-0.46903221209843954,0.9813205295138889,0.9747992621527778
4,64,0.0009717225329950452,0.0013209152966737747,-0.12718842691845364,-0.5024947987662421,0.9808268229166667,0.9763780381944445
4,65,0.0009694143664091825,0.001074645551852882,-0.11965102075058737,-0.18454247845543756,0.9803355275848765,0.9794867621527777
4,66,0.0009194596204906702,0.0011133283842355013,-0.07118086711859997,-0.22499012152353923,0.9805790653935185,0.9785753038194445
4,67,0.0008973265066742897,0.001212194561958313,-0.02073140644732817,-0.3888524956173367,0.9812650704089506,0.9756076388888889
4,68,0.0009058543946594,0.001082944800145924,-0.03815377582738429,-0.20414349635442097,0.9808768566743827,0.9775010850694444
4,69,0.0008520211558789015,0.0011875128839164972,0.026902861212506707,-0.3120975375175476,0.9808328510802469,0.9772623697916667
4,70,0.0008761022472754121,0.0011480990797281265,-0.0021317225915414317,-0.2746665716171265,0.9807574990354938,0.9785807291666667
4,71,0.000833874917589128,0.001079109264537692,0.05478963013048525,-0.17234584887822468,0.9811945408950618,0.9794108072916666
4,72,0.0008124391315504909,0.0010270146885886788,0.07619134540911074,-0.14071279234356351,0.9815881799768519,0.9786946614583333
4,73,0.000827092444524169,0.0010561193339526653,0.06513843668831719,-0.14977748526467216,0.9806948061342593,0.9798773871527777
4,74,0.0007979434449225664,0.0009912096429616213,0.09239238897959391,-0.10157338778177898,0.9816707658179012,0.9787977430555556
4,75,0.0007619712851010263,0.0010528035927563906,0.14240967241334326,-0.15614222023222182,0.981541160300926,0.9809244791666667
4,76,0.0007766511989757419,0.0010233303764835,0.13222867912716335,-0.12566414674123128,0.9816297743055555,0.9800998263888889
4,77,0.0007422622875310481,0.001054982771165669,0.16386588591116447,-0.15780590772628783,0.9815791377314815,0.980224609375
4,78,0.0007336221751756966,0.001112261787056923,0.17158614735544464,-0.20552863942252264,0.9820855034722222,0.97734375
4,79,0.0007156931678764522,0.0009622949874028563,0.2012773737495328,-0.049424337016211614,0.9822458526234568,0.9796983506944444
4,80,0.000710729043930769,0.0009319752571173012,0.21123869625138647,-0.009709646966722276,0.9817473234953704,0.9818630642361111
4,81,0.0006903913454152644,0.0009916126728057861,0.21847520463260603,-0.059174570772382945,0.9820927372685185,0.9810980902777777
4,82,0.0006858747219666839,0.000982244499027729,0.24171302024229074,-0.07554652161068387,0.9824062017746914,0.9794542100694444
4,83,0.0006735827773809433,0.0010122613748535514,0.24714702559106144,-0.08941509458753798,0.9828348042052469,0.9784884982638888
4,84,0.0006549246027134359,0.0010466272942721844,0.2790828091126901,-0.1386128995153639,0.9827419704861111,0.9810818142361111
4,85,0.0006576693267561495,0.0010020681656897068,0.26825835233853185,-0.054777260621388754,0.982838421103395,0.9799479166666667
4,86,0.0006332719931378961,0.0009191712597385049,0.3012203344592342,-0.006706175539228651,0.9828390239197531,0.9819227430555556
4,87,0.0006226680125109851,0.0010506878606975079,0.310777168067885,-0.16290728118684555,0.9834484712577161,0.9772135416666666
4,88,0.0006230779690667987,0.0009771224576979876,0.30759886046986523,-0.042776034937964544,0.9830355420524691,0.9813747829861111
4,89,0.0006071365787647665,0.0009053507237695158,0.33376218875249225,0.021302978197733562,0.9831331983024691,0.9823621961805555
4,90,0.0006004210445098579,0.0009310168097727001,0.33398701467631775,0.003631232844458686,0.9837082851080247,0.9827690972222223
4,91,0.0005804310785606503,0.0010059090564027429,0.3588242182025203,-0.08312713040245903,0.9839560426311729,0.9791341145833333
4,92,0.0005902289994992316,0.0008639481966383755,0.35488829701035113,0.08329656389024523,0.9837185329861111,0.9818033854166667
4,93,0.0005630492232739925,0.0008942116983234882,0.37767141527599757,0.047671220037672254,0.9840754002700617,0.9809516059027777
4,94,0.000571310636587441,0.0008586691692471504,0.3702496759685469,0.10282270246081882,0.9845293209876543,0.9814398871527777
4,95,0.0005542055005207658,0.0008970750495791435,0.39352594098927063,0.04588178131315443,0.9841344762731481,0.9828884548611111
4,96,0.0005498540122061968,0.0008888546144589782,0.3998736091601996,0.059574744436475965,0.9845920138888888,0.9840494791666666
4,97,0.0005317033501341939,0.0009514830890111625,0.426507337299394,-0.006678875287373861,0.9849012586805556,0.9788357204861111
4,98,0.0005304055521264672,0.0008607396157458425,0.41935121674596526,0.08631522920396593,0.9845648871527778,0.9829861111111111
4,99,0.000524305272847414,0.0008464205893687904,0.42805046726156165,0.09280522796842787,0.9850525655864197,0.9826443142361111
4,100,0.0005076497327536345,0.0009719113586470485,0.44311094696139114,-0.04934586021635268,0.9850489486882716,0.9818196614583333
4,101,0.000519090739544481,0.0008829843136481941,0.4399700551857183,0.0696230411529541,0.9853208188657407,0.9812825520833334
4,102,0.00050062540685758,0.0009104535565711558,0.45263254274556664,0.03541681236690945,0.9854908130787037,0.9817816840277778
4,103,0.000505931384395808,0.0008559466805309057,0.4373278307326046,0.0963728149731954,0.9854841820987654,0.9830186631944444
4,104,0.00048647477524355054,0.0008805445395410061,0.46824225157867244,0.07444260517756145,0.9859206211419753,0.9824869791666667
4,105,0.00048002382391132414,0.0008170637302100658,0.47833068635728626,0.14696160157521565,0.9859091676311729,0.9832573784722223
4,106,0.0004857234307564795,0.0008840147056616843,0.4747114450843246,0.06937894026438395,0.9861701871141976,0.9829698350694445
4,107,0.0004670815251301974,0.000822855276055634,0.4958511099403287,0.12834280596839057,0.9864625530478395,0.982666015625
4,108,0.0004590321332216263,0.0008280378533527255,0.5004157700656373,0.12807535595364042,0.9863673080632716,0.9833821614583333
4,109,0.00045435555512085557,0.0008692324045114219,0.5030375878016154,0.0882189671198527,0.9868869357638889,0.9833387586805555
4,110,0.00045430532190948725,0.0008937999373301864,0.5076287480048192,0.04513570732540555,0.986985797646605,0.9849446614583334
4,111,0.0004622942069545388,0.0008406774140894413,0.49715251392788357,0.11423027515411377,0.9871431327160494,0.9842990451388889
4,112,0.0004457564791664481,0.0008845832198858261,0.5146391017937366,0.06748320923911201,0.9870195553626543,0.9844618055555555
4,113,0.00044397986494004726,0.0008611365919932723,0.5203584217730863,0.09207875198788112,0.9874288676697531,0.9844129774305556
4,114,0.0004418278986122459,0.0008441690006293356,0.5227492329515057,0.11185152795579699,0.9871799045138889,0.9851345486111112
4,115,0.0004398396995384246,0.000835718063171953,0.5196388263761261,0.12669876019159954,0.987549430941358,0.9836697048611112
4,116,0.0004298710264265537,0.0008504380821250379,0.5385172467172882,0.12066287199656169,0.987574146412037,0.9837944878472222
4,117,0.00042283162474632263,0.0008253934793174267,0.5418234218785792,0.13270366589228313,0.9880467544367284,0.9855848524305556
4,118,0.00040698505472391844,0.0008349684067070484,0.5609019322159849,0.12135291364457872,0.988354190779321,0.9854275173611111
4,119,0.0004016621969640255,0.000831471523270011,0.562639398339354,0.12445734606848823,0.9883692611882716,0.9857042100694444
4,120,0.0003937397850677371,0.0008079028339125216,0.5737269966690629,0.15748789442910088,0.9886290750385802,0.9859809027777777
4,121,0.0003958466986659914,0.0008387207053601742,0.5752623805293331,0.11594283845689561,0.9888135368441358,0.9861762152777778
4,122,0.0003919217560905963,0.0008233782718889415,0.5764803745128491,0.13815192249086167,0.9888141396604938,0.9851345486111112
4,123,0.00038899347418919206,0.0008230029488913715,0.5792809923489889,0.1327372842364841,0.9887797791280865,0.9860080295138889
4,124,0.00038486573612317443,0.0008133428054861724,0.5823092863883501,0.14488160212834675,0.9890504436728395,0.9854275173611111
4,125,0.0003777603851631284,0.0008240631432272494,0.595376416930446,0.14209779236051773,0.9890383873456791,0.9855034722222222
4,126,0.00038104254053905606,0.0008269856916740537,0.579692249092055,0.12420159578323364,0.9890239197530865,0.9853678385416667
4,127,0.00037936694570817053,0.0008267662487924099,0.5877425916400957,0.13656709724002414,0.9890890239197531,0.9861382378472222
4,128,0.00037579837953671813,0.0008079351391643286,0.5946184574821849,0.14928134944703844,0.9892228491512346,0.9866319444444445
4,129,0.000368929177056998,0.0008204173063859344,0.6017320297382496,0.13675049940745035,0.9892758969907407,0.9870334201388888
4,130,0.0003736096841748804,0.0008139290730468929,0.5946977827284071,0.15692762931187948,0.9896201051311728,0.9862087673611111
4,131,0.000373209360986948,0.0008228094666264951,0.6006952973059666,0.13963711394204034,0.9892306857638888,0.9868381076388889
4,132,0.0003668111748993397,0.0008274042047560215,0.6027386964103322,0.1323927813106113,0.989747299382716,0.9863226996527777
4,133,0.00036010798066854477,0.0008151937508955598,0.6111905008186529,0.14482262267006768,0.9898847415123457,0.9864583333333333
4,134,0.00035620114067569375,0.0007918005576357245,0.6158300134870741,0.1785608755217658,0.9894989390432098,0.98681640625
4,135,0.00035686331102624536,0.0008097491227090359,0.615141178060461,0.15878891547520954,0.9896460262345679,0.9869683159722222
4,136,0.0003531526308506727,0.0008126890752464533,0.6185135242379742,0.15020399226082695,0.9898811246141975,0.9866482204861111
4,137,0.00035019946517422795,0.0008049515308812261,0.6213325841927234,0.15959190395143297,0.9898335021219136,0.9868218315972223
4,138,0.00035357935121282935,0.0007856506854295731,0.6196503284536762,0.18000031709671022,0.9898901668595679,0.9870388454861111
4,139,0.0003541244368534535,0.0007866148371249437,0.6187595981138724,0.17792537212371826,0.989869068287037,0.9873209635416667
4,140,0.0003574948641471565,0.0007871008710935712,0.6164937502072181,0.18246162864896986,0.9898853443287037,0.9871039496527778
4,141,0.0003465087211225182,0.0008191968081519008,0.6214431069515369,0.1451115330060323,0.9899866174768519,0.9867621527777778
4,142,0.0003521882463246584,0.0007985061383806169,0.6178577196450881,0.16759644481870864,0.9901680652006173,0.9867458767361111
4,143,0.0003420200082473457,0.0008110242197290063,0.6314069731735888,0.1536850968996684,0.9901252652391975,0.9872721354166667
4,144,0.0003472326206974685,0.0007914547459222376,0.6255976560675067,0.1748984495798747,0.990112003279321,0.9869900173611111
4,145,0.0003462609020061791,0.0007982729002833366,0.6256011637640588,0.16511991024017333,0.9900963300540123,0.9870659722222223
4,146,0.00034532276913523674,0.0007895045564509928,0.6257577320675791,0.17968209584554037,0.9903886959876543,0.986962890625
4,147,0.0003406753239687532,0.000794667867012322,0.6278890712761585,0.17121937804751927,0.9901204427083333,0.98671875
4,148,0.0003445913316681981,0.0008019630331546068,0.6255664770985827,0.1618992288907369,0.9902482397762346,0.9872721354166667
4,149,0.0003420183202251792,0.0007843756466172636,0.6297514013302179,0.17764607005649144,0.9902741608796296,0.9875108506944444
4,150,0.0003472826210781932,0.0007808683440089226,0.6231260390929234,0.18448942767249213,0.990405574845679,0.98740234375
4,151,0.00033791607711464167,0.0008014474879018962,0.6357673140219701,0.16436232858233982,0.9904574170524691,0.987353515625
4,152,0.0003383415751159191,0.0007804006454534829,0.6343487511446446,0.18830017646153768,0.9903133439429013,0.9870171440972222
4,153,0.00033807571162469685,0.000793757732026279,0.635553972662231,0.17263293398751153,0.9905617042824074,0.9876410590277778
4,154,0.0003342765267007053,0.0007919598137959838,0.642556909425759,0.17132525708940294,0.9904875578703703,0.9873589409722222
4,155,0.0003363952855579555,0.0007869607070460916,0.6374903970294529,0.17921578619215223,0.9904405381944444,0.9877007378472222
4,156,0.0003421359579078853,0.0007745493203401566,0.6305719964298201,0.19911430411868625,0.9906430844907408,0.9871690538194444
4,157,0.00033207485103048384,0.0008121595019474626,0.642789297192185,0.15225945446226333,0.990696735146605,0.9871799045138889
4,158,0.0003292567562311888,0.0007878903998062015,0.6470746364122556,0.1800255192650689,0.9905309606481482,0.9869411892361111
4,159,0.000330860901158303,0.0007940500508993864,0.6447745203971863,0.17067746453815036,0.9908203125,0.9874348958333333
4,160,0.0003361553535796702,0.0007943226955831051,0.639439477008066,0.17270872857835556,0.9908233265817902,0.9873969184027778
4,161,0.00032306069624610245,0.0007889250991865993,0.6513114940972976,0.17815082205666435,0.990600887345679,0.9879231770833333
4,162,0.0003228371497243643,0.0007872075075283647,0.6493060122301549,0.17815033859676785,0.9909872926311728,0.9877278645833333
4,163,0.0003266247804276645,0.0007869331166148186,0.6499417109253965,0.18004927635192872,0.9906870900848765,0.9877224392361111
4,164,0.0003336044028401375,0.0007812350522726774,0.6424421038156675,0.18808967934714424,0.9908022280092592,0.98759765625
4,165,0.00032299733720719814,0.0007830834365449846,0.6516795599902118,0.18923234012391832,0.9908763744212963,0.9877170138888889
4,166,0.00032040380756370723,0.000792041071690619,0.6589467506349823,0.17251606782277426,0.9908287519290123,0.9876627604166667
4,167,0.0003171295393258333,0.0007821015315130353,0.6573827081256443,0.1868227654033237,0.9909987461419754,0.9874403211805556
4,168,0.00032331066904589534,0.0007873065769672394,0.6508003780871262,0.17793813943862916,0.9909378616898148,0.9876953125
4,169,0.00031864491757005453,0.0007756470004096627,0.6544304113329192,0.1919092721409268,0.9912398726851852,0.987548828125
4,170,0.0003190266725141555,0.0007853826973587275,0.6575535691814658,0.1807195610470242,0.990869743441358,0.9876953125
4,171,0.0003265780978836119,0.0007940445793792605,0.6491637497772406,0.1686078627904256,0.991039737654321,0.9874186197916667
4,172,0.00031743969884701073,0.0007930604624561965,0.6564772377779454,0.17255468368530275,0.9912061149691358,0.9879014756944444
4,173,0.0003201729850843549,0.0007925868267193437,0.653854967341011,0.1756988353199429,0.991187427662037,0.9877712673611111
4,174,0.000317757367156446,0.0007979732472449541,0.6559757371007661,0.1679389648967319,0.9912983458719136,0.9875
4,175,0.0003176290192641318,0.0007842218037694693,0.6580730773784497,0.18821961614820693,0.991115089699074,0.9875813802083333
4,176,0.0003167114919051528,0.0007836882723495364,0.6577803018652363,0.18751125070783828,0.991137393904321,0.9876573350694444
4,177,0.0003189216658938676,0.0007811514078639448,0.6563495734591543,0.1891105095545451,0.991089771412037,0.9875217013888888
4,178,0.00030723842792212963,0.0007728689815849066,0.6672690200216976,0.1989837408065796,0.9911964699074074,0.9879231770833333
4,179,0.0003166841925121844,0.0007853589486330748,0.6583331405380626,0.1849639031622145,0.9911657262731481,0.9877495659722222
4,180,0.0003192904405295849,0.0007811980904079974,0.6564388179484709,0.1877936495674981,0.9913146219135802,0.9882486979166667
4,181,0.0003149066469632089,0.0007853703573346138,0.6623209867948368,0.18679407172732884,0.9914381992669753,0.9880696614583333
4,182,0.0003118516760878265,0.0007876664167270064,0.6637655592259065,0.18308524158265854,0.9914255401234567,0.9882703993055556
4,183,0.0003139085602015257,0.0008029504679143429,0.6590651709356425,0.16319846312204997,0.9913290895061728,0.9874891493055555
4,184,0.000316470890538767,0.0007804874330759048,0.6602185016796913,0.19133790731430053,0.9913049768518518,0.9882161458333333
4,185,0.00031240464886650443,0.0007924665114842355,0.6619656999905904,0.17299799389309353,0.9912555459104938,0.9879557291666666
4,186,0.00031341309659183025,0.0007837116136215627,0.661800006142369,0.17835693226920235,0.991552734375,0.9880805121527778
4,187,0.00031447128276340663,0.0007800100138410926,0.6627131348774757,0.18573512766096328,0.9913302951388889,0.9885687934027778
4,188,0.0003121676272712648,0.0007837840821594,0.6645918183856541,0.1789013624191284,0.9916425540123457,0.9880913628472222
4,189,0.0003073688712902367,0.0007951504085212946,0.668518340587616,0.1704087323612637,0.991502700617284,0.9879991319444444
4,190,0.00030783540569245815,0.0007793562836013734,0.6690240467036211,0.19188417196273805,0.9914261429398148,0.9882866753472223
4,191,0.0003066077479161322,0.0007879982003942132,0.6708949480527713,0.1781750718752543,0.9914177035108025,0.9879014756944444
4,192,0.000309491966618225,0.0007856873562559485,0.6675922527725314,0.18094340430365669,0.9913658613040124,0.9883083767361112
4,193,0.00030901175341568887,0.0007962072850205004,0.6639340397752361,0.16842695209715103,0.9916419511959876,0.9879828559027778
4,194,0.0003121384943369776,0.0007847489323467016,0.6641643343148408,0.18573902448018392,0.9913827401620371,0.9881781684027777
4,195,0.0003083050833083689,0.0007876401068642735,0.6704207261403402,0.18101169930564032,0.991479190779321,0.9880642361111112
4,196,0.0003114114224445075,0.0007829667301848531,0.6660564062036114,0.18729372156990898,0.9914520640432098,0.9885525173611112
4,197,0.00030694634187966585,0.0007831312250345945,0.6686205665270487,0.1853580090734694,0.9917558834876543,0.9880262586805556
4,198,0.0003086031647399068,0.000786483462434262,0.667144309591364,0.18019126653671264,0.9914496527777777,0.9882921006944444
4,199,0.00030665865051560104,0.0007821115432307124,0.670013032283312,0.18435316880544025,0.9916570216049383,0.9880588107638889
4,200,0.0003015276452060789,0.0007872992428019643,0.6734036581015881,0.17715272241168553,0.9915726273148148,0.9880588107638889
4,201,0.00030780030647292733,0.0007863035425543785,0.6661989001580226,0.17967312335968016,0.9915515287422839,0.9881293402777778
4,202,0.00030488072661682963,0.0007851137779653072,0.6733280560116709,0.18170174095365738,0.9915961371527777,0.9881401909722223
4,203,0.0003010781656485051,0.0007815734716132283,0.6760420525515521,0.1870178673002455,0.991722728587963,0.9882161458333333
5,1,0.16905072331428528,0.0353669673204422,-266.0658909220754,-57.43522613313463,0.6209442515432099,0.9948947482638889
5,2,0.020640987902879715,0.008240897208452225,-30.90395560676669,-12.35427860683865,0.9952232831790123,0.9948947482638889
5,3,0.006633180193603039,0.00404775608330965,-9.029210599263509,-5.3524614228142635,0.9952262972608025,0.9948947482638889
5,4,0.003937075845897198,0.0029425264801830053,-4.7164803437244744,-3.4995444986555313,0.9952262972608025,0.9948947482638889
5,5,0.0030607450753450394,0.0024415263906121254,-3.372667576059883,-2.6575056817796496,0.9952262972608025,0.9948947482638889
5,6,0.002586192451417446,0.002133515663444996,-2.6351794566637206,-2.1386757108900283,0.9952262972608025,0.9948947482638889
5,7,0.0022886539809405804,0.0019298270344734192,-2.1645868516262667,-1.7946960634655422,0.9952262972608025,0.9948947482638889
5,8,0.002081084530800581,0.0017807153053581715,-1.8359071472544728,-1.542450851864285,0.9952262972608025,0.9948947482638889
5,9,0.001921444316394627,0.0016616524662822485,-1.5818237348839088,-1.3408377408981322,0.9952262972608025,0.9948947482638889
5,10,0.0017939124954864383,0.001564436824992299,-1.380883894731969,-1.17582385275099,0.9952262972608025,0.9948947482638889
5,11,0.0016952358419075608,0.001493647345341742,-1.2207015484939387,-1.0554334587521024,0.9952262972608025,0.9948947482638889
5,12,0.0016120253130793571,0.0014246674254536629,-1.088154591160056,-0.9381205770704482,0.9952262972608025,0.9948947482638889
5,13,0.001540183904580772,0.0013786039780825377,-0.9751014600565404,-0.8599866628646851,0.9952262972608025,0.9948947482638889
5,14,0.0015255508478730917,0.0013959890929982066,-0.9549239976906482,-0.8886211315790812,0.9952262972608025,0.9948296440972222
5,15,0.0017673883121460676,0.0016738660633563995,-1.1836254299422841,-1.252817447980245,0.9926812065972223,0.9942762586805556
5,16,0.0018578659510239959,0.0016017075395211577,-1.3516343202119991,-1.1517712275187175,0.9938609182098765,0.9948947482638889
5,17,0.0017566850874572992,0.0018350097816437483,-1.209657495551639,-1.4648660951190524,0.9932574990354939,0.9945638020833333
5,18,0.0017080474644899368,0.0015584209468215704,-1.1196920549428022,-1.053871120346917,0.9934311101466049,0.9939670138888889
5,19,0.001674829749390483,0.001452906522899866,-1.0399408755479036,-0.9053447259796991,0.9893958574459877,0.9922146267361112
5,20,0.0015909818466752768,0.0014726377557963133,-0.9356569643373842,-0.8865934782558017,0.9880835262345679,0.9849934895833333
5,21,0.0015777950175106525,0.0016274251975119114,-0.8899701611495312,-1.0327004379696316,0.9866759500385802,0.9785210503472223
5,22,0.0015343028353527188,0.0017190221697092056,-0.8096696478349191,-1.1470726437038845,0.9870231722608025,0.9721571180555556
5,23,0.0015533652622252703,0.0013050490524619818,-0.8199100072001233,-0.6424750659200881,0.9831705729166667,0.9867296006944445
5,24,0.0014309033285826445,0.0015789417084306479,-0.6611430937861219,-0.9459159480200874,0.9864715952932098,0.9755154079861111
5,25,0.0014450366143137217,0.0012544605415314436,-0.6657596463038598,-0.5573628491825527,0.9842598620756173,0.9861002604166667
5,26,0.0014608900528401136,0.001253720954991877,-0.672706264183845,-0.546585652563307,0.9828257619598766,0.9859157986111111
5,27,0.0013898259494453669,0.0013052555732429028,-0.5872048492784854,-0.5718560563193427,0.9846239631558642,0.9826714409722223
5,28,0.0013716312823817134,0.0015826207818463445,-0.5537491155259403,-0.8814011123445299,0.9854064187885803,0.9727213541666667
5,29,0.0013984567485749722,0.0012106371577829123,-0.5756952404975891,-0.45659002860387166,0.9818244839891975,0.9827419704861111
5,30,0.0013273824006319046,0.0014363783411681652,-0.48632623133835967,-0.6914249499638875,0.9838475356867284,0.9769694010416666
5,31,0.0013572402531281114,0.0012043010210618377,-0.527840041378398,-0.43024343119727243,0.9835913387345679,0.9854383680555555
5,32,0.0013150597224012017,0.001370660262182355,-0.47302701620408044,-0.591058886051178,0.9834110966435186,0.9803168402777778
5,33,0.0013298223493620753,0.0014757509343326092,-0.4840189473128613,-0.7160122844907972,0.984352695794753,0.9767740885416667
5,34,0.001343577285297215,0.0011626607738435268,-0.49647688350559754,-0.40730377700593734,0.9825183256172839,0.9838053385416666
5,35,0.0013027889654040337,0.0012910700170323253,-0.4627075308634911,-0.5331887735260857,0.9833887924382716,0.9812391493055556
5,36,0.0013455827720463276,0.0013002695050090551,-0.5037252083236788,-0.5700152119000753,0.9840362172067901,0.9830946180555555
5,37,0.0013199216919019818,0.0012837728718295693,-0.5004190015204159,-0.5152861489189996,0.9839638792438271,0.9873969184027778
5,38,0.0013368905056267977,0.0011760987108573318,-0.49413615818376894,-0.4444565971692403,0.9833224826388889,0.9865831163194444
5,39,0.0013355438131839037,0.0013458235189318657,-0.516222913618441,-0.6028978718651665,0.9844593942901234,0.9844021267361112
5,40,0.0013554234756156802,0.001186361419968307,-0.5202459174909709,-0.4436289270718892,0.9835630063657408,0.9857964409722222
5,41,0.001328802201896906,0.0011366067919880152,-0.5015309201346503,-0.40640657477908665,0.984252025462963,0.9855360243055555
5,42,0.0013267019530758262,0.0011938756797462702,-0.49821906163368695,-0.43748538891474403,0.9839650848765432,0.9881673177083333
5,43,0.0013489139964804053,0.001221836544573307,-0.5260136998729942,-0.4500177197986179,0.984422622492284,0.9845486111111111
5,44,0.001336922636255622,0.0012103472836315632,-0.5208323421301665,-0.43658536275227866,0.9845528308256173,0.9772786458333333
5,45,0.0013288059271872044,0.00138793233782053,-0.5107577153194098,-0.6669580247667101,0.983397834683642,0.9802408854166667
5,46,0.0013505592942237854,0.0013961817603558302,-0.5437450011571249,-0.7368979268603855,0.9838650173611111,0.9835069444444444
5,47,0.001359678222797811,0.0013866384979337454,-0.5893468951001579,-0.7351799342367384,0.9845630787037037,0.9828016493055556
5,48,0.0013923359801992774,0.0014395125908777118,-0.6318900942802429,-0.7900995175043742,0.9833809558256172,0.9762912326388888
5,49,0.001304243691265583,0.001112034311518073,-0.5077187792754467,-0.37408002217610675,0.9833773389274691,0.9819986979166667
5,50,0.0013231070479378104,0.0014703318011015654,-0.5705894021340359,-0.87424263159434,0.9834737895447531,0.979736328125
5,51,0.0012990131508558989,0.0014109076000750065,-0.5324938934526325,-0.7292608658472697,0.982667221257716,0.9784722222222222
5,52,0.0013267385074868798,0.0014371410943567753,-0.5724207602901223,-0.813103257285224,0.9828914689429012,0.977734375
5,53,0.001298717688769102,0.0015255999751389027,-0.524616656921528,-0.9328018493122525,0.9825122974537037,0.9757703993055555
5,54,0.0013271360658109188,0.0013240640982985497,-0.5761658206398105,-0.650853239165412,0.9814079378858025,0.9799750434027777
5,55,0.0012566795339807868,0.0011149479541927576,-0.47729440368252035,-0.3712362196710375,0.9823869116512346,0.9822482638888889
5,56,0.001243558363057673,0.0012264553224667907,-0.4737591724336883,-0.5176475524902344,0.9811143663194445,0.984130859375
5,57,0.001273780595511198,0.0011510064359754324,-0.48772941886642834,-0.45645257631937664,0.9818672839506173,0.9758517795138889
5,58,0.001187479356303811,0.0012917548883706331,-0.4060846183035109,-0.5985857990052965,0.9815616560570988,0.9763020833333333
5,59,0.0012084890622645617,0.0013475330779328942,-0.43011860744452773,-0.6354453100098504,0.9813054591049383,0.9751681857638889
5,60,0.0011927969753742218,0.0012605010997503996,-0.381580548816257,-0.5569763355784946,0.9812717013888889,0.9739908854166667
5,61,0.0011738602770492435,0.0011721483897417784,-0.3769989278581407,-0.44110709561241995,0.9805947386188272,0.9785481770833333
5,62,0.0011496618390083313,0.001171971671283245,-0.3478441061796965,-0.4485942827330695,0.981567684220679,0.976513671875
5,63,0.001153909252025187,0.0011530261253938079,-0.3575596634252572,-0.4375705546802945,0.9809009693287037,0.9752278645833333
5,64,0.0011391547741368413,0.001109888544306159,-0.3383767045574424,-0.34435202810499405,0.9811692226080246,0.9783637152777778
5,65,0.001122766174376011,0.0011820222716778517,-0.32183831518079026,-0.4641651378737556,0.9807954764660494,0.9773383246527778
5,66,0.0011096126399934292,0.001238678116351366,-0.2846805116276682,-0.559164391623603,0.9809256847993827,0.9765625
5,67,0.0011080887634307146,0.0011667993385344744,-0.3001077116271596,-0.42066070636113484,0.9806809413580246,0.979150390625
5,68,0.0011072178604081273,0.0012626058887690306,-0.29142434493995006,-0.5836491651005216,0.9806580343364197,0.9769151475694444
5,69,0.0010847137309610844,0.0011737047461792827,-0.26708626290898263,-0.4396253744761149,0.981346450617284,0.97470703125
5,70,0.0010823749471455812,0.0011211775708943605,-0.2536720514297485,-0.3876409543885125,0.9798882378472222,0.9769476996527777
5,71,0.0010591762838885188,0.0011740466579794884,-0.2456900140385569,-0.44343008995056155,0.9811463155864197,0.9728678385416667
5,72,0.0010402591433376074,0.0011629151413217187,-0.20170019835601619,-0.4369139419661628,0.9807629243827161,0.9745768229166667
5,73,0.0010504573583602905,0.0011377866612747312,-0.2114240477114548,-0.4159151117006938,0.9804916570216049,0.9746419270833333
5,74,0.0010368283838033676,0.0010885943192988634,-0.1936312684306392,-0.33038589821921455,0.9806604456018518,0.9776963975694445
5,75,0.0010090360883623362,0.001090824487619102,-0.17806768196600456,-0.33711644675996566,0.9809618537808642,0.9726291232638888
5,76,0.0010085749672725797,0.0010857058223336935,-0.1627580910553167,-0.330384361743927,0.9801884403935185,0.9751627604166667
5,77,0.000998017960228026,0.0010536310728639364,-0.14268325626114267,-0.2853680279519823,0.9807080680941358,0.9755425347222222
5,78,0.0009848733898252249,0.0013255011290311813,-0.1477581583423379,-0.6398005313343472,0.9806604456018518,0.9740993923611111
5,79,0.0009974214481189847,0.0012415217934176326,-0.13397811871987803,-0.5566373017099169,0.9803246768904321,0.9731011284722222
5,80,0.000989395659416914,0.0011028381995856762,-0.14383347976354904,-0.3409128255314297,0.9807255497685186,0.9746907552083334
5,81,0.0009526805952191353,0.0010990991722792387,-0.09501927487644149,-0.3303602205382453,0.9799780574845679,0.9747287326388889
5,82,0.0009443099261261523,0.0010402065236121416,-0.07658596333162285,-0.2674521181318495,0.9809196566358025,0.9790310329861112
5,83,0.0009496952407062054,0.0010442769853398204,-0.09107460563565478,-0.26993939346737333,0.9805814766589506,0.975146484375
5,84,0.0009334267233498394,0.0010338312713429332,-0.0689349047931624,-0.23945625755521988,0.9803982204861111,0.9752658420138889
5,85,0.0009229813585989177,0.001063838368281722,-0.05655175579918755,-0.3080162074830797,0.9810173128858025,0.9728135850694445
5,86,0.0009056820999830961,0.0011095884256064892,-0.03601807164557186,-0.32533762984805636,0.9800968123070988,0.9754448784722223
5,87,0.0009057947318069637,0.0011546832975000143,-0.026296878891226685,-0.4228708174493578,0.9813597125771605,0.9729763454861111
5,88,0.0009008856723085046,0.001017782255075872,-0.03011033211225345,-0.2334571162859599,0.9802155671296297,0.9792643229166667
5,89,0.0008846199489198625,0.0010801736498251557,0.003111995738229634,-0.2989422559738159,0.9807954764660494,0.9745442708333333
5,90,0.0008731956477276981,0.0010551254963502288,0.012709805994857977,-0.24331789546542698,0.980542293595679,0.9763237847222223
5,91,0.0008744538063183427,0.001165448222309351,0.00484091411402196,-0.4097296290927463,0.9810745804398148,0.9733235677083333
5,92,0.000883846019860357,0.0010496275499463081,0.0060425870212507836,-0.2875413868162367,0.9808774594907408,0.9759385850694444
5,93,0.0008539118571206927,0.0010140218073502183,0.03996890739158348,-0.20359009106953938,0.9808629918981482,0.9755154079861111
5,94,0.0008415451156906784,0.0010014722356572747,0.0505269506831228,-0.20243797302246094,0.9810233410493827,0.9747667100694445
5,95,0.0008263193303719163,0.0010807369835674763,0.07400648961832494,-0.30865303145514594,0.9809051890432099,0.9755154079861111
5,96,0.0008316653547808528,0.0010411818511784077,0.06233642042419057,-0.2576560510529412,0.9810100790895062,0.9780164930555556
5,97,0.0008153624949045479,0.0010469288099557161,0.0746296148241302,-0.2568087074491713,0.9810631269290123,0.9732042100694445
5,98,0.0008022261317819357,0.0009912154637277126,0.08977984042815221,-0.18465867307451037,0.9812994309413581,0.9762532552083333
5,99,0.0008072680793702602,0.0010076581966131926,0.10768134387922876,-0.1961668292681376,0.9811372733410494,0.9762912326388888
5,100,0.0007933013839647174,0.0009840831626206636,0.1035197275656241,-0.14301737679375542,0.9810667438271605,0.9767849392361111
5,101,0.0007800821331329644,0.0010595935164019465,0.12975641709786875,-0.24476119809680516,0.9815092110339506,0.9735080295138889
5,102,0.0007810315582901239,0.0009966270299628377,0.1326202788470704,-0.18337050014071996,0.9814525462962963,0.9747016059027778
5,103,0.0007689865888096392,0.000959208351559937,0.14271577743836392,-0.1480265882280138,0.9811987606095679,0.9752061631944444
5,104,0.0007504274835810065,0.0009358578245155513,0.16496900805720577,-0.09299193090862698,0.9817280333719136,0.9757432725694445
5,105,0.0007414640858769417,0.0009985698852688074,0.17513008721080828,-0.19139773183398776,0.9819360050154321,0.9734646267361111
5,106,0.0007531163282692432,0.0009692619787529111,0.16364175022384267,-0.12909525765313043,0.9811975549768519,0.9767686631944444
5,107,0.0007368062506429851,0.0009398591355420649,0.1904629953113603,-0.09444087081485325,0.9815833574459877,0.9745713975694444
5,108,0.0007322662277147174,0.0009814228396862745,0.18648403044100162,-0.1366724517610338,0.9817949459876543,0.9785915798611111
5,109,0.0007274146773852408,0.0009090972016565502,0.19503135843041502,-0.075616455078125,0.9819257571373456,0.9761121961805556
5,110,0.0007145697018131614,0.0009344597929157317,0.2036095967999211,-0.07856614192326863,0.9820481288580247,0.9762912326388888
5,111,0.000718624796718359,0.0009193618316203356,0.2039398060904609,-0.07861129045486451,0.9817515432098766,0.9782769097222223
5,112,0.000695945112966001,0.0009005017345771194,0.24125431717177967,-0.0382211791144477,0.982176528742284,0.9751193576388889
5,113,0.000680555182043463,0.000893518328666687,0.2445665481649799,-0.036297057734595406,0.9820222077546297,0.9765353732638888
5,114,0.0006713608745485544,0.000946034153457731,0.2600970811314053,-0.09822921090655856,0.9825014467592592,0.9761610243055555
5,115,0.0006760282558389008,0.0009508460643701255,0.24507350185771049,-0.1084925651550293,0.9823392891589506,0.9770616319444444
5,116,0.0006557210581377149,0.0010150425368919969,0.27780924019990144,-0.1646253890461392,0.9820216049382716,0.9766276041666667
5,117,0.0006686771521344781,0.0008823216194286942,0.27201575026100067,-0.00929359065161811,0.9826768663194444,0.9777560763888888
5,118,0.0006537451408803463,0.0008879106608219445,0.2802279080873654,-0.015249412589603,0.9828094859182098,0.9757649739583333
5,119,0.0006389396148733795,0.0009813153883442283,0.3007678604420321,-0.15525213744905259,0.9827244888117284,0.9762478298611111
5,120,0.0006520212045870721,0.0008995328098535538,0.2851356666765095,-0.037832747565375434,0.9826057339891975,0.9767469618055555
5,121,0.0006306581781245768,0.0009025286417454481,0.3011664655473497,-0.03463011317782932,0.9830867814429012,0.9764811197916666
5,122,0.0006268437718972564,0.000959944271016866,0.31801760520464106,-0.11758702993392944,0.9831265673225309,0.9746527777777778
5,123,0.000635267817415297,0.0009120244067162275,0.30362822509106296,-0.059970200061798096,0.9830078125,0.9771430121527778
5,124,0.0006207956466823816,0.0008934473153203726,0.3178159878577715,-0.009917838043636745,0.9829897280092592,0.9763129340277777
5,125,0.0006107641384005547,0.0009188497206196189,0.3375916685587094,-0.06392982138527764,0.9832362798996913,0.97607421875
5,126,0.0006128681125119328,0.0009295839117839932,0.32538372734446586,-0.07203528616163465,0.983302589699074,0.9756781684027778
5,127,0.0006083265179768205,0.0008336029713973403,0.3422398234591072,0.06381967465082804,0.9835569782021605,0.97783203125
5,128,0.0005968372570350766,0.0008866204880177975,0.35167124344978806,-0.01035138898425632,0.9834412374614198,0.9760416666666667
5,129,0.0005971177015453577,0.0008593802340328693,0.3509775073439987,0.0307592683368259,0.9835135754243827,0.9773166232638889
5,130,0.0005797543562948704,0.0008288513054139912,0.37607713407940335,0.06701302528381348,0.9839259018132716,0.9783854166666667
5,131,0.0005862397374585271,0.0008743767393752933,0.36016638264243983,0.007630998558468289,0.9835382908950617,0.9771104600694445
5,132,0.0005768685368821025,0.0008522644056938589,0.37913481100105945,0.029528212547302247,0.983959659529321,0.9776963975694445
5,133,0.000560422835405916,0.0008442644029855728,0.3883781337443693,0.05164965788523356,0.9836021894290123,0.9799370659722222
5,134,0.0005702647613361478,0.0008536300738342106,0.38438144318851425,0.029265272617340087,0.9841839072145062,0.9758626302083333
5,135,0.0005582084413617849,0.0008673738921061158,0.3980165503643177,0.027173157533009848,0.9835810908564815,0.9787326388888888
5,136,0.0005638920119963586,0.0008587713818997145,0.3872049135926329,-0.0014371620284186469,0.984521484375,0.9778049045138889
5,137,0.0005410993471741676,0.0008255665306933224,0.4087397749041334,0.07921274900436401,0.984397304205247,0.9797743055555556
5,138,0.0005401368252933025,0.0008963483269326389,0.42188806048146,-0.01986496580971612,0.984716796875,0.9769802517361111
5,139,0.0005361740477383137,0.0008939686813391745,0.41998936923933616,-0.027804564105139838,0.9846462673611112,0.9776638454861111
5,140,0.0005406858399510384,0.0008677972364239395,0.4211580451623893,0.014703896310594346,0.9847029320987655,0.9769314236111111
5,141,0.0005284685175865889,0.0008199504809454083,0.43056479663024716,0.08486197524600558,0.9848554446373456,0.9791124131944444
5,142,0.0005217704456299543,0.0008594482787884772,0.43799196570007887,0.015530998176998562,0.984839771412037,0.9792371961805556
5,143,0.0005205675843171775,0.0008527339668944478,0.43752294072398434,0.04388396210140652,0.9851960358796297,0.9783203125
5,144,0.0005105690797790885,0.0008090323535725474,0.44492231018749284,0.09935563537809584,0.9851707175925926,0.9786295572916667
5,145,0.0005145090399309993,0.0008772849687375128,0.4441942846333539,0.00820127460691664,0.9853539737654321,0.9791232638888889
5,146,0.0005218254518695176,0.0008930023177526891,0.441832364635703,-0.011958923604753282,0.98505859375,0.9799479166666667
5,147,0.0005011601024307311,0.0008037452353164554,0.4580375740557541,0.10009416739145914,0.98544921875,0.97919921875
5,148,0.0004971030866727233,0.0007671684143133461,0.4650334155118024,0.15767975118425157,0.9853901427469136,0.98232421875
5,149,0.0005046384176239371,0.0008305594674311578,0.4576589323856212,0.059003232585059275,0.9855595341435185,0.9766276041666667
5,150,0.0004990948364138603,0.0008627933566458523,0.4630206634968887,0.03148709800508287,0.9851984471450618,0.9790907118055555
5,151,0.0005033425404690206,0.0008580444846302271,0.45441123806400063,0.03512678543726603,0.985912784529321,0.9795464409722222
5,152,0.0004868332762271166,0.0007969005964696407,0.47872962922225765,0.1188417050573561,0.9856710551697531,0.9803114149305555
5,153,0.00047389179235324264,0.000801473914179951,0.48861476756908273,0.1146335032251146,0.9860966435185186,0.9798502604166667
5,154,0.0004761802847497165,0.0008185227052308619,0.48575604064964956,0.08013956149419149,0.9861514998070988,0.9800075954861112
5,155,0.0004796912253368646,0.000817903783172369,0.4899507949381699,0.10425187216864693,0.9862702546296296,0.9794270833333333
5,156,0.0004711141809821129,0.000762905809096992,0.4918628803005925,0.149799378712972,0.9861328125,0.980615234375
5,157,0.00046569376718252897,0.0008204200421459973,0.5005890507756928,0.08317756917741563,0.9865553867669753,0.9790907118055555
5,158,0.00046019157161936164,0.0007840194157324731,0.5117436510545236,0.1268126368522644,0.9864306037808642,0.9814615885416667
5,159,0.00045311200665310025,0.0007977942004799843,0.5181702706548903,0.12798060046301948,0.986594569830247,0.979638671875
5,160,0.0004581604152917862,0.000778494228143245,0.5141138037045797,0.12875989145702785,0.9864655671296296,0.9812282986111112
5,161,0.00046357305836863816,0.0008008106960915029,0.5025171100357433,0.10797246164745755,0.986647014853395,0.9808973524305555
5,162,0.00045565469190478325,0.0008009633747860789,0.5156698847994392,0.10760196447372436,0.9868097752700618,0.9810926649305556
5,163,0.00044402683852240443,0.0008183434838429093,0.5220107334631461,0.09841586616304186,0.9867241753472222,0.982470703125
5,164,0.0004392654518596828,0.000809535151347518,0.5319034483697679,0.1013934784465366,0.9871431327160494,0.9793402777777778
5,165,0.00044055975740775466,0.0008029451128095388,0.5319128263143845,0.11511144108242459,0.9872884114583333,0.9807888454861111
5,166,0.00043899836600758135,0.0007956336485221982,0.5316966348224216,0.1305965436829461,0.987330608603395,0.981201171875
5,167,0.00044081092346459627,0.0008220288436859846,0.5270847417690135,0.0956485735045539,0.9875548562885802,0.9793348524305555
5,168,0.0004387037188280374,0.0007934495806694031,0.5275869456338294,0.1218023591571384,0.9870943045910494,0.9816731770833333
5,169,0.00042109336936846375,0.0007796667632646859,0.5512939582636327,0.13759169578552247,0.9876157407407408,0.9808322482638889
5,170,0.00042240472976118326,0.0007643799763172865,0.5477533640684905,0.15640862517886692,0.9874843267746913,0.9807779947916667
5,171,0.00041672075167298317,0.0007867020322009921,0.5527304471274953,0.12146880494223701,0.9874939718364197,0.9819607204861112
5,172,0.00041366758523508906,0.000781028182245791,0.56039434597816,0.13990034262339274,0.9877803096064814,0.9817328559027778
5,173,0.00041538436198607087,0.0007528236601501703,0.5620115868839217,0.17546151876449584,0.988134162808642,0.9824164496527777
5,174,0.000404233462177217,0.0007659974507987499,0.570007942635336,0.15047084225548638,0.9880750868055556,0.9821994357638889
5,175,0.00040816166438162327,0.0007879419717937708,0.5711983877935527,0.12268866565492419,0.9879376446759259,0.9823784722222222
5,176,0.00040761777199804783,0.0007585809798911214,0.564708803170993,0.16629070440928143,0.9882010754243827,0.9823025173611111
5,177,0.0004126111452933401,0.0007619245443493128,0.558426872447685,0.17149557537502713,0.9881004050925926,0.9826822916666667
5,178,0.00040800677379593253,0.0007599469972774386,0.5649748634409022,0.16898436943689982,0.9881166811342592,0.9822916666666667
5,179,0.0004104276013094932,0.000754841894377023,0.567504272196028,0.1810546424653795,0.9879931037808642,0.9814995659722222
5,180,0.0003958627348765731,0.000764906988479197,0.5794499856454355,0.1628205802705553,0.9882499035493827,0.9823893229166667
5,181,0.00040776142850518227,0.00078274478437379,0.5652150439627377,0.1401943325996399,0.9884825906635802,0.9820638020833333
5,182,0.00039432666380889714,0.000768132449593395,0.5808532860543992,0.14849348465601603,0.9880835262345679,0.9820041232638889
5,183,0.000397585827158764,0.0007673687068745494,0.5768518127041099,0.1522447281413608,0.9883837287808642,0.9831705729166667
5,184,0.00040343415457755327,0.0007549116271547973,0.571565173437566,0.18046687046686807,0.9884126639660494,0.9828070746527777
5,185,0.00039459156687371433,0.0007459818152710795,0.5836070955535512,0.18546207745869955,0.9884651089891975,0.9828938802083333
5,186,0.0003835128154605627,0.0007782869506627321,0.5894884509804809,0.1432423578368293,0.9887026186342592,0.98291015625
5,187,0.0003920528688468039,0.0007577550713904202,0.5836745429922033,0.16825623114903768,0.9886760947145061,0.9822428385416667
5,188,0.00039244891377165914,0.0007491498254239559,0.5826886437557361,0.18007744550704957,0.9884952498070988,0.9829210069444444
5,189,0.0003859824500977993,0.0007675134693272412,0.5908408965593502,0.16120906008614433,0.988597125771605,0.9829698350694445
5,190,0.0003873251553159207,0.0007675666711293161,0.5918447044160631,0.15687746736738417,0.9888165509259259,0.9819932725694445
5,191,0.00038090581074357033,0.0007586571737192571,0.59414249614433,0.1703285786840651,0.9886363088348765,0.9829535590277778
5,192,0.0003863208112306893,0.0007645870209671557,0.5932904790948939,0.17153149048487346,0.9887538580246914,0.9833279079861111
5,193,0.0003814038645941764,0.0007517876219935715,0.5936384208408403,0.1736009955406189,0.9889238522376543,0.9825846354166666
5,194,0.0003833817318081856,0.0007617004448547959,0.5949991195290177,0.16549875868691338,0.9887568721064814,0.983154296875
5,195,0.00038744445191696286,0.0007573128677904606,0.5874077452553643,0.1758817540274726,0.9886537905092593,0.9829806857638889
5,196,0.0003794296644628048,0.0007761905435472727,0.6008068723443114,0.15063013633092245,0.9890088493441358,0.9826280381944444
5,197,0.0003803798172157258,0.000768388737924397,0.5963902106991521,0.16018477148479884,0.9886929735725308,0.9830349392361111
5,198,0.00038221830618567765,0.0007524400716647506,0.5953632944895897,0.18186146285798815,0.9887170862268518,0.9832194010416667
5,199,0.0003751261974684894,0.000758193084038794,0.6033913872860096,0.17376726865768433,0.988940128279321,0.9828179253472222
5,200,0.00037509866524487734,0.0007654146756976843,0.6031369899526055,0.1674009879430135,0.9888159481095679,0.9835232204861111
5,201,0.00038458764902316034,0.0007576110074296594,0.5965124462857658,0.17295554876327515,0.9889973958333333,0.9833116319444445
5,202,0.0003751171752810478,0.0007561262464150786,0.6046140289600984,0.17513280444675022,0.9889130015432098,0.9834798177083334
5,203,0.0003833826631307602,0.0007552519673481584,0.5944509011727792,0.17792202101813423,0.988890697337963,0.9834581163194445
5,204,0.00037754306686110795,0.0007619772222824395,0.6028670859925541,0.16682651175392998,0.9891927083333333,0.9828938802083333
5,205,0.0003773986827582121,0.0007509327260777354,0.6014744105162444,0.18406532737943862,0.9889003423996914,0.9834255642361112
5,206,0.000379520992282778,0.0007589060696773231,0.5996891371997786,0.1742822461658054,0.9891927083333333,0.9832790798611111
5,207,0.00038201920688152313,0.0007600038079544902,0.5950418946183758,0.17123983171251084,0.9890178915895061,0.9831705729166667
5,208,0.00037607879494316876,0.000759411952458322,0.6031688030855156,0.17267500162124633,0.9891089168595679,0.9833170572916666
5,209,0.0003772136406041682,0.000758733251132071,0.6017654005392098,0.17265182071261936,0.9889666521990741,0.9832194010416667
5,210,0.0003745655412785709,0.0007489671115763485,0.6062862783302495,0.1865692138671875,0.9890823929398148,0.983837890625
6,1,0.17805743217468262,0.03926221653819084,-273.49817857153624,-56.778843858506946,0.6026487750771605,0.9953179253472222
6,2,0.02288356050848961,0.0092869121581316,-34.999123903557106,-12.378115489747788,0.9951642071759259,0.9953179253472222
6,3,0.007311925757676363,0.0046148160472512245,-10.32622650111163,-5.41714022954305,0.9951792775848766,0.9953179253472222
6,4,0.004322121851146221,0.0033636854495853186,-5.485324065479231,-3.543743620978461,0.9951792775848766,0.9953179253472222
6,5,0.003321982454508543,0.0027817259542644024,-3.8730419947777266,-2.669312858581543,0.9951792775848766,0.9953179253472222
6,6,0.0027850728947669268,0.0024455832317471504,-3.0208373169840117,-2.1628996690114337,0.9951792775848766,0.9953179253472222
6,7,0.0024567297659814358,0.0022159789223223925,-2.488347492688968,-1.8161411470837063,0.9951792775848766,0.9953179253472222
6,8,0.0022201859392225742,0.002046495210379362,-2.1087013488934363,-1.559643398390876,0.9951792775848766,0.9953179253472222
6,9,0.0020420937798917294,0.0019132387824356556,-1.8183500981625216,-1.357478674252828,0.9951792775848766,0.9953179253472222
6,10,0.001898528658784926,0.0018062697490677238,-1.5873691461704396,-1.1949588457743328,0.9951792775848766,0.9953179253472222
6,11,0.0017823544330894947,0.0017161602154374123,-1.4046772041438538,-1.057697049776713,0.9951792775848766,0.9953179253472222
6,12,0.0016858973540365696,0.0016443824861198664,-1.2453116905542068,-0.9481538613637288,0.9951792775848766,0.9953179253472222
6,13,0.0016129210125654936,0.0015841349959373474,-1.1315105085019712,-0.8562857654359606,0.9951792775848766,0.9953179253472222
6,14,0.0015624396037310362,0.0017924094572663307,-1.0497675286398993,-1.1734609948264227,0.9951792775848766,0.9953179253472222
6,15,0.0017983353463932872,0.0019616829231381416,-1.2816887263898495,-1.2814116213056777,0.9930591724537037,0.9924967447916667
6,16,0.0019057367462664843,0.0019825513008981943,-1.4782662765479382,-1.3429915878507825,0.9929229359567902,0.9953179253472222
6,17,0.0018637378234416246,0.0019947795663028955,-1.3966814903565394,-1.3024754153357612,0.993971233603395,0.9895616319444445
6,18,0.0018190192058682442,0.0016004964709281921,-1.29006176215631,-0.8283761117193434,0.9893012152777778,0.9950520833333333
6,19,0.0016940594650804996,0.0016661204863339663,-1.126622623131599,-0.8674600508477953,0.9893385898919753,0.9849500868055555
6,20,0.0016300523420795798,0.0019016594160348177,-1.0053718631650195,-1.0672522319687738,0.9867115162037037,0.9731228298611111
6,21,0.001629756297916174,0.0015604996588081121,-1.0025804566748349,-0.720181957880656,0.9859760802469136,0.9841254340277777
6,22,0.0015609337715432048,0.0015885154716670513,-0.895142627351078,-0.7340386377440559,0.9840645495756173,0.9788682725694444
6,23,0.0015011467039585114,0.0019391856621950865,-0.8176145892084381,-1.0544440335697598,0.9863679108796296,0.9656575520833334
6,24,0.0015292699681594968,0.0014364205999299884,-0.8320245622116842,-0.5409791747728984,0.9820583767361111,0.9813313802083333
6,25,0.0014359483029693365,0.0015959147131070495,-0.7141326598179193,-0.7013613806830512,0.983420741705247,0.9723687065972222
6,26,0.0014860915252938867,0.001472830306738615,-0.7413469202724504,-0.5769627279705472,0.9827250916280864,0.97900390625
6,27,0.0014083455316722393,0.0014915885403752327,-0.6585156242052714,-0.580949522389306,0.9843924816743828,0.9737358940972223
6,28,0.001407300354912877,0.001343312207609415,-0.6553126293935894,-0.41947481764687433,0.9834020543981481,0.9848741319444444
6,29,0.001403237460181117,0.0013345577754080296,-0.655833606072414,-0.3936848256323073,0.9840398341049382,0.9815863715277777
6,30,0.0013575752964243293,0.0014560417039319873,-0.5798600173290865,-0.5103848285145229,0.9847879292052469,0.9755425347222222
6,31,0.0014026840217411518,0.0014800205826759338,-0.6344916702788553,-0.523127547899882,0.9834303867669754,0.9873209635416667
6,32,0.0013788810465484858,0.0017438898794353008,-0.6099179668191038,-0.7400022413995531,0.984889202353395,0.9766710069444444
6,33,0.0014073725324124098,0.001309791812673211,-0.6322986474743596,-0.34004040956497195,0.984082634066358,0.9852105034722223
6,34,0.0013707084581255913,0.001294202171266079,-0.5980847065831408,-0.33242074383629694,0.9850031346450617,0.9831759982638889
6,35,0.0013586028944700956,0.0014992482028901577,-0.5588060502652769,-0.5599564433097839,0.9848247010030864,0.9803602430555556
6,36,0.0013740877620875835,0.001360022695735097,-0.5978579668351162,-0.3863693833351135,0.9850610050154321,0.9813259548611111
6,37,0.0013796200510114431,0.0014440404484048486,-0.6090870114020359,-0.45647784471511843,0.9838776765046297,0.9822428385416667
6,38,0.0014034344349056482,0.001398708438500762,-0.6393509329101186,-0.44433839188681706,0.9853358892746914,0.9781467013888889
6,39,0.0013624797575175762,0.0016465772641822696,-0.5939712453771521,-0.7242938862906562,0.9843936873070988,0.9776421440972223
6,40,0.0014040940441191196,0.001483668340370059,-0.6525297635867272,-0.5793001969655355,0.9849561149691358,0.9737738715277777
6,41,0.0014047027798369527,0.001590043306350708,-0.675095530498175,-0.691933360364702,0.9836757330246914,0.9757921006944444
6,42,0.0013910874258726835,0.0012884186580777168,-0.6431731206399424,-0.3740222877926297,0.9837565104166667,0.9809407552083333
6,43,0.0013522900408133864,0.0014748622197657824,-0.6462226839713109,-0.5510021792517767,0.9836281105324074,0.9771158854166667
6,44,0.0013701438438147306,0.001505198422819376,-0.6595343779634546,-0.6048666609658135,0.9828414351851852,0.9752658420138889
6,45,0.001357438275590539,0.0013606103602796793,-0.6220774263511469,-0.4464211768574185,0.9825888551311729,0.9824815538194445
6,46,0.001308539998717606,0.0016755233518779278,-0.5749967229219131,-0.7716095566749572,0.9823236159336419,0.9783420138888889
6,47,0.0013277526013553143,0.0013134328182786703,-0.5706927908791436,-0.37341908878750274,0.9826804832175926,0.9802734375
6,48,0.001242510275915265,0.001413804362528026,-0.4844086120158066,-0.5234674877590604,0.9819884500385803,0.9786024305555555
6,49,0.0012624056544154882,0.0014738138997927308,-0.500802402584641,-0.5747621695200602,0.9821337287808642,0.9771104600694445
6,50,0.001218903111293912,0.0015130655374377966,-0.4554826118327953,-0.6180946972635057,0.9822133005401235,0.9766493055555555
6,51,0.001229995395988226,0.0014026763383299112,-0.45708991524613934,-0.5182204829321967,0.9820234133873457,0.973974609375
6,52,0.001174223842099309,0.001412782701663673,-0.40577313782256325,-0.5248195277320014,0.981641830632716,0.9739800347222223
6,53,0.0011710795806720853,0.0013994976179674268,-0.38414876681786997,-0.5154840548833212,0.9816002363040124,0.9778971354166667
6,54,0.0011398348724469543,0.001414644531905651,-0.35881252892223403,-0.5300334069463942,0.981738884066358,0.9735460069444445
6,55,0.0011544452281668782,0.0013419452589005232,-0.34972795836719467,-0.41217628452512955,0.9811463155864197,0.9773003472222223
6,56,0.001123302849009633,0.0012882938608527184,-0.3242437740902842,-0.3747521506415473,0.9816731770833333,0.9759385850694444
6,57,0.0011103586293756962,0.0013212295016273856,-0.30592746499144,-0.4033258464601305,0.9815996334876543,0.9804253472222222
6,58,0.0010746330954134464,0.001357662258669734,-0.2588159993842796,-0.478730583190918,0.9814386815200618,0.9767903645833333
6,59,0.0010878266766667366,0.0013025683583691716,-0.285794836503488,-0.37404503954781426,0.9814145688657407,0.9780327690972223
6,60,0.0010801531607285142,0.0013486812822520733,-0.2741761959629294,-0.42372145387861465,0.9813175154320988,0.9795572916666667
6,61,0.001066369703039527,0.0012973027769476175,-0.242811315295137,-0.38270741568671335,0.9815779320987654,0.9768880208333334
6,62,0.0010629099560901523,0.0012683015083894134,-0.2467771397696601,-0.32960891856087576,0.9810070650077161,0.9762912326388888
6,63,0.0010205332655459642,0.0012804741272702813,-0.19591175038137554,-0.34087336195839774,0.9812282986111112,0.9782986111111112
6,64,0.001015951158478856,0.0013130645966157317,-0.1955686413211587,-0.35527130232916937,0.981223476080247,0.9774956597222222
6,65,0.0010034296428784728,0.001321285730227828,-0.16177948345372706,-0.408306524488661,0.9813416280864198,0.9776475694444444
6,66,0.0009809175971895456,0.0012682544765993953,-0.14814789560106065,-0.3501214649942186,0.9809950086805556,0.9788302951388889
6,67,0.000985618564300239,0.0012742516119033098,-0.14520673163143205,-0.3224711802270677,0.9811408902391975,0.9779188368055556
6,68,0.0009932124521583319,0.0013288161717355251,-0.15375034750243763,-0.3980559441778395,0.9811656057098765,0.9755750868055556
6,69,0.0009651974542066455,0.0012858095578849316,-0.11344915054462575,-0.32594299846225316,0.9809769241898149,0.9775010850694444
6,70,0.0009586418746039271,0.0012583050411194563,-0.09908925294876099,-0.30981641080644395,0.981127628279321,0.9761013454861112
6,71,0.0009441529982723296,0.001277612755075097,-0.08904615346296334,-0.33324551979700723,0.9808286313657407,0.9790907118055555
6,72,0.0009305861312896013,0.001171985175460577,-0.07539647744025713,-0.2244575023651123,0.9814670138888889,0.974853515625
6,73,0.0009123627096414566,0.001242246711626649,-0.048857594860924614,-0.30608304738998415,0.9814736448688272,0.975732421875
6,74,0.0009119666647166014,0.001183586078695953,-0.04893909648612693,-0.24251334137386746,0.9807804060570988,0.9789713541666667
6,75,0.0009062849567271769,0.0011051540495827794,-0.05097354429739493,-0.11746798621283637,0.9808925298996913,0.979248046875
6,76,0.000875743804499507,0.001208054949529469,-0.0041122345276820805,-0.27887928750779895,0.9815224729938271,0.9756076388888889
6,77,0.000879746163263917,0.0011390657164156437,-0.00025697814093695746,-0.16803162627749973,0.9813826195987654,0.9783148871527778
6,78,0.000865148555021733,0.0011251114774495363,3.811268158900885e-05,-0.15104703505833944,0.9811300395447531,0.9790418836805556
6,79,0.0008560857968404889,0.0012253903551027179,0.013630393405019502,-0.2577041678958469,0.981201774691358,0.9766981336805556
6,80,0.0008448731387034059,0.0011803644010797143,0.03397630791605255,-0.21038673718770345,0.9808394820601852,0.9796332465277777
6,81,0.0008279444882646203,0.0012080726446583867,0.05685652420844561,-0.25470589134428234,0.9817660108024692,0.974169921875
6,82,0.0008380901999771595,0.0011851043673232198,0.03631395984579016,-0.21039992438422309,0.9808804735725308,0.9791232638888889
6,83,0.0008131215581670403,0.0011608615750446916,0.07597334252463447,-0.18357875479592217,0.9814151716820988,0.9783365885416667
6,84,0.0007999038207344711,0.0011399004142731428,0.0821986299973947,-0.17756545808580187,0.9817599826388889,0.974072265625
6,85,0.0007950818398967385,0.001105672214180231,0.10132884228671038,-0.12545546690622966,0.9813132957175926,0.9767957899305556
6,86,0.0007953823078423738,0.0011044396087527275,0.10001136079246616,-0.15300205681059095,0.9816002363040124,0.9779351128472222
6,87,0.0007779011502861977,0.0012014667736366391,0.10652099759490402,-0.22114116748174031,0.9814453125,0.9766927083333333
6,88,0.0007899763877503574,0.0011602169834077358,0.10319312060320819,-0.1675744718975491,0.9816569010416667,0.9779242621527777
6,89,0.0007594870985485613,0.0011465424904599786,0.14619838529162937,-0.17507073879241944,0.9815779320987654,0.9772298177083333
6,90,0.0007550612208433449,0.0011182506568729877,0.14163898877155634,-0.13447288274765015,0.9816032503858024,0.97861328125
6,91,0.0007380066672340035,0.0010908865369856358,0.15991654307753952,-0.09998986853493584,0.9817515432098766,0.978076171875
6,92,0.0007261208374984562,0.0011518767569214106,0.18606057947064625,-0.16808921893437703,0.9817798755787037,0.9787489149305556
6,93,0.0007432653801515698,0.0011643309844657779,0.16241440993768197,-0.18969753053453234,0.9822826244212963,0.9738226996527778
6,94,0.0007245612796396017,0.0010961623629555106,0.1850750455149898,-0.11499543322457208,0.9819287712191358,0.9796983506944444
6,95,0.0007023050566203892,0.001187648973427713,0.19753979209028644,-0.18034233384662204,0.9820101514274692,0.9773166232638889
6,96,0.0007042372599244118,0.0011840348597615957,0.20707809969230934,-0.16799846887588502,0.9822241512345679,0.9770887586805556
6,97,0.0006952474359422922,0.0010939898202195764,0.22221441239486506,-0.08572386900583903,0.9820830922067901,0.9795301649305556
6,98,0.000685713195707649,0.00107991648837924,0.2358673126609237,-0.07398879925409953,0.9827540268132716,0.9760308159722222
6,99,0.0006647903355769813,0.0010948112467303872,0.2636424389886267,-0.07400005923377143,0.9820939429012345,0.9783257378472222
6,100,0.0006818345282226801,0.0011078270617872477,0.2296360903316074,-0.0955613136291504,0.9825370129243827,0.9776963975694445
6,101,0.0006745877908542752,0.0010298840934410691,0.24630133723035272,-0.017535648081037733,0.9826195987654321,0.978369140625
6,102,0.0006579391192644835,0.001138372696004808,0.2574516581900326,-0.12467169496748183,0.9828402295524692,0.977294921875
6,103,0.000653313472867012,0.0010643571149557829,0.2721773525814951,-0.03852181302176581,0.9827124324845679,0.9796169704861111
6,104,0.000643333129119128,0.001115324441343546,0.2871456327261748,-0.09727855126063029,0.9828697675540123,0.9797526041666667
6,105,0.0006463408935815096,0.001104966038838029,0.26908706971156743,-0.08428601953718397,0.983033130787037,0.9784722222222222
6,106,0.0006356437806971371,0.0011052207555621862,0.298811819082425,-0.08952259884940253,0.982640697337963,0.9792860243055556
6,107,0.0006284669507294893,0.0010968578280881047,0.2985435387234629,-0.0724277589056227,0.9833845727237654,0.9777615017361111
6,108,0.0006173547590151429,0.0010435647564008832,0.3142672877252838,-0.03096854951646593,0.983251953125,0.9780381944444444
6,109,0.0006051506497897208,0.0010425299406051636,0.3209735402354488,-0.017010831832885744,0.9831916714891975,0.9801920572916667
6,110,0.0006064262706786394,0.0010534652974456549,0.3202047951427507,-0.009833149115244548,0.983350815007716,0.9788682725694444
6,111,0.0006068255752325058,0.0010652231285348535,0.33230261905693714,-0.04136444197760688,0.9835364824459877,0.9783908420138889
6,112,0.0005923687713220716,0.0010359606239944696,0.3422254375469537,-0.009897144635518391,0.9835804880401234,0.980859375
6,113,0.0005823191022500396,0.0010462615173310041,0.3522837418097037,-0.020106772581736248,0.9834424430941358,0.9811414930555555
6,114,0.0005782815278507769,0.0010124817490577698,0.3588126170782395,0.020476056469811335,0.984035011574074,0.9809353298611111
6,115,0.0005897864466533065,0.001036955276504159,0.35001868259759594,-0.005018341541290283,0.9840157214506173,0.9791232638888889
6,116,0.0005584658356383443,0.001071071601472795,0.3808247538260472,-0.037289939986334904,0.984007884837963,0.9805555555555555
6,117,0.0005638269940391183,0.0010472527937963605,0.3795183259763835,-0.007302376959058974,0.9838903356481481,0.9802680121527778
6,118,0.0005731221754103899,0.001024750992655754,0.36651147221341546,0.015395365820990669,0.9840916763117284,0.9809027777777778
6,119,0.000565335969440639,0.0010430224938318133,0.3759184014650039,-0.017214549912346735,0.9844141830632716,0.9794487847222222
6,120,0.0005551906069740653,0.0010599714005365968,0.3861536948769181,-0.029072621133592394,0.9842062114197531,0.9802788628472222
6,121,0.0005552737857215106,0.001033229287713766,0.3845650279963458,0.005169336001078288,0.9839192708333333,0.9809787326388889
6,122,0.0005465567228384316,0.0009908964857459068,0.3923417023670526,0.05226521094640096,0.9843171296296296,0.9811577690972222
6,123,0.0005489243776537478,0.00101196370087564,0.3950128159405273,0.018215115865071616,0.9845492139274692,0.9804416232638888
6,124,0.0005459549138322473,0.0010493076406419277,0.395607641596853,-0.01094620492723253,0.9844401041666667,0.9809895833333333
6,125,0.0005349669372662902,0.0010541870724409819,0.41048618452048596,-0.01816872888141208,0.9844575858410494,0.9805067274305556
6,126,0.0005400405498221517,0.001026055309921503,0.4071372953462012,0.012428085009256998,0.9846221547067902,0.9806423611111111
6,127,0.0005391952581703663,0.0010310617508366704,0.40060886880497876,0.0074110123846266,0.984617332175926,0.9807020399305556
6,128,0.0005310852429829538,0.0010182656114920974,0.4130196065078547,0.010797968175676133,0.9844907407407407,0.9804253472222222
6,129,0.000543885980732739,0.0010274620726704597,0.4015193193047135,0.019718523820241293,0.9847511574074074,0.9810655381944444
6,130,0.0005346727557480335,0.0010335848201066256,0.4024789661536982,0.016606538825564916,0.9846860532407408,0.9818901909722222
6,131,0.0005291076377034187,0.0010133649921044707,0.423973873220844,0.03337009615368313,0.9849217544367284,0.9809299045138888
6,132,0.0005221129395067692,0.001008952734991908,0.427338844611321,0.030807635519239637,0.9846402391975309,0.9811740451388888
6,133,0.0005398108041845262,0.0010042653884738684,0.4072611234806202,0.04396942986382379,0.9849808304398148,0.9810872395833333
6,134,0.0005065668374300003,0.001013763016089797,0.4407992942833606,0.029479849338531493,0.9849615403163581,0.9810112847222222
6,135,0.0005205561174079776,0.0010111015290021896,0.4208131509062685,0.034044069714016384,0.9850863233024691,0.981103515625
6,136,0.0005224047927185893,0.001009354367852211,0.42076387111051583,0.040116821395026314,0.9850157937885803,0.9817165798611112
6,137,0.0005106880562379956,0.0009971222607418895,0.43866678211424087,0.04972562127643161,0.9852038724922839,0.9811848958333333
6,138,0.0005113406805321574,0.0010181345278397202,0.4396777135354501,0.03161789841122097,0.9850935570987654,0.98125
6,139,0.0005156428669579327,0.000985846039839089,0.4313265924100523,0.0640163434876336,0.9851520302854938,0.9817708333333334
6,140,0.0004984319675713778,0.001005943980999291,0.45031108017320987,0.04214884440104167,0.9853449315200618,0.9816677517361111
6,141,0.0005083645228296518,0.0009837413672357798,0.439523450386377,0.06585850450727675,0.9852689766589506,0.9814127604166667
6,142,0.0005019102827645838,0.0010408579837530851,0.4479540534961371,0.011021398173438179,0.9855788242669753,0.9815212673611111
6,143,0.0005125050665810704,0.0010261132847517729,0.4405059645205368,0.01965093347761366,0.985082103587963,0.9808539496527777
6,144,0.0005134881939738989,0.001008620485663414,0.4382881994600649,0.03953481780158149,0.9854962384259259,0.9817003038194444
6,145,0.0004996839561499655,0.0010003417264670134,0.4468765625247249,0.045502897103627524,0.9853141878858025,0.9816297743055555
6,146,0.0005036204238422215,0.001005502650514245,0.4474451412389308,0.04476681682798597,0.9855432581018518,0.9810546875
6,147,0.0004932114388793707,0.0010037480387836695,0.45973940557903714,0.04458247025807698,0.9852002555941358,0.9818142361111111
6,148,0.0005044998251833022,0.0009960441384464502,0.4445897093525639,0.054190627733866376,0.9855245707947531,0.9815700954861111
6,149,0.0004957181517966092,0.0010094725294038653,0.4516775569798034,0.04232895639207628,0.9855137201003087,0.9814019097222222
6,150,0.0004945865366607904,0.0010008092503994703,0.45663827775437155,0.04457060098648071,0.9858681761188272,0.9810275607638889
6,151,0.0004912017611786723,0.0009978103917092085,0.46375586765783805,0.04409920374552409,0.9854299286265432,0.9814832899305556
6,152,0.0004974156618118286,0.000994350528344512,0.45151421744146464,0.05340562793943617,0.9854691116898148,0.9820095486111111
6,153,0.0004898573970422149,0.0010008418466895819,0.461978605647146,0.04945325718985664,0.9855583285108025,0.981640625
6,154,0.0004918484482914209,0.0009999517351388931,0.460114981804365,0.05114117993248834,0.9858512972608025,0.9819932725694445
6,155,0.00048670958494767547,0.0010001655900850892,0.4671170506948306,0.05143286519580417,0.9857265142746914,0.9819227430555556
6,156,0.0004968944704160094,0.0009994648862630129,0.45716897587717314,0.052490696642133926,0.9854522328317902,0.9819498697916667
6,157,0.00048784789396449924,0.0009946116479113698,0.4630057128859155,0.05358393457200792,0.9856722608024692,0.9822211371527778
6,158,0.00048248644452542067,0.0009830461349338293,0.4696369936436783,0.06677340136633979,0.985912784529321,0.9817437065972222
6,159,0.0004821403999812901,0.00099508510902524,0.4742337335774928,0.05717633300357395,0.9857542438271605,0.9822265625
6,160,0.00048400007653981447,0.00099483085796237,0.4704479467721633,0.052991024653116864,0.985911578896605,0.9818956163194444
6,161,0.0004812724073417485,0.0009938015136867762,0.4715616056948532,0.055665985743204756,0.9859513647762346,0.9816623263888888
6,162,0.0004801489703822881,0.000988309271633625,0.47229052002047317,0.06386066675186157,0.9857717255015432,0.9819932725694445
6,163,0.0004829349054489285,0.0010043755173683167,0.46606034437815347,0.043708123101128475,0.986059871720679,0.981787109375
6,164,0.0004888852126896381,0.0009852193761616945,0.46842276770391583,0.06297324630949232,0.9858597366898149,0.9820855034722222
6,165,0.0004785574274137616,0.0009966043289750814,0.473651428428697,0.05529426733652751,0.9857952353395062,0.9817545572916667
6,166,0.00048510372289456427,0.0009969230741262436,0.47139791044188134,0.05419117212295532,0.9857675057870371,0.982080078125
7,1,0.1392441987991333,0.028591444715857506,-213.7851689774313,-44.53707584804959,0.6324254918981481,0.99541015625
7,2,0.017239965498447418,0.007294450420886278,-26.21082515068996,-10.387579351001316,0.9951690297067901,0.99541015625
7,3,0.005973455961793661,0.0037743053399026394,-7.9806068420410154,-4.714516830444336,0.9951690297067901,0.99541015625
7,4,0.0037044009659439325,0.0028327149339020252,-4.429374708658383,-3.190617646111382,0.9951690297067901,0.99541015625
7,5,0.002931260736659169,0.002362212399020791,-3.1986172723181454,-2.426867895656162,0.9951690297067901,0.99541015625
7,6,0.0025023259222507477,0.0020855842158198357,-2.518171414916898,-1.9766182978947957,0.9951690297067901,0.99541015625
7,7,0.0022308295592665672,0.0018997152801603079,-2.0857375960291167,-1.673486762576633,0.9951690297067901,0.99541015625
7,8,0.0020422241650521755,0.0017634942196309566,-1.782812797876052,-1.4509855217403835,0.9951690297067901,0.99541015625
7,9,0.001899754162877798,0.001655584666877985,-1.5531655897328882,-1.2743953651852078,0.9951690297067901,0.99541015625
7,10,0.0017838540952652693,0.0015689756255596876,-1.3664171754578014,-1.132446246676975,0.9951690297067901,0.99541015625
7,11,0.0016868175007402897,0.0014938099775463343,-1.2145697752634683,-1.0090212239159477,0.9951690297067901,0.99541015625
7,12,0.0016086213290691376,0.0014381224755197763,-1.0888051230230449,-0.9176346487469144,0.9951690297067901,0.99541015625
7,13,0.001545393723063171,0.0013898060424253345,-0.9881237038859615,-0.8386505312389798,0.9951690297067901,0.99541015625
7,14,0.0015121886972337961,0.0013649491593241692,-0.936902994579739,-0.8089859114752875,0.9951690297067901,0.99541015625
7,15,0.0017403652891516685,0.0015715033514425159,-1.170827521071022,-1.0631836573282878,0.9916853539737654,0.9947591145833333
7,16,0.0018510202644392848,0.001576378708705306,-1.3448540297555336,-1.0797176175647312,0.9931544174382716,0.99541015625
7,17,0.0017727543599903584,0.001583776785992086,-1.2260664732367903,-1.0622761223051282,0.9942503375771605,0.9935004340277778
7,18,0.0017435335321351886,0.001349034020677209,-1.1661275613455124,-0.7350983553462558,0.9921242042824074,0.9948567708333333
7,19,0.0016588931903243065,0.0014990370254963636,-1.0336470512696254,-0.8718238366974724,0.9903675974151235,0.9832899305555556
7,20,0.0016237283125519753,0.0015754069900140166,-0.9507033640955701,-0.9246690326266819,0.9872456114969136,0.979638671875
7,21,0.001577521674335003,0.001262102508917451,-0.8820021053891123,-0.5804721183247037,0.9873324170524691,0.9915852864583333
7,22,0.0015676803886890411,0.0014144687447696924,-0.8521944412478695,-0.7211326638857524,0.9867151331018519,0.9830132378472223
7,23,0.0014879214577376842,0.0013379573356360197,-0.7541686982284358,-0.6106445696618822,0.9878357687114198,0.9847493489583333
7,24,0.0015143579803407192,0.0014949855394661427,-0.7569749735019825,-0.7372467358907063,0.986232277199074,0.9798122829861111
7,25,0.001483548549003899,0.001296731294132769,-0.7111732081130698,-0.5141547799110413,0.9858072916666667,0.9849500868055555
7,26,0.0014208201318979263,0.0014319524634629488,-0.6293773347948804,-0.6398049102889167,0.9857060185185185,0.9816677517361111
7,27,0.001453493838198483,0.0012262507807463408,-0.6470404711770422,-0.45841072267956207,0.9843563126929012,0.9859537760416667
7,28,0.0013791199307888746,0.0013936297036707401,-0.5651528670464033,-0.5722492986255222,0.9843629436728395,0.9823621961805555
7,29,0.0013925887178629637,0.0013189424062147737,-0.5699883849532515,-0.4980304479598999,0.9851731288580247,0.9818630642361111
7,30,0.0013741310685873032,0.0011933814967051148,-0.5465884895972264,-0.3846233394410875,0.9823676215277778,0.984521484375
7,31,0.0013420844916254282,0.0012113782577216625,-0.5074507342444525,-0.38783993721008303,0.9845449942129629,0.9854654947916667
7,32,0.0013290720526129007,0.0012835337547585368,-0.49287434080500664,-0.4522145469983419,0.9854443962191358,0.9818250868055556
7,33,0.0013717063702642918,0.0011317902244627476,-0.5275150861269162,-0.31824087699254355,0.9825846354166666,0.9879123263888889
7,34,0.0013255970552563667,0.0013081601355224848,-0.4811450915572084,-0.5070608284738328,0.9850296585648148,0.9781846788194445
7,35,0.0012940949527546763,0.0011040975805372,-0.44335380056757984,-0.28586123519473605,0.9826298466435185,0.9867458767361111
7,36,0.0013151232851669192,0.00125713215675205,-0.471114303889098,-0.44265183210372927,0.9836461950231481,0.9832465277777778
7,37,0.0012876474065706134,0.0013339575380086899,-0.44068503791903274,-0.5554799914360047,0.9843852478780865,0.9797797309027778
7,38,0.0013499136548489332,0.0011786724207922816,-0.5129759407337801,-0.3610439949565464,0.983374927662037,0.9857693142361111
7,39,0.001340388786047697,0.0012945217313244939,-0.4994814432697532,-0.49170798593097265,0.9835310570987654,0.9833387586805555
7,40,0.0013168146833777428,0.0013519695494323969,-0.48458820743325315,-0.5189450065294902,0.984935016396605,0.9825466579861111
7,41,0.0013332553207874298,0.0013165937270969152,-0.4938761332888662,-0.519319827026791,0.983861400462963,0.986376953125
7,42,0.0013413478154689074,0.0011996118118986487,-0.5034298755504467,-0.40657528638839724,0.9833737220293209,0.9865125868055555
7,43,0.0013204598799347878,0.0013232872588559985,-0.48330233170662396,-0.5056107335620457,0.9851291232638889,0.9829427083333333
7,44,0.0013338725548237562,0.001392505131661892,-0.5008319058536012,-0.6183685090806749,0.9844829041280864,0.9833441840277778
7,45,0.0013368215877562761,0.0010898003820329905,-0.5017735051520077,-0.2741584221522013,0.9828438464506173,0.9877495659722222
7,46,0.001329381251707673,0.001327563775703311,-0.4933191034528944,-0.5304688493410746,0.9847342785493827,0.9859375
7,47,0.0013214715290814638,0.0014337324537336826,-0.49578067079002475,-0.6275937451256646,0.9838800877700618,0.9873318142361112
7,48,0.0013176265638321638,0.0012086762581020594,-0.4768057461138125,-0.4390071815914578,0.9838746624228395,0.9841417100694444
7,49,0.0013577649369835854,0.0011522998102009296,-0.5522215796105656,-0.356622322400411,0.9833960262345679,0.9886990017361111
7,50,0.0013469825498759747,0.0014002746902406216,-0.5444910006758608,-0.6684932774967618,0.9840127073688272,0.9839029947916667
7,51,0.0013390245148912072,0.0015120779862627387,-0.5506683087643282,-0.8184389313062032,0.9835822964891975,0.9848958333333333
7,52,0.0013726508477702737,0.0012445447500795126,-0.5953190007327516,-0.4342293699582418,0.9840934847608025,0.986328125
7,53,0.001340837450698018,0.001459823688492179,-0.5597730802900998,-0.836802781952752,0.9835256317515432,0.9807345920138889
7,54,0.0013463199138641357,0.001440086169168353,-0.5781149157771358,-0.804060082965427,0.9832495418595679,0.9861056857638889
7,55,0.0013467792887240648,0.0014153430238366127,-0.5860424652511691,-0.722111067507002,0.9827914014274691,0.9848524305555556
7,56,0.001330330385826528,0.0016019988106563687,-0.5581241113168222,-0.9799675398402744,0.9835551697530864,0.9818739149305555
7,57,0.0013334737159311771,0.001536394702270627,-0.561731931751157,-0.9519942535294427,0.9822084780092593,0.982666015625
7,58,0.0013327699853107333,0.0014492589980363846,-0.5618652543903869,-0.7859790590074327,0.9821861738040123,0.9838487413194444
7,59,0.0013121487572789192,0.0012793433852493763,-0.5421269104804521,-0.646712663438585,0.9824248890817902,0.985009765625
7,60,0.0012887880438938737,0.0013150409795343876,-0.5324711172669022,-0.6368275496694776,0.9822904610339506,0.9843153211805555
7,61,0.0013170179445296526,0.0011891885660588741,-0.5709538690837813,-0.4634002168973287,0.9822380160108025,0.9854709201388889
7,62,0.0012513675028458238,0.001248333603143692,-0.4661685251895292,-0.5900409195158217,0.9825713734567901,0.9809136284722222
7,63,0.001266054343432188,0.0014450119342654943,-0.49183792184900355,-0.8003339952892727,0.9819167148919753,0.9826714409722223
7,64,0.0012625764356926084,0.001496997196227312,-0.4897795112044723,-0.8683976398573982,0.9815761236496914,0.9837131076388889
7,65,0.0012793871574103832,0.0013847157824784517,-0.5049012260672486,-0.7421777102682325,0.9818359375,0.9812065972222223
7,66,0.0012570057297125459,0.0011988428886979818,-0.48339058455125783,-0.47295504808425903,0.9814187885802469,0.9834255642361112
7,67,0.0012057074345648289,0.0013289786875247955,-0.41031226111047064,-0.6735550575786167,0.9817593798225308,0.9814019097222222
7,68,0.0012287166900932789,0.0013102368684485555,-0.44621198839611476,-0.6430568390422398,0.9808666087962963,0.9827582465277778
7,69,0.0012089582160115242,0.0012821037089452147,-0.4366335885024365,-0.6175363116794162,0.9819661458333333,0.9831814236111112
7,70,0.0012040564324706793,0.001371973194181919,-0.42276410394244723,-0.7113644202550252,0.9817358699845679,0.9816948784722223
8,1,0.16720452904701233,0.038173921406269073,-271.92829819667486,-63.50014419555664,0.5729865933641975,0.9895399305555556
8,2,0.022693855687975883,0.009239157661795616,-34.11859067045612,-14.36042603916592,0.9938892505787037,0.9949652777777778
8,3,0.007315940223634243,0.004394995514303446,-10.019456992620304,-6.093470562828911,0.9952184606481481,0.9949652777777778
8,4,0.004224974662065506,0.003116594860330224,-5.21270825450803,-3.9022945112652248,0.9952184606481481,0.9949652777777778
8,5,0.0032217404805123806,0.0025447525549679995,-3.6238838831583657,-2.9192769130071006,0.9952184606481481,0.9949652777777778
8,6,0.0026953855995088816,0.0022139837965369225,-2.800457728644948,-2.3493948062260945,0.9952184606481481,0.9949652777777778
8,7,0.0023789419792592525,0.001994393765926361,-2.2971437395354846,-1.9701147609286838,0.9952184606481481,0.9949652777777778
8,8,0.002153742127120495,0.0018260598881170154,-1.9419090515301551,-1.6787922223409018,0.9952184606481481,0.9949652777777778
8,9,0.001976435538381338,0.0016956876497715712,-1.6624172434394742,-1.4527240620719062,0.9952184606481481,0.9949652777777778
8,10,0.0018422637367621064,0.001596161164343357,-1.4485189546773463,-1.2800335089365642,0.9952184606481481,0.9949652777777778
8,11,0.0017322483472526073,0.0015144215431064367,-1.2747573375701904,-1.1384148173862034,0.9952184606481481,0.9949652777777778
8,12,0.001741628278978169,0.0016157282516360283,-1.2605274223986966,-1.18496712313758,0.9947790075231482,0.9930881076388889
8,13,0.0019249265315011144,0.002045268192887306,-1.44137373117753,-1.7767638391918605,0.9925461757330247,0.9854437934027778
8,14,0.0019375798292458057,0.0016598696820437908,-1.4741866485572155,-1.265815504391988,0.9917613088348766,0.9949652777777778
8,15,0.001855498761869967,0.0015773128252476454,-1.337870862013028,-1.1279992871814304,0.9917625144675926,0.9944173177083333
8,16,0.0017754463478922844,0.0018178812460973859,-1.2228911754525738,-1.3676052119996813,0.9908203125,0.9825032552083334
8,17,0.001694159465841949,0.0015298096695914865,-1.0929604409653464,-1.014854277504815,0.9880142023533951,0.986376953125
8,18,0.0016702946741133928,0.0015353461494669318,-1.0350852402639978,-0.9842411783006456,0.9853413146219135,0.9849934895833333
8,19,0.0015502793248742819,0.0014629191718995571,-0.8717345567397129,-0.8934508283933004,0.9863739390432099,0.9856553819444445
8,20,0.0015984161291271448,0.001260210294276476,-0.8973492822529358,-0.622799543539683,0.985473934220679,0.9917860243055555
8,21,0.0015119528397917747,0.0013811688404530287,-0.7914169579376409,-0.710938486788008,0.9847692418981482,0.9843532986111111
8,22,0.001510657835751772,0.0012690401636064053,-0.7541458087202944,-0.6041979975170559,0.9850700472608025,0.9881510416666667
8,23,0.0014438037760555744,0.0013700814452022314,-0.6855034383726709,-0.7087513526280721,0.9852671682098766,0.9841796875
8,24,0.001466872519813478,0.0012058534193783998,-0.6963861633230138,-0.5131199359893799,0.9841893325617284,0.9897243923611111
8,25,0.0013823024928569794,0.0014600529102608562,-0.5996029319586578,-0.7376121415032281,0.984301456404321,0.9812282986111112
8,26,0.0014141264837235212,0.0012192496797069907,-0.6136804844126289,-0.5220964829126994,0.9844135802469136,0.9871799045138889
8,27,0.0014169964706525207,0.0011721528135240078,-0.6159891681906617,-0.4468271666102939,0.9842616705246914,0.9867078993055556
8,28,0.0013611901085823774,0.0013970171567052603,-0.5479010742387654,-0.6651392605569627,0.9841905381944445,0.9781141493055555
8,29,0.0013933167792856693,0.0012057018466293812,-0.5835988019719536,-0.4583705438507928,0.9838951581790123,0.9870659722222223
8,30,0.0013683317229151726,0.0012526183854788542,-0.551127780072483,-0.5162732720375061,0.9844322675540124,0.9858615451388889
8,31,0.0013954396126791835,0.001225573942065239,-0.5920925250759831,-0.47203602128558686,0.9852219569830247,0.9864474826388889
8,32,0.0013668691972270608,0.0013657279778271914,-0.5508754379955338,-0.6334013952149286,0.9838041329089506,0.9822645399305555
8,33,0.0013590697199106216,0.0011373411398380995,-0.5409192988901963,-0.3704285118314955,0.984641444830247,0.9829644097222222
8,34,0.0013503162190318108,0.001340159447863698,-0.5300155418890494,-0.5716795338524713,0.9845944251543209,0.9789496527777778
8,35,0.001346958801150322,0.0012889744248241186,-0.5378826896349589,-0.558351398838891,0.9843967013888889,0.9848470052083333
8,36,0.0013809098163619637,0.0013216109946370125,-0.5571413843720048,-0.5868891146447923,0.9842001832561729,0.9877224392361111
8,37,0.0013732435181736946,0.0011693899286910892,-0.5747461614785371,-0.40201412704255846,0.9834840374228395,0.9853841145833333
8,38,0.001344145042821765,0.0013553057797253132,-0.5455354453604898,-0.630092920197381,0.98544921875,0.9807237413194444
8,39,0.001395541476085782,0.0011830594157800078,-0.6231778892469995,-0.44449477858013575,0.983837890625,0.9839572482638889
8,40,0.0013405565405264497,0.0012473419774323702,-0.5513160214012052,-0.5821789118978712,0.9851990499614197,0.9767469618055555
8,41,0.0013581004459410906,0.0012963872868567705,-0.6100776479568011,-0.6008541795942518,0.9826063368055555,0.9832248263888889
8,42,0.0013893957948312163,0.0012862992007285357,-0.6152129978309443,-0.6362077116966247,0.9833459924768518,0.9838758680555556
8,43,0.001323256641626358,0.001255048904567957,-0.5489782250957724,-0.5908008469475641,0.9842369550540123,0.9783420138888889
8,44,0.001377312932163477,0.0011889641173183918,-0.6265948102797991,-0.45509978267881607,0.9821397569444444,0.9821126302083333
8,45,0.0013239195104688406,0.0012635374441742897,-0.5574900556493688,-0.5631724013222589,0.9827582465277778,0.9768337673611112
8,46,0.0013515243772417307,0.0012340868124738336,-0.5791168580820532,-0.554647958278656,0.9824140383873456,0.978759765625
8,47,0.0013098695781081915,0.0011223582550883293,-0.5290996383737635,-0.3790327257580227,0.983106674382716,0.9786675347222222
8,48,0.0012938071740791202,0.0012788278982043266,-0.504081497957677,-0.5612941794925266,0.9818944106867284,0.9774631076388889
8,49,0.0013170241145417094,0.0011179459979757667,-0.5482133559238763,-0.3960538864135742,0.9818745177469136,0.9820149739583334
8,50,0.0012814003275707364,0.0012438952689990401,-0.5028359940022598,-0.5410131851832072,0.9822386188271605,0.97626953125
8,51,0.0012767440639436245,0.001180286519229412,-0.4856676266517168,-0.4649435003598531,0.9825852382330247,0.9760470920138888
8,52,0.001295408932492137,0.0010641610715538263,-0.5200424513699096,-0.3200989921887716,0.9811927324459877,0.9817545572916667
8,53,0.001244605053216219,0.0012348380405455828,-0.45540999556765144,-0.5331101033422682,0.9826394917052469,0.9747992621527778
8,54,0.0012688998831436038,0.0012069169897586107,-0.46537176179297174,-0.4859429597854614,0.9820216049382716,0.9793782552083333
8,55,0.0012574996799230576,0.0011341586941853166,-0.4689511974652608,-0.3981888982984755,0.9815942081404321,0.9772189670138889
8,56,0.0012139829341322184,0.0011803628876805305,-0.4105807921032847,-0.4614717576238844,0.9815122251157408,0.9798394097222223
8,57,0.0012264136457815766,0.0011685385834425688,-0.41969752149817385,-0.4521942933400472,0.9818944106867284,0.9767252604166666
8,58,0.0012150787515565753,0.0010634864447638392,-0.41877076699409954,-0.30165373616748387,0.9815031828703704,0.9781575520833333
8,59,0.001205330016091466,0.001103516318835318,-0.40629106642287455,-0.3506235758463542,0.9816816165123456,0.9763726128472222
8,60,0.0011809701099991798,0.0011378409108147025,-0.3763273458421966,-0.41521557966868083,0.9814519434799382,0.9787326388888888
8,61,0.0011918745003640652,0.0011538024991750717,-0.4058155592576957,-0.4211860259373983,0.9815634645061728,0.9759385850694444
8,62,0.0011551249772310257,0.0011054687201976776,-0.338337642028008,-0.3573283208741082,0.981395881558642,0.9756076388888889
8,63,0.0011726176599040627,0.0010056357132270932,-0.37265969882776706,-0.22974381579293146,0.9810583043981481,0.9791558159722222
8,64,0.0011297098826617002,0.0010192709742113948,-0.3123985399434596,-0.26761979791853163,0.9820246190200618,0.9719021267361111
8,65,0.0011349072447046638,0.0009847732726484537,-0.3080767613870126,-0.1862859355078803,0.9807954764660494,0.9805826822916667
8,66,0.0011069762986153364,0.0011093509383499622,-0.2874662165288572,-0.3514430231518216,0.9813253520447531,0.9750325520833333
8,67,0.0010985198896378279,0.001125700306147337,-0.25509074529012044,-0.3561795049243503,0.9813651379243827,0.9783854166666667
8,68,0.0011162901064381003,0.0010783362668007612,-0.3013383980150576,-0.3028214878506131,0.9806001639660494,0.9754069010416667
8,69,0.0010792992543429136,0.0009993480052798986,-0.2459038731492596,-0.21630267567104763,0.9811354648919753,0.9786783854166666
8,70,0.0010664353612810373,0.0009976280853152275,-0.23000790116227704,-0.203006817234887,0.9810992959104938,0.9780436197916667
8,71,0.0010706707835197449,0.0009906081249937415,-0.25578059532024244,-0.1830989294581943,0.9810625241126543,0.9790093315972223
8,72,0.0010451925918459892,0.0010681722778826952,-0.1967090917222294,-0.2785187774234348,0.9814591772762346,0.9751085069444444
8,73,0.001017607981339097,0.0011631896486505866,-0.17034596307778063,-0.36529125240114,0.9817840952932099,0.9754991319444445
8,74,0.0010386331705376506,0.0009983604541048408,-0.19478153461291467,-0.18510051170984904,0.9804657359182098,0.9795301649305556
8,75,0.0010030540870502591,0.0010497350012883544,-0.14718281339716027,-0.2573645763927036,0.9811065297067901,0.97666015625
8,76,0.0009957202710211277,0.001021736185066402,-0.14420829540417518,-0.22582327127456664,0.9814127604166667,0.9778266059027778
8,77,0.0009756872314028442,0.0009974492713809013,-0.12450578271606821,-0.1664307263162401,0.980762321566358,0.9768012152777777
8,78,0.0009820125997066498,0.0009551190305501223,-0.1166698611812827,-0.12821197642220392,0.9811945408950618,0.9782931857638889
8,79,0.0009680293733254075,0.0009896897245198488,-0.11725013256072998,-0.15526736312442355,0.981199363425926,0.9770779079861112
8,80,0.0009573812712915242,0.0009495975682511926,-0.10124555502408816,-0.12453421884112888,0.9814579716435186,0.9797688802083333
8,81,0.000942064740229398,0.0009931782260537148,-0.07821736188582432,-0.15207100576824611,0.9815851658950617,0.9774739583333333
8,82,0.0009458240238018334,0.0010008319513872266,-0.07368265684740043,-0.18224531412124634,0.9811656057098765,0.9758409288194444
8,83,0.0009523931075818837,0.0009748418815433979,-0.08844870196448432,-0.12282169792387221,0.9807894483024692,0.9777615017361111
8,84,0.0009341734112240374,0.0009856601245701313,-0.06511246584079884,-0.15354759560690986,0.9817123601466049,0.9766547309027778
8,85,0.0009435324463993311,0.0009622230427339673,-0.07861205280562977,-0.11433822313944499,0.9810775945216049,0.9778049045138889
8,86,0.0009210180724039674,0.0009533867705613375,-0.03846094858499221,-0.11175255378087362,0.9813301745756173,0.9768880208333334
8,87,0.0009142217459157109,0.0009374006185680628,-0.043139463442343255,-0.0828700754377577,0.9811017071759259,0.9780436197916667
8,88,0.000914077099878341,0.0009182954090647399,-0.034653967692528244,-0.06294770108328926,0.9814881124614198,0.9786512586805556
8,89,0.0009091950487345457,0.0009550102986395359,-0.029779155018888875,-0.10900377564960056,0.9816478587962963,0.9762912326388888
8,90,0.0009036649134941399,0.0009672107989899814,-0.02464837866064943,-0.10574174324671427,0.9810836226851852,0.9765842013888889
8,91,0.0009085385245271027,0.0009697868954390287,-0.0333165215857235,-0.12985828850004408,0.9812289014274691,0.9766438802083334
8,92,0.0008855322375893593,0.0009707267163321376,-0.005740492432205765,-0.11639910936355591,0.9814646026234568,0.9772894965277777
8,93,0.0008787316037341952,0.0009514496196061373,0.004452775142810963,-0.10996060901217991,0.981518253279321,0.9774251302083333
8,94,0.0008835306507535279,0.000984771060757339,-0.005731137446415277,-0.12404372957017687,0.9814543547453703,0.9772352430555555
8,95,0.0008687168592587113,0.0009812533389776945,0.009617691422686165,-0.12801333136028714,0.9814091435185185,0.9767578125
8,96,0.0008579810382798314,0.0010071354918181896,0.02819920395627434,-0.16718406279881795,0.9813301745756173,0.9776909722222222
8,97,0.0008559157140552998,0.000957972020842135,0.032860718685903664,-0.08340479400422839,0.9815399546682099,0.9771267361111111
8,98,0.0008506490848958492,0.0008868216536939144,0.03931899924337128,-0.02449661228391859,0.981421802662037,0.9790364583333333
8,99,0.0008519039838574827,0.0008972070645540953,0.036452753014034694,-0.012483464346991645,0.9813428337191358,0.9787055121527778
8,100,0.0008369460119865835,0.0009578719036653638,0.06787982693424931,-0.10338437689675226,0.9816828221450618,0.9758138020833333
8,101,0.0008360323845408857,0.0008920888649299741,0.05330620680326297,-0.013060216108957927,0.981103515625,0.9786295572916667
8,102,0.0008257542503997684,0.000946767395362258,0.07710122650052294,-0.06261778672536214,0.9818690923996913,0.9780707465277778
8,103,0.0008432274917140603,0.0009450974175706506,0.04940259574372091,-0.061273845036824544,0.9813313802083333,0.9773980034722223
8,104,0.0008115099626593292,0.0009215823374688625,0.08799512768969124,-0.05022913614908854,0.9818642698688271,0.9770941840277778
8,105,0.0008276089793071151,0.000889421091414988,0.0805410932611536,-0.015232937865787083,0.9813609182098766,0.9787109375
8,106,0.0008122422150336206,0.000890058116056025,0.08479467512648782,-0.010059236155615912,0.9819492669753086,0.9782443576388888
8,107,0.0008037651423364878,0.0008897703955881298,0.10090344290674469,0.007989312542809381,0.981371768904321,0.9796875
8,108,0.0008039184613153338,0.0009335027425549924,0.10489720091407681,-0.0587540414598253,0.9821463879243827,0.9774576822916666
8,109,0.0007950782310217619,0.0009191313874907792,0.1078560471534729,-0.04013078610102336,0.9818522135416666,0.978369140625
8,110,0.0007838098099455237,0.0008931565098464489,0.12264507199511115,-0.001547927326626248,0.9817280333719136,0.9772189670138889
8,111,0.0007866370724514127,0.0009180423803627491,0.12071393227871553,-0.03937208784951104,0.9820402922453704,0.977685546875
8,112,0.000778999412432313,0.0009142376366071403,0.12537501079064828,-0.02977940109041002,0.9822108892746914,0.9773491753472222
8,113,0.0007833910640329123,0.0008995827520266175,0.12002937779014493,-0.01566610203848945,0.9818100163966049,0.9771104600694445
8,114,0.0007662450661882758,0.0009350762702524662,0.14312409662906034,-0.052822131580776636,0.9822223427854938,0.9770453559027777
8,115,0.0007919550989754498,0.000900219427421689,0.1178813146956173,-0.017020361953311497,0.9816448447145062,0.9781032986111111
8,116,0.0007594127673655748,0.0009289325098507106,0.15164506450111484,-0.03928157753414578,0.9820692274305556,0.9785264756944444
8,117,0.0007732220692560077,0.0009085258934646845,0.1437785859461184,-0.012382347053951687,0.9819408275462963,0.9790093315972223
8,118,0.0007637118687853217,0.0009061634773388505,0.15110772244724227,-0.009840444723765055,0.9821674864969135,0.9779730902777778
8,119,0.0007619698299095035,0.0008807129925116897,0.1588779025607639,0.018356904718610977,0.981908275462963,0.9781684027777777
8,120,0.0007668592734262347,0.0008990664500743151,0.15660718870751653,-0.004040498203701443,0.9819944782021605,0.9785753038194445
8,121,0.0007488392293453217,0.0009184566442854702,0.17249178650938435,-0.034084162447187635,0.9821222752700617,0.9781575520833333
8,122,0.0007636473164893687,0.000884106382727623,0.14571395523754166,0.004443475935194227,0.9818473910108024,0.9787651909722223
8,123,0.0007538832724094391,0.000899070524610579,0.15595651909157082,-0.0004894667201571994,0.9822211371527778,0.978564453125
8,124,0.0007548675057478249,0.0008793327724561095,0.1644287743686158,0.014117843574947782,0.9822910638503086,0.9783854166666667
8,125,0.0007425071089528501,0.0008788624545559287,0.1781658544952487,0.023735495408376057,0.9822886525848765,0.9780056423611111
8,126,0.0007383641786873341,0.0009062925237230957,0.1834346694710814,-0.004910153812832303,0.9823513454861111,0.978955078125
8,127,0.0007444411749020219,0.0008932343916967511,0.1671534694271323,0.0067188753022087945,0.9822741849922839,0.978662109375
8,128,0.0007544177933596075,0.0008699620375409722,0.1637087783695739,0.03480457862218221,0.9822705680941358,0.9777886284722223
8,129,0.0007361783646047115,0.0009000920690596104,0.18885595636603272,-0.005419956313239204,0.9821596498842593,0.97880859375
8,130,0.0007429810939356685,0.0008980412967503071,0.16630397740705513,0.00782755348417494,0.9822084780092593,0.9787055121527778
8,131,0.0007381165632978082,0.0008942833519540727,0.18250773674176063,0.009946787357330322,0.9823224103009259,0.9784505208333333
8,132,0.0007318202988244593,0.0009090759558603168,0.18894929311893605,0.001913105116950141,0.9825098861882716,0.9786187065972223
8,133,0.0007404974894598126,0.0008782170480117202,0.1719781141222259,0.020487601227230496,0.9822886525848765,0.9779893663194444
8,134,0.0007212253985926509,0.0008654443663544953,0.19393592425334602,0.04467153681649102,0.9826069396219136,0.9778049045138889
8,135,0.0007258813129737973,0.0008967294706963003,0.20267739811061342,0.00783784654405382,0.9823254243827161,0.9784125434027777
8,136,0.0007114245090633631,0.0008641205495223403,0.21137149260367877,0.04370137188169691,0.9826636043595679,0.9788845486111111
8,137,0.0007058326154947281,0.0008971355273388326,0.221276205557364,0.014444277021620008,0.9823754581404321,0.9787000868055555
8,138,0.0007157651125453413,0.0008511216728948057,0.21204039815031453,0.05024984015358819,0.9824068045910493,0.9784288194444445
8,139,0.0007210546173155308,0.0008744265069253743,0.19418955261324658,0.04056832128100925,0.9824062017746914,0.9791069878472223
8,140,0.000714754918590188,0.0008298424654640257,0.20978234873877633,0.08321411609649658,0.9825780044367284,0.9796820746527778
8,141,0.0007034613518044353,0.0008669561939314008,0.22061368035681453,0.04997587336434258,0.9822567033179013,0.979150390625
8,142,0.0007048482075333595,0.0008692631381563842,0.22447590945679463,0.04395572212007311,0.9827082127700617,0.9785047743055556
8,143,0.0006956701399758458,0.0008983217412605882,0.2327072920622649,0.0209887252913581,0.9826262297453704,0.9776204427083334
8,144,0.0006929297233000398,0.0008634007535874844,0.2373581780327691,0.05516425900989109,0.9825834297839506,0.9793294270833334
8,145,0.0006824790616519749,0.0008527241880074143,0.24632815181473156,0.053801402780744766,0.9830295138888889,0.9784559461805555
8,146,0.0006978954188525677,0.0008940446423366666,0.22419385027002406,0.027338522010379368,0.9825496720679012,0.978369140625
8,147,0.0006870651850476861,0.0009037252748385072,0.25205072385293464,0.009764855437808567,0.9828040605709877,0.9790798611111111
8,148,0.000695127819199115,0.0008590646320953965,0.22465066129778638,0.057240717940860324,0.9827588493441358,0.9786458333333333
8,149,0.0006914134719409049,0.0008477609371766448,0.23491349823680924,0.0695728063583374,0.9825629340277777,0.9796549479166666
8,150,0.0006829280173406005,0.0008520032279193401,0.24399375606466223,0.0582998514175415,0.9829746576003087,0.9784342447916666
8,151,0.0006890110671520233,0.0008584645111113787,0.24177477094862196,0.05850508875317044,0.9827727141203704,0.9800130208333333
8,152,0.0006684529944323003,0.0008712391718290746,0.2640517351068096,0.04165889687008328,0.9831850405092593,0.978173828125
8,153,0.0006898015271872282,0.0008559395791962743,0.23847286333272485,0.059996529420216875,0.9826081452546296,0.9791341145833333
8,154,0.0006580361514352262,0.000859507592394948,0.2768791323826637,0.060663757059309216,0.9828818238811728,0.97890625
8,155,0.0006768189487047493,0.0008679043385200202,0.25316476233211566,0.048032371203104655,0.9829632040895062,0.9783365885416667
8,156,0.0006739471573382616,0.0008735499577596784,0.2586578999036624,0.039925660027398,0.9829927420910494,0.9787434895833333
8,157,0.0006782857235521078,0.000863191788084805,0.25331187454270726,0.050995449225107826,0.9827244888117284,0.9791449652777777
8,158,0.0006657803896814585,0.0008764183148741722,0.26358603253776647,0.03955359723832872,0.9828040605709877,0.979150390625
8,159,0.0006865998147986829,0.0008567025070078671,0.24261312043225325,0.06585978402031792,0.9828390239197531,0.9795789930555555
8,160,0.0006706462590955198,0.0008528427570126951,0.26597162985507355,0.06555564668443468,0.9834484712577161,0.9787543402777777
8,161,0.0006531671388074756,0.0008774008601903915,0.2827459154305635,0.037403213977813723,0.9828812210648148,0.9781358506944444
8,162,0.0006811243365518749,0.0008291623671539128,0.24648581051532134,0.09107585085762872,0.9829758632330247,0.9799858940972223
8,163,0.0006563293281942606,0.0008673990960232913,0.27761146639600215,0.04635926882425944,0.9830958236882716,0.9782280815972222
8,164,0.0006659411592409015,0.0008504914585500956,0.2668672752969059,0.06690055661731296,0.9829216097608025,0.9790147569444444
8,165,0.000658702221699059,0.0008529431652277708,0.27322297905698234,0.06922094689475165,0.9829041280864198,0.9788519965277778
9,1,0.15987363457679749,0.03238376975059509,-247.09519268553933,-53.9836211098565,0.5823579764660494,0.9794108072916666
9,2,0.019459687173366547,0.008178871124982834,-28.721880455370304,-12.570439524120754,0.9938169126157408,0.9949544270833334
9,3,0.006596473976969719,0.004133835434913635,-8.802341928894137,-5.605483998192681,0.9952196662808642,0.9949544270833334
9,4,0.003995327744632959,0.0030388589948415756,-4.82525393727385,-3.7098512993918527,0.9952196662808642,0.9949544270833334
9,5,0.0031073722057044506,0.0025387026835232973,-3.458543555236157,-2.8409976111518014,0.9952196662808642,0.9949544270833334
9,6,0.0026506134308874607,0.0022449283860623837,-2.730702106157939,-2.3293345663282605,0.9952196662808642,0.9949544270833334
9,7,0.002352348994463682,0.0020374241285026073,-2.2643071828065096,-1.9670403824912177,0.9952196662808642,0.9949544270833334
9,8,0.002145005390048027,0.0018878576811403036,-1.935036732238016,-1.705322297414144,0.9952196662808642,0.9949544270833334
9,9,0.0019848926458507776,0.0017671106616035104,-1.6812797025397972,-1.4935200108422173,0.9952196662808642,0.9949544270833334
9,10,0.00185562449041754,0.0016698208637535572,-1.4791445199354196,-1.3225180202060276,0.9952196662808642,0.9949544270833334
9,11,0.0017498712986707687,0.0015892600640654564,-1.3103787378028586,-1.1805872970157198,0.9952196662808642,0.9949544270833334
9,12,0.0016618605004623532,0.0015218255575746298,-1.1711265196034937,-1.0615220096376208,0.9952196662808642,0.9949544270833334
9,13,0.0015904849860817194,0.0014676499413326383,-1.0576064198105424,-0.965702478090922,0.9952196662808642,0.9949544270833334
9,14,0.0015296221245080233,0.0014212760142982006,-0.9615201652785879,-0.883771824836731,0.9952196662808642,0.9949544270833334
9,15,0.0014899341622367501,0.0013926203828305006,-0.8987447794572807,-0.8344691435496012,0.9952196662808642,0.9949544270833334
9,16,0.0015992657281458378,0.0014276474248617887,-0.9748978188008438,-0.8486731688181559,0.9941544897762346,0.9944986979166667
9,17,0.0017098342068493366,0.0018394978251308203,-1.1452856914496716,-1.3787466420067682,0.9920241367669753,0.9853678385416667
9,18,0.00179155427031219,0.0017691643442958593,-1.2610625997001743,-1.2798516617880926,0.9930700231481482,0.9945421006944445
9,19,0.001737944781780243,0.0018403446301817894,-1.1858693308300443,-1.3100078397327,0.9938211323302469,0.9809841579861112
9,20,0.001746729132719338,0.0016052962746471167,-1.1636456926663716,-0.9851799276140001,0.991383342978395,0.9872233072916666
9,21,0.0016505686799064279,0.001463811844587326,-1.0150226102934943,-0.8078775935702853,0.9876380449459876,0.9872178819444445
9,22,0.0015842781867831945,0.0014957294333726168,-0.9184569329391291,-0.8098864714304607,0.9870695891203703,0.9842881944444445
9,23,0.0015654799062758684,0.001544017344713211,-0.8910807419706274,-0.8721051083670722,0.9866554542824074,0.9799424913194444
9,24,0.0015108659863471985,0.0014463571133092046,-0.8165431913034416,-0.7077210055457221,0.985815731095679,0.9824544270833333
9,25,0.0015524581540375948,0.0013513256562873721,-0.8293866808031812,-0.6264427688386706,0.9842164592978395,0.9846354166666667
9,26,0.0014293689746409655,0.0013415762223303318,-0.6912074710115974,-0.5684987200631035,0.9844431182484568,0.9842990451388889
9,27,0.0014764494262635708,0.0016562535893172026,-0.7207877621238614,-0.8783568673663669,0.9854413821373457,0.9726888020833333
9,28,0.0014184488682076335,0.0014759547775611281,-0.6579198941772366,-0.6895570556322733,0.9835497444058642,0.9803982204861111
9,29,0.0014107576571404934,0.0015136320143938065,-0.6457335598674822,-0.7001773569318983,0.984082634066358,0.9775553385416667
9,30,0.0014085082802921534,0.0014028511941432953,-0.6390332691463423,-0.6200777782334221,0.9837426456404321,0.9829644097222222
9,31,0.0013807164505124092,0.00139322760514915,-0.6082299616601732,-0.5851480775409275,0.9846348138503086,0.9802191840277777
9,32,0.001397503656335175,0.0012740170350298285,-0.6177877164181368,-0.4842439572016398,0.9836371527777777,0.9865017361111111
9,33,0.0013893658760935068,0.0012043052120134234,-0.6125125807008626,-0.41526321437623764,0.9841501494984568,0.9872612847222222
9,34,0.0013859710888937116,0.0017184755997732282,-0.6219289629547684,-0.8873472346199883,0.985450424382716,0.9767252604166666
9,35,0.001381974434480071,0.001488476525992155,-0.5925347367922466,-0.673227768474155,0.9834599247685185,0.9832790798611111
9,36,0.001377108390443027,0.0012475268449634314,-0.5761918122385755,-0.4455300662252638,0.9836811583719136,0.9860080295138889
9,37,0.0013680001720786095,0.0013230822514742613,-0.5822597254941493,-0.4995295776261224,0.9848506221064814,0.9799262152777778
9,38,0.0013756107073277235,0.0012815285008400679,-0.5974950781574956,-0.47878206703397963,0.9846390335648149,0.9876519097222223
9,39,0.001376059022732079,0.001395299332216382,-0.6039467131650006,-0.5665230406655206,0.9846727912808642,0.9876627604166667
9,40,0.0013679377734661102,0.001410108059644699,-0.5761119448108437,-0.616712318526374,0.9853401089891975,0.9802897135416667
9,41,0.0013888179091736674,0.0013595095369964838,-0.6283040152655708,-0.594898091422187,0.9852014612268518,0.9810709635416667
9,42,0.0013415305875241756,0.0016761377919465303,-0.5525009565883212,-0.9632981061935425,0.9838083526234568,0.9763726128472222
9,43,0.0014056324725970626,0.001289681764319539,-0.6452310303111135,-0.4886012964778476,0.9844780815972223,0.9825954861111111
9,44,0.0013797484571114182,0.0013938930351287127,-0.6180109649528692,-0.6459295776155259,0.9842749324845679,0.9777126736111111
9,45,0.0013963216915726662,0.0012972792610526085,-0.6394328692812978,-0.49147091971503365,0.9847005208333334,0.9812228732638889
9,46,0.0013599444646388292,0.0013477529864758253,-0.6068881886976737,-0.5860222458839417,0.9849898726851852,0.980615234375
9,47,0.0013925055973231792,0.0013317803386598825,-0.6540868791533105,-0.5529157665040758,0.983787856867284,0.9793619791666667
9,48,0.001388935255818069,0.0014351492282003164,-0.6295381765306732,-0.6924099842707316,0.9839023919753086,0.9839301215277778
9,49,0.0013942760415375233,0.0014523174613714218,-0.6501366487255803,-0.696144962310791,0.9844750675154321,0.9820203993055555
9,50,0.0013861535117030144,0.0012290659360587597,-0.6460226969954408,-0.42171254952748616,0.9831645447530865,0.9844346788194445
9,51,0.0013756798580288887,0.001313656335696578,-0.6292871232385988,-0.5433357079823812,0.9840621383101852,0.9822916666666667
9,52,0.0013464703224599361,0.0013402936747297645,-0.6056451466348436,-0.5593410227033827,0.983081356095679,0.9801106770833333
9,53,0.0013793722027912736,0.001389496959745884,-0.6358015955230336,-0.5970835500293308,0.9835370852623457,0.9825629340277777
9,54,0.0013668963219970465,0.0016861835028976202,-0.6255618745898023,-0.9592315514882406,0.9833688994984567,0.9819552951388889
9,55,0.0013789597433060408,0.001327487756498158,-0.6267438289559918,-0.5600359479586283,0.982909553433642,0.9841037326388888
9,56,0.0013556231278926134,0.0014182922895997763,-0.6244506350270024,-0.645162210199568,0.9833942177854939,0.9803059895833334
9,57,0.0013312557712197304,0.001533744391053915,-0.5876928685623922,-0.7763709531890022,0.9831729841820988,0.9802897135416667
9,58,0.00134780234657228,0.0014263540506362915,-0.6022639429127729,-0.6644670605659485,0.9830035927854939,0.9850531684027778
10,1,0.17933906614780426,0.037642695009708405,-273.6352392644058,-55.632135497199165,0.5932165075231481,0.995361328125
10,2,0.0219576358795166,0.008850585669279099,-33.475403427783355,-12.137265051735772,0.9949242862654321,0.995361328125
10,3,0.007096831686794758,0.004351482726633549,-9.662863197738742,-5.3139991707272,0.9951744550540124,0.995361328125
10,4,0.004228158853948116,0.0031540028285235167,-5.271899922983146,-3.4921381738450794,0.9951744550540124,0.995361328125
10,5,0.0032687815837562084,0.002595833968371153,-3.7438848630881605,-2.6409887658225166,0.9951744550540124,0.995361328125
10,6,0.002746951300650835,0.0022552371956408024,-2.9222166497030377,-2.1205437819163007,0.9951744550540124,0.995361328125
10,7,0.0024198389146476984,0.0020318380557000637,-2.3933378201943856,-1.7786275095409818,0.9951744550540124,0.995361328125
10,8,0.0021898995619267225,0.0018632777500897646,-2.030171885902499,-1.5202226294411554,0.9951744550540124,0.995361328125
10,9,0.002013889141380787,0.0017341747879981995,-1.748572748384358,-1.322037198808458,0.9951744550540124,0.995361328125
10,10,0.0018720909720286727,0.001627574791200459,-1.5197197749290938,-1.1581513590282864,0.9951744550540124,0.995361328125
10,11,0.0017569523770362139,0.0015419558621942997,-1.3351318644888608,-1.0263395706812541,0.9951744550540124,0.995361328125
10,12,0.0016688097966834903,0.0014807452680543065,-1.1931979947619968,-0.9321304400761922,0.9951744550540124,0.995361328125
10,13,0.0016526156105101109,0.0015944853657856584,-1.1705663280722536,-1.0883075555165609,0.9951750578703704,0.995361328125
10,14,0.0019101002253592014,0.0014168223133310676,-1.3632371405024588,-0.8266837914784749,0.9923954716435185,0.995361328125
10,15,0.0018428604817017913,0.0016812109388411045,-1.3753898764833992,-1.1469113694296942,0.9922767168209876,0.9952690972222222
10,16,0.0018555972492322326,0.001634711865335703,-1.3688816601847424,-1.0723233487870958,0.9943045910493827,0.9953559027777777
10,17,0.0017863399116322398,0.0016078189946711063,-1.247093826311606,-1.008226333724128,0.9928819444444444,0.9899739583333333
10,18,0.001728406990878284,0.001368601806461811,-1.1399385277135872,-0.712140949567159,0.9873848620756173,0.9946017795138888
10,19,0.0016487760003656149,0.0015234809834510088,-1.0268176267176499,-0.8769020213021173,0.9872480227623457,0.9848904079861112
10,20,0.0016457198653370142,0.0013790533412247896,-0.9880110733303022,-0.7091658194859822,0.9842248987268518,0.9902452256944444
10,21,0.0015425111632794142,0.001446108566597104,-0.8700841538700057,-0.7405966851446364,0.9864854600694445,0.9826280381944444
10,22,0.0015580416657030582,0.0013676915550604463,-0.8621002887502128,-0.6616724623574151,0.9831072771990741,0.9850043402777777
10,23,0.0015405050944536924,0.0014360151253640652,-0.82305755512214,-0.7300813489490086,0.9839054060570988,0.9793619791666667
10,24,0.0014778320910409093,0.001459896913729608,-0.756040276568613,-0.7286519169807434,0.9847270447530864,0.9825792100694445
10,25,0.00148451654240489,0.0013731345534324646,-0.7455987007529647,-0.6529056072235108,0.9834358121141975,0.9851833767361111
10,26,0.0014506967272609472,0.0013338344870135188,-0.6947205281551974,-0.6100420236587525,0.9847433207947531,0.9806260850694445
10,27,0.0014524199068546295,0.001376140397042036,-0.6884986606644995,-0.6352275530497233,0.9842616705246914,0.9805013020833333
10,28,0.0014380107168108225,0.0014054604107514024,-0.6648067143228319,-0.6621083127127754,0.9841555748456791,0.9842881944444445
10,29,0.0014291948173195124,0.0014051466714590788,-0.6395826302928689,-0.6792085766792297,0.9846143180941358,0.9823187934027777
10,30,0.0014231420354917645,0.001353774918243289,-0.6384565900873255,-0.6028493682543437,0.984276138117284,0.9846462673611112
10,31,0.0014402596279978752,0.001416097511537373,-0.6554400636826032,-0.682523144616021,0.9852810329861111,0.975927734375
10,32,0.0014067114097997546,0.0012334063649177551,-0.6248995567545479,-0.4847257137298584,0.9845853829089506,0.9813639322916666
10,33,0.0014203323516994715,0.0014018765650689602,-0.6464172798910258,-0.7042891290452745,0.9845317322530864,0.9770399305555556
10,34,0.0014250506646931171,0.0014012943720445037,-0.6737997078601224,-0.6633049686749776,0.9840368200231482,0.9757432725694445
10,35,0.001432493794709444,0.0015216120518743992,-0.6823849202674113,-0.8982951614591811,0.9829957561728395,0.985009765625
10,36,0.0014377087354660034,0.0012260606745257974,-0.69240373402466,-0.5106251319249471,0.9846559124228395,0.9856065538194444
10,37,0.0014298735186457634,0.0013055377639830112,-0.7130792769384973,-0.6009662469228109,0.9838246286651234,0.983740234375
10,38,0.0013999438378959894,0.0014067435404285789,-0.6606238962691507,-0.734603742758433,0.983664882330247,0.9838487413194444
10,39,0.0013834298588335514,0.0011699874885380268,-0.6346659907588252,-0.43540958960851034,0.9836311246141975,0.9833116319444445
10,40,0.0013678455725312233,0.001219612080603838,-0.6288540851922683,-0.4919757299953037,0.9830433786651235,0.9838758680555556
10,41,0.0013779853470623493,0.0011923997662961483,-0.6403059853447808,-0.4571715686056349,0.9832091531635803,0.982763671875
10,42,0.0013432358391582966,0.0011467100121080875,-0.588145265903002,-0.4176929619577196,0.9828040605709877,0.9825466579861111
10,43,0.0013146332930773497,0.0010949347633868456,-0.5798975751723772,-0.31181022458606295,0.9822651427469136,0.9847927517361111
10,44,0.0013260727282613516,0.001345112919807434,-0.5558164016700086,-0.6766434285375807,0.9830054012345679,0.9791883680555555
10,45,0.0013179010711610317,0.001120537519454956,-0.5560554407261036,-0.34267800781461927,0.9829879195601852,0.9725314670138889
10,46,0.0012585597578436136,0.0012104010675102472,-0.4917807948442153,-0.4641037835015191,0.9810329861111111,0.9771050347222222
10,47,0.0012797560775652528,0.0012535946443676949,-0.509909364617901,-0.5178045193354289,0.9812343267746914,0.9803276909722223
10,48,0.0012586419470608234,0.0012383389985188842,-0.4788870212472515,-0.5161760144763523,0.9818190586419753,0.9780707465277778
10,49,0.0012382868444547057,0.0012084005866199732,-0.45259645985968316,-0.48752058611975774,0.9812753182870371,0.9768880208333334
10,50,0.0011877024080604315,0.0011974896769970655,-0.3779975461371151,-0.48180849817064075,0.9821861738040123,0.9754448784722223
10,51,0.0012311743339523673,0.0011469523888081312,-0.45033145245210626,-0.3882037825054593,0.9806785300925925,0.9821560329861111
10,52,0.0011608455097302794,0.0010820473544299603,-0.35280133412208087,-0.30530554321077136,0.9814597800925926,0.9791829427083333
10,53,0.0011677718721330166,0.0011161508737131953,-0.35043573644426135,-0.3384430660141839,0.9816225405092592,0.9799913194444444
10,54,0.001148307346738875,0.001096186344511807,-0.3350386282544077,-0.30943112770716347,0.980345775462963,0.9808051215277778
10,55,0.0011117092799395323,0.001152148237451911,-0.27905110326814064,-0.4102638178401523,0.9812053915895061,0.9774088541666667
10,56,0.0010989729780703783,0.0010504269739612937,-0.2626701734684132,-0.26395953363842434,0.9806514033564815,0.9800021701388889
10,57,0.0010633005294948816,0.0010912016732618213,-0.2346222906936834,-0.32926819324493406,0.980909408757716,0.9778917100694444
10,58,0.0010735421674326062,0.001034302869811654,-0.23265043644257533,-0.2527905199262831,0.9806297019675926,0.9800347222222222
10,59,0.001052980893291533,0.0010656137019395828,-0.20399222197356048,-0.2625469194518195,0.9811601803626543,0.9778645833333334
10,60,0.0010334770195186138,0.0010274676606059074,-0.18189782728383572,-0.2464670591884189,0.9807647328317901,0.9777669270833333
10,61,0.0010049839038401842,0.0010099512292072177,-0.14097470192261685,-0.22017663849724664,0.9808521412037037,0.9782606336805556
10,62,0.0009733907645568252,0.0011317189782857895,-0.10099753244423572,-0.35837838649749754,0.9806260850694445,0.9760687934027777
10,63,0.0009799712570384145,0.0010611568577587605,-0.09781469268563353,-0.27876626782947117,0.9807659384645062,0.9784830729166667
10,64,0.0009633138542994857,0.0009695289190858603,-0.07495458685321572,-0.14862940708796182,0.9808201919367284,0.9777886284722223
10,65,0.0009300442761741579,0.0010506234830245376,-0.04355850867283197,-0.24404130114449396,0.9807466483410494,0.9767361111111111
10,66,0.0009205515962094069,0.0010226111626252532,-0.028992692923840182,-0.22453634474012588,0.9803680796682098,0.9759168836805555
10,67,0.0009067669743672013,0.0011022081598639488,-0.010785778363545736,-0.31045126650068494,0.9807906539351852,0.9757052951388889
10,68,0.0008976512472145259,0.00103552988730371,0.0003198888566758898,-0.23056137031979032,0.9809974199459877,0.9770073784722222
10,69,0.0008784480160102248,0.0010346450144425035,0.034323944868864836,-0.23190802468193902,0.9805893132716049,0.9782118055555555
10,70,0.0008655177080072463,0.0009663229575380683,0.04202086366253135,-0.13131482733620536,0.9807978877314815,0.9790852864583334
10,71,0.000832032528705895,0.0009323932463303208,0.0860301771281678,-0.06450355847676595,0.9811149691358024,0.9787651909722223
10,72,0.0008416360942646861,0.0010275538079440594,0.0802125174322246,-0.21316669914457534,0.9810136959876543,0.9764702690972222
10,73,0.0008100768318399787,0.0009889514185488224,0.10889682975816138,-0.15389320055643718,0.9808907214506173,0.9770290798611111
10,74,0.0008071304764598608,0.0009403608273714781,0.12611879802044526,-0.09948160648345947,0.9809280960648148,0.9788248697916667
10,75,0.0007653898792341352,0.001051301253028214,0.16334896543879568,-0.23374850220150417,0.9815887827932098,0.9750868055555556
10,76,0.0007862166385166347,0.000953208131249994,0.14170447087582247,-0.12021975782182481,0.9812361352237654,0.9786404079861111
10,77,0.000742326257750392,0.0009315380593761802,0.18820000842765525,-0.07506810559166802,0.9816593123070988,0.977001953125
10,78,0.0007581349927932024,0.0008984188316389918,0.18226350251539253,-0.04006442626317342,0.9814670138888889,0.9764594184027777
10,79,0.0007215769728645682,0.000881307409144938,0.2225646197060008,-0.02112387153837416,0.9813573013117284,0.9757649739583333
10,80,0.0007195828948169947,0.0009176746243610978,0.21594885793733007,-0.053012073040008545,0.9813102816358025,0.9779730902777778
10,81,0.0007101600058376789,0.0009637485491111875,0.22336518278828374,-0.11264952023824056,0.9818895881558642,0.9781901041666666
10,82,0.0007029952830635011,0.000875330762937665,0.25300827703358214,-0.004778357346852621,0.9820975597993827,0.9787000868055555
10,83,0.0006780805997550488,0.0008917115046642721,0.25885214820320224,-0.0165586961640252,0.9824598524305556,0.9787814670138889
10,84,0.0006763186538591981,0.0008937190286815166,0.27657964052977385,-0.027796362506018746,0.982323013117284,0.9791015625
10,85,0.0006610065465793014,0.0009151991689577699,0.2853606059227461,-0.04832794666290283,0.982715446566358,0.9787760416666667
10,86,0.0006635765894316137,0.0009868110064417124,0.28734432370574386,-0.1258453607559204,0.9828239535108024,0.9803005642361111
10,87,0.0006394824013113976,0.0008023027330636978,0.3109117967111093,0.08715273406770495,0.9825960889274692,0.9811252170138889
10,88,0.0006322997505776584,0.0009259294020012021,0.31312336951126285,-0.06951304541693794,0.9831151138117284,0.9776746961805556
10,89,0.0006248173885978758,0.0008519776165485382,0.3368145667476419,0.02752419047885471,0.983376133294753,0.97724609375
10,90,0.0006135134026408195,0.0008629023795947433,0.34123362258628565,0.013787506686316595,0.983250144675926,0.9803331163194444
10,91,0.0005976459942758083,0.0008510365150868893,0.3576577385266622,0.02453750107023451,0.9832682291666667,0.9810763888888889
10,92,0.000589486095122993,0.0008503124699927866,0.37149857135466585,0.02447766595416599,0.9838035300925926,0.9783420138888889
10,93,0.0005981592694297433,0.0007984122494235635,0.3620128366682265,0.09499261246787177,0.9836799527391975,0.9792317708333333
10,94,0.0006051177042536438,0.0007710547652095556,0.3550505448270727,0.1364917410744561,0.9836938175154321,0.9813151041666667
10,95,0.0005824019899591804,0.0008507273159921169,0.38326469365461374,0.033978007899390324,0.9838288483796296,0.9788194444444445
10,96,0.0005624669720418751,0.0008914519567042589,0.40127077809086553,-0.006958393255869547,0.9842140480324074,0.9801703559027778
10,97,0.0005652864929288626,0.0008540762355551124,0.3978467227500162,0.03427504168616401,0.9840518904320987,0.9818088107638889
10,98,0.0005654848646372557,0.0008113420917652547,0.4074602336059382,0.09228421052296956,0.9848843798225309,0.9799858940972223
10,99,0.0005409207660704851,0.0008561297436244786,0.4187361952699261,0.03631631268395318,0.9848162615740741,0.9794759114583333
10,100,0.0005524199223145843,0.0007748770876787603,0.41222222189844393,0.13465153376261393,0.9843617380401235,0.9822211371527778
10,101,0.0005328013794496655,0.0008541308343410492,0.4373736303529622,0.029802340931362577,0.9852255738811728,0.9793131510416667
10,102,0.000509925012011081,0.0008237304864451289,0.45840018295947416,0.07473315530353122,0.9851773485725308,0.9804253472222222
10,103,0.0005271043628454208,0.0008343277731910348,0.4428477425634125,0.05132991075515747,0.9850043402777777,0.9824435763888889
10,104,0.0005177040584385395,0.000788326608017087,0.457245605227388,0.11693540546629164,0.9855818383487654,0.9817816840277778
10,105,0.0005046952283009887,0.000944989500567317,0.46175049558097936,-0.07709024747212728,0.9856963734567902,0.97861328125
10,106,0.0004947345005348325,0.0008318782784044743,0.4842350580074169,0.055383800135718454,0.9854890046296296,0.9817979600694444
10,107,0.0004775171400979161,0.0008077166276052594,0.49154850612452,0.09841997888353136,0.9859983844521605,0.9828559027777778
10,108,0.0004776306450366974,0.0008264383068308234,0.49769391704488686,0.07473955816692776,0.9864788290895061,0.9824490017361112
10,109,0.0004718866548500955,0.0007929441635496914,0.5072106880906188,0.10964901712205675,0.9865282600308642,0.9835394965277777
10,110,0.00047015969175845385,0.0008013472543098032,0.5050111236395659,0.10003786616855198,0.9868664400077161,0.9829318576388889
10,111,0.00045344093814492226,0.0008204832556657493,0.5232975463808319,0.07946854299969143,0.9864884741512345,0.983544921875
10,112,0.0004650196060538292,0.000787296099588275,0.5063276031870901,0.1192758109834459,0.9869592737268519,0.9823459201388889
10,113,0.0004570135788526386,0.0007902987999841571,0.5166218725251562,0.11201634142133925,0.9866512345679013,0.9838487413194444
10,114,0.00045174831757321954,0.0007869968540035188,0.5279323388029028,0.11664198769463432,0.9870973186728395,0.983837890625
10,115,0.0004471762222237885,0.0008117030374705791,0.5281475692619512,0.08862473567326863,0.9873010706018519,0.9836588541666667
10,116,0.00045001908438280225,0.0007981624221429229,0.5283174891530732,0.10586837530136109,0.9873559268904321,0.9824924045138889
10,117,0.00043709168676286936,0.0007970842998474836,0.5382485223405156,0.10912234518263075,0.9871979890046296,0.9833767361111111
10,118,0.00043752341298386455,0.0007914943853393197,0.5398369465345217,0.11915696594450209,0.9874951774691358,0.9842936197916666
10,119,0.0004383000486996025,0.0007996897911652923,0.5451879177564456,0.11186399459838867,0.9872425974151234,0.9838324652777778
