Fold,Epoch,Train_MSE,Val_MSE,Train_R2,Val_R2,Train_AuxAcc,Val_AuxAcc
1,1,0.23613210022449493,0.06404472887516022,-381.8441907529478,-91.75511097378201,0.6614920910493827,0.7837022569444444
1,2,0.03388192132115364,0.017158955335617065,-52.11981605364952,-23.735793569352893,0.7358314043209877,0.6764539930555555
1,3,0.012386578135192394,0.008550174534320831,-18.10605640941196,-11.240653562545777,0.6331114969135803,0.5853352864583333
1,4,0.0077762301079928875,0.007045232690870762,-10.938119300206502,-9.03250469631619,0.5554307725694444,0.5232150607638889
1,5,0.006732341833412647,0.005871050991117954,-9.41138493043405,-7.325569110446506,0.5127097800925926,0.49856770833333336
1,6,0.00556501979008317,0.004294953308999538,-7.478367415475256,-5.165972765286764,0.5040424864969136,0.4986111111111111
1,7,0.004472368862479925,0.00384637713432312,-5.66197179482307,-4.45116712252299,0.516236255787037,0.5414605034722222
1,8,0.0037544320803135633,0.0030551934614777565,-4.543880457642637,-3.214474892616272,0.5703806182484568,0.6101291232638889
1,9,0.002932978793978691,0.002433024812489748,-3.123852597342597,-2.3172697756025524,0.6630515769675925,0.6669542100694444
1,10,0.0023415670730173588,0.0019182608230039477,-2.0863241719610897,-1.4831749518712363,0.7359025366512346,0.7655110677083333
1,11,0.0020108618773519993,0.0017545687733218074,-1.5754730056833337,-1.2518709540367126,0.787157600308642,0.7340494791666666
1,12,0.0017408325802534819,0.0016963412053883076,-1.166821981948099,-1.1165579080581665,0.8274299527391975,0.8093641493055556
1,13,0.0015548113733530045,0.0015254509635269642,-0.8745961886865121,-0.9028354075219897,0.8587408371913581,0.8568359375
1,14,0.0014083252754062414,0.0013604044215753675,-0.671805907473152,-0.653340756893158,0.8861207561728395,0.8818956163194445
1,15,0.0012861534487456083,0.001324632903560996,-0.5041039575765163,-0.6002498269081116,0.9031231915509259,0.9148763020833334
1,16,0.0011805807007476687,0.0012907590717077255,-0.3650571957046603,-0.550499967734019,0.9203360098379629,0.9048122829861112
1,17,0.0010991006856784225,0.0012644665548577905,-0.27026617276815723,-0.5037602689531114,0.9310004340277778,0.9282280815972223
1,18,0.001030127750709653,0.0011894027702510357,-0.18688982710426236,-0.41220956510967677,0.9414568865740741,0.9247938368055556
1,19,0.0009412957588210702,0.0011607081396505237,-0.07564884350623613,-0.3547643065452576,0.9483362268518518,0.9482313368055556
1,20,0.0008690980030223727,0.0011358184274286032,0.011173178089989556,-0.29577379756503636,0.956055290316358,0.9470269097222223
1,21,0.0008073491626419127,0.001110029872506857,0.08456247662320548,-0.25783867173724706,0.960448013117284,0.9601888020833333
1,22,0.0007439840119332075,0.001106572337448597,0.1647317463969007,-0.26129395829306706,0.9646797839506173,0.9619845920138889
1,23,0.0007169625605456531,0.0010582141112536192,0.19110779541510123,-0.18042164378696018,0.9675793306327161,0.9596896701388888
1,24,0.0006729561137035489,0.0010567402932792902,0.23965918620427448,-0.15979613860448202,0.9694420331790123,0.9652235243055556
1,25,0.0006305400747805834,0.001069095334969461,0.291691807611489,-0.18955651919047037,0.9708122347608025,0.962646484375
1,26,0.0005912184715270996,0.0010164574487134814,0.33694125163702315,-0.1195150719748603,0.9751862702546297,0.9702582465277778
1,27,0.0005480665131472051,0.0010175355710089207,0.3844739830052411,-0.11180017524295383,0.9769736207561729,0.9730848524305555
1,28,0.0005103828152641654,0.0010378166334703565,0.42492747998531955,-0.12951240539550782,0.9795494550540124,0.9716471354166667
1,29,0.00048002327093854547,0.000994846341200173,0.4633025481377119,-0.08633053567674424,0.9812560281635803,0.9748263888888888
1,30,0.0004520187503658235,0.0009839946869760752,0.4932561081132771,-0.05862893395953708,0.9826334635416667,0.9774305555555556
1,31,0.0004318910068832338,0.0009652639273554087,0.5122047003404594,-0.03892415761947632,0.9833670910493827,0.9789713541666667
1,32,0.0004062629886902869,0.0009596488089300692,0.5406495911103708,-0.02138251198662652,0.9851261091820988,0.9806315104166666
1,33,0.00038485450204461813,0.0009524462511762977,0.5664701881232085,-0.0107400377591451,0.9858199508101851,0.9806206597222222
1,34,0.0003662382368929684,0.0009441615547984838,0.587220385486697,-0.0007139298650953505,0.9867488908179012,0.9819064670138888
1,35,0.0003501369501464069,0.0009401818970218301,0.6058605442812414,0.011726937029096815,0.9873161410108025,0.9833821614583333
1,36,0.0003379987319931388,0.0009371707565151155,0.6207755040239404,0.008546875582800971,0.9880720727237654,0.9840928819444444
1,37,0.00032420959905721247,0.0009181498317047954,0.633041223626078,0.03785293764538235,0.9887231143904321,0.9836751302083333
1,38,0.0003140520420856774,0.0009319676319137216,0.6459012320012222,0.032826307084825306,0.9895290798611112,0.9833658854166667
1,39,0.0003014332032762468,0.0009086133213713765,0.6597446955280539,0.03710625171661377,0.9896840036651234,0.9856119791666667
1,40,0.00029408535920083523,0.0009235804900527,0.6670808151916221,0.03978364864985148,0.990453197337963,0.9837348090277778
1,41,0.00028841447783634067,0.0009187910472974181,0.6756673562673875,0.025293151537577312,0.9906943238811728,0.9854383680555555
1,42,0.0002827795105986297,0.0009230321738868952,0.6784651472244734,0.03480616013209025,0.9910493827160494,0.984619140625
1,43,0.0002754350716713816,0.0009072208777070045,0.6856915269368961,0.042244199911753336,0.9911524643132716,0.9856391059027778
1,44,0.00027352196048013866,0.0009251916198991239,0.6897052108505626,0.025391038258870444,0.9918535397376543,0.9843207465277778
1,45,0.00026549433823674917,0.0008991645881906152,0.6966462385507277,0.06803946362601386,0.9920753761574074,0.9862358940972222
1,46,0.00025780650321394205,0.0009344063000753522,0.7063184898576619,0.013527671496073404,0.9924678096064815,0.9871744791666667
1,47,0.0002552936493884772,0.0009072417160496116,0.7075336189917576,0.053303628497653535,0.9926420235339506,0.9868869357638889
1,48,0.0002466015284880996,0.0009137896122410893,0.7179319670170914,0.03905289835400051,0.9930609809027777,0.986865234375
1,49,0.00024301196390297264,0.0009079582523554564,0.7206970513602834,0.05734248691134983,0.9933213975694445,0.9883572048611111
1,50,0.00023716955911368132,0.0009175544255413115,0.7243565902297879,0.028667687045203314,0.9935498649691358,0.9878580729166667
1,51,0.00022917127353139222,0.0009143148781731725,0.7327786638412946,0.061353842417399086,0.9936384789737654,0.9877224392361111
1,52,0.0002275987935718149,0.0009144928772002459,0.7375034480919073,0.03464694552951389,0.9939429012345679,0.9864203559027778
1,53,0.00022804526088293642,0.0009046751074492931,0.7370070965201766,0.06123602787653605,0.9941695601851852,0.9850206163194445
1,54,0.00021615134028252214,0.0009153891587629914,0.7517590547785347,0.04748261504703098,0.9941767939814815,0.9888563368055555
1,55,0.00019221380352973938,0.0009085665224120021,0.7750730206936965,0.049652979109022354,0.9949303144290124,0.9889919704861111
1,56,0.00018441669817548245,0.0009061064338311553,0.7837724183812553,0.05561247136857775,0.9951684268904321,0.9892035590277778
1,57,0.00018110848031938076,0.0009050936787389219,0.7871240979359474,0.05655420223871867,0.995288387345679,0.9900173611111112
1,58,0.0001766752393450588,0.0009047402418218553,0.7917305481286696,0.05796858734554715,0.9954336660879629,0.9902289496527777
1,59,0.00017437554197385907,0.0009026584448292851,0.7942711862516992,0.06050765514373779,0.9956518856095679,0.9903700086805556
1,60,0.00017156546527985483,0.0008993718074634671,0.7970576489413226,0.06526582505967882,0.9956753954475308,0.9907877604166667
1,61,0.00016921418136917055,0.0008997875265777111,0.7998180785296876,0.0659301069047716,0.9958743248456791,0.9908745659722222
1,62,0.00016663645510561764,0.0008984159212559462,0.8025129505145697,0.06652159161037868,0.9958906008873457,0.9908474392361111
1,63,0.00016549360589124262,0.0008978164405561984,0.8038541162455524,0.0674386461575826,0.9959810233410494,0.9911512586805555
1,64,0.0001641857234062627,0.0008965081069618464,0.8052776822337397,0.0688870628674825,0.9960557725694444,0.9911675347222222
1,65,0.000163139688083902,0.0008977124816738069,0.8063681299303784,0.06879793405532837,0.9960877218364198,0.9912651909722222
1,66,0.00016209633031394333,0.0008961745770648122,0.807510166698032,0.07062819004058837,0.9961504147376543,0.9912706163194445
1,67,0.0001609145983820781,0.000895532954018563,0.8089197357495626,0.0708934015697903,0.9961787471064815,0.9913736979166666
1,68,0.00015991894179023802,0.0008955718367360532,0.8099875587004203,0.07077865600585938,0.9962275752314815,0.9914388020833333
1,69,0.00015906774206086993,0.0008955123485065997,0.8109295666953664,0.07214780516094632,0.9962812258873457,0.9914876302083333
1,70,0.00015793164493516088,0.0008947976748459041,0.8122553161632867,0.07283639510472616,0.9962697723765432,0.9916124131944445
1,71,0.00015710330626461655,0.0008944480796344578,0.8131339021670966,0.07308894395828247,0.9963698398919754,0.9916720920138888
1,72,0.00015601306222379208,0.0008929513860493898,0.8144385552700655,0.07470289866129558,0.9963939525462963,0.9917263454861112
1,73,0.00015513236576225609,0.0008946062298491597,0.8152449169276673,0.07332034905751546,0.9964530285493827,0.9918511284722222
1,74,0.00015413924120366573,0.0008934107609093189,0.8164894736843344,0.07539800670411852,0.9965042679398148,0.9918185763888889
1,75,0.00015330778842326254,0.0008930730982683599,0.8173314951084278,0.07589653730392457,0.9965398341049383,0.9919053819444444
1,76,0.00015229925338644534,0.0008922179113142192,0.8183712130711402,0.07630023426479764,0.9966007185570988,0.9918782552083333
1,77,0.0001514702889835462,0.0008929927134886384,0.8192438832035771,0.0764157149526808,0.9965916763117284,0.9917371961805556
1,78,0.00015068564971443266,0.000893058895599097,0.8200287408298916,0.0751263697942098,0.9966338734567901,0.991943359375
1,79,0.00014965038280934095,0.0008915839716792107,0.8212134121376791,0.07746713558832805,0.9967194733796296,0.992041015625
1,80,0.00014857026690151542,0.0008912102784961462,0.8226178086834189,0.07856029801898533,0.9967689043209876,0.9921006944444445
1,81,0.00014772287977393717,0.0008902139379642904,0.8234287999294422,0.08010021713044908,0.9967520254629629,0.9919216579861111
1,82,0.00014707577065564692,0.0008908264571800828,0.8240951033286107,0.07896049155129327,0.9968406394675926,0.9921657986111111
1,83,0.0001461667416151613,0.0008916192455217242,0.8251386476151737,0.07964908414416844,0.9968593267746914,0.9920844184027777
1,84,0.0001464560627937317,0.0008874877821654081,0.8249647683567471,0.0803319255510966,0.9969087577160494,0.9915635850694444
1,85,0.00014732082490809262,0.0008894291240721941,0.8238850559717343,0.08615289661619398,0.9967170621141975,0.9918348524305556
1,86,0.00014439270307775587,0.0008880984387360513,0.8271608108355675,0.08420984347661337,0.9969539689429012,0.9921495225694444
1,87,0.0001427853712812066,0.0008890414610505104,0.8289884683526593,0.08304080300860935,0.9969901379243827,0.9921875
1,88,0.0001412144920323044,0.0008886195719242096,0.8308228767948386,0.08432334661483765,0.9970745322145061,0.9922526041666667
1,89,0.0001404884533258155,0.0008885491988621652,0.8316769713236962,0.08443643119600085,0.9970883969907407,0.9923394097222222
1,90,0.00013974787725601345,0.0008862167014740407,0.8324393666820762,0.08534732129838732,0.9971800250771605,0.9924099392361111
1,91,0.00013954791938886046,0.0008926689624786377,0.8325447678565979,0.07995231019126045,0.997169174382716,0.9922743055555555
1,92,0.00013931430294178426,0.0008877689251676202,0.8329636183785804,0.08188646501964993,0.9971227575231482,0.9925564236111111
1,93,0.00013819454761687666,0.0008909318130463362,0.8341327840899244,0.08181193934546577,0.9972149884259259,0.9924696180555556
1,94,0.00013827970542479306,0.0008872516918927431,0.8338014212655432,0.08285051716698541,0.9972608024691358,0.9923611111111111
1,95,0.00013749056961387396,0.0008901100372895598,0.8347923671757733,0.08208027813169691,0.9972529658564815,0.9924424913194444
1,96,0.00013572663010563701,0.0008870852179825306,0.8367234899673933,0.08444709512922499,0.997316261574074,0.9927191840277778
1,97,0.0001353687548544258,0.0008906477596610785,0.8372772012227847,0.0809753868314955,0.9973988474151234,0.9925347222222223
1,98,0.0001349068188574165,0.0008853754843585193,0.8378735468711382,0.08627054691314698,0.9973982445987655,0.9928982204861111
1,99,0.00013489971752278507,0.0008855790365487337,0.8375013379403102,0.08831826448440552,0.997413315007716,0.9924967447916667
1,100,0.0001325762423221022,0.0008866743883118033,0.8403684474803783,0.08626649644639757,0.9974898726851852,0.9928168402777777
1,101,0.00013195436622481793,0.0008890665485523641,0.8410405122203591,0.08300409581926134,0.9975278501157407,0.992724609375
1,102,0.0001312190288444981,0.0008850982412695885,0.8419911266844949,0.08842373291651408,0.9975537712191358,0.9930826822916666
1,103,0.0001312089734710753,0.0008896308718249202,0.8421141817245954,0.08504483699798585,0.9975742669753086,0.9926432291666667
1,104,0.00013085876707918942,0.0008823810494504869,0.842330014558486,0.08748663398954604,0.9975833092206791,0.9929253472222223
1,105,0.00013099001080263406,0.0008873672923073173,0.841806427490564,0.08770019213358561,0.9976110387731482,0.9927029079861112
1,106,0.00013797017163597047,0.0009013057569973171,0.8338148552694439,0.07593497435251871,0.9974681712962963,0.9923882378472222
1,107,0.00013660416880156845,0.0008884946000762284,0.8356158090226444,0.08947648074891833,0.9973940248842592,0.9923122829861111
1,108,0.00013097759801894426,0.0008942615240812302,0.8424302653030112,0.0793767597940233,0.9976243007330247,0.9924533420138889
1,109,0.00012924715701956302,0.0008851158781908453,0.8442183612305441,0.09133837090598212,0.9976671006944444,0.99287109375
1,110,0.0001271647633984685,0.0008903199341148138,0.8469012263380451,0.08238649103376601,0.9977080922067901,0.9929958767361111
1,111,0.00012599707406479865,0.0008875466883182526,0.8480410736284139,0.08847615983751085,0.997803337191358,0.9930881076388889
1,112,0.00012516349670477211,0.0008892275509424508,0.8489403343495028,0.08614677720599705,0.997800925925926,0.9929090711805556
1,113,0.00012355571379885077,0.0008873684564605355,0.8506816382761355,0.08845335510041978,0.9978991849922839,0.9930501302083333
1,114,0.0001218000179505907,0.0008872849866747856,0.8528348671065437,0.08874168660905626,0.9978780864197531,0.9931857638888889
1,115,0.00012106337089790031,0.0008867656579241157,0.8533363009676521,0.08807865116331312,0.9979431905864198,0.9931966145833333
1,116,0.00012039368448313326,0.000886413617990911,0.8539636432388682,0.08908120393753052,0.9979727285879629,0.9932671440972223
1,117,0.00011988032929366454,0.0008859349763952196,0.854551691773497,0.08939699464374118,0.997972125771605,0.9932779947916667
1,118,0.00011955795343965292,0.000885786663275212,0.8548952488251674,0.0896900627348158,0.9980046778549383,0.9933322482638889
1,119,0.00011914393689949065,0.0008859604713506997,0.8553517633014255,0.08944446775648329,0.998022762345679,0.993359375
1,120,0.0001187240268336609,0.0008856505737639964,0.8558028840724333,0.0897403293185764,0.9980360243055556,0.9933919270833333
1,121,0.00011840218212455511,0.0008857706561684608,0.8561415470676658,0.08989678886201646,0.998048080632716,0.9933756510416667
1,122,0.00011818452185252681,0.0008856912609189749,0.8563845462269253,0.08972683880064222,0.9980583285108025,0.9933648003472222
1,123,0.00011799723142758012,0.00088554120156914,0.8565742242483445,0.09000725083880955,0.9980637538580247,0.9934027777777777
1,124,0.00011784263188019395,0.0008852726314216852,0.8567569202846951,0.09019873274697197,0.9980752073688272,0.9934353298611112
2,1,0.24363934993743896,0.06979478895664215,-374.6448115878635,-105.32709301842584,0.6666341145833333,0.7830132378472222
2,2,0.03654957562685013,0.017875514924526215,-55.346202897436825,-25.99334593878852,0.7458610628858025,0.6905327690972223
2,3,0.013015939854085445,0.009630446322262287,-19.292047794365587,-13.432871717876859,0.6493929639274691,0.5997884114583333
2,4,0.008664650842547417,0.007354217581450939,-12.21097289191352,-10.200108316209581,0.568821735146605,0.5381022135416667
2,5,0.006851600483059883,0.005184754729270935,-9.504241411479903,-6.7552072683970135,0.5287549430941358,0.512646484375
2,6,0.005567977204918861,0.004975327290594578,-7.401705721278249,-6.275421990288629,0.5183256172839507,0.5131076388888889
2,7,0.004567349795252085,0.004083483945578337,-5.7367147722362,-4.961530648337471,0.530251133294753,0.5400607638888889
2,8,0.0038386420346796513,0.003110891208052635,-4.55691622628106,-3.306236751874288,0.5914731626157408,0.5968587239583333
2,9,0.0029474031180143356,0.00247822143137455,-3.0763648889682913,-2.3414116117689345,0.6785174334490741,0.6436143663194445
2,10,0.002319417428225279,0.0021698838099837303,-2.046993249434012,-1.8418520238664415,0.7465971016589507,0.7138346354166667
2,11,0.0019371256930753589,0.0017965836450457573,-1.4749206647460844,-1.2793332232369317,0.7971010561342593,0.7449869791666667
2,12,0.001656202832236886,0.0016567802522331476,-1.0371141844325595,-1.1062360008557637,0.8309835551697531,0.7643934461805556
2,13,0.0014719984028488398,0.0014220052398741245,-0.7788538244035509,-0.7085275424851312,0.8598421826774691,0.8329698350694444
2,14,0.0013249116018414497,0.0014468528097495437,-0.5545840051439074,-0.7289336138301425,0.8829149787808642,0.85087890625
2,15,0.0012393664801493287,0.001356953871436417,-0.4523308350716108,-0.5656084047423469,0.902415485146605,0.8565755208333333
2,16,0.001142031978815794,0.0013434847351163626,-0.3234822321821142,-0.5579145828882853,0.9181616512345679,0.8837619357638888
2,17,0.0010572983883321285,0.001289171865209937,-0.21094952085871754,-0.4809506893157959,0.9324266975308642,0.897021484375
2,18,0.0009846044704318047,0.0012687828857451677,-0.11697514101311013,-0.4145785027080112,0.9400679976851852,0.9076985677083333
2,19,0.0009295782074332237,0.001246417174115777,-0.05195358358783486,-0.3793801572587755,0.946996166087963,0.9166286892361111
2,20,0.0008593345992267132,0.0012133251875638962,0.04398369362324844,-0.3399271395471361,0.9551920572916667,0.9324273003472222
2,21,0.000819395121652633,0.0012607695534825325,0.09146639167526621,-0.3913133011923896,0.9564278308256173,0.9214898003472223
2,22,0.0007783299079164863,0.0011477465741336346,0.12898633715547161,-0.25413010120391843,0.9601309317129629,0.9446885850694444
2,23,0.0007303788443095982,0.001121068955399096,0.1910709771109216,-0.22580606540044149,0.9661168981481482,0.9564670138888889
2,24,0.0006736716022714972,0.0011102348798885942,0.26179074696552607,-0.1859237485461765,0.9705753279320988,0.9521918402777778
2,25,0.0006347464513964951,0.0010761013254523277,0.3023472406246044,-0.13467415041393704,0.973219280478395,0.9654622395833333
2,26,0.0005886193248443305,0.001113698584958911,0.35944459511909954,-0.18547038899527657,0.9761537905092592,0.9581217447916667
2,27,0.0005496665835380554,0.0010981676168739796,0.3992731993581042,-0.17082057926389907,0.9776970003858024,0.9603407118055556
2,28,0.0005280236946418881,0.0010593445040285587,0.4244556156205542,-0.11643765105141533,0.9794391396604938,0.9656304253472222
2,29,0.0005001602112315595,0.0010366360656917095,0.45341692117997157,-0.08745998409059312,0.9801607108410494,0.9730414496527777
2,30,0.00047383757191710174,0.0010409370297566056,0.4827129637753522,-0.08475061257680257,0.9819022472993827,0.9762966579861111
2,31,0.0004590516327880323,0.0010601149406284094,0.4979981585785195,-0.12824318276511298,0.9829746576003087,0.9623263888888889
2,32,0.0004510032886173576,0.0010303833987563848,0.5072385443581475,-0.08168832858403524,0.9826159818672839,0.9708441840277777
2,33,0.00041729636723175645,0.0010139904916286469,0.5450824151804418,-0.03738172716564602,0.9844931520061728,0.9755642361111111
2,34,0.0003994675353169441,0.0009943018667399883,0.5653601262304518,-0.029837820265028212,0.9860007957175926,0.9765842013888889
2,35,0.00037967372918501496,0.0010089988354593515,0.5831971006628908,-0.04258006281322903,0.9869460117669753,0.9744791666666667
2,36,0.00036116657429374754,0.0010043552611023188,0.6065093006616757,-0.04336361355251736,0.9870581356095679,0.9747775607638889
2,37,0.0003464396868366748,0.0009762717527337372,0.6265875810458337,0.0015828437275356717,0.9881028163580247,0.9799153645833333
2,38,0.00032166839810088277,0.0009808492613956332,0.6499792936407489,-0.002249602476755778,0.9892752941743828,0.9795301649305556
2,39,0.0003084333147853613,0.0009768682066351175,0.6647305164808108,-0.0046702226003011065,0.9897394627700618,0.9819227430555556
2,40,0.0002939036348834634,0.0009754630737006664,0.6773258683122234,0.004924788739946153,0.9903404706790123,0.9813585069444445
2,41,0.0002807791461236775,0.00096109788864851,0.6934218243316368,0.020717476473914254,0.9908209153163581,0.9835232204861111
2,42,0.00027267076075077057,0.0009662320371717215,0.7021210786737042,0.014358871512942843,0.9913694782021605,0.9821506076388888
2,43,0.00026623590383678675,0.000953628565184772,0.7093535314371556,0.030131320158640545,0.9917576919367284,0.981103515625
2,44,0.00026183752925135195,0.0009617848554626107,0.7102796526602757,0.020067158010270862,0.9916304976851852,0.983984375
2,45,0.0002518721157684922,0.0009474870748817921,0.7187234771104507,0.039952062235938175,0.9924244068287037,0.9840549045138889
2,46,0.00024434758233837783,0.000952411734033376,0.7270617495348424,0.03209604819615682,0.9926625192901235,0.9834906684027778
2,47,0.00023934294586069882,0.0009695153567008674,0.7316226519184348,0.011838783158196343,0.992945240162037,0.9775499131944444
2,48,0.0002455036446917802,0.0009484597248956561,0.7240161443934029,0.04042797221077813,0.9922453703703704,0.9847113715277778
2,49,0.00023725102073512971,0.0009553992422297597,0.7336045402067679,0.02136855125427246,0.9926595052083333,0.9825249565972223
2,50,0.0002536750980652869,0.0009584686486050487,0.7161218144275524,0.02731130255593194,0.9924352575231481,0.9839952256944444
2,51,0.00023906060960143805,0.000954915420152247,0.7295125374087581,0.021397679381900365,0.9932496624228395,0.9829806857638889
2,52,0.0002538225962780416,0.0009421346476301551,0.7172728016052717,0.045146116945478654,0.9932050540123457,0.9841145833333333
2,53,0.0002372066373936832,0.0009541497565805912,0.7300371237743049,0.03242993752161662,0.9934739101080247,0.9810112847222222
2,54,0.00025990966241806746,0.0009534867713227868,0.7074592075230163,0.04244540267520481,0.9924581645447531,0.9859103732638889
2,55,0.000254255865002051,0.0009502602042630315,0.7158966261663554,0.026362518469492596,0.9932207272376543,0.9832790798611111
2,56,0.000250016717473045,0.0009623016230762005,0.7194143055397787,0.03409709268146091,0.993456428433642,0.9830240885416667
2,57,0.0002344509557588026,0.0009440461290068924,0.736333488240654,0.029727237754397923,0.9940700954861111,0.9845106336805556
2,58,0.00022378754511009902,0.0009350117179565132,0.7503648060339468,0.04253986544079251,0.9946349344135802,0.9854546440972223
2,59,0.00021409211331047118,0.0009549959795549512,0.7584226592087452,0.030190895663367377,0.9950074749228395,0.9823350694444445
2,60,0.00022464881476480514,0.0009489904041402042,0.7496784975499282,0.035369120703803165,0.9944354021990741,0.9819769965277778
2,61,0.00024346694408450276,0.0009567395318299532,0.726894912749161,0.028500197993384466,0.9929301697530865,0.9798068576388889
2,62,0.000492305844090879,0.0010110531002283096,0.4479252778453591,-0.04815560976664225,0.9786259403935185,0.93857421875
2,63,0.0007121976814232767,0.0011380135547369719,0.1657572051625193,-0.24174421363406712,0.9356656298225309,0.9199924045138889
2,64,0.0008390448056161404,0.001279977848753333,-0.008224456692919319,-0.5037804815504286,0.9268916377314815,0.9080620659722223
2,65,0.0007993927574716508,0.0013894177973270416,0.02325073524757668,-0.5897191246350606,0.9459086853780864,0.8952745225694444
2,66,0.0006993846618570387,0.001186862587928772,0.1278052035673165,-0.29915985266367595,0.9576292438271605,0.9562825520833333
2,67,0.0005317003233358264,0.0010855995351448655,0.3567713270952672,-0.15886909299426608,0.9762086467978395,0.9649848090277777
2,68,0.00040078896563500166,0.0010537211783230305,0.5166564820725241,-0.10782980389065212,0.9831084828317901,0.9732964409722222
2,69,0.0003465008339844644,0.001036238856613636,0.5786468835524571,-0.08482361369662815,0.9864480854552469,0.9765082465277778
2,70,0.00031427975045517087,0.0010261202696710825,0.6180264821758976,-0.07174177169799804,0.9884440104166666,0.9779622395833333
2,71,0.00029217026894912124,0.0010138747747987509,0.6454366766376259,-0.05641814602745904,0.9893416039737655,0.9797743055555556
2,72,0.0002734724839683622,0.0010122712701559067,0.6674281136489209,-0.05443516042497423,0.9902958622685185,0.980322265625
2,73,0.0002597635320853442,0.0010061664506793022,0.6843532428329373,-0.04689296881357829,0.990746768904321,0.9814887152777778
2,74,0.0002469874161761254,0.0010000854963436723,0.7007156957814723,-0.03862115674548679,0.9913652584876543,0.9822048611111112
2,75,0.0002358227939112112,0.0009980631293728948,0.7141910678074683,-0.035504685507880315,0.9917094666280865,0.98251953125
2,76,0.00023061255342327058,0.0009961843024939299,0.7206316878766189,-0.03306648201412625,0.9920494550540123,0.9828016493055556
2,77,0.00022688668104819953,0.0009948075748980045,0.7252486836763076,-0.030681073665618896,0.9922266830632716,0.9829969618055555
2,78,0.00022220620303414762,0.0009914381662383676,0.7307936743453697,-0.026369113392300077,0.9924008969907407,0.9832790798611111
3,1,0.23976533114910126,0.06355789303779602,-373.6757864869671,-95.76512836880154,0.6703552999614197,0.7970160590277777
3,2,0.033822257071733475,0.017377696931362152,-50.95496145295508,-25.272256278991698,0.7448621961805556,0.6807454427083334
3,3,0.012728651985526085,0.009378118440508842,-18.64972228003137,-13.013990147908528,0.6436203944830247,0.5951551649305555
3,4,0.008360452950000763,0.008148529566824436,-12.01155124888008,-11.203648810916476,0.5672290943287037,0.5309353298611111
3,5,0.007101620081812143,0.006436456926167011,-9.973362308372685,-8.661001841227213,0.5277283468364198,0.5072862413194444
3,6,0.005645224824547768,0.004900041967630386,-7.6006926080326975,-6.125583023495144,0.5188048562885802,0.507080078125
3,7,0.004577483981847763,0.004038601648062468,-5.889130812809791,-4.72815543015798,0.5357409818672839,0.5251844618055556
3,8,0.0039042828138917685,0.003146704286336899,-4.831305975678526,-3.3866865820354883,0.5792070553626543,0.5577473958333333
3,9,0.003228370100259781,0.0028329777996987104,-3.7770869814319377,-2.952653982904222,0.645263069058642,0.6277669270833334
3,10,0.002720968332141638,0.0022832942195236683,-2.9363334112697177,-2.0713689698113336,0.7099663628472223,0.6746310763888889
3,11,0.002213053870946169,0.0020251141395419836,-2.066531222249255,-1.6748084757063124,0.764600212191358,0.7289171006944445
3,12,0.0018916127737611532,0.001711543882265687,-1.5691106621130013,-1.2522828446494207,0.8135284047067901,0.7953884548611111
3,13,0.0016192406183108687,0.001567825791426003,-1.0826143778400656,-1.0239205439885457,0.8532871576003086,0.8472439236111111
3,14,0.0014646855415776372,0.001387357828207314,-0.8384760859571857,-0.7169382943047418,0.8827058015046296,0.8640787760416667
3,15,0.0013001408660784364,0.0012953836703673005,-0.5881931671389827,-0.5833114133940802,0.9040702160493828,0.8803385416666667
3,16,0.0012022445444017649,0.0013380171731114388,-0.4548651411209577,-0.6538931979073419,0.9177704234182099,0.9105523003472222
3,17,0.0011021844111382961,0.0012353258207440376,-0.3046674205933088,-0.4572626246346368,0.933860194830247,0.9216959635416667
3,18,0.0010229109320789576,0.001206238055601716,-0.19108278972131235,-0.45300803184509275,0.941772159529321,0.9459255642361111
3,19,0.0009461552836000919,0.0012004610616713762,-0.09406506029176123,-0.45733788543277315,0.950708912037037,0.9339898003472222
3,20,0.0008864751434884965,0.0011483170092105865,-0.018390068448620078,-0.3824205848905775,0.9549696180555556,0.95244140625
3,21,0.0008256640285253525,0.0011513966601341963,0.05986525173540468,-0.3897418353292677,0.9599476755401235,0.9623372395833333
3,22,0.0007607769803144038,0.0011066319420933723,0.14249275157481064,-0.3117559485965305,0.9654489776234568,0.9624457465277778
3,23,0.0007163771078921854,0.0011113981017842889,0.18968659197842633,-0.3220560484462314,0.9670349874614198,0.9620876736111111
3,24,0.0007257550023496151,0.0010682577267289162,0.1825606666965249,-0.27143873241212635,0.9670747733410494,0.9652289496527777
3,25,0.0006810356862843037,0.0011029579909518361,0.23497582659309293,-0.30787777370876734,0.9694197289737654,0.9637966579861111
3,26,0.0006494455737993121,0.0010531549341976643,0.2674990684897811,-0.23932295242945353,0.9730685763888889,0.9724283854166667
3,27,0.0005874470807611942,0.0010410798713564873,0.35002930973782953,-0.20951058864593505,0.9769416714891975,0.9680067274305556
3,28,0.0005407687276601791,0.0010049251141026616,0.4027374604601919,-0.16982651551564534,0.9789526668595679,0.9754611545138889
3,29,0.0005024840356782079,0.0010193478083238006,0.4469425298549511,-0.20191924307081435,0.9810830198688272,0.9772894965277777
3,30,0.0004763784818351269,0.0009921801974996924,0.47856366398893757,-0.14938054747051663,0.9821596498842593,0.9776692708333333
3,31,0.00045194278936833143,0.0009863973828032613,0.504152043071794,-0.15603848563300238,0.9834285783179012,0.9797905815972222
3,32,0.00042931275675073266,0.0009584258077666163,0.5244173142645094,-0.09852474398083157,0.9846245659722223,0.9801595052083333
3,33,0.0004021601052954793,0.0009746094001457095,0.5582120876253387,-0.1280521525277032,0.9857946325231481,0.9818359375
3,34,0.0003883997560478747,0.0009834390366449952,0.572643134917742,-0.12605112393697102,0.9866024064429012,0.9816623263888888
3,35,0.00037232227623462677,0.000957195064984262,0.590379591047028,-0.09638541539510091,0.9873697916666667,0.9829698350694445
3,36,0.00035799050237983465,0.0009406939498148859,0.6046356597064454,-0.07608797815110949,0.9884500385802469,0.9826171875
3,37,0.00034486345248296857,0.0009426436154171824,0.6189766733734696,-0.08292494879828559,0.9885374469521605,0.9845920138888888
3,38,0.0003282467951066792,0.0009426085744053125,0.6345208903889598,-0.07818907764222886,0.9895200376157407,0.9847927517361111
3,39,0.00031850370578467846,0.0009302675607614219,0.6481311128463274,-0.0545992030037774,0.9902512538580247,0.98564453125
3,40,0.00031013390980660915,0.0009208443807438016,0.6543489859427934,-0.03690783977508545,0.9904278790509259,0.9866807725694444
3,41,0.0002958619734272361,0.0009364878642372787,0.6707292965900751,-0.06211555533938938,0.9911452305169753,0.9859917534722222
3,42,0.0002828200813382864,0.0009441478759981692,0.6826324464362344,-0.07675455146365695,0.9913043740354939,0.9848307291666667
3,43,0.00027672707801684737,0.0009513745317235589,0.6901697082284056,-0.10840621259477404,0.9917914496527778,0.98564453125
3,44,0.0002673066919669509,0.0009263011161237955,0.7005559966887956,-0.05547294351789686,0.9921284239969136,0.9866265190972222
3,45,0.00026382325449958444,0.0009333810303360224,0.7047978791189783,-0.06688778930240208,0.9921302324459876,0.9882595486111111
3,46,0.0002620387531351298,0.0009522960754111409,0.7082040542437706,-0.0909332275390625,0.9926956741898149,0.9856879340277778
3,47,0.0002511800266802311,0.0009206001413986087,0.7160041764930443,-0.03861459096272787,0.9926908516589507,0.9882595486111111
3,48,0.00025205337442457676,0.0009285442065447569,0.7142876504380026,-0.05040429300732083,0.9928246768904321,0.986767578125
3,49,0.0002440154057694599,0.0009401455754414201,0.7245586617493335,-0.09153953658209907,0.9934895833333334,0.9864149305555555
3,50,0.00024890151689760387,0.0009179726475849748,0.7196062990176825,-0.042267096042633054,0.9935745804398148,0.9874131944444444
3,51,0.00024707562988623977,0.0009124117786996067,0.7228258918832849,-0.0290062771903144,0.9938277633101852,0.988671875
3,52,0.00024224811932072043,0.0009387565078213811,0.7302762487788259,-0.07510186301337349,0.9941514756944444,0.9889322916666666
3,53,0.0002305752714164555,0.0009647731203585863,0.7406969267644999,-0.08159921434190538,0.9942189911265432,0.9892686631944444
3,54,0.00023185850295703858,0.0009046794730238616,0.7359241785826507,-0.016095693906148276,0.9945228105709877,0.9854763454861111
3,55,0.0002352527080802247,0.0009302085381932557,0.7328813421873399,-0.0667642182774014,0.9938916618441358,0.9883246527777778
3,56,0.00022636176436208189,0.000924456340726465,0.7408489287635427,-0.05512024958928426,0.9942925347222222,0.9857150607638889
3,57,0.0002488297177478671,0.0009271093877032399,0.7129261954331104,-0.04591819975111219,0.9932418258101852,0.9738064236111111
3,58,0.00048348779091611505,0.0009340843535028398,0.4425384208008095,-0.022253803412119546,0.9723668981481481,0.908251953125
3,59,0.0008503979188390076,0.0010401313193142414,0.00250762583296976,-0.20310431321461994,0.8889588155864198,0.8711371527777778
3,60,0.000885132176335901,0.0012478868011385202,-0.07282038647451519,-0.4972057753139072,0.9041419511959876,0.9062771267361112
3,61,0.0007516731857322156,0.0012574775610119104,0.08315138242862842,-0.5394009696112738,0.9466260368441358,0.9396158854166666
3,62,0.0006263881805352867,0.001145931426435709,0.21644148252628467,-0.4172005428208245,0.9686686197916666,0.9660427517361111
3,63,0.0004731269436888397,0.001108562108129263,0.4147008469075332,-0.3194703499476115,0.9795874324845679,0.9706434461805555
3,64,0.0003918115980923176,0.0010761843295767903,0.5246464518853176,-0.26829225619633995,0.983620273919753,0.9755805121527777
3,65,0.0003557115560397506,0.0010482019279152155,0.5667423775166641,-0.22595285839504667,0.985765094521605,0.9784505208333333
3,66,0.0003231607552152127,0.0010442262282595038,0.6062795515413637,-0.21800545189115736,0.9872980565200618,0.9794379340277778
3,67,0.00030366593273356557,0.0010357063729315996,0.6286936445000731,-0.20559204022089642,0.9883572048611111,0.9807671440972222
3,68,0.00028824579203501344,0.0010202615521848202,0.6487927121880613,-0.18453636169433593,0.9889449508101852,0.9818142361111111
3,69,0.00027476222021505237,0.0010107558919116855,0.665886566226865,-0.17362542814678616,0.9897255979938272,0.982568359375
3,70,0.0002628214715514332,0.001004665158689022,0.6807403131767555,-0.16570601330863105,0.9901903694058642,0.9830240885416667
3,71,0.0002519570989534259,0.0010008551180362701,0.6937913094037845,-0.1605369634098477,0.9906406732253087,0.98349609375
3,72,0.00024738916545175016,0.0009957223664969206,0.6995643337567647,-0.15411496957143148,0.9909583574459877,0.9839246961805556
3,73,0.0002422702091280371,0.000992761692032218,0.7058492553086928,-0.149999295340644,0.9911193094135803,0.9841634114583333
3,74,0.00023888089344836771,0.0009897422278299928,0.7101697506727995,-0.1465254995557997,0.9913646556712963,0.98447265625
4,1,0.24751198291778564,0.06919528543949127,-384.3517321457098,-102.1261211819119,0.6618483555169753,0.7861273871527777
4,2,0.036120809614658356,0.017348971217870712,-55.60088286340972,-24.63924135631985,0.7364197530864197,0.6801432291666667
4,3,0.012549279257655144,0.009155772626399994,-18.287557978100246,-12.358547120624118,0.6391806520061728,0.5962456597222222
4,4,0.008229867555201054,0.007455385290086269,-11.753245186511382,-10.037204896079169,0.5626983265817901,0.5360297309027777
4,5,0.0068702055141329765,0.005554734729230404,-9.579336922551379,-7.022111378775703,0.5242699893904321,0.5157986111111111
4,6,0.005547395441681147,0.004809012170881033,-7.343293460210164,-5.891785674624973,0.5203251591435185,0.5183268229166667
4,7,0.004502968396991491,0.0036114309914410114,-5.6746761804745525,-4.108892117606269,0.5391571421682099,0.5795518663194444
4,8,0.0036523384042084217,0.0028486542869359255,-4.377217233916859,-2.8836749527189465,0.6021598910108025,0.6272298177083333
4,9,0.002957546152174473,0.0022803524043411016,-3.214788002732359,-1.9902558247248332,0.6682816116898148,0.6797580295138889
4,10,0.0024750689044594765,0.002107823733240366,-2.4657591033864903,-1.643150840865241,0.723631004050926,0.779248046875
4,11,0.002100565005093813,0.0016518377233296633,-1.8409162636156435,-1.0170967790815566,0.7758903597608025,0.769921875
4,12,0.0018006318714469671,0.0015905668260529637,-1.3809879504604103,-0.8574435565206739,0.8143614969135803,0.8281521267361112
4,13,0.0016387212090194225,0.0013871286064386368,-1.1217885795934701,-0.5592018670505947,0.850562427662037,0.8244900173611112
4,14,0.0014615594409406185,0.001392607344314456,-0.8504414612864271,-0.5686227811707391,0.8743561921296297,0.8659342447916667
4,15,0.001350907376036048,0.0013429410755634308,-0.7002713878949484,-0.4771261016527812,0.8951636043595679,0.8967339409722223
4,16,0.0012428342597559094,0.001277357805520296,-0.5357610396396967,-0.4322394569714864,0.9132703993055555,0.8938096788194444
4,17,0.0011542486026883125,0.001260705990716815,-0.409539019767149,-0.40266851319207086,0.9266963252314815,0.9169867621527777
4,18,0.0010710973292589188,0.0012144201900810003,-0.29790656949266975,-0.3568555858400133,0.9399703414351852,0.9226453993055556
4,19,0.0010025030933320522,0.0012018338311463594,-0.20075217926943745,-0.34546173148685033,0.9486695842978395,0.9453721788194445
4,20,0.0009153051651082933,0.001154804602265358,-0.0887672112311846,-0.2707948512501187,0.9555013020833333,0.9423014322916666
4,21,0.0008423888357356191,0.0011113227810710669,0.003128743760379744,-0.2251809040705363,0.9607566550925926,0.9595757378472223
4,22,0.0007816444849595428,0.0010721570579335093,0.08147638300318777,-0.17313082218170167,0.9649203076774692,0.9608615451388889
4,23,0.0007253665244206786,0.0010579023510217667,0.15457842526612459,-0.15205532444847955,0.9686915268132716,0.9686306423611111
4,24,0.0006683938554488122,0.0010239551775157452,0.22799004919735003,-0.1103279643588596,0.9723964361496914,0.9706271701388889
4,25,0.0006253253668546677,0.0010349417570978403,0.27024457263357843,-0.11593881845474244,0.9742717978395061,0.9762803819444444
4,26,0.0005857025389559567,0.0010229984764009714,0.32422980040679744,-0.10793501536051432,0.9771888261959877,0.9690212673611112
4,27,0.0005545275053009391,0.0009997800225391984,0.35986730419559243,-0.07522990306218465,0.9776397328317902,0.9766221788194445
4,28,0.0005210344679653645,0.0010171090252697468,0.4021391425603702,-0.078096780512068,0.9786319685570988,0.9760470920138888
4,29,0.0004944978281855583,0.0009627999388612807,0.4355689207712809,-0.03770147297117445,0.9804976851851852,0.97841796875
4,30,0.00045937177492305636,0.000990315922535956,0.47534657304669603,-0.060657199223836264,0.9829294463734568,0.9810709635416667
4,31,0.0004361550381872803,0.0009571299888193607,0.5000093995788951,-0.02149246136347453,0.9834671585648148,0.9806477864583333
4,32,0.0004202605923637748,0.0009544715867377818,0.5173730778105465,-0.0206488741768731,0.9841742621527778,0.9859429253472223
4,33,0.00039949722122401,0.0009393962100148201,0.5413068686002567,-0.005111598968505859,0.9853310667438272,0.9822428385416667
4,34,0.00039098336128517985,0.0009519007871858776,0.5510182657359559,-0.009671311908298069,0.9858241705246914,0.9830837673611111
4,35,0.00036610563984140754,0.0009384941076859832,0.580272744761573,-0.002510555585225423,0.9870105131172839,0.9865939670138889
4,36,0.0003461989981587976,0.000928871042560786,0.6042474992481279,0.0034937342007954914,0.9882028838734568,0.986376953125
4,37,0.0003352636704221368,0.0009456074330955744,0.6144838840873154,-0.010069184833102755,0.9889184268904321,0.9860460069444444
4,38,0.0003222214290872216,0.0009283313993364573,0.6305552161770103,0.009567307101355659,0.989160759066358,0.9867730034722222
4,39,0.0003096206346526742,0.0009220627835020423,0.6444591129267657,0.022395343250698512,0.9898063753858025,0.9861870659722223
4,40,0.0003067281795665622,0.0009285570122301579,0.6494453484629408,0.00808887481689453,0.9902385947145061,0.9875108506944444
4,41,0.00029817724134773016,0.0009312177426181734,0.6599411390445851,0.002301927407582601,0.9907286844135802,0.9876898871527777
4,42,0.0002904169959947467,0.0009296095813624561,0.6650686970463505,0.013700469334920248,0.9912187741126544,0.9881890190972222
4,43,0.00027894016238860786,0.0009056846611201763,0.681183201884046,0.046780137221018474,0.9915672019675926,0.9880316840277777
4,44,0.0002743886143434793,0.0009324743878096342,0.6867386764950223,0.008129056294759114,0.9918830777391975,0.9894748263888888
4,45,0.00026582222199067473,0.0009170647244900465,0.6931099043952094,0.01917832162645128,0.9920500578703704,0.9889105902777777
4,46,0.0002580932341516018,0.0009341395925730467,0.703939053894561,0.010233004887898764,0.9923978829089506,0.9887424045138888
4,47,0.00025517342146486044,0.0009007127373479307,0.7050508187140947,0.0504273255666097,0.9927420910493827,0.9888943142361111
4,48,0.0002492856583558023,0.000912800314836204,0.7098355940830561,0.03862060440911187,0.9930205922067902,0.9880316840277777
4,49,0.00024286337429657578,0.000902438594494015,0.7153759570769321,0.054739813009897866,0.9931182484567901,0.9879014756944444
4,50,0.00025026514776982367,0.0009240598301403224,0.7112695011091821,0.013246062066819933,0.9930736400462963,0.9872612847222222
4,51,0.00023598036204930395,0.0009086293866857886,0.7258677675400251,0.0497090842988756,0.9936179832175925,0.9891710069444445
4,52,0.00023038116341922432,0.0009271336020901799,0.7334449476665921,-0.005117309093475342,0.9941321855709877,0.9895670572916667
4,53,0.00022098797489888966,0.0009065709309652448,0.7404415270428598,0.04041568835576375,0.9943666811342593,0.9897243923611111
4,54,0.00021449499763548374,0.0009097026777453721,0.748362300278228,0.029054770204755994,0.9947042582947531,0.9909450954861111
4,55,0.0002178548602387309,0.0009181212517432868,0.7466800881020816,0.03057544363869561,0.9948573736496914,0.9900390625
4,56,0.00020397535990923643,0.000906335306353867,0.7631809717343178,0.03749971389770508,0.9951292438271605,0.9910536024305555
4,57,0.00018099526641890407,0.0009090215899050236,0.7874301982514652,0.04031267960866292,0.9954722463348765,0.9914659288194444
4,58,0.0001743680622894317,0.0009009973728097975,0.7956594712940264,0.05062013732062446,0.9956374180169754,0.9917860243055555
4,59,0.00016842898912727833,0.0009071669774129987,0.8024259281747135,0.04505453507105509,0.9958146460262346,0.9920681423611111
4,60,0.00016557765775360167,0.0008965387241914868,0.8055047032273845,0.06042547888225979,0.9959544994212963,0.9921875
4,61,0.00016224286810029298,0.0009060293668881059,0.8090891652637058,0.049783693419562444,0.9960847077546297,0.9923556857638889
4,62,0.00015986768994480371,0.0008956218371167779,0.8119043681356642,0.062269352542029484,0.9961841724537037,0.9924207899305556
4,63,0.00015818336396478117,0.0009019398130476475,0.8139457518671765,0.054801886611514625,0.9961920090663581,0.9926920572916667
4,64,0.00015591256669722497,0.0008929014438763261,0.8160793442785004,0.0668850580851237,0.9963427131558642,0.9926703559027777
4,65,0.0001534771581646055,0.0008991564391180873,0.8190931028789944,0.05874765846464369,0.9964331356095679,0.9927571614583334
4,66,0.00015229603741317987,0.0008937361999414861,0.8202177679097211,0.0665971106953091,0.9964801552854938,0.9927463107638889
4,67,0.00015000300481915474,0.0008967432659119368,0.8228891725893374,0.0630153112941318,0.9965880594135802,0.9926378038194444
4,68,0.00014970614574849606,0.0008897343650460243,0.8228175556218182,0.07319581508636475,0.9965470679012346,0.9930935329861111
4,69,0.00014768310938961804,0.0008933821809478104,0.8252995354157907,0.07014574872122871,0.9967339409722222,0.9929090711805556
4,70,0.000145460813655518,0.0008979077683761716,0.8278568710809873,0.06219436989890204,0.9968062789351851,0.9929850260416667
4,71,0.00014407161506824195,0.0008909523603506386,0.8300135921548915,0.07215261459350586,0.9968810281635803,0.993212890625
4,72,0.00014336922322399914,0.0008920584223233163,0.8313023352328642,0.07055170006222194,0.9969515576774691,0.9930881076388889
4,73,0.00014135142555460334,0.0008889968157745898,0.8333772260465739,0.07476386494106717,0.9970516251929012,0.9932996961805556
4,74,0.0001430005650036037,0.0009003856685012579,0.830868747793598,0.0600454847017924,0.9969111689814815,0.9922146267361112
4,75,0.00014253862900659442,0.0008927631424739957,0.8312910430225325,0.06516524685753716,0.9969997829861111,0.9926920572916667
4,76,0.0001419863838236779,0.0009048336651176214,0.8319286225754537,0.05122033490075006,0.9969931520061729,0.9929307725694444
4,77,0.00013964388926979154,0.0008902449626475573,0.8342344925727373,0.07085907459259033,0.9971535011574074,0.9929633246527778
4,78,0.0001393088896293193,0.0008936155354604125,0.8349596959573251,0.0672120451927185,0.9972746672453704,0.992919921875
4,79,0.00014375452883541584,0.0009071117965504527,0.8282875016883567,0.047562921047210695,0.9969298562885802,0.9930555555555556
4,80,0.0001405953080393374,0.0009033195674419403,0.8328375786910822,0.05120289855533176,0.9972240306712963,0.9925021701388889
4,81,0.00013706981553696096,0.0008934001089073718,0.8373926249551185,0.0644749813609653,0.9973289207175926,0.9932183159722222
4,82,0.00013444595970213413,0.0009015518007799983,0.8403454084455231,0.05431351396772596,0.9974145206404321,0.9929796006944445
4,83,0.00012784033606294543,0.0008991431095637381,0.8473493461255674,0.06162631644142998,0.9974959008487654,0.9933430989583333
4,84,0.00012742370017804205,0.0009002467850223184,0.8471657295285919,0.056392794185214576,0.9975778838734568,0.9931586371527777
4,85,0.00012798661191482097,0.0009020554134622216,0.846928643738782,0.05583450926674737,0.9974187403549383,0.993505859375
4,86,0.00012518910807557404,0.0008968396577984095,0.8502083620907348,0.0629486256175571,0.997680965470679,0.9933810763888888
4,87,0.00012365890142973512,0.0008991335635073483,0.8519898079059742,0.062384070290459524,0.9976821711033951,0.9935872395833333
4,88,0.00012253306340426207,0.0008968767942860723,0.8532531223179382,0.06506485806571113,0.9977514949845679,0.9935004340277778
5,1,0.2421955019235611,0.06669700145721436,-387.71972025176626,-109.08824772304959,0.6773901668595679,0.8031684027777778
5,2,0.035069774836301804,0.017878685146570206,-53.04708684520957,-28.09480005370246,0.7576473283179013,0.6948133680555556
5,3,0.01288302056491375,0.009198173880577087,-18.685870578553942,-13.753496922387017,0.655811149691358,0.6105740017361111
5,4,0.008414331823587418,0.007427339907735586,-11.702060805426704,-10.998666400379605,0.5886260609567902,0.5646809895833333
5,5,0.006560042500495911,0.005463224370032549,-8.799273898277754,-7.514095438851251,0.562156997492284,0.5579969618055556
5,6,0.005343145690858364,0.004330026917159557,-6.95889579249017,-5.695373731189304,0.568869960455247,0.5694444444444444
5,7,0.004224821925163269,0.0037308481987565756,-5.094985484488216,-4.69064957830641,0.5848482108410494,0.5905110677083333
5,8,0.0035620834678411484,0.0029960554093122482,-4.068602618759061,-3.3571492274602255,0.6192738474151235,0.6205403645833333
5,9,0.002982387552037835,0.002361925318837166,-3.143655718403098,-2.391782122188144,0.6709382233796296,0.6912706163194444
5,10,0.002435172675177455,0.0022183554247021675,-2.2301899477287574,-2.1936771392822267,0.7337366174768518,0.7145833333333333
5,11,0.0020640308503061533,0.00168388313613832,-1.6376103973683016,-1.301409547858768,0.7753954475308642,0.8018012152777778
5,12,0.0017538373358547688,0.0016259871190413833,-1.188097114621857,-1.199624028470781,0.8196970244984568,0.7927625868055556
5,13,0.0015377762028947473,0.0014020755188539624,-0.8717848075760736,-0.8447634842660692,0.8492277922453704,0.8471082899305555
5,14,0.001394770573824644,0.0014013414038345218,-0.6782075200551821,-0.8584876484341092,0.876488353587963,0.8697862413194445
5,15,0.0012687987182289362,0.0011890021851286292,-0.5128434110570836,-0.5185254666540358,0.8978093653549383,0.8988335503472222
5,16,0.001154462923295796,0.0012756530195474625,-0.355469591823625,-0.6524106476042005,0.9163007571373457,0.8925401475694444
5,17,0.001084398478269577,0.001139604952186346,-0.2700200388460983,-0.4301575541496277,0.9262363763503086,0.9321560329861112
5,18,0.0009931718232110143,0.0011515738442540169,-0.14768530306992708,-0.45002804862128365,0.9388503086419753,0.9309353298611112
5,19,0.0009246892295777798,0.001091032288968563,-0.06509587220203729,-0.35977876053916086,0.9458990403163581,0.9421440972222223
5,20,0.0008795959874987602,0.0010672834469005466,-0.009758329391479493,-0.33420078224605987,0.9507493007330247,0.9483995225694445
5,21,0.0008004737319424748,0.0010569257428869605,0.08236815988281626,-0.30958268112606474,0.9572163146219136,0.9463107638888889
5,22,0.0007587440777570009,0.00100909941829741,0.13903819352020452,-0.22636440594991047,0.9609049479166667,0.9649088541666667
5,23,0.0007003716891631484,0.0010223016142845154,0.20506986129431076,-0.25601307021247016,0.9669047791280864,0.9572808159722223
5,24,0.0006606640527024865,0.0009812237694859505,0.24995559144903112,-0.1754950616094801,0.9697512779706791,0.9639485677083334
5,25,0.0006192257860675454,0.0009996471926569939,0.30683993954717376,-0.21429795291688708,0.9723445939429012,0.9670844184027778
5,26,0.000575744197703898,0.000964878243394196,0.3547362031760039,-0.1612402359644572,0.9736478829089507,0.9683810763888889
5,27,0.0005565294995903969,0.0009451869409531355,0.3800059620245003,-0.13310277064641315,0.9760416666666667,0.9696017795138889
5,28,0.0005246901419013739,0.0009427859913557768,0.41487008686418886,-0.1156221866607666,0.9782371238425925,0.9653591579861112
5,29,0.0004911980358883739,0.0009524615597911179,0.4544335596355391,-0.1503329661157396,0.9800250771604938,0.9725206163194444
5,30,0.00046752794878557324,0.0009535537683404982,0.48026378419664173,-0.14646752145555283,0.9816273630401234,0.9738878038194444
5,31,0.0004474761080928147,0.0009277421049773693,0.507479574503722,-0.09533829689025879,0.9821934076003086,0.9787923177083333
5,32,0.0004176826332695782,0.0009213602752424777,0.5407331285653291,-0.0847715589735243,0.9845263069058642,0.9782172309027778
5,33,0.00039998567081056535,0.0009049845393747091,0.5594644781983928,-0.0635848085085551,0.9853600019290123,0.9790310329861112
5,34,0.00038534554187208414,0.0008963460568338633,0.5737711632693255,-0.06031001541349623,0.9859362943672839,0.9798611111111111
5,35,0.0003803876170422882,0.0009093283442780375,0.5802294664912754,-0.07175708744261,0.9858211564429012,0.9763020833333333
5,36,0.00037364326999522746,0.0008996332180686295,0.5817533671120066,-0.05506354570388794,0.9864806375385803,0.9834309895833333
5,37,0.0003580707125365734,0.000876530772075057,0.6046974039372103,-0.020656871795654296,0.9876163435570988,0.9836154513888888
5,38,0.00033596361754462123,0.0008829403668642044,0.6292388864505438,-0.032192564010620116,0.9886357060185185,0.9824924045138889
5,39,0.00035554246278479695,0.0009303410188294947,0.6056381773065638,-0.09504606458875868,0.9874855324074074,0.976220703125
5,40,0.00037449656520038843,0.0009316866635344923,0.586054273299229,-0.10792268249723647,0.9850302613811729,0.9763617621527778
5,41,0.000370583264157176,0.000920243444852531,0.5778955725975978,-0.08541679514778985,0.9870316116898148,0.97890625
5,42,0.0003482285828795284,0.000886985391844064,0.610215750447026,-0.04241661098268297,0.9877555941358025,0.974462890625
5,43,0.00035895511973649263,0.0009266617707908154,0.5938451786100128,-0.08642462227079603,0.987255256558642,0.9742784288194445
5,44,0.0003663314855657518,0.0009313374757766724,0.5834329691933997,-0.11483768886990017,0.9870671778549382,0.9656467013888889
5,45,0.00037358360714279115,0.0009234588942490518,0.5763334194819133,-0.10598269568549262,0.9859061535493827,0.9770724826388889
5,46,0.00034331073402427137,0.0008853820618242025,0.6132911403973897,-0.0521658009952969,0.9884205005787037,0.9794325086805555
5,47,0.0002947557659354061,0.0008783917874097824,0.66703674837395,-0.029545446236928303,0.9902687355324075,0.9828287760416666
5,48,0.0002737430913839489,0.0008540478302165866,0.6898154271973505,0.011017505327860515,0.9911114728009259,0.9850260416666666
5,49,0.00025957965408451855,0.0008686608634889126,0.7062278275136594,-0.005958494875166151,0.9920054494598766,0.9855794270833333
5,50,0.0002499468973837793,0.0008595407707616687,0.7183306343761491,0.0083133684264289,0.9924213927469135,0.9866102430555556
5,51,0.00024387400480918586,0.0008594586397521198,0.7255400634106295,0.00820948150422838,0.9928373360339506,0.9868489583333333
5,52,0.00023563485592603683,0.0008553803781978786,0.7354786291534519,0.015100214216444228,0.9930579668209877,0.9875542534722223
5,53,0.00023149163462221622,0.0008501711999997497,0.7399540458196475,0.023278948995802136,0.9932894483024691,0.9878851996527778
5,54,0.00022615060152020305,0.0008551792707294226,0.747117445645509,0.01836926672193739,0.9935709635416666,0.9877766927083333
5,55,0.00022276831441558897,0.0008480603573843837,0.7505431838977484,0.02647748390833537,0.9937463831018518,0.9884874131944444
5,56,0.0002193919353885576,0.0008478881791234016,0.7544041961799434,0.02728380759557088,0.9939597800925926,0.9884114583333333
5,57,0.00021452999499160796,0.0008450892637483776,0.7600518470928993,0.03151762220594618,0.994118320794753,0.9886827256944445
5,58,0.00021065224427729845,0.0008464402635581791,0.7643703008875434,0.02799184454811944,0.9942714361496914,0.9887261284722222
5,59,0.00020940054673701525,0.0008469371823593974,0.7659840507271849,0.028483817312452527,0.9944366078317901,0.9886284722222223
5,60,0.00020892248721793294,0.0008520871633663774,0.766738631254361,0.021351089742448596,0.9943582417052469,0.9881510416666667
5,61,0.0002061109698843211,0.000847371993586421,0.7695329189300537,0.02897334893544515,0.9944251543209877,0.9884385850694445
5,62,0.0002011768228840083,0.0008427518187090755,0.7752545612829703,0.036039365662468806,0.9946970244984568,0.9890570746527778
5,63,0.00019742315635085106,0.0008430759189650416,0.779082289006975,0.0360543688138326,0.9948796778549382,0.9892198350694444
5,64,0.00019430965767242014,0.0008352965814992785,0.7814712162371035,0.045836712254418266,0.9950774016203704,0.9893174913194445
5,65,0.00019119949138257653,0.0008399747312068939,0.7854321940445605,0.03937935431798299,0.9951756606867284,0.9894965277777777
5,66,0.00018875987734645605,0.0008352520526386797,0.7881480977859026,0.04482025967703925,0.995339023919753,0.98974609375
5,67,0.00018756765348371118,0.000834859733004123,0.7889222124476492,0.04657514492670695,0.9953788097993828,0.9897189670138888
5,68,0.000186006014700979,0.0008348990813829005,0.7918390450654207,0.045081043243408205,0.9955433786651234,0.9898383246527778
5,69,0.00018698583880905062,0.0008402891107834876,0.7899074170324537,0.04017445511288113,0.9955506124614197,0.9897894965277778
5,70,0.00018254111637361348,0.0008352925069630146,0.7946086330178344,0.045085011588202585,0.9957151813271605,0.9899197048611111
5,71,0.00017951620975509286,0.0008352816221304238,0.7977445854081048,0.04459408654106988,0.9957549672067901,0.9899739583333333
5,72,0.00017659456352703273,0.0008312546997331083,0.8002023891166404,0.05083088080088297,0.9959478684413581,0.9902018229166667
5,73,0.00017523305723443627,0.0008346151444129646,0.8020398319503408,0.04445512824588352,0.9959918740354938,0.9900119357638889
5,74,0.00017249454685952514,0.0008269345853477716,0.8048574463820751,0.055930136309729685,0.996119671103395,0.9904296875
5,75,0.0001716510596452281,0.000838563428260386,0.8056139529487233,0.040252663029564754,0.9961636766975308,0.9900607638888889
5,76,0.00016994887846522033,0.0008302979404106736,0.8085950676305794,0.05362572405073378,0.996290268132716,0.9904459635416667
5,77,0.00017759598267730325,0.0008397640776820481,0.7982641889725203,0.03728955851660835,0.9958086178626543,0.9892198350694444
5,78,0.00017523107817396522,0.0008301924099214375,0.8004467318087448,0.048555858929951984,0.9961371527777778,0.9895562065972222
5,79,0.00016892880375962704,0.0008330382406711578,0.8073276566870419,0.047311609321170386,0.9963270399305556,0.9902940538194445
5,80,0.0001680862915236503,0.0008362735970877111,0.8084240371798291,0.04115351570977105,0.9964680989583333,0.9898383246527778
5,81,0.000165892080985941,0.0008380514336749911,0.8116423759931399,0.04017113182279799,0.9965512876157407,0.9901584201388889
5,82,0.00016361635061912239,0.0008286662632599473,0.8134336446538384,0.054110737641652425,0.9965995129243828,0.9905978732638889
5,83,0.00015746153076179326,0.000831548823043704,0.8221706369776784,0.05025452905231052,0.9967182677469136,0.9906087239583333
5,84,0.00015296660421881825,0.0008312787977047265,0.825682031666791,0.05199354754553901,0.9968581211419754,0.99072265625
5,85,0.0001504434330854565,0.000829914235509932,0.8285341755843457,0.0532610985967848,0.9969871238425926,0.9907443576388889
5,86,0.00014911139442119747,0.0008286853553727269,0.8301563535207583,0.0551538003815545,0.9969786844135803,0.9909613715277777
5,87,0.00014812886365689337,0.0008290706900879741,0.8306973146803585,0.05458105405171712,0.9970986448688272,0.9909396701388888
5,88,0.00014720880426466465,0.0008272666018456221,0.8323903260407625,0.056971816221872966,0.9970654899691358,0.9910590277777778
5,89,0.0001462741638533771,0.0008278805180452764,0.832935968004627,0.05592650440004137,0.9971697771990741,0.9910970052083333
5,90,0.0001455696765333414,0.0008265698561444879,0.8337147699462043,0.057929530408647324,0.9971528983410494,0.9912380642361112
5,91,0.0001442926877643913,0.0008271702099591494,0.8350128328358686,0.05647744470172458,0.9972294560185185,0.9912272135416667
5,92,0.0001440259366063401,0.0008253299165517092,0.8351020643740524,0.059356843100653756,0.9972535686728395,0.9913248697916667
5,93,0.0001426669186912477,0.0008260132162831724,0.836671578148265,0.05855048100153605,0.997339771412037,0.9913628472222222
5,94,0.00014322067727334797,0.0008242831681855023,0.8359938581784566,0.059324651294284395,0.9972451292438271,0.9911783854166667
5,95,0.00014243404439184815,0.0008249909733422101,0.8370834288773713,0.059955566459231904,0.9972819010416667,0.9912543402777778
5,96,0.00014119164552539587,0.0008252807892858982,0.8384721574959931,0.05894710222880046,0.9973313319830247,0.9913736979166666
5,97,0.0001394927385263145,0.0008247401565313339,0.8403590470184514,0.05927273299958971,0.9974663628472222,0.9913953993055555
5,98,0.00013878264871891588,0.0008240094175562263,0.8409803524429416,0.060940343803829615,0.9974687741126543,0.9914930555555556
5,99,0.00013824259804096073,0.0008245680364780128,0.8422407357781022,0.06064029137293498,0.9975182050540123,0.9915364583333334
5,100,0.0001375645078951493,0.0008232392137870193,0.8421470327141845,0.06233856148189969,0.9975242332175925,0.9915147569444445
5,101,0.00013696233509108424,0.0008248079684562981,0.8422268796850134,0.060892305109235975,0.9975652247299382,0.9916286892361111
5,102,0.0001364527561236173,0.0008229157538153231,0.8422565349826107,0.06282086239920723,0.9976164641203704,0.99169921875
5,103,0.00013549817958846688,0.0008228911319747567,0.8433490984233809,0.06363673210144043,0.997633342978395,0.9916720920138888
5,104,0.00013471260899677873,0.000821758178062737,0.8440944433212281,0.06459559202194214,0.9976532359182099,0.9917588975694445
5,105,0.0001337404828518629,0.000822549918666482,0.8454077479280071,0.0640987859831916,0.9977002555941358,0.991748046875
5,106,0.00013318585115484893,0.0008211014792323112,0.845539778838923,0.06615317397647434,0.9977165316358024,0.9918728298611111
5,107,0.0001322061289101839,0.0008214194094762206,0.8467937559257319,0.06518705421023899,0.9977701822916667,0.9918077256944444
5,108,0.00013136002235114574,0.0008207400096580386,0.8479355857696063,0.06706221633487278,0.9977828414351851,0.9919813368055556
5,109,0.0001304678589804098,0.0008211025269702077,0.8488976232799483,0.06609114673402575,0.9978358892746914,0.9919704861111112
5,110,0.00012975616846233606,0.0008196794078685343,0.849695865460384,0.06815581056806776,0.9978515625,0.9920355902777778
5,111,0.00012888717174064368,0.0008201430318877101,0.8507186473151784,0.06795316139856974,0.9978919511959876,0.9920138888888889
5,112,0.0001280970172956586,0.0008196573471650481,0.8516303144855264,0.06857210662629869,0.9979112413194444,0.9920735677083333
5,113,0.00012724834959954023,0.000819929176941514,0.8526796140788514,0.06755149232016669,0.9979516300154321,0.9920627170138889
5,114,0.00012757354124914855,0.0008204628829844296,0.8527099094273132,0.06733706792195639,0.9979679060570987,0.9919976128472222
5,115,0.000126728875329718,0.0008198665454983711,0.8534830683543358,0.06813227732976278,0.9980143229166667,0.9920301649305555
5,116,0.00012594331928994507,0.0008194304537028074,0.8541575821829431,0.06979729202058581,0.9979938271604938,0.992236328125
5,117,0.000126053171698004,0.0008194850524887443,0.8539360954437727,0.06770404709710015,0.9980577256944444,0.9920138888888889
5,118,0.00012543842603918165,0.0008192919194698334,0.8546904343145865,0.06987035671869914,0.9980420524691358,0.9923068576388889
5,119,0.00012461128062568605,0.0008195359259843826,0.8555655049689022,0.06900953186882866,0.9981071566358025,0.9921440972222222
5,120,0.0001237112155649811,0.000819068809505552,0.8566476496649377,0.07093811167611017,0.9981300636574074,0.9922634548611111
5,121,0.00012411715579219162,0.0008211663225665689,0.8570710535402651,0.06857393185297649,0.9981228298611111,0.9923014322916667
5,122,0.00012339299428276718,0.0008236466674134135,0.8575373823260084,0.0641424920823839,0.9981831114969136,0.9921061197916666
5,123,0.00012283987598493695,0.0008198078721761703,0.858066784599681,0.06901595062679715,0.9981819058641975,0.99228515625
5,124,0.00012148708628956228,0.0008191908127628267,0.859841803562494,0.06959789329104954,0.9982373649691358,0.9921766493055556
5,125,0.00012088855146430433,0.0008208953076973557,0.8602404731291312,0.06830282476213244,0.9982494212962963,0.9922905815972223
5,126,0.00011964215082116425,0.0008187277126125991,0.8617545113151456,0.07072997755474514,0.9982801649305556,0.9922580295138889
5,127,0.00011992196959909052,0.000820345536340028,0.8619496525069814,0.06937132279078166,0.9983217592592593,0.9922254774305556
5,128,0.00011863053077831864,0.0008179284632205963,0.8628577537006802,0.07353822390238444,0.9983103057484568,0.9924045138888888
5,129,0.00011975285451626405,0.0008183566387742758,0.8616229697510048,0.06951444678836399,0.9983097029320988,0.9921549479166667
5,130,0.00011861559323733672,0.0008202022290788591,0.8624685827596688,0.06934589809841579,0.9983500916280864,0.9922417534722222
5,131,0.00011890797031810507,0.0008198540890589356,0.8633375081015222,0.06838697459962632,0.9983928915895062,0.9922037760416667
5,132,0.00011688205995596945,0.0008176137343980372,0.8648476955331402,0.07092015080981784,0.9983922887731481,0.9923719618055555
5,133,0.00011640739103313535,0.0008205302874557674,0.8653654875578703,0.06760672330856324,0.9984453366126543,0.9921766493055556
5,134,0.0001158242957899347,0.000818396860267967,0.865772913267583,0.07113937139511109,0.9984471450617284,0.9924370659722223
5,135,0.00011685301433317363,0.0008183898753486574,0.8646538123672391,0.07201125224431355,0.9984598042052469,0.9922634548611111
5,136,0.00011761015048250556,0.0008189440704882145,0.8632851740460337,0.07137855688730875,0.9984109760802469,0.9925021701388889
5,137,0.00011707482917699963,0.0008193868561647832,0.8649846072550174,0.06736100249820286,0.9985206886574074,0.9922471788194445
5,138,0.00011731008999049664,0.0008255764842033386,0.8645653249304972,0.061155270205603705,0.9984664351851852,0.9922634548611111
5,139,0.00011712743435055017,0.0008166737388819456,0.8650702233667726,0.07201564444435968,0.9985224971064814,0.9922309027777778
5,140,0.00011689226812450215,0.0008293665014207363,0.8655905920782206,0.05855546527438694,0.9985224971064814,0.9923556857638889
5,141,0.00011638193973340094,0.0008152539376169443,0.8659142842999211,0.07586860656738281,0.9985508294753086,0.9922688802083334
5,142,0.0001144519992521964,0.0008187625790014863,0.8677994246836062,0.07058690521452161,0.9985713252314815,0.9926378038194444
5,143,0.00011421657109167427,0.0008187592029571533,0.8677853203114169,0.07083393202887642,0.9985972463348766,0.9923231336805556
5,144,0.00011512547644088045,0.0008219421142712235,0.8666070169872708,0.06592944198184543,0.998632209683642,0.9920355902777778
5,145,0.00011552729120012373,0.0008171826484613121,0.8658231383488502,0.07374588118659126,0.9984821084104938,0.9921332465277778
5,146,0.00011304383224342018,0.0008196806884370744,0.8679908290321444,0.07125291162066989,0.9986213589891976,0.9921169704861111
5,147,0.00011220022133784369,0.0008160959696397185,0.8700295517474045,0.07586665550867716,0.9987099729938271,0.9924967447916667
5,148,0.00011560921848285943,0.000826606759801507,0.8651620938454145,0.060885286331176756,0.9985243055555556,0.9921332465277778
5,149,0.00012006454926449805,0.0008133146911859512,0.8626749833424886,0.07714617252349854,0.9985851900077161,0.992041015625
5,150,0.00011895563511643559,0.0008199205622076988,0.8634169772819237,0.06901957194010416,0.998561077353395,0.9919162326388888
6,1,0.24598002433776855,0.07091641426086426,-385.95452782430766,-103.71932508680555,0.6658492476851852,0.787646484375
6,2,0.0371345654129982,0.018808364868164062,-56.18765314007983,-26.548203648461236,0.7413007571373457,0.6818196614583333
6,3,0.013544187881052494,0.009672584012150764,-20.100120937088388,-12.992544884151883,0.6414225260416667,0.5970757378472222
6,4,0.008957302197813988,0.008146092295646667,-12.88318560682697,-10.832255548901028,0.5666057822145062,0.5402669270833333
6,5,0.007307492662221193,0.006186815910041332,-10.262375798637484,-7.915474383036296,0.5320191936728395,0.528564453125
6,6,0.005731092765927315,0.004656512290239334,-7.703831603791978,-5.554847918616401,0.5300136236496914,0.5371148003472223
6,7,0.00469442130997777,0.004046435002237558,-5.992673189551742,-4.6439939366446605,0.5513201678240741,0.5719780815972222
6,8,0.003852986730635166,0.0030676836613565683,-4.616802924356342,-3.2519225597381594,0.6040605709876543,0.6370876736111111
6,9,0.003014172427356243,0.0026640486903488636,-3.2901588796097556,-2.5307876374986438,0.683153694058642,0.6900065104166667
6,10,0.0024419925175607204,0.0021183437202125788,-2.3281429455604084,-1.6287601974275376,0.7408371913580247,0.7542371961805555
6,11,0.0020551644265651703,0.0019587483257055283,-1.6976307177249297,-1.3497441715664333,0.7901463638117284,0.7340494791666666
6,12,0.0017822007648646832,0.0018371549667790532,-1.2983611589596595,-1.2112654950883655,0.8192937403549383,0.8129014756944445
6,13,0.0015966182108968496,0.001618409063667059,-1.0131476177109613,-0.8515204363399081,0.8554024402006173,0.8343641493055556
6,14,0.0014237700961530209,0.0014737647725269198,-0.7835576762387781,-0.6295101390944586,0.8800202546296296,0.8526475694444444
6,15,0.0013094287132844329,0.0014698574086651206,-0.6137280369982308,-0.636246207025316,0.8965549045138889,0.8831108940972222
6,16,0.0011924400459975004,0.001416472252458334,-0.4466096536612805,-0.5469140503141615,0.9171109423225309,0.8845486111111112
6,17,0.0011225841008126736,0.0013292195508256555,-0.3635783670861044,-0.4392608682314555,0.9284884982638889,0.9099500868055556
6,18,0.0010354910045862198,0.001265145605430007,-0.2481301259111475,-0.33417927821477256,0.9400806568287037,0.9246202256944445
6,19,0.0009502389002591372,0.00129964470397681,-0.13622348970837064,-0.37958081430859036,0.948243393132716,0.9142035590277777
6,20,0.0008822204545140266,0.001239147037267685,-0.039614845941096176,-0.2972078124682109,0.9519241898148149,0.9271213107638889
6,21,0.0008270608959719539,0.0012431363575160503,0.01985668826986242,-0.29039933946397567,0.9595142505787037,0.9317057291666667
6,22,0.0007563108229078352,0.0011792085133492947,0.11141211706915019,-0.22262146472930908,0.9637098524305555,0.9471245659722223
6,23,0.0007093569147400558,0.0011790439020842314,0.16328552181338085,-0.20251791477203368,0.9684413580246913,0.9539876302083333
6,24,0.0006530402461066842,0.0011383492965251207,0.24064469322746182,-0.15870050191879273,0.9721854504243828,0.9601942274305556
6,25,0.0006069313967600465,0.001126614399254322,0.2991375976138645,-0.14116298092736138,0.9749047550154321,0.9580457899305556
6,26,0.0005676868604496121,0.0010726056061685085,0.34421748747060327,-0.07391587363349067,0.9769724151234568,0.9674424913194445
6,27,0.0005332204746082425,0.0010755143593996763,0.3883543073395152,-0.06565538909700182,0.9786223234953704,0.9745713975694444
6,28,0.0005000743549317122,0.0010703811421990395,0.43050169650419257,-0.07565763261583117,0.9796175733024691,0.9645236545138889
6,29,0.0004800772585440427,0.0010947890114039183,0.44998250817075186,-0.09828151199552748,0.9802595727237654,0.9654893663194445
6,30,0.00045854621566832066,0.0010843855561688542,0.47845163301185323,-0.08222404718399048,0.9823561680169753,0.9682671440972223
6,31,0.00042985519394278526,0.0010422189952805638,0.5102896029566542,-0.03354041046566433,0.9836256992669753,0.9753363715277777
6,32,0.00041043772944249213,0.0010703552979975939,0.5352429189799744,-0.07031769355138143,0.9852171344521605,0.9706759982638888
6,33,0.0003870913351420313,0.0010367538779973984,0.5587895374239227,-0.026598396566179065,0.9860140576774692,0.9742296006944444
6,34,0.00042122145532630384,0.001036403700709343,0.5196942662015374,-0.035452142026689316,0.9839729214891976,0.9781358506944444
6,35,0.00047834368888288736,0.0011595538817346096,0.44060870276557074,-0.19352802965376112,0.9792793933256173,0.9605143229166667
6,36,0.0004862972709815949,0.0010975385084748268,0.42047868378368425,-0.13313518232769436,0.9779405381944445,0.9724229600694444
6,37,0.0005509930197149515,0.0012263576500117779,0.3342756019698249,-0.2682129542032878,0.9761670524691358,0.9602430555555556
6,38,0.0005172727396711707,0.0012188947293907404,0.3656406033186265,-0.2621718552377489,0.978466194058642,0.9513509114583333
6,39,0.00047428978723473847,0.0011376530164852738,0.4394875416049251,-0.16201229890187582,0.9796428915895061,0.9726942274305556
6,40,0.0004224709700793028,0.0011513156350702047,0.5103924542297552,-0.1884359425968594,0.9821258921682099,0.9673773871527778
6,41,0.0004043655644636601,0.001074384548701346,0.5367052622783332,-0.08572241200341119,0.984228515625,0.9572157118055555
6,42,0.00037880975287407637,0.0011877422221004963,0.5638132629571138,-0.224700042936537,0.983543716242284,0.9620713975694445
6,43,0.000390268221963197,0.0010636987863108516,0.5434926748275757,-0.06357938845952352,0.9839204764660494,0.9733778211805556
6,44,0.00031291472259908915,0.0010366149945184588,0.6417472943847562,-0.03366303708818224,0.9882921006944444,0.979052734375
6,45,0.0002867200819309801,0.001026309560984373,0.669223564642447,-0.019657466146681044,0.9895857445987655,0.9815158420138889
6,46,0.0002707893727347255,0.0010227267630398273,0.6886857331534962,-0.007791859573788113,0.9905195071373457,0.9826443142361111
6,47,0.00026312563568353653,0.001015401678159833,0.696793923996113,-0.002141455809275309,0.9910728925540123,0.9834201388888889
6,48,0.00025602796813473105,0.001012811902910471,0.7050889943852837,0.0053303175502353245,0.9913869598765432,0.98486328125
6,49,0.0002491200575605035,0.0010079951025545597,0.7128507971763611,0.008670632044474285,0.9917408130787037,0.9851671006944445
6,50,0.00024395392392762005,0.0010053487494587898,0.7191238238487715,0.01298897796207004,0.9920114776234568,0.9857313368055556
6,51,0.00023859040811657906,0.0010029494296759367,0.7249404515749143,0.015084371301862928,0.9922899787808642,0.9862684461805555
6,52,0.00023427006090059876,0.0009997595334425569,0.7297876387466619,0.019846104251013862,0.9924768518518519,0.9868598090277778
6,53,0.0002305556263308972,0.0010003943461924791,0.7339283495773504,0.017394202285342747,0.9926890432098765,0.9865234375
6,54,0.00022652717598248273,0.0009979929309338331,0.7391642148112073,0.020915781127081978,0.9928668740354938,0.9874891493055555
6,55,0.00022245384752750397,0.0009962228359654546,0.7436232107656974,0.022850812806023493,0.9931092062114197,0.9876736111111111
6,56,0.00021677883341908455,0.0009967784862965345,0.7497616791430814,0.022996518346998427,0.9933250144675926,0.987841796875
6,57,0.00021330351592041552,0.0009937828872352839,0.753674633561829,0.026597245534261068,0.993455825617284,0.9882595486111111
6,58,0.00020898107322864234,0.0009924366604536772,0.7584453582763672,0.028658927811516657,0.9936607831790123,0.9886067708333334
6,59,0.00020668809884227812,0.000994700938463211,0.7607738084263271,0.024165863460964627,0.9938560956790123,0.9879937065972222
6,60,0.00020461004169192165,0.0009887965861707926,0.7629601586012192,0.03234151336881849,0.9939109519675926,0.9891059027777778
6,61,0.00020081340335309505,0.000989968073554337,0.7677713695867562,0.030434228314293755,0.9940881799768518,0.9887478298611111
6,62,0.00019753945525735617,0.0009889965876936913,0.7711726475644994,0.033284318447113034,0.9942907262731482,0.9891493055555556
6,63,0.0001940294896485284,0.000990049447864294,0.7745638739915541,0.031278668509589304,0.9943919994212963,0.989453125
6,64,0.00019170765881426632,0.0009874706156551838,0.7764287061161466,0.03485889302359687,0.9945511429398148,0.9897569444444444
6,65,0.00019166509446222335,0.0009917503921315074,0.7769829031861859,0.030748075909084745,0.9946789400077161,0.9890570746527778
6,66,0.00018800536054186523,0.0009856061078608036,0.7822280511443997,0.03810311158498128,0.9947072723765432,0.989892578125
6,67,0.00018422430730424821,0.000988104147836566,0.7859811567965849,0.03252773020002577,0.9949092158564815,0.9895670572916667
6,68,0.0001809699460864067,0.0009868837660178542,0.7895320129983219,0.0368152313762241,0.995067756558642,0.9900444878472222
6,69,0.0001799731544451788,0.00098433718085289,0.7913917743129495,0.037810500462849936,0.9950924720293209,0.9901421440972222
6,70,0.00017637014389038086,0.000984335201792419,0.7948884858025445,0.038788298765818276,0.9952648775077161,0.9898383246527778
6,71,0.00017466145800426602,0.000985384569503367,0.7976063900523715,0.039149853918287486,0.9952721113040124,0.9904134114583333
6,72,0.00017172525986097753,0.0009836619719862938,0.8002813140551249,0.040100680457221136,0.9954788773148148,0.9904079861111111
6,73,0.0001689364289632067,0.000983526697382331,0.8035313350182992,0.04080912272135417,0.9955674913194444,0.9906032986111111
6,74,0.00016651037731207907,0.0009845886379480362,0.8059174929136111,0.04115902715259128,0.995604263117284,0.9908528645833333
6,75,0.0001658361143199727,0.0009836363606154919,0.8069755102381294,0.038334114021725124,0.9957609953703703,0.9902452256944444
6,76,0.00016269672778435051,0.000985475955531001,0.8107708334922791,0.03974703020519681,0.9957628038194445,0.990966796875
6,77,0.00016056338790804148,0.0009809181792661548,0.8128564022205494,0.04484236107932197,0.9958942177854938,0.9908474392361111
6,78,0.0001589712337590754,0.000985683174803853,0.8145177997188804,0.0379978789223565,0.9959768036265432,0.9909776475694444
6,79,0.00015724403783679008,0.0009823907166719437,0.8162316150135465,0.04277435541152954,0.9961033950617284,0.9910101996527778
6,80,0.00015689345309510827,0.0009828880429267883,0.8163057268401723,0.04111323886447483,0.9960533613040123,0.9910481770833334
6,81,0.0001542644895380363,0.0009822440333664417,0.8196168672891311,0.043828366862403025,0.9962625385802469,0.9910807291666667
6,82,0.00015486619668081403,0.0009800990810617805,0.8197849772594593,0.04459347195095486,0.9963065441743827,0.9909559461805556
6,83,0.0001531871675979346,0.0009824507869780064,0.8213338177881123,0.044894806543986004,0.9963740596064815,0.9912706163194445
6,84,0.00015312767936848104,0.0009795092046260834,0.8237800814487316,0.04835855695936415,0.9964343412422839,0.9911512586805555
6,85,0.00015280282241292298,0.0009793341159820557,0.8228446180437818,0.04871422052383423,0.9964482060185185,0.9917643229166667
6,86,0.0001543672988191247,0.0009842379949986935,0.8203965344546754,0.04153464370303684,0.9965458622685185,0.9909559461805556
6,87,0.00015227054245769978,0.0009800407569855452,0.8210047661522288,0.049598975976308184,0.9964988425925926,0.9916449652777778
6,88,0.0001536480849608779,0.0009897812269628048,0.8220549072748349,0.035550958580440946,0.9967134452160494,0.9905924479166667
6,89,0.00015111436368897557,0.0009845338063314557,0.8220312704274684,0.04230230384402805,0.9966109664351852,0.9917371961805556
6,90,0.00014753738651052117,0.0009866434847936034,0.8270637186956994,0.0382250189781189,0.9967502170138889,0.9909776475694444
6,91,0.00014461707905866206,0.0009821975836530328,0.8279794244118679,0.04390125804477268,0.9968177324459877,0.9918891059027778
6,92,0.00014158207341097295,0.0009830159833654761,0.8329498127654746,0.04355438020494249,0.9968828366126543,0.9916829427083333
6,93,0.00014268074301071465,0.0009808589238673449,0.8329042072649355,0.04732069041993883,0.9969105661651234,0.9918348524305556
6,94,0.00013693387154489756,0.0009801883716136217,0.8396715033201524,0.04943824344211155,0.9971149209104938,0.9918674045138889
6,95,0.00013076630420982838,0.0009818647522479296,0.8451719593118738,0.0471091800265842,0.9971317997685185,0.9920844184027777
6,96,0.00012836488895118237,0.0009813038632273674,0.8480243544519683,0.04785142607159085,0.9972312644675926,0.9922037760416667
6,97,0.00012712976604234427,0.0009818037506192923,0.8495511032916881,0.04727775785658095,0.9972716531635802,0.9923285590277777
6,98,0.00012608544784598053,0.0009817243553698063,0.8507926715744867,0.04709772136476305,0.9973210841049382,0.9923285590277777
6,99,0.00012557704758364707,0.0009803539142012596,0.8513569718525733,0.04876679711871677,0.9973439911265433,0.9923990885416667
6,100,0.00012462682207114995,0.0009811532218009233,0.852471062724973,0.047791091601053874,0.9973542390046296,0.9924370659722223
6,101,0.00012365315342321992,0.0009811483323574066,0.8536708291666008,0.04796878364351061,0.9974018614969136,0.9925238715277778
6,102,0.00012298901856411248,0.000980892451480031,0.8544045794157334,0.04846500290764703,0.9974440586419753,0.9925835503472222
6,103,0.00012259051436558366,0.0009805706795305014,0.8548706633073312,0.049049790700276694,0.9974561149691358,0.9925726996527777
6,104,0.00012205663369968534,0.0009808555478230119,0.8555268711513944,0.04876371489630805,0.9974766107253087,0.9926052517361111
7,1,0.2461014837026596,0.06943994015455246,-381.57191981562863,-109.9390303293864,0.6662700135030865,0.7828993055555555
7,2,0.036484066396951675,0.01808212697505951,-54.88209241702233,-27.697283384535048,0.7356819058641976,0.6784450954861111
7,3,0.013042296282947063,0.009483651258051395,-19.046371228606613,-13.951901732550727,0.6356807002314815,0.5887912326388889
7,4,0.008331498131155968,0.007774715311825275,-11.744153674443563,-11.340709410773384,0.5593611352237654,0.5276312934027778
7,5,0.006942783948034048,0.0061814747750759125,-9.546188858997674,-8.498481771681044,0.5152982735339506,0.4989203559027778
7,6,0.005757820792496204,0.005035861395299435,-7.695490731427699,-6.738989302847121,0.4998884789737654,0.4918240017361111
7,7,0.004653178621083498,0.004412549547851086,-5.830896834973935,-5.724214135275947,0.5067189911265432,0.5088595920138889
7,8,0.0038868149276822805,0.003483202774077654,-4.625005008556225,-4.248994464344449,0.5462595244984568,0.5744032118055555
7,9,0.003165783826261759,0.00273693585768342,-3.4004213200675117,-2.955961020787557,0.6381679205246914,0.6657769097222223
7,10,0.002514885738492012,0.002307422226294875,-2.3948084319079364,-2.1871195620960657,0.7127995997299382,0.7382161458333333
7,11,0.0022029634565114975,0.0020301933400332928,-1.923189291983475,-1.8607239180141024,0.7687524112654321,0.7873480902777777
7,12,0.001855860580690205,0.0017759476322680712,-1.367685909330109,-1.347953486442566,0.8153892988040123,0.8334038628472222
7,13,0.001673039048910141,0.0015666588442400098,-1.1101140178280111,-1.0850589182641772,0.8447790075231482,0.8629340277777777
7,14,0.0014979604166001081,0.0014304646756500006,-0.8415583921067509,-0.8769999848471748,0.8764979986496914,0.8713324652777777
7,15,0.0013531433651223779,0.0013726218603551388,-0.6394268626048241,-0.7716615491443211,0.8956898630401234,0.8933268229166667
7,16,0.0012466709595173597,0.0012970799580216408,-0.49395505557825536,-0.6261729968918694,0.9120816454475309,0.9161675347222222
7,17,0.001133545651100576,0.0012735351920127869,-0.3381027345304136,-0.6020128740204705,0.9264111930941358,0.9314290364583333
7,18,0.0010568962898105383,0.001139503438025713,-0.24096356571456531,-0.39103404415978327,0.936914665316358,0.9344943576388889
7,19,0.000984199345111847,0.0012466341722756624,-0.1478639579113619,-0.5489788333574931,0.9452311197916666,0.9404513888888889
7,20,0.0009154703002423048,0.0011891121976077557,-0.05258112836767126,-0.46051824225319754,0.9513400607638889,0.9408148871527777
7,21,0.0008464744314551353,0.0010812808759510517,0.03509687082267102,-0.30401299132241144,0.957493610146605,0.9591091579861111
7,22,0.0007845325162634254,0.001075673964805901,0.11275592998222068,-0.2812423692809211,0.9633704668209877,0.9635308159722222
7,23,0.0007324980106204748,0.0010456489399075508,0.1709891856452565,-0.24626370933320788,0.9676161024305555,0.9652886284722222
7,24,0.0006795378285460174,0.001004048972390592,0.2400284540506057,-0.17892931567298043,0.9693811487268519,0.968603515625
7,25,0.0006438479758799076,0.0009676784393377602,0.2846432665247976,-0.12625168959299723,0.9731614101080247,0.9719129774305556
7,26,0.0005963140865787864,0.0009511408279649913,0.33983904667842535,-0.11809318065643311,0.9757758246527778,0.9757649739583333
7,27,0.0005570224020630121,0.0009628157131373882,0.37786190068280257,-0.13077529271443686,0.9788140190972222,0.973291015625
7,28,0.0005301656201481819,0.0009609364788047969,0.41027617233770863,-0.12251831822925144,0.9788254726080247,0.977490234375
7,29,0.0005192492390051484,0.0009231198346242309,0.4220190018783381,-0.08367587195502388,0.9806779272762346,0.9801052517361111
7,30,0.00046685797860845923,0.0009149193647317588,0.4832273414105545,-0.07921719683541192,0.9830686969521605,0.9810980902777777
7,31,0.00047392206033691764,0.0009304868872277439,0.4679441232740143,-0.0887594223022461,0.9831747926311728,0.9805772569444444
7,32,0.00043482959154061973,0.0008951995987445116,0.5208409275537655,-0.0400573902659946,0.9846752025462963,0.9810872395833333
7,33,0.00041357753798365593,0.0008820380899123847,0.5482461293538411,-0.028649336761898465,0.9862823109567901,0.9835340711805556
7,34,0.0003958478628192097,0.0008775549358688295,0.5661231135144645,-0.02189137935638428,0.9873878761574074,0.9840277777777777
7,35,0.0003639597853180021,0.000889575865585357,0.5997781975769703,-0.029177028603023954,0.9884554639274692,0.9846137152777777
7,36,0.00035235710674896836,0.0008698084857314825,0.6144549787780385,-0.006689914067586263,0.9889413339120371,0.9859212239583334
7,37,0.0003387628821656108,0.0008695785654708743,0.6257468444329721,-0.009670983420477973,0.9895326967592593,0.9864474826388889
7,38,0.0003250012523494661,0.0008494138601236045,0.6429331036261571,0.014271558655632868,0.9902880256558642,0.9876302083333334
7,39,0.0003171679563820362,0.0008775491151027381,0.6490765932165546,-0.020409782727559406,0.9906762393904321,0.9879720052083333
7,40,0.0003046831698156893,0.0008531901403330266,0.6609754789022751,0.012237838904062907,0.9912941261574074,0.9884114583333333
7,41,0.000294724537525326,0.0008630635566078126,0.6728249986966451,0.0023341033193800187,0.9915334442515432,0.9888780381944444
7,42,0.0002863093977794051,0.0008584159077145159,0.682584595238721,0.0035222517119513617,0.992189308449074,0.988916015625
7,43,0.0002782524097710848,0.0008787469705566764,0.6905101318418244,-0.022092296017540827,0.9924364631558642,0.9883409288194445
7,44,0.0002784073003567755,0.0008609732612967491,0.6859601147380876,0.0039712813165452745,0.992358699845679,0.989501953125
7,45,0.00027952465461567044,0.0008501068223267794,0.6909561692932505,0.013938652144538032,0.9927529417438271,0.9885470920138889
7,46,0.0002828944707289338,0.0008606727933511138,0.6829742296242419,0.0040697495142618815,0.9929000289351851,0.9889865451388888
7,47,0.00026212463853880763,0.000863265770021826,0.7080678246639392,0.0010316610336303712,0.9934901861496913,0.9895453559027778
7,48,0.00023770230473019183,0.0008543316507712007,0.7324974982826798,0.010952807797325981,0.9938132957175926,0.990576171875
7,49,0.00022799009457230568,0.0008604868198744953,0.744346120328079,0.0030676643053690594,0.9941798080632716,0.9907063802083333
7,50,0.00022080136113800108,0.0008515802910551429,0.7514226900206672,0.01416501866446601,0.9943998360339507,0.9911838107638888
7,51,0.00021834016661159694,0.0008496537338942289,0.7547013897954682,0.01644307772318522,0.9945565682870371,0.9912163628472223
7,52,0.00021283593378029764,0.0008515790104866028,0.7600267741415235,0.014563246568044027,0.9947428385416667,0.9914496527777777
7,53,0.00020935492648277432,0.0008457402000203729,0.7638215930373581,0.021430536111195882,0.994850742669753,0.9916178385416666
7,54,0.00020623410819098353,0.0008459667442366481,0.7672741265944493,0.021276945537990994,0.9950177228009259,0.9918077256944444
7,55,0.00020249676890671253,0.0008429184672422707,0.7712318352711054,0.024630015426211887,0.9951623987268519,0.9918511284722222
7,56,0.00019979341595899314,0.000844750611577183,0.7739059613074786,0.022693680392371282,0.9952594521604938,0.9920138888888889
7,57,0.00019644576241262257,0.0008415865013375878,0.7776092679412276,0.02631094323264228,0.9953932773919754,0.9920952690972222
7,58,0.00019437374430708587,0.0008401936502195895,0.779307762928951,0.028576417764027914,0.9954752604166667,0.9922254774305556
7,59,0.00019123396486975253,0.0008410358568653464,0.7834293995374515,0.027246957355075412,0.995629581404321,0.9922417534722222
7,60,0.00018969355733133852,0.0008363854140043259,0.784788704212801,0.03330344226625231,0.9956946855709876,0.9923502604166666
7,61,0.00018597542657516897,0.0008402463281527162,0.7890100749922387,0.02849588394165039,0.9957971643518518,0.9924424913194444
7,62,0.00018384295981377363,0.0008348617702722549,0.7909301409014949,0.03512234422895644,0.9959249614197531,0.9924424913194444
7,63,0.0001816278527257964,0.0008385281544178724,0.7930730554792617,0.031184963385264077,0.9959936824845679,0.9926052517361111
7,64,0.0001793011906556785,0.0008366827387362719,0.7959915252379429,0.03298994170294867,0.9961299189814815,0.9925347222222223
7,65,0.00017766667588148266,0.0008340053027495742,0.7973329354215551,0.03508623043696086,0.9961841724537037,0.9926974826388889
7,66,0.00017544292495585978,0.0008356408216059208,0.8000186452159175,0.034097046322292754,0.9962637442129629,0.9926432291666667
7,67,0.00017351741553284228,0.0008356632315553725,0.8019169780943128,0.03441165288289388,0.9963517554012346,0.9927517361111111
7,68,0.00017170926730614156,0.0008295002626255155,0.8037669043482086,0.041698145866394046,0.9964162567515432,0.9928114149305556
7,69,0.00016943798982538283,0.0008350284770131111,0.8065871902454047,0.03570276763704088,0.996533805941358,0.9927354600694445
7,70,0.000167001984664239,0.0008308780379593372,0.8091737981195803,0.039214114348093666,0.9965844425154321,0.9927842881944444
7,71,0.00016642294940538704,0.0008371071889996529,0.8094540663707404,0.03505756590101454,0.9966845100308642,0.993017578125
7,72,0.00016588575090281665,0.0008247184450738132,0.8099820740428971,0.047738767994774715,0.9966766734182099,0.9929470486111112
7,73,0.00016443825734313577,0.0008412299794144928,0.8120683758347123,0.0286035074128045,0.9968322000385802,0.9927734375
7,74,0.0001637691748328507,0.0008290337864309549,0.8134745837729654,0.04095996883180406,0.9968117042824074,0.9929253472222223
7,75,0.00016587678692303598,0.0008407818386331201,0.8105542296244774,0.026622796058654787,0.9969081548996913,0.9921983506944444
7,76,0.00019229791359975934,0.0008494831854477525,0.7780205648622395,0.012338842286003961,0.995556037808642,0.9919270833333333
7,77,0.00018324388656765223,0.000836605322547257,0.7882375433121198,0.027052075333065456,0.996337890625,0.9909505208333333
7,78,0.0001829477696446702,0.0008556587854400277,0.7908739764013408,0.005714420477549235,0.9963107638888888,0.9908094618055555
7,79,0.00018205908418167382,0.000836394086945802,0.791957143942515,0.03304322163263957,0.9962522907021605,0.9917209201388889
7,80,0.0001743518514558673,0.0008409927249886096,0.7985686072596797,0.024734201696183948,0.9965977044753086,0.9921169704861111
7,81,0.00016482688079122454,0.0008373743621632457,0.8117734529353954,0.02486799293094211,0.9969027295524692,0.992236328125
7,82,0.00015387788880616426,0.0008292972343042493,0.8237589743402269,0.03682011498345269,0.9971088927469136,0.9927788628472223
7,83,0.0001498081546742469,0.0008303962531499565,0.8279396548683261,0.037100936306847465,0.9972728587962963,0.9928331163194445
7,84,0.0001474381861044094,0.0008306931122206151,0.8304655884519035,0.03632889986038208,0.997292148919753,0.9929144965277777
7,85,0.00014595466200262308,0.0008281134651042521,0.8315958907574783,0.04101605945163303,0.9973584587191358,0.9930338541666667
7,86,0.00014483698760159314,0.0008276512380689383,0.8328685301321525,0.04001811080508762,0.9974163290895062,0.9929904513888889
7,87,0.000143311801366508,0.0008280634647235274,0.8345586953339753,0.041023931238386366,0.9974567177854938,0.9931749131944444
7,88,0.00014273857232183218,0.0008268337696790695,0.8349800446887076,0.04150781763924493,0.9975019290123457,0.9930121527777778
7,89,0.00014164444291964173,0.0008280071197077632,0.8363125536176893,0.04060686429341634,0.9974760079089506,0.9931803385416667
7,90,0.0001409350661560893,0.0008263696217909455,0.8370818051291101,0.043275101979573564,0.9975718557098765,0.9932345920138889
7,91,0.00014018442016094923,0.000826459436211735,0.8379962934388054,0.043381880389319526,0.997584514853395,0.9932291666666667
7,92,0.00013982527889311314,0.0008261511102318764,0.8383373915413279,0.04363865852355957,0.9976128472222222,0.9932834201388889
8,1,0.2425212860107422,0.06624286621809006,-382.6818723042806,-111.11500761244032,0.6777259355709877,0.796337890625
8,2,0.03493523597717285,0.017862288281321526,-52.98523840845367,-29.037991025712756,0.7472812982253086,0.6843587239583333
8,3,0.012809636071324348,0.009152380749583244,-18.541808212539298,-14.295739157994587,0.647413315007716,0.5990017361111111
8,4,0.00844741053879261,0.007343596778810024,-11.906622953179442,-11.359291558795505,0.5700436439043209,0.53779296875
8,5,0.006756594404578209,0.00600513955578208,-9.344404291812285,-9.029501454035442,0.5300425588348765,0.5179741753472222
8,6,0.005354502238333225,0.0047939857468008995,-7.007184869271738,-7.048910358217028,0.5195969569830247,0.5105740017361111
8,7,0.0043331291526556015,0.0034752239007502794,-5.322848934891783,-4.653922986984253,0.5377983940972222,0.5374782986111111
8,8,0.003461392130702734,0.002983317244797945,-3.922949360035084,-3.880767734845479,0.5993513695987654,0.5926812065972222
8,9,0.002746341750025749,0.002360084094107151,-2.7493146387147314,-2.5781943798065186,0.6819372106481482,0.63232421875
8,10,0.0022471193224191666,0.002036674413830042,-1.893205691561287,-2.1419812043507895,0.7326889226466049,0.7085232204861112
8,11,0.0019487000536173582,0.0016794804250821471,-1.4859956282156486,-1.5161257319980197,0.7787760416666667,0.773779296875
8,12,0.0017094367649406195,0.001649635611101985,-1.0764388040260033,-1.5119630283779568,0.8192503375771605,0.7530490451388889
8,13,0.0015259550418704748,0.0014518385287374258,-0.8247968545666448,-1.0961522181828818,0.8491807725694445,0.8041015625
8,14,0.0013803391484543681,0.0013712195213884115,-0.6279513691678459,-0.9554869916703966,0.8749137972608024,0.829150390625
8,15,0.0012863584561273456,0.001279166666790843,-0.5080213133199716,-0.7897044248051114,0.8973795572916666,0.8553765190972222
8,16,0.0011791972210630774,0.001136195263825357,-0.36410380175084245,-0.5616825567351447,0.9134482301311728,0.890478515625
8,17,0.0010914679151028395,0.001123044523410499,-0.25495354908483997,-0.5588098870383369,0.9274932484567902,0.8948079427083333
8,18,0.0009974758140742779,0.0010778815485537052,-0.1348890126487355,-0.468960177898407,0.939697265625,0.9179578993055556
8,19,0.0009474811959080398,0.0010345305781811476,-0.07011927410408303,-0.3761362804306878,0.9479896074459877,0.9283854166666666
8,20,0.0008624909678474069,0.001013640547171235,0.03166379663679335,-0.35436087979210745,0.9542715567129629,0.9328667534722223
8,21,0.000808847660664469,0.0009754145867191255,0.0963333135769691,-0.29046319988038805,0.9578082802854938,0.9463324652777778
8,22,0.0007488139672204852,0.000992533634416759,0.16185641906879566,-0.32322520944807265,0.9640799816743827,0.9413357204861111
8,23,0.0006864338065497577,0.00095510168466717,0.2431009163091212,-0.24660140805774264,0.9661042390046296,0.9526150173611111
8,24,0.0006529369857162237,0.0009418632253073156,0.2775611597814678,-0.21779094404644436,0.9695891203703704,0.9485568576388889
8,25,0.000619547616224736,0.0009270550217479467,0.31226376957363555,-0.20542414320839775,0.9706277729552469,0.9518012152777777
8,26,0.0005697979358956218,0.0008955427911132574,0.37115202759519034,-0.11234302123387654,0.9739697868441358,0.9599012586805555
8,27,0.0005407651769928634,0.00088224106002599,0.4035274980980673,-0.09294138881895277,0.976317153742284,0.9629937065972223
8,28,0.0005112832877784967,0.0008949248003773391,0.4390998834445153,-0.09919234249326918,0.9786464361496914,0.9555718315972223
8,29,0.00048573670210316777,0.0008780181524343789,0.46707106755103595,-0.0894842717382643,0.9781925154320987,0.9660915798611112
8,30,0.0004565850249491632,0.0008610053919255733,0.5015423339090229,-0.08156490723292033,0.9812825520833334,0.9686469184027777
8,31,0.0004359360318630934,0.0008473185589537024,0.5215494788723227,-0.03531960646311442,0.9825376157407407,0.9712131076388889
8,32,0.0004121578822378069,0.000850307522341609,0.5505188601988333,-0.05010029872258504,0.9830837673611111,0.9731879340277778
8,33,0.0003993760037701577,0.0008297480526380241,0.5607869077611852,0.002021002769470215,0.9845275125385803,0.9744140625
8,34,0.00038657046388834715,0.0008324689697474241,0.5801034462304763,-0.005512973997328016,0.9851460021219136,0.9785861545138889
8,35,0.00036073627416044474,0.0008285124786198139,0.6081946960201969,0.013102557924058702,0.9862129870756173,0.9786512586805556
8,36,0.00035109539749100804,0.0008374102180823684,0.6184387630886502,-0.01533039410909017,0.9874626253858024,0.97646484375
8,37,0.0003368534962646663,0.0008181763114407659,0.6307615796724956,0.025663206312391492,0.9878695264274692,0.9810275607638889
8,38,0.00031908039818517864,0.0008134593954309821,0.6524679039731438,0.037846493721008304,0.9888298128858025,0.9811957465277777
8,39,0.000301152205793187,0.0008103706641122699,0.6724726448824376,0.04602781136830648,0.9896225163966049,0.9827256944444445
8,40,0.0003006508923135698,0.0008046969887800515,0.6723122595269003,0.053550219535827635,0.9891257957175926,0.9825737847222222
8,41,0.0002954432857222855,0.0008300193585455418,0.67958856732757,0.019012574354807535,0.9897063078703704,0.9803819444444445
8,42,0.00028398633003234863,0.0008203917532227933,0.6880966158560765,0.03136134147644043,0.9907063802083333,0.9818359375
8,43,0.000282126507954672,0.0008020909735932946,0.6931887879783725,0.06828122271431816,0.9909692081404321,0.9837999131944445
8,44,0.0002684792852960527,0.0008072921191342175,0.7070570205464776,0.05171223349041409,0.9913429542824074,0.9858018663194444
8,45,0.00029494945192709565,0.0008162865997292101,0.6736339227652844,0.03525810903973049,0.9909258053626543,0.9847059461805555
8,46,0.0002833486068993807,0.0008196091512218118,0.6871904321658758,0.052128026220533585,0.9908323688271605,0.9800944010416667
8,47,0.0002842771355062723,0.0008064787252806127,0.682887351365737,0.059639779726664226,0.9908721547067901,0.9829698350694445
8,48,0.00026619210257194936,0.0008176940027624369,0.7027345844257025,0.02214747005038791,0.9917860243055555,0.9842664930555556
8,49,0.00025212892796844244,0.0008192952955141664,0.7187560035858626,0.016950666904449463,0.9926148967978395,0.9844835069444444
8,50,0.00025088241090998054,0.0008179281139746308,0.7289678700176286,0.03452175590727064,0.9929277584876544,0.9854817708333333
8,51,0.0002678144664969295,0.0008389189606532454,0.7121469996593617,-0.027633217970530193,0.9929169077932098,0.9782389322916667
8,52,0.00029178784461691976,0.0008253504056483507,0.6840746106924834,0.009973588254716661,0.9918571566358024,0.9834092881944444
8,53,0.00023271844838745892,0.0008229344966821373,0.7449310248280749,0.0009972121980455187,0.993334659529321,0.985693359375
8,54,0.0002114033850375563,0.0008108391775749624,0.7648893388701073,0.04751634332868788,0.9938777970679012,0.9866536458333334
8,55,0.00020158092956990004,0.0008079829858615994,0.7761170560930982,0.04036748674180773,0.9942587770061728,0.9875434027777777
8,56,0.00019395380513742566,0.0008046570583246648,0.7834326836797926,0.05294276740815904,0.9945631992669753,0.98828125
8,57,0.0001891078136395663,0.000807858188636601,0.7875919543666604,0.041161109341515435,0.9947313850308642,0.9885362413194444
8,58,0.0001848451211117208,0.0008023054106160998,0.7918686631285115,0.05749613576465183,0.9949327256944445,0.9887532552083333
8,59,0.0001810078538255766,0.0008045703871175647,0.7955625650323468,0.04792631467183431,0.9950502748842592,0.9892795138888889
8,60,0.0001782465260475874,0.000801940681412816,0.7983683184341148,0.05641982290479872,0.9952208719135802,0.9892306857638888
8,61,0.0001757129211910069,0.0008020298555493355,0.80103643072976,0.05600925154156155,0.9952630690586419,0.989404296875
8,62,0.00017458868387620896,0.0008013080223463476,0.8022085278122514,0.05791185564464993,0.9953474633487654,0.9895182291666667
8,63,0.00017302873311564326,0.000801146263256669,0.803918284840054,0.057686723603142635,0.9953763985339507,0.9896375868055556
9,1,0.2468247264623642,0.07089512050151825,-389.60733611966356,-119.68916893005371,0.6793016975308642,0.7920138888888889
9,2,0.03738328069448471,0.0192008875310421,-57.21302180466829,-31.344799995422363,0.7492048852237654,0.6847927517361111
9,3,0.013720910996198654,0.009810525923967361,-19.929299751917522,-15.408298015594482,0.6406286168981481,0.5930718315972222
9,4,0.008917279541492462,0.007771315518766642,-12.611063555140554,-11.864877515368992,0.563035903742284,0.5311469184027777
9,5,0.007070896215736866,0.0061422837898135185,-9.894692179008766,-8.980215771993,0.5234604070216049,0.50634765625
9,6,0.005680510774254799,0.005058303475379944,-7.582765245731966,-7.153535932964749,0.5168396749614198,0.5150173611111111
9,7,0.004646634683012962,0.004235364496707916,-5.9339033877408065,-5.621893490685357,0.5290834780092593,0.5331000434027777
9,8,0.003858172567561269,0.0031407270580530167,-4.592979646906441,-3.9516368918948706,0.5640112606095679,0.5603407118055556
9,9,0.0032572043128311634,0.002655657706782222,-3.6512489124580667,-3.01852142545912,0.6344714506172839,0.6503960503472223
9,10,0.002575816586613655,0.0021364600397646427,-2.546097458439109,-2.0628504355748496,0.730419319058642,0.6999403211805556
9,11,0.0020738146267831326,0.001818656688556075,-1.7490105119752295,-1.5452839930852253,0.7843611352237654,0.7408799913194445
9,12,0.001773347146809101,0.001590517582371831,-1.280777022279339,-1.0387150181664362,0.8181423611111112,0.7989529079861111
9,13,0.0015396926319226623,0.001480432110838592,-0.9139123859228911,-0.8914022194014655,0.8558207947530864,0.8547797309027778
9,14,0.0013866423396393657,0.00140104116871953,-0.6878284691292562,-0.7303566998905606,0.8829107590663581,0.8644259982638889
9,15,0.0012661265209317207,0.0012785113649442792,-0.5158942356521701,-0.572368413872189,0.9064308449074074,0.8668836805555555
9,16,0.0011572449002414942,0.0012039002031087875,-0.3695601380901572,-0.4847160511546665,0.9161771797839506,0.9200032552083334
9,17,0.0010676283854991198,0.0011260800529271364,-0.24740785801852191,-0.3451942178938124,0.9313422309027778,0.92158203125
9,18,0.0009870516369119287,0.001161366468295455,-0.14473142005779124,-0.42759016619788276,0.9417805989583333,0.9407931857638889
9,19,0.0009033064125105739,0.0011107453610748053,-0.036795891655815975,-0.3577728549639384,0.9511815200617284,0.9445258246527778
9,20,0.0008397363126277924,0.0010847344528883696,0.05030492676628961,-0.3323257671462165,0.9576021170910494,0.9545735677083333
9,21,0.0007727540214546025,0.0010221360716968775,0.12582268685470394,-0.2427900062666999,0.9628164785879629,0.9666286892361111
9,22,0.000710733700543642,0.001012597931548953,0.19983894883850475,-0.22268317408031887,0.9660343123070988,0.9611707899305556
9,23,0.0006583837675862014,0.000994667410850525,0.26479337671656666,-0.19685655964745416,0.9692889178240741,0.9653591579861112
9,24,0.0006068279035389423,0.0009687056881375611,0.3207384393538958,-0.13532530864079792,0.9725887345679012,0.9720486111111111
9,25,0.0005701902555301785,0.0009493937250226736,0.36419121939458965,-0.11864097118377685,0.9747769579475308,0.9708930121527778
9,26,0.0005222846521064639,0.0009375553927384317,0.4175661775800917,-0.11233057445949979,0.9776542004243827,0.9730631510416666
9,27,0.000487498939037323,0.0009241043590009212,0.45810731252034503,-0.08761878278520373,0.9793354552469136,0.9763346354166667
9,28,0.0004588535812217742,0.0009129871032200754,0.48941644371291737,-0.06547681225670708,0.9806917920524691,0.9775065104166667
9,29,0.00044191861525177956,0.0008933094795793295,0.5042003765518283,-0.03535385131835937,0.9813247492283951,0.9791015625
9,30,0.00042782770469784737,0.000915836775675416,0.5240814482724225,-0.07673616674211291,0.9818690923996913,0.9805013020833333
9,31,0.00040155480382964015,0.0009083417826332152,0.5551089560544049,-0.08923610051472981,0.9833260995370371,0.9792914496527778
9,32,0.0004037886974401772,0.0009351551998406649,0.5504863235685561,-0.10458165407180786,0.9821928047839507,0.9654242621527778
9,33,0.0005001648096367717,0.000958393095061183,0.4322943142902704,-0.14027345048056708,0.9719587914737654,0.9699978298611112
9,34,0.0005086681339889765,0.0010554604232311249,0.4091237078478307,-0.33839297824435766,0.9721944926697531,0.9512044270833333
9,35,0.0005149979260750115,0.0010089389979839325,0.39785527138062465,-0.19085272285673355,0.972485050154321,0.9603949652777778
9,36,0.0004625250003300607,0.0009729674202390015,0.4589695821573705,-0.19553193913565742,0.9775227864583333,0.9739963107638889
9,37,0.0004270691715646535,0.0009584876825101674,0.5049549841586455,-0.15730957720014785,0.9827660831404321,0.9665635850694444
9,38,0.00037688983138650656,0.0009213663870468736,0.5781831641256073,-0.1024093574947781,0.9841435185185186,0.9790473090277778
9,39,0.000325250206515193,0.0009013001690618694,0.6322177045139266,-0.06564750936296251,0.987156394675926,0.9802191840277777
9,40,0.0003045222256332636,0.0008959138649515808,0.6542921647613431,-0.054410803318023684,0.9876470871913581,0.9832085503472222
9,41,0.0002916156663559377,0.0008853749022819102,0.6695292790730795,-0.03551552030775282,0.9884723427854938,0.9832953559027777
9,42,0.00028066965751349926,0.0008809222490526736,0.6825008858869105,-0.023870559533437093,0.9891553337191358,0.9839301215277778
9,43,0.00027383389533497393,0.0008743718499317765,0.6897752866332914,-0.014983737468719482,0.9893391927083334,0.9851508246527778
9,44,0.00026541281840763986,0.000876907492056489,0.6987813343236475,-0.018027718861897787,0.9899787808641975,0.9847710503472222
9,45,0.00025944504886865616,0.0008703246130608022,0.7053623836717487,-0.006799042224884033,0.9901819299768518,0.9858723958333333
9,46,0.00025250526960007846,0.0008713142015039921,0.7130008228031206,-0.007931808630625406,0.9904471691743827,0.9861599392361111
9,47,0.0002497239038348198,0.0008665749919600785,0.7174309424412103,0.0038393855094909666,0.9907998167438271,0.9865342881944444
9,48,0.0002440387906972319,0.0008688687230460346,0.7233289907008041,-0.004462635517120362,0.9910017602237654,0.9868218315972223
9,49,0.0002403893886366859,0.0008564885938540101,0.7274491083474807,0.02238044738769531,0.9912410783179012,0.9872775607638888
9,50,0.00023988241446204484,0.0008687647641636431,0.731115804778205,-0.01478373474544949,0.9912754388503087,0.9871148003472222
9,51,0.0002320058410987258,0.0008614246034994721,0.7359322390438597,0.005424548519982232,0.9916329089506173,0.9872884114583333
9,52,0.00022645012359134853,0.0008625162299722433,0.7425598269627418,0.005661208099789089,0.9918348524305556,0.9878092447916667
9,53,0.00022297904070001096,0.000859840540215373,0.7470616122822703,0.009940821594662136,0.9920988859953703,0.9877278645833333
9,54,0.00021896236285101622,0.000855626305565238,0.7513060949466847,0.025028672483232286,0.9922761140046297,0.9882107204861111
9,55,0.00021489534992724657,0.0008559706620872021,0.7550109443841158,0.02230967813067966,0.9924268180941358,0.98837890625
9,56,0.00021017614926677197,0.0008513337234035134,0.7601385643452774,0.03330868217680189,0.9926920572916667,0.9888943142361111
9,57,0.0002067829336738214,0.0008560591959394515,0.7633669653056581,0.020493169625600178,0.9927957417052469,0.9888671875
9,58,0.00020330434199422598,0.000849472708068788,0.7677444081247589,0.03765623569488526,0.9930591724537037,0.9887858072916667
9,59,0.00020087328448425978,0.0008525695302523673,0.7697880222473615,0.025732151667277017,0.9930887104552469,0.9887478298611111
9,60,0.0001978719956241548,0.0008502214914187789,0.7738071057531569,0.036006365882025826,0.9932707609953704,0.9891438802083333
9,61,0.0001958778448170051,0.000850664742756635,0.7759201838646406,0.03179233471552531,0.9934425636574075,0.9896375868055556
9,62,0.00019160943338647485,0.0008517808164469898,0.7801728706300994,0.027985530429416233,0.9937289014274692,0.9892578125
9,63,0.00018935257685370743,0.0008461661636829376,0.7823280452210226,0.04157168865203857,0.993773509837963,0.9899251302083333
9,64,0.00018526658823248,0.0008481801487505436,0.7872096409032374,0.03738796578513252,0.9940019772376543,0.98984375
9,65,0.00018300424562767148,0.0008420879603363574,0.7897499608404842,0.04978517029020521,0.9941569010416667,0.9901041666666667
9,66,0.0001797282020561397,0.0008458259399048984,0.7937553572066036,0.04168113337622748,0.9942412953317902,0.9902072482638888
9,67,0.0001768888032529503,0.0008405423723161221,0.7964916126227674,0.05279028283225166,0.9944414303626543,0.9904134114583333
9,68,0.00017502687114756554,0.0008484781719744205,0.7984703393630039,0.043316749731699626,0.9945668161651234,0.9904730902777777
9,69,0.00017424783436581492,0.0008364364039152861,0.7994594126571843,0.060117484463585745,0.9946186583719135,0.9905598958333334
9,70,0.0001711351069388911,0.0008428447181358933,0.8032645210807706,0.045458189646403,0.9947554976851852,0.990380859375
9,71,0.0001696079852990806,0.0008377390913665295,0.8048250438254556,0.06364209651947021,0.994944782021605,0.9907986111111111
9,72,0.0001684740709606558,0.0008424981497228146,0.8063025992593648,0.05372524393929375,0.9949604552469136,0.9908311631944444
9,73,0.00017114143702201545,0.0008395521435886621,0.8068864405891042,0.05558825069003635,0.995093074845679,0.9907009548611111
9,74,0.00017580509302206337,0.0008394905598834157,0.8040980982191769,0.0439304682943556,0.9950333960262345,0.9904296875
9,75,0.00017074146308004856,0.0008438309887424111,0.8033743600786468,0.04202226930194431,0.994994815779321,0.990673828125
9,76,0.0001694493112154305,0.0008422535029239953,0.8049249198701647,0.04703383975558811,0.9952250916280864,0.9909939236111112
9,77,0.00016524750390090048,0.0008405719418078661,0.8102091615582689,0.05653593937555949,0.9954167872299383,0.9910047743055556
9,78,0.00016127710114233196,0.0008387081325054169,0.8154907203014986,0.0577126940091451,0.995458984375,0.9911566840277778
9,79,0.00015313886979129165,0.0008380694780498743,0.8225029955675572,0.05780080689324273,0.9956778067129629,0.9912434895833333
9,80,0.00015068076027091593,0.0008369215065613389,0.8250095742720145,0.06015565395355225,0.9957151813271605,0.9913899739583333
9,81,0.0001487105037085712,0.0008361062500625849,0.8271870125958949,0.06235873964097765,0.9958321277006172,0.9914605034722223
9,82,0.0001476480974815786,0.0008365240646526217,0.8283288993953187,0.06132609314388699,0.9959068769290124,0.9915364583333334
9,83,0.00014645635383203626,0.0008356578764505684,0.829528284220048,0.06393069823582967,0.9959352092978395,0.9916015625
9,84,0.00014549368643201888,0.0008358037448488176,0.8306243321042002,0.06258245309193929,0.9959900655864198,0.9916124131944445
9,85,0.00014447722060140222,0.0008353748708032072,0.8317670657310957,0.06523309813605414,0.9960485387731481,0.9917426215277778
9,86,0.00014352751895785332,0.0008348984410986304,0.8327792286872864,0.06685085031721327,0.9960979697145061,0.9918511284722222
9,87,0.00014272869157139212,0.0008351459400728345,0.8336373463089084,0.0623211145401001,0.9961148485725309,0.9917154947916667
9,88,0.0001419817708665505,0.0008343512308783829,0.8343941828350961,0.06811059713363647,0.9961528260030864,0.9919216579861111
9,89,0.0001411075791111216,0.0008349999552592635,0.8353027568923103,0.0664329038725959,0.9962348090277777,0.9919759114583333
9,90,0.00013988252612762153,0.0008347700349986553,0.8368746622109119,0.0696719037161933,0.9962866512345679,0.9920138888888889
9,91,0.0001408263633493334,0.0008343316148966551,0.8352610333466236,0.06327941947513156,0.996143180941358,0.9917697482638889
9,92,0.00013904887600801885,0.0008339242194779217,0.8375675130773473,0.07048668993843926,0.9963198061342593,0.9919759114583333
9,93,0.00013804336776956916,0.0008339170599356294,0.8387908079006053,0.06710704432593452,0.9963716483410494,0.9920952690972222
9,94,0.00013643900456372648,0.0008335034362971783,0.8406098187705617,0.07093575398127237,0.9964403694058642,0.9921278211805555
9,95,0.00013581407256424427,0.0008340724743902683,0.8413519358929292,0.06604234642452664,0.9965018566743827,0.9920247395833334
9,96,0.0001350666570942849,0.0008350432035513222,0.8420911267951683,0.06930175224939981,0.9964928144290124,0.9922200520833333
9,97,0.00013416906585916877,0.000831915473099798,0.8430043919586842,0.07167212698194715,0.9965741946373456,0.9921766493055556
9,98,0.00013317042612470686,0.0008346728282049298,0.8441811513017725,0.06913452413347032,0.9966025270061728,0.9922471788194445
9,99,0.00013308167399372905,0.000830558710731566,0.8440275410075246,0.07183648347854614,0.9966332706404321,0.9920789930555556
9,100,0.00013263063738122582,0.0008338583866134286,0.844975154341003,0.07107519838545058,0.9966640142746913,0.9923068576388889
9,101,0.00013159764057490975,0.0008322335197590292,0.8456086640004759,0.07107886605792575,0.9967128423996914,0.9922037760416667
9,102,0.00013019971083849669,0.0008340637432411313,0.8472770258232399,0.06921682092878553,0.9967646846064815,0.9923936631944444
9,103,0.00012929373770020902,0.0008319575572386384,0.8482210303530281,0.0760636183950636,0.9968382282021605,0.9923828125
9,104,0.00012803490972146392,0.0008329522679559886,0.8495366857375628,0.06965198649300469,0.9968870563271605,0.9924099392361111
9,105,0.0001271301880478859,0.0008319265907630324,0.8504638457003935,0.07487381829155816,0.9968924816743827,0.9924858940972222
9,106,0.00012619271001312882,0.0008326370734721422,0.8515898036368099,0.07252692116631401,0.9969557773919753,0.99248046875
9,107,0.00012576402514241636,0.0008317243191413581,0.8520841076050276,0.07534635994169447,0.9969810956790124,0.9925130208333334
9,108,0.00012461948790587485,0.0008320874185301363,0.8531771553887262,0.0749955031606886,0.9970190731095679,0.9925347222222223
9,109,0.00012405749293975532,0.0008320682682096958,0.8537554936644471,0.07511138651106093,0.9970510223765432,0.9925564236111111
9,110,0.0001236563257407397,0.0008317398023791611,0.8541746882744777,0.07641746865378486,0.9970793547453703,0.9925726996527777
9,111,0.00012318274821154773,0.0008319779299199581,0.8546861719202112,0.0756705813937717,0.9970908082561728,0.9925889756944445
9,112,0.00012280180817469954,0.0008316332241520286,0.855094352622091,0.07674937645594279,0.9971131124614198,0.9926215277777778
9,113,0.0001223857543664053,0.0008314886363223195,0.8555272227452125,0.07725798818800185,0.9971360194830247,0.9926540798611111
9,114,0.00012195614544907585,0.0008314703009091318,0.8560070742795497,0.07738764683405558,0.9971619405864197,0.9926486545138888
9,115,0.00012157841410953552,0.000831493700388819,0.8563774316399185,0.0778098185857137,0.9971824363425926,0.9926649305555556
9,116,0.00012114510900573805,0.0008312736754305661,0.8568647935066694,0.07832282781600952,0.9971987123842593,0.99267578125
9,117,0.00012093433906557038,0.00083131343126297,0.85707635908951,0.07822710937923855,0.9972011236496914,0.9926920572916667
9,118,0.0001207144814543426,0.0008312369463965297,0.8573211185726118,0.0783854881922404,0.9972161940586419,0.9927029079861112
9,119,0.00012050550139974803,0.000831299927085638,0.8575371695153508,0.07841338051689996,0.9972312644675926,0.9927137586805556
10,1,0.24869373440742493,0.07020513713359833,-391.38256107848366,-104.77475662231446,0.6699785397376543,0.79345703125
10,2,0.036218032240867615,0.017753327265381813,-54.94729447894626,-25.6602981461419,0.7404236593364197,0.6809299045138889
10,3,0.012795355170965195,0.00926213152706623,-19.088038913703258,-12.860652669270833,0.6432966820987654,0.5931749131944445
10,4,0.008623648434877396,0.008099720813333988,-12.409045665646778,-11.226312494277954,0.5657389322916667,0.5328776041666666
10,5,0.007434057071805,0.0062078870832920074,-10.531164004478926,-8.267403173446656,0.5282787181712963,0.5176378038194445
10,6,0.005865602754056454,0.005622384138405323,-8.024450273867007,-7.277092875374688,0.5269935136959877,0.5350206163194444
10,7,0.004846809431910515,0.00391937792301178,-6.263459542356891,-4.60231884320577,0.5557159047067901,0.5641276041666666
10,8,0.003966347314417362,0.0032480950467288494,-4.930848662058512,-3.5150837262471515,0.6228304639274691,0.6241482204861111
10,9,0.0031693631317466497,0.002576179802417755,-3.6128814073256503,-2.5820576588312787,0.689550178433642,0.6984483506944444
10,10,0.002522979862987995,0.002026733011007309,-2.4858503215106915,-1.687602769003974,0.7519579475308642,0.7359917534722222
10,11,0.0021037785336375237,0.0018672512378543615,-1.7681581760630196,-1.4637122498618231,0.7941370081018518,0.7843587239583333
10,12,0.001813083654269576,0.0015083373291417956,-1.315351570977105,-0.9433112197452121,0.8283649209104939,0.8208604600694445
10,13,0.0016072483267635107,0.0014307836536318064,-1.0065686974996402,-0.7965871479776171,0.8589747299382716,0.855419921875
10,14,0.0014398547355085611,0.0013937018811702728,-0.7597836905055576,-0.7682544151941936,0.8801685474537037,0.8704969618055556
10,15,0.0013322829036042094,0.0013045305386185646,-0.6203235477577022,-0.6358450147840712,0.8998523099922839,0.8787326388888889
10,16,0.0012262596283107996,0.0012512302491813898,-0.4691473255922765,-0.5965677248107062,0.9141661844135802,0.9157118055555555
10,17,0.0011453675106167793,0.001191251096315682,-0.3690068511315334,-0.4829857071240743,0.9269911024305556,0.9158203125
10,18,0.0010701337596401572,0.0011460159439593554,-0.25788606110914253,-0.41897424062093097,0.9362485532407407,0.932666015625
10,19,0.0009957440197467804,0.001107310294173658,-0.16040344959423866,-0.3485830307006836,0.9460171923225309,0.9414442274305556
10,20,0.000925769389141351,0.0010917303152382374,-0.0745197727356428,-0.34141725566652087,0.9517517843364197,0.945947265625
10,21,0.000863505294546485,0.001071876147761941,0.005211429978594368,-0.31249501440260147,0.9567238136574074,0.9502495659722222
10,22,0.0008174293907359242,0.0010160659439861774,0.06725475479055334,-0.2293464806344774,0.9613377700617284,0.9454210069444444
10,23,0.0007759205182082951,0.0010360484011471272,0.11389297467690927,-0.2525629798571269,0.9613600742669753,0.9636501736111112
10,24,0.0007370448438450694,0.0010096789337694645,0.1682195355862747,-0.21601997746361626,0.9654399353780864,0.9556857638888889
10,25,0.0006869988865219057,0.0009624542435631156,0.21473277542326186,-0.15771580934524537,0.9674720293209876,0.9660101996527778
10,26,0.0006450561340898275,0.0009254676988348365,0.2701550081924156,-0.10132673051622179,0.9714572482638889,0.9689832899305556
10,27,0.0006030915537849069,0.0009516407153569162,0.3181655356913437,-0.1405782567130195,0.9740674430941358,0.9631564670138889
10,28,0.0005650914390571415,0.0009191231802105904,0.3619048227498561,-0.08848770327038236,0.9765190972222222,0.9706705729166667
10,29,0.000530924298800528,0.0009212141740135849,0.40164509923369796,-0.10651106569502089,0.9787109375,0.96953125
10,30,0.0005037445807829499,0.0009042634628713131,0.43237798861515375,-0.08199386994043986,0.9808400848765432,0.9739095052083333
10,31,0.0004809798556379974,0.0009111380786634982,0.46194147092324717,-0.08462041881349351,0.9822229456018519,0.9744411892361111
10,32,0.00045272655552253127,0.0008830386213958263,0.4939073160842613,-0.04297462701797485,0.9835828993055555,0.976708984375
10,33,0.0004459966439753771,0.0009130844846367836,0.5020541261743616,-0.08036319944593641,0.9840808256172839,0.966259765625
10,34,0.00044414756121113896,0.0008836252382025123,0.5020677623925386,-0.050668268733554414,0.982787181712963,0.9761121961805556
10,35,0.000478355708764866,0.0009221700602211058,0.4572049190968643,-0.09918910264968872,0.9804138937114197,0.9761013454861112
10,36,0.000499401823617518,0.0008949349285103381,0.43547140889697605,-0.06386592520607842,0.979468074845679,0.9682074652777778
10,37,0.0005000756937079132,0.0009676942136138678,0.420336745697775,-0.20840029848946465,0.9773702739197531,0.9670789930555556
10,38,0.00046753513743169606,0.0008748408290557563,0.45404204203758713,-0.041708283954196505,0.9810890480324074,0.9753689236111112
10,39,0.0004349139053374529,0.000926319626159966,0.5022785478168064,-0.13112708992428249,0.983446059992284,0.9734917534722223
10,40,0.0004215537919662893,0.0008369876304641366,0.5114663165292622,0.01813924709955851,0.9853051456404321,0.975244140625
10,41,0.00040562701178714633,0.0008809100254438818,0.535831481291924,-0.07230292426215278,0.986107494212963,0.9807237413194444
10,42,0.00037773154326714575,0.0008508075261488557,0.5711953405980711,-0.01140236457188924,0.9878894193672839,0.9800944010416667
10,43,0.000355206080712378,0.0008458270458504558,0.599652142583588,-0.010592072539859347,0.9891167534722223,0.9812554253472222
10,44,0.0003342034760862589,0.0008432726608589292,0.626173495951994,0.0031036972999572755,0.9890245225694444,0.9858452690972223
10,45,0.00034968892578035593,0.0008514963556081057,0.612242794919897,-0.021146338515811495,0.9894055025077161,0.984619140625
10,46,0.0003199513885192573,0.0008234511478804052,0.6416666816782068,0.021844179100460475,0.9901662567515432,0.98486328125
10,47,0.00030454242369160056,0.000817903783172369,0.6580702925905769,0.0331027176645067,0.9914195119598765,0.9860405815972222
10,48,0.00029115998768247664,0.0008170197252184153,0.6760450906223721,0.03507819837994046,0.9918734326774692,0.9869520399305556
10,49,0.0002835442719515413,0.0008101473795250058,0.6892528086532781,0.04769384066263835,0.992356891396605,0.9874240451388889
10,50,0.00027855951339006424,0.0008459202945232391,0.6938345791381082,-0.009947535726759169,0.9929247444058642,0.9873589409722222
10,51,0.000305688678054139,0.0008405804983340204,0.6537687526808844,-0.0025195823775397406,0.9913953993055555,0.9844129774305556
10,52,0.00028724450385197997,0.0008262197952717543,0.6755797489189808,0.02766664293077257,0.9918933256172839,0.9848578559027777
10,53,0.000279491301625967,0.0008183370810002089,0.6869334790441725,0.027759095033009846,0.9926052517361111,0.9868869357638889
10,54,0.00025932802236638963,0.0008043723646551371,0.7071137931611803,0.049826141198476157,0.9936089409722222,0.9872775607638888
10,55,0.00025081681087613106,0.0008468671003356576,0.7180184289261147,-0.01902310848236084,0.9937096113040124,0.987548828125
10,56,0.0002505930606275797,0.0007935442263260484,0.7185142514146404,0.0678048849105835,0.9941569010416667,0.9882378472222222
10,57,0.0002380619989708066,0.0008066188311204314,0.730857683552636,0.046715950965881346,0.9947283709490741,0.9891221788194444
10,58,0.00022976109175942838,0.0007887827814556658,0.7394435937021986,0.0821276413069831,0.9949291087962963,0.9891221788194444
10,59,0.0002273438440170139,0.0008115754462778568,0.7451549284252119,0.03658495744069417,0.9951063368055556,0.9890462239583333
10,60,0.00024966406635940075,0.0008078601094894111,0.7158188677128451,0.050259878900316024,0.9945601851851852,0.987890625
10,61,0.0002365037944400683,0.0007988038123585284,0.7330622511145509,0.05998164945178562,0.9947175202546297,0.9890950520833334
10,62,0.00022986158728599548,0.0008097740355879068,0.7391510199617457,0.03711698982450697,0.9953643422067902,0.9886555989583333
10,63,0.00022022108896635473,0.0008085595909506083,0.7475322323080934,0.04063860575358073,0.9954318576388889,0.9896375868055556
10,64,0.00021341814135666937,0.0007949903374537826,0.7581051128881949,0.06555442545149061,0.9958616657021605,0.9894368489583333
10,65,0.000208543729968369,0.0007923067314550281,0.7667143241858777,0.07055616776148478,0.9962209442515432,0.9891004774305555
10,66,0.00021733000176027417,0.0008056102087721229,0.760666643543008,0.04622395568423801,0.9957953559027778,0.9901258680555556
10,67,0.000197211469640024,0.000791589030995965,0.7744421227478687,0.06641930871539646,0.9963059413580246,0.9898817274305556
10,68,0.00017475595814175904,0.0007920032949186862,0.7986359438778442,0.06965995629628499,0.9965036651234568,0.990966796875
10,69,0.00016873942513484508,0.0007937856717035174,0.8049487265539758,0.07197213040457831,0.996754436728395,0.9904134114583333
10,70,0.0001645118900341913,0.0007913543377071619,0.8099101669994402,0.07230390972561307,0.9968508873456791,0.9910047743055556
10,71,0.00016197811055462807,0.0007894474547356367,0.8124938595442124,0.07820285558700561,0.9969190055941358,0.99130859375
10,72,0.0001585989521117881,0.0007905081147328019,0.8161420750029293,0.0753980106777615,0.9970618730709877,0.9911187065972222
10,73,0.00015755309141241014,0.0007884117658250034,0.8174080170231101,0.08099840217166476,0.997070915316358,0.9915852864583333
10,74,0.0001552559551782906,0.0007884891238063574,0.8202240037329402,0.07902276515960693,0.9972101658950617,0.9914333767361111
10,75,0.0001535242045065388,0.0007881444180384278,0.8220850130658091,0.08117721875508627,0.9972463348765432,0.9916666666666667
10,76,0.00015154504217207432,0.0007877827156335115,0.8239836049668583,0.08140521181954277,0.9973421826774691,0.9916883680555556
10,77,0.0001499167992733419,0.0007882966892793775,0.826006069889775,0.08139282597435846,0.9974018614969136,0.9917154947916667
10,78,0.00014798459596931934,0.0007871168782003224,0.8280287488007251,0.08326329787572224,0.9974386332947531,0.9918674045138889
10,79,0.00014674881822429597,0.0007884663646109402,0.8295379516519146,0.08177295525868734,0.997532672646605,0.9917860243055555
10,80,0.0001453815639251843,0.0007857848540879786,0.8309388056213474,0.08600890106625027,0.9975465374228395,0.9920844184027777
10,81,0.0001435725571354851,0.0007872531423345208,0.8328988479979245,0.083867875734965,0.9976104359567901,0.9921712239583333
10,82,0.00014259877207223326,0.0007850521942600608,0.8340333763463997,0.08693006965849134,0.9976761429398148,0.9920518663194444
10,83,0.0001409845135640353,0.0007867324165999889,0.8357010176152359,0.08376387357711793,0.9977334104938271,0.9922037760416667
10,84,0.00013969397696200758,0.0007848071400076151,0.8370429012510512,0.08752385245429145,0.9977346161265432,0.9920518663194444
10,85,0.00013895804295316339,0.0007867843378335238,0.8380632485872433,0.08360459407170613,0.997826244212963,0.9921929253472223
10,86,0.00013781257439404726,0.0007844993378967047,0.8393077354372284,0.08897397915522258,0.9978660300925926,0.9923611111111111
10,87,0.00013591384049504995,0.0007862969650886953,0.8413442813319925,0.0843891806072659,0.9979178722993827,0.9923285590277777
10,88,0.00013460770423989743,0.0007840947364456952,0.8426991228704099,0.0890987303521898,0.9979926215277778,0.9923990885416667
10,89,0.00013319167192094028,0.0007846645312383771,0.8441264418908108,0.08640768263075087,0.9980088975694444,0.9925455729166667
10,90,0.00021654131705872715,0.0008593585807830095,0.7659557779630025,0.011578245957692464,0.9950297791280864,0.9403374565972222
10,91,0.0005603641620837152,0.0008423393010161817,0.38594788180457223,0.004103174474504259,0.9699423707561728,0.9729763454861111
10,92,0.0004895147867500782,0.0009239527862519026,0.44683440349720144,-0.12187839084201389,0.9771110628858025,0.9721571180555556
10,93,0.00042314143502153456,0.0009014827664941549,0.5202446248796251,-0.11268287102381389,0.9836154513888888,0.9727267795138889
10,94,0.00033046345924958587,0.0008703625062480569,0.6201355976822935,-0.03997984727223714,0.9875946421682099,0.9842176649305555
10,95,0.00025380426086485386,0.0008399649523198605,0.7076837845790533,-0.0074035882949829105,0.9927113474151235,0.9872450086805555
10,96,0.00021048655617050827,0.0008635679841972888,0.755107491693379,-0.03540515767203437,0.9943510079089506,0.988037109375
10,97,0.0001917951158247888,0.000834235455840826,0.7744000871976217,0.006145110395219591,0.9948338638117284,0.9899685329861111
10,98,0.0001755562552716583,0.0008330558193847537,0.7928883258207344,0.007687169975704617,0.9955313223379629,0.9901963975694444
10,99,0.00017027260037139058,0.0008333474397659302,0.7987995782016236,0.008667629294925266,0.9958164544753086,0.9905327690972222
10,100,0.00016528410196769983,0.0008315008017234504,0.8044849027822047,0.010985555913713243,0.9960147810570987,0.9907877604166667
10,101,0.00016182512626983225,0.0008306942181661725,0.8087103341832573,0.01312768194410536,0.9962179301697531,0.9909884982638889
10,102,0.00015851111675146967,0.000829061958938837,0.8125011754624638,0.016035804483625623,0.9963595920138889,0.9911783854166667
10,103,0.00015582310152240098,0.0008284423965960741,0.8156186543864968,0.016878622108035618,0.9964873890817901,0.9912923177083334
10,104,0.0001532877067802474,0.0008264413336291909,0.8186651566882193,0.019930036862691243,0.9966212143132716,0.9913899739583333
10,105,0.00015134058776311576,0.0008258649613708258,0.8207976946124325,0.02102040582233005,0.9966845100308642,0.9914713541666667
10,106,0.00014988929615356028,0.0008251001127064228,0.8225367029507955,0.02222617467244466,0.9967948254243827,0.9915473090277778
