Fold,Epoch,Train_MSE,Val_MSE,Train_R2,Val_R2,Train_AuxAcc,Val_AuxAcc
1,1,0.16578136384487152,0.03268586844205856,-267.2191893071304,-46.24462473127577,0.6414580922067902,0.9800238715277778
1,2,0.019457612186670303,0.007959413342177868,-29.364290139115887,-10.308013767666287,0.9922616464120371,0.9955837673611111
1,3,0.0064581879414618015,0.003987244330346584,-8.85860418566951,-4.503803888956706,0.9951497395833333,0.9955837673611111
1,4,0.0038510242011398077,0.0028999235946685076,-4.752108039090663,-2.907534925142924,0.9951497395833333,0.9955837673611111
1,5,0.0029762827325612307,0.0024042665027081966,-3.2989251492935936,-2.177363541391161,0.9951497395833333,0.9955837673611111
1,6,0.0025014819111675024,0.0021034502424299717,-2.5419783960154025,-1.7328658792707654,0.9951497395833333,0.9955837673611111
1,7,0.002203562529757619,0.0019026524387300014,-2.0714787471441576,-1.4354510916603935,0.9951497395833333,0.9955837673611111
1,8,0.0019911257550120354,0.0017512248596176505,-1.7278187813582244,-1.2106102042728,0.9951497395833333,0.9955837673611111
1,9,0.0018286348786205053,0.0016342177987098694,-1.4648095151524485,-1.036454145113627,0.9951497395833333,0.9955837673611111
1,10,0.0016996869817376137,0.0015396892558783293,-1.2569147466141501,-0.8954337226019965,0.9951497395833333,0.9955837673611111
1,11,0.0015960210002958775,0.0014634269755333662,-1.0902940894350595,-0.781389692094591,0.9951497395833333,0.9955837673611111
1,12,0.0015116622671484947,0.0014003125252202153,-0.9522836202456627,-0.6867738962173462,0.9951497395833333,0.9955837673611111
1,13,0.0014401827938854694,0.001347805606201291,-0.8367639061845379,-0.6079309039645725,0.9951497395833333,0.9955837673611111
1,14,0.0013834908604621887,0.0013049254193902016,-0.7448418861553993,-0.5435192532009548,0.9951497395833333,0.9955837673611111
1,15,0.0013459089677780867,0.0012833008076995611,-0.6845046602649453,-0.5165524641672771,0.9951497395833333,0.9955837673611111
1,16,0.0014347314136102796,0.0015057413838803768,-0.7658851557307773,-0.7486718787087334,0.9927179783950617,0.9949652777777778
1,17,0.0014866110868752003,0.0013232799246907234,-0.8602044001037692,-0.5553750197092692,0.9933973524305556,0.9955837673611111
1,18,0.0014042396796867251,0.0013121877564117312,-0.7569032627859233,-0.5193584309683905,0.9942165798611111,0.9945149739583333
1,19,0.001315920613706112,0.0012162046041339636,-0.6180071860183904,-0.4004870732625326,0.9928909866898148,0.994384765625
1,20,0.0012400222476571798,0.0011765457456931472,-0.5071399264865452,-0.33735632763968576,0.9902410059799382,0.9865180121527778
1,21,0.0012031516525894403,0.001185817876830697,-0.4528423265174583,-0.33375815285576715,0.9888708043981481,0.9806640625
1,22,0.0011805823305621743,0.0011339334305375814,-0.40926278446927483,-0.2713119175699022,0.9867018711419753,0.9800238715277778
1,23,0.0011397001799196005,0.0010963032254949212,-0.34816102098535606,-0.2279669655693902,0.986304615162037,0.9814019097222222
1,24,0.001112221973016858,0.0010806097416207194,-0.30627400875091554,-0.2057141423225403,0.9837474681712963,0.9824869791666667
1,25,0.0010909584816545248,0.0010540082585066557,-0.2725764994268064,-0.17075966993967692,0.9851701147762346,0.9875922309027778
1,26,0.001062349765561521,0.00107864779420197,-0.23448868504276982,-0.1817129969596863,0.9847143856095679,0.9737847222222222
1,27,0.0010513035813346505,0.0010411480907350779,-0.21366831181961812,-0.14662579430474176,0.9850694444444444,0.9815104166666667
1,28,0.0010371466632932425,0.0010196835501119494,-0.19097135066986085,-0.1254279202885098,0.9851966386959876,0.9819390190972223
1,29,0.0010170197347179055,0.001021547126583755,-0.16424410931858016,-0.1188556432723999,0.9846311969521605,0.9735080295138889
1,30,0.0010136425262317061,0.0010128866415470839,-0.15758497420652412,-0.10952895349926418,0.9848319347993827,0.9732964409722222
1,31,0.0010031909914687276,0.000987259321846068,-0.14169950838442202,-0.08051805363761054,0.9828896604938272,0.9813368055555556
1,32,0.0009880907600745559,0.0009886535117402673,-0.11952541713361386,-0.07711965905295479,0.9840693721064815,0.9830729166666666
1,33,0.0009847523178905249,0.0009898075368255377,-0.11417167407495005,-0.07660529745949639,0.9857301311728395,0.98037109375
1,34,0.0009799704421311617,0.0009722196264192462,-0.10684884374524341,-0.0595727178785536,0.9842912085262345,0.9843098958333333
1,35,0.0009718334767967463,0.0009680456132628024,-0.09481142494413587,-0.054268725713094074,0.983617259837963,0.9849989149305556
1,36,0.0009651474538259208,0.0009795909281820059,-0.08684243670216313,-0.06325932873619927,0.985033878279321,0.9794108072916666
1,37,0.0009675308829173446,0.0009569104295223951,-0.08879042039682836,-0.036556522051493325,0.9839705102237655,0.9882595486111111
1,38,0.0009567153756506741,0.000951702706515789,-0.07179531521267361,-0.033312906159294976,0.9847222222222223,0.9752278645833333
1,39,0.000953580136410892,0.0009440945577807724,-0.0688850595627302,-0.02398065593507555,0.9838601948302469,0.9866753472222223
1,40,0.0009453600505366921,0.000944113708101213,-0.06118213085480678,-0.023799754513634575,0.9834798177083334,0.9799370659722222
1,41,0.0009427281329408288,0.0009518968872725964,-0.056362827766088794,-0.03518533839119805,0.9845691068672839,0.9806640625
1,42,0.0009476692066527903,0.0009401243296451867,-0.06445727112852496,-0.018788761562771268,0.9837559076003086,0.9820638020833333
1,43,0.0009410579223185778,0.0009384376462548971,-0.05775068071153429,-0.01715150276819865,0.9836136429398148,0.9798122829861111
1,44,0.000932436203584075,0.0009282256942242384,-0.04443041719036338,-0.007282796170976427,0.9843424479166667,0.9837836371527777
1,45,0.0009410270722582936,0.0009242461528629065,-0.06271146329832666,-0.0005261977513631185,0.9830379533179012,0.9829155815972223
1,46,0.0009328632149845362,0.0009293794864788651,-0.044646613244657164,-0.007068600919511583,0.9840211467978395,0.9825303819444444
1,47,0.0009378568502143025,0.0009188222466036677,-0.05601252140822234,0.006140387058258057,0.9836232880015432,0.9819444444444444
1,48,0.0009321026736870408,0.0009227428818121552,-0.04744374707893089,-0.0007232798470391168,0.9819619261188272,0.9856336805555556
1,49,0.0009274740004912019,0.0009131298866122961,-0.04006308287750056,0.011392597357432048,0.9836196711033951,0.9846950954861111
1,50,0.0009280692902393639,0.0009197003673762083,-0.04563089270650605,0.0033937758869594997,0.9826226128472222,0.9826497395833333
1,51,0.0009219353669323027,0.0009240025538019836,-0.0350673078018942,-0.001278192467159695,0.9825635368441358,0.982470703125
1,52,0.000924494001083076,0.0009157959721051157,-0.041908762631592926,0.010384611288706462,0.9821741174768519,0.9802300347222223
1,53,0.0009180507622659206,0.0009083917830139399,-0.03132067609716345,0.019086297353108725,0.9816761911651235,0.9761555989583334
1,54,0.0009085680940188468,0.0009144393843598664,-0.01666227873460746,0.012741486231486002,0.9819143036265432,0.9780870225694445
1,55,0.000907788285985589,0.0009113127598538995,-0.018064046053238858,0.014505736033121745,0.9809160397376543,0.9860894097222223
1,56,0.0009086198406293988,0.0008992301300168037,-0.021671754636882264,0.031570733918084036,0.9815176504629629,0.9796766493055555
1,57,0.0008994416566565633,0.0009059268049895763,-0.0072881230601557975,0.021872876750098334,0.9814163773148148,0.9762152777777777
1,58,0.0009031329536810517,0.0009001146536320448,-0.012728606918711721,0.028350950611962213,0.980690586419753,0.9773003472222223
1,59,0.0008960181148722768,0.0008930227486416698,-0.005001398957805869,0.037934348318311904,0.9802511332947531,0.9804578993055556
1,60,0.0008937641978263855,0.0008945328881964087,0.00033745235866970485,0.037736807929144967,0.9802318431712963,0.97958984375
1,61,0.0008936551166698337,0.0008970732451416552,-0.0013757696858158817,0.03386320935355292,0.9806911892361111,0.9780327690972223
1,62,0.0008896352956071496,0.0008967624744400382,0.0065186372509709115,0.036607017781999374,0.9803813416280864,0.9775282118055556
1,63,0.0008870132733136415,0.0008923911955207586,0.00746367257318379,0.0407788356145223,0.9804066599151234,0.9802029079861111
1,64,0.0008876911597326398,0.0008872472099028528,0.008090294143299998,0.04830047554439969,0.9801637249228395,0.9781141493055555
1,65,0.0008831499144434929,0.0008825603872537613,0.014489645722471637,0.05097388161553277,0.9805332513503087,0.9775227864583333
1,66,0.0008806968689896166,0.0008811613079160452,0.01945069733961129,0.053555428981781006,0.9802426938657407,0.97392578125
1,67,0.0008776712929829955,0.0008879270171746612,0.022223402541360737,0.041861671871609156,0.9796163676697531,0.9789116753472222
1,68,0.0008792693261057138,0.0008754299487918615,0.021135026437264903,0.06590663459565904,0.9798930603780864,0.9791612413194445
1,69,0.0008767126710154116,0.0008719549514353275,0.025073902548095325,0.06365073919296264,0.9801179108796296,0.9771918402777777
1,70,0.0008779740892350674,0.0008763602236285806,0.02291756515149717,0.05957897769080268,0.9798183111496913,0.9750596788194444
1,71,0.0008702190243639052,0.000876206555403769,0.03380907244152493,0.05926409827338325,0.9803126205632716,0.9779730902777778
1,72,0.0008666912326589227,0.0008733923314139247,0.03802887348481167,0.0628788259294298,0.9799292293595679,0.9780653211805556
1,73,0.0008698711753822863,0.0008662614854983985,0.0329364354227796,0.07132470475302802,0.9802209924768519,0.9758409288194444
1,74,0.0008613192476332188,0.0008663131156936288,0.047197175614627794,0.07239107953177558,0.9800895785108025,0.9776421440972223
1,75,0.00086224265396595,0.0008684336789883673,0.043150356669484836,0.06602920161353218,0.98037109375,0.9743489583333333
1,76,0.0008599140564911067,0.0008627676870673895,0.04567001130845812,0.07580132087071736,0.9793722270447531,0.9801052517361111
1,77,0.0008550924248993397,0.0008669553208164871,0.0572707098207356,0.07136788235770332,0.9805802710262346,0.9764865451388889
1,78,0.000851751072332263,0.0008748332620598376,0.061126543563089254,0.06242841217252943,0.9804150993441358,0.9730577256944445
1,79,0.0008536791428923607,0.0008621139568276703,0.05786929498484105,0.079628586769104,0.9802294319058642,0.9760796440972223
1,80,0.0008508077589794993,0.0008543303702026606,0.06208984940140336,0.08707796865039402,0.9799225983796296,0.9789496527777778
1,81,0.0008489867323078215,0.0008603971218690276,0.06425126452504852,0.08041112290488349,0.9809359326774691,0.9769639756944445
1,82,0.000844922149553895,0.0008557700784876943,0.07024739612767726,0.08644685480329725,0.9808635947145061,0.9764214409722223
1,83,0.0008441796526312828,0.0008632885874249041,0.07050287649955278,0.07748666206995646,0.9811842930169753,0.9787868923611112
1,84,0.0008439889643341303,0.0008611370576545596,0.07229636642667982,0.07939621077643501,0.9811065297067901,0.9801378038194445
1,85,0.0008394982432946563,0.000855183694511652,0.07564474329536344,0.0859060804049174,0.9812692901234568,0.9795301649305556
1,86,0.000839437241666019,0.000852069875691086,0.07806164820988973,0.09332328504986233,0.9810492621527778,0.9797580295138889
1,87,0.0008371877484023571,0.0008569760248064995,0.07976363529393703,0.08417941596772936,0.9815809461805556,0.9777398003472222
1,88,0.0008406767155975103,0.0008480873657390475,0.07490972030309984,0.09748159514533149,0.9814374758873456,0.9820149739583334
1,89,0.0008303236681967974,0.0008543485309928656,0.08986530642450592,0.08864065806070963,0.9819522810570988,0.980126953125
1,90,0.0008312079007737339,0.0008450935129076242,0.08774273012891227,0.0989575293329027,0.9821512104552469,0.979833984375
1,91,0.0008265539072453976,0.0008457785588689148,0.0941061857305927,0.0999568952454461,0.9823507426697531,0.979736328125
1,92,0.0008285739459097385,0.0008487988961860538,0.09178684758551327,0.09711581998401218,0.9823875144675925,0.9783962673611111
1,93,0.0008256677538156509,0.0008535683155059814,0.09699078194889021,0.08852998812993368,0.9828763985339506,0.976904296875
1,94,0.0008259274763986468,0.0008404274703934789,0.09197072482403414,0.10625545448727078,0.9827558352623457,0.9799696180555556
1,95,0.0008228986989706755,0.0008410041918978095,0.0970718064425904,0.10257492462793986,0.9826370804398148,0.9807779947916667
1,96,0.000814313068985939,0.0008426700951531529,0.10952110761477624,0.1013921168115404,0.9833797501929012,0.9796549479166666
1,97,0.000816215411759913,0.0008409591391682625,0.10570747778739459,0.10629166099760268,0.983202522183642,0.9835232204861111
1,98,0.000813312828540802,0.0008389173890464008,0.11143538142427986,0.10677436060375638,0.9835117669753086,0.97919921875
1,99,0.0008145630126819015,0.000836985360365361,0.1078542603386773,0.10941760275099012,0.9838499469521605,0.9812337239583333
1,100,0.0008070545736700296,0.0008369430433958769,0.11992221261248176,0.10620182752609253,0.9837981047453703,0.980859375
1,101,0.0008056683582253754,0.0008330075070261955,0.11699836989979685,0.11467989020877414,0.9841272424768519,0.9804904513888889
1,102,0.0008059684187173843,0.0008373777964152396,0.11929348412855172,0.10698979960547553,0.9843532986111111,0.9823404947916666
1,103,0.0008024186827242374,0.0008334281155839562,0.12214756983297842,0.11413020822736952,0.9844762731481481,0.9813422309027777
1,104,0.0008010998135432601,0.0008278997847810388,0.12464497486750285,0.11915281746122572,0.9845648871527778,0.9814290364583333
1,105,0.0007963773095980287,0.000832832301966846,0.12980541079132646,0.11145520740085178,0.9849940923996914,0.9809895833333333
1,106,0.0007962612435221672,0.0008282928029075265,0.13040711835578636,0.12060615486568875,0.9850712528935185,0.9831651475694444
1,107,0.0007949094288051128,0.0008296999731101096,0.13202066009427293,0.11601476536856757,0.9853612075617284,0.9798882378472222
1,108,0.000794402789324522,0.000827824289444834,0.13272263209025065,0.12006141079796685,0.9853817033179012,0.9822862413194444
1,109,0.0007885920349508524,0.0008253401611000299,0.1402629241531278,0.12048937347200182,0.9852135175540123,0.9836534288194444
1,110,0.0007879391778260469,0.0008225077763199806,0.13740748476099085,0.12471743557188246,0.9860206886574074,0.9818956163194444
1,111,0.0007870002300478518,0.0008296670857816935,0.1413373542420658,0.11412782801522149,0.985986930941358,0.9816134982638889
1,112,0.0007820184109732509,0.0008212609100155532,0.147308036427439,0.12811559306250678,0.9858784239969136,0.9840006510416667
1,113,0.0007802268955856562,0.0008229164523072541,0.1486462818251716,0.12401827706231011,0.986232277199074,0.9827907986111111
1,114,0.0007770859519951046,0.0008198820287361741,0.1509278275348522,0.12538126971986557,0.9865029417438271,0.9826388888888888
1,115,0.0007755000842735171,0.0008191756205633283,0.15354634008289855,0.12843441036012437,0.986620490933642,0.9831488715277777
1,116,0.000771685503423214,0.0008192157838493586,0.16059626193694126,0.1261283278465271,0.9865801022376544,0.9830078125
1,117,0.0007714014500379562,0.0008137364638969302,0.15744837743264659,0.13142856227027044,0.9870527102623456,0.9836100260416667
1,118,0.0007645084988325834,0.0008120969869196415,0.1640625766765924,0.1363834712240431,0.9868501639660494,0.9837076822916667
1,119,0.0007690504426136613,0.0008150393259711564,0.16132919052500783,0.13592372470431857,0.9874318817515432,0.9837727864583333
1,120,0.0007643711287528276,0.0008130533387884498,0.16692440936594832,0.13652890390819974,0.9873975212191358,0.9833984375
1,121,0.0007573954062536359,0.0008159662829712033,0.1746144555233143,0.13250207238727146,0.9874553915895061,0.9831814236111112
1,122,0.0007592483889311552,0.000812225101981312,0.17421461741129557,0.13876908620198566,0.9874210310570988,0.9847547743055556
1,123,0.0007561524980701506,0.0008095975499600172,0.17489468727582766,0.1374120659298367,0.9881468219521605,0.9826009114583333
1,124,0.0007530864095315337,0.0008070688927546144,0.17887704607881147,0.14388949076334637,0.9879243827160494,0.9842827690972222
1,125,0.0007518549100495875,0.0008048966992646456,0.1802477679134887,0.1467748138639662,0.9880545910493828,0.9849229600694445
1,126,0.0007449101540260017,0.0008059766259975731,0.1900039541868516,0.1431272268295288,0.988453655478395,0.9840549045138889
1,127,0.0007388025987893343,0.0008071258198469877,0.19804924726486206,0.140836062696245,0.9885139371141975,0.9850368923611111
1,128,0.0007406756631098688,0.0008004236733540893,0.19377771925043177,0.14864480627907647,0.9886037567515432,0.98427734375
1,129,0.0007381539326161146,0.0008017480140551925,0.19646856902558127,0.15008185042275324,0.988647762345679,0.9855414496527778
1,130,0.0007346757338382304,0.0007978319190442562,0.20069916469079477,0.15516289472579955,0.9887279369212963,0.9860188802083333
1,131,0.0007311432855203748,0.0007999950321391225,0.20500709936942582,0.1491602129406399,0.9891372492283951,0.9845323350694445
1,132,0.0007306334446184337,0.0008013161132112145,0.20362725140135965,0.14785146448347303,0.989259620949074,0.9850206163194445
1,133,0.0007268713088706136,0.0008043845882639289,0.2117298380828198,0.1452626559469435,0.9892367139274691,0.9850368923611111
1,134,0.0007229389157146215,0.0008020619279704988,0.21662107706069947,0.15161878930197822,0.9893042293595679,0.9858235677083333
1,135,0.0007199043757282197,0.0007982070092111826,0.21552896072835098,0.15129091607199774,0.9895971981095679,0.9858018663194444
1,136,0.0007192613556981087,0.0007915280293673277,0.21763869067768993,0.16338119109471638,0.9898250626929013,0.9854546440972223
1,137,0.0007164730923250318,0.0007944335811771452,0.22219831237086543,0.15931388404634264,0.9896406008873457,0.9867133246527777
1,138,0.000707875587977469,0.0007912860019132495,0.22974973872855858,0.1620795594321357,0.9900915075231481,0.9851128472222223
1,139,0.0007097228663042188,0.0007822728948667645,0.22942826041468867,0.17379480600357056,0.9899612991898148,0.9868706597222222
1,140,0.0007084294338710606,0.0007939013885334134,0.23140695095062255,0.16031507783465915,0.9902187017746914,0.9868489583333333
1,141,0.000701667508110404,0.0007923677330836654,0.23945070166646698,0.1611665195888943,0.9903965326003087,0.986083984375
1,142,0.0006978507153689861,0.0007881637429818511,0.24262209409548913,0.16626703209347196,0.9905954619984568,0.98564453125
1,143,0.0006951898103579879,0.0007800085004419088,0.24650932388541139,0.17678732342190212,0.9906792534722222,0.98603515625
1,144,0.0006890411605127156,0.0007844907231628895,0.25273457324063336,0.1675274093945821,0.9906720196759259,0.9861545138888889
1,145,0.000688925210852176,0.0007778757717460394,0.25614928684116883,0.17738124926884968,0.9907588252314815,0.986474609375
1,146,0.0006863900925964117,0.0007865795632824302,0.2572012412695237,0.16726444032457138,0.9909559461805556,0.985888671875
1,147,0.0006786253652535379,0.0007791672833263874,0.26736789809332956,0.17564751704533896,0.9909643856095679,0.9868598090277778
1,148,0.0006841269205324352,0.0007870180415920913,0.26286768074388855,0.16489309734768337,0.9911723572530864,0.9869737413194445
1,149,0.0006782527780160308,0.0007902755751274526,0.2715056135330671,0.15938582287894354,0.9913278838734568,0.9862901475694444
1,150,0.000668986642267555,0.0007834570715203881,0.2779542488816344,0.16773771444956462,0.9912573543595679,0.9865668402777777
1,151,0.0006679585203528404,0.0007779194274917245,0.2784308551270285,0.17850315438376532,0.9914647231867284,0.9870822482638889
1,152,0.0006609339034184813,0.0007879273616708815,0.2893079576668916,0.16097102165222169,0.9915159625771605,0.9873209635416667
1,153,0.0006587484385818243,0.0007782247266732156,0.2900005555447237,0.17710730234781902,0.9918927228009259,0.9866265190972222
1,154,0.000661420461256057,0.0007839467725716531,0.2877956371248504,0.1733519434928894,0.9914351851851851,0.9876139322916667
1,155,0.000660143734421581,0.0007772300159558654,0.2930884693875725,0.17921418348948162,0.9919560185185186,0.9876247829861111
1,156,0.0006496291025541723,0.0007885305094532669,0.30362237677162074,0.1639147096210056,0.9919638551311728,0.9869194878472223
1,157,0.0006485846824944019,0.0007816383149474859,0.30238936948187556,0.17120051913791232,0.9915485146604939,0.9862575954861111
1,158,0.0006447528721764684,0.000781767419539392,0.30692133255946785,0.17707888152864243,0.9919554157021605,0.9869303385416667
1,159,0.0006478952709585428,0.0007751461816951632,0.30281508837217164,0.18292914231618246,0.9919517988040123,0.9872721354166667
1,160,0.0006418518605642021,0.0007759368745610118,0.31318287790557486,0.17823844618267484,0.9920566888503086,0.988037109375
1,161,0.0006342682172544301,0.0007725252653472126,0.3182172614851116,0.18383503092659845,0.9924738377700617,0.9876790364583333
1,162,0.0006304527632892132,0.000772302970290184,0.32505337235368326,0.18428572946124608,0.9923683449074074,0.9882921006944444
1,163,0.0006305029965005815,0.0007663985015824437,0.32406981226838666,0.18896264632542928,0.992627555941358,0.9878743489583334
1,164,0.0006195572786964476,0.0007741334266029298,0.336988945066193,0.17275878190994262,0.9926124855324074,0.9883680555555555
1,165,0.0006215975154191256,0.0007828237139619887,0.3353081885679269,0.17195225689146254,0.9927710262345679,0.9879448784722222
1,166,0.0006202252116054296,0.0007699704729020596,0.33924332945435137,0.18350904120339287,0.9926402150848765,0.9884711371527778
1,167,0.0006083213957026601,0.0007816434372216463,0.34949388209684396,0.17023735046386718,0.9929175106095679,0.9875217013888888
1,168,0.0006092446856200695,0.0007746581686660647,0.3496202317284949,0.17281898922390407,0.9928276909722222,0.9889485677083333
1,169,0.0006062863394618034,0.0007747287163510919,0.3569304467719278,0.17857323752509224,0.9930881076388889,0.988427734375
1,170,0.0006039761356078088,0.0007616695365868509,0.352194145285053,0.19586358335283066,0.9931477864583333,0.988330078125
1,171,0.000603171531111002,0.0007676761597394943,0.35799635427969473,0.18639655378129746,0.9933376736111111,0.9885525173611112
1,172,0.0006000107387080789,0.0007724444149062037,0.36086927225560317,0.18080412944157917,0.9932496624228395,0.9884819878472222
1,173,0.0005896973889321089,0.0007702948059886694,0.37312930160098606,0.18267101711697048,0.9933195891203703,0.9892361111111111
1,174,0.0005853268085047603,0.0007600699318572879,0.3757981931721723,0.19465035597483318,0.9936360677083333,0.9889594184027778
1,175,0.0005869247252121568,0.0007772098761051893,0.37563790406709835,0.16877758105595905,0.9938024450231482,0.9890516493055556
1,176,0.000585873844102025,0.0007654790533706546,0.3779919587535623,0.19009294244978164,0.9936107494212963,0.9885904947916667
1,177,0.0005793164018541574,0.0007718185661360621,0.3819569241853408,0.18161098957061766,0.9938452449845679,0.989208984375
1,178,0.0005763063672930002,0.0007709512719884515,0.38704063774626934,0.1858015775680542,0.9939495322145062,0.9890896267361111
1,179,0.0005703976494260132,0.0007726942421868443,0.39526350012531986,0.17980238331688775,0.9940152391975309,0.9890299479166667
1,180,0.0005693810526281595,0.0007735674735158682,0.3962715806784453,0.18234141800138687,0.9941273630401235,0.9890299479166667
1,181,0.0005665990756824613,0.0007824493222869933,0.39807088978496596,0.16444805728064643,0.9941026475694444,0.9893880208333333
1,182,0.0005627834470942616,0.0007623682613484561,0.4011674073007372,0.19180277188618977,0.9940682870370371,0.9889377170138889
1,183,0.0005631590611301363,0.0007672612555325031,0.4015479564666748,0.18829358418782552,0.9941358024691358,0.9889431423611111
1,184,0.0005542735452763736,0.0007648050086572766,0.4142259328453629,0.19023339218563504,0.9942925347222222,0.9894422743055555
1,185,0.0005502344574779272,0.0007524324464611709,0.4198879106545154,0.20855329169167414,0.9942816840277777,0.98916015625
1,186,0.0005493492353707552,0.0007618538802489638,0.41958942310309705,0.19606350395414565,0.9945240162037037,0.9888888888888889
1,187,0.0005472000921145082,0.0007597485091537237,0.4261872933234698,0.1981035272280375,0.9945306471836419,0.9892198350694444
1,188,0.0005405214033089578,0.0007623033598065376,0.43066039556338465,0.1952322522799174,0.9947175202546297,0.9889322916666666
1,189,0.0005383689422160387,0.0007658472750335932,0.4303047634937145,0.1923297683397929,0.9947325906635802,0.9894639756944444
1,190,0.0005322083598002791,0.0007480435306206346,0.437091279765706,0.21857402589586045,0.9947494695216049,0.9900987413194444
1,191,0.0005255184369161725,0.0007429382530972362,0.4462211629490794,0.22336581812964545,0.9948567708333333,0.9891927083333333
1,192,0.0005281263729557395,0.0007460293127223849,0.44522679808699056,0.22248029443952771,0.9948199990354938,0.9893283420138889
1,193,0.0005255257710814476,0.0007522390224039555,0.4454650240179933,0.216783426867591,0.9949110243055556,0.9898166232638889
1,194,0.0005227965884841979,0.0007549050496891141,0.4535668386353387,0.2095345285203722,0.9947621286651235,0.989453125
1,195,0.0005210051313042641,0.000753401720430702,0.4535711903630951,0.2130998452504476,0.9949453848379629,0.9898003472222222
1,196,0.0005142505979165435,0.0007623365381732583,0.46022255170492476,0.2012067914009094,0.9949556327160494,0.9895616319444445
1,197,0.0005091606872156262,0.000751974293962121,0.46074998202147305,0.21070802741580538,0.9951099537037037,0.9894151475694445
1,198,0.0005078939138911664,0.0007476460887119174,0.46527833938598634,0.21973602506849502,0.9952437789351852,0.9903157552083334
1,199,0.0004960281075909734,0.000767577497754246,0.48002912865744696,0.1922486464182536,0.9952431761188272,0.9894151475694445
1,200,0.0004983600229024887,0.0007503335364162922,0.47709289259380766,0.21720303297042848,0.9952829619984568,0.9898600260416667
1,201,0.0004971679300069809,0.00076902168802917,0.4820130895685267,0.1892852160665724,0.995336009837963,0.9897515190972223
1,202,0.0004960200749337673,0.0007442596834152937,0.477814143528173,0.22930754555596244,0.9952076099537037,0.9898274739583334
1,203,0.000492944847792387,0.0007512416923418641,0.48274631794588063,0.21400967439015706,0.9954191984953704,0.9898763020833333
1,204,0.0004859036416746676,0.000746694568078965,0.49125643953864956,0.22525472773445976,0.9956964940200618,0.9900227864583333
1,205,0.0004810180689673871,0.0007440098561346531,0.4974928504155006,0.2274695462650723,0.9958399643132716,0.990087890625
1,206,0.000478543050121516,0.0007523586973547935,0.4986040539211697,0.21524066792594063,0.9958743248456791,0.9898057725694445
1,207,0.00047904200619086623,0.0007496427278965712,0.4970387190948298,0.21829800870683458,0.9959376205632716,0.9899576822916667
1,208,0.0004730085493065417,0.0007542861276306212,0.5020729574156396,0.211734143892924,0.9959171248070988,0.9902994791666667
1,209,0.0004707701154984534,0.0007544016698375344,0.5058081491493884,0.21780365043216282,0.9960871190200618,0.98984375
1,210,0.00047248724149540067,0.0007572310278192163,0.5059775115531168,0.21196346282958983,0.9960636091820988,0.9902289496527777
1,211,0.0004653455689549446,0.0007512501906603575,0.5142393188712038,0.22173281245761448,0.9962637442129629,0.9905924479166667
1,212,0.0004650056944228709,0.0007418431341648102,0.5135621103239648,0.23436157041125827,0.9961383584104938,0.9909016927083333
1,213,0.00046255538472905755,0.0007493181037716568,0.5166526488315912,0.2243647575378418,0.9963312596450618,0.9905707465277778
1,214,0.000469324120786041,0.0007445997325703502,0.5088853924362747,0.2340628491507636,0.996119671103395,0.9907443576388889
1,215,0.00046112685231491923,0.0007469822885468602,0.5203953648790901,0.23004585372077094,0.9962691695601852,0.9907660590277778
1,216,0.000459719100035727,0.0007506548427045345,0.5203258640972185,0.2267902519967821,0.9963246286651235,0.9904188368055555
1,217,0.0004563465481624007,0.0007452227873727679,0.5252410012998698,0.22810790008968776,0.996312572337963,0.9901475694444445
1,218,0.00045428023440763354,0.0007570513989776373,0.5241895028102546,0.21409241093529596,0.9962848427854938,0.990576171875
1,219,0.0004574920458253473,0.0007520717917941511,0.5226325526649569,0.22256615956624348,0.9964638792438272,0.9901909722222222
1,220,0.00045031553599983454,0.000745450088288635,0.5302188601022885,0.23037348853217232,0.9963258342978395,0.9906032986111111
1,221,0.00044905528193339705,0.000749443715903908,0.5304701234087532,0.2241197281413608,0.9962721836419753,0.9909613715277777
1,222,0.00044859887566417456,0.0007404975476674736,0.5314260557845787,0.23487736384073893,0.9964072145061729,0.9906846788194444
1,223,0.00044725966290570796,0.0007497923797927797,0.5354813510988965,0.2282158825132582,0.9964632764274691,0.9909939236111112
1,224,0.000442386168288067,0.0007528392598032951,0.5411763495869106,0.21978824536005656,0.9964891975308642,0.9906955295138888
1,225,0.00043566181557253003,0.0007447996758855879,0.5456245693159693,0.23273335695266723,0.9966272424768519,0.9909016927083333
1,226,0.00044437189353629947,0.0007458067848347127,0.5391772635189104,0.22994278536902535,0.9964265046296297,0.990673828125
1,227,0.00043857211130671203,0.000742090109270066,0.5416671911875407,0.2350689344935947,0.9966326678240741,0.9908799913194445
1,228,0.00043540701153688133,0.000757887028157711,0.5432724078496297,0.22184403869840835,0.9965530960648148,0.9909776475694444
1,229,0.00043335938244126737,0.0007544396794401109,0.5479353298375635,0.2269330965148078,0.9967484085648148,0.9909993489583333
1,230,0.0004344821791164577,0.0007459546905010939,0.5472031830269614,0.23195940918392605,0.9966935522762346,0.9910807291666667
1,231,0.0004298310959711671,0.0007465415401384234,0.5530946809568523,0.2316202574306064,0.9966163917824075,0.99111328125
1,232,0.0004270810168236494,0.0007448538090102375,0.5567116465097592,0.2323852777481079,0.9966977719907407,0.9910536024305555
1,233,0.00042642117477953434,0.0007493137964047492,0.5585628848016998,0.22419208023283216,0.996751422646605,0.9909776475694444
1,234,0.0004297359846532345,0.0007477193139493465,0.5531707840201295,0.2283860683441162,0.9967019917052469,0.9912814670138889
1,235,0.0004260779242031276,0.0007481829961761832,0.5560549703645118,0.2279008944829305,0.9968448591820988,0.9912217881944444
1,236,0.00042290694545954466,0.0007416506996378303,0.5610745485918022,0.23876334428787233,0.9969871238425926,0.9912380642361112
1,237,0.00042031978955492377,0.0007485086680389941,0.5657232336056085,0.22874503003226387,0.996923225308642,0.9911566840277778
1,238,0.00041891486034728587,0.0007481604116037488,0.5676079866326885,0.2282742698987325,0.997046802662037,0.9911078559027777
1,239,0.0004219519323669374,0.0007445679511874914,0.5605234489028836,0.2348662151230706,0.9969334731867284,0.9911404079861111
1,240,0.0004178581293672323,0.0007427762029692531,0.5642437876006703,0.23684456878238255,0.9967833719135802,0.9912760416666667
1,241,0.00041435789898969233,0.0007455995655618608,0.5674611227011975,0.23324804041120742,0.9969895351080247,0.9911078559027777
1,242,0.000413609785027802,0.0007472197175957263,0.568274791005217,0.2297877417670356,0.9971161265432099,0.9910210503472222
1,243,0.000413446658058092,0.0007360717281699181,0.5709689181527974,0.24470934867858887,0.9969093605324074,0.991455078125
1,244,0.0004133493930567056,0.0007425171206705272,0.5716500723803485,0.2357655988799201,0.9970763406635802,0.9912380642361112
1,245,0.0004114423645660281,0.0007464447990059853,0.5712867386547136,0.22926216390397813,0.9971076871141975,0.9911946614583333
1,246,0.0004093171446584165,0.0007424319628626108,0.5741695663075388,0.23451508813434177,0.9969624083719136,0.9912163628472223
1,247,0.00041085376869887114,0.0007356844726018608,0.5708646329832666,0.2450932953092787,0.9969847125771605,0.9913411458333333
1,248,0.0004092644958291203,0.0007486974354833364,0.5758367747436335,0.22953903675079346,0.9970534336419753,0.9912217881944444
1,249,0.00040866350173018873,0.0007468948606401682,0.5756727323120023,0.23111759159300063,0.9970510223765432,0.9912434895833333
1,250,0.0004058317863382399,0.0007518124766647816,0.5786077804035611,0.22562083800633748,0.9971330054012346,0.9908582899305556
1,251,0.0004039538907818496,0.0007421051850542426,0.581882123005243,0.2417843911382887,0.9970401716820988,0.9914333767361111
1,252,0.00040338357212021947,0.0007390545797534287,0.5794457663724452,0.24545373916625976,0.9971324025848766,0.9914876302083333
1,253,0.0004033982986584306,0.0007430494297295809,0.5794956582563895,0.24170397520065307,0.9970293209876543,0.9910698784722223
1,254,0.000404269783757627,0.0007455771556124091,0.5813188498402819,0.23786360025405884,0.9971149209104938,0.9911349826388889
1,255,0.00040274279308505356,0.0007429962861351669,0.5824873918368493,0.24012445078955758,0.9970570505401235,0.9913682725694445
1,256,0.00040139741031453013,0.000747277750633657,0.5826525334958677,0.2315137955877516,0.997118537808642,0.9914333767361111
1,257,0.00040054821874946356,0.0007445716764777899,0.5867761510389823,0.23906228277418348,0.9971094955632716,0.9913899739583333
1,258,0.0004018413310404867,0.0007475110469385982,0.5828757655473403,0.23685438368055556,0.9971788194444444,0.9916124131944445
1,259,0.0003992880810983479,0.0007476153550669551,0.585580650082341,0.2351856787999471,0.9973036024305556,0.9916341145833333
1,260,0.00039357494097203016,0.0007398168090730906,0.5887224594751994,0.24592749807569717,0.9972119743441358,0.9914930555555556
1,261,0.0003974883584305644,0.0007406717049889266,0.5912151397010427,0.24379216565026177,0.9971697771990741,0.991552734375
1,262,0.00039607207872904837,0.0007456880412064493,0.5880448039667105,0.23785718546973333,0.9972614052854938,0.9915147569444445
1,263,0.00039623124757781625,0.0007484781090170145,0.5854907221264309,0.23429501718944973,0.9972384982638889,0.9914930555555556
1,264,0.0003979787288699299,0.0007447190582752228,0.5869095256299148,0.23782431019677056,0.9971956983024691,0.9914442274305556
1,265,0.0003925619530491531,0.0007464869413524866,0.591354082248829,0.2354170944955614,0.997290340470679,0.9916286892361111
1,266,0.00039781033410690725,0.0007443380309268832,0.5904235864862983,0.23787267208099366,0.997338565779321,0.9915256076388889
1,267,0.00039240921614691615,0.0007404283387586474,0.5940386588190809,0.2425054907798767,0.9973096305941358,0.9916775173611111
1,268,0.00039559160359203815,0.0007428517565131187,0.5891623154098605,0.24122767845789592,0.9972095630787037,0.99150390625
2,1,0.1481252908706665,0.030941834673285484,-226.32991946185078,-45.964545006222195,0.637330005787037,0.9945855034722222
2,2,0.018035558983683586,0.007398919202387333,-26.817446545023977,-9.938634003533258,0.9952600549768519,0.9945855034722222
2,3,0.005918524228036404,0.003784604836255312,-7.961901333008283,-4.375856097539266,0.9952606577932098,0.9945855034722222
2,4,0.0036120042204856873,0.0028185793198645115,-4.319886551962958,-2.8815210342407225,0.9952606577932098,0.9945855034722222
2,5,0.0028163380920886993,0.002343964297324419,-3.0412148396174112,-2.1445873260498045,0.9952606577932098,0.9945855034722222
2,6,0.002376666758209467,0.002067532856017351,-2.3485727392596965,-1.7138925552368165,0.9952606577932098,0.9945855034722222
2,7,0.0021093017421662807,0.0018837216775864363,-1.9107203698452608,-1.4266680796941122,0.9952606577932098,0.9945855034722222
2,8,0.001918212161399424,0.0017435546033084393,-1.60745781439322,-1.2070921579996745,0.9952606577932098,0.9945855034722222
2,9,0.001770165516063571,0.0016351321246474981,-1.3667090672033804,-1.036823442247179,0.9952606577932098,0.9945855034722222
2,10,0.0016533180605620146,0.0015474290121346712,-1.1807907931598616,-0.8987546311484442,0.9952606577932098,0.9945855034722222
2,11,0.0015589087270200253,0.0014764050720259547,-1.0297961494069041,-0.7866752359602186,0.9952606577932098,0.9945855034722222
2,12,0.0014810890424996614,0.0014172927476465702,-0.9044900487970423,-0.6932043419943915,0.9952606577932098,0.9945855034722222
2,13,0.0014157041441649199,0.001368876313790679,-0.7986326929963665,-0.6164769278632269,0.9952606577932098,0.9945855034722222
2,14,0.0013669964391738176,0.0013268901966512203,-0.7198676303580955,-0.5501183377371894,0.9952606577932098,0.9945855034722222
2,15,0.0013291784562170506,0.0012964142952114344,-0.6604424697381479,-0.52442882988188,0.9952606577932098,0.9945855034722222
2,16,0.0014485751744359732,0.0014292215928435326,-0.787180236975352,-0.6970970696873136,0.9932219328703704,0.9945855034722222
2,17,0.001482921652495861,0.001459420658648014,-0.8637216834374416,-0.7421490867932637,0.9951340663580247,0.9945855034722222
2,18,0.001391168567351997,0.0013496067840605974,-0.7281708180168529,-0.5850225792990791,0.9942388840663581,0.9935384114583333
2,19,0.0012986687943339348,0.0012998105958104134,-0.5876504204891346,-0.5095985492070516,0.9928047839506173,0.9891167534722223
2,20,0.0012450895737856627,0.001229862216860056,-0.5109225508607464,-0.4038974576526218,0.9911838107638888,0.9814236111111111
2,21,0.0011959129478782415,0.0012660000938922167,-0.43423948597024986,-0.44445824093288844,0.9898027584876543,0.9728949652777777
2,22,0.0011713238200172782,0.0011659592855721712,-0.3948910098016998,-0.31666973299450346,0.9890649112654321,0.9842881944444445
2,23,0.0011365225072950125,0.0011389802675694227,-0.3434493388658688,-0.27911809020572237,0.9880793065200617,0.9817491319444445
2,24,0.0011176018742844462,0.0011285271029919386,-0.30979333262384673,-0.25580504337946575,0.9855727961033951,0.9854383680555555
2,25,0.0010926604736596346,0.0011505442671477795,-0.2757951334670738,-0.26619042025672063,0.9870750144675926,0.9713975694444444
2,26,0.0010741809383034706,0.0010995612246915698,-0.2469297135317767,-0.21086408827039932,0.9861756124614197,0.9801052517361111
2,27,0.0010501907672733068,0.0010720856953412294,-0.21335173227168897,-0.16851621336407133,0.9852858555169753,0.9830023871527778
2,28,0.001035501598380506,0.0010730159701779485,-0.19172343089256758,-0.1726070099406772,0.9860677083333333,0.97412109375
2,29,0.0010247561149299145,0.001054625608958304,-0.17554108463687662,-0.14588551653756035,0.9851321373456791,0.9750325520833333
2,30,0.0010100884828716516,0.0010416705626994371,-0.15465929258016892,-0.1282309028837416,0.9842640817901235,0.9748752170138889
2,31,0.0009975680150091648,0.0010482113575562835,-0.13678673285025136,-0.12810820473564996,0.9851279176311728,0.97421875
2,32,0.0009899809956550598,0.0010193206835538149,-0.12359477252136042,-0.09556891785727607,0.9850676359953704,0.9817979600694444
2,33,0.0009836058598011732,0.0010100763756781816,-0.11578266561767202,-0.08461261855231392,0.9845395688657408,0.9766927083333333
2,34,0.0009757669758982956,0.0010120427468791604,-0.10438560438744816,-0.09025241533915201,0.9845733265817901,0.9673231336805556
2,35,0.0009699928923510015,0.0009990979451686144,-0.09499825283333108,-0.06547223461998833,0.9841109664351851,0.9785590277777778
2,36,0.0009635428432375193,0.0009939840529114008,-0.08553347440413486,-0.06062920093536377,0.983520809220679,0.9790798611111111
2,37,0.0009624648373574018,0.000991508481092751,-0.08226671719256742,-0.049109168847401935,0.9841820987654321,0.9845377604166666
2,38,0.0009523429907858372,0.000994160887785256,-0.06957835179788095,-0.05872085359361437,0.9868525752314815,0.9739908854166667
2,39,0.0009547217050567269,0.000982603058218956,-0.0704059937853872,-0.03988668918609619,0.9817605854552469,0.9811848958333333
2,40,0.0009449910721741617,0.0009747028234414756,-0.05927869861508593,-0.031373288896348744,0.9846541039737654,0.9848036024305555
2,41,0.0009421695140190423,0.0009887657361105084,-0.05837491809585948,-0.05197185277938843,0.9846872588734568,0.9769748263888889
2,42,0.0009383660508319736,0.0009649510611779988,-0.04938276491047423,-0.02557553317811754,0.9849223572530864,0.9772732204861111
2,43,0.0009369034087285399,0.0009707601857371628,-0.04951314558217555,-0.027362627453274196,0.9842598620756173,0.9830457899305556
2,44,0.0009317508665844798,0.0009716752101667225,-0.043682206412892284,-0.03639177746242947,0.9840066792052469,0.9782931857638889
2,45,0.0009361131815239787,0.0009659708593972027,-0.049763012226716974,-0.02227998044755724,0.9834979021990741,0.9857801649305555
2,46,0.0009249084396287799,0.0009608662221580744,-0.03496769254590258,-0.018633604049682617,0.984253231095679,0.9778374565972222
2,47,0.0009214779129251838,0.000954562216065824,-0.03312194538705143,-0.013865020540025499,0.9843394338348765,0.9828396267361111
2,48,0.0009246484842151403,0.0009559070458635688,-0.03817072282602758,-0.02035979297426012,0.9841260368441358,0.9788031684027778
2,49,0.000923379382584244,0.0009675471810624003,-0.03324975187395826,-0.03916322390238444,0.9835871190200617,0.9716634114583333
2,50,0.0009247995913028717,0.0009432671358808875,-0.039861692175453094,-0.004471088780297173,0.9834538966049383,0.9838812934027777
2,51,0.0009216517210006714,0.0009468318312428892,-0.03800734723055804,-0.007531992594401042,0.9836148485725309,0.9799262152777778
2,52,0.000919536454603076,0.0009534932323731482,-0.034644622714431195,-0.021051083670722115,0.9836094232253086,0.978173828125
2,53,0.0009181763743981719,0.0009496592101640999,-0.03319317970746829,-0.016640354527367486,0.9824580439814815,0.9773980034722223
2,54,0.0009202208602800965,0.0009484425536356866,-0.03793725143244237,-0.017597350809309218,0.982689525462963,0.9770453559027777
2,55,0.0009129763930104673,0.0009545235079713166,-0.026380181459732997,-0.027430690659417046,0.9826033227237654,0.9764539930555556
2,56,0.0009119141031987965,0.0009327826555818319,-0.028928591734097328,0.015485355589124892,0.9817051263503086,0.9796440972222222
2,57,0.000903385051060468,0.000942123937420547,-0.01581980402086988,-0.008466372225019668,0.9818564332561729,0.9810384114583334
2,58,0.0009057038696482778,0.0009286404238082469,-0.017511535426716747,0.014230431450737848,0.9818293065200617,0.9769856770833333
2,59,0.0009028741042129695,0.0009493627003394067,-0.01423020980976246,-0.02172054847081502,0.9818172501929012,0.9728135850694445
2,60,0.0008983193547464907,0.0009538797312416136,-0.01054820720060372,-0.026110605398813883,0.9812566309799383,0.9730577256944445
2,61,0.0008995954995043576,0.0009371576015837491,-0.0101254317495558,0.002181597550710042,0.9803946035879629,0.9753309461805556
2,62,0.0008953867945820093,0.0009207205148413777,-0.0029443315517755204,0.029722309112548827,0.980737003279321,0.9725911458333333
2,63,0.000890067545697093,0.0009283203398808837,0.0023129683953744392,0.012412652704450819,0.9813114872685185,0.9732096354166667
2,64,0.0008876156061887741,0.0009313515038229525,0.00472729809490251,0.012035232120090061,0.9799883053626544,0.9761773003472223
2,65,0.0008867273572832346,0.0009215959580615163,0.0060629220656406736,0.02619862159093221,0.9804651331018519,0.9745822482638888
2,66,0.0008853024337440729,0.0009277820936404169,0.0060075895285900726,0.017056885030534534,0.9808207947530864,0.9711751302083333
2,67,0.0008801152580417693,0.0009231652365997434,0.016463318430347207,0.02346542278925578,0.9800714940200618,0.9715223524305555
2,68,0.0008800475625321269,0.0009182551875710487,0.014302766028745674,0.031274007426367864,0.9801775896990741,0.9739583333333334
2,69,0.0008772964938543737,0.0009206836693920195,0.018222209406487735,0.021874063544803195,0.9794493875385802,0.9762641059027778
2,70,0.0008736795862205327,0.00091833301121369,0.023570803359702783,0.033323483996921116,0.9803144290123457,0.9678005642361112
2,71,0.000868587289005518,0.0009087232756428421,0.029924937236456225,0.04927493201361762,0.979712818287037,0.9738552517361111
2,72,0.0008724797517061234,0.0009153197752311826,0.020694708382641827,0.035312117470635306,0.980151065779321,0.97119140625
2,73,0.0008663159096613526,0.0009038603166118264,0.030516072850168486,0.05415856970681084,0.9794692804783951,0.9736707899305556
2,74,0.0008629332296550274,0.0009116731816902757,0.03529894454979602,0.045325926939646405,0.9801625192901234,0.97470703125
2,75,0.0008643291657790542,0.0009079654701054096,0.032130708812195576,0.04979010158114963,0.9803644627700617,0.9728732638888888
2,76,0.0008633063989691436,0.0009034034446813166,0.03682742530916944,0.05586265193091498,0.9795838155864197,0.9784993489583333
2,77,0.0008563652518205345,0.00090890156570822,0.04667158347588998,0.044880033863915335,0.980151065779321,0.9766872829861111
2,78,0.0008599351858720183,0.0008977243560366333,0.03582655397462256,0.06424043311013115,0.9802529417438272,0.9763617621527778
2,79,0.0008534310036338866,0.0009111431427299976,0.04757416483796673,0.04362453089820014,0.9803994261188271,0.972802734375
2,80,0.0008544999873265624,0.0008974531083367765,0.04905788957336803,0.07107369899749756,0.9799268180941358,0.9771375868055555
2,81,0.0008508922765031457,0.0008973132353276014,0.049112716869071676,0.062924948003557,0.9802384741512346,0.9763075086805556
2,82,0.0008467251318506896,0.0009005545871332288,0.05866823269997114,0.05677177906036377,0.9805260175540124,0.9716254340277778
2,83,0.000845152186229825,0.0009041436715051532,0.05912497087761208,0.053476072682274715,0.9808810763888889,0.9706976996527777
2,84,0.0008502137497998774,0.0008880908135324717,0.0524734479409677,0.083819670147366,0.979761646412037,0.9778211805555556
2,85,0.000841326080262661,0.0008927876478992403,0.06663455536336074,0.07460511922836303,0.9805766541280864,0.9747884114583333
2,86,0.0008326512761414051,0.0008918513776734471,0.07326625982920329,0.07328061395221286,0.9812216676311728,0.9741482204861112
2,87,0.0008378761122003198,0.0009011081419885159,0.06478361774373938,0.06113040844599406,0.9810468508873457,0.97548828125
2,88,0.0008349384879693389,0.0008902448462322354,0.06974093943466375,0.07971016698413425,0.980931712962963,0.976806640625
2,89,0.0008337357430718839,0.0008898617816157639,0.07412237782537201,0.07761882808473375,0.98115234375,0.9736870659722222
2,90,0.0008304634829983115,0.0008930527255870402,0.07703573762634654,0.06903999911414252,0.9813319830246914,0.975244140625
2,91,0.0008272298146039248,0.0008936945232562721,0.08222247273833663,0.0704044779141744,0.9814796730324075,0.9753634982638889
2,92,0.0008300396148115396,0.0008825683034956455,0.07833362023035685,0.0869496915075514,0.9816581066743827,0.9787923177083333
2,93,0.0008225160418078303,0.0008807983831502497,0.08732595178816054,0.09125901725557116,0.9817605854552469,0.9757921006944444
2,94,0.0008244208293035626,0.0008823381504043937,0.08317036246076043,0.09029169612460666,0.9820909288194445,0.9767578125
2,95,0.000817239168100059,0.0008913085330277681,0.09385181577117355,0.07585709889729818,0.9820396894290123,0.9753038194444444
2,96,0.0008190716034732759,0.0008864979026839137,0.0901328984601998,0.0796422349082099,0.9824092158564814,0.9755696614583333
2,97,0.0008138460107147694,0.0008817005436867476,0.09971833229064941,0.08936361074447632,0.9822126977237654,0.9759765625
2,98,0.0008154158713296056,0.0008763529476709664,0.09651153146484752,0.1017881989479065,0.982860725308642,0.9775553385416667
2,99,0.0008074494544416666,0.0008861440001055598,0.10691634092801883,0.08205816745758057,0.9832682291666667,0.9742838541666666
2,100,0.0008111856877803802,0.0008809614810161293,0.1009522913414755,0.09347033633126153,0.9825828269675926,0.9765516493055556
2,101,0.0008017814252525568,0.0008743235375732183,0.11229577873959953,0.0984883983929952,0.9834840374228395,0.9777886284722223
2,102,0.0008057593367993832,0.0008741574129089713,0.10757450409877448,0.1050954951180352,0.9829692322530864,0.9782877604166667
2,103,0.0008017363143153489,0.0008735765586607158,0.11579061599425328,0.10260015461179946,0.9833899980709877,0.9775444878472223
2,104,0.0007968251593410969,0.0008750521810725331,0.11609851592852745,0.10267999702029758,0.9839029947916667,0.9780598958333333
2,105,0.0007960370276123285,0.0008702700724825263,0.11835910464510506,0.10389885240130954,0.9834544994212963,0.9789984809027777
2,106,0.0007929459097795188,0.0008646532078273594,0.12528831561406453,0.11588269339667426,0.9844925491898148,0.9796712239583333
2,107,0.0007900152122601867,0.0008698527235537767,0.12587718919471458,0.10950293805864122,0.9844853153935185,0.9784884982638888
2,108,0.0007871746784076095,0.0008679633028805256,0.13044332045095938,0.1147932145330641,0.9845383632330247,0.9780598958333333
2,109,0.0007847319357097149,0.0008657939033582807,0.13230545888712378,0.1133100191752116,0.9849084924768519,0.9799207899305555
2,110,0.0007794750272296369,0.0008626714115962386,0.13994760778215196,0.12070908546447753,0.9850772810570988,0.97802734375
2,111,0.0007786432397551835,0.0008658839506097138,0.14055757566734597,0.11750217676162719,0.9852056809413581,0.9802680121527778
2,112,0.0007772478275001049,0.0008602194720879197,0.14429899601288784,0.1265438265270657,0.98564453125,0.9801649305555555
2,113,0.0007736632833257318,0.0008583030430600047,0.14671916520154035,0.12767908838060166,0.9855806327160493,0.9811903211805556
2,114,0.0007698944536969066,0.0008582031005062163,0.1535434544822316,0.1275010108947754,0.9859109760802469,0.9805609809027778
2,115,0.0007710011559538543,0.0008521875715814531,0.14857063587800956,0.13705586592356364,0.9860423900462963,0.980810546875
2,116,0.0007688304176554084,0.0008535472443327308,0.15264605592798303,0.13132693767547607,0.9859326774691358,0.9812337239583333
2,117,0.0007684310548938811,0.0008483630372211337,0.15379349655575222,0.1403080105781555,0.9861496913580247,0.9795247395833333
2,118,0.0007610677275806665,0.000854616635479033,0.16109868655970067,0.13102193143632676,0.9867953076774691,0.97998046875
2,119,0.0007629517931491137,0.0008479530224576592,0.16105820440951688,0.14435347848468358,0.9864782262731482,0.9824978298611111
2,120,0.0007560801459476352,0.0008498555398546159,0.16826167003608045,0.14067702690760295,0.9869315441743827,0.9789605034722222
2,121,0.0007539339130744338,0.0008566253236494958,0.17117598439440315,0.13230944871902467,0.9867500964506173,0.9803276909722223
2,122,0.0007556637865491211,0.0008467414299957454,0.1680838119836501,0.1436993678410848,0.9870304060570988,0.9819661458333333
2,123,0.0007516024052165449,0.0008449345477856696,0.1751898714053778,0.14335357348124186,0.9875874083719136,0.9807725694444445
2,124,0.0007412306149490178,0.0008375960169360042,0.18292737595828962,0.15141231616338094,0.9872251157407408,0.982470703125
2,125,0.0007414270658046007,0.0008353622979484499,0.1835055324766371,0.1551709877120124,0.9875765576774691,0.9818630642361111
2,126,0.0007388497469946742,0.0008429957088083029,0.18818243933312687,0.1464625491036309,0.987792365933642,0.98056640625
2,127,0.0007390915416181087,0.0008386745466850698,0.1878752589225769,0.1565095451143053,0.9878550588348766,0.982470703125
2,128,0.0007356554269790649,0.0008385067339986563,0.19693907690636905,0.15562927987840441,0.9883867428626543,0.9816731770833333
2,129,0.0007308644708245993,0.0008301514899358153,0.19884966082043118,0.16471859084235296,0.9878616898148148,0.9813639322916666
2,130,0.000726641621440649,0.0008304989896714687,0.20104069179958767,0.1658985561794705,0.9883282696759259,0.9838053385416666
2,131,0.0007217397214844823,0.0008286751108244061,0.21035378067581742,0.16892846160464817,0.9885633680555556,0.9823025173611111
2,132,0.0007145162671804428,0.000834153383038938,0.21581027066266095,0.1605073584450616,0.9886628327546296,0.9830349392361111
2,133,0.0007180237444117665,0.0008282221388071775,0.2147209205745179,0.17106735044055515,0.9887731481481481,0.9826334635416667
2,134,0.0007168913725763559,0.0008398151258006692,0.21224355933106975,0.15120412243737114,0.9887146749614197,0.9826443142361111
2,135,0.0007128079887479544,0.0008297888562083244,0.2192963978390635,0.1667824321322971,0.9888611593364197,0.9821451822916667
2,136,0.0007064961828291416,0.0008252962725237012,0.22709166650418883,0.17888257106145222,0.9893723476080247,0.9825954861111111
2,137,0.0007029426051303744,0.0008194149704650044,0.23193945722815432,0.18198985523647732,0.9892686631944444,0.9850314670138889
2,138,0.0006977570010349154,0.0008186409249901772,0.23755160555427457,0.18331328100628322,0.9895128038194444,0.9845594618055555
2,139,0.0006918854778632522,0.0008193828398361802,0.24326126810945112,0.18093864652845595,0.9897032937885802,0.9840169270833333
2,140,0.0006923724431544542,0.0008246672805398703,0.24045263013721985,0.17496767441431682,0.9900101273148149,0.9836805555555556
2,141,0.0006898664287291467,0.000808288692496717,0.24717046125435535,0.19294572008980646,0.9897858796296296,0.98466796875
2,142,0.0006917905993759632,0.0008167680352926254,0.24130044822339658,0.1902955479092068,0.9900083188657407,0.9842990451388889
2,143,0.0006902005989104509,0.0008107568137347698,0.24696392880545723,0.1944481584760878,0.9902174961419753,0.9844618055555555
2,144,0.0006791908526793122,0.0008068310562521219,0.2575355463557773,0.20045707490709092,0.9902156876929012,0.9843695746527777
2,145,0.0006807786412537098,0.0008102428982965648,0.2561508811550376,0.19735509951909383,0.9907093942901235,0.9834526909722222
2,146,0.000675577437505126,0.0008080119150690734,0.2628151206322658,0.20158970885806612,0.9901746961805555,0.984228515625
2,147,0.0006725575076416135,0.0008079459657892585,0.2669269338066195,0.20410953495237563,0.990746768904321,0.9845052083333333
2,148,0.0006616010214202106,0.0007949090795591474,0.280211920649917,0.21408506631851196,0.990723861882716,0.9840549045138889
2,149,0.0006634312449023128,0.0008012217003852129,0.2721919939841753,0.21154535876380073,0.9909318335262346,0.9844292534722222
2,150,0.0006638685008510947,0.0008088682079687715,0.27358964887666115,0.19962982336680093,0.9907913773148148,0.9836642795138889
2,151,0.0006557565648108721,0.0008053967612795532,0.28566027099703567,0.20788436863157483,0.9907654562114198,0.9848741319444444
2,152,0.0006539818132296205,0.0008000248344615102,0.28846962878733506,0.2173736506038242,0.9912374614197531,0.9851453993055556
2,153,0.0006521783070638776,0.0007945593679323792,0.28893127308951483,0.22025377088122897,0.9913308979552469,0.9865071614583333
2,154,0.0006486537167802453,0.0007975130574777722,0.29475736088222926,0.2159868597984314,0.9914201147762346,0.9851345486111112
2,155,0.0006470507942140102,0.0007914331508800387,0.29416596477414353,0.22565202315648397,0.9913730951003087,0.986279296875
2,156,0.0006478464929386973,0.0007929040002636611,0.2951156419000508,0.22681343025631376,0.991455680941358,0.9839789496527778
2,157,0.0006382442079484463,0.0007961578667163849,0.3070173964088346,0.21787976423899333,0.99130859375,0.985498046875
2,158,0.0006352871423587203,0.0007915858295746148,0.3083012870800348,0.22324498097101847,0.9917992862654321,0.984765625
2,159,0.0006359824910759926,0.0007924741948954761,0.3086187521616618,0.2236013823085361,0.9913393373842593,0.9859375
2,160,0.000633852556347847,0.0007883692160248756,0.30808415751398344,0.23007755014631484,0.9920699508101852,0.9856662326388889
2,161,0.0006217937916517258,0.00079303391976282,0.32228251548460973,0.2220086097717285,0.9917438271604938,0.9864474826388889
2,162,0.0006210001301951706,0.0007903596269898117,0.32724367527314174,0.2300149189101325,0.9923044463734568,0.9850260416666666
2,163,0.0006190214189700782,0.0007838060846552253,0.32400203781363407,0.23976283735699125,0.9921513310185185,0.9864963107638889
2,164,0.0006107031367719173,0.0007968198042362928,0.33483782800627343,0.2241833249727885,0.9924720293209877,0.9863335503472223
2,165,0.0006064143963158131,0.0007747027557343245,0.338417754938573,0.24626409080293443,0.9926227334104938,0.9871039496527778
2,166,0.0006058822036720812,0.0007812312105670571,0.34327502589166903,0.2392206973499722,0.9927830825617284,0.9861219618055556
2,167,0.0006026893388479948,0.0007804501801729202,0.3444352013093454,0.2398057023684184,0.9927523389274692,0.9863606770833333
2,168,0.0005999410059303045,0.0007829468231648207,0.3482322049729618,0.24033542341656156,0.9927957417052469,0.9861870659722223
2,169,0.000599188613705337,0.0007789853261783719,0.3474301079173147,0.2489100827111138,0.992701099537037,0.9870713975694444
2,170,0.0005933297798037529,0.0007721944712102413,0.35678210184897907,0.25795784923765397,0.9929368007330247,0.986572265625
2,171,0.0005903891287744045,0.0007884424412623048,0.3601121375590195,0.23053122096591525,0.9931550202546297,0.9863118489583333
2,172,0.0005822989041917026,0.0007702994626015425,0.36618221321223693,0.25768287976582843,0.9932364004629629,0.9873589409722222
2,173,0.0005850777379237115,0.0007746220217086375,0.36494950659481096,0.2524144768714905,0.9933298369984568,0.9862738715277778
2,174,0.000580186489969492,0.000770644866861403,0.37171799121079624,0.2547519564628601,0.9932345920138889,0.9866156684027778
2,175,0.0005790962604805827,0.0007730109500698745,0.37154370928988045,0.25388523870044283,0.9934389467592593,0.9865614149305556
2,176,0.000576362363062799,0.000770523794926703,0.3762575914830337,0.257702108224233,0.9934359326774691,0.9871907552083333
2,177,0.0005659430753439665,0.0007699154084548354,0.38845179713802575,0.2532428754700555,0.9936071325231481,0.9869845920138889
2,178,0.0005705289077013731,0.0007715458632446826,0.38260861340864205,0.25807566112942165,0.9936095437885802,0.9872178819444445
2,179,0.0005560745485126972,0.0007706389878876507,0.3948137077284448,0.2640277107556661,0.9937204619984568,0.9875108506944444
2,180,0.0005543216248042881,0.0007667576428502798,0.40198960834079317,0.26052067014906144,0.9938024450231482,0.9867947048611111
2,181,0.0005566731560975313,0.0007745373295620084,0.39924013570502953,0.2547820938958062,0.9936017071759259,0.9865614149305556
2,182,0.000545525923371315,0.0007617761148139834,0.4127104335361057,0.2737137092484368,0.9937940055941358,0.9872504340277778
2,183,0.0005502388812601566,0.0007733743404969573,0.402643977271186,0.2597131331761678,0.9940622588734568,0.9878255208333333
2,184,0.000547976465895772,0.0007646275334991515,0.4077803502848119,0.2674027999242147,0.9939748505015432,0.9875705295138889
2,185,0.0005422537215054035,0.0007608452579006553,0.41427095495624305,0.2740896781285604,0.9940399546682098,0.9874077690972223
2,186,0.0005374334286898375,0.0007691122009418905,0.41924127811267053,0.26842359966701934,0.9941370081018519,0.9881239149305555
2,187,0.0005307784304022789,0.0007623144192621112,0.4264065598264153,0.2694602873590257,0.9943347318672839,0.9875054253472222
2,188,0.0005270052934065461,0.0007595058996230364,0.4289876954055127,0.27562239832348295,0.9943148389274692,0.9883517795138889
2,189,0.0005263615166768432,0.0007667768513783813,0.4306879897176484,0.266284089618259,0.9943407600308642,0.9870876736111112
2,190,0.0005262941122055054,0.000760951021220535,0.43402350434550535,0.2720875077777439,0.9943274980709876,0.9880045572916667
2,191,0.0005243078339844942,0.0007678238907828927,0.4352106738973547,0.26705844004948937,0.9945782696759259,0.9864312065972223
2,192,0.0005200331215746701,0.0007586261490359902,0.4395728732332771,0.27335166268878514,0.9943106192129629,0.9869086371527778
2,193,0.000522218644618988,0.0007636506343260407,0.43755902066642854,0.2668537987603082,0.994629509066358,0.9879123263888889
2,194,0.0005104724550619721,0.0007882724748924375,0.45006974081934237,0.25011403295728896,0.9945830922067901,0.9869194878472223
2,195,0.0005133611848577857,0.0007645894074812531,0.4483805568129928,0.27125568787256876,0.9945029176311728,0.9878689236111111
2,196,0.0005016491049900651,0.0007605161517858505,0.45968749287687705,0.27386753956476845,0.9948055314429012,0.9875162760416667
2,197,0.0005011422326788306,0.0007503331871703267,0.4583457316881345,0.285772877269321,0.994703655478395,0.9882975260416667
2,198,0.0004932402516715229,0.0007499593775719404,0.4718149283785879,0.2909658564461602,0.9950792100694444,0.9878038194444444
2,199,0.0004963906831108034,0.0007552702445536852,0.4686573651101854,0.28438899517059324,0.9950810185185185,0.9883734809027778
2,200,0.0004914684686809778,0.000761589384637773,0.47190170229217154,0.277377364370558,0.9951756606867284,0.9876898871527777
2,201,0.0004863435751758516,0.0007497682818211615,0.47722035146053926,0.28809280395507814,0.9949508101851852,0.9886827256944445
2,202,0.00048524956218898296,0.0007618299569003284,0.47847764639206875,0.27105124923917984,0.9953589168595679,0.9880967881944445
2,203,0.0004810128884855658,0.000755819259211421,0.48605917868790804,0.28721618784798514,0.9953070746527778,0.9876573350694444
2,204,0.0004838485619984567,0.0007584169507026672,0.48776807564276237,0.27985479169421723,0.9953528886959877,0.9882921006944444
2,205,0.00047367290244437754,0.000766957993619144,0.4921477177996694,0.26898116138246325,0.9954577787422839,0.9882269965277778
2,206,0.0004770540981553495,0.0007551242015324533,0.4932842172222373,0.28730114963319564,0.9954879195601852,0.9887641059027777
2,207,0.00047502131201326847,0.000756521534640342,0.4932514295165921,0.28725037707222834,0.9955264998070987,0.9876627604166667
2,208,0.0004730819200631231,0.0007602147525176406,0.4965292927659588,0.2829682177967495,0.9953149112654321,0.9887424045138888
2,209,0.0004625754081644118,0.0007696917746216059,0.5107499714250918,0.26709263192282784,0.9955433786651234,0.9881673177083333
2,210,0.00046704034321010113,0.0007441175985150039,0.5006432914439543,0.29747715658611723,0.9956567081404321,0.9877007378472222
2,211,0.00045394262997433543,0.0007419591420330107,0.5147271563977371,0.3035889983177185,0.9956012490354939,0.9887803819444444
2,212,0.0004565893323160708,0.0007553049363195896,0.512883903067789,0.29170167446136475,0.9957549672067901,0.9883843315972223
2,213,0.0004557973297778517,0.0007432880811393261,0.513611826337414,0.30911278857125174,0.9956609278549383,0.9886121961805555
2,214,0.00045344955287873745,0.0007362457690760493,0.5156362084694851,0.31238809161716036,0.9958429783950618,0.9890950520833334
2,215,0.0004468938277568668,0.0007478232146240771,0.5251805838243461,0.30275198486116195,0.9959689670138889,0.9885145399305556
2,216,0.00044120370876044035,0.000741898431442678,0.5306982115462974,0.3098802195654975,0.9959822289737654,0.9893988715277777
2,217,0.0004365544591564685,0.0007341899909079075,0.5350443151262071,0.32100328736835054,0.9961136429398149,0.989599609375
2,218,0.0004357099824119359,0.000741783413104713,0.5366148340849228,0.31255217525694107,0.9961576485339506,0.9890842013888889
2,219,0.000434252608101815,0.0007467528921552002,0.5393229057759414,0.31264340612623426,0.9960792824074074,0.9891981336805555
2,220,0.0004341592430137098,0.0007537961355410516,0.5423441305572604,0.2883821725845337,0.9960407021604938,0.9895453559027778
2,221,0.000427601597039029,0.0007613870548084378,0.5420745483151188,0.27473618851767645,0.9962191358024691,0.988671875
2,222,0.0004292030935175717,0.000740688992664218,0.5432405539500861,0.3102822886572944,0.9961232880015433,0.9891004774305555
2,223,0.00042594748083502054,0.0007445658557116985,0.5501815616348643,0.30337483485539757,0.9963017216435185,0.9893500434027778
2,224,0.0004219095571897924,0.0007444907096214592,0.5532762723204531,0.3089326474401686,0.9962516878858024,0.9889702690972222
2,225,0.000416076130932197,0.0007368106162175536,0.5604069802496169,0.31367955207824705,0.9962125048225309,0.9895887586805555
2,226,0.00041690320358611643,0.0007374067790806293,0.558763145370248,0.30672401587168374,0.9963210117669753,0.9891221788194444
2,227,0.0004087136476300657,0.00076197151793167,0.5704358443801786,0.2879787564277649,0.9964228877314815,0.9893174913194445
2,228,0.0004086060798726976,0.000747638987377286,0.5694680528876223,0.3124097545941671,0.996559727044753,0.9892903645833333
2,229,0.00040537910535931587,0.0007494966266676784,0.5709737165474598,0.3060906012852987,0.9964222849151234,0.9896213107638889
2,230,0.00039981654845178127,0.0007478703046217561,0.5797238251309336,0.30461345116297406,0.9967996479552469,0.9896213107638889
2,231,0.00040223452378995717,0.0007424294599331915,0.5751830143693053,0.31137664715449015,0.9969304591049383,0.9896701388888889
2,232,0.00039246861706487834,0.0007440775516442955,0.5857347934334366,0.30869190957811143,0.9968086902006172,0.9899522569444444
2,233,0.00039249894325621426,0.0007417629240080714,0.5862258940567205,0.31378963258531356,0.9970136477623457,0.9894911024305556
2,234,0.0003908808866981417,0.0007469852571375668,0.5861370513468613,0.30774810579087997,0.997119743441358,0.9895236545138889
2,235,0.000384448969271034,0.0007422680500894785,0.5955040629999138,0.3118307034174601,0.9970793547453703,0.9896701388888889
2,236,0.0003838742268271744,0.0007405990036204457,0.5981321377518737,0.31332233084572686,0.9970751350308642,0.98994140625
2,237,0.0003885842743329704,0.000739653711207211,0.5932658943129174,0.3146137807104323,0.9972059461805556,0.9898274739583334
2,238,0.0003805209998972714,0.0007443553768098354,0.6017333001266291,0.3069267061021593,0.9971034673996914,0.9897840711805556
2,239,0.000382679863832891,0.0007409469108097255,0.6009609428452857,0.3106317612859938,0.9971094955632716,0.9896647135416666
2,240,0.0003746700822375715,0.0007408343954011798,0.6060587543028372,0.31220577822791207,0.9972246334876543,0.9900607638888889
2,241,0.00037554316804744303,0.0007344902260228992,0.6091882412816272,0.3213753037982517,0.9971203462577161,0.9900607638888889
2,242,0.0003750047762878239,0.0007363777840510011,0.6076320015353921,0.3192345857620239,0.9973560474537037,0.9900119357638889
3,1,0.17743901908397675,0.03267189487814903,-310.5403933984262,-48.652135891384546,0.6184648678626543,0.9798773871527777
3,2,0.019131124019622803,0.007699781563133001,-28.44470022342823,-10.466237931781345,0.992894603587963,0.9954481336805555
3,3,0.0062338365241885185,0.00387939834035933,-8.39090654084712,-4.594100591871474,0.995164809992284,0.9954481336805555
3,4,0.0037782853469252586,0.0028764577582478523,-4.56057697372672,-3.045847453011407,0.995164809992284,0.9954481336805555
3,5,0.0029542967677116394,0.0023754294961690903,-3.263706111024927,-2.2700592994689943,0.995164809992284,0.9954481336805555
3,6,0.0024814496282488108,0.0020811990834772587,-2.502527106249774,-1.8133049461576674,0.995164809992284,0.9954481336805555
3,7,0.0021916551049798727,0.0018857895629480481,-2.0299690905912424,-1.509270175298055,0.995164809992284,0.9954481336805555
3,8,0.0019886500667780638,0.0017397789051756263,-1.7054304835237102,-1.2815877887937757,0.995164809992284,0.9954481336805555
3,9,0.0018316044006496668,0.0016253842040896416,-1.4588765803678536,-1.1027917544047037,0.995164809992284,0.9954481336805555
3,10,0.0017082708654925227,0.0015330365858972073,-1.2637737877574968,-0.9581564029057821,0.995164809992284,0.9954481336805555
3,11,0.0016066029202193022,0.0014585187891498208,-1.0975004016617198,-0.8412346045176188,0.995164809992284,0.9954481336805555
3,12,0.0015257063787430525,0.0013965481193736196,-0.9675961862375707,-0.7437924226125081,0.995164809992284,0.9954481336805555
3,13,0.0014566866448149085,0.0013440524926409125,-0.8564463259261331,-0.6610750913619995,0.995164809992284,0.9954481336805555
3,14,0.0014006199780851603,0.0013013883726671338,-0.7657291680206487,-0.5936822043524848,0.995164809992284,0.9954481336805555
3,15,0.0013506455579772592,0.0012647561961784959,-0.6850276746867615,-0.5358047485351562,0.995164809992284,0.9954481336805555
3,16,0.0013143864925950766,0.0012412008363753557,-0.6258398085464666,-0.5001240968704224,0.995164809992284,0.9954481336805555
3,17,0.001344540505670011,0.0014450540766119957,-0.6542633548194979,-0.6864625215530396,0.9947856385030864,0.9925238715277778
3,18,0.00150605000089854,0.0015140119940042496,-0.8563535415096047,-0.8607935084236993,0.9937475887345679,0.9930718315972222
3,19,0.0014373727608472109,0.0013109765714034438,-0.7927068885461783,-0.6018856671121385,0.9947235484182099,0.9954481336805555
3,20,0.0013589442241936922,0.0013080917997285724,-0.6735938674137916,-0.5809374531110127,0.9947133005401234,0.9950303819444445
3,21,0.0012772376649081707,0.0011963373981416225,-0.5577642068450833,-0.4259500622749329,0.9939013069058642,0.990087890625
3,22,0.001222314778715372,0.0011221427703276277,-0.4688676260135792,-0.3297086318333944,0.9901644483024692,0.9938910590277777
3,23,0.0011771987192332745,0.0010993267642334104,-0.4041296613069228,-0.29566533168156944,0.9907949942129629,0.9897135416666667
3,24,0.001155724050477147,0.0010795294074341655,-0.3673310948006901,-0.26113018459743925,0.9889039592978395,0.9862955729166667
3,25,0.0011204644106328487,0.0010706187458708882,-0.31819457845923343,-0.23497389025158352,0.9886049623842592,0.9834364149305556
3,26,0.0011120203416794538,0.0010406854562461376,-0.29643896641554657,-0.20574834876590306,0.9865192177854938,0.9901692708333333
3,27,0.0010923049412667751,0.0010627082083374262,-0.27083837529759347,-0.21661754581663345,0.9873022762345679,0.9823838975694444
3,28,0.0010842510964721441,0.0010457864264026284,-0.2526475407459118,-0.19776341252856786,0.986377555941358,0.9834689670138889
3,29,0.001070801867172122,0.0010015852749347687,-0.23544422255622016,-0.1470621320936415,0.9850127797067901,0.9873101128472223
3,30,0.0010500028729438782,0.000996683957055211,-0.20431337106375047,-0.13598833084106446,0.9852466724537037,0.9859537760416667
3,31,0.0010353680700063705,0.0009759013191796839,-0.18453734127091773,-0.10853662093480428,0.9848928192515433,0.9892306857638888
3,32,0.001015045098029077,0.000989485764876008,-0.1557733487199854,-0.12525820599661933,0.9860646942515432,0.9830620659722222
3,33,0.001015201909467578,0.0009689603466540575,-0.1514729701442483,-0.09774870872497558,0.9855848524305556,0.988671875
3,34,0.0009994844440370798,0.0009708653669804335,-0.13235786226060656,-0.09167591200934516,0.9850151909722222,0.9833821614583333
3,35,0.0009942202595993876,0.000954815826844424,-0.12411053578058878,-0.07146687904993693,0.9844431182484568,0.9824924045138889
3,36,0.0009909442160278559,0.000948201457504183,-0.11459250759195398,-0.061967338456047905,0.9829746576003087,0.9895616319444445
3,37,0.0009777398081496358,0.0009445366449654102,-0.09867807700310224,-0.054111331039004854,0.9854763454861111,0.9854166666666667
3,38,0.0009750917088240385,0.0009449346107430756,-0.0935392900749489,-0.05843044916788737,0.9844503520447531,0.9881293402777778
3,39,0.0009728421573527157,0.0009408734040334821,-0.09036213321450316,-0.05182708766725328,0.9842242959104939,0.991015625
3,40,0.0009702215902507305,0.0009308353764936328,-0.08576749386610809,-0.03936588764190674,0.9843442563657407,0.9842664930555556
3,41,0.0009590450790710747,0.000948719447478652,-0.07294191578288137,-0.06105195681254069,0.9849386332947531,0.975439453125
3,42,0.0009589532855898142,0.0009270870359614491,-0.07190284316922411,-0.03145045042037964,0.9839240933641975,0.9862358940972222
3,43,0.0009537539444863796,0.0009278276702389121,-0.06516462328993244,-0.034542638725704615,0.984593822337963,0.9845486111111111
3,44,0.0009520688327029347,0.0009345351718366146,-0.06223579394964524,-0.04121753904554579,0.985325641396605,0.9815646701388889
3,45,0.0009534708224236965,0.0009167580283246934,-0.06452097981064409,-0.01857730547587077,0.983519603587963,0.9863118489583333
3,46,0.0009504151530563831,0.0009338945965282619,-0.06163396864761541,-0.04430429140726725,0.9846872588734568,0.9765407986111111
3,47,0.000950272660702467,0.0009211829164996743,-0.06528131122942324,-0.027557973066965738,0.9835527584876543,0.9834743923611111
3,48,0.000943128252401948,0.0009286125423386693,-0.05577355167012156,-0.0338883466190762,0.9843623408564814,0.9750542534722222
3,49,0.0009452898520976305,0.000916631834115833,-0.05759287969565686,-0.019353629483117,0.9837082851080247,0.9828070746527777
3,50,0.0009501160238869488,0.0009132482809945941,-0.06616356034337738,-0.0223620613416036,0.9831820264274691,0.9879340277777777
3,51,0.0009462551097385585,0.0009104667115025222,-0.06422880770247659,-0.017761099338531493,0.9836365499614198,0.9845648871527778
3,52,0.0009454762330278754,0.0009212924633175135,-0.06268815317271668,-0.031806369622548424,0.9839331356095679,0.9778266059027778
3,53,0.000949517881963402,0.0009157039457932115,-0.06973998708489501,-0.025655815336439344,0.9832826967592593,0.9783582899305555
3,54,0.0009412385988980532,0.0009220666252076626,-0.05812788716068974,-0.0379885647031996,0.9826575761959877,0.9777398003472222
3,55,0.0009417623514309525,0.0008967920439317822,-0.06096977010185336,0.0018942077954610189,0.9822657455632716,0.9799479166666667
3,56,0.000935654214117676,0.0009105679346248507,-0.04874810848707034,-0.020910958449045818,0.9823652102623457,0.9816569010416667
3,57,0.0009347724844701588,0.0009012517984956503,-0.050584431342136714,-0.01200260321299235,0.9818944106867284,0.9812174479166667
3,58,0.0009297053911723197,0.0009064136538654566,-0.04267267871786047,-0.01622242662641737,0.9819667486496914,0.9805501302083334
3,59,0.0009289837907999754,0.0008931247866712511,-0.04466430449191435,0.004199810822804769,0.9815845630787037,0.9792588975694444
3,60,0.0009322244441136718,0.000902399595361203,-0.04897075847343162,-0.012514796521928575,0.9815152391975308,0.9753526475694444
3,61,0.0009189036791212857,0.0009000819409266114,-0.030501131069513014,-0.007755959033966064,0.9811005015432098,0.9780653211805556
3,62,0.0009185550734400749,0.0008835109183564782,-0.030269685056474475,0.015511296855078804,0.980737003279321,0.9832628038194444
3,63,0.000917676487006247,0.000889287912286818,-0.029275297824247384,0.011465158727433946,0.9810438368055555,0.9762315538194445
3,64,0.0009220978827215731,0.0008866168209351599,-0.03686460065252987,0.014978149202134874,0.9801956741898148,0.977978515625
3,65,0.0009119506576098502,0.0008833084721118212,-0.023232678866680758,0.018438480959998237,0.9805320457175926,0.9781521267361111
3,66,0.000908304238691926,0.0008895983919501305,-0.016257546124634918,0.00291897455851237,0.9801721643518518,0.9756022135416667
3,67,0.0009090029634535313,0.0008888742886483669,-0.018959193023634545,0.009682134787241618,0.9803065923996913,0.9753092447916667
3,68,0.0009062605677172542,0.0008741741767153144,-0.01535915180488869,0.030187531312306722,0.9795536747685185,0.979931640625
3,69,0.0009009529603645205,0.0008884331909939647,-0.006658931720403978,0.007341398133171929,0.9800956066743827,0.9783799913194444
3,70,0.0008956430247053504,0.0008823678363114595,-0.0017456487373069482,0.013894857300652399,0.980297550154321,0.9773328993055556
3,71,0.0009028228232637048,0.0008732018759474158,-0.010071218602451278,0.029255607393052843,0.979809871720679,0.977587890625
3,72,0.000894079334102571,0.0008716556476429105,0.003354225923985611,0.03090207709206475,0.9800166377314815,0.9779839409722222
3,73,0.0008938109967857599,0.0008674214477650821,0.002714911655143455,0.03937858740488688,0.9793553481867284,0.9789442274305555
3,74,0.0008904045098461211,0.0008681026520207524,0.009078668223487006,0.03623006476296319,0.9801836178626543,0.9789605034722222
3,75,0.000887815491296351,0.0008559118141420186,0.009865909299732726,0.05226495663324992,0.9798442322530864,0.9806532118055555
3,76,0.000881591928191483,0.0008618176216259599,0.018633016539208683,0.04684461487664117,0.9801094714506173,0.9800835503472223
3,77,0.0008882297552190721,0.000864628585986793,0.007999884199213098,0.044676333003573945,0.9801245418595679,0.9763780381944445
3,78,0.0008766731480136514,0.0008674106793478131,0.026747100588716106,0.03360348145167033,0.9799997588734568,0.9779079861111111
3,79,0.0008780381758697331,0.0008756165625527501,0.02256469064288669,0.023687599764929877,0.9802945360725308,0.9743815104166667
3,80,0.0008792206062935293,0.0008747227257117629,0.02140054393697668,0.027142473061879478,0.9803560233410494,0.9747016059027778
3,81,0.0008742904756218195,0.0008585885516367853,0.02871857793242843,0.048076919714609784,0.9796284239969136,0.978662109375
3,82,0.0008702529594302177,0.0008547892794013023,0.0344696080243146,0.05457291867997911,0.9800094039351852,0.9806532118055555
3,83,0.0008702894556336105,0.0008476549410261214,0.032010002342271214,0.06557619836595323,0.9806128231095679,0.9801106770833333
3,84,0.0008665205677971244,0.0008557228720746934,0.03697492796697734,0.05397123230828179,0.9802493248456791,0.9793294270833334
3,85,0.0008637842838652432,0.000861764419823885,0.04213904230682938,0.04862213002310859,0.9809871720679012,0.9783311631944445
3,86,0.0008628149516880512,0.0008563087903894484,0.044866257390858214,0.049050035741594104,0.980542293595679,0.9800672743055555
3,87,0.0008609328651800752,0.0008544895681552589,0.045511039392447765,0.055556032392713756,0.9808545524691358,0.9759385850694444
3,88,0.0008580547291785479,0.0008500414551235735,0.04917536473568575,0.061595104800330265,0.9810703607253086,0.9796115451388889
3,89,0.0008567000040784478,0.0008525145822204649,0.050035924676023885,0.05856722460852729,0.9815242814429013,0.9791286892361111
3,90,0.0008539326954632998,0.0008505326695740223,0.054359732292316575,0.062123465538024905,0.9809208622685185,0.9785210503472223
3,91,0.0008507369784638286,0.0008524951990693808,0.058638196079819294,0.057932327853308783,0.9816339940200617,0.9767306857638889
3,92,0.0008494996000081301,0.0008409145521000028,0.059396527725973244,0.07369218005074395,0.9810456452546297,0.9824435763888889
3,93,0.000849360425490886,0.0008403231622651219,0.060515252896297125,0.07503405014673868,0.9818582417052469,0.9783094618055556
3,94,0.0008438327349722385,0.0008409952279180288,0.06847658024893867,0.0709714240498013,0.9819004388503086,0.9812662760416667
3,95,0.0008435735944658518,0.000843642745167017,0.06721153494752484,0.07080483039220174,0.9821608555169753,0.9817925347222223
3,96,0.0008419342339038849,0.0008382361847907305,0.06899879228921584,0.07442170778910319,0.9825165171682099,0.9794162326388889
3,97,0.0008387442794628441,0.0008354226592928171,0.07389468528606273,0.07948434617784288,0.9823145736882716,0.980126953125
3,98,0.0008346620015799999,0.0008324871305376291,0.07626917479950705,0.08943289783265855,0.9818763261959876,0.982470703125
3,99,0.0008348201517947018,0.00084564124699682,0.07906536511432978,0.06917425261603462,0.9825725790895061,0.9802463107638889
3,100,0.000833459198474884,0.0008366003748960793,0.07869049340118596,0.08089797894159953,0.9832736545138889,0.9808919270833333
3,101,0.0008272825507447124,0.0008428780129179358,0.08480989108850927,0.0730881306860182,0.9833598572530864,0.9798394097222223
3,102,0.0008229836239479482,0.000826665258500725,0.09181914771044696,0.09293225076463488,0.9833556375385802,0.9825032552083334
3,103,0.0008219259325414896,0.0008279479807242751,0.0924591616347984,0.09323134687211779,0.9835865162037037,0.9827419704861111
3,104,0.0008214705158025026,0.0008315871236845851,0.09530359506607056,0.0863068805800544,0.9839656876929013,0.9815266927083334
3,105,0.0008166794432327151,0.0008255720022134483,0.09937764759416934,0.09620247549480862,0.9838704427083333,0.9837510850694444
3,106,0.0008176615810953081,0.0008241430623456836,0.09899745178811344,0.09668503867255317,0.9841730565200617,0.9825900607638889
3,107,0.0008092629723250866,0.0008232964901253581,0.1083726469381356,0.09975315729777018,0.9844081548996914,0.9824435763888889
3,108,0.0008134862873703241,0.0008271539700217545,0.10349140226105114,0.09590167204538981,0.9845323350694445,0.9812120225694444
3,109,0.000809518969617784,0.000824995047878474,0.10979241677272467,0.10106919076707628,0.9845196759259259,0.9827907986111111
3,110,0.00080271897604689,0.0008267950615845621,0.11706391146153579,0.09801716407140096,0.9847933545524692,0.9822211371527778
3,111,0.0008011538302525878,0.0008215111447498202,0.11766009580941848,0.10254848003387451,0.9849488811728395,0.9817057291666667
3,112,0.0008032092591747642,0.0008211217354983091,0.11633376604245033,0.1047898186577691,0.9852629484953703,0.98369140625
3,113,0.0007988869911059737,0.0008184622274711728,0.12322863384529396,0.1088537335395813,0.9852563175154321,0.9836154513888888
3,114,0.0007941215881146491,0.0008182927849702537,0.12788796881098807,0.10616936286290486,0.9855661651234567,0.9837673611111111
3,115,0.0007951267762109637,0.0008139741839841008,0.12682302527957492,0.1138697756661309,0.9859501591435185,0.9832845052083333
3,116,0.0007912731962278485,0.0008163521997630596,0.12858645503903612,0.11202716165118748,0.9855456693672839,0.983837890625
3,117,0.0007860218174755573,0.00081159413093701,0.13768412272135416,0.11614859898885091,0.9861460744598766,0.9851291232638889
3,118,0.0007838410674594343,0.0008083772845566273,0.1399406221177843,0.12002798583772448,0.9859507619598765,0.9844943576388889
3,119,0.0007849792018532753,0.0008058247622102499,0.13619733460155534,0.12299644152323405,0.986423972800926,0.98349609375
3,120,0.0007778022554703057,0.0008073130738921463,0.15025752679801282,0.12171666489707099,0.9865095727237654,0.9860080295138889
3,121,0.0007770126685500145,0.0008122288272716105,0.1482162790533937,0.11778530544704861,0.9865541811342593,0.9836480034722223
3,122,0.000773307983763516,0.0008231847896240652,0.1523978211261608,0.10588996277915107,0.986597583912037,0.9831000434027778
3,123,0.0007731297519057989,0.0008225910132750869,0.15222358468138142,0.10752164125442505,0.9868447386188272,0.9829535590277778
3,124,0.0007719027926214039,0.0008069287287071347,0.15323951538698172,0.12390403747558594,0.9866910204475309,0.9853298611111111
3,125,0.0007666153833270073,0.0008088594186119735,0.16193746431374256,0.12300786177317301,0.987109375,0.9847439236111111
3,126,0.0007594425114803016,0.000806863943580538,0.16738260395732926,0.12651230361726548,0.9875843942901235,0.985546875
3,127,0.0007587231229990721,0.0008000912494026124,0.17178722590575984,0.13544723060395983,0.987304084683642,0.9860080295138889
3,128,0.0007571961032226682,0.000808436016086489,0.1719481254801338,0.12678185171551173,0.9876308111496913,0.9839084201388889
3,129,0.0007483701920136809,0.0007971129380166531,0.17947380233694005,0.13709522353278267,0.9877857349537037,0.9862033420138889
3,130,0.0007498692139051855,0.0008147567277774215,0.18069152405232558,0.11856212351057265,0.9881570698302469,0.9859157986111111
3,131,0.0007494459277950227,0.000807182164862752,0.18094001522770634,0.12710945076412625,0.9884018132716049,0.9847710503472222
3,132,0.0007456900784745812,0.0007986576529219747,0.18582584534162355,0.13943891127904257,0.9881510416666667,0.9869411892361111
3,133,0.0007411647820845246,0.0008015381172299385,0.18982476761311662,0.1356299493047926,0.9884554639274692,0.9852864583333333
3,134,0.0007407927187159657,0.0007984805852174759,0.1903649886449178,0.14249302943547568,0.9886332947530864,0.9853569878472223
3,135,0.0007368155056610703,0.0008040648535825312,0.19546229235919904,0.13351311286290488,0.9886887538580247,0.9856716579861111
3,136,0.00073326809797436,0.0007888345862738788,0.20184472284199279,0.14998670948876275,0.9889937789351851,0.9868218315972223
3,137,0.0007277867989614606,0.0008089083712548018,0.20536992093663156,0.12933428287506105,0.9890022183641975,0.9861382378472222
3,138,0.0007267690380103886,0.0007989408331923187,0.20896676822944923,0.14266752269532945,0.9891939139660494,0.9863444010416667
3,139,0.0007261359714902937,0.0007931404979899526,0.20852080877916312,0.1473522358470493,0.9892752941743828,0.9867513020833333
3,140,0.0007190797477960587,0.0007966859266161919,0.21457777391245336,0.14260411924786037,0.989184268904321,0.986767578125
3,141,0.0007181582041084766,0.0007975061889737844,0.22039784722858005,0.14595432016584609,0.9894362461419753,0.9877604166666667
3,142,0.0007117878412827849,0.0007893922738730907,0.2246088085351167,0.1544172273741828,0.9897744261188272,0.9863389756944444
3,143,0.0007073918241076171,0.0007927416008897126,0.23291666051487864,0.14968707826402453,0.9894151475694445,0.9879828559027778
3,144,0.0007106774719431996,0.0007943374803289771,0.2273852131984852,0.15201933648851182,0.9900016878858025,0.9866536458333334
3,145,0.0007030543638393283,0.0007879891782067716,0.235648183910935,0.1594418379995558,0.9899757667824074,0.9882595486111111
3,146,0.0007022171630524099,0.0008013012120500207,0.23831826419006158,0.14418084886338975,0.990160831404321,0.9855197482638889
3,147,0.0006965725915506482,0.0007907042745500803,0.24217298222176822,0.1528821720017327,0.9899402006172839,0.9881618923611111
3,148,0.0006928308284841478,0.0007883359212428331,0.24671436857294154,0.1588056696785821,0.9902657214506173,0.9873372395833333
3,149,0.0006936729187145829,0.0007902616634964943,0.24625212984320557,0.15676118135452272,0.9905213155864198,0.9876085069444445
3,150,0.0006882160087116063,0.0007856141310185194,0.25568072619261567,0.16278594732284546,0.9906629774305555,0.9871744791666667
3,151,0.0006846041069366038,0.0007897436735220253,0.25845675792223144,0.15903908676571316,0.9906901041666667,0.98759765625
3,152,0.0006804274162277579,0.0007873842259868979,0.26164845331215564,0.16065611044565836,0.9907407407407407,0.9873155381944444
3,153,0.000679654476698488,0.000792283215560019,0.2633374328966494,0.159543334113227,0.9908600983796296,0.9880967881944445
3,154,0.0006723914993926883,0.0007970407023094594,0.27189359267552693,0.1563100404209561,0.9910186390817901,0.9873372395833333
3,155,0.0006721524405293167,0.0007775494013912976,0.2741290866592784,0.17533833583196004,0.9912663966049383,0.9880913628472222
3,156,0.0006722011021338403,0.000798135413788259,0.2726057298389482,0.15539069573084513,0.9913712866512345,0.987744140625
3,157,0.0006667491979897022,0.0007922902004793286,0.2811522607450132,0.15818949672910904,0.991381534529321,0.98759765625
3,158,0.0006623246008530259,0.0007806163048371673,0.2829619824150462,0.17380571365356445,0.9913495852623457,0.9881022135416667
3,159,0.0006614671438001096,0.0007885776576586068,0.2880961624192603,0.16546517610549927,0.9917661313657408,0.9879828559027778
3,160,0.0006536338478326797,0.0007983400137163699,0.2963637699315577,0.15686698092354667,0.9916931905864198,0.9864908854166666
3,161,0.0006525787175633013,0.0007953222957439721,0.2991465284500593,0.15675290558073257,0.9916540075231481,0.9882107204861111
3,162,0.000645991472993046,0.0007853872375562787,0.3020568541538568,0.16955519517262777,0.9914767795138889,0.9875705295138889
3,163,0.0006452183006331325,0.0007891460554674268,0.3067118091347777,0.16759901444117228,0.9920144917052469,0.9876247829861111
3,164,0.0006417135009542108,0.0007885255618020892,0.3101468866254077,0.16684634685516359,0.9916925877700618,0.987939453125
3,165,0.0006379622500389814,0.0007759894942864776,0.3157500659977948,0.18191543817520142,0.992040412808642,0.9891981336805555
3,166,0.000631622620858252,0.0007823727792128921,0.322329944887279,0.17189229859246147,0.9920729648919753,0.9887152777777778
3,167,0.0006278979708440602,0.0007829091046005487,0.3230119659576887,0.17360936005910238,0.9924069251543209,0.9881944444444445
3,168,0.0006249874131754041,0.0007810837705619633,0.3288961534146909,0.1736298256450229,0.9924286265432098,0.9883409288194445
3,169,0.0006232075393199921,0.0007782349130138755,0.33461346832322486,0.17869729200998943,0.9922544126157408,0.9894856770833333
3,170,0.0006267324788495898,0.0008113455260172486,0.32745199733310276,0.14266407357321845,0.9926076630015432,0.9873643663194445
3,171,0.0006152900750748813,0.0007720488938502967,0.33987338248594307,0.18642135196261936,0.9925172405478395,0.9891221788194444
3,172,0.0006118144956417382,0.0007841660408303142,0.34620761547559575,0.16995072232352362,0.9927137586805556,0.9884548611111111
3,173,0.0006078611477278173,0.0007734282407909632,0.3491062604350808,0.18012260993321735,0.9927451051311729,0.9890570746527778
3,174,0.0006064270855858922,0.0007784616900607944,0.3561846534411112,0.17768492036395603,0.9928831500771605,0.9887803819444444
3,175,0.0006041990709491074,0.0007761744782328606,0.35575012027481456,0.17937886582480536,0.9928819444444444,0.9893283420138889
3,176,0.0005963136209174991,0.0007749575306661427,0.3636761318018407,0.18132577472262912,0.993114631558642,0.9881022135416667
3,177,0.000596574624069035,0.0008063580607995391,0.3638441496425205,0.14776609076393976,0.9930953414351852,0.9878960503472223
3,178,0.0005930604529567063,0.0007824966451153159,0.36785529999085415,0.17835840781529744,0.993285228587963,0.9893120659722222
3,179,0.0005860726814717054,0.0007892521098256111,0.3762611237573035,0.1690823276837667,0.9934805410879629,0.9892144097222222
3,180,0.0005781714571639895,0.0007849144167266786,0.3842755981433539,0.17015817562739055,0.9934883777006173,0.9891493055555556
3,181,0.0005794736207462847,0.0007916910690255463,0.38619573131019685,0.16497226821051703,0.9937084056712963,0.9892198350694444
3,182,0.0005708551034331322,0.000768704921938479,0.3928440556114103,0.18850548134909736,0.9934365354938272,0.9896918402777778
3,183,0.0005783131928183138,0.0007724339957349002,0.38944930279696427,0.18767748276392618,0.9936770592206791,0.9889214409722222
3,184,0.0005675244610756636,0.0007714290986768901,0.39739703999625314,0.18720789353052775,0.9937626591435185,0.9890407986111112
3,185,0.0005648965016007423,0.000787051219958812,0.40250317770757793,0.17086702187856037,0.9937765239197531,0.9894585503472222
3,186,0.0005619595758616924,0.0007822790648788214,0.4060785280333625,0.17828819751739503,0.994018253279321,0.9898220486111111
3,187,0.0005520696868188679,0.0007826965302228928,0.41451554386704054,0.17577427360746595,0.9939073350694444,0.9889485677083333
3,188,0.0005548929329961538,0.0007668811595067382,0.4155958940953384,0.19272778828938802,0.9941243489583333,0.9899305555555555
3,189,0.0005492178024724126,0.0007860212353989482,0.42003273022027665,0.17189814117219712,0.9943172501929012,0.9891710069444445
3,190,0.0005435231723822653,0.0007750755175948143,0.4212139278282354,0.18716169330808852,0.9940393518518519,0.9897135416666667
3,191,0.0005457947263494134,0.000797441229224205,0.4239950508247187,0.1680340952343411,0.9941448447145061,0.9896864149305555
3,192,0.0005419012741185725,0.0007737292908132076,0.42655546326696137,0.18469052579667833,0.9943751205632716,0.9891927083333333
3,193,0.0005361941293813288,0.0007705943426117301,0.4369799734633646,0.18844813373353747,0.9941623263888889,0.98955078125
3,194,0.000531262718141079,0.0007772857206873596,0.441225195961234,0.18486625883314345,0.9944974922839506,0.9900770399305555
3,195,0.0005312848370522261,0.0007720680441707373,0.4398584067085643,0.18894829087787204,0.9945939429012346,0.9897026909722222
3,196,0.0005228201625868678,0.0007662405259907246,0.45072692588523583,0.198935600121816,0.9945595823688271,0.9901258680555556
3,197,0.0005239994497969747,0.0007760970620438457,0.4509847420233267,0.18864690860112507,0.9947072723765432,0.9903428819444444
3,198,0.0005210681119933724,0.0007705441676080227,0.4548979099885917,0.19382370313008626,0.9947699652777777,0.9898871527777777
3,199,0.000511893245857209,0.0007646216545253992,0.46631045989048336,0.20039485030704074,0.9947765962577161,0.9898546006944444
3,200,0.000510800804477185,0.0007733050733804703,0.4650441668651722,0.18494528267118665,0.9949417679398148,0.9896267361111111
3,201,0.0005065443692728877,0.0007627950981259346,0.47119681040445965,0.19916956689622667,0.9949007764274691,0.9902180989583333
3,202,0.0005038357339799404,0.0007820206228643656,0.46891989310582477,0.178378164768219,0.9949260947145062,0.9893337673611111
3,203,0.0005047156009823084,0.0007735926192253828,0.47378509530314694,0.19571524328655668,0.9949936101466049,0.9900119357638889
3,204,0.0004974111216142774,0.0007834552088752389,0.4833888786810416,0.18253226942486234,0.9952570408950617,0.9898328993055555
3,205,0.0004912038566544652,0.0007802050095051527,0.4868105745609896,0.18024427228503756,0.9951358748070988,0.9894151475694445
3,206,0.0004923330270685256,0.0007577250944450498,0.485841296190097,0.20421758227878148,0.9950894579475309,0.9904025607638889
3,207,0.0004880182386841625,0.0007731595542281866,0.49135246056097526,0.18719527456495497,0.9952202690972223,0.989794921875
3,208,0.00048355586477555335,0.0007533377502113581,0.49266314020863283,0.2127493421236674,0.9951726466049383,0.9906141493055556
3,209,0.00047748221550136805,0.0007506741676479578,0.5055451496147815,0.21344862381617227,0.9954427083333334,0.9902018229166667
3,210,0.0004775832057930529,0.0007692839135415852,0.5053581002317828,0.19652193254894681,0.9954451195987655,0.9902669270833333
3,211,0.000473222928121686,0.0007544895634055138,0.511065137386322,0.21229123406940037,0.9954764660493827,0.9904025607638889
3,212,0.0004698659176938236,0.0007711095386184752,0.5121661764604074,0.19549137618806628,0.9956175250771605,0.9905924479166667
3,213,0.0004656609380617738,0.0007714867824688554,0.5177103222152333,0.19954585896597968,0.9957368827160494,0.9907118055555556
3,214,0.00045840375241823494,0.0007692871149629354,0.5227630309116693,0.19824729760487875,0.9957019193672839,0.9902940538194445
3,215,0.00045938839321024716,0.0007673610234633088,0.5253058070017967,0.20618145730760362,0.995897231867284,0.9903428819444444
3,216,0.00045924674486741424,0.0007493168814107776,0.5266657059575305,0.22356344196531508,0.9956651475694445,0.9899848090277777
3,217,0.0004559060907922685,0.0007525368127971888,0.530418609984127,0.21807423962487116,0.9956699701003087,0.9907009548611111
3,218,0.0004485578974708915,0.0007494664750993252,0.5372763698483691,0.2217193947898017,0.9958960262345679,0.9902560763888889
3,219,0.0004461605567485094,0.0007729739882051945,0.5379437549614612,0.20290791326098973,0.9958279079861111,0.9905598958333334
3,220,0.0004424235667102039,0.0007636400405317545,0.5456165852370085,0.21371870040893554,0.9959195360725308,0.9907389322916667
3,221,0.00044380774488672614,0.000749909901060164,0.5450890418923932,0.22462475697199505,0.9959828317901235,0.9906467013888889
3,222,0.0004416885203681886,0.000745800556614995,0.5475141868179227,0.2271874811914232,0.996019000771605,0.9910101996527778
3,223,0.00043573661241680384,0.0007586514111608267,0.5545439237429772,0.2169667336675856,0.9959478684413581,0.9901475694444445
3,224,0.00043627910781651735,0.0007468531839549541,0.5497886211783798,0.23027357657750447,0.9958056037808642,0.9913791232638889
3,225,0.00043059568270109594,0.0007599430391564965,0.5559769386126672,0.2154041846593221,0.9962323977623457,0.9898546006944444
3,226,0.00042815200868062675,0.0007685881573706865,0.5627683140613414,0.20943738354576957,0.9959532937885802,0.9909288194444444
3,227,0.0004234210937283933,0.0007560517988167703,0.5636519598372188,0.21893060074912177,0.9962565104166666,0.9905978732638889
3,228,0.00041984807467088103,0.0007858597673475742,0.5686446753548987,0.18983427418602838,0.9960847077546297,0.9903211805555555
3,229,0.000421978096710518,0.000769437407143414,0.5716833119039182,0.20501464340421888,0.9962571132330247,0.9906955295138888
3,230,0.00042282254435122013,0.0007738848798908293,0.5671959417837638,0.20531321234173244,0.9961612654320988,0.9903483072916667
3,231,0.000419770076405257,0.0007504698587581515,0.5716250114970737,0.22731283638212416,0.9962733892746913,0.9910047743055556
3,232,0.000416273542214185,0.0007636687951162457,0.5723116338988881,0.2138241383764479,0.9962727864583333,0.9905110677083333
3,233,0.0004133314359933138,0.000741542549803853,0.5817322348370965,0.23911644750171238,0.9962770061728395,0.9910861545138889
3,234,0.00040849181823432446,0.000763066578656435,0.5832660201155109,0.21439191632800633,0.9965844425154321,0.9911187065972222
3,235,0.00040719611570239067,0.0007512232987210155,0.5850316493599503,0.22922809918721518,0.9964855806327161,0.9915310329861111
3,236,0.00040131836431100965,0.0007713300874456763,0.5916180466428215,0.20149463812510174,0.9965518904320988,0.9907335069444444
3,237,0.00040032685501500964,0.0007382929907180369,0.5931749451307603,0.2389383726649814,0.9966194058641975,0.9912217881944444
3,238,0.0003954643034376204,0.0007610573666170239,0.5950356290664202,0.22377306355370416,0.9966513551311729,0.9906792534722222
3,239,0.00039615758578293025,0.0008027320145629346,0.5984587182233363,0.1818035920461019,0.9965669608410493,0.9905544704861111
3,240,0.0003962526097893715,0.0007632588967680931,0.5965434936829556,0.220485430293613,0.9966676311728395,0.9912055121527777
3,241,0.00039532408118247986,0.0007660698611289263,0.5984760871639958,0.2167257653342353,0.996679084683642,0.9910915798611111
3,242,0.0003856404509861022,0.0007680439739488065,0.6090763879411014,0.21298588514328004,0.9967586564429012,0.9908745659722222
3,243,0.00038507627323269844,0.0007935771136544645,0.6101461435541694,0.18854232099321153,0.9966585889274692,0.9902669270833333
3,244,0.0003799033001996577,0.0007716341060586274,0.6151570514396385,0.2093847393989563,0.9966754677854939,0.9904730902777777
3,245,0.00037889680243097246,0.0007935856119729578,0.6155481656392415,0.1889452815055847,0.9968376253858025,0.990673828125
3,246,0.0003784068103414029,0.000777099747210741,0.6143291468973513,0.20377278195487128,0.996899715470679,0.9907877604166667
3,247,0.00038266752380877733,0.0007568143773823977,0.6119620671978703,0.21713022391001383,0.9968731915509259,0.9908745659722222
3,248,0.00037818876444362104,0.0007694847881793976,0.6152696069375968,0.20352482265896268,0.9968237606095679,0.9910427517361111
3,249,0.00036879981053061783,0.0007601947872899473,0.627010151191994,0.22116868628395928,0.9971149209104938,0.9913845486111111
3,250,0.00036503514274954796,0.0007610625470988452,0.6323551072014703,0.22043164438671536,0.9971143180941358,0.9916775173611111
3,251,0.00036735518369823694,0.0007558100041933358,0.6296419833913262,0.22478308280309042,0.997362075617284,0.9913736979166666
3,252,0.0003591063432395458,0.0007755806436762214,0.6395197307621991,0.2031248370806376,0.9974741994598766,0.9914225260416667
3,253,0.00035509929875843227,0.0007658859831281006,0.6413369677684925,0.21256193584865993,0.9975266444830246,0.9913302951388889
3,254,0.000355125026544556,0.0007603222038596869,0.643529889760194,0.22028054263856675,0.9974555121527777,0.9914767795138889
3,255,0.00035087112337350845,0.0007736583356745541,0.646794757872452,0.2062645925415887,0.9974971064814815,0.9913953993055555
3,256,0.00035005371319130063,0.0007603092817589641,0.6451327634446415,0.221080035633511,0.9975688416280865,0.9916612413194444
3,257,0.0003502239705994725,0.0007512669544667006,0.6479428548871735,0.22988038063049315,0.9975664303626544,0.9913465711805556
3,258,0.0003481486637610942,0.0007711558137089014,0.6492087771863113,0.20928320089975994,0.9975248360339506,0.9916883680555556
3,259,0.0003454803954809904,0.0007598699303343892,0.6540876688780608,0.22039938767751058,0.9977424527391975,0.9914822048611112
3,260,0.00034577850601635873,0.0007510363939218223,0.6522632048453814,0.23019178178575303,0.9975254388503086,0.99189453125
3,261,0.0003418942214921117,0.0007551090093329549,0.6581019956388591,0.22520365715026855,0.997705680941358,0.9915581597222223
3,262,0.00033873325446620584,0.0007542074890807271,0.6546740474524322,0.22773295640945435,0.9977400414737654,0.9918240017361111
4,1,0.15039408206939697,0.030398812144994736,-240.2132202901958,-44.183483081393774,0.6588975694444444,0.99541015625
4,2,0.017780372872948647,0.00710942130535841,-26.421494091881645,-9.290099414189656,0.9951551649305556,0.99541015625
4,3,0.005719764158129692,0.0035994909703731537,-7.654551246431139,-3.99762511783176,0.9951690297067901,0.99541015625
4,4,0.0034546181559562683,0.0026763458736240864,-4.0769799570978424,-2.5976890563964843,0.9951690297067901,0.99541015625
4,5,0.0026992163620889187,0.002249056939035654,-2.8646269412688268,-1.947056065665351,0.9951690297067901,0.99541015625
4,6,0.0022912733256816864,0.0019952612929046154,-2.212445580812148,-1.5593129581875271,0.9951690297067901,0.99541015625
4,7,0.002035890007391572,0.0018238939810544252,-1.7988541647239968,-1.2967826578352186,0.9951690297067901,0.99541015625
4,8,0.001852998393587768,0.0016946368850767612,-1.5027744228457227,-1.098212374581231,0.9951690297067901,0.99541015625
4,9,0.0017137646209448576,0.0015936164418235421,-1.2804846148432036,-0.9426222880681355,0.9951690297067901,0.99541015625
4,10,0.0016034722793847322,0.0015161028131842613,-1.1038595370304438,-0.8232333925035265,0.9951690297067901,0.99541015625
4,11,0.0015204716473817825,0.0014862464740872383,-0.9734926650553574,-0.7803140772713555,0.9951690297067901,0.99541015625
4,12,0.0016338839195668697,0.0016584128607064486,-1.0709105905191398,-0.9764322784211901,0.9942412953317902,0.9950358072916666
4,13,0.0016650175675749779,0.0016131096053868532,-1.1244562522864636,-0.9396946589152019,0.9944745852623457,0.9954047309027778
4,14,0.0015774035127833486,0.001414800644852221,-1.015133856108159,-0.6663689639833238,0.9949134355709877,0.99541015625
4,15,0.0014541343552991748,0.0013762535527348518,-0.8155893175690262,-0.5970044944021436,0.9937475887345679,0.9927897135416667
4,16,0.0013646550942212343,0.0012762208934873343,-0.6910454539605129,-0.4626073784298367,0.9912073206018519,0.9944878472222223
4,17,0.0012899681460112333,0.0012603562790900469,-0.5810414252457795,-0.44078779220581055,0.9895869502314815,0.9857096354166667
4,18,0.0012392420321702957,0.001228448934853077,-0.5043367459450239,-0.3897377835379707,0.9877881462191358,0.9831000434027778
4,19,0.001211606664583087,0.0012013306841254234,-0.4615555264331676,-0.3464610881275601,0.9866849922839506,0.9858181423611111
4,20,0.0011762486537918448,0.001192976487800479,-0.40714067706355345,-0.3373340924580892,0.9860038097993827,0.9856825086805555
4,21,0.0011492854682728648,0.001130001386627555,-0.3672290176521113,-0.24521318938997055,0.9835630063657408,0.9921712239583333
4,22,0.001113450271077454,0.0011365554528310895,-0.31855230198966134,-0.2494141803847419,0.9866524402006173,0.9832248263888889
4,23,0.0010972172021865845,0.0011030029272660613,-0.2922102236453398,-0.20337039099799262,0.9834611304012346,0.9870062934027778
4,24,0.0010744909523054957,0.0011111308122053742,-0.25349276536776694,-0.2161835551261902,0.9856354890046296,0.9839409722222222
4,25,0.0010640306863933802,0.0010732728987932205,-0.2413677453994751,-0.15991631348927815,0.9834948881172839,0.9811469184027778
4,26,0.0010384322376921773,0.0010618858505040407,-0.20502238391358174,-0.14104213847054375,0.9838493441358025,0.986962890625
4,27,0.0010270189959555864,0.001054986147210002,-0.18558674064683325,-0.13071453306410047,0.9850640190972222,0.9839952256944444
4,28,0.0010205286089330912,0.001048864098265767,-0.17588234418704185,-0.12123371362686157,0.9852629484953703,0.98525390625
4,29,0.001011909102089703,0.0010371997486799955,-0.16196558195867655,-0.10630361106660631,0.983131992669753,0.9849934895833333
4,30,0.0009963767370209098,0.0010283770971000195,-0.13879625179149485,-0.08995117611355252,0.984376205632716,0.9835340711805556
4,31,0.0009892921661958098,0.0010302502196282148,-0.12990135705029524,-0.0966206709543864,0.9840476707175926,0.9873263888888889
4,32,0.0009824790759012103,0.001025245524942875,-0.12172993112493444,-0.08630438645680745,0.9845166618441358,0.9873318142361112
4,33,0.0009800533298403025,0.0010075573809444904,-0.11616269953456926,-0.06932317813237508,0.9848530333719135,0.9764702690972222
4,34,0.0009678779169917107,0.0010144092375412583,-0.10145197738835841,-0.07368238766988118,0.9834858458719136,0.9848741319444444
4,35,0.0009731219615787268,0.0010032854042947292,-0.1088182505266166,-0.058758519755469425,0.9836052035108025,0.9889811197916667
4,36,0.0009626488899812102,0.000987000297755003,-0.09385326983016214,-0.03881627851062351,0.9833447868441358,0.9863823784722222
4,37,0.0009586085798218846,0.0009957015281543136,-0.0893193393577764,-0.044419479370117185,0.9845172646604938,0.98369140625
4,38,0.0009567586821503937,0.0010004403302446008,-0.08560528931794344,-0.05636611911985609,0.9834930796682099,0.9880208333333333
4,39,0.0009542625048197806,0.0009852503426373005,-0.0844524206938567,-0.0355237536960178,0.9829722463348766,0.9845431857638889
4,40,0.0009484839392825961,0.0009855362586677074,-0.07720311320858238,-0.03661133580737644,0.9836480034722223,0.9834743923611111
4,41,0.0009469002834521234,0.0009912203531712294,-0.07612060455628383,-0.05183316601647271,0.9832332658179013,0.984375
4,42,0.0009502733591943979,0.0009733156766742468,-0.08263344867729847,-0.023429707686106364,0.9819613233024691,0.9819932725694445
4,43,0.0009395945817232132,0.0009745869319885969,-0.06665163820172533,-0.024614432122972277,0.9841025270061728,0.9857476128472222
4,44,0.0009424160234630108,0.000987606355920434,-0.07142749347804506,-0.04941031535466512,0.9830017843364197,0.9777615017361111
4,45,0.0009417113033123314,0.0009809478651732206,-0.07003520521116846,-0.04002350701226128,0.9830916039737654,0.9760687934027777
4,46,0.0009376424131914973,0.0009642994264140725,-0.06852848721139225,-0.012724745273590087,0.9816707658179012,0.9798936631944445
4,47,0.000939465593546629,0.0009653754532337189,-0.068760562678914,-0.01791887018415663,0.9817015094521605,0.9800401475694445
4,48,0.0009324268321506679,0.000970112276263535,-0.061045499201174136,-0.022046351432800294,0.9818817515432099,0.9833279079861111
4,49,0.0009291915921494365,0.0009526460198685527,-0.05554193832256176,-0.000585672590467665,0.9813163097993827,0.9800998263888889
4,50,0.0009281405946239829,0.0009498310391791165,-0.05474930942794423,0.003918839825524224,0.9815899884259259,0.9781521267361111
4,51,0.0009236778714694083,0.0009412583895027637,-0.049184497491813,0.017209633191426595,0.9807008342978395,0.9840657552083333
4,52,0.0009189816191792488,0.0009420518763363361,-0.0438722120390998,0.011487922403547499,0.9809280960648148,0.9798285590277778
4,53,0.0009123696945607662,0.0009543686755932868,-0.03201708514013408,-0.006657776567671034,0.980884090470679,0.9786838107638889
4,54,0.0009196389000862837,0.000939216697588563,-0.04519170493255427,0.013740046819051107,0.9809497974537037,0.9798014322916667
4,55,0.0009076247806660831,0.000941314036026597,-0.025513305487456145,0.012120666768815782,0.9802692177854938,0.9788682725694444
4,56,0.0009125652723014355,0.000936482276301831,-0.03461872147925106,0.02280933592054579,0.9802354600694444,0.9770887586805556
4,57,0.0009044483304023743,0.0009247324196621776,-0.020233629515141616,0.03940232462353176,0.9800371334876543,0.9784939236111111
4,58,0.0009061043965630233,0.0009365052101202309,-0.02397345746005023,0.019458217091030544,0.9799889081790123,0.9759006076388889
4,59,0.0008989849593490362,0.0009396722889505327,-0.013472952077418198,0.02154564725028144,0.9798864293981482,0.9718804253472222
4,60,0.000894765486009419,0.0009325348073616624,-0.008834543198715022,0.023985901143815783,0.9800419560185185,0.9784450954861111
4,61,0.00090092106256634,0.0009187000105157495,-0.01856754473697992,0.04721704986360338,0.979490379050926,0.9777777777777777
4,62,0.0008920897962525487,0.000925636210013181,-0.0015693240695529515,0.03735632366604275,0.9799901138117284,0.9756456163194445
4,63,0.0008886572904884815,0.000917929457500577,0.0031025044712019553,0.045205458005269365,0.9794228636188271,0.9794921875
4,64,0.0008924821158871055,0.0009147394448518753,-0.006754288261319384,0.04680473936928643,0.979418643904321,0.9775010850694444
4,65,0.0008842697134241462,0.0009167577372863889,0.008378411958247055,0.04731341600418091,0.9792643229166667,0.9774468315972222
4,66,0.0008855459745973349,0.0009125365759246051,0.005207634119339931,0.04823016590542263,0.9796025028935185,0.9766493055555555
4,67,0.0008853619801811874,0.0009181053610518575,0.004500578215092789,0.043690629800160724,0.9793764467592593,0.9747341579861111
4,68,0.0008796556503511965,0.0009198070620186627,0.015213598881238773,0.037499692704942494,0.9795428240740741,0.9748643663194444
4,69,0.0008794065797701478,0.0009039026917889714,0.013769426022046878,0.058940358956654865,0.9787079234182099,0.9795681423611111
4,70,0.0008754581795074046,0.0009033862152136862,0.01871229969424966,0.06079223023520575,0.979541015625,0.9783203125
4,71,0.0008718564640730619,0.0009001394500955939,0.02469514829141122,0.06251847214168972,0.9793800636574074,0.9781575520833333
4,72,0.000872613862156868,0.0008948574541136622,0.021221916322354917,0.07003402312596639,0.979514491705247,0.9792317708333333
4,73,0.0008708155364729464,0.0008968993788585067,0.025617375638749863,0.06891462935341729,0.9789586950231481,0.9775336371527777
4,74,0.000863968045450747,0.0008983198786154389,0.03690884069160179,0.06516167852613661,0.9793903115354938,0.9772894965277777
4,75,0.0008644567569717765,0.0008970000199042261,0.035920328711286004,0.0684962617026435,0.9801179108796296,0.9762261284722222
4,76,0.0008703338680788875,0.0008908243617042899,0.026208269007412004,0.07372872167163425,0.9790213879243828,0.9808268229166667
4,77,0.0008585932664573193,0.0008846599375829101,0.04274822135030487,0.08426699903276232,0.9797652633101852,0.9761664496527778
4,78,0.0008605315815657377,0.0008945309091359377,0.03917353830219787,0.06648048559824625,0.980470558449074,0.9722439236111111
4,79,0.0008605510229244828,0.0008803364471532404,0.04104032678368651,0.08991849025090536,0.979247444058642,0.9801215277777777
4,80,0.0008547172183170915,0.0008903928101062775,0.04865631291895737,0.07581193844477335,0.9803536120756173,0.9745334201388889
4,81,0.0008510423940606415,0.0008849755395203829,0.05270544952816433,0.08839970164828831,0.9798526716820988,0.9809678819444444
4,82,0.0008489800384268165,0.0008779576164670289,0.05642369853125678,0.08841149542066785,0.98017578125,0.9754774305555556
4,83,0.0008495454676449299,0.0008822461823001504,0.0549505548712648,0.09217749834060669,0.9805573640046297,0.9800021701388889
4,84,0.0008464754209853709,0.0008774091256782413,0.06086834095142506,0.09470976193745931,0.9805700231481481,0.9783148871527778
4,85,0.0008446102729067206,0.0008749703411012888,0.06291379781416905,0.09266465769873725,0.9811390817901234,0.9777994791666667
4,86,0.0008395325858145952,0.0008741925121285021,0.06738939108671965,0.09729248815112644,0.981105324074074,0.978564453125
4,87,0.000839442596770823,0.0008727117674425244,0.06974164188644033,0.09268689552942912,0.981468822337963,0.9759819878472222
4,88,0.0008393327589146793,0.0008685106295160949,0.06882572777477311,0.10351165665520562,0.9808991608796296,0.9801052517361111
4,89,0.0008353224257007241,0.0008683257619850338,0.07547491038287127,0.09762473901112874,0.9821072048611111,0.978515625
4,90,0.0008332655415870249,0.0008668217342346907,0.07796619571285483,0.1048400600751241,0.9820734471450617,0.9798773871527777
4,91,0.0008284380310215056,0.0008601242443546653,0.0827678574456109,0.11105691856808132,0.9818383487654321,0.980078125
4,92,0.0008247711812146008,0.000862480141222477,0.08988208182064103,0.10502418941921658,0.9823019145447531,0.9783257378472222
4,93,0.000827314390335232,0.000863507972098887,0.08283436371956343,0.10783791542053223,0.9822386188271605,0.9790418836805556
4,94,0.0008235875284299254,0.0008619847358204424,0.09088404311074151,0.11086753341886732,0.9821970244984568,0.9787706163194444
4,95,0.0008218380389735103,0.0008567753247916698,0.09368650824935348,0.11032186614142524,0.9824092158564814,0.9814995659722222
4,96,0.0008183439495041966,0.0008563065202906728,0.0989140076401793,0.1118750770886739,0.9830608603395061,0.9788140190972222
4,97,0.0008174547692760825,0.0008543077856302261,0.09855769401715125,0.11660890579223633,0.982689525462963,0.9815538194444444
4,98,0.0008167407941073179,0.0008623958565294743,0.09924020693625933,0.11188230646981133,0.9826617959104939,0.9793728298611111
4,99,0.0008160692523233593,0.0008488015737384558,0.1043117791046331,0.12071129083633422,0.9835985725308642,0.9794867621527777
4,100,0.0008079043473117054,0.000847655872348696,0.11272097958458795,0.125065369076199,0.9833652826003086,0.981884765625
4,101,0.0008072259370237589,0.0008497667731717229,0.11043074955174953,0.11700500912136502,0.9839891975308642,0.9787489149305556
4,102,0.0008028526790440083,0.000843197456561029,0.11601412781962642,0.12692386839124892,0.9838891300154321,0.9807888454861111
4,103,0.0007988860597833991,0.0008465469582006335,0.12317627962724662,0.1256992008950975,0.9841356819058642,0.9810384114583334
4,104,0.0008009093580767512,0.0008430933812633157,0.12104829549789428,0.13013025654686822,0.984129050925926,0.9813856336805555
4,105,0.0007996474159881473,0.0008385522523894906,0.12306831721906308,0.1330956392818027,0.9844033323688272,0.9817979600694444
4,106,0.0007935137255117297,0.0008398303180001676,0.1286083580535135,0.13297134505377875,0.9845130449459877,0.9810492621527778
4,107,0.0007936828769743443,0.0008396877674385905,0.1283822661564674,0.13156120909584892,0.9846360194830247,0.98125
4,108,0.0007873986614868045,0.000833431608043611,0.1380307995242837,0.13682082759009467,0.9851888020833334,0.9806803385416667
4,109,0.000783753115683794,0.0008367972914129496,0.1431049120279006,0.1351708134015401,0.9852080922067902,0.9815809461805556
4,110,0.0007804945926181972,0.0008325674571096897,0.14886553787890774,0.13901545604070029,0.9855577256944444,0.9805067274305556
4,111,0.0007807478541508317,0.0008334384765475988,0.14712628243881978,0.1390897724363539,0.9853105709876543,0.9828233506944445
4,112,0.0007809964008629322,0.0008297120220959187,0.14876451595329945,0.1407379388809204,0.9855456693672839,0.9812120225694444
4,113,0.0007802721811458468,0.0008269274258054793,0.14595017153539774,0.14808650149239433,0.9856632185570988,0.9834852430555555
4,114,0.0007727952324785292,0.0008262667106464505,0.15782429215348798,0.14766320122612847,0.9861617476851852,0.9843315972222222
4,115,0.0007700434071011841,0.0008242561598308384,0.1614401873247123,0.14715167548921373,0.9860423900462963,0.9838704427083333
4,116,0.0007682633586227894,0.0008222016622312367,0.16320392452640298,0.14939859708150227,0.9863950376157408,0.9836805555555556
4,117,0.0007621059194207191,0.0008188200881704688,0.17120247269854133,0.15249260663986205,0.9870418595679012,0.9834526909722222
4,118,0.000760309980250895,0.0008243933552876115,0.1714916009961823,0.1458945698208279,0.9868025414737654,0.9831434461805556
4,119,0.0007603724370710552,0.000816585379652679,0.17271863678355276,0.15516660345925226,0.9872691213348765,0.9842936197916666
4,120,0.0007542025996372104,0.0008143030572682619,0.18039168060561758,0.15734803544150458,0.9869502314814815,0.9831163194444444
4,121,0.0007510450668632984,0.0008136872202157974,0.18806620350590458,0.15489458772871229,0.9872685185185185,0.983447265625
4,122,0.0007486066897399724,0.0008153248345479369,0.1894008911686179,0.15726861291461522,0.9874885464891975,0.9846137152777777
4,123,0.0007461876957677305,0.0008136241813190281,0.19249346197387318,0.1575361304812961,0.9874644338348766,0.9845160590277777
4,124,0.0007441939087584615,0.0008064161520451307,0.19452184203230305,0.16401625474294027,0.9878110532407407,0.9836588541666667
4,125,0.0007378769805654883,0.000809156452305615,0.19907474120457966,0.16434319284227158,0.9876856674382716,0.9845431857638889
4,126,0.0007375006680376828,0.0008068291936069727,0.20101815815325136,0.1670421944724189,0.9880883487654321,0.9844618055555555
4,127,0.0007335253176279366,0.0008064230787567794,0.20607725308265215,0.1654989096853468,0.9878948447145062,0.9850640190972222
4,128,0.0007317895069718361,0.00080107431858778,0.2093938163769098,0.1707761327425639,0.9883505738811729,0.9855902777777777
4,129,0.0007229889160953462,0.0008002507383935153,0.2182223770353529,0.170796185069614,0.9884663146219136,0.9840223524305556
4,130,0.0007250017952173948,0.0008049365133047104,0.21642650292243487,0.17063208950890435,0.9881606867283951,0.985595703125
4,131,0.0007264078594744205,0.0007952883606776595,0.21698140332728255,0.1783508062362671,0.9890034239969135,0.9852484809027777
4,132,0.0007216826779767871,0.0008036205545067787,0.22145271786937007,0.16974204381306965,0.9885109230324074,0.9871799045138889
4,133,0.0007164295529946685,0.0007984713301993906,0.22539481748769313,0.17308979431788127,0.9891420717592593,0.9846354166666667
4,134,0.00071580900112167,0.0008010768797248602,0.22822437786761626,0.17580592367384168,0.988890697337963,0.9873318142361112
4,135,0.0007079581264406443,0.0007920667412690818,0.23856831259197658,0.1791361583603753,0.9893578800154321,0.9859320746527778
4,136,0.0007105189724825323,0.0007918640039861202,0.23584846787982516,0.1794295483165317,0.9896393952546296,0.9854654947916667
4,137,0.0007049381383694708,0.0007945768302306533,0.24157534057711377,0.17802628808551366,0.9897388599537037,0.9854329427083334
4,138,0.0007084640092216432,0.000794540683273226,0.23913774755265976,0.17819934686024982,0.9892927758487654,0.9867024739583333
4,139,0.0007007706444710493,0.0007926048128865659,0.24735792463208423,0.18208752738104927,0.9896339699074074,0.9859537760416667
4,140,0.0006972659612074494,0.0007854242576286197,0.25015801897755374,0.18308554490407308,0.989721981095679,0.9858561197916667
4,141,0.0006932514952495694,0.0007856569718569517,0.2583826636090691,0.18592227432462904,0.9900782455632716,0.9864420572916667
4,142,0.0006904833717271686,0.0007844719220884144,0.2586237421742192,0.18814390765296088,0.9899932484567902,0.9874782986111111
4,143,0.0006874618120491505,0.0007869174587540329,0.2594470849743596,0.18560240666071573,0.9904664592978395,0.9850423177083333
4,144,0.0006795075605623424,0.000782844377681613,0.270045104144532,0.19208025137583415,0.9901234567901235,0.9883138020833333
4,145,0.0006809469778090715,0.0007856623851694167,0.2700294721273728,0.18856002357270982,0.990748577353395,0.9876898871527777
4,146,0.0006787708261981606,0.0007780438754707575,0.27151312092204155,0.19371503326627942,0.9909643856095679,0.9867458767361111
4,147,0.000674374052323401,0.0007758571882732213,0.2775414786221069,0.19650568432278104,0.990744960455247,0.9871365017361111
4,148,0.0006732317851856351,0.000776763423345983,0.2765050411224365,0.1951902601453993,0.9908498505015432,0.9871202256944445
4,149,0.000670273439027369,0.0007717153639532626,0.28382075818968405,0.19934395021862453,0.990990306712963,0.9864800347222222
4,150,0.0006683320971205831,0.0007740448927506804,0.2856962309943305,0.19920472568935818,0.9911482445987654,0.9877766927083333
4,151,0.0006618244806304574,0.0007759792497381568,0.2913419825059396,0.19938897821638318,0.9911199122299382,0.9874457465277777
4,152,0.0006605526432394981,0.0007710149511694908,0.29176044434676934,0.20259715848498874,0.9916075906635803,0.9873697916666667
4,153,0.0006583965150639415,0.0007693718071095645,0.2956138368006106,0.20433141390482584,0.9913652584876543,0.9874782986111111
4,154,0.0006524211494252086,0.0007618005620315671,0.3011745442578822,0.21462791495853,0.991405647183642,0.9875434027777777
4,155,0.0006514581618830562,0.0007641209522262216,0.3063222601089948,0.20762527518802218,0.9917540750385803,0.9872504340277778
4,156,0.0006506349891424179,0.0007659237599000335,0.3063800827956494,0.20838345421685112,0.9915207851080247,0.9874945746527778
4,157,0.0006483368924818933,0.0007680252892896533,0.30899301384702144,0.20929645035001967,0.9916461709104938,0.9885091145833333
4,158,0.0006421441212296486,0.0007633137283846736,0.3188049691694754,0.21321943865882026,0.9921971450617284,0.9877658420138888
4,159,0.0006346984300762415,0.0007583302212879062,0.32233926234421906,0.21261406474643282,0.9919753086419754,0.9885687934027778
4,160,0.0006370562477968633,0.0007614942733198404,0.32160353307370787,0.21718616750505235,0.992333984375,0.9874674479166666
4,161,0.0006316854851320386,0.0007617108058184385,0.3272412790192498,0.21371458768844603,0.9922411506558642,0.9873643663194445
4,162,0.0006291777244769037,0.0007614705245941877,0.3288947199597771,0.2156113862991333,0.9922104070216049,0.9892632378472223
4,163,0.0006206226535141468,0.0007515344186685979,0.3397795999491656,0.22399230268266465,0.9925696855709877,0.9884223090277777
4,164,0.0006213306332938373,0.0007503455271944404,0.33868732275786223,0.22414734893374974,0.9925714940200617,0.9881076388888889
4,165,0.0006183320074342191,0.000755141896661371,0.3434914212167999,0.2209122101465861,0.9927378713348766,0.9884060329861111
4,166,0.0006124246865510941,0.0007515939651057124,0.3488998081949022,0.22424134148491753,0.992653477044753,0.9878580729166667
4,167,0.0006088193622417748,0.0007513373275287449,0.35194214302816507,0.22690712345971,0.9927113474151235,0.9882541232638888
4,168,0.0006079545710235834,0.0007493658340536058,0.3513031095634272,0.22993677457173664,0.9927692177854939,0.9889756944444444
4,169,0.0006094498676247895,0.0007489577401429415,0.3511678380730711,0.22662759224573772,0.9928108121141975,0.9883463541666667
4,170,0.0006005608011037111,0.0007491931901313365,0.36022514384469867,0.23047791057162814,0.9928096064814815,0.9889919704861111
4,171,0.0006019528955221176,0.0007478744373656809,0.361987762686647,0.22874430815378824,0.9930856963734568,0.9884385850694445
4,172,0.0005929608596488833,0.0007399367168545723,0.36873322813599196,0.23579870462417601,0.9930356626157407,0.9889973958333333
4,173,0.0005905991420149803,0.0007435815641656518,0.37464262085196415,0.23344164159562852,0.9932339891975308,0.9886827256944445
4,174,0.0005838137585669756,0.0007371865212917328,0.3762026975184311,0.2374300969971551,0.9935450424382716,0.989111328125
4,175,0.0005852380418218672,0.0007381306495517492,0.3821619509178915,0.23932190736134848,0.9933159722222222,0.9889702690972222
4,176,0.0005783494561910629,0.0007481391658075154,0.3850566506385803,0.23204079469045003,0.993604721257716,0.9886284722222223
4,177,0.0005772690637968481,0.0007361125899478793,0.38469123325230165,0.2435625433921814,0.9936433015046297,0.989306640625
4,178,0.0005714167491532862,0.0007440242916345596,0.3936771398709144,0.23418131139543322,0.9937668788580247,0.9893608940972223
4,179,0.0005692224949598312,0.0007364441407844424,0.3943221187885897,0.2403328988287184,0.9936836902006173,0.9895941840277778
4,180,0.0005646284553222358,0.0007355546113103628,0.4036393349553332,0.24406865040461223,0.993847053433642,0.9892849392361112
4,181,0.000560775981284678,0.0007372191175818443,0.40414061222547365,0.24670029083887737,0.9939145688657407,0.9893337673611111
4,182,0.0005581430159509182,0.0007384502678178251,0.40798233497289965,0.24709909624523588,0.9940604504243827,0.9887424045138888
4,183,0.0005556106334552169,0.0007335342234000564,0.4119234088026447,0.24871904585096571,0.9940948109567901,0.989453125
4,184,0.0005565055180341005,0.0007267406326718628,0.4114909366325096,0.2585306617948744,0.994017650462963,0.9888888888888889
4,185,0.000549544463865459,0.0007323850877583027,0.41710551491490117,0.2507787929640876,0.9940646701388889,0.9888671875
4,186,0.0005436705541796982,0.0007271108916029334,0.4264509948683374,0.25829476515452066,0.9942033179012346,0.989208984375
4,187,0.000542239926289767,0.000733282882720232,0.4236957476462847,0.2538524521721734,0.9942605854552469,0.989208984375
4,188,0.0005357109475880861,0.0007258159457705915,0.4370306937782853,0.2598358021842109,0.9942605854552469,0.98984375
4,189,0.0005345866084098816,0.0007229213370010257,0.43478468126720854,0.26297773785061307,0.9945933400848765,0.9901909722222222
4,190,0.0005272662383504212,0.0007256910903379321,0.44280457187581945,0.2588758971956041,0.9945861062885802,0.9900173611111112
4,191,0.0005233290721662343,0.0007214733632281423,0.44444169262309136,0.26919309563106963,0.9945909288194444,0.9903374565972223
4,192,0.0005217338330112398,0.0007283685263246298,0.451099682148592,0.26380982796351116,0.9947108892746913,0.9895182291666667
4,193,0.0005220369203016162,0.0007276780670508742,0.4506217746087062,0.25811511543062,0.9946391541280865,0.9902180989583333
4,194,0.0005123567534610629,0.0007287431508302689,0.45730719286718485,0.26127758158577813,0.9948181905864197,0.990185546875
4,195,0.0005159089341759682,0.0007303900201804936,0.4556147587152175,0.2586062828699748,0.9948573736496914,0.9895887586805555
4,196,0.0005121876019984484,0.0007280505960807204,0.4588298913873272,0.2602811349762811,0.9949405623070988,0.9901421440972222
4,197,0.0005030247266404331,0.0007256551180034876,0.4699820316868064,0.26431220902336966,0.9949471932870371,0.9899088541666666
4,198,0.0005002425750717521,0.0007282774895429611,0.4741593040066001,0.26269921594195894,0.9949182581018519,0.9897786458333333
4,199,0.0004952087765559554,0.0007323407335206866,0.4790914718015694,0.25849003659354314,0.9949423707561729,0.9889594184027778
4,200,0.0004961496451869607,0.000729587278328836,0.4751445353767018,0.26575707462098863,0.9948356722608025,0.9903645833333333
4,201,0.0004972950555384159,0.0007215645164251328,0.4723695718211892,0.26907530890570747,0.9952914014274692,0.9892740885416667
4,202,0.0004920945502817631,0.0007252113427966833,0.48239005038767685,0.2699377695719401,0.995214240933642,0.9898003472222222
4,203,0.0004839236498810351,0.0007221483974717557,0.49033041721508824,0.2715952820248074,0.9953450520833333,0.9901801215277778
4,204,0.0004787338257301599,0.0007214490324258804,0.49964354082390117,0.27244186931186254,0.9956428433641975,0.9902723524305556
4,205,0.0004761099989991635,0.0007183909183368087,0.5016814658671249,0.27786819007661606,0.9957676263503087,0.9904296875
4,206,0.0004751516389660537,0.0007187710143625736,0.5028009014365113,0.2767343388663398,0.995727237654321,0.9903917100694445
4,207,0.0004693770606536418,0.0007196810329332948,0.5108688295623403,0.2760999944474962,0.9957206066743827,0.9906901041666667
4,208,0.00046795071102678776,0.0007182755507528782,0.5101700354505468,0.276262366771698,0.9959514853395062,0.9907497829861112
4,209,0.0004688623594120145,0.0007175623904913664,0.5086045296103866,0.2775900615586175,0.9958122347608025,0.9905707465277778
4,210,0.0004612771444953978,0.0007247457979246974,0.5177753626564403,0.2731939156850179,0.9959665557484568,0.9906955295138888
4,211,0.00046170566929504275,0.0007153651677072048,0.5159205001077535,0.2827153205871582,0.9959882571373457,0.9907552083333333
4,212,0.0004593543126247823,0.0007164811249822378,0.5189907001860348,0.2833280709054735,0.9960467303240741,0.9909505208333333
4,213,0.0004581725224852562,0.0007184712449088693,0.5227548125349445,0.2784434106614855,0.9960346739969136,0.990869140625
4,214,0.00045181578025221825,0.0007200418040156364,0.5302470345556,0.27806615432103476,0.9960648148148148,0.9909776475694444
4,215,0.00045269745169207454,0.0007167273433879018,0.5280382870156088,0.2823362059063382,0.996094955632716,0.9908908420138889
4,216,0.00044950240408070385,0.0007199981482699513,0.5312565239859216,0.2809464666578505,0.9959954909336419,0.9908203125
4,217,0.0004478012560866773,0.0007189529715105891,0.5323834879898731,0.28099920484754776,0.9962215470679012,0.9909722222222223
4,218,0.00044315162813290954,0.0007188702002167702,0.5396289843100088,0.28230775594711305,0.9963439187885802,0.9908474392361111
4,219,0.00044452768634073436,0.000714504043571651,0.5361295329199897,0.28728313446044923,0.9961829668209876,0.99111328125
4,220,0.00044231925858184695,0.0007154879858717322,0.5348198702305923,0.28444483280181887,0.9962522907021605,0.9910101996527778
4,221,0.00043865374755114317,0.0007189848693087697,0.5446438945369956,0.2822601834932963,0.9962414400077161,0.9909071180555555
4,222,0.00044123048428446054,0.0007126484415493906,0.5379889146781262,0.2883734941482544,0.9962721836419753,0.9910861545138889
4,223,0.00043571798596531153,0.0007155918283388019,0.5464211505136373,0.28617244958877563,0.9963692370756173,0.9913899739583333
4,224,0.0004373614792712033,0.000710013322532177,0.5409455152205479,0.29388383759392633,0.996433738425926,0.9906901041666667
4,225,0.00043296877993270755,0.0007154048653319478,0.5487136957086163,0.2899823957019382,0.9963161892361111,0.9910915798611111
4,226,0.0004344151238910854,0.0007121107191778719,0.5489257294454692,0.29362149635950724,0.9964994454089506,0.9910101996527778
4,227,0.0004344466724433005,0.0007185441209003329,0.5467399928304885,0.2877267453405592,0.9964325327932099,0.9910047743055556
4,228,0.00042662493069656193,0.0007170096505433321,0.554205772759002,0.288413049115075,0.996484977816358,0.9912868923611111
4,229,0.00042712793219834566,0.0007124451221898198,0.5557474146654576,0.28963169521755644,0.9964204764660494,0.9908528645833333
4,230,0.00043022417230531573,0.0007090874132700264,0.5518959776854809,0.2951301402515835,0.9964023919753087,0.9910427517361111
4,231,0.000427977938670665,0.0007121097296476364,0.554634330154937,0.2908157335387336,0.9965253665123457,0.9911024305555556
4,232,0.000424986588768661,0.000715920003131032,0.5572764776371143,0.2851088060273064,0.9965543016975309,0.9908854166666666
4,233,0.00041768126538954675,0.0007150201126933098,0.5688388880388237,0.28822758065329657,0.9965549045138888,0.990966796875
4,234,0.0004221755370963365,0.0007089796708896756,0.5666379347259616,0.2953001777331034,0.9965157214506173,0.991259765625
4,235,0.0004215711960569024,0.0007094439934007823,0.5614695410669586,0.2980180687374539,0.9966230227623457,0.9911729600694444
4,236,0.00041981402318924665,0.0007093262975104153,0.566855479022603,0.30036522679858735,0.9967164592978395,0.9915581597222223
4,237,0.00041618532850407064,0.0007161180838011205,0.5685948669174571,0.2923961003621419,0.9966929494598765,0.9911295572916666
4,238,0.0004137555370107293,0.0007122310344129801,0.5733089656005671,0.2938217083613078,0.9966133777006173,0.9913411458333333
4,239,0.00041102399700321257,0.000706990365870297,0.5720188527931401,0.2992260217666626,0.9967924141589506,0.9913628472222222
4,240,0.0004089831782039255,0.0007095818873494864,0.5786513090133667,0.2990301397111681,0.9966610001929013,0.9910047743055556
4,241,0.0004084772081114352,0.0007161326939240098,0.5796616052403862,0.29089200496673584,0.9966971691743827,0.9912380642361112
4,242,0.00040640728548169136,0.0007114944164641201,0.5746407865006247,0.29660628371768527,0.996874397183642,0.99150390625
4,243,0.00041074969340115786,0.0007096408517099917,0.5762487898638219,0.2992902649773492,0.9967924141589506,0.9915744357638889
4,244,0.0004053135053254664,0.0007171574980020523,0.5852836392543934,0.28847827911376955,0.996826171875,0.9915907118055556
4,245,0.00040396919939666986,0.0007164178532548249,0.5841863214233776,0.292752554681566,0.9968448591820988,0.9914225260416667
4,246,0.0003958641900680959,0.0007087045232765377,0.5903035877663412,0.3004255639182197,0.996899112654321,0.9915147569444445
4,247,0.0003986461670137942,0.0007055894238874316,0.5886235653618236,0.2988039281633165,0.9969003182870371,0.9913899739583333
4,248,0.00039877742528915405,0.0007186529110185802,0.5883322074089521,0.28725013865364923,0.9968153211805556,0.9911946614583333
4,249,0.00039962551090866327,0.0007229649927467108,0.5878604690233866,0.2814824978510539,0.9969256365740741,0.9913140190972223
4,250,0.00039335747715085745,0.0007093881722539663,0.5933858550625083,0.2974621534347534,0.997046802662037,0.9914984809027778
4,251,0.00039234201540239155,0.0007117991335690022,0.5959696069175815,0.29769508441289266,0.9970088252314815,0.9914659288194444
4,252,0.0003918261209037155,0.000709592888597399,0.5938571606153323,0.2942795554796855,0.9968768084490741,0.9914008246527778
4,253,0.00038578244857490063,0.0007130560697987676,0.5976918001233795,0.2866667217678494,0.9970015914351852,0.9915473090277778
4,254,0.00039045026642270386,0.0007168503943830729,0.5981611862594699,0.28711849451065063,0.997070915316358,0.9914171006944444
4,255,0.00038640026468783617,0.0007145836134441197,0.6013922023184506,0.29123634497324624,0.997068504050926,0.9913411458333333
4,256,0.0003890480729751289,0.0007082329830154777,0.5967732547241964,0.2989321576224433,0.9970341435185185,0.9914496527777777
4,257,0.0003841630241367966,0.0007138588698580861,0.6056046585977813,0.2938203281826443,0.9969823013117284,0.9913248697916667
4,258,0.0003839066484943032,0.0007098587229847908,0.6062179588977201,0.2971721132596334,0.9970793547453703,0.9912868923611111
4,259,0.00038040007348172367,0.0007091161096468568,0.6099228036256484,0.3009979512956407,0.997093822337963,0.9917426215277778
4,260,0.00037753712967969477,0.0007103024981915951,0.6118296290621346,0.29708693822224935,0.9972210165895061,0.9914116753472222
4,261,0.0003745728172361851,0.000706506660208106,0.6155629105038113,0.30192085636986626,0.9972270447530864,0.9918402777777777
4,262,0.00037464150227606297,0.0007083712844178081,0.6141511190084763,0.2994447284274631,0.9973668981481482,0.9916937934027777
4,263,0.0003722974506672472,0.0007077101618051529,0.6152052445176207,0.30139741367763945,0.9972469376929012,0.9918782552083333
4,264,0.0003719036467373371,0.0007059205090627074,0.6159273087242503,0.3024095164404975,0.9973464023919754,0.9917534722222222
4,265,0.000369329412933439,0.0007082808297127485,0.6195864421349985,0.30300598541895546,0.9973783516589506,0.9915961371527777
4,266,0.000373968156054616,0.0007033647270873189,0.6161252055639103,0.30447537899017335,0.9973488136574075,0.9919270833333333
4,267,0.00037058297311887145,0.0007063013035804033,0.6191182498578672,0.3005594438976712,0.9973735291280864,0.9916612413194444
4,268,0.00036581087624654174,0.000708441250026226,0.624678663265558,0.30086056656307647,0.997436222029321,0.9917534722222222
4,269,0.0003658737405203283,0.0007049826672300696,0.6228970527648926,0.30530325439241196,0.9973530333719136,0.9918077256944444
4,270,0.00036182027542963624,0.0007058801711536944,0.6279099601286429,0.30441626442803277,0.9974772135416666,0.9917914496527778
4,271,0.00036458077374845743,0.0007061719661578536,0.627836028587671,0.30515277253256906,0.9974018614969136,0.9916666666666667
4,272,0.00036264528171159327,0.0007069644634611905,0.6265054302451051,0.30349926551183065,0.9976291232638889,0.9917914496527778
4,273,0.00036845525028184056,0.0007016719318926334,0.6251889955850295,0.30725291967391966,0.997509162808642,0.9917805989583334
4,274,0.0003636502369772643,0.000703968049492687,0.6256057441970448,0.305105976263682,0.9974645543981482,0.9918782552083333
4,275,0.0003671000595204532,0.0007083739037625492,0.623128209290681,0.30005510913001165,0.9975405092592593,0.9917643229166667
4,276,0.00036165962228551507,0.0007022468489594758,0.6288759849689625,0.3060347000757853,0.9974458670910494,0.9919650607638889
4,277,0.0003616278700064868,0.0007094458560459316,0.6301747815108594,0.2996043417188856,0.997559196566358,0.9919108072916667
4,278,0.00036416645161807537,0.0007102866657078266,0.6284591264194912,0.29904636806911894,0.9974766107253087,0.9919379340277777
4,279,0.0003670824517030269,0.0007051363354548812,0.6207716308994058,0.3035505003399319,0.9974898726851852,0.9919867621527778
4,280,0.0003575119189918041,0.000710864900611341,0.6333579887578517,0.3017620629734463,0.9975471402391975,0.9918348524305556
4,281,0.00035981007385998964,0.0007064385572448373,0.6303580420988577,0.3018104791641235,0.9975296585648148,0.9915744357638889
4,282,0.00035572235356085,0.0007133316248655319,0.6333797315020621,0.2951542099316915,0.9976236979166667,0.9917697482638889
4,283,0.0003572495770640671,0.0007090623257681727,0.629985014303231,0.30050635735193887,0.9974072868441358,0.9916286892361111
4,284,0.0003607675898820162,0.0007060563075356185,0.6296732781845846,0.3032870690027873,0.9975411120756172,0.9918565538194445
4,285,0.00035392172867432237,0.0007111343438737094,0.6357235415482226,0.2976936790678236,0.9976351514274692,0.9916069878472222
4,286,0.0003519534948281944,0.0007090963772498071,0.6403827839427524,0.2978466802173191,0.9975628134645061,0.9917426215277778
4,287,0.0003559956094250083,0.0007106998236849904,0.636733971701728,0.29697273042466904,0.9976001880787037,0.9917263454861112
4,288,0.00035079760709777474,0.0007106753764674067,0.6372046223393193,0.29750961595111425,0.9975405092592593,0.9918077256944444
4,289,0.00035010589635930955,0.0007088436395861208,0.6412467622462614,0.2975696855121189,0.9976176697530864,0.9918185763888889
4,290,0.0003479851293377578,0.0007094657048583031,0.6388072286123111,0.2976381633016798,0.9976701147762346,0.9918619791666666
4,291,0.0003487967187538743,0.0007106749690137804,0.6399358035605631,0.2981396026081509,0.9976978443287037,0.9916937934027777
4,292,0.00034701323602348566,0.0007084396784193814,0.6427511141623979,0.3015784051683214,0.9976743344907407,0.9919216579861111
4,293,0.0003489432274363935,0.0007121326052583754,0.642257147953834,0.29762146605385675,0.9977472752700617,0.991845703125
4,294,0.0003488480288069695,0.0007116975029930472,0.6431205961439345,0.29974495040045845,0.9976098331404321,0.9918294270833333
4,295,0.00034742496791295707,0.000709512853063643,0.6433352789761108,0.3005999207496643,0.9976954330632716,0.9920030381944445
4,296,0.00034883947228081524,0.0007086539408192039,0.6420553650385068,0.3007080886099074,0.9976791570216049,0.9919704861111112
4,297,0.00034970109118148685,0.0007080304203554988,0.6441919142817274,0.30181884500715467,0.997779224537037,0.9919704861111112
4,298,0.0003478739527054131,0.0007080517243593931,0.6409243571905442,0.30116831329133775,0.9977840470679012,0.9919379340277777
5,1,0.1737971156835556,0.03694657236337662,-272.95594833279836,-60.03777737087674,0.5877634307484568,0.9948947482638889
5,2,0.021392570808529854,0.008405291475355625,-32.046784466284294,-12.619343699349297,0.9952172550154321,0.9948947482638889
5,3,0.006759583484381437,0.004112232476472855,-9.224673094572845,-5.4563275893529255,0.9952262972608025,0.9948947482638889
5,4,0.004011309240013361,0.0029805514495819807,-4.894129746637226,-3.560863142543369,0.9952262972608025,0.9948947482638889
5,5,0.003116941312327981,0.002465205267071724,-3.4713106644006424,-2.694886628786723,0.9952262972608025,0.9948947482638889
5,6,0.0026212281081825495,0.002143074758350849,-2.686147424026772,-2.152154466840956,0.9952262972608025,0.9948947482638889
5,7,0.0023017351049929857,0.0019258521497249603,-2.1825773727746656,-1.7855261060926648,0.9952262972608025,0.9948947482638889
5,8,0.002079114317893982,0.0017670928500592709,-1.8311710407704482,-1.5172269582748412,0.9952262972608025,0.9948947482638889
5,9,0.0019102860242128372,0.001642088871449232,-1.5589557736008255,-1.3056678348117405,0.9952262972608025,0.9948947482638889
5,10,0.0017750464612618089,0.0015416869428008795,-1.3474581900938059,-1.1353567202885946,0.9952262972608025,0.9948947482638889
5,11,0.0016672618221491575,0.001462748390622437,-1.1762152983818526,-1.0015006038877698,0.9952262972608025,0.9948947482638889
5,12,0.0015827909810468554,0.0014112411299720407,-1.0404460795131731,-0.915868616104126,0.9952262972608025,0.9948947482638889
5,13,0.0016105688409879804,0.0015020968858152628,-1.0481636898017224,-0.957756057050493,0.9949098186728395,0.9931206597222222
5,14,0.0016886109951883554,0.0015141332987695932,-1.1149525904361113,-1.0355090035332575,0.9944444444444445,0.9946831597222222
5,15,0.0016319993883371353,0.0015665297396481037,-1.0644158199981406,-1.0938997308413188,0.9948826919367284,0.9942220052083334
5,16,0.0015275927726179361,0.0013714455999433994,-0.9044680719022398,-0.8018029040760464,0.9946789400077161,0.9929090711805556
5,17,0.0014291992411017418,0.0012954215053468943,-0.7623848716417948,-0.6914993484814962,0.9930000964506173,0.9892795138888889
5,18,0.0013602428371086717,0.0012068995274603367,-0.6637862636719221,-0.5629307945569356,0.9910867573302469,0.9917534722222222
5,19,0.0012960440944880247,0.001182102714665234,-0.5692098181924702,-0.5113901707861158,0.9899058400848766,0.9842122395833334
5,20,0.0012552926782518625,0.0011730145197361708,-0.5097468437971893,-0.49099197387695315,0.98974609375,0.9792426215277777
5,21,0.001227871049195528,0.0011646475177258253,-0.4665182288782096,-0.47532313929663766,0.9873342255015433,0.9765299479166667
5,22,0.0012125333305448294,0.0010962123051285744,-0.43536662584469643,-0.3722521185874939,0.9859176070601852,0.9861328125
5,23,0.001179626677185297,0.0010949264978989959,-0.3894663532574972,-0.36587775283389623,0.9858579282407407,0.97841796875
5,24,0.0011526828166097403,0.0010912767611443996,-0.3517178347081314,-0.3553857843081156,0.9855504918981481,0.9741427951388889
5,25,0.0011313427239656448,0.0010485774837434292,-0.3196510160410846,-0.2896724687682258,0.9854570553626543,0.9792860243055556
5,26,0.0011066320585086942,0.0010113641619682312,-0.28361776964164076,-0.24159875710805256,0.9843611352237654,0.9868326822916667
5,27,0.0010842252522706985,0.0010351726086810231,-0.2543668811703906,-0.2726867212189568,0.9856421199845679,0.9731336805555556
5,28,0.001085303258150816,0.0009841510327532887,-0.24969037962548526,-0.20026620493994818,0.9829077449845679,0.9867133246527777
5,29,0.001046360470354557,0.0009937252616509795,-0.20045163999369114,-0.2104842570092943,0.9847113715277778,0.9820746527777777
5,30,0.0010571788297966123,0.0009715164196677506,-0.21116184673191588,-0.18202998240788779,0.9831591194058642,0.9815972222222222
5,31,0.0010235977824777365,0.0009589963592588902,-0.16509474692521273,-0.16490249103969998,0.984373191550926,0.9880913628472222
5,32,0.0010289265774190426,0.0009961080504581332,-0.17128344494619488,-0.20064182546403672,0.9854546440972223,0.9742784288194445
5,33,0.0010216948576271534,0.0009511911775916815,-0.1575096039124477,-0.1458183977339003,0.9845666956018518,0.9792100694444444
5,34,0.001011120853945613,0.0009683387470431626,-0.14547317292955186,-0.16891450352138943,0.9840627411265432,0.9742404513888889
5,35,0.0010091413278132677,0.0009378344984725118,-0.14351509250240563,-0.12960791720284356,0.9826762635030865,0.9816514756944444
5,36,0.000997405732050538,0.0009255639743059874,-0.1250903073652291,-0.11311238209406535,0.9842248987268518,0.9887641059027777
5,37,0.00099625950679183,0.0009291045716963708,-0.1255730472965005,-0.11790335840649074,0.9848415798611111,0.9831814236111112
5,38,0.0009868580382317305,0.0009276039199903607,-0.11304782732033435,-0.10939522054460314,0.9844521604938271,0.9793782552083333
5,39,0.0009843639563769102,0.0009069994557648897,-0.10905351241429646,-0.08702652719285753,0.9832350742669753,0.9818305121527777
5,40,0.0009775799699127674,0.0009134137071669102,-0.10208252844987092,-0.0986332482761807,0.9844883294753086,0.9816840277777777
5,41,0.000975786242634058,0.0009160068002529442,-0.10020459610738872,-0.09840301937527127,0.9838915412808642,0.9809136284722222
5,42,0.0009724716073833406,0.0009139663306996226,-0.0969329822210618,-0.09778252045313517,0.9836112316743827,0.9818901909722222
5,43,0.0009677819907665253,0.0008978545665740967,-0.09086992343266805,-0.07640913195080228,0.9830928096064815,0.9842990451388889
5,44,0.0009684020769782364,0.0009233525488525629,-0.094976618702029,-0.11438193188773262,0.9847348813657407,0.9787977430555556
5,45,0.0009736898355185986,0.0009050751104950905,-0.10180161911764263,-0.08886297543843587,0.9836256992669753,0.9797634548611112
5,46,0.0009620851487852633,0.0009188076946884394,-0.08422249349547022,-0.11866188711590236,0.9833815586419753,0.9800347222222222
5,47,0.0009630597778595984,0.0008970553171820939,-0.08917499795372104,-0.07655221488740709,0.9833592544367284,0.9794108072916666
5,48,0.0009578388417139649,0.0008951982017606497,-0.07980601875870316,-0.07790212896135118,0.9825828269675926,0.9805826822916667
5,49,0.0009605608647689223,0.0008998778066597879,-0.08594030936559041,-0.08482084274291993,0.9826925395447531,0.9802897135416667
5,50,0.0009530443348921835,0.0008793059387244284,-0.0735119668053992,-0.05435586902830336,0.9821102189429012,0.9814670138888889
5,51,0.0009462006855756044,0.0008911647601053119,-0.06572096598001174,-0.08000666035546197,0.9820282359182099,0.9763509114583333
5,52,0.0009408115292899311,0.0008737493772059679,-0.060056286535145324,-0.04566888411839803,0.9820402922453704,0.9798122829861111
5,53,0.000942303566262126,0.0008758007315918803,-0.05525699809745506,-0.05122347937689887,0.9811137635030864,0.9790581597222222
5,54,0.0009395325323566794,0.0008761862991377711,-0.05745127230514715,-0.05562612083223131,0.9812445746527778,0.9799533420138888
5,55,0.0009355639340355992,0.0008582202717661858,-0.051850291387534435,-0.02608176072438558,0.9811258198302469,0.9809299045138888
5,56,0.0009320781100541353,0.0008572660153731704,-0.04670239848855101,-0.023403383625878228,0.9814869068287037,0.9791937934027778
5,57,0.0009266430279240012,0.000863683526404202,-0.038752406761970046,-0.03486138184865316,0.9810595100308642,0.9794867621527777
5,58,0.0009286958375014365,0.0008676594588905573,-0.04185525855900329,-0.0455014083120558,0.9807532793209877,0.9773220486111112
5,59,0.000920354388654232,0.0008570915088057518,-0.03201133998823755,-0.021569955348968505,0.9807153018904321,0.9734212239583333
5,60,0.0009208115516230464,0.000849568285048008,-0.031694980756736095,-0.01298460430569119,0.980982952353395,0.9763997395833334
5,61,0.0009103891788981855,0.0008542787400074303,-0.015881600939197306,-0.021528424157036676,0.9804512683256172,0.9753200954861111
5,62,0.0009169207187369466,0.0008641736931167543,-0.027370298791814733,-0.034758245944976805,0.9802674093364198,0.9715874565972222
5,63,0.0009071877575479448,0.000845256494358182,-0.012206769431078875,-0.010691213607788085,0.9797116126543209,0.9775227864583333
5,64,0.000911962182726711,0.0008415996562689543,-0.01871380982575593,-0.007115391890207926,0.9800112123842593,0.9777398003472222
5,65,0.0009061213932000101,0.0008285363437607884,-0.011985772038683479,0.014096921020083957,0.9796875,0.9796983506944444
5,66,0.000901329331099987,0.0008347482653334737,-0.004829403942013965,0.003924685054355197,0.9798327787422839,0.9780110677083333
5,67,0.0008983213920146227,0.0008437336655333638,-0.0014385863586708352,-0.008664890130360921,0.9799298321759259,0.9768880208333334
5,68,0.0008978192927315831,0.0008317861356772482,-0.0025659328625525957,0.012117445468902588,0.979785759066358,0.9743489583333333
5,69,0.0008883866248652339,0.0008432724280282855,0.013780916473011912,-0.005858148468865288,0.9800455729166667,0.9728786892361111
5,70,0.0008930267649702728,0.0008355897152796388,0.004982271753711465,0.0008380055427551269,0.9805844907407407,0.9750596788194444
5,71,0.0008878062944859266,0.0008256708970293403,0.01266408614170404,0.019289620717366538,0.9795247395833333,0.9749782986111111
5,72,0.0008865018608048558,0.0008365396643057466,0.013440884042669226,0.004027693801456027,0.9800962094907407,0.9741807725694445
5,73,0.0008850457379594445,0.0008172157686203718,0.014620267167503451,0.03408362203174167,0.9801932629243827,0.9740180121527777
5,74,0.0008786186226643622,0.0008199944859370589,0.02571064042456356,0.025754940509796143,0.9800726996527778,0.9747450086805556
5,75,0.0008795723551884294,0.000820862827822566,0.024587008835356913,0.02969946198993259,0.9800371334876543,0.9760525173611111
5,76,0.0008746120729483664,0.0008191728265956044,0.03131231319757156,0.033256955941518146,0.9804253472222222,0.9739691840277778
5,77,0.0008711032569408417,0.0008238875307142735,0.03584232904292919,0.018820332156287298,0.9805302372685185,0.9720594618055556
5,78,0.000871017633471638,0.0008179920841939747,0.03863730621926578,0.03082780705557929,0.9800226658950617,0.97607421875
5,79,0.0008670623647049069,0.0008098857942968607,0.040399163004792765,0.043947602642907035,0.9805893132716049,0.9756401909722222
5,80,0.0008667279034852982,0.0008185532642528415,0.0418110681168827,0.03147268825107151,0.9806508005401234,0.9745442708333333
5,81,0.0008599229622632265,0.0008064194698818028,0.053769484125537635,0.051194651921590166,0.9806206597222222,0.9773763020833334
5,82,0.0008663851185701787,0.0008126425091177225,0.043600357461858676,0.040677421622806124,0.9807574990354938,0.9757541232638889
5,83,0.0008582869777455926,0.000798657420091331,0.05760969423953398,0.05887504948510064,0.9808871045524692,0.9763454861111112
5,84,0.0008576494874432683,0.0008009164594113827,0.0555153708399078,0.057777992884318036,0.9808370707947531,0.9763888888888889
5,85,0.0008530953200533986,0.0008059404790401459,0.061915528332745585,0.05109576914045546,0.9812427662037037,0.9753200954861111
5,86,0.0008538397960364819,0.0008066086447797716,0.06206261464107184,0.050515706009334985,0.9814609857253086,0.9759657118055556
5,87,0.0008471345063298941,0.0008110618218779564,0.07029788626564873,0.046039001146952314,0.9817762586805555,0.9743869357638889
5,88,0.0008504764409735799,0.0008019389351829886,0.06348406547381553,0.056211649047003855,0.9817195939429012,0.9773871527777778
5,89,0.0008479342213831842,0.0007907762774266303,0.06888105251170971,0.07425755924648708,0.9816189236111111,0.9772569444444444
5,90,0.0008406790439039469,0.0007955210166983306,0.07883599084100605,0.06881457832124498,0.982129509066358,0.9769748263888889
5,91,0.0008439780795015395,0.0007923077791929245,0.07520236498043861,0.07597906324598525,0.9821084104938271,0.9749186197916667
5,92,0.0008375816978514194,0.0007942506344988942,0.08310372976609218,0.07212943368487888,0.9825237509645062,0.9761176215277778
5,93,0.0008382067899219692,0.0007954983157105744,0.08060403046784577,0.06965136263105605,0.9825954861111111,0.9747233072916667
5,94,0.0008305875235237181,0.0007792589603923261,0.09170828307116473,0.09496765004263984,0.9825080777391976,0.9799858940972223
5,95,0.0008293516002595425,0.0007833719137124717,0.09380271905734215,0.08652781115637885,0.9827666859567902,0.9782335069444444
5,96,0.0008250132668763399,0.0007892785361036658,0.09743820870364153,0.08167794942855836,0.9831615306712963,0.9779730902777778
5,97,0.0008230127859860659,0.000778892426751554,0.10291319025887383,0.09407708512412177,0.98388671875,0.9789713541666667
5,98,0.0008238974842242897,0.0007763864705339074,0.0996084248578107,0.09471709330876668,0.9835503472222222,0.9797634548611112
5,99,0.0008193913963623345,0.0007759992149658501,0.10401841431488225,0.09416802724202473,0.9836956259645062,0.9786295572916667
5,100,0.0008150938665494323,0.000778033456299454,0.11168528000513712,0.0929451174206204,0.9839680989583334,0.9810329861111111
5,101,0.0008127979235723615,0.0007800656603649259,0.11271599413436136,0.09332781102922227,0.984106746720679,0.9788357204861111
5,102,0.0008148397319018841,0.0007909535197541118,0.11076035838068267,0.07295572492811415,0.9845395688657408,0.9769151475694444
5,103,0.0008122707367874682,0.0007791220559738576,0.11565893594129587,0.09861688216527303,0.984521484375,0.9786404079861111
5,104,0.0008109300397336483,0.0007672407664358616,0.11860952936572793,0.11142788860532972,0.9845269097222222,0.9802734375
5,105,0.0008060184773057699,0.0007779072038829327,0.12317474756711795,0.09593201875686645,0.9851863908179013,0.9791178385416667
5,106,0.0008011520840227604,0.0007783339824527502,0.12719796218989807,0.09676616324318779,0.9851351514274691,0.9786729600694445
5,107,0.0007998939836397767,0.0007720406865701079,0.13191118711306726,0.10674091974894205,0.9851393711419754,0.9795193142361112
5,108,0.0008006760617718101,0.0007678933907300234,0.12768569080917924,0.1139915837181939,0.9850043402777777,0.9828125
5,109,0.0007957213674671948,0.0007663819706067443,0.13577505497284878,0.11430806186464097,0.9859760802469136,0.9802300347222223
5,110,0.0007938406197354198,0.0007739868597127497,0.1378291528901936,0.10354253186119927,0.9859736689814815,0.979443359375
5,111,0.000791707425378263,0.0007694584783166647,0.1401011946760578,0.11047201951344808,0.9857482156635803,0.9807779947916667
5,112,0.000787440687417984,0.0007628453895449638,0.14512480541511819,0.12254442638821073,0.9860068238811729,0.9822699652777778
5,113,0.0007840509060770273,0.0007663855794817209,0.1505001664161682,0.11590214040544299,0.9864667727623457,0.9797092013888888
5,114,0.0007836121949367225,0.0007709406781941652,0.14913738156542367,0.11009640163845485,0.9865198206018518,0.9794921875
5,115,0.0007794573903083801,0.0007566227577626705,0.15746912190943588,0.12574822372860378,0.9864040798611111,0.9819932725694445
5,116,0.0007740838918834925,0.0007610589382238686,0.16210993616669267,0.12389972474839953,0.9868411217206791,0.9811903211805556
5,117,0.0007740015862509608,0.0007577078067697585,0.1603856129410826,0.13422686258951824,0.9869267216435185,0.9833713107638888
5,118,0.0007688517798669636,0.0007555047632195055,0.16891180159133157,0.13612900575002035,0.9872944396219135,0.9828884548611111
5,119,0.0007699296111240983,0.0007550553418695927,0.16710962660518694,0.1390658696492513,0.9875126591435185,0.9835286458333333
5,120,0.000764603668358177,0.0007581616519019008,0.17323576020605772,0.13103904061847263,0.9876386477623457,0.9795247395833333
5,121,0.0007628469029441476,0.0007658015238121152,0.1748116449073509,0.11403763559129503,0.987621768904321,0.9826605902777777
5,122,0.0007607384468428791,0.00075533427298069,0.17879623204101752,0.13774793810314603,0.9878116560570988,0.9799153645833333
5,123,0.0007586466963402927,0.0007543321116827428,0.18158126716260556,0.13272388776143393,0.987767047646605,0.9832411024305555
5,124,0.0007564501138404012,0.0007468428229913116,0.18352439300513562,0.15072398318184746,0.9880925684799383,0.9836263020833333
5,125,0.000752427033148706,0.0007472542929463089,0.18722812687909163,0.14641490512424046,0.988233024691358,0.983544921875
5,126,0.000746845849789679,0.0007442931528203189,0.19324893377445362,0.1498190853330824,0.9885121286651235,0.9840494791666666
5,127,0.0007475260645151138,0.0007519245846197009,0.1956304297035123,0.13976177374521892,0.9885579427083333,0.9829427083333333
5,128,0.0007449266850017011,0.0007439085748046637,0.19934702066727628,0.14527896642684937,0.9890010127314814,0.9841471354166667
5,129,0.0007358626462519169,0.0007428074604831636,0.20661570378291755,0.15499967336654663,0.9890576774691358,0.9855414496527778
5,130,0.0007358109578490257,0.0007414119900204241,0.20765924718644885,0.1567982792854309,0.9892855420524691,0.9836100260416667
5,131,0.0007318269344978034,0.0007434715516865253,0.2119854657738297,0.15373702976438736,0.9892300829475309,0.983251953125
5,132,0.0007302352460101247,0.0007347095524892211,0.2155783360387072,0.1657307121488783,0.9891818576388889,0.984130859375
5,133,0.0007246619206853211,0.0007441910565830767,0.22086010023399635,0.15082250833511351,0.9893825954861111,0.9838595920138888
5,134,0.0007280068821273744,0.0007354398840107024,0.2198053337909557,0.17113777531517876,0.9897268036265432,0.9847222222222223
5,135,0.0007223610300570726,0.0007386638317257166,0.22551291136094082,0.1578827248679267,0.9897762345679012,0.9840006510416667
5,136,0.0007168789161369205,0.0007358653238043189,0.23072220661022044,0.1651176306936476,0.9898262683256173,0.9843044704861111
5,137,0.0007174363126978278,0.0007228690665215254,0.2311262160171697,0.18256775670581393,0.9899576822916667,0.9851996527777778
5,138,0.0007113009924069047,0.0007319746073335409,0.23670787855430886,0.16961321698294746,0.9900704089506173,0.9844021267361112
5,139,0.0007072719745337963,0.0007332712411880493,0.24493493489277215,0.16310855680041844,0.9902868200231482,0.9850368923611111
5,140,0.0007063569501042366,0.0007271685171872377,0.2451984147966644,0.17760538127687242,0.9901668595679012,0.9857313368055556
5,141,0.0007034223526716232,0.0007253146031871438,0.24723142944736246,0.1780320856306288,0.9904598283179012,0.9853732638888889
5,142,0.0006980977486819029,0.0007308605709113181,0.2558609347284576,0.17138061258527967,0.9906153549382716,0.985205078125
5,143,0.0006968457601033151,0.0007191786426119506,0.25446643152354675,0.18812993235058253,0.9907540027006173,0.9867133246527777
5,144,0.0006930563831701875,0.0007197220111265779,0.2599646153273406,0.18440486192703248,0.9909041039737654,0.9851019965277777
5,145,0.0006896554259583354,0.0007152051548473537,0.25843631146866597,0.1886661900414361,0.9910433545524692,0.9864095052083334
5,146,0.0006890393560752273,0.0007271708454936743,0.2632145755084944,0.1770012855529785,0.9907913773148148,0.9852484809027777
5,147,0.0006851839716546237,0.000730940024368465,0.2697753608962636,0.16867543194029067,0.9910210503472222,0.9855414496527778
5,148,0.0006827153265476227,0.0007202380220405757,0.272004039052092,0.18802880181206597,0.9909264081790123,0.9861490885416667
5,149,0.0006783049902878702,0.0007103914394974709,0.27653184040093126,0.19505890872743395,0.9913984133873457,0.9863389756944444
5,150,0.0006751687615178525,0.0007171006873250008,0.2805861427460188,0.18971246745851306,0.9914146894290123,0.9854058159722222
5,151,0.0006719923112541437,0.000711808679625392,0.28484961412571097,0.2002338859770033,0.9916292920524692,0.9873155381944444
5,152,0.0006629929412156343,0.0007117155473679304,0.29627057049009536,0.20056143469280666,0.9918517312885803,0.9864691840277777
5,153,0.0006624431116506457,0.0007089202990755439,0.2944674190179801,0.20449140866597493,0.9919933931327161,0.9850260416666666
5,154,0.0006619771593250334,0.0007084908429533243,0.29441839750902155,0.20672737227545845,0.9917576919367284,0.9874186197916667
5,155,0.0006580017507076263,0.0007132121827453375,0.3041473106101707,0.20172170533074274,0.9920470437885802,0.9863172743055556
5,156,0.0006526297656819224,0.0007108759018592536,0.3049300024538864,0.20181678930918376,0.991992790316358,0.9868001302083333
5,157,0.0006526393117383122,0.0007072817534208298,0.30607104963726467,0.20826958152982925,0.9924087336033951,0.9867296006944445
5,158,0.0006468190113082528,0.0007164156413637102,0.31188148863521625,0.19849007394578722,0.9924617814429012,0.9857042100694444
5,159,0.0006472940440289676,0.0007084945682436228,0.31446899852634946,0.20531728267669677,0.9922441647376543,0.9865342881944444
5,160,0.0006438847631216049,0.0007091623265296221,0.3154804766913991,0.20736556980344983,0.9926854263117284,0.987255859375
5,161,0.0006373373325914145,0.0006970256799831986,0.32592350082632937,0.21828270223405627,0.9924008969907407,0.9870279947916667
5,162,0.0006324474234133959,0.0007039472693577409,0.3312918346605183,0.2118989600075616,0.992748722029321,0.987255859375
5,163,0.0006251882296055555,0.0006968138040974736,0.3348807386410089,0.21871897909376356,0.9928421585648148,0.9875596788194444
5,164,0.0006284441333264112,0.0006962207844480872,0.33421681942763154,0.22932858069737752,0.9929078655478395,0.9880696614583333
5,165,0.0006249896250665188,0.0006978046149015427,0.3372809198167589,0.2240785691473219,0.9928765190972222,0.9877875434027777
5,166,0.0006219740607775748,0.0007064270903356373,0.3392163785887353,0.20645879771974351,0.9930489245756173,0.9864854600694445
5,167,0.0006152928108349442,0.0006995353614911437,0.3479636056923572,0.22181895838843452,0.9929621190200617,0.9879177517361111
5,168,0.0006117075681686401,0.0007069299463182688,0.3553018340358028,0.2043055256207784,0.9931972173996914,0.9867784288194444
5,169,0.0006098769372329116,0.0007075452012941241,0.357191566184715,0.20193054676055908,0.9934371383101852,0.9875271267361111
5,170,0.0006086171488277614,0.0007026282837614417,0.3568271083596312,0.21223574744330512,0.9934998312114197,0.9878092447916667
5,171,0.0006027805502526462,0.0007052063010632992,0.36724337854503114,0.21241527795791626,0.9934491946373457,0.9869737413194445
5,172,0.0006019613356329501,0.0006888366187922657,0.3662583592497272,0.23193513287438286,0.9936306423611111,0.9877170138888889
5,173,0.0005944810691289604,0.000712445704266429,0.3745896014166467,0.20490793254640366,0.9937668788580247,0.9877332899305555
5,174,0.0005941417184658349,0.0006934814155101776,0.37155563036600747,0.2239286700884501,0.9938657407407407,0.9873589409722222
5,175,0.0005859053926542401,0.0006951844552531838,0.3814101102911396,0.2224749697579278,0.9937096113040124,0.9884874131944444
5,176,0.0005903236451558769,0.0006966283544898033,0.37840229258125213,0.21731432411405777,0.993898292824074,0.9877061631944445
5,177,0.0005828706780448556,0.0007011278648860753,0.3887391471568449,0.21837386952506171,0.9938446421682099,0.9870225694444444
5,178,0.0005807513371109962,0.0006931523093953729,0.3900766878952215,0.22405456437004936,0.9938796055169753,0.98623046875
5,179,0.0005768218543380499,0.0006925560301169753,0.3949735183774689,0.22658266226450602,0.9939242139274691,0.9880967881944445
5,180,0.0005681012407876551,0.0006878104177303612,0.40592813168042974,0.23784265650643244,0.9941906587577161,0.9875434027777777
5,181,0.0005695223226211965,0.0006881450535729527,0.3997911931555948,0.22908609708150227,0.9941490644290123,0.9877766927083333
5,182,0.000567602866794914,0.000677184434607625,0.4015872727205724,0.24860526190863716,0.994408275462963,0.988330078125
5,183,0.0005632492247968912,0.0006797616952098906,0.4114013565911187,0.24467784961064656,0.9944860387731481,0.9884982638888888
5,184,0.0005595716065727174,0.0006795672816224396,0.4127587049095719,0.2421897186173333,0.9943287037037037,0.9891710069444445
5,185,0.0005554794333875179,0.0006769115570932627,0.4156527941609606,0.24982299009958903,0.9945264274691358,0.9875705295138889
5,186,0.0005552862421609461,0.0006729887099936604,0.41819545913625644,0.26010077794392905,0.9944860387731481,0.9892252604166667
5,187,0.0005479059182107449,0.0006786034791730344,0.42746932727319226,0.24825292693244086,0.9946132330246914,0.9879177517361111
5,188,0.0005479060928337276,0.0006788240862078965,0.43027420647350356,0.2490511390897963,0.9944607204861111,0.9890733506944445
5,189,0.0005404392722994089,0.0006770197069272399,0.4360791332927751,0.25087858041127525,0.994627700617284,0.9887152777777778
5,190,0.0005394141189754009,0.0006843653391115367,0.4375661377553587,0.23897810777028403,0.9947976948302469,0.9880208333333333
5,191,0.0005395773332566023,0.0006788815371692181,0.4394428769747416,0.25406723154915706,0.9947151089891976,0.9891167534722223
5,192,0.000534508959390223,0.0006797660025767982,0.4410774534131274,0.24683797227011786,0.9948525511188272,0.9883029513888889
5,193,0.000534471299033612,0.0006719527300447226,0.4439668102028929,0.2605285988913642,0.9947633342978395,0.9891384548611111
5,194,0.0005320536438375711,0.0006744498386979103,0.4417747677108388,0.2544974472787645,0.9948947482638889,0.9882541232638888
5,195,0.0005236301221884787,0.00067270512226969,0.45098503445401605,0.25464775032467313,0.9950273678626543,0.989013671875
5,196,0.0005211537354625762,0.0006851461948826909,0.4576061638784997,0.24487685759862263,0.9949483989197531,0.9876573350694444
5,197,0.0005203374894335866,0.0006654068711213768,0.4576951072539812,0.2687517378065321,0.9951340663580247,0.9893120659722222
5,198,0.0005114316591061652,0.0006686537526547909,0.4669960629792861,0.2651465482181973,0.9953317901234567,0.9894911024305556
5,199,0.0005066845915280282,0.000688705244101584,0.4722864142170659,0.23781515889697605,0.9952455873842593,0.9882052951388889
5,200,0.0005118664121255279,0.0006808845791965723,0.463336753109355,0.25142409669028387,0.9951009114583333,0.9891330295138889
5,201,0.0005079286638647318,0.000661896716337651,0.47111793918374145,0.27120007806354096,0.9951250241126544,0.9893391927083334
5,202,0.0005011956673115492,0.0006617701146751642,0.4783619789429653,0.2748875207371182,0.9951828944830247,0.9894151475694445
5,203,0.0005014874623157084,0.0006573389400728047,0.48032463215015553,0.28005433082580566,0.9955289110725308,0.9892795138888889
5,204,0.0004923426313325763,0.0006859882269054651,0.4898483140968982,0.24516525930828517,0.9956506799768519,0.9884548611111111
5,205,0.0004935362376272678,0.0006729263113811612,0.4876205307466012,0.2635226329167684,0.9954921392746914,0.9891059027777778
5,206,0.0004901522770524025,0.000692846137098968,0.48872676808157084,0.23003146118587917,0.9956669560185185,0.9882378472222222
5,207,0.00048156746197491884,0.0006715796771459281,0.4952595563582432,0.25842312706841364,0.9956464602623457,0.98955078125
5,208,0.0004779424052685499,0.0006593260914087296,0.5013727188110352,0.27641470432281495,0.9957356770833333,0.9897135416666667
5,209,0.0004769417573697865,0.0006738663651049137,0.5038127481201549,0.2608929369184706,0.995777874228395,0.9891059027777778
5,210,0.00047087218263186514,0.0006579438340850174,0.5110950581821394,0.28273384306165905,0.9958411699459877,0.989208984375
5,211,0.000472433865070343,0.0006753119523636997,0.5096348641831198,0.2582862509621514,0.9959954909336419,0.9888075086805556
5,212,0.0004748215724248439,0.0006763371056877077,0.5081924350173385,0.25961131784651015,0.9957863136574074,0.9890353732638889
5,213,0.00046368729090318084,0.0006547361263073981,0.5189417072284369,0.2875756767061022,0.9958725163966049,0.9896918402777778
5,214,0.0004610182950273156,0.0006571171688847244,0.5181861873026248,0.291366453965505,0.9960238233024692,0.9897569444444444
5,215,0.00045441422844305634,0.0006432863883674145,0.5290196317213552,0.30481082068549264,0.9960997781635802,0.9898383246527778
5,216,0.00045167506323195994,0.0006592298159375787,0.5312956787921764,0.28614746067259045,0.9962034625771605,0.9893120659722222
5,217,0.00045163725735619664,0.000660026737023145,0.5345212406582303,0.2880853176116943,0.9961769386574074,0.9905815972222223
5,218,0.00044885085662826896,0.0006385402521118522,0.532531476020813,0.30962614085939194,0.9962227527006173,0.98974609375
5,219,0.00044465032988227904,0.0006614649319089949,0.539896641837226,0.28586216237809925,0.9959569106867284,0.9897189670138888
5,220,0.0004478923510760069,0.0006418414996005595,0.5362642837159428,0.3119765626059638,0.9961437837577161,0.9897894965277778
5,221,0.0004411744303070009,0.0006556264124810696,0.5454319840596046,0.29114976326624553,0.9963258342978395,0.9894694010416667
5,222,0.0004409239045344293,0.0006484703626483679,0.5437068299010948,0.30056748125288224,0.9962263695987654,0.9898980034722222
5,223,0.00043769978219643235,0.0006518320296891034,0.5493836926825253,0.2983283148871528,0.9964506172839506,0.9903645833333333
5,224,0.0004321812011767179,0.0006479055155068636,0.5539828232776971,0.30129680898454453,0.9965265721450617,0.9902180989583333
5,225,0.0004307233903091401,0.0006365968147292733,0.5558531577204481,0.3188062972492642,0.9964614679783951,0.9905327690972222
5,226,0.0004199898394290358,0.0006413630908355117,0.5675208880577558,0.3143131613731384,0.9965766059027777,0.9898111979166667
5,227,0.0004236707463860512,0.000652262126095593,0.5649478760766394,0.294490557246738,0.996559727044753,0.9900933159722223
5,228,0.00042005570139735937,0.0006440880824811757,0.5671911950464602,0.31860480705897015,0.996656780478395,0.9901312934027777
5,229,0.0004178417439106852,0.0006579726468771696,0.5714560957602512,0.29378695487976075,0.9965946903935186,0.9892252604166667
5,230,0.00041898712515830994,0.0006516807479783893,0.5705415744840363,0.2982036868731181,0.9964343412422839,0.9904134114583333
5,231,0.0004177992232143879,0.0006612720899283886,0.5725241516843255,0.29378727939393784,0.996653766396605,0.9898491753472223
5,232,0.0004136936622671783,0.0006580299232155085,0.5756277923230771,0.28693237437142266,0.9963481385030865,0.9897786458333333
5,233,0.0004106808337382972,0.0006382575957104564,0.5776079900470781,0.3050378097428216,0.9965313946759259,0.9910481770833334
5,234,0.0004115824413020164,0.0006471095839515328,0.5770248027495396,0.30793708827760485,0.9967695071373457,0.990087890625
5,235,0.0004078638448845595,0.0006300552049651742,0.5778033390457248,0.324444133705563,0.9966802903163581,0.9900444878472222
5,236,0.0004039488558191806,0.0006348807946778834,0.5847166280687591,0.3198409080505371,0.9967815634645062,0.9905978732638889
5,237,0.0003954232088290155,0.0006309741293080151,0.5949159814987653,0.32819562753041587,0.9969660252700617,0.9905436197916667
5,238,0.00039681739872321486,0.00063465372659266,0.5930090244905448,0.32122998502519395,0.9970263069058642,0.9903266059027778
5,239,0.00038868916453793645,0.0006620475323870778,0.6010013240355032,0.2888371732499864,0.997022690007716,0.9903266059027778
5,240,0.00039366193232126534,0.0006357227102853358,0.5975067093048567,0.3174390951792399,0.9969461323302469,0.9907552083333333
5,241,0.00038917543133720756,0.0006338275270536542,0.5960238893826802,0.3183381610446506,0.9971094955632716,0.9905219184027778
5,242,0.00038428811240009964,0.0006346146110445261,0.6080292164543528,0.3220293349689908,0.9971299913194445,0.9905110677083333
5,243,0.0003839072596747428,0.0006371124181896448,0.6079684732872763,0.3140364739629957,0.9971100983796296,0.9910373263888889
5,244,0.0003766808076761663,0.0006302813999354839,0.6122625838091345,0.3231774608294169,0.9973560474537037,0.9904405381944444
5,245,0.00037444772897288203,0.0006350543117150664,0.6168360302477707,0.32306792471143936,0.9972384982638889,0.9906195746527777
5,246,0.0003775278455577791,0.0006437544943764806,0.6166952417220598,0.31830917596817015,0.9970275125385802,0.990771484375
5,247,0.0003705357084982097,0.0006467819330282509,0.6239996149216169,0.3061685985989041,0.9973765432098766,0.9903211805555555
5,248,0.0003684698895085603,0.0006374049698933959,0.6225111619925793,0.3200812300046285,0.9974464699074074,0.9906087239583333
5,249,0.00036356330383569,0.0006408010958693922,0.6331950024322227,0.31385194857915244,0.9976044077932099,0.9906901041666667
5,250,0.0003563642967492342,0.0006411788053810596,0.6364171101723188,0.30932697190178765,0.9976050106095679,0.9909830729166667
5,251,0.0003586317761801183,0.0006334796780720353,0.634595333205329,0.3200240876939562,0.9976713204089506,0.9911241319444445
5,252,0.00035565681173466146,0.000640898768324405,0.6398159068307759,0.30542923344506157,0.9976966386959877,0.99091796875
5,253,0.00035403811489231884,0.0006429329514503479,0.6417165801848894,0.30950943761401706,0.9977936921296297,0.9909342447916667
5,254,0.00034819627762772143,0.0006324899150058627,0.6423848196312233,0.32438547478781804,0.9977436583719136,0.9912868923611111
5,255,0.00035234453389421105,0.000628311128821224,0.6337633216822589,0.32986942794587876,0.9978841145833334,0.9911946614583333
5,256,0.00034968400723300874,0.0006344406865537167,0.6437258766021258,0.3203633917702569,0.9978322723765433,0.9912109375
5,257,0.00034926869557239115,0.0006271018646657467,0.644428222414888,0.3326785127321879,0.997876277970679,0.9912923177083334
5,258,0.0003507322398945689,0.0006394933443516493,0.6446097906724906,0.31286774079004925,0.9978491512345679,0.9910915798611111
5,259,0.00034101505298167467,0.0006396214012056589,0.6537531918949551,0.3127634233898587,0.9978527681327161,0.9911892361111111
5,260,0.00033901201095432043,0.0006374588701874018,0.6556021067831251,0.313508755630917,0.9978413146219136,0.9911838107638888
5,261,0.00033695477759465575,0.0006294474587775767,0.6583702171290362,0.3301022410392761,0.9978437258873457,0.9910807291666667
5,262,0.000341393199050799,0.0006385447341017425,0.6534369169929881,0.3146639625231425,0.9979130497685185,0.991064453125
5,263,0.0003351922205183655,0.0006512313266284764,0.6592478345941615,0.3026877827114529,0.9978533709490741,0.9909884982638889
5,264,0.00034004991175606847,0.0006421093130484223,0.6538412807900229,0.31927337381574844,0.9980107060185185,0.9913357204861111
5,265,0.000336986209731549,0.0006287113064900041,0.6565243975615795,0.3266307089063856,0.9979877989969136,0.9912651909722222
5,266,0.0003345691948197782,0.0006346107693389058,0.6591998154734388,0.3162621259689331,0.9979437934027777,0.9915852864583333
5,267,0.0003399722627364099,0.000636264041531831,0.656525472652765,0.3127353986104329,0.9980535059799382,0.9912543402777778
5,268,0.00033321359660476446,0.0006311135948635638,0.6604977974185238,0.32582191228866575,0.9979805652006173,0.9913736979166666
5,269,0.0003282848047092557,0.0006315555656328797,0.6694881765930741,0.3259792447090149,0.9981240354938271,0.9912868923611111
5,270,0.00032876222394406796,0.0006286893039941788,0.6655733741359946,0.3268030842145284,0.9980987172067901,0.9914279513888888
5,271,0.0003286945284344256,0.0006379394326359034,0.6675288855293651,0.31470111078686186,0.9981403115354939,0.9913031684027778
5,272,0.0003303209086880088,0.0006309838499873877,0.6636312784972014,0.32478536897235444,0.9980305989583333,0.9915364583333334
5,273,0.00032500020461156964,0.0006275757914409041,0.6724413493533193,0.32539623181025185,0.9981794945987654,0.9914279513888888
5,274,0.0003213132149539888,0.0006290324963629246,0.6746342242499929,0.3219919615321689,0.9981662326388889,0.9915635850694444
5,275,0.000321488652843982,0.0006330127944238484,0.6754824145340625,0.3170294960339864,0.9981674382716049,0.99130859375
5,276,0.0003237529017496854,0.0006255777552723885,0.6703519822638712,0.3280975937843323,0.9981475453317902,0.9915744357638889
5,277,0.00032271939562633634,0.0006267105927690864,0.6689573491061175,0.3263735850652059,0.9981372974537037,0.991650390625
5,278,0.0003215324250049889,0.0006347953458316624,0.6719212093471009,0.32134575049082437,0.9981999903549382,0.9915310329861111
5,279,0.00032097831717692316,0.0006323078414425254,0.6717311784073159,0.32445115645726524,0.9982735339506172,0.9914008246527778
5,280,0.00032468416611663997,0.0006204156670719385,0.671416629538124,0.33806520303090415,0.9981155960648148,0.9918674045138889
5,281,0.0003200391656719148,0.0006279448280110955,0.6761146975152287,0.32733933528264364,0.998289207175926,0.9915473090277778
5,282,0.0003190506249666214,0.0006243338575586677,0.6767717017067804,0.32817146248287626,0.9982114438657408,0.9916829427083333
5,283,0.00031976442551240325,0.0006297295913100243,0.6740023816073383,0.3242130306031969,0.9983078944830247,0.9916449652777778
5,284,0.00031509980908595026,0.0006311199394986033,0.6790875106682012,0.3275428030225966,0.9983259789737654,0.9915147569444445
5,285,0.00031609993311576545,0.0006296180654317141,0.6787546808336988,0.32632964187198216,0.9982632860725309,0.9915581597222223
5,286,0.0003189777198713273,0.000624778913334012,0.6768171746053814,0.33120985296037464,0.9983091001157407,0.9918131510416667
5,287,0.00031526852399110794,0.0006276853382587433,0.680630702884109,0.32757050593694054,0.9983446662808642,0.9915093315972222
5,288,0.00031694769859313965,0.0006239615613594651,0.6773549987946028,0.3324325932396783,0.9981385030864197,0.9917100694444444
5,289,0.00031456456054002047,0.000623751082457602,0.6806934889451957,0.3344392365879483,0.9983109085648149,0.9916286892361111
5,290,0.0003144501242786646,0.0006297828513197601,0.6770463993519913,0.32567087146970963,0.9982825761959877,0.9914767795138889
5,291,0.0003142456989735365,0.0006326399743556976,0.6813275374012229,0.3246244311332703,0.9983314043209877,0.9918023003472223
5,292,0.00031205429695546627,0.0006328593590296805,0.680950794690921,0.32384315729141233,0.9983308015046296,0.9917426215277778
5,293,0.0003099098103120923,0.0006286900606937706,0.6859718986499457,0.32909037934409247,0.9983018663194444,0.9915473090277778
5,294,0.00031106051756069064,0.0006212907610461116,0.6844038939770357,0.3362869554095798,0.9982976466049382,0.9917317708333333
5,295,0.00030939673888497055,0.0006278473883867264,0.6889971846415672,0.3276031321949429,0.9984326774691358,0.9916286892361111
5,296,0.0003078205627389252,0.0006334619829431176,0.6860080399630982,0.3209334466192457,0.9983434606481482,0.991650390625
5,297,0.00030728368437848985,0.000625209417194128,0.6899536730330668,0.33349096907509695,0.9984001253858025,0.9917263454861112
5,298,0.0003096575674135238,0.0006251698941923678,0.6833684179517958,0.33228900565041436,0.9983609423225308,0.9917100694444444
5,299,0.0003096152504440397,0.0006291551981121302,0.684365991162665,0.32772283951441444,0.9983663676697531,0.9917263454861112
5,300,0.00030571932438760996,0.0006289342418313026,0.6901092660279922,0.3286339865790473,0.9983736014660494,0.9916883680555556
6,1,0.16319410502910614,0.03291363641619682,-247.97186721519188,-47.38503523932563,0.6125223042052469,0.9953179253472222
6,2,0.01941366121172905,0.007980624213814735,-29.605134025620824,-10.434145922131009,0.9948459201388888,0.9953179253472222
6,3,0.006292453967034817,0.0039736367762088776,-8.643720036671485,-4.457515841060214,0.9951792775848766,0.9953179253472222
6,4,0.003718422958627343,0.002922466490417719,-4.479491637371204,-2.8807663917541504,0.9951792775848766,0.9953179253472222
6,5,0.0028705585282295942,0.0024376683868467808,-3.145114740030265,-2.1505756192737158,0.9951792775848766,0.9953179253472222
6,6,0.002422989346086979,0.002150836167857051,-2.4306828987451246,-1.7171461131837633,0.9951792775848766,0.9953179253472222
6,7,0.002139114076271653,0.0019559450447559357,-1.9686643688767045,-1.421865611606174,0.9951792775848766,0.9953179253472222
6,8,0.0019354764372110367,0.0018101769965142012,-1.6508921949951738,-1.200420543882582,0.9951792775848766,0.9953179253472222
6,9,0.001786114415153861,0.0017011024756357074,-1.4066153128941854,-1.0343432373470731,0.9951792775848766,0.9953179253472222
6,10,0.0016639321111142635,0.0016090626595541835,-1.2092238385000347,-0.8936888217926026,0.9951792775848766,0.9953179253472222
6,11,0.0015655193710699677,0.0015408123144879937,-1.051061131336071,-0.7897064394421047,0.9951792775848766,0.9953179253472222
6,12,0.001495842239819467,0.0015049807261675596,-0.9419067011939155,-0.7381019751230876,0.9951792775848766,0.9953179253472222
6,13,0.0015664128586649895,0.0015799275133758783,-0.99562750245318,-0.7923830403221979,0.9939603829089506,0.9937554253472223
6,14,0.001624445547349751,0.0015902987215667963,-1.0811490930156944,-0.836260109477573,0.9944161120756173,0.9953179253472222
6,15,0.001558255054987967,0.0014791007852181792,-0.9967591927375322,-0.6854981899261474,0.994996021412037,0.9953179253472222
6,16,0.0014522246783599257,0.0014601675793528557,-0.8341358929504583,-0.6418843521012201,0.9941972897376543,0.9933485243055555
6,17,0.0013612974435091019,0.0013525321846827865,-0.6898232043525319,-0.5027812600135804,0.9925937982253087,0.9933539496527778
6,18,0.0013021843042224646,0.0013403461780399084,-0.6055853288850667,-0.4732766734229194,0.990333236882716,0.9816840277777777
6,19,0.001251044450327754,0.0012746402062475681,-0.5310876921371177,-0.3895014180077447,0.9891294126157407,0.9875
6,20,0.0012189847184345126,0.001241205376572907,-0.4797355799027431,-0.3402944803237915,0.9872425974151234,0.9842556423611111
6,21,0.0011927994200959802,0.0012427791953086853,-0.440589901841717,-0.33548154566023086,0.9867199556327161,0.9753689236111112
6,22,0.0011524228611961007,0.0012001912109553814,-0.38157628730491355,-0.2780781865119934,0.9856174045138889,0.9837727864583333
6,23,0.0011340936180204153,0.0011675581336021423,-0.35334440293135466,-0.2317093186908298,0.9854021990740741,0.9854329427083334
6,24,0.00110202981159091,0.0011777982581406832,-0.30576585869730255,-0.23689730564753214,0.9855589313271605,0.9718912760416667
6,25,0.0010897445026785135,0.0011274523567408323,-0.28754008110658624,-0.17454090780682033,0.9843008535879629,0.9898111979166667
6,26,0.0010649950709193945,0.0011355241294950247,-0.2517087068086789,-0.1817218648062812,0.9852376302083333,0.9770562065972223
6,27,0.0010484774829819798,0.001124733709730208,-0.22514911742857946,-0.16172215541203816,0.9837938850308642,0.9762098524305556
6,28,0.0010346134658902884,0.0010994845069944859,-0.207919611018381,-0.13079696628782483,0.9851206838348765,0.9871310763888889
6,29,0.0010314162354916334,0.0010781525634229183,-0.1960264285405477,-0.10550330347485012,0.9852852527006173,0.9855631510416667
6,30,0.0010018490720540285,0.0010723185259848833,-0.15850962003072103,-0.0922965301407708,0.983640769675926,0.97890625
6,31,0.0010067628463730216,0.0010711022187024355,-0.16110624957967687,-0.09148755470911661,0.9850567853009259,0.9814073350694444
6,32,0.0009923548204824328,0.001071373699232936,-0.139783756232556,-0.08963801595899794,0.985400993441358,0.9768825954861111
6,33,0.000987459672614932,0.0010743822203949094,-0.13264245942786887,-0.09261295662985908,0.9848445939429012,0.980615234375
6,34,0.0009852842194959521,0.0010543003445491195,-0.13091703829941925,-0.06525837182998658,0.9848741319444444,0.9836154513888888
6,35,0.0009736271458677948,0.001047398429363966,-0.1139164537559321,-0.05802060498131646,0.9833851755401235,0.9845757378472222
6,36,0.0009718749206513166,0.0010517786722630262,-0.10694859057296942,-0.06542627149158053,0.985252700617284,0.9762586805555555
6,37,0.000960682868026197,0.0010545633267611265,-0.09615418999283402,-0.0638598879178365,0.9840862509645062,0.9800564236111111
6,38,0.0009627548279240727,0.0010383096523582935,-0.09845254406516935,-0.042488471666971846,0.9845094280478395,0.9845052083333333
6,39,0.0009561092010699213,0.001035426976159215,-0.08572107833108784,-0.041330844826168486,0.9848451967592593,0.9849283854166667
6,40,0.0009560772450640798,0.0010441849008202553,-0.09012258111694713,-0.04968240790896945,0.9849802276234568,0.9729383680555556
6,41,0.0009442688897252083,0.00103186652995646,-0.07200809319814046,-0.03749306864208645,0.9845606674382716,0.9853732638888889
6,42,0.000948558677919209,0.0010317913256585598,-0.0787810680306988,-0.039940871132744686,0.9846607349537037,0.9727701822916667
6,43,0.0009434012463316321,0.0010318625718355179,-0.07311577649764073,-0.03892179992463854,0.9836733217592593,0.9767469618055555
6,44,0.0009476636769250035,0.0010264958254992962,-0.08199604396466856,-0.032407339413960776,0.9845058111496914,0.9783474392361111
6,45,0.0009395353845320642,0.0010178838856518269,-0.06869738602343901,-0.021253530184427896,0.9842242959104939,0.9823513454861111
6,46,0.0009429167257621884,0.001023845630697906,-0.07482738524307439,-0.032044141822391084,0.9838620032793209,0.9853515625
6,47,0.000937274715397507,0.0010148341534659266,-0.06777358143417923,-0.020396508110894097,0.9840971016589506,0.9863661024305556
6,48,0.0009427109034731984,0.0010284421732649207,-0.077984403828044,-0.04058480792575413,0.9845534336419753,0.9749240451388889
6,49,0.0009337661322206259,0.0010255359811708331,-0.06322566197242266,-0.03842547204759386,0.983176601080247,0.972900390625
6,50,0.0009385304292663932,0.0010122060775756836,-0.0702882088260886,-0.019867584440443252,0.9826877170138889,0.9846245659722223
6,51,0.0009347593877464533,0.0010105152614414692,-0.06565524516282258,-0.01743922233581543,0.9830777391975308,0.9820041232638889
6,52,0.0009350584005005658,0.0010129676666110754,-0.06789644529790054,-0.017959560288323295,0.9834581163194445,0.97392578125
6,53,0.0009385863086208701,0.0010002796771004796,-0.06906763168028843,-0.004126436180538601,0.9815387490354939,0.9813856336805555
6,54,0.0009317757212556899,0.0010056704049929976,-0.06172631081239677,-0.011823123031192356,0.9826636043595679,0.9773654513888889
6,55,0.0009231677977368236,0.0009965586941689253,-0.04970588419172499,6.253719329833985e-05,0.9809696903935186,0.9759440104166667
6,56,0.0009197624167427421,0.0010195067152380943,-0.04577086236741808,-0.032166400220659044,0.9818003713348765,0.9718641493055555
6,57,0.0009244537213817239,0.000990336760878563,-0.05306113134195775,0.008854673968421089,0.9810769917052469,0.97880859375
6,58,0.0009147727396339178,0.0010029702680185437,-0.038395092958285484,-0.014408569865756565,0.9809925974151235,0.9753797743055556
6,59,0.0009162959759123623,0.000990940141491592,-0.043730875003485034,0.001184289985232883,0.9810842255015432,0.9793619791666667
6,60,0.0009091725805774331,0.0009885751642286777,-0.03151083419352402,0.00417181650797526,0.9806110146604938,0.9782986111111112
6,61,0.0009137983433902264,0.0009865371976047754,-0.03957636768435255,0.008883298767937555,0.9810920621141975,0.9728732638888888
6,62,0.0009034062386490405,0.0009774507489055395,-0.024801216449266597,0.022765555646684435,0.9800745081018518,0.9755750868055556
6,63,0.0009038553689606488,0.0009740592795424163,-0.022535391354266507,0.03275145292282104,0.9796676070601852,0.9801974826388888
6,64,0.0008996379328891635,0.0009754268685355783,-0.018489894454861863,0.024282736248440212,0.9802221981095679,0.9765462239583333
6,65,0.0008968480979092419,0.0009705896954983473,-0.016398937466703817,0.03493562009599474,0.9799195842978395,0.9776801215277777
6,66,0.0008980854181572795,0.0009683541138656437,-0.017375421229703928,0.03745948076248169,0.979466869212963,0.9752061631944444
6,67,0.0008864941191859543,0.0009791043121367693,-0.00019578933715820314,0.018827144304911295,0.9800877700617284,0.9783203125
6,68,0.0008927935268729925,0.0009707842255011201,-0.011090189144935137,0.033629846572875974,0.9797321084104939,0.9750813802083333
6,69,0.0008853377075865865,0.000957673997618258,0.0006350036020632144,0.05051162640253703,0.9799834828317902,0.9781087239583334
6,70,0.0008867621654644608,0.0009677258785814047,-0.001562287042170395,0.03830469581815932,0.979954547646605,0.97626953125
6,71,0.0008720288751646876,0.0009714720654301345,0.017866097261876237,0.030803743998209634,0.9798508632330247,0.9719021267361111
6,72,0.0008796843467280269,0.0009570313850417733,0.006324774983488483,0.04920436143875122,0.9801721643518518,0.9749620225694444
6,73,0.0008742972277104855,0.0009491433156654239,0.012856235180372074,0.05909911526574029,0.9794530044367284,0.9798719618055556
6,74,0.0008716214215382934,0.0009541222243569791,0.019219422340393068,0.05829636653264363,0.9796941309799383,0.9785970052083334
6,75,0.0008694514981471002,0.0009547402150928974,0.018906858673802127,0.053406324651506215,0.9803029755015432,0.9719292534722223
6,76,0.0008641440072096884,0.0009488273062743247,0.02765891640274613,0.06270232995351156,0.9795789930555555,0.9771050347222222
6,77,0.0008634341647848487,0.0009486495982855558,0.028081854773156438,0.06201128297381931,0.9802824797453704,0.9748860677083333
6,78,0.0008604290196672082,0.0009478298015892506,0.030075779078919212,0.060751965310838485,0.9802083333333333,0.9731770833333333
6,79,0.0008557176915928721,0.0009432344231754541,0.03786989700647048,0.0698521335919698,0.9798984857253087,0.9750705295138888
6,80,0.0008527296595275402,0.0009393320651724935,0.04138260255625219,0.07437686920166016,0.9806694878472222,0.9751953125
6,81,0.0008515032241120934,0.0009438623092137277,0.04370710378811683,0.06666718588935004,0.9802523389274691,0.9736328125
6,82,0.0008485855651088059,0.0009426908800378442,0.04574602121188317,0.06597624487347073,0.9803903838734568,0.9712890625
6,83,0.0008429454755969346,0.0009385928278788924,0.05709603877715123,0.07453602155049642,0.9797749083719136,0.9751898871527778
6,84,0.0008480347460135818,0.0009330746834166348,0.04818244407206406,0.08409128056632148,0.9806526089891975,0.976708984375
6,85,0.0008383427048102021,0.0009314869530498981,0.06071728673982032,0.08403683371014065,0.9806899836033951,0.9768391927083333
6,86,0.000835126731544733,0.0009276152704842389,0.0641054931982064,0.08960796329710219,0.9806616512345679,0.9783365885416667
6,87,0.0008351692231371999,0.0009307158179581165,0.06494685382018854,0.08842374351289538,0.9811324508101852,0.9763400607638889
6,88,0.0008318178588524461,0.0009303027181886137,0.06989172167248196,0.08946141799290976,0.9811975549768519,0.977294921875
6,89,0.000830191420391202,0.0009316761861555278,0.07139585121178332,0.08670928478240966,0.9814145688657407,0.9761664496527778
6,90,0.0008261748589575291,0.0009330670000053942,0.07806456486384074,0.08750360409418742,0.9817816840277778,0.9765353732638888
6,91,0.0008205798803828657,0.0009289804147556424,0.08039477666219076,0.09189067946539985,0.9816026475694445,0.9798556857638889
6,92,0.0008213729597628117,0.0009245455730706453,0.08603232745771054,0.09700699779722426,0.9819468557098765,0.9764702690972222
6,93,0.0008159118006005883,0.0009164967341348529,0.08950405356324749,0.10569619470172459,0.982225959683642,0.976220703125
6,94,0.0008175161201506853,0.0009172487771138549,0.08878141641616821,0.10696239603890313,0.9819842303240741,0.9798177083333334
6,95,0.0008144766325131059,0.0009175995946861804,0.08945219884684057,0.10738761954837375,0.9821228780864197,0.9802571614583333
6,96,0.0008104554144665599,0.0009197266772389412,0.10039811737743425,0.10029859807756213,0.9828468605324074,0.9788682725694444
6,97,0.0008092616917565465,0.0009150929981842637,0.0983189450369941,0.11047247780693902,0.9827546296296297,0.9796115451388889
6,98,0.000805289892014116,0.000918842270039022,0.10415922344466787,0.1067213084962633,0.9828106915509259,0.9787434895833333
6,99,0.0008024763665162027,0.0009194908197969198,0.10784629303732036,0.10637975931167602,0.9832350742669753,0.978662109375
6,100,0.0007987285498529673,0.0009123957715928555,0.11367353995641073,0.11342456473244561,0.9833827642746914,0.9774576822916666
6,101,0.0007957509951665998,0.0009141199989244342,0.11569450637440623,0.1118432773484124,0.9833363474151234,0.9787651909722223
6,102,0.000794435734860599,0.0009127799421548843,0.1189138733310464,0.11658248768912421,0.9838029272762345,0.9786078559027778
6,103,0.0007907908875495195,0.0009039993747137487,0.12520917256673178,0.12477123472425673,0.9835919415509259,0.9796603732638889
6,104,0.0007892106077633798,0.0009130205726251006,0.12571190889970757,0.11517880625194973,0.9842363522376543,0.9781304253472223
6,105,0.0007883034413680434,0.0009042326710186899,0.12679876810238686,0.12591692474153307,0.9840675636574074,0.9789822048611111
6,106,0.0007805427885614336,0.0009135609143413603,0.13602163423726588,0.11473812792036268,0.9846890673225308,0.9785536024305556
6,107,0.0007788747316226363,0.0009040047298185527,0.13793666348045255,0.1281158407529195,0.9847547743055556,0.979150390625
6,108,0.000777708541136235,0.0009019861463457346,0.13757411815502024,0.12951650751961602,0.9849488811728395,0.977783203125
6,109,0.0007723115850239992,0.0009048343054018915,0.14573707168484912,0.12712295055389405,0.9844364872685185,0.9816840277777777
6,110,0.0007723023882135749,0.0009051854722201824,0.14542355714020905,0.127698724799686,0.9854172694830247,0.9796929253472222
6,111,0.0007653185166418552,0.0008962886640802026,0.1571615254437482,0.13457321458392674,0.9852364245756173,0.9802029079861111
6,112,0.0007682716823183,0.0008958966936916113,0.15323615971906684,0.13529588116539848,0.9856168016975309,0.9806369357638889
6,113,0.0007603086996823549,0.0008979864651337266,0.16076698435677422,0.1361191987991333,0.9856354890046296,0.9824761284722222
6,114,0.0007584940176457167,0.0008922704146243632,0.1623968486432676,0.1406067556805081,0.9856776861496913,0.9819878472222222
6,115,0.0007569866720587015,0.0008958209655247629,0.16570211678375432,0.1389419913291931,0.9862925588348765,0.9810818142361111
6,116,0.000752249441575259,0.0008905469439923763,0.1707083026568095,0.1475008765856425,0.9859682436342593,0.9828287760416666
6,117,0.0007491143187507987,0.000892580603249371,0.17529489361209633,0.14350691901312934,0.9862654320987654,0.9812120225694444
6,118,0.0007478059269487858,0.00089561368804425,0.17455673350228204,0.14202533033159043,0.9863208912037037,0.9807671440972222
6,119,0.0007435648003593087,0.0009013512753881514,0.18278191148498912,0.13620934221479628,0.9865632233796297,0.9821614583333333
6,120,0.0007381995674222708,0.0008923019049689174,0.18545209360711368,0.1471640176243252,0.9869092399691358,0.9829318576388889
6,121,0.0007372890249826014,0.000887629110366106,0.18805238906248117,0.14798173242145116,0.9870720003858025,0.9821668836805556
6,122,0.0007292425143532455,0.0008895890787243843,0.20030132752877694,0.15074001020855374,0.9871937692901235,0.9836046006944444
6,123,0.0007283855229616165,0.0008879107772372663,0.19887701685045972,0.15071448220147027,0.9874361014660494,0.9819498697916667
6,124,0.0007240416016429663,0.000882866675965488,0.20645173699767502,0.15645676851272583,0.9874945746527778,0.9843370225694444
6,125,0.0007225057343021035,0.0008874897612258792,0.20550079772501817,0.15136872132619222,0.9878707320601852,0.9830729166666666
6,126,0.0007190512260422111,0.000884292065165937,0.2112548134945057,0.15679158767064413,0.9878062307098765,0.9832085503472222
6,127,0.0007120367954485118,0.000882974243722856,0.21750817048696824,0.1548211349381341,0.9880123939043209,0.9835394965277777
6,128,0.0007123207906261086,0.0008865658892318606,0.21985291772418553,0.1543977830145094,0.9881293402777778,0.9834798177083334
6,129,0.0007080915383994579,0.0008834857726469636,0.22438356699766937,0.1565154751141866,0.9882468894675925,0.9841471354166667
6,130,0.0007010094705037773,0.0008818293572403491,0.23399734953303397,0.1577223579088847,0.9886453510802469,0.982666015625
6,131,0.0007028654217720032,0.0008809947175905108,0.23242721837243915,0.1597958975368076,0.9885054976851851,0.9852430555555556
6,132,0.0006982634658925235,0.0008773524314165115,0.23361177179548476,0.16258573797014025,0.98896484375,0.9842827690972222
6,133,0.0006957619916647673,0.0008811031584627926,0.23787573178609211,0.1627315878868103,0.9887267312885802,0.9841525607638889
6,134,0.000686373095959425,0.000881735875736922,0.24673760216913104,0.15932243002785576,0.9891131365740741,0.9845431857638889
6,135,0.0006843964802101254,0.0008824969991110265,0.25076008402271033,0.15857139825820923,0.9893403983410494,0.9831108940972222
6,136,0.0006839454872533679,0.0008785705431364477,0.25294532143039467,0.16512264410654703,0.9892620322145061,0.985009765625
6,137,0.0006819817936047912,0.0008855254855006933,0.25487595502241156,0.15558096832699245,0.9895170235339507,0.9828070746527777
6,138,0.0006790148327127099,0.0008717336459085345,0.25895854514322164,0.17558288441763983,0.9893168885030864,0.9855794270833333
6,139,0.0006746603758074343,0.0008730876725167036,0.2586406041074682,0.16879215770297581,0.9898612316743827,0.9846462673611112
6,140,0.0006684284307993948,0.0008763674413785338,0.2678481768678736,0.17246520651711358,0.9896936487268518,0.9862196180555556
6,141,0.0006696777418255806,0.0008775467867963016,0.26944910905979297,0.16852582428190443,0.9900613667052469,0.9851508246527778
6,142,0.0006625814130529761,0.0008753296569921076,0.27692944885771953,0.1709323763847351,0.9900975356867284,0.984765625
6,143,0.000662505510263145,0.000872897682711482,0.2768810459125189,0.1719648904270596,0.9900661892361111,0.9847873263888889
6,144,0.0006611342541873455,0.0008686822257004678,0.27647322254416384,0.1787487718794081,0.990234977816358,0.9856716579861111
6,145,0.0006503103650175035,0.0008697063312865794,0.2912639285311287,0.17821624676386516,0.9903941213348766,0.9855143229166666
6,146,0.0006535091670230031,0.0008666632929816842,0.28785354679013475,0.1817990991804335,0.9904146170910494,0.9859537760416667
6,147,0.0006506670615635812,0.0008732090936973691,0.293999923158575,0.17574144734276664,0.9906768422067901,0.9844618055555555
6,148,0.0006422573933377862,0.0008694501593708992,0.30110906583291513,0.18026538292566935,0.9905231240354938,0.9862521701388889
6,149,0.0006381460116244853,0.0008743528742343187,0.30582483388759474,0.171920551194085,0.9909812644675926,0.9847981770833333
6,150,0.0006386407185345888,0.0008714672294445336,0.30274629695915883,0.17454116609361436,0.990964988425926,0.9862087673611111
6,151,0.0006308028241619468,0.000868692877702415,0.3128367291556464,0.17313249905904135,0.9913164303626543,0.98662109375
6,152,0.0006348780007101595,0.0008687644731253386,0.3095464618117721,0.17589911090003119,0.9915412808641976,0.9859592013888889
6,153,0.0006275649648159742,0.0008703190833330154,0.3176516902299575,0.17977356645796033,0.9914665316358025,0.986328125
6,154,0.0006256389897316694,0.0008697196608409286,0.3200805400624687,0.1802777820163303,0.9914852189429012,0.9859971788194445
6,155,0.0006194530287757516,0.0008645715424790978,0.3281169012740806,0.17910208702087402,0.9914737654320988,0.9870171440972222
6,156,0.0006175918388180435,0.0008750377455726266,0.329510603863516,0.17148511542214287,0.9917534722222222,0.9861762152777778
6,157,0.0006159600452519953,0.0008668056107126176,0.3319163422525665,0.1803317533599006,0.9920446325231481,0.9864908854166666
6,158,0.0006104530184529722,0.0008729941910132766,0.33730041406772754,0.17758709192276,0.991725139853395,0.9860948350694444
6,159,0.0006080609164200723,0.000863166875205934,0.3393493987895824,0.18872045543458726,0.9918668016975308,0.9876844618055556
6,160,0.0006072394899092615,0.0008654750417917967,0.3436190172478005,0.18749037981033326,0.9919831452546296,0.98701171875
6,161,0.0006052599055692554,0.0008791376021690667,0.34399747980965506,0.17029827568266126,0.9920373987268518,0.9856987847222223
6,162,0.0005961953429505229,0.0008639495936222374,0.3505477237112728,0.1906967944569058,0.9916057822145061,0.9870551215277777
6,163,0.0005941077833995223,0.0008626808994449675,0.3565508891035009,0.1846172465218438,0.9920609085648148,0.98740234375
6,164,0.0005936732050031424,0.0008726115338504314,0.3565314523967696,0.17645734548568726,0.9923062548225309,0.986962890625
6,165,0.0005844432162120938,0.0008764687227085233,0.36803945626741574,0.17358807192908393,0.9924340518904321,0.9870442708333333
6,166,0.0005851683672517538,0.0008663070620968938,0.36816593379150203,0.18355760706795587,0.9925196518132716,0.9862738715277778
6,167,0.0005811217706650496,0.0008752861758694053,0.3704916505166042,0.17431747118632,0.9927035108024691,0.986865234375
6,168,0.0005777940386906266,0.0008700183825567365,0.3773162752021978,0.1774024738205804,0.9926872347608025,0.9876139322916667
6,169,0.0005774989258497953,0.0008584921015426517,0.3754342754681905,0.19017477962705825,0.9929223331404321,0.9871039496527778
6,170,0.0005778841441497207,0.0008601582376286387,0.3769106279184789,0.1836845768822564,0.9930585696373457,0.9871473524305555
6,171,0.0005644892808049917,0.0008590626530349255,0.3919431737911554,0.19083593686421713,0.9931761188271605,0.9869032118055555
6,172,0.0005700180772691965,0.0008596763946115971,0.38430310737939527,0.18848811520470513,0.9928765190972222,0.98720703125
6,173,0.0005622339085675776,0.0008775016758590937,0.39395222075191544,0.17057631148232355,0.9933816792052469,0.98779296875
6,174,0.0005613047396764159,0.0008630333468317986,0.3939703305562337,0.1819087478849623,0.9932333863811729,0.9878526475694445
6,175,0.0005563022568821907,0.0008747809333726764,0.39961103701297146,0.17200706137551203,0.9932984905478395,0.9878200954861112
6,176,0.0005528541514649987,0.0008598756976425648,0.4044591153109515,0.18440623150931465,0.9935329861111111,0.9879557291666666
6,177,0.0005478461389429867,0.0008747756946831942,0.4086340723214326,0.1712513698471917,0.9936752507716049,0.9877658420138888
6,178,0.000542120891623199,0.0008788636769168079,0.4131507142090503,0.17235007021162246,0.9936668113425926,0.9875922309027778
6,179,0.000542696681804955,0.000863063964061439,0.4176161997112227,0.19116087754567465,0.9936662085262346,0.988330078125
6,180,0.0005367149715311825,0.0008606317569501698,0.41734745737947065,0.19104199806849162,0.9936957465277778,0.98798828125
6,181,0.0005362671799957752,0.0008635860867798328,0.42519463403725327,0.18615169260236952,0.9938892505787037,0.9883138020833333
6,182,0.0005334565648809075,0.0008590786019340158,0.42731412443113914,0.1891679565111796,0.9941749855324075,0.9880045572916667
6,183,0.0005313049769029021,0.000863853725604713,0.4291445059540831,0.18367016447914972,0.9943425684799383,0.9886555989583333
6,184,0.0005268026725389063,0.0008531090570613742,0.4361736979013608,0.19794671138127645,0.994313030478395,0.9880262586805556
6,185,0.0005216401186771691,0.0008574887178838253,0.44176031248069103,0.19381785260306464,0.9944721739969136,0.988134765625
6,186,0.0005140174180269241,0.0008559838170185685,0.44791172713409233,0.19484286705652873,0.9945306471836419,0.9887261284722222
6,187,0.0005138447741046548,0.0008515881490893662,0.4472580694857939,0.1986493163638645,0.9945583767361111,0.9881564670138889
6,188,0.0005151088698767126,0.0008565571624785662,0.44535499502111364,0.19229567845662435,0.9946638695987654,0.9885470920138889
6,189,0.0005155968246981502,0.0008618284482508898,0.4424687069139363,0.18621655570136175,0.9946578414351852,0.9886501736111111
6,190,0.0005102397408336401,0.0008493050117976964,0.45201381209455893,0.20207517279518974,0.9947114920910494,0.9885416666666667
6,191,0.0005073613720014691,0.000858974177390337,0.45030249386657906,0.18965385887357925,0.9947790075231482,0.9887803819444444
6,192,0.000501875183545053,0.0008584740571677685,0.4569753217108456,0.19344256454043918,0.9948567708333333,0.9891167534722223
6,193,0.0005060377879999578,0.0008538974216207862,0.45493161590011033,0.19661772780948214,0.9948441116898148,0.9889431423611111
6,194,0.0005017895018681884,0.0008500085677951574,0.46364144572505245,0.1986033187972175,0.9950255594135803,0.9888617621527778
6,195,0.0005029955063946545,0.0008559285197407007,0.4608150277608707,0.19388223091761272,0.9949471932870371,0.9891438802083333
6,196,0.0004980742814950645,0.0008611517259851098,0.4635820797932001,0.18460569779078165,0.9948368778935185,0.9888834635416667
6,197,0.000495009298902005,0.0008572473889216781,0.4636750989490085,0.19334082868364122,0.99501953125,0.9885796440972222
6,198,0.0004955828771926463,0.0008572761435061693,0.46563632046734843,0.19533783727222018,0.9951551649305556,0.9888292100694445
6,199,0.0004924351233057678,0.0008663164335303009,0.46740662992736437,0.18473606904347736,0.9949833622685185,0.9885959201388889
6,200,0.0004842343623749912,0.0008592148660682142,0.4790949324030935,0.19383428891499838,0.9950858410493827,0.9885416666666667
6,201,0.0004897476173937321,0.0008649783558212221,0.4747509413295322,0.18744977447721695,0.9951768663194445,0.988916015625
6,202,0.00048518978292122483,0.0008489152533002198,0.4772692803983335,0.20497364335589938,0.9950327932098766,0.9896864149305555
6,203,0.00048395799240097404,0.0008549171034246683,0.4759582214885288,0.19846001068751018,0.9952293113425926,0.989453125
6,204,0.00047771364916116,0.0008516106172464788,0.48420989263204883,0.20028053787019517,0.9953179253472222,0.9893391927083334
6,205,0.0004811427788808942,0.0008508598548360169,0.4812203014338458,0.20268273088667127,0.9954366801697531,0.9895941840277778
6,206,0.0004820863250643015,0.000850328360684216,0.48034974189452184,0.2059176100624932,0.9953342013888888,0.9898600260416667
6,207,0.000483842333778739,0.0008480618707835674,0.4802527489485564,0.20678251451916166,0.9954300491898148,0.9897406684027777
6,208,0.0004735346301458776,0.000847583869472146,0.4923459662331475,0.2047651966412862,0.9954493393132716,0.9898546006944444
6,209,0.0004797265282832086,0.0008524088189005852,0.48296539739326194,0.20224493079715306,0.9956108940972223,0.9897298177083333
6,210,0.00047719781287014484,0.0008498014649376273,0.483518334965647,0.2028859191470676,0.9955608603395062,0.9895236545138889
6,211,0.00047557021025568247,0.0008542390423826873,0.4917169354580067,0.19901707967122395,0.995557846257716,0.9895941840277778
6,212,0.0004728984204120934,0.0008482230477966368,0.4931316477281076,0.20531170103285049,0.9955843701774691,0.9896430121527777
6,213,0.0004690834030043334,0.0008519004913978279,0.4949744136245162,0.19824409617318048,0.9954324604552469,0.989599609375
6,214,0.000472087791422382,0.0008516496745869517,0.4943748368157281,0.20161903036965265,0.9955397617669753,0.9898057725694445
6,215,0.0004751353117171675,0.0008498279494233429,0.4891455837237982,0.20353523227903578,0.9954897280092593,0.9896213107638889
6,216,0.00046965008368715644,0.0008554542437195778,0.49444114823400237,0.19863465229670207,0.9956717785493827,0.9897352430555556
6,217,0.0004688109620474279,0.0008470633183605969,0.49932578404744465,0.2054213007291158,0.9956235532407407,0.9896864149305555
6,218,0.00046256129280664027,0.0008510273182764649,0.5061051823474743,0.20141455994711982,0.9957398967978395,0.9898274739583334
6,219,0.0004670225898735225,0.0008489986066706479,0.49917926758895687,0.20419211387634278,0.995630787037037,0.9899142795138889
6,220,0.0004667825414799154,0.0008503159624524415,0.49889946660877743,0.20237627029418945,0.9957411024305556,0.9896918402777778
6,221,0.0004621207481250167,0.0008491339394822717,0.5014895715831239,0.20970102416144476,0.9956952883873457,0.9899197048611111
6,222,0.00046622572699561715,0.0008467064471915364,0.49854803144195936,0.2086038801405165,0.9955626687885802,0.9900065104166667
6,223,0.00046391470823436975,0.000850150128826499,0.5026283337746138,0.2011955287721422,0.9958279079861111,0.9896321614583333
6,224,0.00046143634244799614,0.0008447141735814512,0.5055008034647247,0.20522500938839383,0.9958098234953704,0.9899468315972222
6,225,0.00046345090959221125,0.0008474300848320127,0.5008805454513173,0.20705543756484984,0.9958471981095679,0.9899034288194445
6,226,0.0004606358124874532,0.0008433529292233288,0.5027334969720723,0.21085040304395888,0.9957941502700617,0.9898166232638889
6,227,0.0004562920657917857,0.0008438506629317999,0.5110989117328032,0.20953716039657594,0.9955620659722222,0.990234375
6,228,0.00045743933878839016,0.0008448848384432495,0.5100673111868493,0.20761688550313315,0.9958465952932098,0.9901692708333333
6,229,0.00045787281123921275,0.0008476595394313335,0.512252539469872,0.20118225018183392,0.9958622685185186,0.9900010850694444
6,230,0.0004557553038466722,0.0008482201956212521,0.5114517095648212,0.20269456307093303,0.996020809220679,0.9899685329861111
6,231,0.0004512089362833649,0.0008490945328958333,0.5126967653816129,0.20133389896816678,0.995849006558642,0.990087890625
6,232,0.0004512417071964592,0.0008494652574881911,0.5161683775760509,0.20336534314685398,0.9959520881558642,0.9902289496527777
6,233,0.0004477599577512592,0.0008476437069475651,0.5162250231813501,0.20504000849193996,0.9958556375385802,0.9896267361111111
6,234,0.0004498304333537817,0.000844309339299798,0.5192006786664327,0.208653457959493,0.9959882571373457,0.989990234375
6,235,0.00044941622763872147,0.0008500645053572953,0.5182698363139305,0.20130280256271363,0.9959496768904321,0.9900227864583333
6,236,0.00045120445429347456,0.0008461249526590109,0.5140394506631074,0.20592478646172419,0.9960171923225308,0.9899576822916667
6,237,0.000446981837740168,0.0008448580047115684,0.5205329396106578,0.20744098954730564,0.9959780092592593,0.9900227864583333
6,238,0.00044551468454301357,0.000845482456497848,0.5188722828288137,0.20668241845236884,0.99599609375,0.9900987413194444
6,239,0.00045150332152843475,0.0008485993021167815,0.5147471480899387,0.2027916630109151,0.9959864486882716,0.9897135416666667
6,240,0.0004502186202444136,0.0008393932366743684,0.5190053189242327,0.21491144763098824,0.9960214120370371,0.9904134114583333
6,241,0.0004451946006156504,0.0008454908384010196,0.5213352628696112,0.20682206286324395,0.996141975308642,0.9899359809027778
6,242,0.00044310546945780516,0.000841694010887295,0.523945720254639,0.21095718277825248,0.9961449893904321,0.9901041666666667
6,243,0.0004442911013029516,0.0008385673863813281,0.5224431473531841,0.21481884055667452,0.9960666232638888,0.99013671875
6,244,0.0004458923067431897,0.0008441052050329745,0.5231570750107,0.20828725629382663,0.9960997781635802,0.990087890625
6,245,0.00044108295696787536,0.0008395637851208448,0.525169594788257,0.21369623740514118,0.9961847752700618,0.9902777777777778
6,246,0.00044451706344261765,0.000838901789393276,0.5192674859070484,0.21553432941436768,0.9961498119212963,0.9902723524305556
6,247,0.00044123714906163514,0.0008445062558166683,0.524598706798789,0.20809253321753607,0.9961920090663581,0.9901421440972222
6,248,0.0004419864562805742,0.0008385922992601991,0.5266187770867053,0.21644631491767036,0.996166690779321,0.9901421440972222
6,249,0.0004367827787064016,0.0008364004897885025,0.5302671149924949,0.21902599732081096,0.9961522231867284,0.9902723524305556
6,250,0.00044291059020906687,0.0008429461158812046,0.5237087486702718,0.21206575367185804,0.9961564429012346,0.99013671875
6,251,0.00043337373062968254,0.0008380473591387272,0.5368460755289337,0.21682124535242717,0.9962854456018518,0.9902669270833333
6,252,0.00043614546302706003,0.0008402409148402512,0.5301521841390633,0.21320497857199774,0.9961329330632716,0.9901421440972222
6,253,0.0004321628948673606,0.0008389793219976127,0.5378748362447009,0.2147364656130473,0.9961691020447531,0.9902235243055556
6,254,0.00043560273479670286,0.0008399081998504698,0.5293907820442576,0.21473667489157783,0.996165485146605,0.9901963975694444
6,255,0.00043977907625958323,0.0008416780037805438,0.5280920789565569,0.21224472125371296,0.9962191358024691,0.9903754340277777
6,256,0.00043464970076456666,0.00083899189485237,0.5339430778114884,0.21521366702185737,0.996190803433642,0.9902072482638888
6,257,0.0004345350607763976,0.0008416197961196303,0.5347147511847226,0.2122534844610426,0.9962547019675926,0.9901421440972222
6,258,0.0004351514216978103,0.0008401420200243592,0.53308932295552,0.2128288123342726,0.9962137104552469,0.9900770399305555
6,259,0.0004343089531175792,0.0008423053659498692,0.5321831926887418,0.21056206756167942,0.9963083526234567,0.9900607638888889
6,260,0.0004409972170833498,0.0008382081869058311,0.5257933881547716,0.21579783095253838,0.9962179301697531,0.9903917100694445
6,261,0.00043282212573103607,0.0008419393561780453,0.5358675771289402,0.20973578294118245,0.9963770736882716,0.9900390625
6,262,0.0004335375560913235,0.0008395715267397463,0.5378344830171562,0.2134890980190701,0.9960798852237654,0.9902018229166667
6,263,0.000433275883551687,0.0008367940317839384,0.5354437360057125,0.21726030773586696,0.9963752652391975,0.9902506510416667
6,264,0.00043591257417574525,0.0008376113255508244,0.5338807217868757,0.21574822266896565,0.9963240258487654,0.9901204427083333
6,265,0.0004342324682511389,0.0008378542843274772,0.5327598184715082,0.2160937547683716,0.9961606626157408,0.9901421440972222
6,266,0.0004337124992161989,0.0008382834494113922,0.5329466066242736,0.2153018911679586,0.9963234230324074,0.9902723524305556
6,267,0.0004303268506191671,0.0008396041812375188,0.5407707623493524,0.21341838969124688,0.9964066116898148,0.99033203125
6,268,0.0004271664365660399,0.0008388962596654892,0.5422442924829177,0.21491469939549765,0.9963788821373457,0.9900553385416667
6,269,0.00043266115244477987,0.0008369967108592391,0.5375264738812858,0.21682752238379585,0.996336684992284,0.9902126736111111
6,270,0.0004289234639145434,0.0008387619163841009,0.5409807754151615,0.21491325828764174,0.9963710455246914,0.9902289496527777
6,271,0.00043229429866187274,0.0008393690804950893,0.5324198652196813,0.21481729878319633,0.9963318624614198,0.9902506510416667
6,272,0.00043142534559592605,0.0008408586145378649,0.536482376816832,0.21353640688790215,0.9963607976466049,0.9902398003472223
6,273,0.00043079073657281697,0.000841987319290638,0.5388271895455725,0.2117556823624505,0.9963409047067902,0.9901963975694444
6,274,0.00042632478289306164,0.0008408164721913636,0.5422069521597874,0.21258245574103463,0.9963626060956791,0.9902398003472223
7,1,0.13719087839126587,0.029606711119413376,-215.0756703671114,-46.16365203857422,0.6039580922067901,0.99541015625
7,2,0.017622115090489388,0.007086880970746279,-26.155021265995355,-10.053247849146524,0.9951690297067901,0.99541015625
7,3,0.005715418606996536,0.0035036378540098667,-7.592849274623541,-4.276107454299927,0.9951690297067901,0.99541015625
7,4,0.003451409051194787,0.0025916206650435925,-4.020344327408591,-2.798792669508192,0.9951690297067901,0.99541015625
7,5,0.0026727658696472645,0.002126425737515092,-2.7741843247119293,-2.0426975621117487,0.9951690297067901,0.99541015625
7,6,0.0022546201944351196,0.001868381747044623,-2.1101445895654183,-1.621967045466105,0.9951690297067901,0.99541015625
7,7,0.002000595210120082,0.0016934697050601244,-1.7140460423481316,-1.3360490613513523,0.9951690297067901,0.99541015625
7,8,0.0018170461989939213,0.0015618967590853572,-1.418268166942361,-1.1204142570495605,0.9951690297067901,0.99541015625
7,9,0.0016781899612396955,0.0014599801506847143,-1.202601710660958,-0.9530310153961181,0.9951690297067901,0.99541015625
7,10,0.001569131389260292,0.0013796547427773476,-1.0259133489043624,-0.820713096194797,0.9951690297067901,0.99541015625
7,11,0.0014826767146587372,0.0013144068652763963,-0.8844136947467003,-0.7130295197168987,0.9951690297067901,0.99541015625
7,12,0.0014111859491094947,0.0012608650140464306,-0.7705636825090573,-0.6243878099653456,0.9951690297067901,0.99541015625
7,13,0.0013527555856853724,0.0012167859822511673,-0.6743883724565859,-0.5512967136171129,0.9951690297067901,0.99541015625
7,14,0.001304662087932229,0.0011806138791143894,-0.5981400966644287,-0.4915619108412001,0.9951690297067901,0.99541015625
7,15,0.001267423969693482,0.0011811131844297051,-0.5404570367601182,-0.5099314133326213,0.9951690297067901,0.9953721788194444
7,16,0.0014470536261796951,0.0012287520803511143,-0.783352819637016,-0.5807592286003961,0.9931061921296296,0.99541015625
7,17,0.0013709643390029669,0.001189161092042923,-0.688174828187919,-0.5143156727155049,0.9936451099537037,0.9951280381944444
7,18,0.0012895925901830196,0.0011461914982646704,-0.5627543939484491,-0.4369503630532159,0.9933497299382716,0.9902235243055556
7,19,0.0012276265770196915,0.0011104258010163903,-0.472557826248216,-0.3625791668891907,0.9919548128858025,0.9858018663194444
7,20,0.0011813519522547722,0.0010643043788149953,-0.39562910751060204,-0.2993557214736938,0.9902030285493827,0.9852105034722223
7,21,0.001141623710282147,0.0010152108734473586,-0.338149388189669,-0.23449682659573026,0.9866753472222223,0.9912760416666667
7,22,0.0011121404822915792,0.0010156359057873487,-0.293014426731769,-0.22816623051961263,0.9882734133873456,0.9857150607638889
7,23,0.0011002621613442898,0.0010064137168228626,-0.2724288762351613,-0.2116494721836514,0.9855740017361111,0.9828016493055556
7,24,0.0010760531295090914,0.0009698014473542571,-0.23460628986358642,-0.1668908741739061,0.9853069540895062,0.9926106770833333
7,25,0.0010504244128242135,0.0009658847702667117,-0.20456298413100066,-0.1551401284005907,0.9850350839120371,0.9862955729166667
7,26,0.0010482455836609006,0.0009957258589565754,-0.196830826776999,-0.1693032807774014,0.9851134500385802,0.9793511284722223
7,27,0.0010254770750179887,0.0009240139625035226,-0.16243771152731812,-0.09192306995391845,0.9842019917052469,0.9891818576388889
7,28,0.0010155360214412212,0.0009297453798353672,-0.1467314511169622,-0.09842596716350979,0.9837432484567902,0.9868109809027777
7,29,0.0010002029594033957,0.0009173378348350525,-0.12607353734381405,-0.08144471247990927,0.9844684365354939,0.984228515625
7,30,0.0009952745167538524,0.0009217561455443501,-0.11896488239735732,-0.08606476916207208,0.9842013888888889,0.9885633680555556
7,31,0.0009836070239543915,0.0009250136790797114,-0.10108489063051011,-0.09209217098024157,0.9858434606481481,0.9813639322916666
7,32,0.0009877822594717145,0.0008954094955697656,-0.10663359430101182,-0.048866362041897246,0.9825804157021605,0.9855685763888888
7,33,0.0009635105961933732,0.0008980028796941042,-0.07248877066153067,-0.053492297066582574,0.983837890625,0.9869900173611111
7,34,0.0009703967371024191,0.000894832715857774,-0.08193225963616077,-0.0484171470006307,0.9848952305169754,0.9849175347222222
7,35,0.0009600863559171557,0.00088700489141047,-0.06766488228315189,-0.037536593278249104,0.9837800202546296,0.9889973958333333
7,36,0.0009620351484045386,0.0008863736875355244,-0.07165451020370295,-0.03863509098688762,0.9838077498070987,0.9864149305555555
7,37,0.0009541028994135559,0.0008872757898643613,-0.0626992650973944,-0.04124978118472629,0.9843358169367284,0.9860677083333333
7,38,0.0009530337410978973,0.0008780552307143807,-0.06415093813413456,-0.03138516346613566,0.9833279079861111,0.9869194878472223
7,39,0.0009535260032862425,0.0008851592428982258,-0.06732716148282275,-0.03684104283650716,0.9837745949074074,0.9858289930555556
7,40,0.0009463418973609805,0.0008749226690270007,-0.05267859211674443,-0.02114849885304769,0.9842363522376543,0.9847330729166667
7,41,0.0009464158210903406,0.0008981733117252588,-0.0574224982732608,-0.05991842614279853,0.983885513117284,0.983984375
7,42,0.0009561132756061852,0.0008867717115208507,-0.07001473138361801,-0.046046725908915204,0.9837595244984568,0.9863064236111111
7,43,0.0009538017911836505,0.0008796280017122626,-0.06820069669205465,-0.034773202737172444,0.983739631558642,0.9837185329861111
7,44,0.0009447205811738968,0.0008714424329809844,-0.054612440827452105,-0.024242307080162895,0.9826159818672839,0.9857042100694444
7,45,0.0009500105516053736,0.0008932436467148364,-0.06419351983953406,-0.05927880075242784,0.9829185956790123,0.9812879774305555
7,46,0.0009438507840968668,0.0008856994099915028,-0.05389748134730775,-0.05081703397962782,0.9824279031635802,0.9796603732638889
7,47,0.0009419705020263791,0.0008717562886886299,-0.056813500104127106,-0.029711469014485677,0.9818479938271605,0.98203125
7,48,0.0009344405261799693,0.0008725372608751059,-0.044201832788961906,-0.032741551929050025,0.9818437741126543,0.9816243489583333
7,49,0.0009358999086543918,0.0008690154063515365,-0.04693056168379607,-0.020761842197842068,0.9817859037422839,0.9801649305555555
7,50,0.0009225850808434188,0.0008539541740901768,-0.026711224185095892,-0.0019364648395114475,0.9812807436342592,0.9820095486111111
7,51,0.0009267078130505979,0.000852711615152657,-0.03592829233334388,-0.000151469972398546,0.9814001012731481,0.9849663628472223
7,52,0.0009225737303495407,0.0008523816941305995,-0.030519671204649372,-0.00017301638921101887,0.9808195891203704,0.9818684895833333
7,53,0.0009160664631053805,0.0008654914563521743,-0.015611667544753464,-0.025302403502994113,0.9809136284722222,0.9801540798611111
7,54,0.0009127359371632338,0.0008393190801143646,-0.01654470364252726,0.021527285046047635,0.9810480565200618,0.9819769965277778
7,55,0.0009170033736154437,0.0008536023669876158,-0.021900553173489042,-0.0037134369214375813,0.9809437692901235,0.9806098090277777
7,56,0.0009081815369427204,0.0008424018742516637,-0.007272381105540711,0.015112214618259005,0.9806104118441358,0.9808213975694444
7,57,0.0009043837781064212,0.0008558898698538542,-0.002874263274816819,-0.0010963228013780382,0.9802378713348765,0.9796603732638889
7,58,0.0009053656249307096,0.000838608480989933,-0.003541893576398308,0.019655925697750515,0.9803680796682098,0.9821072048611111
7,59,0.0008990554488264024,0.0008406855631619692,0.003127049958264386,0.0186546696556939,0.980347583912037,0.9814832899305556
7,60,0.0008970634080469608,0.000834963284432888,0.007018466937689134,0.030893527136908638,0.9804175106095679,0.9784505208333333
7,61,0.0008969822665676475,0.0008353047305718064,0.004711129635940363,0.02545045879152086,0.9799358603395062,0.9803493923611111
7,62,0.0008914078935049474,0.0008270425605587661,0.012908678290284711,0.03691176838344998,0.9802601755401235,0.982275390625
7,63,0.0008924490539357066,0.0008266742806881666,0.011739846806467315,0.040305697917938234,0.9801462432484568,0.9798014322916667
7,64,0.0008839194197207689,0.0008416254422627389,0.023700864226729783,0.016916902860005696,0.9803379388503086,0.9787977430555556
7,65,0.0008820911170914769,0.0008260754402726889,0.025821125360182773,0.03754417101542155,0.9805127555941358,0.9807508680555556
7,66,0.0008828371646814048,0.0008250633254647255,0.021986138673476232,0.04163389470842149,0.9802619839891975,0.9828776041666667
7,67,0.0008776759495958686,0.0008202038006857038,0.03224486024291427,0.048882856633928086,0.9803451726466049,0.9819173177083333
7,68,0.0008745070081204176,0.0008227770449593663,0.03329893895137457,0.04258075820075141,0.980591724537037,0.9807671440972222
7,69,0.0008746449602767825,0.0008214853005483747,0.03281632617667869,0.0453109688229031,0.9810878423996914,0.9791720920138889
7,70,0.0008709015091881156,0.000827781914267689,0.04217831676388964,0.04050584766599867,0.9808009018132716,0.9774848090277778
7,71,0.000868904055096209,0.0008071789634414017,0.04281441076302234,0.06798677312003241,0.9803331163194444,0.9821180555555555
7,72,0.0008633140241727233,0.0008118701516650617,0.05111551064032095,0.061533368958367245,0.9805543499228395,0.9815375434027778
7,73,0.0008642589091323316,0.0008085353765636683,0.046667107534997254,0.06266851292716133,0.9810884452160494,0.9815809461805556
7,74,0.0008624967304058373,0.0008029701421037316,0.049843908680809866,0.0746283491452535,0.9811439043209876,0.9822808159722223
7,75,0.0008543888689018786,0.0008009859011508524,0.062094012013188114,0.07538014385435317,0.9815489969135802,0.9807400173611112
7,76,0.0008556343382224441,0.0008082719286903739,0.060352911625379396,0.060960805416107176,0.9816755883487654,0.9813313802083333
7,77,0.0008536672685295343,0.0008036752115003765,0.061543329409611075,0.06692848470475939,0.9814031153549383,0.9807400173611112
7,78,0.0008513386128470302,0.0007950569270178676,0.06566145493660444,0.07759093840916952,0.9813518759645061,0.981982421875
7,79,0.0008464351994916797,0.0007906991522759199,0.0706888406365006,0.08496027787526449,0.9820909288194445,0.9812445746527778
7,80,0.000846091890707612,0.0007858466124162078,0.07113377179628537,0.09029272529813978,0.9822133005401235,0.9818088107638889
7,81,0.0008378681377507746,0.0007898722542449832,0.08084472020467122,0.08563256528642442,0.9823881172839506,0.9817491319444445
7,82,0.0008393523748964071,0.0007861967897042632,0.07796991092187387,0.09113995499081082,0.9826768663194444,0.9823567708333333
7,83,0.0008350248099304736,0.0008063017739914358,0.08591776968520365,0.05971608426835802,0.9828546971450617,0.977685546875
7,84,0.0008335912134498358,0.0007839913014322519,0.08709949873111866,0.09467748271094428,0.9827751253858025,0.9816514756944444
7,85,0.0008336438913829625,0.0007820806931704283,0.08382097865328376,0.09799255265129937,0.9827492042824074,0.9818630642361111
7,86,0.0008248434751294553,0.0007814196869730949,0.09799516127433305,0.10119672351413303,0.9828800154320988,0.9823621961805555
7,87,0.0008259543683379889,0.0007822090992704034,0.09628170316601976,0.0978418747584025,0.9835726514274692,0.9831325954861111
7,88,0.0008265752112492919,0.0007865431252866983,0.09411405310218716,0.09032196071412828,0.9836847752700617,0.9822591145833334
7,89,0.0008171065128408372,0.0007802496547810733,0.10614164743894412,0.10051796303855048,0.9837800202546296,0.9822916666666667
7,90,0.0008162742597050965,0.0007725037285126746,0.10844668459009241,0.10781246423721313,0.9838897328317902,0.9838812934027777
7,91,0.0008083441061899066,0.0007828451343812048,0.11642219873122227,0.09392647610770331,0.984327377507716,0.9821614583333333
7,92,0.0008109587943181396,0.0007756556151434779,0.11510271422656966,0.10024123324288262,0.9844153886959877,0.9829210069444444
7,93,0.0008079996332526207,0.0007747079362161458,0.11732449752313119,0.10418105655246311,0.9848198784722222,0.9832302517361111
7,94,0.0008038178784772754,0.0007671196362935007,0.12402818379578767,0.11162823968463474,0.984985652970679,0.982470703125
7,95,0.0008003372931852937,0.0007671361672692001,0.126580336800328,0.1148830042945014,0.9847939573688271,0.9832356770833334
7,96,0.0007979515939950943,0.0007681294810026884,0.12998838306945049,0.11377345853381687,0.9852153260030864,0.9817437065972222
7,97,0.0007931598229333758,0.0007624555146321654,0.13479336853380555,0.12059683137469822,0.9853557822145061,0.985693359375
7,98,0.0007925429381430149,0.000763657153584063,0.13489857132052196,0.12197332249747382,0.985350356867284,0.9835611979166666
7,99,0.0007877533789724112,0.000762369018048048,0.14111238335385734,0.12373404105504354,0.9857934268904321,0.9839409722222222
7,100,0.0007868724642321467,0.0007606792496517301,0.14322370850009683,0.12485567596223619,0.9860707224151235,0.9841525607638889
7,101,0.0007852808921597898,0.0007540429942309856,0.1474853406717748,0.131573310163286,0.9857198832947531,0.9838975694444444
7,102,0.0007797821890562773,0.0007583907572552562,0.15019618449387728,0.12278788089752198,0.9862666377314815,0.9842068142361111
7,103,0.0007759012514725327,0.0007556868949905038,0.15660514139834744,0.1297794567214118,0.9863431954089507,0.9855685763888888
7,104,0.0007710552308708429,0.0007566961576230824,0.16267178544291744,0.12679147058063084,0.9869496286651235,0.9835015190972223
7,105,0.0007707770564593375,0.0007511418662033975,0.16494526715926183,0.1318105737368266,0.9867705922067901,0.9845269097222222
7,106,0.0007621627300977707,0.0007580528035759926,0.17061356600419975,0.12878802882300483,0.9868507667824075,0.9845052083333333
7,107,0.0007651318446733057,0.0007505863904953003,0.16776722110347983,0.13833871947394477,0.9872227044753087,0.985546875
7,108,0.0007603568374179304,0.0007529947906732559,0.17478526300854152,0.13278594944212171,0.9867790316358025,0.9833767361111111
7,109,0.0007569132721982896,0.000756015710067004,0.17915734935689856,0.12197074360317654,0.9872371720679012,0.9860405815972222
7,110,0.0007559643709100783,0.0007588015287183225,0.18055372767978245,0.12249738640255398,0.987621768904321,0.9836588541666667
7,111,0.0007489597192034125,0.0007458656327798963,0.18967820700304008,0.1391691976123386,0.9877971884645061,0.9851671006944445
7,112,0.0007436603773385286,0.0007539776852354407,0.1953106047194681,0.13214218616485596,0.9879527150848766,0.9860405815972222
7,113,0.0007413398707285523,0.0007485394016839564,0.1975571040753965,0.13755073414908514,0.9883168161651235,0.9852756076388889
7,114,0.0007363706827163696,0.0007469722186215222,0.20384117585641368,0.13829209274715848,0.9885097173996914,0.9860677083333333
7,115,0.0007348956423811615,0.0007455960148945451,0.20562489533130032,0.14025997850630018,0.9885109230324074,0.9857204861111111
7,116,0.0007302215090021491,0.0007479700725525618,0.21006652366967848,0.13789250983132256,0.9885778356481482,0.9862196180555556
7,117,0.0007266281172633171,0.000745029712561518,0.2128951108014142,0.14374859995312161,0.9888400607638889,0.9868109809027777
7,118,0.0007222482236102223,0.000761099043302238,0.22204710598345156,0.12245543930265639,0.9890293451003086,0.9851236979166667
7,119,0.0007232234929688275,0.0007444255752488971,0.21836056738723944,0.13602766195933025,0.9888569396219136,0.986181640625
7,120,0.0007186280563473701,0.0007447893731296062,0.22429584470795996,0.13992291688919067,0.9891233844521605,0.9860243055555555
7,121,0.0007156308274716139,0.0007470423588529229,0.22920026425962095,0.14018820391760933,0.9892481674382716,0.9866861979166667
7,122,0.0007103833486326039,0.0007423466304317117,0.23403637791857307,0.14548800653881497,0.9896616994598766,0.9859266493055555
7,123,0.0007066135294735432,0.0007500577485188842,0.24124767382939658,0.13888481590482923,0.989549575617284,0.9863552517361112
7,124,0.0007034216541796923,0.0007400038302876055,0.2425555361641778,0.1487809936205546,0.9896508487654321,0.9871853298611111
7,125,0.0006977152661420405,0.0007530495058745146,0.24723158132882767,0.13070865472157797,0.9899655189043209,0.9868435329861112
7,126,0.0007005478255450726,0.0007459275657311082,0.24610205035150787,0.1450013822979397,0.9901150173611111,0.9861111111111112
7,127,0.0006920656887814403,0.0007402565097436309,0.25569941894507703,0.1531255218717787,0.9899094569830247,0.9879503038194445
7,128,0.0006872462690807879,0.000740911578759551,0.2600598411795534,0.1528099735577901,0.9903760368441358,0.9870279947916667
7,129,0.0006852460210211575,0.0007418859750032425,0.26318073640634987,0.1512914114528232,0.990307315779321,0.9873643663194445
7,130,0.0006793071515858173,0.0007484771776944399,0.2692627759627354,0.1385423050986396,0.9906720196759259,0.9869411892361111
7,131,0.0006789039471186697,0.0007477030158042908,0.2695169856518875,0.14209714465671117,0.9907045717592593,0.9870279947916667
7,132,0.0006745979189872742,0.0007347885402850807,0.2761897374082495,0.15314688285191855,0.9908944589120371,0.9872938368055556
7,133,0.0006703147664666176,0.0007383319898508489,0.28293679776015107,0.15320724248886108,0.9908769772376543,0.9875108506944444
7,134,0.0006682270905002952,0.0007298815762624145,0.28606297940383724,0.159650813208686,0.9910855516975309,0.9871148003472222
7,135,0.0006646282272413373,0.0007315223338082433,0.28563503365457793,0.1587134771876865,0.9911319685570987,0.9879557291666666
7,136,0.0006608804105781019,0.0007295137620531023,0.29080813696354996,0.16242834329605102,0.9911416136188271,0.9879177517361111
7,137,0.0006630230927839875,0.0007295369869098067,0.2916957738958759,0.16474458244111803,0.9916799286265432,0.9874945746527778
7,138,0.0006526598008349538,0.000730670231860131,0.30000207718507743,0.1592162979973687,0.991407455632716,0.9877224392361111
7,139,0.0006492444081231952,0.0007418834138661623,0.3064017027984431,0.14165541993247138,0.9916238667052469,0.9876085069444445
7,140,0.000643398379907012,0.000743498676456511,0.31053444838818206,0.14715816842185125,0.9916401427469136,0.9881293402777778
7,141,0.0006445574690587819,0.0007273603114299476,0.3112513668743181,0.16681617895762127,0.9916323061342592,0.9887641059027777
7,142,0.0006375068332999945,0.0007293277885764837,0.31730501063076066,0.16246945990456474,0.9919843508873457,0.9878960503472223
7,143,0.0006347257876768708,0.0007261766586452723,0.3255095567232297,0.1636581791771783,0.9919578269675926,0.9884982638888888
7,144,0.0006342541892081499,0.0007368198130279779,0.32410026597388,0.14961126777860853,0.9922483844521605,0.9883517795138889
7,145,0.0006284591509029269,0.0007282120641320944,0.3288709808278967,0.16856367058224148,0.9921899112654321,0.988671875
7,146,0.0006280195666477084,0.0007538077188655734,0.33312583602504964,0.1335754606458876,0.9923936631944444,0.98876953125
7,147,0.0006216700421646237,0.000734702858608216,0.3350029213928882,0.16225000222524008,0.9925256799768518,0.9877766927083333
7,148,0.0006186558166518807,0.0007392148254439235,0.34257514152997803,0.15805892017152573,0.992382209683642,0.9882703993055556
7,149,0.0006172086577862501,0.0007268097251653671,0.34288263100164906,0.1651999553044637,0.9926727671682098,0.988134765625
7,150,0.0006123047205619514,0.0007252957439050078,0.3495383033046016,0.1770887600051032,0.992750530478395,0.9888237847222222
7,151,0.0006077602738514543,0.0007261887658387423,0.35360815348448577,0.16961203416188558,0.9929958767361111,0.9883572048611111
7,152,0.0006050212541595101,0.0007213751669041812,0.3593014578760406,0.17627556721369425,0.9929048514660493,0.9892415364583333
7,153,0.0006024575559422374,0.0007285311003215611,0.3599764993161331,0.17355958885616726,0.9929771894290124,0.9886284722222223
7,154,0.0005956546519882977,0.0007150460733100772,0.36904016144481705,0.18161650366253324,0.9930935329861111,0.98876953125
7,155,0.0005924289580434561,0.0007253470830619335,0.37276179216526173,0.1728043794631958,0.9932140962577161,0.9887641059027777
7,156,0.0005915678339079022,0.0007170027820393443,0.3710716583110668,0.1857488340801663,0.9931833526234568,0.9888671875
7,157,0.0005898821400478482,0.0007114100153557956,0.37313288538544265,0.18539507786432902,0.9930995611496913,0.9894151475694445
7,158,0.0005861532408744097,0.000726205762475729,0.3798510917910823,0.17729091511832343,0.9936258198302469,0.9888020833333333
7,159,0.0005820971564389765,0.0007257608813233674,0.38609943816691267,0.16911271148257787,0.993432315779321,0.9886393229166667
7,160,0.0005800359067507088,0.000735980283934623,0.38649633210382345,0.16085259649488662,0.9938615210262346,0.9886990017361111
7,161,0.0005772862350568175,0.0007502883090637624,0.39244056940078736,0.14241982830895317,0.993651740933642,0.98896484375
7,162,0.0005686530494131148,0.0007207978051155806,0.4006429007023941,0.1826833234892951,0.9937391493055555,0.9891059027777778
7,163,0.0005669822567142546,0.0007137426873669028,0.4012331291481301,0.18486419121424358,0.9940116222993827,0.9894802517361111
7,164,0.0005636225687339902,0.0007461945060640574,0.40582337335303975,0.15101091861724852,0.9938428337191358,0.9884711371527778
7,165,0.0005545249441638589,0.0007247872417792678,0.4156649907430013,0.17393896049923366,0.993847053433642,0.9898274739583334
7,166,0.000553778896573931,0.0007376531139016151,0.4155490227687506,0.16331702338324652,0.9939658082561729,0.9885959201388889
7,167,0.0005507147870957851,0.0007185292779468,0.4192004205268106,0.1849468814002143,0.9940146363811728,0.9896158854166667
7,168,0.0005495485966093838,0.0007237144745886326,0.4192843447496862,0.1764994713995192,0.9942991657021605,0.98896484375
7,169,0.0005433360929600894,0.0007239102851599455,0.4291482438275844,0.17817009952333238,0.9943877797067902,0.9898980034722222
7,170,0.0005401038797572255,0.0007183800917118788,0.433529915633025,0.1854125486479865,0.994580078125,0.9897189670138888
7,171,0.0005335898604243994,0.0007199634565040469,0.4427927745713128,0.18031235933303832,0.9946469907407407,0.990234375
7,172,0.0005322583019733429,0.0007194287027232349,0.44038376337216223,0.17885849210951063,0.9947940779320987,0.9901258680555556
7,173,0.0005266194930300117,0.000717236427590251,0.45086322286982594,0.18237746556599935,0.994946590470679,0.9900390625
7,174,0.000526730902493,0.000717481947503984,0.44639892666428177,0.18786611159642538,0.9950050636574074,0.990087890625
7,175,0.0005212342366576195,0.000713073241058737,0.4590799951259001,0.18860108455022176,0.9949550298996913,0.9899197048611111
7,176,0.0005189772346056998,0.0007223849534057081,0.459005269297847,0.17486583126915825,0.9950563030478395,0.9904079861111111
7,177,0.0005200105952098966,0.0007137751672416925,0.45669114251195647,0.1873719957139757,0.9952262972608025,0.990283203125
7,178,0.0005160436267033219,0.0007232364732772112,0.46145976310894815,0.17750311427646212,0.9952443817515432,0.9898817274305556
7,179,0.000511296559125185,0.0007272581569850445,0.4663316785553355,0.17133045461442736,0.9951877170138889,0.9901963975694444
7,180,0.0005123337614350021,0.0007116284687072039,0.4621326534836381,0.19370365275277032,0.9952606577932098,0.9903103298611111
7,181,0.0005103257135488093,0.0007255164673551917,0.4669754683235545,0.17428350448608398,0.9953589168595679,0.9902777777777778
7,182,0.0005115038948133588,0.0007193142082542181,0.4669738288278933,0.18292272355821398,0.9952950183256173,0.9904405381944444
8,1,0.17314636707305908,0.03529539331793785,-271.858327378167,-58.62202705807156,0.5787736304012345,0.9949652777777778
8,2,0.02091292291879654,0.008486323058605194,-31.176258522198523,-13.07721086608039,0.9951322579089507,0.9949652777777778
8,3,0.0067900121212005615,0.004091357812285423,-9.160750400872878,-5.573136202494303,0.9952184606481481,0.9949652777777778
8,4,0.003979445435106754,0.0029304625932127237,-4.811902844758682,-3.582315312491523,0.9952184606481481,0.9949652777777778
8,5,0.003063770243898034,0.002403993159532547,-3.370072623829783,-2.676585970984565,0.9952184606481481,0.9949652777777778
8,6,0.0025629373267292976,0.002091716043651104,-2.587296493848165,-2.1379280037350124,0.9952184606481481,0.9949652777777778
8,7,0.002255629515275359,0.0018806160660460591,-2.0981790527885344,-1.772853602303399,0.9952184606481481,0.9949652777777778
8,8,0.002034720964729786,0.0017232390819117427,-1.7511143569593077,-1.5000950124528674,0.9952184606481481,0.9949652777777778
8,9,0.0018695748876780272,0.0016022566705942154,-1.4949000808927748,-1.2901136663224961,0.9952184606481481,0.9949652777777778
8,10,0.0017380191711708903,0.001518281176686287,-1.2849317450582245,-1.144629356596205,0.9952184606481481,0.9949652777777778
8,11,0.0016949943965300918,0.001526270410977304,-1.2169516798890667,-1.1168480343288845,0.9952045958719136,0.9947645399305556
8,12,0.0018734532641246915,0.0016148247523233294,-1.3542086000795717,-1.2127441538704766,0.9942883150077161,0.9949652777777778
8,13,0.0017868804279714823,0.001540599507279694,-1.2789076647640747,-1.0999280876583524,0.9947976948302469,0.9949652777777778
8,14,0.0016494980081915855,0.0014179511927068233,-1.0844376892219354,-0.9126682864295111,0.994653018904321,0.9949110243055556
8,15,0.001521806581877172,0.00138868298381567,-0.8938488481957235,-0.8463774919509888,0.9929295669367284,0.9891927083333333
8,16,0.0014371766010299325,0.0012391104828566313,-0.7687281665978608,-0.6384517722659641,0.9906901041666667,0.9936848958333333
8,17,0.0013736793771386147,0.001229854766279459,-0.6737642426549653,-0.6098435216479832,0.9893596884645062,0.9859320746527778
8,18,0.0013036812888458371,0.001225736690685153,-0.5751822705622073,-0.5925583455297682,0.9892403308256172,0.980908203125
8,19,0.0012799135874956846,0.0011458548251539469,-0.5301347154158133,-0.4830442017979092,0.9852382330246914,0.9915256076388889
8,20,0.0012302924878895283,0.0011548001784831285,-0.46346843478120403,-0.4918294880125258,0.9873999324845679,0.9836046006944444
8,21,0.0012122970074415207,0.0010935832979157567,-0.4317894489676864,-0.38912710216310287,0.9845721209490741,0.9857042100694444
8,22,0.0011690722312778234,0.0010839477181434631,-0.3672808180620641,-0.37131322489844426,0.9867651668595679,0.9814019097222222
8,23,0.0011374839814379811,0.0010698952246457338,-0.3252530305473893,-0.341930525832706,0.985791015625,0.9784722222222222
8,24,0.0011113533983007073,0.001036380068399012,-0.2842968400613761,-0.3061298277642992,0.9853630160108025,0.98603515625
8,25,0.0011014388874173164,0.0010245662415400147,-0.27250844048865047,-0.28569363488091365,0.9859405140817902,0.9851453993055556
8,26,0.0010872171260416508,0.0010173041373491287,-0.25396793021096126,-0.27548856602774724,0.9854932243441358,0.9833821614583333
8,27,0.0010679969564080238,0.0009911824017763138,-0.22532474685598303,-0.2321576648288303,0.986155719521605,0.9827039930555556
8,28,0.0010505634127184749,0.000973450776655227,-0.20059885846243963,-0.203550566567315,0.985643928433642,0.985107421875
8,29,0.0010437557939440012,0.0009660409414209425,-0.19409038490719266,-0.1971955723232693,0.9853823061342593,0.9841905381944445
8,30,0.0010267386678606272,0.0009635648457333446,-0.16557377694565573,-0.19818367428249783,0.9857253086419753,0.98173828125
8,31,0.001019356888718903,0.000949429755564779,-0.15599601136313546,-0.175751256942749,0.984497371720679,0.9881944444444445
8,32,0.0010101881343871355,0.0009308530134148896,-0.1437233517199387,-0.14186122284995184,0.9848729263117284,0.9857204861111111
8,33,0.0009952858090400696,0.0009284609695896506,-0.1259580331084169,-0.13568371136983234,0.9851279176311728,0.9815266927083334
8,34,0.0010009367251768708,0.0009138784371316433,-0.12977953840185094,-0.11758752266565958,0.9836154513888888,0.9899631076388888
8,35,0.0009879195131361485,0.0009200734202750027,-0.1129296099698102,-0.12160190873675876,0.9854118441358025,0.9803059895833334
8,36,0.0009844766464084387,0.0009070906089618802,-0.10769996540046033,-0.10933007796605428,0.9851134500385802,0.9850260416666666
8,37,0.000982716795988381,0.0009117923909798265,-0.10832329429226158,-0.12242191367679173,0.9850754726080246,0.9835123697916667
8,38,0.0009754017228260636,0.0008939747349359095,-0.09758322165336138,-0.08833483325110542,0.9846305941358025,0.9827473958333334
8,39,0.0009713690960779786,0.0008945998270064592,-0.09603560382937208,-0.09387614329655965,0.9844684365354939,0.9858995225694445
8,40,0.0009705518023110926,0.0008913360070437193,-0.09786660744820112,-0.09003402656979032,0.9841411072530865,0.9853407118055556
8,41,0.00096100103110075,0.000898100552149117,-0.08202396969736359,-0.10150727695888943,0.9855776186342593,0.9809244791666667
8,42,0.0009613749571144581,0.00088791101006791,-0.08181430263283812,-0.08880116939544677,0.9833170572916666,0.9838270399305555
8,43,0.0009612402063794434,0.0009099666494876146,-0.08575876921783258,-0.12793157895406088,0.9851339457947531,0.9820258246527778
8,44,0.0009641263168305159,0.0008865636773407459,-0.090023171460187,-0.08198504183027479,0.9832549672067902,0.9780490451388889
8,45,0.0009541221661493182,0.0008865391137078404,-0.07606703293176345,-0.08333876795238919,0.9840555073302469,0.9797200520833333
8,46,0.0009510956006124616,0.0008854861953295767,-0.07145331347430194,-0.08905846940146553,0.9836401668595679,0.98154296875
8,47,0.0009474188555032015,0.0008961278363130987,-0.06814833688147275,-0.11101148393419054,0.9838999807098765,0.9810112847222222
8,48,0.0009510010713711381,0.000895909673999995,-0.07341087644482837,-0.10457018746270073,0.9831434461805556,0.9758246527777777
8,49,0.0009479796281084418,0.0008913115598261356,-0.06948402943434538,-0.1129233439763387,0.9828673562885802,0.9814127604166667
8,50,0.0009407695033587515,0.0008901231340132654,-0.06244959669348634,-0.09775137239032322,0.9829246238425926,0.9747504340277777
8,51,0.0009306939318776131,0.0008665957720950246,-0.044556662771436904,-0.05338106155395508,0.9821729118441358,0.9800509982638889
8,52,0.000936797121539712,0.0008642123430036008,-0.0559346874554952,-0.04943748712539673,0.9815128279320988,0.9790364583333333
8,53,0.0009301400277763605,0.0008695782162249088,-0.043610199881188666,-0.062245580885145396,0.9817437065972222,0.9774305555555556
8,54,0.0009320634417235851,0.0008565206080675125,-0.051252851957156335,-0.04171217282613118,0.9813554928626543,0.979638671875
8,55,0.0009177454048767686,0.0008656452409923077,-0.02737899444721363,-0.06055447260538737,0.9811969521604939,0.9781901041666666
8,56,0.0009201893117278814,0.0008654746925458312,-0.03459908064500785,-0.05178841617372301,0.981614703896605,0.9726508246527777
8,57,0.0009186603710986674,0.0008730199187994003,-0.027138713112583868,-0.07476953665415446,0.9805633921682099,0.9794759114583333
8,58,0.0009163317736238241,0.0008623970788903534,-0.024537452209142992,-0.057208416197035046,0.9809214650848765,0.9780164930555556
8,59,0.0009108813828788698,0.0008590138168074191,-0.01834423777497845,-0.04997718201743232,0.981006462191358,0.9775119357638888
8,60,0.0009092965628951788,0.000840324442833662,-0.015825361822858267,-0.018113010459476046,0.9801962770061728,0.9808485243055556
8,61,0.0009081091266125441,0.0008505430887453258,-0.014485156683274257,-0.03491390546162923,0.9802547501929012,0.9767144097222222
8,62,0.0009033576352521777,0.0008452158072032034,-0.006038167152875735,-0.029738970597585044,0.9804012345679012,0.9762315538194445
8,63,0.0009028514614328742,0.0008423816179856658,-0.004827690566027606,-0.02420310444302029,0.9804717640817902,0.9721516927083333
8,64,0.0008946794550865889,0.0008427631109952927,0.006892976348782763,-0.020881615744696724,0.9798008294753087,0.9770724826388889
8,65,0.0008997931145131588,0.000830601726192981,-0.00540090431401759,-0.0045619368553161625,0.9800835503472223,0.9774631076388889
8,66,0.000891729723662138,0.0008248905651271343,0.009073532657858766,0.011044332716200088,0.9802017023533951,0.9764322916666667
8,67,0.0008891401230357587,0.0008296924643218517,0.013159614286304992,4.662407769097223e-06,0.9801221305941358,0.978173828125
8,68,0.0008868963923305273,0.0008179666474461555,0.01885009209314982,0.022029663456810844,0.9800666714891976,0.9754720052083333
8,69,0.0008836988708935678,0.0008171379449777305,0.021470728626957647,0.02095105383131239,0.9799099392361111,0.9788736979166667
8,70,0.0008832705207169056,0.0008239314774982631,0.02087419636455583,0.01035122341579861,0.9803692853009259,0.9734646267361111
8,71,0.000876814010553062,0.0008283160859718919,0.030025240227028176,0.0022298521465725367,0.9799406828703704,0.976025390625
8,72,0.0008787147817201912,0.0008255710708908737,0.027704042269859785,0.006769025325775146,0.9802203896604939,0.9759982638888889
8,73,0.0008771104039624333,0.0008183305617421865,0.02931852576173382,0.014425994290245905,0.9805199893904321,0.9779025607638889
8,74,0.00087047676788643,0.000813483027741313,0.03954997695522544,0.021949444876776802,0.9800268856095679,0.9744249131944445
8,75,0.0008656508289277554,0.0008114110096357763,0.04258095467532123,0.02979862689971924,0.9802300347222223,0.973388671875
8,76,0.0008677325095050037,0.0008072422351688147,0.04545013713247982,0.03460086584091186,0.9801582995756173,0.9777777777777777
8,77,0.0008666423382237554,0.0008077919483184814,0.04452076502788214,0.03557615809970432,0.9801631221064815,0.9777289496527778
8,78,0.0008642833563499153,0.0008034868515096605,0.04927369606347732,0.040136767758263484,0.9806315104166666,0.9767361111111111
8,79,0.0008624526672065258,0.0008007818832993507,0.05334299111071928,0.046046157677968345,0.9806086033950617,0.9769151475694444
8,80,0.0008577986154705286,0.0007963074604049325,0.05617568169111087,0.051181258095635306,0.9804361979166667,0.9785101996527777
8,81,0.0008571999496780336,0.0008024058770388365,0.057933332301952224,0.04445814026726617,0.9809835551697531,0.9759331597222223
8,82,0.0008501391857862473,0.0008025816641747952,0.06860713458355562,0.04123646683163113,0.9810281635802469,0.9767957899305556
8,83,0.0008531322819180787,0.0007917654002085328,0.0656695932517817,0.05780716074837579,0.9812084056712963,0.9766710069444444
8,84,0.0008526939782314003,0.0007983139948919415,0.06525789101918539,0.04857841862572564,0.9811806761188272,0.9771213107638889
8,85,0.0008484394638799131,0.0007910461281426251,0.07092492035877558,0.06495970884958903,0.9807894483024692,0.9788248697916667
8,86,0.0008404284017160535,0.0007943802629597485,0.08185488324106475,0.05592186318503486,0.9814507378472223,0.9779676649305555
8,87,0.0008450353052467108,0.0007832637056708336,0.07157049164359952,0.07577375835842556,0.9818425684799382,0.9774197048611111
8,88,0.0008330080308951437,0.0007890546112321317,0.09261678486694525,0.05707658926645915,0.9818232783564815,0.9766764322916667
8,89,0.0008378585334867239,0.0007827819790691137,0.08196216556761,0.07377863195207383,0.9820891203703703,0.9783582899305555
8,90,0.0008356172475032508,0.0007783789187669754,0.08838007111608247,0.08019594351450603,0.9821729118441358,0.9783420138888889
8,91,0.0008323951624333858,0.0007757712155580521,0.09281167365886547,0.08321317434310913,0.9818467881944445,0.9764594184027777
8,92,0.0008264610078185797,0.0007842708146199584,0.0982691486676534,0.06988972425460815,0.9827938126929012,0.9783908420138889
8,93,0.0008263159543275833,0.0007716601830907166,0.09819722764285994,0.08923181295394897,0.9826238184799383,0.9784342447916666
8,94,0.0008194806287065148,0.0007726295152679086,0.10735691211841725,0.08683401213751898,0.9826822916666667,0.9794813368055556
8,95,0.000819167704321444,0.0007683500880375504,0.10557674081237228,0.09431018034617106,0.9829306520061728,0.9792697482638889
8,96,0.0008146498003043234,0.0007737575215287507,0.11370348047327113,0.08277887105941772,0.9833556375385802,0.9777398003472222
8,97,0.0008202820317819715,0.0007635761285200715,0.10566548491701667,0.10357406669192844,0.9832748601466049,0.9804741753472223
8,98,0.0008116389508359134,0.0007657514070160687,0.11730148453771332,0.09815354744593302,0.9834171248070988,0.9805013020833333
8,99,0.0008098177495412529,0.0007666930323466659,0.12046799350667883,0.09603613350126479,0.9836636766975309,0.9777940538194444
8,100,0.0008058642852120101,0.0007588262669742107,0.1235524081889494,0.1068622350692749,0.9840971016589506,0.9788736979166667
8,101,0.000804081850219518,0.0007645481964573264,0.1277308322765209,0.1002481116188897,0.9838276427469136,0.9788899739583333
8,102,0.0008003282127901912,0.0007568442379124463,0.12959127514450638,0.10972352690166898,0.9839626736111111,0.9803331163194444
8,103,0.0007994241896085441,0.000755925546400249,0.1307779000129229,0.11073721647262573,0.9844593942901234,0.9798014322916667
8,104,0.0007951314328238368,0.0007502689259126782,0.135946089544414,0.11751234928766886,0.9847029320987655,0.980419921875
8,105,0.0007905781967565417,0.0007525873370468616,0.14254242461404681,0.1173369460635715,0.984765625,0.9810926649305556
8,106,0.0007870643166825175,0.0007573741022497416,0.1462114092744427,0.11107588609059652,0.9849096981095679,0.9798394097222223
8,107,0.0007893887814134359,0.000749336089938879,0.14208161301083036,0.1247553375032213,0.9850145881558642,0.9815592447916667
8,108,0.0007840708130970597,0.0007466672686859965,0.15072627464930216,0.12561358213424684,0.9851460021219136,0.9814453125
8,109,0.0007770892698317766,0.0007405723445117474,0.160452280221162,0.13588864935768974,0.9854220920138889,0.9836317274305556
8,110,0.00078012072481215,0.0007449836703017354,0.15350886230115537,0.12788606882095338,0.9859284577546297,0.9815863715277777
8,111,0.0007800986059010029,0.0007435483857989311,0.15678840551847292,0.12747917970021566,0.9859670380015432,0.9816026475694445
8,112,0.0007721383008174598,0.0007436902960762382,0.16443403664930367,0.13059120840496488,0.986106288580247,0.9823404947916666
8,113,0.0007715048268437386,0.0007427051896229386,0.16527965348443868,0.1322262485822042,0.9864107108410494,0.9809136284722222
8,114,0.0007693474180996418,0.0007415578002110124,0.16985956607041536,0.1321570833524068,0.9863202883873456,0.9805447048611111
8,115,0.0007677770918235183,0.0007366224308498204,0.170901471597177,0.14592369662390814,0.9863136574074074,0.9824001736111111
8,116,0.0007621461991220713,0.0007385860662907362,0.176348039103143,0.1393827411863539,0.986840518904321,0.9819118923611111
8,117,0.0007613559137098491,0.0007372478721663356,0.17802323588618527,0.14608148336410523,0.9866301359953704,0.9817545572916667
8,118,0.0007600730168633163,0.0007319515570998192,0.17845263378119763,0.15121424727969698,0.9871172116126543,0.9823296440972222
8,119,0.0007576321950182319,0.0007318356074392796,0.18348874869170012,0.14629599120881823,0.987037037037037,0.9832085503472222
8,120,0.0007497339975088835,0.000729633029550314,0.19094847941104276,0.15151246521208023,0.9872534481095679,0.9823947482638888
8,121,0.0007496883044950664,0.0007256943499669433,0.19097013193884013,0.15747143295076158,0.9875645013503086,0.9829535590277778
8,122,0.0007471771095879376,0.0007238836260512471,0.19737472239835763,0.16062055428822836,0.987622371720679,0.9820963541666666
8,123,0.0007407203083857894,0.0007291442016139627,0.20157624806886837,0.15474143558078343,0.9875807773919754,0.9823513454861111
8,124,0.0007401633774861693,0.0007249811314977705,0.2023956725626816,0.15634815560446846,0.988184196566358,0.9828830295138888
8,125,0.000736224465072155,0.0007165777496993542,0.20786449467694318,0.16788217491573756,0.9879744164737654,0.9846516927083333
8,126,0.0007334311958402395,0.0007168761803768575,0.20924185514450072,0.16973408725526598,0.9880419319058642,0.9840277777777777
8,127,0.0007365918718278408,0.0007212175987660885,0.20757827832375045,0.16556562980016074,0.9883686583719136,0.9835123697916667
8,128,0.0007302211597561836,0.0007195179350674152,0.21260578823678286,0.16503905985090467,0.9883825231481481,0.9835774739583333
8,129,0.0007273009978234768,0.0007125830743461847,0.21617317037817874,0.17499935494528876,0.988280647183642,0.9846082899305556
8,130,0.0007255659438669682,0.0007149253506213427,0.21687851864614605,0.17490349213282266,0.9883457513503087,0.9829644097222222
8,131,0.0007217194652184844,0.0007105679251253605,0.2264272760461878,0.1728871054119534,0.9887978636188272,0.9835232204861111
8,132,0.0007240634295158088,0.000707208935637027,0.2207566683675036,0.17890225383970473,0.9885585455246914,0.9849609375
8,133,0.0007161052199080586,0.0007076699985191226,0.23048277092568667,0.18185294336742824,0.9890534577546296,0.9832573784722223
8,134,0.0007110114092938602,0.0007068320410326123,0.23454092417234257,0.18570983939700655,0.9891625675154321,0.9846842447916667
8,135,0.0007147308206185699,0.0007065539830364287,0.2328268622174675,0.18176457352108424,0.9892650462962963,0.9828233506944445
8,136,0.0007066848920658231,0.0007062874501571059,0.2389040939601851,0.18688933187060885,0.9894121334876543,0.9852810329861111
8,137,0.0006992744747549295,0.000701046665199101,0.2500969183297805,0.1925684955384996,0.9896285445601852,0.9847222222222223
8,138,0.0007007075473666191,0.0007060033967718482,0.2512993076701223,0.1865233752462599,0.9897816599151235,0.9842881944444445
8,139,0.0006986367516219616,0.0007006500381976366,0.251951265482255,0.19260469939973618,0.9897081163194444,0.9846571180555556
8,140,0.0006926623755134642,0.0007019627373665571,0.2569501938643279,0.1932891951666938,0.9898009500385803,0.9847873263888889
8,141,0.0006915524136275053,0.0006930917734280229,0.2597495255646882,0.2020401120185852,0.9903477044753086,0.9844021267361112
8,142,0.0006861987640149891,0.0006933012045919895,0.2648764114321014,0.20061756239997017,0.989989028742284,0.9855360243055555
8,143,0.0006831359933130443,0.0006953019183129072,0.26617187938572445,0.20057332118352253,0.9906864872685185,0.9851453993055556
8,144,0.0006838425761088729,0.000692973262630403,0.2678186593232331,0.20608325137032402,0.9904742959104939,0.9858452690972223
8,145,0.0006749454769305885,0.0006907274946570396,0.27787424708590097,0.20748221741782294,0.9907190393518519,0.9847981770833333
8,146,0.0006721466779708862,0.0006866598851047456,0.2783349581706671,0.2161128905084398,0.9904351128472222,0.98583984375
8,147,0.0006698683137074113,0.0006852216320112348,0.28458790558355823,0.21531907320022584,0.9909107349537037,0.9865234375
8,148,0.0006636800826527178,0.0006885001203045249,0.289579298172468,0.2122251894738939,0.9910451630015432,0.9863172743055556
8,149,0.0006637164042331278,0.0006866317708045244,0.28745287833390415,0.21286569701300728,0.9910831404320988,0.985205078125
8,150,0.0006603541551157832,0.0006819939007982612,0.29337666829427084,0.2242679132355584,0.9910825376157407,0.9857855902777778
8,151,0.00066044443519786,0.0006837520049884915,0.2945818040106032,0.21787279844284058,0.9910933883101852,0.986376953125
8,152,0.0006539418827742338,0.0006869089556857944,0.3007424713652811,0.21323074499766032,0.991233241705247,0.984716796875
8,153,0.0006522417534142733,0.0006794981891289353,0.3047806547011858,0.22273938258488973,0.9912995515046297,0.9863226996527777
8,154,0.0006466014310717583,0.0006841415888629854,0.3102392017105479,0.21575143337249755,0.9916136188271605,0.9863878038194445
8,155,0.0006450834916904569,0.0006792980711907148,0.3115403538868751,0.2277020573616028,0.991795066550926,0.9857421875
8,156,0.0006392851355485618,0.0006746703293174505,0.3173671862225474,0.2313130736351013,0.9918830777391975,0.9867296006944445
8,157,0.0006298038642853498,0.0006709955050610006,0.3249062736829122,0.2370484431584676,0.992042221257716,0.9863552517361112
8,158,0.0006326824659481645,0.0006752141052857041,0.32568608036747687,0.2321178913116455,0.9920440297067902,0.9859429253472223
8,159,0.0006311401957646012,0.0006722862599417567,0.32718054276925546,0.23780604468451605,0.9921682098765432,0.9863823784722222
8,160,0.0006318032392300665,0.0006634563324041665,0.32862393576421856,0.25051665835910375,0.9920717592592593,0.9866427951388889
8,161,0.0006222191732376814,0.0006704959087073803,0.33996275427900713,0.24136077562967936,0.9922954041280864,0.9863226996527777
8,162,0.0006196541362442076,0.0006673199241049588,0.34032570432733605,0.24848957856496176,0.9923231336805556,0.9869303385416667
8,163,0.0006187139078974724,0.0006634421879425645,0.3462477692851314,0.25209464497036405,0.9923677420910494,0.9870930989583333
8,164,0.000614811317063868,0.000668663764372468,0.34517919605160935,0.2495639443397522,0.9925377363040123,0.9873046875
8,165,0.0006117902230471373,0.0006687398417852819,0.3520353975119414,0.2475118120511373,0.9926787953317902,0.987109375
8,166,0.0006089855451136827,0.0006610297132283449,0.34995462070276706,0.25589735640419853,0.992504581404321,0.9873860677083334
8,167,0.0006020009750500321,0.0006605225498788059,0.35823168401364924,0.2562415189213223,0.992771629050926,0.9875705295138889
8,168,0.0006012675585225224,0.0006623427616432309,0.35823105176289877,0.2524569895532396,0.9928988233024691,0.9877332899305555
8,169,0.0005954243242740631,0.0006624118541367352,0.36525425984535687,0.2560405731201172,0.9930404851466049,0.9867621527777778
8,170,0.0005932702333666384,0.0006594465812668204,0.3649403410193361,0.2603807422849867,0.9929163049768519,0.9875922309027778
8,171,0.0005845490377396345,0.0006577338208444417,0.3765257249643773,0.2663447141647339,0.9933575665509259,0.9876356336805555
8,172,0.0005843478720635176,0.0006575969746336341,0.3793980629355819,0.2663491712676154,0.9933732397762346,0.9874186197916667
8,173,0.0005812398158013821,0.0006595937302336097,0.3817031852992964,0.2590503202544318,0.993285228587963,0.9875379774305556
8,174,0.0005814086180180311,0.0006570502882823348,0.38274051466105896,0.2719871852133009,0.9933551552854938,0.9886338975694444
8,175,0.0005767191760241985,0.0006531725521199405,0.38643229802449547,0.26790268156263564,0.993674647955247,0.9871636284722223
8,176,0.0005759776686318219,0.0006505309720523655,0.38670713003770807,0.2728839847776625,0.9933973524305556,0.9873860677083334
8,177,0.0005660841707140207,0.0006518446607515216,0.3955901094424872,0.265500287214915,0.9935100790895062,0.9882758246527777
8,178,0.000562900910153985,0.0006553756538778543,0.403664857811398,0.267609437306722,0.9937554253472223,0.9873046875
8,179,0.000560308457352221,0.0006527823279611766,0.4052824470731947,0.27806704971525403,0.9936246141975309,0.9872992621527777
8,180,0.000558066472876817,0.0006502722972072661,0.4076488254982748,0.28096072408888073,0.9939489293981482,0.9881781684027777
8,181,0.0005565022001974285,0.0006599834305234253,0.4136607070028046,0.26859430339601303,0.9937487943672839,0.9870930989583333
8,182,0.0005568726919591427,0.0006451517110690475,0.4126371583820861,0.2902318014038934,0.9939079378858025,0.9878255208333333
8,183,0.0005489488830789924,0.000652206246741116,0.42003955208225013,0.28487048149108884,0.9942400896990741,0.9876681857638889
8,184,0.0005459425738081336,0.0006470969528891146,0.42534993872230437,0.2827552530500624,0.9943793402777777,0.9877712673611111
8,185,0.0005334762390702963,0.0006470185471698642,0.4287380654134868,0.2866007089614868,0.9942557629243827,0.9881673177083333
8,186,0.0005349678103812039,0.0006421881844289601,0.43301843169294757,0.29154125584496393,0.9943329234182099,0.9877170138888889
8,187,0.0005357727059163153,0.0006469773361459374,0.4344286119496381,0.28957597149742975,0.9941550925925926,0.9877549913194444
8,188,0.0005318988696672022,0.0006532561965286732,0.4379762864407198,0.2805864519543118,0.9944691599151234,0.9877170138888889
8,189,0.0005297414027154446,0.0006462981691583991,0.44088914732874174,0.2818207846747504,0.9945734471450617,0.9884060329861111
8,190,0.0005226610228419304,0.0006356940139085054,0.44901178236360906,0.29961336056391397,0.994628303433642,0.9883355034722222
8,191,0.0005249035311862826,0.0006410020869225264,0.4437117841508653,0.29422767559687296,0.994727768132716,0.9880099826388888
8,192,0.0005155521794222295,0.0006479787407442927,0.4563276888411722,0.2881381458706326,0.9947778018904321,0.987890625
8,193,0.0005169719224795699,0.0006485612248070538,0.451070499420166,0.28821528487735326,0.9945680217978395,0.9883951822916667
8,194,0.0005141134606674314,0.0006411522044800222,0.45558537244796754,0.29396604961819117,0.9948555652006172,0.9884982638888888
8,195,0.0005057819653302431,0.0006347950547933578,0.4647048517509743,0.3047249833742777,0.9949423707561729,0.9885796440972222
8,196,0.0005078129470348358,0.0006471864180639386,0.4660225660712631,0.2942605177561442,0.995042438271605,0.9885362413194444
8,197,0.0004987719003111124,0.0006397286197170615,0.47432880695955254,0.30174365308549667,0.994921272183642,0.9885145399305556
8,198,0.0004953340394422412,0.0006430267239920795,0.4772213928493453,0.2976032124625312,0.994898967978395,0.9887261284722222
8,199,0.0004972168826498091,0.0006413344526663423,0.47860022989320167,0.29564720524681937,0.9952431761188272,0.9890733506944445
8,200,0.00048813753528520465,0.0006451678927987814,0.485509318186913,0.30152736372417877,0.9950954861111111,0.9883517795138889
8,201,0.0004896919708698988,0.0006526687648147345,0.48395315982677317,0.2884215142991808,0.9952275028935185,0.9886773003472222
8,202,0.0004904846427962184,0.0006435904069803655,0.48466310972048915,0.29800964196523033,0.9953679591049382,0.9883626302083334
8,203,0.0004907404072582722,0.00063560891430825,0.4830942002343543,0.3151926954587301,0.9953896604938272,0.9889431423611111
8,204,0.00048197893192991614,0.0006430064095184207,0.49201244410173395,0.3053321255577935,0.9952672887731482,0.98974609375
8,205,0.00048369928845204413,0.0006507964571937919,0.4896572745876548,0.2865437852011787,0.9954565731095679,0.9879231770833333
8,206,0.00047467180411331356,0.0006493013352155685,0.49532931719297246,0.29518865744272865,0.9954336660879629,0.9891655815972222
8,207,0.00046612840378656983,0.0006364220753312111,0.5098922295334899,0.3113403386539883,0.9955964265046297,0.9895616319444445
8,208,0.00047019359772093594,0.0006367070600390434,0.5037088946059898,0.3103453490469191,0.9958688994984568,0.9895562065972222
8,209,0.000461575691588223,0.0006368790636770427,0.5143336490348533,0.3128545681635539,0.9959442515432099,0.9893120659722222
8,210,0.00045859540114179254,0.0006300836103037,0.5175601685488666,0.31742353306876286,0.9959768036265432,0.989599609375
8,211,0.000453281681984663,0.0006329772295430303,0.5222850168192829,0.31387388706207275,0.9960690345293209,0.9896213107638889
8,212,0.000456285139080137,0.0006336134392768145,0.5199333360165725,0.3146608312924703,0.996094955632716,0.98974609375
8,213,0.0004541911475826055,0.0006393019575625658,0.5228685615975179,0.3103991230328878,0.9961534288194445,0.9895128038194444
8,214,0.00044857629109174013,0.0006331834010779858,0.527868456752212,0.31814277834362453,0.9962462625385803,0.9892252604166667
8,215,0.0004474420566111803,0.0006367489113472402,0.5301909660115655,0.3123828437593248,0.9962323977623457,0.9892632378472223
8,216,0.00044459215132519603,0.0006353686330839992,0.5311050052996035,0.3126240637567308,0.9963565779320988,0.9888834635416667
8,217,0.00044382139458321035,0.0006333969067782164,0.533069732454088,0.31698558462990656,0.9961865837191358,0.989501953125
8,218,0.00044259452261030674,0.0006321456748992205,0.5334271344137781,0.31858391761779786,0.996363208912037,0.9896375868055556
8,219,0.00044473609887063503,0.0006371119525283575,0.5352380162403907,0.31105583906173706,0.9964566454475309,0.9893771701388889
8,220,0.0004420301993377507,0.0006382187129929662,0.5323496627218929,0.3120665113131205,0.996336684992284,0.9895670572916667
8,221,0.00043714174535125494,0.0006403938750736415,0.5389616982436475,0.3071068909433153,0.9963764708719136,0.9895779079861111
8,222,0.0004363000043667853,0.0006381701678037643,0.5411269021622929,0.3135416017638312,0.996607349537037,0.9896321614583333
8,223,0.0004286348994355649,0.000634450581856072,0.5478953745630052,0.31641029516855873,0.9964427806712963,0.9899793836805556
8,224,0.00043390819337219,0.0006374204531311989,0.5415736188123256,0.3134614931212531,0.9965398341049383,0.9897189670138888
8,225,0.00043189505231566727,0.0006333215860649943,0.5474903914663527,0.32040520906448366,0.9966356819058642,0.9898491753472223
8,226,0.0004305230686441064,0.0006350365001708269,0.5505470659997728,0.3173765142758687,0.9966224199459877,0.9902126736111111
8,227,0.0004260442219674587,0.0006406416650861502,0.5526279598106573,0.3107076340251499,0.9967550395447531,0.9899088541666666
8,228,0.0004309171927161515,0.0006328074960038066,0.542601043501018,0.3178137951427036,0.9966441213348766,0.9898383246527778
8,229,0.0004233894287608564,0.0006345470901578665,0.5520743353867237,0.3151472277111477,0.9967158564814815,0.9903266059027778
8,230,0.0004244105366524309,0.0006341905682347715,0.5587979796492023,0.3157914731237623,0.9967695071373457,0.9899034288194445
8,231,0.0004234841326251626,0.0006344122812151909,0.555919450742227,0.31696352428860136,0.9967435860339506,0.990185546875
8,232,0.0004217742243781686,0.0006318503874354064,0.5591845683109613,0.32235400941636827,0.9966658227237655,0.9901258680555556
8,233,0.0004193391650915146,0.0006313805351965129,0.5584763987564746,0.32124916315078733,0.9967086226851852,0.9903591579861111
8,234,0.00042179375304840505,0.000634315307252109,0.5584091517660353,0.31805852651596067,0.996900921103395,0.9901963975694444
8,235,0.00042156485142186284,0.0006358482060022652,0.5568367041187522,0.31799860265519886,0.9968207465277777,0.9900336371527778
9,1,0.16406893730163574,0.033359043300151825,-257.91674108387514,-55.64425457848443,0.597655044367284,0.9949544270833334
9,2,0.01973191276192665,0.00815572775900364,-29.78649159066471,-12.523318200641208,0.9950135030864198,0.9949544270833334
9,3,0.006532086059451103,0.004069038666784763,-8.78994164849505,-5.490149023797777,0.9952196662808642,0.9949544270833334
9,4,0.003918197937309742,0.002971427049487829,-4.726752412466356,-3.591094398498535,0.9952196662808642,0.9949544270833334
9,5,0.0030250446870923042,0.002447370672598481,-3.323247837725981,-2.6802111678653295,0.9952196662808642,0.9949544270833334
9,6,0.002537485444918275,0.002143848454579711,-2.554876501471908,-2.15091774198744,0.9952196662808642,0.9949544270833334
9,7,0.002241185400635004,0.0019383104518055916,-2.085509255197313,-1.7915671083662246,0.9952196662808642,0.9949544270833334
9,8,0.0020255642011761665,0.0017837652703747153,-1.7506255553092485,-1.5206885814666748,0.9952196662808642,0.9949544270833334
9,9,0.0018649020930752158,0.0016647748416289687,-1.489290013431031,-1.3117493920856051,0.9952196662808642,0.9949544270833334
9,10,0.0017357214819639921,0.0015675745671615005,-1.2868882288167507,-1.1405195792516072,0.9952196662808642,0.9949544270833334
9,11,0.0016328929923474789,0.0014919652603566647,-1.1244692381517387,-1.00719862514072,0.9952196662808642,0.9949544270833334
9,12,0.0015494885155931115,0.0014258737210184336,-0.9924847408577248,-0.8902848376168145,0.9952196662808642,0.9949544270833334
9,13,0.001478474703617394,0.0013752559898421168,-0.8780851119830284,-0.8014793925815158,0.9952196662808642,0.9949544270833334
9,14,0.0014465893618762493,0.0014619866851717234,-0.8328667633327437,-0.884600740008884,0.9952178578317902,0.9935438368055556
9,15,0.0016347942873835564,0.0014457127545028925,-1.031056978084423,-0.8923027329974704,0.9932327835648148,0.9949544270833334
9,16,0.0015525005292147398,0.0013999745715409517,-0.9526422471175959,-0.8048617230521308,0.9940483940972222,0.9949544270833334
9,17,0.001483612461015582,0.0013773839455097914,-0.8450413082852776,-0.7432237519158258,0.9944118923611112,0.994873046875
9,18,0.001389297191053629,0.001334920758381486,-0.7094304630785813,-0.6635060866673788,0.9939025125385802,0.9869845920138889
9,19,0.001332671963609755,0.0012375283986330032,-0.6204125180656528,-0.5368745472696093,0.9904580198688272,0.9900716145833334
9,20,0.0012750523164868355,0.001205880893394351,-0.542688771383262,-0.48475320471657646,0.990550250771605,0.9872721354166667
9,21,0.0012486774940043688,0.0011579273268580437,-0.4984469465267511,-0.4073865109019809,0.9865590036651235,0.9885416666666667
9,22,0.0012051172088831663,0.0011614167597144842,-0.4354977760785892,-0.40125793351067435,0.9873661747685185,0.9855197482638889
9,23,0.0011830289149656892,0.0011498454259708524,-0.40580353295361554,-0.3753388524055481,0.9865505642361111,0.9806694878472222
9,24,0.00115582172293216,0.0010918512707576156,-0.36126453523282653,-0.2957188950644599,0.9848656925154321,0.9886827256944445
9,25,0.0011386254336684942,0.0010792199755087495,-0.3343184507923362,-0.2768796337975396,0.9868037471064814,0.9871744791666667
9,26,0.0011020252713933587,0.0010940569918602705,-0.287562816525683,-0.2858432226710849,0.9860056182484568,0.9769911024305555
9,27,0.0010939816711470485,0.001049830811098218,-0.2688903867462535,-0.2311898840798272,0.9842833719135803,0.9845811631944444
9,28,0.0010686564492061734,0.0010520089417696,-0.23778654881465583,-0.22258872720930312,0.9857060185185185,0.9838704427083333
9,29,0.0010624331189319491,0.0010354880942031741,-0.22527259352766438,-0.20307933886845905,0.9854094328703704,0.9820963541666666
9,30,0.0010497025214135647,0.001011330634355545,-0.2052599928997181,-0.16459643046061198,0.9843322000385802,0.9805772569444444
9,31,0.0010286829201504588,0.0010194469941779971,-0.1774964067671034,-0.17639278173446654,0.9861822434413581,0.9827039930555556
9,32,0.0010278637055307627,0.0009991655824705958,-0.17411115934819352,-0.14337751865386963,0.9847535686728395,0.985888671875
9,33,0.0010152169270440936,0.0010104426182806492,-0.15496691524246592,-0.15218359099494086,0.9855709876543209,0.9716959635416667
9,34,0.001006470643915236,0.0009847447508946061,-0.14210640751285317,-0.12376785543229844,0.9835093557098765,0.9909396701388888
9,35,0.0010006255470216274,0.000979637959972024,-0.1359261527473544,-0.11374081505669488,0.9857687114197531,0.98720703125
9,36,0.0009960609022527933,0.0009709365549497306,-0.12836488338164342,-0.10235799418555366,0.9854142554012346,0.9824164496527777
9,37,0.0009853916708379984,0.0009791851043701172,-0.1131198905132435,-0.11425117916531033,0.985252700617284,0.9853569878472223
9,38,0.0009839811827987432,0.0009688367717899382,-0.11368176966537664,-0.10123895539177788,0.9855890721450618,0.9841525607638889
9,39,0.000977704650722444,0.0009619044722057879,-0.10498548922715363,-0.08809965716467963,0.9837215470679013,0.9885850694444445
9,40,0.0009782247943803668,0.0009731020545586944,-0.10455410833711977,-0.10360087023841011,0.9857476128472222,0.9822211371527778
9,41,0.0009707085555419326,0.0009796810336411,-0.09354274066877954,-0.10561807685428196,0.9856276523919754,0.9779242621527777
9,42,0.0009707200224511325,0.0009516331483609974,-0.09732597654248461,-0.07052923573387994,0.9838409047067901,0.9857693142361111
9,43,0.0009639787022024393,0.0009659681818448007,-0.08650074034561346,-0.0899695979224311,0.985106819058642,0.9818793402777778
9,44,0.0009681824594736099,0.0009575080475769937,-0.09144184677689164,-0.08463595575756497,0.9850561824845679,0.9747612847222222
9,45,0.0009635503520257771,0.0009543488849885762,-0.08781664695268795,-0.07711591588126289,0.9835431134259259,0.9842013888888889
9,46,0.0009631807915866375,0.0009569523390382528,-0.08829184196613453,-0.07959092855453491,0.9844539689429013,0.9818793402777778
9,47,0.0009648211998865008,0.0009491058881394565,-0.08867934412426419,-0.06749304930369059,0.9845498167438271,0.9837836371527777
9,48,0.0009596268646419048,0.0009426286560483277,-0.0846776357403508,-0.0595620420244005,0.9832634066358025,0.9801106770833333
9,49,0.0009578854078426957,0.0009345344733446836,-0.0820897114129714,-0.04837263690100776,0.9836944203317901,0.983984375
9,50,0.0009526345529593527,0.0009375327499583364,-0.07372051830644961,-0.053852391242980954,0.9829240210262346,0.9812662760416667
9,51,0.0009508407674729824,0.000948947505094111,-0.0740665042841876,-0.07245477570427789,0.9832181954089506,0.97998046875
9,52,0.0009445800678804517,0.0009258643258363008,-0.06496092787495365,-0.03791487216949463,0.9825026523919753,0.9835774739583333
9,53,0.0009450092329643667,0.000921872619073838,-0.06569465148596117,-0.029278776380750868,0.9823067370756173,0.9819769965277778
9,54,0.0009469367796555161,0.00092838064301759,-0.07290744163371898,-0.04260071118672689,0.9821940104166667,0.9812065972222223
9,55,0.000939680146984756,0.0009403658332303166,-0.05633050173888972,-0.056811014811197914,0.9813410252700617,0.9730848524305555
9,56,0.0009345794096589088,0.0009211776778101921,-0.051877402523417535,-0.028557058175404867,0.9813283661265432,0.9725260416666667
9,57,0.0009369251201860607,0.0009289785521104932,-0.0565696973859528,-0.04009866582022773,0.9816333912037037,0.973046875
9,58,0.0009276727214455605,0.0009315640199929476,-0.04330072123327373,-0.04937128623326619,0.98115234375,0.9762586805555555
9,59,0.0009267987916246057,0.0009245095425285399,-0.042706678678959976,-0.03435079918967353,0.9807834201388889,0.9757921006944444
9,60,0.0009276319178752601,0.0009146130760200322,-0.04346426239720097,-0.017688088946872287,0.980909408757716,0.9786187065972223
9,61,0.0009256018092855811,0.0009099974995478988,-0.04383850921819239,-0.011568911870320638,0.9809913917824075,0.9749457465277778
9,62,0.0009152599377557635,0.0009209317504428327,-0.027739576351495435,-0.03216509951485528,0.9804024402006173,0.9777235243055555
9,63,0.000914756499696523,0.0009107575751841068,-0.029403493580994783,-0.014778958426581489,0.9807520736882716,0.9752061631944444
9,64,0.0009125451324507594,0.0009092431282624602,-0.023801936485149243,-0.012186189492543539,0.9803560233410494,0.9777777777777777
9,65,0.0009103049524128437,0.0009051240049302578,-0.020976565060792145,-0.004970970418718126,0.9800262827932099,0.9766493055555555
9,66,0.0009090449893847108,0.0009051868692040443,-0.018854428367850222,-0.0037973430421617297,0.9805736400462963,0.9743489583333333
9,67,0.0009009108180180192,0.0009017531992867589,-0.0066314049708990404,-0.0009147034751044379,0.9790551456404321,0.9807400173611112
9,68,0.000906416738871485,0.0009109397069551051,-0.019110302719069116,-0.015814166598849825,0.9803867669753087,0.9741916232638889
9,69,0.0008950093761086464,0.0008932488271966577,-4.886285758312838e-05,0.013000060452355279,0.9810721691743827,0.9735948350694444
9,70,0.0008941220585256815,0.000906428846064955,0.002582730628826,-0.0064185831281873915,0.9796688126929012,0.9741807725694445
9,71,0.0008944509318098426,0.0009021515725180507,-0.0015477008289761012,-0.001377505726284451,0.9804422260802469,0.9749240451388889
9,72,0.000891461968421936,0.00089386006584391,0.00356958869062824,0.015406228436364067,0.980664665316358,0.975830078125
9,73,0.0008812384912744164,0.0008870796300470829,0.020382194607346145,0.02332424455218845,0.9803090036651234,0.9771647135416667
9,74,0.0008868438308127224,0.0008858362562023103,0.010132591518355005,0.02216589185926649,0.979859302662037,0.9753363715277777
9,75,0.0008853399194777012,0.0008903514826670289,0.011868476426159893,0.016290850109524198,0.9808967496141975,0.9740234375
9,76,0.0008775865426287055,0.0008833907777443528,0.0203370154639821,0.02786609066857232,0.9806248794367284,0.9763617621527778
9,77,0.0008774710586294532,0.0008793352753855288,0.023522712713406408,0.03649166954888238,0.980713493441358,0.9767903645833333
9,78,0.0008670590468682349,0.0008873876067809761,0.0380530466268092,0.023249312241872152,0.980735194830247,0.9762912326388888
9,79,0.0008726788219064474,0.0008684730855748057,0.02772718785721579,0.05343391630384657,0.9809166425540123,0.9786892361111111
9,80,0.0008704656502231956,0.0008734887815080583,0.033635950824360786,0.041690358850691056,0.9810836226851852,0.9763563368055556
9,81,0.0008644697372801602,0.0008664207416586578,0.04097598334889353,0.04893743329577976,0.9810842255015432,0.9785264756944444
9,82,0.0008657103753648698,0.0008689212263561785,0.03644592629538642,0.05132589207755195,0.9813187210648148,0.9774305555555556
9,83,0.0008601807057857513,0.0008703690255060792,0.04929410793163158,0.047276979022555884,0.9812403549382716,0.977490234375
9,84,0.0008619404979981482,0.0008677473524585366,0.04236008811880041,0.049870962566799584,0.9817431037808642,0.9791178385416667
9,85,0.000853266566991806,0.0008685151115059853,0.05564545422424505,0.050872426562839086,0.9816243489583333,0.9768283420138889
9,86,0.0008556805551052094,0.0008581291767768562,0.05465546169398743,0.06376860141754151,0.9819426359953703,0.9763780381944445
9,87,0.0008523333817720413,0.0008571583894081414,0.0578961855099525,0.0687931564119127,0.9818919994212963,0.978125
9,88,0.0008482743287459016,0.000854873564094305,0.06577407857518137,0.06928045219845241,0.9820909288194445,0.978857421875
9,89,0.000846660346724093,0.0008521137060597539,0.0632145619686739,0.07186062865787082,0.982200038580247,0.9783908420138889
9,90,0.0008477495284751058,0.0008645838825032115,0.066810792905313,0.0559207108285692,0.9820005063657408,0.9766330295138889
9,91,0.0008469423046335578,0.0008486496517434716,0.0659694998352616,0.07968491713205973,0.9823284384645061,0.9787326388888888
9,92,0.0008374307071790099,0.0008458594093099236,0.07703573262249983,0.08218663665983413,0.9827516155478395,0.9771375868055555
9,93,0.0008340459316968918,0.0008478754316456616,0.07997546666934166,0.08169961637920803,0.9828920717592593,0.980712890625
9,94,0.0008321291534230113,0.0008473709458485246,0.08393443042849318,0.07846405373679267,0.9830138406635802,0.97978515625
9,95,0.0008303349604830146,0.0008449623710475862,0.0881793404802864,0.08369763957129585,0.9832537615740741,0.980078125
9,96,0.0008254072163254023,0.00084733433322981,0.09441808962527616,0.08079271581437852,0.9835250289351852,0.9812717013888889
9,97,0.0008257377194240689,0.0008434547344222665,0.09236213204301434,0.08757935762405396,0.9838547694830246,0.9783420138888889
9,98,0.0008250644896179438,0.000838261388707906,0.09080842968858319,0.09523751338322957,0.9834581163194445,0.9798122829861111
9,99,0.0008182779420167208,0.0008447963045910001,0.10148809397662127,0.08747494220733643,0.9839885947145062,0.9805501302083334
9,100,0.0008176527335308492,0.0008497979142703116,0.10320525287110129,0.0797560003068712,0.9839518229166667,0.9790907118055555
9,101,0.0008136477554216981,0.0008327608811669052,0.10614394288004181,0.10411929951773749,0.9842827690972222,0.9806532118055555
9,102,0.0008134704548865557,0.0008338948828168213,0.10715813430739038,0.09776797691980997,0.9843659577546297,0.9802354600694444
9,103,0.0008104118169285357,0.000834393547847867,0.11084487923869381,0.09805846214294434,0.9846715856481482,0.9826551649305556
9,104,0.0008066375157795846,0.0008338700863532722,0.11746146340429046,0.09545569154951307,0.9849289882330247,0.9799533420138888
9,105,0.0008014029008336365,0.0008339833002537489,0.12255054153042075,0.09581334855821398,0.9852677710262345,0.9818359375
9,106,0.0007999187218956649,0.0008283287170343101,0.12543524989375363,0.10485617319742839,0.9851423852237654,0.9826714409722223
9,107,0.0007959610084071755,0.0008280122419819236,0.1305245695290742,0.10540010929107665,0.98544921875,0.9827907986111111
9,108,0.0007926506805233657,0.0008250894607044756,0.13123305977126698,0.10716945065392389,0.9853238329475309,0.9822862413194444
9,109,0.000792438630014658,0.0008241169853135943,0.1330816901760337,0.10789279672834608,0.9858446662808642,0.9809733072916667
9,110,0.0007919290801510215,0.0008211260428652167,0.133733731581841,0.11217668586307102,0.9858681761188272,0.9828667534722222
9,111,0.0007837057928554714,0.0008252649568021297,0.1461549832497114,0.10473015175925361,0.9862377025462963,0.9818901909722222
9,112,0.0007841307087801397,0.0008261863840743899,0.14381548460618948,0.10782188574473063,0.9864137249228395,0.98115234375
9,113,0.0007835258147679269,0.0008183916215784848,0.14645520257361141,0.11725644932852851,0.9859809027777777,0.98271484375
9,114,0.0007766925264149904,0.0008198106079362333,0.15314297293439325,0.11305163436465793,0.9863474151234568,0.9834635416666667
9,115,0.0007753055542707443,0.0008124971063807607,0.15483482090043432,0.12627286911010743,0.9868700569058642,0.9837836371527777
9,116,0.0007728281780146062,0.0008187908679246902,0.15726095967822604,0.12078820731904771,0.986839916087963,0.9834147135416667
9,117,0.0007688813493587077,0.0008146091131493449,0.1623836028723069,0.12070725758870443,0.9872769579475309,0.9842827690972222
9,118,0.0007679922273382545,0.0008140084100887179,0.16610745662524376,0.1226098444726732,0.9873046875,0.9823187934027777
9,119,0.0007639063987880945,0.0008094715885818005,0.169838629975731,0.13214970297283596,0.9873559268904321,0.9849446614583334
9,120,0.0007636272930540144,0.0008125743479467928,0.1696156562110524,0.1260397222306993,0.9876555266203704,0.9836371527777777
9,121,0.0007555035408586264,0.0008064616704359651,0.1826166406089877,0.1306215630637275,0.9877242476851852,0.9849826388888889
9,122,0.0007544175605289638,0.0008194883121177554,0.18045051951467256,0.11197303401099311,0.9879105179398148,0.9835774739583333
9,123,0.0007517335470765829,0.0008098609978333116,0.18558902475568984,0.13135914935006035,0.988233627507716,0.9839518229166667
9,124,0.0007455918239429593,0.0008094431832432747,0.19205713669459026,0.12810197538799709,0.9879852671682099,0.9853135850694444
9,125,0.0007474232697859406,0.0008092174539342523,0.19035639689292436,0.129206567340427,0.9884572723765432,0.9829264322916667
9,126,0.0007424411596730351,0.0008061795961111784,0.19742664908185417,0.13118266661961872,0.988526596257716,0.9852105034722223
9,127,0.0007363985059782863,0.0008078209939412773,0.2008980185897262,0.13330377870135837,0.9885699990354938,0.9844346788194445
9,128,0.0007369517115876079,0.0007975843036547303,0.20272096130583023,0.14365640216403538,0.9890010127314814,0.9848958333333333
9,129,0.0007333076791837811,0.0008087015012279153,0.20452302664886285,0.1354091723759969,0.9888135368441358,0.9854112413194445
9,130,0.0007314566755667329,0.0008025722927413881,0.20983201868740128,0.14412304957707722,0.9891294126157407,0.9850477430555555
9,131,0.0007254978991113603,0.0007947837584652007,0.21655908705275737,0.1511360247929891,0.9894067081404321,0.986572265625
9,132,0.0007223918801173568,0.0008016857318580151,0.21779147680894828,0.14035946130752563,0.9896056375385802,0.9859700520833333
9,133,0.0007203026325441897,0.0007985695847310126,0.22314669291178385,0.1434119767612881,0.9894844714506172,0.9848361545138888
9,134,0.0007142037502489984,0.0007985839620232582,0.2305309225011755,0.14421352942784627,0.9894055025077161,0.9856499565972222
9,135,0.0007146682473830879,0.0007937703048810363,0.22965656445350177,0.15398881170484754,0.9896038290895062,0.9859266493055555
9,136,0.0007092711748555303,0.0007855613366700709,0.2368883216822589,0.1625437365637885,0.9896466290509259,0.9864637586805556
9,137,0.0007075893227010965,0.0007952511659823358,0.23829271366566787,0.1502732833226522,0.989747902199074,0.9853515625
9,138,0.000704526377376169,0.0007888852269388735,0.24442800106825652,0.15578182803259955,0.9901312934027777,0.9862467447916666
9,139,0.0007057494367472827,0.0007868785760365427,0.23906568745036183,0.15956539312998455,0.9899697386188272,0.9852864583333333
9,140,0.0006984643405303359,0.0007878797478042543,0.24690389500723944,0.161209503809611,0.9901957947530864,0.9855360243055555
9,141,0.0006985431537032127,0.0007917641196399927,0.24846911798288793,0.15863888925976224,0.9904103973765432,0.9862033420138889
9,142,0.000694465939886868,0.0007834957214072347,0.25235631686669807,0.16619848940107557,0.9906135464891975,0.9877332899305555
9,143,0.0006917758146300912,0.0007920922944322228,0.2576616909768846,0.15671718782848781,0.9906684027777778,0.9860622829861111
9,144,0.0006842569564469159,0.0007879624026827514,0.26609536291640484,0.16114227109485202,0.9908347800925926,0.9872341579861111
9,145,0.0006802353891544044,0.0007836260483600199,0.2701785349551542,0.16835613913006253,0.9911476417824074,0.9874782986111111
9,146,0.0006800410337746143,0.0007808282971382141,0.2712070538673872,0.17147553364435833,0.9911892361111111,0.9865125868055555
9,147,0.0006730688037350774,0.0007852048729546368,0.27731161573786794,0.16835221581988866,0.991380328896605,0.9868815104166667
9,148,0.0006782893324270844,0.0007882822537794709,0.2758560096776044,0.16901635726292927,0.9910747010030864,0.9870659722222223
9,149,0.0006675301119685173,0.0007926531252451241,0.28568103828547914,0.16474898391299778,0.9913550106095679,0.9871256510416667
9,150,0.000664719264023006,0.0007840977050364017,0.2879892424300865,0.17376812431547378,0.9915973427854938,0.9866807725694444
9,151,0.0006635375902988017,0.0007861084304749966,0.28956064765835987,0.17417003446155124,0.9915973427854938,0.9875271267361111
9,152,0.0006573181599378586,0.0007894480368122458,0.2988748267844871,0.17076343165503607,0.9920084635416667,0.9869411892361111
9,153,0.0006551196565851569,0.0007857033633626997,0.3043788368319288,0.17568317254384358,0.9919246720679012,0.9874186197916667
9,154,0.0006486038910225034,0.0007796547724865377,0.3072023684595838,0.18545420169830323,0.9920042438271605,0.9884331597222222
9,155,0.0006441336590796709,0.0007869668770581484,0.312577043639289,0.17897680865393745,0.9920783902391975,0.9881076388888889
9,156,0.0006440879078581929,0.0007862502243369818,0.31348210955843514,0.18441713651021321,0.9921875,0.98759765625
9,157,0.0006408795015886426,0.0007864156505092978,0.31611367405196766,0.17754681375291612,0.992090446566358,0.9877875434027777
9,158,0.0006342562846839428,0.0007787563372403383,0.3229927349973608,0.1906104842821757,0.992309871720679,0.9870279947916667
9,159,0.0006358879618346691,0.0007674101507291198,0.32350533096878614,0.20140405363506741,0.9924515335648149,0.9878689236111111
9,160,0.000633237068541348,0.0007751987432129681,0.3265863549562148,0.18885313934750028,0.9923593026620371,0.9884223090277777
9,161,0.000632316863629967,0.0007854403229430318,0.3296078951270492,0.1855495876736111,0.9927258150077161,0.9876356336805555
9,162,0.0006230025319382548,0.000787168915849179,0.33969231299412106,0.18493151797188653,0.9925714940200617,0.9874348958333333
9,163,0.00062118552159518,0.0007793548866175115,0.3444961391849282,0.1887093981107076,0.9927565586419753,0.9875596788194444
9,164,0.0006237906636670232,0.0007791550597175956,0.3396535000683349,0.19181870884365507,0.992870490933642,0.9885416666666667
9,165,0.0006163659272715449,0.0007736902916803956,0.34952635750358485,0.20318302710851033,0.9928065923996914,0.9883138020833333
9,166,0.0006074244156479836,0.0007704271120019257,0.360215304221636,0.20549193090862697,0.9928831500771605,0.9886773003472222
9,167,0.0006048628129065037,0.0007967198034748435,0.36131323752579864,0.1855838590198093,0.9932816116898148,0.9875434027777777
9,168,0.0006044497713446617,0.0007873311406001449,0.3596260044309828,0.19249542156855265,0.9931936005015433,0.9880099826388888
9,169,0.0006077034631744027,0.0007893225993029773,0.3574163723874975,0.19411468903223675,0.9933298369984568,0.9888726128472223
9,170,0.0006001893198117614,0.000769134727306664,0.36591727336247765,0.20739315880669487,0.9935112847222223,0.9889214409722222
9,171,0.0005956284003332257,0.0007780538871884346,0.37171433354601446,0.19976231654485066,0.9936686197916667,0.9890570746527778
9,172,0.0005839807563461363,0.0007681922288611531,0.38337081847367466,0.21413960059483847,0.9938362027391975,0.9896755642361111
9,173,0.0005840234225615859,0.000769308244343847,0.3842577322029773,0.21325576305389404,0.9939826871141976,0.989794921875
9,174,0.0005816568154841661,0.0007667241152375937,0.3894520229763455,0.21198202504052055,0.9941569010416667,0.9894259982638889
9,175,0.0005780973006039858,0.0007678670808672905,0.3944405217229584,0.21031188699934217,0.9941840277777778,0.9896918402777778
9,176,0.0005755875608883798,0.00077475281432271,0.392139470430068,0.208973589208391,0.9942069347993827,0.9893717447916667
9,177,0.0005744568770751357,0.0007661968702450395,0.38827396748978416,0.21364409658643935,0.9943274980709876,0.9888129340277778
9,178,0.0005736461607739329,0.0007673129439353943,0.3920819691669794,0.21108404265509711,0.9941816165123457,0.9896158854166667
9,179,0.0005704404902644455,0.0007668210892006755,0.40123049197373567,0.217601564195421,0.9943498022762346,0.9897081163194444
9,180,0.0005675265565514565,0.0007698501576669514,0.40080244143803917,0.21485350131988526,0.9944354021990741,0.989453125
9,181,0.0005680554313585162,0.0007693496299907565,0.4029604889728405,0.21587788263956706,0.9944715711805555,0.9894205729166666
9,182,0.0005703708156943321,0.0007628470193594694,0.40314596641210865,0.2242364936404758,0.9943389515817901,0.9894965277777777
9,183,0.0005627734353765845,0.0007742120651528239,0.408830084182598,0.21186165942086113,0.9943690923996914,0.9891221788194444
9,184,0.0005620381562039256,0.0007607624283991754,0.41046348972085084,0.22352886464860705,0.9945933400848765,0.9895616319444445
9,185,0.000558095402084291,0.0007700620917603374,0.4126452253188616,0.217494269212087,0.9946494020061728,0.9893337673611111
9,186,0.0005556233809329569,0.0007658029207959771,0.41656276399706615,0.22175790203942192,0.9945487316743827,0.9899088541666666
9,187,0.0005499699618667364,0.0007644519791938365,0.4219617356488734,0.22150125371085272,0.9947705680941358,0.9898220486111111
9,188,0.0005483157001435757,0.0007639050600118935,0.4243756815239235,0.2236928701400757,0.9945999710648148,0.9900336371527778
9,189,0.0005498355603776872,0.0007579804514534771,0.4214165360839279,0.2298218184047275,0.9947464554398148,0.989794921875
9,190,0.0005476910155266523,0.0007593248155899346,0.42677864969512563,0.23468720648023816,0.994777199074074,0.9898383246527778
9,191,0.0005426781135611236,0.0007618716335855424,0.43444504605399237,0.23135359287261964,0.9946982301311729,0.9900282118055556
9,192,0.0005379741778597236,0.0007583709666505456,0.4373773432072298,0.2327288654115465,0.9950466579861111,0.9900933159722223
9,193,0.0005402935203164816,0.0007447743555530906,0.43739191161261665,0.2425878127415975,0.9949375482253087,0.9900227864583333
9,194,0.0005404340918175876,0.0007548045250587165,0.4353526935165311,0.23699117369121975,0.9949055989583333,0.9902235243055556
9,195,0.0005294957663863897,0.0007554370095022023,0.44748010179142894,0.2370955851342943,0.9949514130015432,0.9898817274305556
9,196,0.0005315806483849883,0.0007549262372776866,0.4449872668878532,0.23934394518534344,0.994970100308642,0.9898708767361111
9,197,0.0005361688672564924,0.0007592442561872303,0.44242249064975314,0.23798689709769355,0.9950321903935185,0.9902289496527777
9,198,0.0005321584176272154,0.0007695837994106114,0.44216959608925716,0.2307361602783203,0.9950617283950617,0.9898057725694445
9,199,0.000533619720954448,0.0007533365278504789,0.4452209387296512,0.2413916269938151,0.995091266396605,0.9898383246527778
9,200,0.0005310850101523101,0.0007559594232589006,0.4448677258726991,0.2397278282377455,0.9952618634259259,0.9896647135416666
9,201,0.0005258191959001124,0.0007567715947516263,0.45111505072793845,0.24143625630272758,0.9950376157407408,0.9902723524305556
9,202,0.0005183881148695946,0.0007525576511397958,0.4599108428130915,0.24625190761354235,0.9951551649305556,0.9902289496527777
9,203,0.0005155939725227654,0.0007530624861828983,0.46335334498205305,0.2465674254629347,0.9953444492669753,0.9901909722222222
9,204,0.0005185747868381441,0.0007599153323099017,0.4609736970913263,0.2374545282787747,0.9953655478395061,0.9902126736111111
9,205,0.0005186655907891691,0.0007480292115360498,0.45979802343580456,0.2505060315132141,0.9953589168595679,0.9903591579861111
9,206,0.0005127812037244439,0.0007567488355562091,0.4693616353435281,0.2450550119082133,0.9955162519290124,0.99052734375
9,207,0.0005108510376885533,0.0007535818149335682,0.4719523538777858,0.24547230270173814,0.9954776716820988,0.9905002170138889
9,208,0.000510044046677649,0.0007582871476188302,0.46991445046884045,0.24038410054312812,0.9955295138888889,0.9902940538194445
9,209,0.0005097320536151528,0.0007600444369018078,0.4712546588462076,0.24106361733542547,0.9954873167438272,0.9904079861111111
9,210,0.0005064330180175602,0.0007515094475820661,0.4736632149896504,0.24987329112158882,0.9955843701774691,0.9906032986111111
9,211,0.0005057047237642109,0.0007546034175902605,0.4753959529193831,0.2443995581732856,0.9956615306712963,0.9902886284722222
9,212,0.0005063352873548865,0.0007555463816970587,0.4743301800739618,0.2446718520588345,0.9955910011574074,0.9905327690972222
9,213,0.000506051117554307,0.0007551023736596107,0.4728378563751409,0.24438785976833768,0.9955638744212963,0.9906141493055556
9,214,0.0005079988040961325,0.0007509121205657721,0.4756906881744479,0.2478890922334459,0.9956820264274692,0.9908745659722222
9,215,0.0005030917236581445,0.0007549072615802288,0.47535149697904233,0.2416173881954617,0.9956862461419753,0.9905219184027778
9,216,0.0005011501489207149,0.0007512028096243739,0.4810458932393863,0.24817320638232762,0.9956838348765432,0.9906467013888889
9,217,0.0004962712991982698,0.0007560155354440212,0.4851988146334519,0.24453304476208157,0.9958110291280864,0.9905219184027778
9,218,0.0004976418567821383,0.000752443156670779,0.4824041535824905,0.24772878090540568,0.9956458574459877,0.9906901041666667
10,1,0.16270186007022858,0.033065713942050934,-264.68268998463947,-48.717286046346025,0.580079330632716,0.995361328125
10,2,0.01969827525317669,0.008240144699811935,-29.6281524275556,-11.20941588613722,0.9949767312885802,0.995361328125
10,3,0.006633857265114784,0.004080926068127155,-9.091521996038932,-4.900621154573229,0.9951744550540124,0.995361328125
10,4,0.003949748817831278,0.0029570667538791895,-4.832096920190034,-3.1903766658571033,0.9951744550540124,0.995361328125
10,5,0.003040213603526354,0.0024185150396078825,-3.3823243974167623,-2.368789945708381,0.9951744550540124,0.995361328125
10,6,0.002542584203183651,0.0021004658192396164,-2.598346085312926,-1.8824346356921726,0.9951744550540124,0.995361328125
10,7,0.0022378929425030947,0.0018902691081166267,-2.103191967658055,-1.5604799005720351,0.9951744550540124,0.995361328125
10,8,0.0020189799834042788,0.0017305314540863037,-1.7538031136548078,-1.3153360181384617,0.9951744550540124,0.995361328125
10,9,0.0018540588207542896,0.001606895704753697,-1.489781254603539,-1.1253054194980197,0.9951744550540124,0.995361328125
10,10,0.001725828624330461,0.0015224093804135919,-1.2835383497638466,-0.9955702914132012,0.9951744550540124,0.995361328125
10,11,0.0016296219546347857,0.0015377571107819676,-1.1309253339414242,-1.0197677983178033,0.9951744550540124,0.995361328125
10,12,0.0017337249591946602,0.001583408797159791,-1.1980694867946484,-1.029537632730272,0.9936481240354939,0.9953233506944444
10,13,0.001743675908073783,0.0015100673772394657,-1.2419527614558186,-0.9491674158308241,0.9939627941743827,0.995361328125
10,14,0.0016361132729798555,0.0014001150848343968,-1.0981119136751434,-0.786032435629103,0.9949086130401235,0.995361328125
10,15,0.0015047044726088643,0.001313326763920486,-0.8944573640823364,-0.6524127854241265,0.9939664110725308,0.9946072048611111
10,16,0.001403728500008583,0.001233858522027731,-0.743714103286649,-0.5398104164335463,0.992138069058642,0.9931966145833333
10,17,0.001334137748926878,0.001241187215782702,-0.6431922877276385,-0.5328043487336901,0.9905864197530864,0.9801812065972222
10,18,0.001287727733142674,0.0011935776565223932,-0.5710004660818312,-0.4681896673308478,0.9880998022762346,0.9801052517361111
10,19,0.0012525046477094293,0.0011245934292674065,-0.5085817176618693,-0.3763310273488363,0.9871027440200617,0.9891384548611111
10,20,0.0012337896041572094,0.0011216471903026104,-0.4723472874841572,-0.3639163242446052,0.9856149932484568,0.9843370225694444
10,21,0.0011935255024582148,0.0011067038867622614,-0.4175278017550339,-0.33645225365956627,0.9861086998456791,0.9754177517361111
10,22,0.0011575008975341916,0.0010651943739503622,-0.3678723642855515,-0.2792920668919881,0.984423828125,0.9793023003472222
10,23,0.00113255949690938,0.0010275749955326319,-0.3283246084495827,-0.23631616963280572,0.9836238908179012,0.9888671875
10,24,0.001111306599341333,0.001013594912365079,-0.2981260240813832,-0.21576082441541883,0.9842670958719136,0.989599609375
10,25,0.0010848731035366654,0.0010216934606432915,-0.2597378560054449,-0.22236772113376194,0.9856083622685186,0.9758083767361111
10,26,0.0010754739632830024,0.0009932443499565125,-0.23772591955867814,-0.18565814230177138,0.9832887249228395,0.9828667534722222
10,27,0.0010610920144245028,0.000979945994913578,-0.22051800945658742,-0.1637964791721768,0.9843219521604938,0.9823350694444445
10,28,0.0010485537350177765,0.0009644055971875787,-0.20187563351642937,-0.14353610939449735,0.9832591869212963,0.9888237847222222
10,29,0.001028159400448203,0.0009596315794624388,-0.17352154063589778,-0.1312147127257453,0.9849784191743827,0.9812771267361111
10,30,0.0010226299054920673,0.0009557411540299654,-0.16587896435349075,-0.12830472389856976,0.9847879292052469,0.9821234809027778
10,31,0.0010175448842346668,0.000940173864364624,-0.15392411491017283,-0.10671163002649943,0.9836455922067902,0.9872721354166667
10,32,0.0010084027890115976,0.0009334686910733581,-0.1409478611416287,-0.09845484892527262,0.9848427854938272,0.9880045572916667
10,33,0.0009987431112676859,0.0009254690376110375,-0.12807461508998164,-0.08619130320019192,0.9836727189429012,0.9871039496527778
10,34,0.0009912431705743074,0.0009209475829266012,-0.11787475362236118,-0.0811617136001587,0.9826611930941358,0.9862358940972222
10,35,0.000982663594186306,0.0009222137741744518,-0.10618159859268754,-0.07924679650200737,0.9849615403163581,0.9877712673611111
10,36,0.0009838282130658627,0.0009220854844897985,-0.10755819847554336,-0.08208986520767211,0.9847173996913581,0.98662109375
10,37,0.0009825092274695635,0.000912292511202395,-0.10771703013667354,-0.068225716220008,0.9829366801697531,0.9766384548611111
10,38,0.0009681967785581946,0.0009137913584709167,-0.08993654162795456,-0.06709978448020087,0.9835256317515432,0.9804036458333333
10,39,0.000968469656072557,0.0009102022740989923,-0.08767254175963225,-0.06698060300615098,0.9831687644675926,0.9837890625
10,40,0.0009656189940869808,0.0009017642587423325,-0.08506677386201458,-0.05472147464752197,0.9839512201003087,0.9856499565972222
10,41,0.0009608352556824684,0.0009068915969692171,-0.07729384472340713,-0.05944634543524848,0.9842375578703704,0.9811740451388888
10,42,0.0009603717480786145,0.000900405109860003,-0.07807064527346765,-0.04983121024237739,0.9834098910108025,0.9855088975694445
10,43,0.0009584180661477149,0.0009064657497219741,-0.07837212600825745,-0.06174271371629503,0.9845733265817901,0.9824435763888889
10,44,0.0009621430654078722,0.0008875282946974039,-0.08267482725190528,-0.034091181225246854,0.982081886574074,0.9844509548611111
10,45,0.000955094292294234,0.0009101026225835085,-0.07551454305648804,-0.06885217428207398,0.9840422453703703,0.9801052517361111
10,46,0.0009573675924912095,0.0008960604900494218,-0.07752445185625995,-0.04715505705939399,0.9830506124614198,0.9804090711805555
10,47,0.0009572925046086311,0.0008943157736212015,-0.08016440441578994,-0.046517229080200194,0.9823543595679012,0.9795627170138889
10,48,0.0009525244240649045,0.0008938239188864827,-0.07492322818732557,-0.0440341141488817,0.9827950183256173,0.9809190538194444
10,49,0.0009403820149600506,0.0008886299910955131,-0.05859291244436193,-0.03601375818252563,0.982787784529321,0.9830457899305556
10,50,0.000944302068091929,0.0008797399350441992,-0.062288830015394425,-0.022911054558224148,0.9821578414351851,0.9779079861111111
10,51,0.000933299248572439,0.0008740541525185108,-0.049142074584960935,-0.013509082794189452,0.9813277633101852,0.9777072482638889
10,52,0.0009298959048464894,0.0008802204974927008,-0.04403372782248038,-0.02743546035554674,0.9815061969521605,0.9794108072916666
10,53,0.0009316960349678993,0.0008696462027728558,-0.04783590561077918,-0.01021106243133545,0.9809045862268518,0.9804633246527777
10,54,0.000929150904994458,0.0008654857520014048,-0.04410386512308945,-0.005675901307000054,0.9801649305555555,0.9840115017361111
10,55,0.0009149662801064551,0.0008639195002615452,-0.024511586000889908,-0.0014947189225090875,0.9814543547453703,0.9789225260416666
10,56,0.0009198044426739216,0.0008640126907266676,-0.03186137602653032,-0.0018212768766615126,0.9805893132716049,0.9772406684027778
10,57,0.0009139840258285403,0.000864347442984581,-0.024108159100567853,-0.001650083065032959,0.9802716290509259,0.9769856770833333
10,58,0.000916718621738255,0.0008570143254473805,-0.02897667575765539,0.009595473607381185,0.9794373312114197,0.9762641059027778
10,59,0.0009126255172304809,0.0008630660595372319,-0.018880311648050943,-6.756385167439778e-05,0.9800901813271605,0.9773057725694444
10,60,0.0009052072418853641,0.0008584136376157403,-0.00862504302719493,0.004898754755655924,0.9801124855324074,0.9718044704861111
10,61,0.0009046479826793075,0.0008738653268665075,-0.010605364817160148,-0.019481134414672852,0.9801215277777777,0.9685492621527778
10,62,0.0009030466317199171,0.0008581011788919568,-0.008670809386688986,0.0067858748965793185,0.9794614438657407,0.9732693142361111
10,63,0.0008989495690912008,0.0008445552084594965,-0.002197499186904342,0.024876782629224988,0.9792281539351851,0.9790907118055555
10,64,0.0008983062580227852,0.0008433755720034242,-0.0037720962806984232,0.023705339431762694,0.9792311680169753,0.9796006944444444
10,65,0.0008907226147130132,0.000847292598336935,0.0105109163272528,0.02382805214987861,0.9791883680555555,0.9784993489583333
10,66,0.0008955795783549547,0.0008371355943381786,0.003707661599288752,0.03872905837164985,0.9796157648533951,0.977783203125
10,67,0.0008890164317563176,0.0008620775770395994,0.012875273198257257,-0.00024049944347805447,0.9796784577546296,0.9743543836805556
10,68,0.0008871632744558156,0.000840305641759187,0.016504253134315396,0.03233132627275255,0.9796754436728395,0.9778266059027778
10,69,0.0008896179497241974,0.0008406713604927063,0.009483513272838829,0.0313585016462538,0.9798725646219136,0.9746310763888889
10,70,0.0008848770521581173,0.0008354139281436801,0.017679011968918787,0.0378593815697564,0.9793119454089506,0.9783637152777778
10,71,0.0008756621391512454,0.0008390654693357646,0.03286236495147517,0.029839568667941622,0.979735725308642,0.9748046875
10,72,0.0008795091416686773,0.000832047313451767,0.025992953482969306,0.04340872632132636,0.9798008294753087,0.9771050347222222
10,73,0.0008726693922653794,0.0008389715221710503,0.03897491634627919,0.030039367410871716,0.9794325086805555,0.9746310763888889
10,74,0.0008727938402444124,0.000840954773593694,0.03492142388850083,0.027127501699659558,0.9801227334104938,0.9744086371527778
10,75,0.000871137366630137,0.0008404736872762442,0.03906679374200327,0.029221599631839328,0.979734519675926,0.9766330295138889
10,76,0.0008684898493811488,0.0008306538802571595,0.04265325790570106,0.03931754695044624,0.9800883728780864,0.9757215711805556
10,77,0.0008655531564727426,0.0008192144450731575,0.04444402044202075,0.060344627168443465,0.9799165702160494,0.9779351128472222
10,78,0.0008638684521429241,0.0008252622792497277,0.04670478164413829,0.05230743620130751,0.9799099392361111,0.9748697916666667
10,79,0.0008633757825009525,0.000837417843285948,0.050260630360356086,0.03072776132159763,0.980518180941358,0.9768771701388889
10,80,0.0008578183478675783,0.0008167630294337869,0.05966328824007953,0.06249960793389214,0.9804524739583333,0.9793077256944445
10,81,0.0008623865433037281,0.0008230618550442159,0.04785991671644611,0.05471856196721395,0.9800455729166667,0.9796169704861111
10,82,0.0008512884378433228,0.0008198352297767997,0.06321303108592093,0.05661071141560872,0.9808256172839506,0.9777018229166666
10,83,0.0008505447767674923,0.0008294412400573492,0.06685860892872751,0.040580230289035374,0.9809268904320988,0.97548828125
10,84,0.0008507338352501392,0.0008172050584107637,0.06880617362481577,0.05830665694342719,0.9806948061342593,0.9774142795138889
10,85,0.0008483267156407237,0.0008101862040348351,0.06871517734763063,0.07115587128533257,0.9809051890432099,0.9775716145833333
10,86,0.0008472779300063848,0.0008142738370224833,0.07024243805143568,0.06226469145880805,0.9812355324074075,0.9775336371527777
10,87,0.0008412904571741819,0.0008117115939967334,0.07772377950173837,0.06657314432991876,0.9813832224151234,0.9790635850694445
10,88,0.000836871680803597,0.000805639720056206,0.08117206435144683,0.07615398433473375,0.9813832224151234,0.9806369357638889
10,89,0.0008359064813703299,0.0007989590521901846,0.08332350533685566,0.08610116243362427,0.9819504726080247,0.9772081163194445
10,90,0.0008356222533620894,0.0008004511473700404,0.08504401783884308,0.08494300180011326,0.9816972897376544,0.9772352430555555
10,91,0.0008311294950544834,0.0008197400020435452,0.09145506487952339,0.0530595686700609,0.9822151089891975,0.9773546006944445
10,92,0.0008346366812475026,0.0008038681698963046,0.08984300737027769,0.07506877183914185,0.9822609230324074,0.9781141493055555
10,93,0.0008301383350044489,0.0007988400757312775,0.09669433846885775,0.08205095529556275,0.9816050588348766,0.9814453125
10,94,0.0008245650678873062,0.0007980265072546899,0.10139712580928097,0.08684906562169394,0.9830885898919753,0.9794759114583333
10,95,0.000824865186586976,0.0007944600656628609,0.09790516370608483,0.09098702271779378,0.9827033902391975,0.9787326388888888
10,96,0.000821934430859983,0.0007870215340517461,0.10353205424767953,0.10322642061445449,0.982713638117284,0.9792914496527778
10,97,0.0008211146341636777,0.000785773852840066,0.1077344435232657,0.10413843658235337,0.982689525462963,0.9798719618055556
10,98,0.0008186474442481995,0.0007851026020944118,0.10999937278253061,0.10361570119857788,0.9832103587962963,0.9785210503472223
10,99,0.0008138628327287734,0.0007839408935979009,0.11790098996809971,0.10326539940304226,0.9828552999614197,0.9807671440972222
10,100,0.000811790581792593,0.0007855084259063005,0.11639882767641986,0.10202424128850301,0.9835660204475308,0.9791720920138889
10,101,0.0008109664777293801,0.0007787065696902573,0.11708630264541249,0.11134773625267877,0.9833375530478395,0.9825520833333333
10,102,0.0008094392251223326,0.0007804794586263597,0.11998350885179308,0.10853081146876017,0.9843605324074074,0.9791341145833333
10,103,0.000802001915872097,0.0007758706342428923,0.12905840535222748,0.11728364759021336,0.9841447241512346,0.9818088107638889
10,104,0.0008019834058359265,0.0007768703508190811,0.12807485777654765,0.11289503971735636,0.9842972366898148,0.9802842881944445
10,105,0.0007983848336152732,0.0007776279817335308,0.13518451599427211,0.10922776063283285,0.9845052083333333,0.9802191840277777
10,106,0.0007956401677802205,0.0007752765086479485,0.13888495130303466,0.10951376623577541,0.9846354166666667,0.9788519965277778
10,107,0.0007943251985125244,0.0007696509128436446,0.13824405081478167,0.1216963635550605,0.9845100308641975,0.9828179253472222
10,108,0.000791457830928266,0.0007704995223321021,0.14229100177317489,0.12300354507234361,0.9848307291666667,0.9822374131944445
10,109,0.0007903025252744555,0.0007678784895688295,0.1440389664084823,0.12520203590393067,0.9853545765817902,0.9786729600694445
10,110,0.0007848780951462686,0.0007608253508806229,0.1533574026307942,0.13112643427318996,0.9847541714891975,0.9837619357638889
10,111,0.0007866687374189496,0.0007719850982539356,0.1475690167627217,0.11457494497299195,0.9858555169753086,0.9810004340277778
10,112,0.0007796474965289235,0.0007595244096592069,0.15897192145571296,0.13459616237216526,0.9859007282021605,0.9808702256944445
10,113,0.0007782971952110529,0.000765136384870857,0.15821170777450372,0.12494524849785699,0.9854811680169753,0.9824435763888889
10,114,0.0007775145932100713,0.0007618573727086186,0.16082079425270174,0.13177992900212607,0.9859923562885803,0.9815863715277777
10,115,0.0007712336955592036,0.0007610557368025184,0.17109906585128218,0.13092750045988294,0.985863353587963,0.9806369357638889
10,116,0.0007676564855501056,0.0007559608202427626,0.17377660465829167,0.1375934018029107,0.9862527729552469,0.9816623263888888
10,117,0.0007695046369917691,0.0007599593955092132,0.1699129440166332,0.13368964725070528,0.98623046875,0.9836534288194444
10,118,0.0007651246269233525,0.0007574896444566548,0.1756468379939044,0.13812686602274576,0.9865987895447531,0.9815483940972223
10,119,0.0007631848566234112,0.0007506159017793834,0.1763625607078458,0.14335620933108859,0.9867717978395062,0.9831434461805556
10,120,0.0007590067689307034,0.0007587159634567797,0.18076905115151112,0.13095001379648843,0.9868983892746913,0.9828233506944445
10,121,0.0007536166813224554,0.0007487887633033097,0.18734484675489826,0.1428001814418369,0.9872462143132716,0.9835177951388889
10,122,0.000751872081309557,0.0007458511972799897,0.19004132865387716,0.15101231866412693,0.9872878086419753,0.9823676215277778
10,123,0.0007484713569283485,0.0007456689490936697,0.19186836039578473,0.14873661067750718,0.9874975887345679,0.9822157118055556
10,124,0.0007439147448167205,0.0007422544294968247,0.19968763398535458,0.1533603244357639,0.9875524450231481,0.9834418402777778
10,125,0.0007468877010978758,0.0007537533529102802,0.1972854240441028,0.1327657832039727,0.987767047646605,0.9821072048611111
10,126,0.0007416786393150687,0.000747197715099901,0.20193697493753315,0.14371991554896038,0.9880184220679012,0.9829752604166667
10,127,0.0007400607573799789,0.00073869654443115,0.2046020182562463,0.15861933496263292,0.9877495659722222,0.9840983072916667
10,128,0.0007349314400926232,0.0007377825677394867,0.20975666561244447,0.15822063552008736,0.9880648389274691,0.9842230902777778
10,129,0.0007333311950787902,0.0007394130807369947,0.21422364858933438,0.15463372071584067,0.9885790412808642,0.9835503472222222
10,130,0.0007344930781982839,0.0007400385802611709,0.21208969487084284,0.15589931143654717,0.9884349681712963,0.9848307291666667
10,131,0.0007272466900758445,0.0007403202471323311,0.21787237267435333,0.15590934753417968,0.988865379050926,0.983740234375
10,132,0.0007212646305561066,0.000731275649741292,0.22765299184822743,0.16749952899085152,0.9885163483796297,0.9852593315972222
10,133,0.0007213284261524677,0.0007339440635405481,0.22524646137967522,0.16127061711417304,0.988988353587963,0.9839029947916667
10,134,0.0007212375057861209,0.0007327310740947723,0.22738526809362716,0.16650191015667384,0.9888894917052469,0.9856391059027778
10,135,0.0007127318531274796,0.0007327157072722912,0.23605379675641472,0.16443102359771727,0.9891866801697531,0.9845594618055555
10,136,0.000713485642336309,0.0007289230125024915,0.23551283324206318,0.16882018513149685,0.9894971305941358,0.9834852430555555
10,137,0.0007118906360119581,0.0007256651297211647,0.23699661449149803,0.17346035242080687,0.9892963927469136,0.9867404513888889
10,138,0.0007032589637674391,0.0007305676699616015,0.25030819574991864,0.167072598139445,0.9898744936342593,0.9842664930555556
10,139,0.000706403749063611,0.000721013406291604,0.24145187463289425,0.17885420852237277,0.9897069106867284,0.9857367621527777
10,140,0.0006987033411860466,0.0007221375126391649,0.25345341600017784,0.17522960901260376,0.9897732204861112,0.9841037326388888
10,141,0.0006944827036932111,0.0007218652754090726,0.2593533412909802,0.17789324124654135,0.9897816599151235,0.9864203559027778
10,142,0.0006933397380635142,0.0007234500953927636,0.25969583958755305,0.173706050713857,0.9903067129629629,0.9834906684027778
10,143,0.0006886891787871718,0.0007152078906074166,0.2631552752153373,0.18100850184758505,0.9899968653549382,0.9853841145833333
10,144,0.000686363666318357,0.0007197275408543646,0.26940030139169574,0.17855165402094522,0.9902669270833333,0.9855631510416667
10,145,0.0006818610709160566,0.0007334430702030659,0.27250036884237216,0.15268530713187323,0.9902958622685185,0.9848958333333333
10,146,0.0006813349318690598,0.0007131036836653948,0.26960818664527236,0.18655599885516697,0.9905086564429012,0.9858995225694445
10,147,0.0006776140071451664,0.0007153482874855399,0.2778554720643126,0.182908300558726,0.9905116705246914,0.9863444010416667
10,148,0.0006746011786162853,0.0007116118213161826,0.283714571411227,0.18530930280685426,0.9907202449845679,0.9848741319444444
10,149,0.0006701024831272662,0.0007126391865313053,0.2875220051518193,0.1898245374361674,0.9909089265046296,0.9868109809027777
10,150,0.0006660575163550675,0.0007111947052180767,0.28898328792901684,0.18785311910841201,0.9909288194444444,0.9853624131944444
10,151,0.0006628584815189242,0.0007100509246811271,0.29157495675263584,0.1945682472652859,0.990770881558642,0.9868001302083333
10,152,0.0006607971736229956,0.0007120061200112104,0.29732355571087493,0.19127348131603664,0.9911072530864198,0.98681640625
10,153,0.0006564551731571555,0.0007028378313407302,0.3026281296471019,0.2004924217859904,0.9913357204861111,0.9875
10,154,0.0006542057381011546,0.0007074550958350301,0.3062741744665452,0.19776437415017023,0.9913839457947531,0.9866048177083333
10,155,0.0006556206499226391,0.0006997642340138555,0.30717370627838886,0.1999156739976671,0.9915183738425926,0.9872016059027777
10,156,0.0006439214339479804,0.0007070846622809768,0.3147079391244017,0.19340642558203802,0.9915382667824074,0.9866861979166667
10,157,0.0006433055968955159,0.0007091266452334821,0.31788791285620793,0.1912379887368944,0.9916136188271605,0.9864963107638889
10,158,0.000640024256426841,0.0007011881098151207,0.31666355044753464,0.20143609444300334,0.991697410300926,0.9875379774305556
10,159,0.0006427771877497435,0.0007011554553173482,0.31942116228150735,0.19614529742134942,0.9918390721450617,0.9877061631944445
10,160,0.0006360172992572188,0.0007013193098828197,0.324657416196517,0.19798095093833076,0.991868610146605,0.9872829861111111
10,161,0.0006357922684401274,0.0007017448078840971,0.32497271534837324,0.19904070960150824,0.9920241367669753,0.987548828125
10,162,0.0006292457692325115,0.0007083446835167706,0.3315333229524118,0.19126103454165988,0.9921609760802469,0.986572265625
10,163,0.0006264884723350406,0.0007056531612761319,0.33402426507737903,0.19582287867863973,0.9921549479166667,0.9880479600694444
10,164,0.0006260821828618646,0.0006965716602280736,0.337455443099693,0.20443006091647678,0.9922887731481481,0.9874077690972223
10,165,0.0006216887850314379,0.000695864437147975,0.33831154225785054,0.20741908020443386,0.9923303674768519,0.9876573350694444
10,166,0.0006149380933493376,0.0006992919370532036,0.34620911162576556,0.19888323942820232,0.9925341194058642,0.9890028211805556
10,167,0.0006144578801468015,0.0006966307992115617,0.35007956749127234,0.20544661813312107,0.9925335165895062,0.986572265625
10,168,0.0006071289535611868,0.0006919048610143363,0.35785269516485707,0.21050509214401245,0.9926649305555556,0.9874348958333333
10,169,0.0006010733777657151,0.0006969934329390526,0.3658998365755434,0.19955458376142715,0.9928059895833333,0.9876139322916667
10,170,0.0006007634801790118,0.0006943323533050716,0.361035880483227,0.20659928056928847,0.9927318431712963,0.9877278645833333
10,171,0.0005999325076118112,0.0006905885529704392,0.36593715364550367,0.21249111625883316,0.9928626543209876,0.9879828559027778
10,172,0.0005920319235883653,0.0006872403901070356,0.37594705687628854,0.2187657700644599,0.993067009066358,0.988330078125
10,173,0.0005934049258939922,0.0006913080578669906,0.36970701968228376,0.2099173876974318,0.993091121720679,0.9877658420138888
10,174,0.0005893512861803174,0.0006920109735801816,0.378133475927659,0.21237754821777344,0.9933051215277777,0.9886338975694444
10,175,0.0005840846570208669,0.0006958978483453393,0.38163338664137286,0.19842247830496895,0.9932086709104938,0.9876953125
10,176,0.000585387519095093,0.0006785366567783058,0.3810642572096836,0.22329130702548558,0.993312355324074,0.9883192274305556
10,177,0.0005803022067993879,0.0006931737880222499,0.3832960914682459,0.21030549738142226,0.9933533468364197,0.9887586805555556
10,178,0.0005719898035749793,0.000686825078446418,0.39613046366491433,0.21933080752690634,0.9936203944830246,0.9879557291666666
10,179,0.0005677306326106191,0.0007016088347882032,0.40121574372421076,0.19628745317459106,0.9936131606867284,0.9884765625
10,180,0.0005672317929565907,0.0006955985445529222,0.40436587142355646,0.20460842450459799,0.9936348620756172,0.9879828559027778
10,181,0.0005665526259690523,0.0006870201323181391,0.402323791127146,0.21893125375111896,0.9937120225694445,0.9886935763888889
10,182,0.0005617959541268647,0.0006910360534675419,0.40501271339110384,0.21204805506600274,0.9937729070216049,0.9884440104166666
10,183,0.0005580602446570992,0.0006771199405193329,0.4075698865784539,0.23127124044630262,0.9938138985339506,0.9892361111111111
10,184,0.0005569445202127099,0.0006920659216120839,0.41355745910126485,0.20959845648871528,0.993897690007716,0.9884385850694445
10,185,0.0005550129571929574,0.0006810513441450894,0.42194371164580924,0.22554894950654772,0.9940128279320988,0.9895345052083333
10,186,0.0005448542069643736,0.0006859060376882553,0.42817122641904853,0.2198666665289137,0.9940755208333333,0.9890516493055556
10,187,0.0005411079037003219,0.0006838086992502213,0.4315117566673844,0.22101967069837783,0.9941442418981481,0.988037109375
10,188,0.0005392717430368066,0.0006772143533453345,0.433636004689299,0.23236430750952827,0.9940375434027777,0.9891981336805555
10,189,0.0005384809337556362,0.0006793264765292406,0.4373485107480744,0.2288527766863505,0.9944697627314815,0.9891384548611111
10,190,0.0005310729029588401,0.0006828326731920242,0.4428656174812788,0.225624057981703,0.9944631317515432,0.9885091145833333
10,191,0.0005322679644450545,0.0006937665166333318,0.44025410296004497,0.2159264736705356,0.994386574074074,0.9888780381944444
10,192,0.0005305898375809193,0.0006860794383101165,0.44788417448232204,0.22228907744089763,0.994287712191358,0.9890407986111112
10,193,0.0005245616193860769,0.0006936652353033423,0.45417835476957724,0.20770656002892388,0.99453125,0.9886773003472222
10,194,0.0005208043148741126,0.0006734855123795569,0.4564629735770049,0.24039491812388103,0.9944775993441358,0.9898328993055555
10,195,0.0005158173153176904,0.0006847765762358904,0.4671447633225241,0.22333426607979667,0.9947934751157408,0.9890842013888889
10,196,0.0005145472241565585,0.0006775280344299972,0.464614811502857,0.2304356575012207,0.9945752555941358,0.9894911024305556
10,197,0.0005145121249370277,0.0006772733759135008,0.4644026881382789,0.22942688994937474,0.9947591145833333,0.9886990017361111
10,198,0.0005074762739241123,0.0006753072375431657,0.46840580142574545,0.2328158524301317,0.9946198640046297,0.9894097222222222
10,199,0.0005109161720611155,0.000680921773891896,0.4659400276195856,0.23070160547892252,0.9950050636574074,0.9898491753472223
10,200,0.0005051410989835858,0.0006887856870889664,0.4734936678851092,0.2193058941099379,0.9948603877314814,0.9888617621527778
10,201,0.0004987000720575452,0.000678068317938596,0.4792782328746937,0.23083466953701443,0.9949652777777778,0.9894802517361111
10,202,0.0004957775236107409,0.0007088216952979565,0.485357000504011,0.17848125696182252,0.995116584683642,0.9890407986111112
10,203,0.000496249704156071,0.0006737897056154907,0.48392192095886044,0.2403343439102173,0.9952262972608025,0.9903754340277777
10,204,0.0004917207406833768,0.0006883849855512381,0.48817911501284,0.2148638579580519,0.9952033902391976,0.9888075086805556
10,205,0.0004842184134759009,0.0006800702540203929,0.49716882102283433,0.2244076609611511,0.9953667534722223,0.990087890625
10,206,0.0004854555882047862,0.0006877441192045808,0.4943504442403346,0.21530253622266982,0.9955138406635803,0.9900499131944445
10,207,0.0004718174459412694,0.0006820561829954386,0.5102323651313782,0.22233229743109809,0.9956838348765432,0.9901421440972222
10,208,0.0004747512866742909,0.0006817621178925037,0.5094301838933686,0.2239887343512641,0.9956741898148148,0.9901421440972222
10,209,0.00046765367733314633,0.0006821770803071558,0.5130536519450906,0.22109027571148343,0.9957344714506173,0.9898057725694445
10,210,0.0004656207747757435,0.0006846837932243943,0.5195649520850476,0.22111165391074286,0.995874927662037,0.9900770399305555
10,211,0.00046641245717182755,0.0006790156476199627,0.5172481317579011,0.22778541644414266,0.9958544319058642,0.9898980034722222
10,212,0.0004649466718547046,0.0006828373298048973,0.516398753060235,0.2224731379085117,0.9959774064429012,0.9899305555555555
10,213,0.0004602648550644517,0.0006719173397868872,0.5214569364065006,0.23864097992579142,0.9958912037037037,0.9906901041666667
10,214,0.0004580488312058151,0.0006745490245521069,0.526947389267109,0.23161122798919678,0.9960690345293209,0.9902289496527777
10,215,0.0004571459721773863,0.0006769993342459202,0.5276988877190484,0.2289232095082601,0.9960340711805555,0.9900770399305555
10,216,0.00045564648462459445,0.0006680629448965192,0.5278791040550044,0.24186554352442424,0.9961088204089507,0.990087890625
10,217,0.00045638764277100563,0.0006847864133305848,0.5292264739672343,0.22100962003072103,0.9960316599151234,0.9903591579861111
10,218,0.00045541301369667053,0.0006762313423678279,0.5284433984462126,0.23002353641721937,0.9960587866512346,0.9908203125
10,219,0.00045516042155213654,0.0006748681771568954,0.5328737283930366,0.23275417221917047,0.9962143132716049,0.9905002170138889
10,220,0.00045526414760388434,0.0006702677928842604,0.5281921257207423,0.23498418463601006,0.9961305217978395,0.9900065104166667
10,221,0.0004512194136623293,0.0006803559372201562,0.5310065921442009,0.2235482348336114,0.9962233555169753,0.9903374565972223
10,222,0.00044638285180553794,0.0006724559934809804,0.5384337163265841,0.2340561522377862,0.9961745273919753,0.9904296875
10,223,0.000441569893155247,0.0006780658732168376,0.5448657843801711,0.23073486222161188,0.9963541666666667,0.9903971354166666
10,224,0.00044662412256002426,0.0006814718944951892,0.539155364478076,0.22695954110887315,0.9962794174382716,0.990673828125
10,225,0.000441638141637668,0.0006831643404439092,0.5456427179736856,0.22217234902911717,0.9965476707175925,0.9907118055555556
10,226,0.0004397545999381691,0.0006756772054359317,0.5456546115286556,0.2315866019990709,0.9963047357253086,0.9905219184027778
10,227,0.0004364482592791319,0.0006809384794905782,0.5483570568355514,0.22791579829321967,0.9963475356867284,0.9897623697916667
10,228,0.0004412355774547905,0.0006800970295444131,0.5421651088161233,0.2267830557293362,0.9964078173225308,0.9909288194444444
10,229,0.0004354541888460517,0.0006764307618141174,0.5549358994872482,0.23347571823332045,0.9965416425540123,0.9907606336805556
10,230,0.0004311372176744044,0.0006757475202903152,0.5543999283402055,0.23293054766125149,0.9966417100694445,0.9909233940972222
10,231,0.0004355368437245488,0.0006768712773919106,0.5499541830133509,0.23328184021843804,0.9966163917824075,0.9909450954861111
10,232,0.00043228798313066363,0.0006772622582502663,0.5526906291643778,0.23071346945232815,0.9966531635802469,0.990869140625
10,233,0.000428365427069366,0.0006727848667651415,0.5586972879774776,0.23520730866326225,0.9966254340277778,0.99091796875
10,234,0.0004290903452783823,0.0006746862200088799,0.5570374463811333,0.23237411975860595,0.9966368875385803,0.9908094618055555
10,235,0.00043002847814932466,0.0006767208105884492,0.5535077018502318,0.23196764124764335,0.9967815634645062,0.9906304253472222
10,236,0.00042605213820934296,0.000672990339808166,0.5608260690430065,0.23502346939510768,0.996729118441358,0.9908962673611111
10,237,0.00042737647891044617,0.0006766393780708313,0.558006575372484,0.2289176649517483,0.9965916763117284,0.9908311631944444
10,238,0.0004266335745342076,0.0006686843116767704,0.5600885074815632,0.2432960828145345,0.9966622058256173,0.9908908420138889
10,239,0.00042105012107640505,0.0006709973094984889,0.5650280106214829,0.2376696957482232,0.9967062114197531,0.9909450954861111
10,240,0.00042597827268764377,0.0006738476222380996,0.5605081371319147,0.23301976786719428,0.9967236930941358,0.9910590277777778
10,241,0.0004239864647388458,0.0006703817052766681,0.5625823178409058,0.23956197897593182,0.9967670958719136,0.9910807291666667
