Fold,Epoch,Train_MSE,Val_MSE,Train_R2,Val_R2,Train_AuxAcc,Val_AuxAcc
1,1,0.5163261890411377,0.46452459692955017,-812.774547002345,-672.1315999348958,0.22078149112654322,0.2694064670138889
1,2,0.4316752552986145,0.39154720306396484,-679.7476962054217,-566.5574995252821,0.3091290509259259,0.3609700520833333
1,3,0.36006757616996765,0.32606106996536255,-566.6784742755655,-471.98492804633247,0.4048532744984568,0.44923502604166665
1,4,0.30054524540901184,0.27189478278160095,-472.46348135677385,-393.7862837049696,0.4816942756558642,0.5118489583333333
1,5,0.25021427869796753,0.22497904300689697,-391.82596535388336,-326.1294481065538,0.530296947337963,0.5491373697916667
1,6,0.20735234022140503,0.18749946355819702,-324.86703083367996,-270.7692659166124,0.5536054446373457,0.5553548177083333
1,7,0.17173463106155396,0.15357303619384766,-269.4860407134633,-221.82338290744357,0.5587625385802469,0.5599826388888889
1,8,0.14008603990077972,0.12429438531398773,-221.04337947515793,-179.73875918918185,0.5637146749614198,0.5634440104166667
1,9,0.11334551870822906,0.10070553421974182,-178.06544158370406,-145.7139450073242,0.5646393952546296,0.5629720052083333
1,10,0.09191674739122391,0.08177213370800018,-143.98625135774967,-118.3524412367079,0.5627803096064815,0.5608018663194444
1,11,0.07482533156871796,0.06669141352176666,-117.29498346587758,-96.52687594095866,0.5608157310956791,0.5568684895833333
1,12,0.0612550713121891,0.05744394659996033,-96.13289228133213,-82.07454956902399,0.5571059992283951,0.5584852430555556
1,13,0.052345991134643555,0.04759477823972702,-82.16770794008985,-67.8265869140625,0.5573187934027778,0.555224609375
1,14,0.04282139241695404,0.03865869343280792,-66.78555858282395,-56.27247301737467,0.5515848042052469,0.54384765625
1,15,0.036239225417375565,0.03274897485971451,-56.68134427011749,-47.997618442111545,0.5484405140817902,0.5465766059027778
1,16,0.03108924813568592,0.028141915798187256,-48.21012301268401,-41.87798394097222,0.5514244550540124,0.5441731770833333
1,17,0.02652532234787941,0.024055354297161102,-41.03520907884763,-35.69079846276178,0.5479239004629629,0.539208984375
1,18,0.022875966504216194,0.020737698301672935,-35.24669523003661,-30.639842489030627,0.547337962962963,0.5352322048611111
1,19,0.020027896389365196,0.01930931955575943,-30.716233592563206,-27.58578158484565,0.550658275462963,0.5599989149305555
1,20,0.01936924457550049,0.017885345965623856,-29.064948060188765,-25.163845189412434,0.585961612654321,0.571728515625
1,21,0.01727263629436493,0.016183512285351753,-25.733751142760855,-22.720968288845487,0.5778651861496914,0.5729112413194445
1,22,0.015677034854888916,0.01480870321393013,-23.389792852637207,-20.879098012712266,0.5771870177469136,0.5744140625
1,23,0.014120446518063545,0.013226804323494434,-20.924353077382218,-18.51659090254042,0.5691731770833334,0.5622775607638889
1,24,0.012597499415278435,0.011784499511122704,-18.549932368596394,-16.356618616316055,0.5596058786651235,0.5535590277777778
1,25,0.011277947574853897,0.010581236332654953,-16.44529477343147,-14.553889062669542,0.5501639660493827,0.5442762586805555
1,26,0.010106587782502174,0.009529896080493927,-14.589985170187774,-12.976472038692899,0.5438283661265432,0.5380696614583333
1,27,0.009145695716142654,0.008652402088046074,-13.112741577478102,-11.659512843026056,0.5366132571373456,0.5296712239583333
1,28,0.00827491469681263,0.007840946316719055,-11.756021985006921,-10.439019770092434,0.530613425925926,0.5252821180555556
1,29,0.007542257662862539,0.007168530486524105,-10.586603475500036,-9.427819432152642,0.5245087046682099,0.5190212673611111
1,30,0.006873168982565403,0.00654045632109046,-9.521701356805401,-8.481262662675645,0.521337287808642,0.517919921875
1,31,0.006303585134446621,0.006023818626999855,-8.627806216404762,-7.703678078121609,0.5196084104938271,0.51455078125
1,32,0.005805986933410168,0.005550350993871689,-7.84451466695762,-6.989334699842665,0.5155255353009259,0.5106825086805555
1,33,0.005335973110049963,0.005135866813361645,-7.111799624231127,-6.363944477505154,0.5129008728780864,0.5087076822916666
1,34,0.004956634249538183,0.004790620878338814,-6.489734390046862,-5.860660929150051,0.5104558497299383,0.5060872395833333
1,35,0.004630072973668575,0.004494933877140284,-5.988291136423746,-5.413111845652263,0.5068534191743828,0.50146484375
1,36,0.0043424880132079124,0.004225003533065319,-5.534383755554388,-5.004869498146904,0.5029803240740741,0.4976671006944444
1,37,0.004075062461197376,0.003970979247242212,-5.107043029643871,-4.619938964313931,0.49984266493055557,0.4939724392361111
1,38,0.0038433941081166267,0.003753545694053173,-4.736753527029061,-4.290528366300795,0.4958713107638889,0.4913791232638889
1,39,0.0036294793244451284,0.00355156185105443,-4.396413542311868,-3.984389156765408,0.4942539544753086,0.48995225694444444
1,40,0.0034375316463410854,0.0033643280621618032,-4.091272649647277,-3.7003230174382526,0.49245695891203706,0.48783637152777776
1,41,0.0032589882612228394,0.003192806150764227,-3.8105690755961854,-3.439947573343913,0.49024582851080245,0.48607313368055555
1,42,0.003091920865699649,0.003038779366761446,-3.540203026783319,-3.2067011859681873,0.4886809172453704,0.48390299479166665
1,43,0.002942295977845788,0.0028991769067943096,-3.300234404316655,-2.9948460314008924,0.48599476755401233,0.4811794704861111
1,44,0.0028083750512450933,0.002769879763945937,-3.08562309300458,-2.798469580544366,0.48445758584104937,0.4803927951388889
1,45,0.0026839859783649445,0.0026520630344748497,-2.889293414575082,-2.6196489307615494,0.48284987461419754,0.47881944444444446
1,46,0.002569721546024084,0.0025427890941500664,-2.7047048059510597,-2.45362462732527,0.481445915316358,0.4774088541666667
1,47,0.002465908881276846,0.002443938050419092,-2.5379888781794797,-2.303579044342041,0.4806755160108025,0.47747395833333334
1,48,0.0023677684366703033,0.002351525239646435,-2.3803526910734765,-2.163169267442491,0.48093171296296294,0.4772677951388889
1,49,0.0022749928757548332,0.002268570475280285,-2.223515274789598,-2.0372454033957585,0.48025716145833336,0.4762152777777778
1,50,0.0021916739642620087,0.002191986655816436,-2.089743705737738,-1.920845667521159,0.48007691936728397,0.4768337673611111
1,51,0.0021248646080493927,0.0021158773452043533,-1.9804374818448667,-1.801975851588779,0.47969774787808644,0.4765842013888889
1,52,0.0020600403659045696,0.002052773954346776,-1.8753434678654612,-1.706343788570828,0.47992078993055554,0.47733289930555556
1,53,0.0019973437301814556,0.0019943788647651672,-1.776479106184877,-1.6178343057632447,0.4802167727623457,0.4769151475694444
1,54,0.0019404717022553086,0.0019418203737586737,-1.681077296939897,-1.5384196413887872,0.48045548804012345,0.4769422743055556
1,55,0.0018897346453741193,0.0018934154650196433,-1.5996320600862857,-1.4649664004643759,0.48149353780864196,0.4784939236111111
1,56,0.001842126133851707,0.001847898936830461,-1.5241503600721007,-1.39604475763109,0.4812114197530864,0.478466796875
1,57,0.0017963473219424486,0.0018041821895167232,-1.4516059230875087,-1.3298469596438938,0.48106674382716047,0.47796766493055554
1,58,0.0017556729726493359,0.0017648024950176477,-1.384909122961539,-1.2701095395618014,0.481494743441358,0.4794650607638889
1,59,0.0017181835137307644,0.0017292110715061426,-1.3244914693596923,-1.2164528475867378,0.48292824074074076,0.480517578125
1,60,0.0016811686800792813,0.001693593803793192,-1.2656034107561465,-1.1625219530529447,0.484154972029321,0.4809624565972222
1,61,0.0016493323491886258,0.0016639137174934149,-1.213407333691915,-1.117772756682502,0.48436414930555555,0.4813693576388889
1,62,0.0016164574772119522,0.0016308777267113328,-1.162147663846428,-1.0672943194707234,0.4849344135802469,0.4824164496527778
1,63,0.0015880486462265253,0.0016053335275501013,-1.115818703616107,-1.0289683130052354,0.48649028260030863,0.4840494791666667
1,64,0.0015621173661202192,0.0015796199440956116,-1.0731857314521884,-0.9902682887183295,0.4881184895833333,0.48628472222222224
1,65,0.0015342808328568935,0.0015520069282501936,-1.0281555652618408,-0.9482666783862643,0.4899022231867284,0.48759223090277776
1,66,0.0015098883304744959,0.0015302130486816168,-0.9891773444634897,-0.9157003455691868,0.49120490933641975,0.4889377170138889
1,67,0.0014888511504977942,0.0015094929840415716,-0.9558119946055942,-0.8844784047868517,0.49194999035493825,0.4899848090277778
1,68,0.0014664295595139265,0.0014890020247548819,-0.9194244626127643,-0.8535217735502455,0.4939899209104938,0.4920844184027778
1,69,0.0014477453660219908,0.0014714915305376053,-0.8890810346897737,-0.8270488222440083,0.4956452546296296,0.493798828125
1,70,0.0014302253257483244,0.0014546728925779462,-0.8606582787301805,-0.8019350714153713,0.49755015432098765,0.4954644097222222
1,71,0.0014129336923360825,0.001437823986634612,-0.8331407395409949,-0.7762480364905463,0.49862919560185187,0.49679361979166664
1,72,0.0013962116790935397,0.0014218378346413374,-0.8057981811923746,-0.7521411776542664,0.500291763117284,0.4986762152777778
1,73,0.0013801795430481434,0.0014069043099880219,-0.7794260513635329,-0.7299857060114543,0.5023316936728395,0.5020073784722222
1,74,0.0013670622138306499,0.0013953594025224447,-0.758026076246191,-0.7127824200524224,0.5051848234953704,0.5044704861111111
1,75,0.0013551299925893545,0.0013836154248565435,-0.7390418885666648,-0.6952398975690206,0.5078770013503087,0.5069498697916667
1,76,0.0013412984553724527,0.0013699047267436981,-0.7165760787916772,-0.6743426243464152,0.5101496190200617,0.50966796875
1,77,0.0013310594949871302,0.001360341440886259,-0.7001443515589207,-0.6604361401663886,0.5130672501929012,0.5135199652777778
1,78,0.0013198318192735314,0.0013493811711668968,-0.6820056217688101,-0.6440119624137879,0.5170464409722222,0.5171875
1,79,0.0013101666700094938,0.001341027207672596,-0.6666793037343908,-0.6317682186762492,0.5199074074074074,0.5203070746527778
1,80,0.0013016953598707914,0.0013318685814738274,-0.6532192262602441,-0.6179920660124885,0.5236032744984568,0.5244357638888889
1,81,0.0012921716552227736,0.0013230325421318412,-0.6377371259677558,-0.6049787667062547,0.5271285445601852,0.5273600260416667
1,82,0.0012832576176151633,0.0013148663565516472,-0.6235110903963631,-0.5927958673901028,0.530104046103395,0.5311740451388889
1,83,0.0012749035377055407,0.001307023921981454,-0.6101605219605528,-0.5809615506066217,0.5337758005401234,0.5346571180555556
1,84,0.0012679669307544827,0.0013002525083720684,-0.5990712960561116,-0.5709999945428637,0.5368580005787037,0.538671875
1,85,0.0012599194888025522,0.0012920696754008532,-0.5862586265728797,-0.5587584575017294,0.5407648533950618,0.5425944010416667
1,86,0.0012522999895736575,0.0012857373803853989,-0.5738962010101035,-0.5494932373364766,0.5445481288580247,0.5462944878472222
1,87,0.0012464963365346193,0.0012802740093320608,-0.5647723236201722,-0.5414499574237399,0.5480052806712963,0.5505479600694444
1,88,0.0012403593864291906,0.0012743164552375674,-0.5549806931872426,-0.5326445248391893,0.5521580825617284,0.5542371961805556
1,89,0.0012349371099844575,0.001269000000320375,-0.5463677136986343,-0.525074655479855,0.5552830825617284,0.5573187934027778
1,90,0.0012290488230064511,0.0012624455848708749,-0.5368308274834245,-0.5152007659276326,0.559107952353395,0.5616102430555555
1,91,0.0012230116408318281,0.0012579848989844322,-0.5271642787956897,-0.5083929710918003,0.5627375096450618,0.5655978732638889
1,92,0.0012185793602839112,0.0012538654264062643,-0.5203076601028442,-0.5026585698127747,0.5661108699845679,0.5688205295138888
1,93,0.001215477241203189,0.001248808577656746,-0.5155495873203984,-0.49503398736317955,0.5687813464506173,0.571044921875
1,94,0.001209475682117045,0.001245691440999508,-0.5059531685746746,-0.4903114040692647,0.5716513551311728,0.5752387152777778
1,95,0.0012066308408975601,0.001242718892171979,-0.5015964415338304,-0.48600345187717015,0.574949966242284,0.5779622395833334
1,96,0.0012018957640975714,0.0012372173368930817,-0.49403431724618985,-0.47784019311269127,0.5773986062885802,0.5803819444444445
1,97,0.0011972475331276655,0.0012335514184087515,-0.48678224160347455,-0.4727335996097989,0.5802637924382716,0.5836046006944444
1,98,0.0011946598533540964,0.0012322578113526106,-0.4827769585597662,-0.47034065590964425,0.5829270351080247,0.5863172743055556
1,99,0.0011930271284654737,0.0012305454583838582,-0.4807017673680812,-0.46839407285054524,0.5847107687114198,0.5879720052083334
1,100,0.001188388210721314,0.0012256631162017584,-0.473416805267334,-0.46105932792027793,0.5875289351851852,0.5906412760416667
1,101,0.0011843946995213628,0.0012235383037477732,-0.4672023562737453,-0.4581498901049296,0.589353660300926,0.5929904513888888
1,102,0.001183183048851788,0.0012210286222398281,-0.46554320373652897,-0.4548099809222751,0.5913218557098765,0.594873046875
1,103,0.0011799675412476063,0.0012192020658403635,-0.4605955475642357,-0.45182269546720716,0.5930525414737654,0.5967502170138889
1,104,0.0011773583246394992,0.0012153140269219875,-0.45653373812451775,-0.4461010628276401,0.5950303819444445,0.598779296875
1,105,0.0011744399089366198,0.0012138744350522757,-0.4521708069024263,-0.444208648469713,0.5966820987654321,0.6006727430555555
1,106,0.0011713721323758364,0.0012100380845367908,-0.44718522907775127,-0.4375098678800795,0.5982482156635802,0.6020562065972223
1,107,0.0011693232227116823,0.0012100690510123968,-0.4441295138111821,-0.43823422855801053,0.5995177469135803,0.6032552083333333
1,108,0.0011690363753587008,0.0012102235341444612,-0.44412713286317423,-0.43825062645806206,0.6004201630015432,0.6044162326388889
1,109,0.0011690135579556227,0.0012091095559298992,-0.4442671109128881,-0.43727377123302885,0.6017897617669753,0.6064724392361112
1,110,0.0011666067875921726,0.0012075731065124273,-0.44037699743553443,-0.43485387298795913,0.6036042390046297,0.6074815538194445
1,111,0.0011672875843942165,0.0012070859083905816,-0.4422312952854015,-0.43430282142427235,0.6048550829475309,0.6091688368055556
1,112,0.0011650350643321872,0.0012055377010256052,-0.4388734738032023,-0.43195973502265084,0.606054084683642,0.6103135850694444
1,113,0.0011617224663496017,0.0012022778391838074,-0.433517113438359,-0.4272158278359307,0.6070631992669753,0.6114854600694445
1,114,0.0011593024246394634,0.0011998637346550822,-0.42955371111999324,-0.42347412109375,0.6082001109182099,0.6127983940972223
1,115,0.001157310325652361,0.0011985659366473556,-0.42642818762932294,-0.4211870074272156,0.6091833043981482,0.6136881510416666
1,116,0.0011557798134163022,0.0011983112199231982,-0.42416653765572443,-0.4212086253696018,0.6100248360339506,0.6145887586805555
1,117,0.0011539713013917208,0.0011939676478505135,-0.4209935036706336,-0.41419868734147813,0.6105438609182099,0.6149848090277777
1,118,0.0011524298461154103,0.0011950319167226553,-0.4187223094481009,-0.41598962942759193,0.6108344184027777,0.6151692708333333
1,119,0.0011514016659930348,0.001194097800180316,-0.4169033219784866,-0.41450969378153485,0.6113094376929012,0.6157823350694445
1,120,0.001152495387941599,0.0011964490404352546,-0.419697955508291,-0.41816201077567206,0.6116729359567902,0.6161458333333333
1,121,0.001154318917542696,0.0011971595231443644,-0.423102143222903,-0.41929587258232964,0.6119791666666666,0.6163899739583333
1,122,0.0011521317064762115,0.0011948344763368368,-0.41956389759793694,-0.415822086069319,0.6123920958719136,0.6169325086805556
1,123,0.0011510909534990788,0.0011942711425945163,-0.4180557125880394,-0.41534179051717124,0.612719425154321,0.6173611111111111
1,124,0.001149947289377451,0.0011928767198696733,-0.4165994323330161,-0.4132078846295675,0.6131377797067902,0.6178059895833333
1,125,0.001151561038568616,0.0011963027063757181,-0.4198220188235059,-0.4183480276001824,0.613453655478395,0.6180718315972222
1,126,0.0011515750084072351,0.001194522250443697,-0.4198793197855537,-0.4157798753844367,0.6137496383101851,0.6183756510416667
1,127,0.0011525487061589956,0.0011960791889578104,-0.42175645180690435,-0.418673488828871,0.6140492380401235,0.61884765625
1,128,0.0011520958505570889,0.0011959767434746027,-0.4211974232285111,-0.4181056433253818,0.6145417390046296,0.619482421875
1,129,0.001176732825115323,0.001215991796925664,-0.4686902709949164,-0.45142602258258396,0.6713059413580247,0.6879340277777778
1,130,0.0011677095899358392,0.0012278759386390448,-0.44744979084273917,-0.4648066149817573,0.6976496190200617,0.6383083767361111
1,131,0.0011707341764122248,0.0012026311596855521,-0.43701790733101925,-0.4294908881187439,0.6612606095679012,0.6396918402777778
1,132,0.0011562155559659004,0.0011903439881280065,-0.4151068447548666,-0.40956193076239694,0.6529230565200618,0.6291395399305556
1,133,0.0011492662597447634,0.001183138694614172,-0.403429471269066,-0.3988747239112854,0.6433877073688271,0.620361328125
1,134,0.001141595421358943,0.0011722886702045798,-0.39072960512137705,-0.38133740557564627,0.6377772955246913,0.6116807725694444
1,135,0.0011326847597956657,0.0011670754756778479,-0.37615143561068876,-0.37336725261476306,0.6229606722608024,0.5996202256944444
1,136,0.0011300286278128624,0.0011671434622257948,-0.37238909197442327,-0.3737115528848436,0.6117772231867284,0.5904730902777777
1,137,0.0011287924135103822,0.0011669384548440576,-0.3708557505666474,-0.37359348403082954,0.6022593557098765,0.5823133680555556
1,138,0.0011287523666396737,0.001167528796941042,-0.37137165319772414,-0.3747237271732754,0.5936439043209877,0.5761284722222222
1,139,0.0011316821910440922,0.0011706992518156767,-0.3750365017372885,-0.3800489717059665,0.5875771604938271,0.5782389322916667
1,140,0.0011372072622179985,0.0011699299793690443,-0.38426561694086336,-0.3793085018793742,0.5853232301311728,0.5749620225694444
1,141,0.0011292558629065752,0.001169021474197507,-0.37124121262703413,-0.3764015078544617,0.5816924672067901,0.5733940972222222
1,142,0.0011280002072453499,0.0011668044608086348,-0.36893335198178706,-0.3727985699971517,0.5771038290895062,0.5693305121527777
1,143,0.0011285217478871346,0.0011702056508511305,-0.36980237901946644,-0.3781441436873542,0.5738781587577161,0.5671875
1,144,0.0011296211741864681,0.0011714671272784472,-0.37150770749574824,-0.3803965131441752,0.5717158564814815,0.5655490451388889
1,145,0.0011312784627079964,0.0011729039251804352,-0.3744809016769315,-0.38267421854866873,0.570481891396605,0.56396484375
1,146,0.0011341879144310951,0.0011778015177696943,-0.3794595198866762,-0.39042121171951294,0.5688844280478395,0.5636501736111111
1,147,0.001135720987804234,0.0011772558791562915,-0.38219086432162624,-0.3899831626150343,0.5689151716820988,0.5634006076388889
1,148,0.001135288504883647,0.0011783024528995156,-0.381289776607796,-0.39122785727183024,0.5680724344135802,0.5629774305555556
1,149,0.0011374837486073375,0.0011809095740318298,-0.38533291890297405,-0.39610203239652847,0.567896412037037,0.562744140625
1,150,0.0011395011097192764,0.0011821732623502612,-0.3886979285581612,-0.3978942712148031,0.5685028452932098,0.5640245225694445
2,1,0.5209762454032898,0.46840202808380127,-814.3999276997131,-712.2304034762913,0.21788616415895062,0.2567816840277778
2,2,0.43416327238082886,0.39793169498443604,-679.6963960247275,-604.9686225043403,0.2995780285493827,0.3458333333333333
2,3,0.36462700366973877,0.3282295763492584,-567.7684426390094,-498.87576751708986,0.3804826147762346,0.42655164930555556
2,4,0.3012160658836365,0.2716395854949951,-470.2923898014021,-412.7315019395616,0.46346631462191357,0.49756944444444445
2,5,0.24851886928081512,0.22293028235435486,-388.05345865885414,-338.57146174112955,0.5190972222222222,0.53662109375
2,6,0.2030121386051178,0.18109357357025146,-315.9707824612841,-274.86396484375,0.544848934220679,0.5506727430555556
2,7,0.16437336802482605,0.14607545733451843,-256.48899576634534,-221.52681973775228,0.555419921875,0.5570366753472222
2,8,0.1323283612728119,0.11740362644195557,-206.17774064805772,-177.84242036607532,0.5561577690972223,0.5523111979166667
2,9,0.10630364716053009,0.09445571899414062,-165.0804582666468,-142.8695098876953,0.5511821228780864,0.5470594618055555
2,10,0.08574347198009491,0.07629190385341644,-133.37575108798933,-115.1796544816759,0.5448139708719136,0.5403971354166667
2,11,0.06944533437490463,0.06202313303947449,-107.61562106521042,-93.42013077206082,0.5391764322916667,0.5341362847222222
2,12,0.05667750537395477,0.05083650350570679,-87.92204400050787,-76.35439130995009,0.5333411699459877,0.5283799913194445
2,13,0.04663161188364029,0.04202279821038246,-72.15511476022226,-62.90373213026259,0.525317081404321,0.5182237413194445
2,14,0.03867188096046448,0.03509492427110672,-59.42432147249763,-52.32625419828627,0.5185197241512346,0.5136610243055556
2,15,0.03241760656237602,0.02956765703856945,-49.74855212458858,-43.88394825193617,0.511572265625,0.5061469184027778
2,16,0.027427837252616882,0.025141190737485886,-41.74517696286425,-37.12014942169189,0.5048177083333333,0.4998752170138889
2,17,0.023462964221835136,0.021555595099925995,-35.42519515944116,-31.638841258154976,0.4979335455246914,0.4928439670138889
2,18,0.02018841728568077,0.018631044775247574,-30.45735325401212,-27.16591714223226,0.4924141589506173,0.4872829861111111
2,19,0.01746883988380432,0.01624405011534691,-26.115099297629463,-23.51139186753167,0.4857614776234568,0.48024088541666665
2,20,0.015288076363503933,0.014278674498200417,-22.743225058802853,-20.50234473546346,0.47894904996141974,0.4729763454861111
2,21,0.013466589152812958,0.01262773759663105,-19.83561694121655,-17.97389488750034,0.4710473331404321,0.4669216579861111
2,22,0.011946449056267738,0.011250805109739304,-17.45802207817266,-15.863970767127142,0.4657757040895062,0.45990125868055554
2,23,0.010669185779988766,0.010083302855491638,-15.456074749981916,-14.074165195888943,0.4606861255787037,0.456494140625
2,24,0.009588104672729969,0.009096087887883186,-13.756646375891602,-12.559858507580227,0.456079402970679,0.4513943142361111
2,25,0.008667013607919216,0.008250456303358078,-12.307961633470324,-11.262121841642593,0.45107421875,0.4487087673611111
2,26,0.007870526984333992,0.007518419995903969,-11.05493579676122,-10.137919685575698,0.448876350308642,0.44507921006944445
2,27,0.007189030759036541,0.006893221288919449,-9.976670552477424,-9.177395669619242,0.44622154706790124,0.4424045138888889
2,28,0.006597808562219143,0.0063431719318032265,-9.047354682580924,-8.331719287236531,0.4417854214891975,0.439013671875
2,29,0.006087144836783409,0.005873612593859434,-8.232429086426158,-7.609601590368483,0.439843147183642,0.43708224826388886
2,30,0.005635973531752825,0.005452664103358984,-7.526189218627082,-6.961784564124214,0.43599416473765434,0.432470703125
2,31,0.005241183564066887,0.005086686462163925,-6.903922101303383,-6.398338505956862,0.4333345389660494,0.4302842881944444
2,32,0.004900110885500908,0.004768995102494955,-6.358300941373095,-5.908989882469177,0.43141215760030865,0.4273654513888889
2,33,0.004590190947055817,0.004475263878703117,-5.869547064216048,-5.456168717808193,0.42920283564814815,0.4271158854166667
2,34,0.004312383010983467,0.004219901282340288,-5.435882468871128,-5.062449084387885,0.42679337866512346,0.4244520399305556
2,35,0.004071969073265791,0.003992666956037283,-5.052304444195312,-4.711810750431485,0.42562632619598767,0.42178276909722223
2,36,0.0038527813740074635,0.003785855369642377,-4.702609159622663,-4.3924838516447275,0.4236177420910494,0.4205403645833333
2,37,0.0036507577169686556,0.0035949829034507275,-4.3815856053505415,-4.097616839408874,0.42079656153549383,0.4169162326388889
2,38,0.003471300471574068,0.0034262756817042828,-4.096090410962517,-3.836903797255622,0.4196849681712963,0.41714952256944443
2,39,0.0033097572159022093,0.003274333430454135,-3.844687530140818,-3.6020055638419257,0.4180778597608025,0.41543511284722223
2,40,0.0031621174421161413,0.003134527476504445,-3.6109555889058997,-3.385565071635776,0.41669258777006174,0.41374782986111114
2,41,0.0030287252739071846,0.003009859938174486,-3.395724023418662,-3.1925819979773626,0.41454415027006175,0.4117892795138889
2,42,0.0029086489230394363,0.0028955666348338127,-3.206314981130906,-3.015507703357273,0.4134506413966049,0.41058485243055554
2,43,0.0027989069931209087,0.002790914848446846,-3.0300411977885684,-2.8533426973554823,0.4117717978395062,0.40843098958333335
2,44,0.0026967076119035482,0.0026931085158139467,-2.8685000867019466,-2.7016502221425376,0.4091447241512346,0.4067328559027778
2,45,0.002604315523058176,0.0026067227590829134,-2.7201919626306603,-2.567733221583896,0.40799756462191356,0.4054958767361111
2,46,0.0025193816982209682,0.0025258497335016727,-2.587436051721926,-2.4422136730617945,0.407568962191358,0.4054904513888889
2,47,0.002439651405438781,0.002450128784403205,-2.4606554831987544,-2.3246673160129125,0.40640492380401233,0.4040473090277778
2,48,0.0023682713508605957,0.0023820630740374327,-2.3466492541042374,-2.2187973817189532,0.40404610339506175,0.40165473090277776
2,49,0.0022997790947556496,0.0023161594290286303,-2.23767580691679,-2.116415852970547,0.40446867766203703,0.40164388020833336
2,50,0.0022371551021933556,0.0022567722480744123,-2.13715916680701,-2.0240339782502916,0.40234254436728395,0.40042860243055556
2,51,0.002178333466872573,0.0022007368970662355,-2.0435403093879607,-1.9371925195058186,0.4022195698302469,0.3999294704861111
2,52,0.002125078346580267,0.0021503574680536985,-1.9591328182338197,-1.8585434092415705,0.4012339650848765,0.39874131944444446
2,53,0.0020737205632030964,0.0021003747824579477,-1.876570146172135,-1.780587583118015,0.4000584731867284,0.39804144965277777
2,54,0.0020268068183213472,0.002056316239759326,-1.8024244923650483,-1.7119491789076062,0.40000904224537037,0.39922960069444446
2,55,0.0019829911179840565,0.0020142311695963144,-1.7327099944338387,-1.6463553640577528,0.3997739438657407,0.39755859375
2,56,0.0019417221192270517,0.001974091399461031,-1.665342848977925,-1.5837531275219388,0.39890046296296294,0.39679904513888886
2,57,0.0019021129701286554,0.001937074470333755,-1.6031466572373,-1.5259762763977052,0.39876181520061726,0.39706488715277777
2,58,0.0018667081603780389,0.0019032652489840984,-1.5460800371052306,-1.4733030266231961,0.3993483555169753,0.39754774305555557
2,59,0.0018339420203119516,0.001871362212114036,-1.4942947994043798,-1.4235488255818685,0.39961721161265434,0.39777018229166666
2,60,0.0018017311813309789,0.001840734388679266,-1.4425037604791147,-1.3756505754258899,0.3993115837191358,0.39657118055555557
2,61,0.0017713141860440373,0.0018115406855940819,-1.3940963100503991,-1.3300849702623156,0.39819215374228395,0.3965603298611111
2,62,0.001743038184940815,0.0017841628286987543,-1.3490466303295559,-1.2872769461737739,0.3981614101080247,0.39632703993055557
2,63,0.001716303639113903,0.0017582669388502836,-1.3072764014020377,-1.2467679262161255,0.39820722415123455,0.3962890625
2,64,0.0016897586174309254,0.0017324064392596483,-1.2637715975443522,-1.2061860799789428,0.39806134259259257,0.3962890625
2,65,0.0016672867350280285,0.0017114666989073157,-1.2272477297135342,-1.1734282943937513,0.3980975115740741,0.39652777777777776
2,66,0.0016444012289866805,0.001688700052909553,-1.1908361735167328,-1.1377604564030965,0.39786241319444443,0.39631076388888886
2,67,0.001621627132408321,0.0016673847567290068,-1.1541865428288778,-1.1043524079852634,0.39814091435185184,0.39608832465277777
2,68,0.0016003635246306658,0.0016473052091896534,-1.119720690044356,-1.072729187541538,0.3980908805941358,0.39606662326388886
2,69,0.001581401564180851,0.0016290013445541263,-1.0891847831231576,-1.044035906261868,0.3977593315972222,0.3960774739583333
2,70,0.001563024241477251,0.0016111867735162377,-1.0600110133488974,-1.0161626444922554,0.3979865933641975,0.39608289930555557
2,71,0.001545722596347332,0.0015947490464895964,-1.0321553339192897,-0.9902343670527141,0.3979323398919753,0.39657118055555557
2,72,0.001528616645373404,0.0015776415821164846,-1.005006574112692,-0.9633820560243395,0.398046875,0.3963161892361111
2,73,0.0015123338671401143,0.0015622666105628014,-0.9788745682916523,-0.9392309188842773,0.3978063512731482,0.39608289930555557
2,74,0.0014967437600716949,0.001547335647046566,-0.9531320848582704,-0.9157479180230035,0.397705078125,0.3960774739583333
2,75,0.0015076757408678532,0.0015324001433327794,-0.9514179073734048,-0.892127948337131,0.3980619454089506,0.3960720486111111
2,76,0.0014682349283248186,0.0015208168188109994,-0.907780948686011,-0.8740456951989068,0.3982150607638889,0.3963161892361111
2,77,0.0014601163566112518,0.0015078233554959297,-0.8935371448964249,-0.853691119617886,0.398559268904321,0.3968098958333333
2,78,0.0014425941044464707,0.0014959999825805426,-0.8669987210520992,-0.8350744459364149,0.39790159625771604,0.3960991753472222
2,79,0.0014306595548987389,0.0014838825445622206,-0.847512439445213,-0.8159367905722724,0.39783709490740743,0.39632703993055557
2,80,0.0014186514308676124,0.0014722468331456184,-0.8285302689046036,-0.7975332975387573,0.39847788869598766,0.397314453125
2,81,0.0014068225864320993,0.0014614398824051023,-0.8090149526242857,-0.7805629120932684,0.39842423804012345,0.39609375
2,82,0.0013979955110698938,0.0014541319105774164,-0.7951797994566553,-0.7691385216183133,0.39810112847222223,0.39678819444444446
2,83,0.0013894333969801664,0.0014449246227741241,-0.7813349968121376,-0.7546274609035916,0.399048152970679,0.39777560763888886
2,84,0.001380116562359035,0.0014352675061672926,-0.7661873381814839,-0.7393216689427694,0.39911747685185184,0.39682074652777777
2,85,0.0013698055408895016,0.0014255940914154053,-0.7497221521389337,-0.7239756716622247,0.39936342592592594,0.39777560763888886
2,86,0.0013618662487715483,0.0014192108064889908,-0.7369288007418314,-0.7139207522074381,0.3995400511188272,0.39752604166666666
2,87,0.0013534622266888618,0.0014100255211815238,-0.7235105708793358,-0.6994270218743218,0.39951171875,0.396533203125
2,88,0.0013443244388327003,0.0014014686457812786,-0.7087231310797326,-0.6858687771691216,0.39791847511574074,0.3962890625
2,89,0.0013370150700211525,0.0013954611495137215,-0.6969418868606473,-0.6766768667432997,0.39894386574074076,0.3977593315972222
2,90,0.0013496929313987494,0.001432635122910142,-0.7190680196255813,-0.7539408418867323,0.3991409866898148,0.39739583333333334
2,91,0.0013489509001374245,0.0014222990721464157,-0.7089709292223424,-0.7366023619969686,0.3992145302854938,0.3970920138888889
2,92,0.0013361589517444372,0.0014149447670206428,-0.6942215163030742,-0.7244249900182088,0.39873709972993826,0.39747721354166665
2,93,0.0013286395696923137,0.0014061406254768372,-0.6821716089307526,-0.7099224170049031,0.39968593267746916,0.39886610243055554
2,94,0.001321156625635922,0.0013983692042529583,-0.6702248867647147,-0.6968729231092665,0.3999789014274691,0.39817708333333335
2,95,0.0013126374687999487,0.0013900534249842167,-0.6563085423575508,-0.6829327742258707,0.39915605709876545,0.3982747395833333
2,96,0.0013056264724582434,0.0013827169314026833,-0.6454254633114662,-0.6705138365427653,0.39958345389660493,0.39888237847222224
2,97,0.001300003845244646,0.0013759800931438804,-0.6363607993832341,-0.6591094997194078,0.3995997299382716,0.39934353298611114
2,98,0.0012916096020489931,0.0013668639585375786,-0.6232004320179975,-0.6438688966963027,0.3997468171296296,0.39942491319444445
2,99,0.0012846769532188773,0.001359311630949378,-0.6121748108922699,-0.6310819996727838,0.4000150704089506,0.40029296875
2,100,0.0012790512992069125,0.0013546963455155492,-0.6035189122329524,-0.6233744859695435,0.4010519145447531,0.40054796006944443
2,101,0.0012743264669552445,0.0013490748824551702,-0.5958380279717622,-0.6137417740292019,0.40102659625771603,0.4020236545138889
2,102,0.001268175896257162,0.001342813135124743,-0.5861379604280731,-0.6033038218816121,0.4016288097993827,0.40252278645833334
2,103,0.0012629490811377764,0.0013379023876041174,-0.5781916185661599,-0.5950196345647176,0.4013846691743827,0.40234375
2,104,0.0012574219144880772,0.0013318440178409219,-0.5691998442014058,-0.5846425056457519,0.402025462962963,0.4033962673611111
2,105,0.0012524824123829603,0.0013270755298435688,-0.561544914893162,-0.5767090559005738,0.40215928819444446,0.4042697482638889
2,106,0.0012467664200812578,0.0013208214659243822,-0.5526582610459976,-0.5660222450892131,0.4024619020061728,0.40428602430555555
2,107,0.0012408411130309105,0.0013148555299267173,-0.5431888318356173,-0.5560790379842122,0.40253544560185184,0.4047797309027778
2,108,0.0012371423654258251,0.0013115056790411472,-0.5372086589719043,-0.5504733827379015,0.40284529320987655,0.4053982204861111
2,109,0.001232330920174718,0.001307120081037283,-0.5296956286018277,-0.5431403504477607,0.4036801938657407,0.40647786458333335
2,110,0.001229422865435481,0.0013036720920354128,-0.5238473939306942,-0.5373715692096286,0.40467303240740743,0.406494140625
2,111,0.0012258102651685476,0.0012996741570532322,-0.518370650138384,-0.5307703018188477,0.4059497974537037,0.41009657118055554
2,112,0.0012215427123010159,0.001297268783673644,-0.5129047201003557,-0.5266202529271443,0.40548502604166664,0.40816514756944444
2,113,0.00121954339556396,0.0012948884395882487,-0.5100283125300467,-0.5229893181059095,0.40568154417438274,0.4094509548611111
2,114,0.0012168337125331163,0.001292759901843965,-0.5059378457658085,-0.5193442636066012,0.4049364631558642,0.40810546875
2,115,0.0012131462572142482,0.0012887733755633235,-0.500178826296771,-0.5129041247897678,0.4048490547839506,0.4085503472222222
2,116,0.001209488371387124,0.0012858114205300808,-0.49429491213810295,-0.5080946418974135,0.40526921778549385,0.4087673611111111
2,117,0.0012075958075001836,0.0012933372054249048,-0.49158164071448057,-0.5294006877475315,0.40564959490740743,0.40981987847222223
2,118,0.0012076537823304534,0.001281521050259471,-0.4922486462710816,-0.5013118108113607,0.40562186535493827,0.40939127604166664
2,119,0.0012024198658764362,0.0012807280290871859,-0.4836077244193466,-0.5000145859188504,0.4053747106481482,0.40902235243055557
2,120,0.001199834980070591,0.0012776711955666542,-0.4792158749368456,-0.4948383357789781,0.40716386959876544,0.40913628472222224
2,121,0.001197512843646109,0.0012753595365211368,-0.4756104110199728,-0.49132131470574275,0.40740318769290124,0.4092339409722222
2,122,0.0011946416925638914,0.001273732166737318,-0.47130461636884713,-0.4887413713667128,0.40699628665123455,0.40933702256944443
2,123,0.0011934784706681967,0.0012725882697850466,-0.46974098491080013,-0.4869544373618232,0.40694685570987654,0.409375
2,124,0.0011906928848475218,0.0012693129247054458,-0.46534547849937724,-0.4816910081439548,0.4070240162037037,0.40990125868055555
2,125,0.0011875961208716035,0.0012675111647695303,-0.46057323526453087,-0.47896323998769125,0.40691550925925923,0.4095052083333333
2,126,0.0011860416270792484,0.001268518972210586,-0.45834906425005123,-0.4832122882207235,0.4068094135802469,0.40962999131944444
2,127,0.0011862171813845634,0.0012913162354379892,-0.4591848862024001,-0.5478960196177165,0.40691550925925923,0.4103732638888889
2,128,0.0011843583779409528,0.0012892676750198007,-0.4563312873428251,-0.5443491670820448,0.40698905285493825,0.4104275173611111
2,129,0.0011808224953711033,0.0012862455332651734,-0.4507135885733145,-0.5392450703514947,0.40703546971450616,0.41047092013888886
2,130,0.0011788785923272371,0.0012852055951952934,-0.4471483978224389,-0.5374885426627265,0.406982421875,0.4105631510416667
2,131,0.0011921441182494164,0.0012811734341084957,-0.4559711393014884,-0.5300629695256551,0.40628014081790126,0.4107421875
2,132,0.0012573476415127516,0.001276995986700058,-0.669831167768549,-0.5218584113650852,0.4015034239969136,0.4111382378472222
2,133,0.0011814347235485911,0.0012523208279162645,-0.4482021147822156,-0.45477625528971355,0.40794994212962965,0.4097710503472222
2,134,0.0011716471053659916,0.0012493182439357042,-0.43705723962666077,-0.45010704464382595,0.4075074749228395,0.409765625
2,135,0.001182154519483447,0.001250303233973682,-0.48138634246072654,-0.45352332062191436,0.40769856770833335,0.41008572048611114
2,136,0.0011825780384242535,0.0012487102067098022,-0.481979105796343,-0.44891462590959336,0.40791799286265434,0.4095323350694444
2,137,0.001178559148684144,0.001245930208824575,-0.47506248229815634,-0.44457244078318275,0.4075056664737654,0.4095269097222222
2,138,0.0011759352637454867,0.0012441144790500402,-0.46924543807535996,-0.4416995366414388,0.40772087191358025,0.4100151909722222
2,139,0.0011734692379832268,0.001241769059561193,-0.46507049166126013,-0.43798172738817004,0.4078125,0.4095431857638889
2,140,0.00117067014798522,0.0012395554222166538,-0.46002878053688706,-0.43448019292619494,0.40757559317129627,0.4095269097222222
2,141,0.0011688093654811382,0.0012395731173455715,-0.4565996164157067,-0.434625588523017,0.4078757957175926,0.4099880642361111
2,142,0.0011675306595861912,0.0012380067491903901,-0.4541920226297261,-0.43249275154537625,0.4079023196373457,0.40973849826388886
2,143,0.0011669560335576534,0.0012382559943944216,-0.4529095165523482,-0.43312759399414064,0.40817298418209874,0.40997178819444446
2,144,0.001164968591183424,0.0012367952149361372,-0.44898963842862916,-0.4309032890531752,0.40782154224537037,0.40951063368055557
2,145,0.0011631329543888569,0.0012363711139187217,-0.44582039500460213,-0.43019854492611354,0.4078908661265432,0.409765625
2,146,0.0011623873142525554,0.0012351118493825197,-0.44402397871017457,-0.4282911539077759,0.407959587191358,0.40951605902777777
2,147,0.0011602784506976604,0.0012345168506726623,-0.44009068188843903,-0.4275097476111518,0.4079963589891975,0.4095052083333333
2,148,0.0011590265203267336,0.0012339574750512838,-0.43768663244482914,-0.42665953636169435,0.4082839023919753,0.4101779513888889
2,149,0.0011571701616048813,0.001233146758750081,-0.43410179791627107,-0.4255099852879842,0.40885597511574073,0.41018880208333336
2,150,0.001157592050731182,0.001234259456396103,-0.4347059302859836,-0.4274809413486057,0.4084575135030864,0.4099392361111111
3,1,0.5060738921165466,0.45609861612319946,-791.5483926090193,-695.0367380777994,0.21891095196759258,0.2635036892361111
3,2,0.41880500316619873,0.3800962567329407,-654.1960656248493,-577.9806735568576,0.3107373649691358,0.35977105034722223
3,3,0.3482291102409363,0.3152698874473572,-545.2237048961498,-479.1325158013238,0.4005690586419753,0.44418402777777777
3,4,0.28952425718307495,0.261572003364563,-451.73295398288303,-397.4086466471354,0.471190803433642,0.49824761284722224
3,5,0.23921549320220947,0.2148589938879013,-374.12944136254583,-326.277493625217,0.5108247733410494,0.5255533854166666
3,6,0.1953783631324768,0.17455141246318817,-305.13531548770857,-264.85568457709417,0.5322868441358025,0.5337565104166667
3,7,0.15809927880764008,0.14070960879325867,-246.4005015855954,-213.3098164876302,0.5351791570216049,0.5353407118055555
3,8,0.12719619274139404,0.1130213737487793,-198.08203606782135,-171.11979743109808,0.5353726610725309,0.5333170572916667
3,9,0.10219885408878326,0.09087006747722626,-159.07122336964548,-137.36825442843968,0.5335033275462963,0.5292914496527777
3,10,0.08229240775108337,0.07335592806339264,-127.77151947492435,-110.67694765726725,0.530908805941358,0.5265299479166666
3,11,0.06658079475164413,0.05957396700978279,-102.9535951849855,-89.66721538967556,0.5256154755015432,0.5225477430555555
3,12,0.054284196346998215,0.04880045726895332,-84.06646227189053,-73.23882378472223,0.5217695071373457,0.5178168402777777
3,13,0.04464767500758171,0.04033489525318146,-68.8015108814946,-60.32608837551541,0.5166895736882716,0.5121690538194444
3,14,0.03706056624650955,0.0336608812212944,-56.955059347034975,-50.14276642269559,0.5120611496913581,0.5074761284722222
3,15,0.03104964643716812,0.028341684490442276,-47.42106206211043,-42.02386086781819,0.5051691502700617,0.49820421006944443
3,16,0.026243172585964203,0.024075569584965706,-39.91122953038157,-35.509775733947755,0.49804868344907405,0.49508463541666664
3,17,0.022392181679606438,0.020645897835493088,-33.89898472420963,-30.271076477898493,0.4919560185185185,0.48682725694444445
3,18,0.019280681386590004,0.017863284796476364,-29.01995750474341,-26.01903010474311,0.48476381655092593,0.47952473958333336
3,19,0.01673894003033638,0.01557461079210043,-25.009411918969803,-22.52046905093723,0.47876157407407405,0.4731499565972222
3,20,0.014642851427197456,0.013680102303624153,-21.679718623337923,-19.623240608639186,0.47105396412037037,0.4654568142361111
3,21,0.012906954623758793,0.012104161083698273,-18.98554454791693,-17.212247297498916,0.4654134114583333,0.4613226996527778
3,22,0.011450042948126793,0.010780245065689087,-16.67929985611527,-15.186107836829292,0.46047212577160496,0.45660807291666666
3,23,0.010233714245259762,0.009670833125710487,-14.747900670840416,-13.487321419186062,0.4563530815972222,0.4532606336805556
3,24,0.009203895926475525,0.008726044557988644,-13.1502050364459,-12.040163485209147,0.4521460262345679,0.4476508246527778
3,25,0.008325530216097832,0.007917100563645363,-11.759380251684307,-10.800361522038777,0.44694130979938274,0.44277886284722223
3,26,0.007572873495519161,0.007223518565297127,-10.578295332708477,-9.737018044789632,0.4430615837191358,0.43963216145833334
3,27,0.006928309798240662,0.006628585048019886,-9.55005853853108,-8.824587482876249,0.43961769386574073,0.4368760850694444
3,28,0.006364480126649141,0.006100589409470558,-8.655983703519091,-8.014218309190538,0.43622866030092594,0.4323187934027778
3,29,0.005871794186532497,0.005645330995321274,-7.875923176459324,-7.315365340974596,0.43367633584104937,0.42989366319444444
3,30,0.005444449372589588,0.005244922824203968,-7.216972863232648,-6.700450494554308,0.43244297357253086,0.43013780381944444
3,31,0.005069117061793804,0.004895181395113468,-6.622539525561862,-6.162926562627157,0.4310962818287037,0.4289333767361111
3,32,0.004737466108053923,0.004583001136779785,-6.096373339641241,-5.683019807603624,0.4288917824074074,0.42622612847222224
3,33,0.004438718780875206,0.004302888177335262,-5.622396319883841,-5.2522301197052,0.4262821903935185,0.42283528645833335
3,34,0.00417797826230526,0.004059187602251768,-5.205230845934079,-4.877200365066528,0.4235695167824074,0.42137586805555555
3,35,0.003942000679671764,0.00383479124866426,-4.832738158143597,-4.531782881418864,0.42239945023148145,0.4192979600694444
3,36,0.003733725054189563,0.0036389788147062063,-4.508834271960788,-4.230266981654697,0.42145122010030867,0.4184624565972222
3,37,0.0035440041683614254,0.0034587779082357883,-4.201371936739227,-3.952818332778083,0.41962046682098764,0.41770833333333335
3,38,0.0033735791221261024,0.0032978341914713383,-3.934285805254807,-3.7046390586429174,0.4181520061728395,0.41504991319444445
3,39,0.003219317877665162,0.0031525639351457357,-3.6877209857658104,-3.480817739168803,0.4159637827932099,0.41214735243055556
3,40,0.0030810129828751087,0.0030201654881238937,-3.4716393061626105,-3.2765766567654078,0.41398533950617283,0.41182183159722224
3,41,0.0029548064339905977,0.0029013571329414845,-3.2677556032015955,-3.093323466512892,0.4134337625385803,0.41018880208333336
3,42,0.0028411410748958588,0.002792114857584238,-3.088547120270906,-2.924438336160448,0.4114058883101852,0.4092068142361111
3,43,0.002735423855483532,0.002690879162400961,-2.9209761284015796,-2.7683234082327948,0.4107156635802469,0.4083333333333333
3,44,0.002636753022670746,0.0025965615641325712,-2.7649933644282965,-2.622675217522515,0.4097819010416667,0.40630967881944446
3,45,0.0025502447970211506,0.0025149877183139324,-2.625246191613468,-2.496453865369161,0.40775040991512346,0.40595703125
3,46,0.0024682299699634314,0.0024351179599761963,-2.495910761680132,-2.3729716459910075,0.4076093508873457,0.40545789930555554
3,47,0.0023922990076243877,0.002362374681979418,-2.3743433990596254,-2.260636395878262,0.4066219376929012,0.403857421875
3,48,0.0023213732056319714,0.00229441374540329,-2.2624567867797096,-2.155345532629225,0.40535542052469137,0.40240342881944446
3,49,0.0022562858648598194,0.0022327671758830547,-2.159120840202143,-2.060057216220432,0.4039146894290123,0.4021809895833333
3,50,0.0021966942586004734,0.002175054745748639,-2.0640956266426747,-1.970633684264289,0.40314850983796297,0.40072157118055557
3,51,0.002141206990927458,0.0021218841429799795,-1.9743727975421481,-1.8883475886450873,0.4029483748070988,0.39969075520833336
3,52,0.0020900580566376448,0.0020728232339024544,-1.893422011092857,-1.81203965610928,0.4014949845679012,0.3990397135416667
3,53,0.0020406118128448725,0.002024698071181774,-1.8141622661072532,-1.737487022082011,0.40131956500771604,0.4002224392361111
3,54,0.00199557701125741,0.0019818332511931658,-1.7430576939641693,-1.6710522731145223,0.4019115306712963,0.39975043402777777
3,55,0.0019539929926395416,0.0019411910325288773,-1.6749564721260541,-1.6081787904103597,0.40074930073302467,0.39852430555555557
3,56,0.0019161818781867623,0.001905239769257605,-1.6150262888566946,-1.5524369928571913,0.4007523148148148,0.39877387152777777
3,57,0.0018781665712594986,0.0018680067732930183,-1.554706968790219,-1.4947380383809408,0.39959068769290124,0.3978298611111111
3,58,0.0018419810803607106,0.0018330514430999756,-1.4964679532580905,-1.4402824375364516,0.40015974633487655,0.39816080729166664
3,59,0.0018098822329193354,0.0018022971926257014,-1.4452961333004044,-1.3926380687289768,0.40032130111882713,0.3990342881944444
3,60,0.0017792872386053205,0.0017723134951665998,-1.3972037524352838,-1.3457698106765748,0.4003761574074074,0.3977593315972222
3,61,0.0017492618644610047,0.0017435529734939337,-1.348580425756949,-1.3010679483413696,0.399488208912037,0.3973415798611111
3,62,0.001722116256132722,0.0017172371735796332,-1.3044684286470767,-1.2602862093183729,0.3991572627314815,0.3973307291666667
3,63,0.001695845159702003,0.0016921802889555693,-1.262796261869831,-1.2213309235042995,0.3992235725308642,0.3973198784722222
3,64,0.0016711610369384289,0.001667796983383596,-1.223519492149353,-1.1833020819558038,0.3993941695601852,0.3975965711805556
3,65,0.0016477940371260047,0.0016453396528959274,-1.186623951535166,-1.1482071770562066,0.39956597222222223,0.3970703125
3,66,0.0016257325187325478,0.0016243725549429655,-1.1506142092339786,-1.1156100432078044,0.3992338204089506,0.3970865885416667
3,67,0.0016073512379080057,0.0016066173557192087,-1.1212500916586983,-1.0881011777453953,0.39932484567901233,0.3978135850694444
3,68,0.0015874002128839493,0.0015870436327531934,-1.089420234715497,-1.057487628195021,0.399413459683642,0.3973415798611111
3,69,0.0015689197462052107,0.0015697120688855648,-1.0597173896836647,-1.0304118898179797,0.39943455825617286,0.3975802951388889
3,70,0.0015516076236963272,0.001552580390125513,-1.0323050681455637,-1.0036909977595012,0.3995490933641975,0.39736328125
3,71,0.0015351236797869205,0.0015366995939984918,-1.0056972250526335,-0.9789017889234755,0.39948941454475306,0.3985568576388889
3,72,0.0015196781605482101,0.0015211619902402163,-0.9806345574649764,-0.9546551174587674,0.3992458767361111,0.3973307291666667
3,73,0.0015031457878649235,0.0015050431247800589,-0.9540351679295669,-0.9297631661097209,0.3990336853780864,0.3970920138888889
3,74,0.0014887594152241945,0.0014911890029907227,-0.9308139277093205,-0.9081084171930949,0.3992555217978395,0.3978244357638889
3,75,0.001473577693104744,0.0014761844649910927,-0.9066743980219335,-0.8846035877863566,0.40018988715277776,0.3980577256944444
3,76,0.0014604823663830757,0.0014641131274402142,-0.8856777361881586,-0.8658620013131035,0.39994273244598766,0.3970757378472222
3,77,0.0014483934501186013,0.0014522208366543055,-0.8664679603812135,-0.8470327403810289,0.39926154996141977,0.3970811631944444
3,78,0.0014370386488735676,0.0014419390354305506,-0.8481400592827503,-0.8311534590191312,0.39942250192901235,0.3978244357638889
3,79,0.0014265445061028004,0.001431431621313095,-0.831221819806982,-0.8146979014078776,0.39999638310185187,0.3987955729166667
3,80,0.0014152631629258394,0.0014197740238159895,-0.8131302306681504,-0.7964134693145752,0.3999855324074074,0.398046875
3,81,0.0014057564549148083,0.0014110432239249349,-0.7977490731227546,-0.7828700966305203,0.3992097077546296,0.3970865885416667
3,82,0.00139556301292032,0.0014014748157933354,-0.7816285998732956,-0.7676510281032987,0.39898365162037036,0.3970865885416667
3,83,0.0013860755134373903,0.0013925498351454735,-0.7662333441369328,-0.7536976946724786,0.39894145447530865,0.3970865885416667
3,84,0.0013779625296592712,0.0013847565278410912,-0.7532520950576406,-0.7416307846705119,0.3990210262345679,0.3973198784722222
3,85,0.0013700519921258092,0.001376346219331026,-0.7406779102337213,-0.7284671862920126,0.3990499614197531,0.3975368923611111
3,86,0.0013595346827059984,0.0013661060947924852,-0.7237592672124321,-0.7124799701902601,0.39906262056327163,0.3970703125
3,87,0.0013504812959581614,0.0013577563222497702,-0.7089656482508153,-0.6992954598532782,0.3989866657021605,0.39706488715277777
3,88,0.0013424975331872702,0.0013497555628418922,-0.6961659098848885,-0.6869262377421061,0.3989818431712963,0.3970865885416667
3,89,0.0013350670924410224,0.0013426183722913265,-0.6840247352917989,-0.6756398412916396,0.399095775462963,0.39730902777777777
3,90,0.0013275053352117538,0.0013346204068511724,-0.6719174012725736,-0.6632042249043782,0.3989607445987654,0.3970703125
3,91,0.0013194861821830273,0.0013276381650939584,-0.6589224949295138,-0.6519611756006877,0.3989408516589506,0.3970974392361111
3,92,0.0013133564498275518,0.0013216291554272175,-0.6490097556585147,-0.6428298128975762,0.39897400655864196,0.3970865885416667
3,93,0.0013081702636554837,0.001316804438829422,-0.6408072169916129,-0.6351755407121447,0.3990288628472222,0.3970865885416667
3,94,0.0013020634651184082,0.0013106751721352339,-0.6309756683714596,-0.6255255354775323,0.39925733024691357,0.397314453125
3,95,0.0012972531840205193,0.001306332414969802,-0.6231501720569752,-0.6187931961483426,0.39927420910493827,0.3978081597222222
3,96,0.0012916105333715677,0.0013002239866182208,-0.6140510978522125,-0.6093556404113769,0.39902223186728397,0.3970974392361111
3,97,0.0012855571694672108,0.0012944185873493552,-0.6043157876273733,-0.5999449253082275,0.3995967158564815,0.3970811631944444
3,98,0.0012807880993932486,0.0012900703586637974,-0.5966120213638118,-0.593161424001058,0.3993501639660494,0.3982964409722222
3,99,0.0012756144860759377,0.0012850705534219742,-0.5882373003312099,-0.5852632761001587,0.39973295235339507,0.3995171440972222
3,100,0.0012704216642305255,0.001279370510019362,-0.5798556442613955,-0.5765803575515747,0.3992808400848765,0.3970811631944444
3,101,0.0012654850725084543,0.0012752695474773645,-0.57195124876352,-0.5698984437518649,0.3993772907021605,0.3973253038194444
3,102,0.0012618235778063536,0.0012725034030154347,-0.566131466553535,-0.5658042245441013,0.4007776331018518,0.3995279947916667
3,103,0.0012582005001604557,0.0012683658860623837,-0.5602561176559071,-0.559092722998725,0.3997932339891975,0.3970865885416667
3,104,0.0012540874304249883,0.0012643830850720406,-0.5536618797867386,-0.5528599129782783,0.3992736062885803,0.3970757378472222
3,105,0.0012507865903899074,0.0012613374274224043,-0.5484790685736103,-0.548002666897244,0.3996208285108025,0.39804144965277777
3,106,0.0012463912134990096,0.0012569344835355878,-0.5412847724961646,-0.5409818569819133,0.4008692611882716,0.39852430555555557
3,107,0.0012432943331077695,0.0012539102463051677,-0.5365025945651678,-0.5363118251164755,0.4005973910108025,0.3970865885416667
3,108,0.0012389901094138622,0.0012496536364778876,-0.5294458075805947,-0.5295313278834025,0.39966664255401235,0.39822591145833336
3,109,0.0012354914797469974,0.0012471481459215283,-0.5238271274684388,-0.5258449342515733,0.39924225983796297,0.39755316840277777
3,110,0.001232965849339962,0.001244250568561256,-0.5197986093568213,-0.5210397322972615,0.39924527391975306,0.3970703125
3,111,0.0012291140155866742,0.0012404841836541891,-0.5135011649426119,-0.5150758107503255,0.3989547164351852,0.3970811631944444
3,112,0.0012254314497113228,0.0012370999902486801,-0.507458276807526,-0.5099090629153782,0.3990445360725309,0.3970920138888889
3,113,0.0012229724088683724,0.0012346080038696527,-0.5035759496100155,-0.5060841745800442,0.39899510513117287,0.3970920138888889
3,114,0.0012211296707391739,0.0012324971612542868,-0.500686643594577,-0.5029303630193075,0.3989866657021605,0.3970920138888889
3,115,0.0012178323231637478,0.0012291028397157788,-0.4953621617069951,-0.49752967887454563,0.39897882908950616,0.3970757378472222
3,116,0.0012138800229877234,0.0012256249319761992,-0.4888474976574933,-0.4919953637652927,0.3989330150462963,0.3970920138888889
3,117,0.0012110231909900904,0.0012227140832692385,-0.4842165013890208,-0.48740255567762586,0.3989426601080247,0.3971082899305556
3,118,0.001209249603562057,0.0012216854374855757,-0.4814016570279628,-0.4857534779442681,0.3989384403935185,0.3971137152777778
3,119,0.0012074689147993922,0.0012198812328279018,-0.47857111192043916,-0.4829374074935913,0.3991138599537037,0.3973361545138889
3,120,0.0012044295435771346,0.0012159869074821472,-0.47353812691606123,-0.4768801291783651,0.3990433304398148,0.3971028645833333
3,121,0.0012012708466500044,0.0012130190152674913,-0.46830037582067796,-0.4721591234207153,0.39910059799382713,0.397119140625
3,122,0.0011993194930255413,0.0012120052706450224,-0.4652255221649452,-0.4703028784857856,0.39896616994598766,0.39712999131944443
3,123,0.001196876517497003,0.0012094560079276562,-0.4611401731585279,-0.4662743886311849,0.3989456741898148,0.39712456597222223
3,124,0.0011951862834393978,0.001208144472911954,-0.45857272530779425,-0.46411591900719534,0.3989384403935185,0.3971354166666667
3,125,0.0011929930187761784,0.001206035609357059,-0.455077126585407,-0.460752985212538,0.3989384403935185,0.3971137152777778
3,126,0.001190945040434599,0.0012033173115924,-0.45176303180647487,-0.45655554665459525,0.3989402488425926,0.39712456597222223
3,127,0.0011903592385351658,0.001203320687636733,-0.4508980954134906,-0.457120140393575,0.39895351080246916,0.3971082899305556
3,128,0.0011884166160598397,0.0012012324295938015,-0.44765940713293756,-0.45370419025421144,0.39898787133487656,0.3971082899305556
3,129,0.0011865058913826942,0.0011989336926490068,-0.4446921279400955,-0.4500950495402018,0.39893000096450615,0.3971137152777778
3,130,0.0011845009867101908,0.0011980910785496235,-0.4413573990633458,-0.44848793082767063,0.3992458767361111,0.3980848524305556
3,131,0.0011834632605314255,0.0011967683676630259,-0.4397905686755239,-0.4465729104148017,0.3994954427083333,0.3980740017361111
3,132,0.0011813578894361854,0.001194352051243186,-0.43627559152650247,-0.44280071788363984,0.3996799045138889,0.3975965711805556
3,133,0.0011789416894316673,0.001191933872178197,-0.43229592817801016,-0.43877932495541044,0.3990559895833333,0.3971028645833333
3,134,0.0011771763674914837,0.0011909476015716791,-0.42944199214746925,-0.437104762925042,0.3990686487268518,0.3971082899305556
3,135,0.0011757072061300278,0.0011892241891473532,-0.4269738334196585,-0.434526260693868,0.3990794994212963,0.3970974392361111
3,136,0.0011761031346395612,0.0011902463156729937,-0.42783733827096443,-0.4360365443759494,0.3990041473765432,0.3973470052083333
3,137,0.0011744443327188492,0.0011881825048476458,-0.42514079632582485,-0.4330034097035726,0.39892939814814815,0.3971028645833333
3,138,0.0011747139506042004,0.0011886712163686752,-0.4257614343254654,-0.43387089835272896,0.3991066261574074,0.3970920138888889
3,139,0.0011729636462405324,0.001186117995530367,-0.4228404716209129,-0.42970120906829834,0.39902042341820987,0.3971028645833333
3,140,0.0011712478008121252,0.0011851941235363483,-0.41991432581418825,-0.42829048103756373,0.39896436149691356,0.3970757378472222
3,141,0.001169831259176135,0.0011835482437163591,-0.4176449031005671,-0.4254737377166748,0.39893000096450615,0.39706488715277777
3,142,0.001167594688013196,0.0011810566065832973,-0.4138551304369797,-0.42154127226935495,0.3992941020447531,0.3980577256944444
3,143,0.0011673218104988337,0.0011813866440206766,-0.41361133331134,-0.42206631236606174,0.3992211612654321,0.3970703125
3,144,0.001165692345239222,0.0011798180639743805,-0.41104804233268455,-0.4196309831407335,0.3990547839506173,0.3970974392361111
3,145,0.0011653787223622203,0.00117942423094064,-0.4106049128520636,-0.41907819906870525,0.3989679783950617,0.39706488715277777
3,146,0.001162867178209126,0.0011767272371798754,-0.40638212539531565,-0.4144023895263672,0.3990698543595679,0.39777560763888886
3,147,0.001161374500952661,0.0011753591243177652,-0.40396549377912355,-0.41256693204243977,0.3990216290509259,0.3970757378472222
3,148,0.0011598747223615646,0.0011746305972337723,-0.40153834746207717,-0.4111247460047404,0.39901982060185187,0.3970811631944444
3,149,0.0011600980069488287,0.0011753467842936516,-0.4020318734793015,-0.4123704406950209,0.3990041473765432,0.3970920138888889
3,150,0.001159201143309474,0.0011735931038856506,-0.40060530768500435,-0.4094987259970771,0.3989896797839506,0.3973361545138889
4,1,0.5161551237106323,0.4609844386577606,-808.2415282072844,-686.1003292507595,0.21241018036265433,0.2654622395833333
4,2,0.4311754107475281,0.39271849393844604,-676.599035248933,-584.0779600355361,0.3014075761959877,0.3480305989583333
4,3,0.3629581928253174,0.3313494324684143,-569.2183653654876,-491.0104512532552,0.39689248167438274,0.4437717013888889
4,4,0.3067653775215149,0.2775214910507202,-478.62552656008876,-412.45055338541664,0.47637381847993826,0.500048828125
4,5,0.2586614191532135,0.23300141096115112,-404.7735538435571,-348.0810009426541,0.5179518711419753,0.5261664496527778
4,6,0.21466350555419922,0.19176624715328217,-335.77099587711285,-286.0545859442817,0.5357644917052469,0.5388617621527778
4,7,0.17585307359695435,0.15605691075325012,-274.8287053897057,-232.93360078599719,0.5427680121527778,0.541796875
4,8,0.14262622594833374,0.12562330067157745,-222.4597357997188,-187.4887646145291,0.5433141637731481,0.540234375
4,9,0.11537660658359528,0.101228266954422,-180.37658642427422,-151.13760799831815,0.5414484471450617,0.5377983940972222
4,10,0.09395921230316162,0.08172532171010971,-146.51614994943878,-122.03101382785373,0.5401210455246913,0.5347601996527778
4,11,0.07776551693677902,0.06629092246294022,-120.26647458959509,-98.96692742241754,0.5376501012731482,0.5297960069444444
4,12,0.06304675340652466,0.05417749285697937,-97.6409171987463,-80.8395214928521,0.5325605227623457,0.5242458767361111
4,13,0.050762519240379333,0.04466807097196579,-78.86479292504582,-66.57088389926487,0.5244170765817902,0.5180555555555556
4,14,0.042133476585149765,0.03715021163225174,-65.31461717817518,-55.27617891099718,0.5196084104938271,0.5142144097222222
4,15,0.03531976789236069,0.031159501522779465,-54.48524832077968,-46.26095422108968,0.5154929832175926,0.5097981770833333
4,16,0.029877707362174988,0.026386503130197525,-45.89225585607835,-39.0606519487169,0.5087697723765432,0.5003309461805555
4,17,0.025519510731101036,0.022546987980604172,-39.05206973817614,-33.25840023888482,0.5020543981481481,0.4934299045138889
4,18,0.022151201963424683,0.01943739503622055,-33.49784699192754,-28.548674795362686,0.4944456500771605,0.48736979166666666
4,19,0.01925918459892273,0.016875721514225006,-29.031962882736583,-24.660584089491103,0.48868694540895063,0.48040364583333334
4,20,0.01686672680079937,0.014768985100090504,-25.214701832665337,-21.45593958960639,0.4815309124228395,0.47343207465277776
4,21,0.014878673478960991,0.013013646006584167,-22.122887875710006,-18.780417092641194,0.47578426408179014,0.46786566840277777
4,22,0.013221092522144318,0.011558163911104202,-19.48315942905567,-16.557459301418728,0.47020097897376545,0.46258138020833334
4,23,0.011808454990386963,0.010335513390600681,-17.288530899565895,-14.68581549856398,0.4646098572530864,0.4579264322916667
4,24,0.010646996088325977,0.00927650649100542,-15.460757854249742,-13.059623797734579,0.4616892119984568,0.45514322916666666
4,25,0.009642479009926319,0.008398940786719322,-13.865077830538338,-11.710311592949761,0.45918812692901234,0.4522515190972222
4,26,0.008784055709838867,0.007640485651791096,-12.515111869647178,-10.541474469502766,0.45667498553240743,0.44913194444444443
4,27,0.008037932217121124,0.006983949337154627,-11.33129812464302,-9.527294254302978,0.4528754340277778,0.4457790798611111
4,28,0.007389235310256481,0.00641534011811018,-10.315062257684307,-8.648007138570149,0.4494779610339506,0.44123263888888886
4,29,0.006820629350841045,0.0059177870862185955,-9.398945134657401,-7.876855908499824,0.4463505497685185,0.4388346354166667
4,30,0.00632136408239603,0.0054813046008348465,-8.629947059242813,-7.199157592985365,0.4446958188657407,0.43757052951388886
4,31,0.005888705141842365,0.0051046134904026985,-7.948529052440031,-6.612717262903849,0.4423062548225309,0.43498806423611114
4,32,0.005498927552253008,0.004766898229718208,-7.31668737847128,-6.0860520627763535,0.43981180073302467,0.43241102430555556
4,33,0.005155028775334358,0.004469740204513073,-6.781910015918591,-5.621810950173272,0.4369436005015432,0.4290364583333333
4,34,0.004848533309996128,0.004204047843813896,-6.3040718587828275,-5.205526150597466,0.4353593991126543,0.4276041666666667
4,35,0.004572560079395771,0.003967028111219406,-5.864767299463719,-4.833705096774631,0.433959056712963,0.4264051649305556
4,36,0.004323430359363556,0.003751744981855154,-5.467846233756454,-4.494998386171129,0.43247793692129627,0.4233940972222222
4,37,0.004099077545106411,0.00356230977922678,-5.110451588512939,-4.196787314944797,0.43075147087191357,0.422705078125
4,38,0.003893875516951084,0.0033887079916894436,-4.7885953285076,-3.9233266168170506,0.4292655285493827,0.42109917534722224
4,39,0.003708101809024811,0.003229713998734951,-4.496098337350069,-3.6713112036387128,0.42782118055555557,0.41944444444444445
4,40,0.003536579664796591,0.0030903127044439316,-4.220916532881466,-3.451121057404412,0.4260567370756173,0.4170735677083333
4,41,0.0033864094875752926,0.0029618595726788044,-3.9829010236410447,-3.2471201525794133,0.4233350212191358,0.41427408854166664
4,42,0.003247362095862627,0.0028472270350903273,-3.7623765262556663,-3.0648947874704997,0.4225851176697531,0.41405164930555555
4,43,0.003117859363555908,0.0027377521619200706,-3.555779348185033,-2.89042812983195,0.42087794174382714,0.4129231770833333
4,44,0.0029969424940645695,0.002641335828229785,-3.3672686991868197,-2.7368219799465603,0.4192238136574074,0.41085611979166664
4,45,0.0028888334054499865,0.002550281584262848,-3.198284324010213,-2.5912091626061335,0.4194782021604938,0.4107747395833333
4,46,0.002787965117022395,0.002469940111041069,-3.0318240324656167,-2.462446371714274,0.41856131847993827,0.40900065104166666
4,47,0.0026955041103065014,0.0023933774791657925,-2.888085612544307,-2.3399014552434285,0.4166479793595679,0.40765516493055554
4,48,0.002610631287097931,0.002325810957700014,-2.7520675700387836,-2.2318075206544665,0.415771484375,0.40801866319444446
4,49,0.0025335983373224735,0.0022613934706896544,-2.6330499572518433,-2.1283756521013046,0.41665883005401233,0.40863172743055554
4,50,0.002459865063428879,0.0022024172358214855,-2.5145368761486475,-2.0334554619259304,0.4168161651234568,0.4075520833333333
4,51,0.002391066402196884,0.0021455115638673306,-2.403861040244868,-1.9419244103961522,0.41633692611882717,0.40762803819444443
4,52,0.002327629830688238,0.002094642259180546,-2.304444232987769,-1.8597766055001153,0.41619767554012344,0.40674913194444445
4,53,0.0022672624327242374,0.0020458498038351536,-2.2075279203462013,-1.7810285223854914,0.41461046006944446,0.40542534722222223
4,54,0.0022143926471471786,0.00200428138487041,-2.125329011163594,-1.7140111446380615,0.41495225694444443,0.4062717013888889
4,55,0.002158787101507187,0.001959811430424452,-2.0369427807537126,-1.6418286164601643,0.414794319058642,0.4058648003472222
4,56,0.002110271016135812,0.0019227596931159496,-1.9606360491411186,-1.581693744659424,0.41527235243055555,0.40719401041666664
4,57,0.0020644457545131445,0.0018857010873034596,-1.8859022761568611,-1.5216587755415174,0.4146418065200617,0.4054036458333333
4,58,0.002020058687776327,0.0018515264382585883,-1.8180091304543577,-1.4658885505464343,0.4141233844521605,0.4057562934027778
4,59,0.001978964079171419,0.0018193931318819523,-1.7527038950978975,-1.4134538491566977,0.41430784625771605,0.40583224826388886
4,60,0.001940748654305935,0.0017895700875669718,-1.690269966184357,-1.3648748132917616,0.41413001543209876,0.4056477864583333
4,61,0.0019043672364205122,0.0017605717293918133,-1.6323889744134596,-1.317477567990621,0.41426806037808644,0.4057562934027778
4,62,0.0018700180808082223,0.0017333741998299956,-1.5784694815859384,-1.2730646583769056,0.4141987364969136,0.40582682291666666
4,63,0.0018362810369580984,0.0017064798157662153,-1.524875220546016,-1.2287114938100179,0.41437596450617287,0.4061197916666667
4,64,0.001805456355214119,0.0016839399468153715,-1.4753023589098895,-1.191929160224067,0.41445372781635803,0.40623372395833335
4,65,0.001777993980795145,0.001662261551246047,-1.4308615372504716,-1.1564240720536973,0.41462311921296297,0.4060601128472222
4,66,0.001748663722537458,0.0016387277282774448,-1.3848230202992757,-1.1176584932539197,0.41482024016203706,0.4061143663194444
4,67,0.0017226627096533775,0.001618767506442964,-1.342940655755408,-1.0848591566085815,0.41453932773919755,0.40623914930555555
4,68,0.0016979494830593467,0.0015997663140296936,-1.3029006622455739,-1.0536002927356296,0.41452003761574074,0.406298828125
4,69,0.0016735466197133064,0.0015814451035112143,-1.264286224047343,-1.0234113666746352,0.41477201485339504,0.4068196614583333
4,70,0.0016512458678334951,0.0015645755920559168,-1.228251075155941,-0.9952856196297539,0.41473524305555554,0.40658637152777777
4,71,0.001630493439733982,0.0015485512558370829,-1.196164431689698,-0.9687182479434543,0.41472439236111114,0.40646158854166664
4,72,0.001611184561625123,0.0015340989921241999,-1.164459252063139,-0.9450822856691149,0.4148582175925926,0.40651041666666665
4,73,0.0015923823229968548,0.0015189923578873277,-1.1345374990392614,-0.9199852042728001,0.4156364535108025,0.4073296440972222
4,74,0.0015732751926407218,0.0015044905012473464,-1.1034978569289784,-0.8959426720937093,0.41537543402777777,0.4066840277777778
4,75,0.0015556368744000793,0.0014913615304976702,-1.075685774249795,-0.8740656349394057,0.41502278645833335,0.4069064670138889
4,76,0.0015397663228213787,0.001479637110605836,-1.0498550303188372,-0.8549702750311957,0.4152807918595679,0.40743815104166664
4,77,0.0015242439694702625,0.0014670733362436295,-1.0252198384131914,-0.8339523288938734,0.41526933834876545,0.40701497395833336
4,78,0.0015080015873536468,0.001455032848753035,-0.9987007120509207,-0.8139521572324965,0.41524281442901234,0.40726453993055556
4,79,0.0014940964756533504,0.001444665715098381,-0.9771068475864552,-0.7966033114327324,0.4157841435185185,0.4073459201388889
4,80,0.0014807824045419693,0.0014339388580992818,-0.9555666985335174,-0.7790854109658135,0.4158649209104938,0.4085720486111111
4,81,0.0014675566926598549,0.001424596062861383,-0.9342251315528964,-0.7634215725792779,0.41538507908950617,0.4069552951388889
4,82,0.001454041339457035,0.0014140092534944415,-0.9123042748298174,-0.7458550956514146,0.41527416087962965,0.4072319878472222
4,83,0.0014415611512959003,0.0014045321149751544,-0.891812197956038,-0.7299422740936279,0.41538749035493827,0.4072808159722222
4,84,0.0014302453491836786,0.0013959109783172607,-0.874387173888124,-0.7155426687664456,0.41531937210648145,0.40706922743055557
4,85,0.002238211454823613,0.002933156443759799,-2.1016626752453087,-3.0593090878592597,0.5179548852237654,0.6343641493055555
4,86,0.0027839094400405884,0.002248232252895832,-3.1270879395214126,-1.960758908589681,0.5103063512731482,0.4337565104166667
4,87,0.002136843279004097,0.0024654576554894447,-1.9861805188803026,-2.24963436126709,0.4310866367669753,0.4253146701388889
4,88,0.002388122258707881,0.0024912222288548946,-2.380890239903956,-2.2618581268522475,0.4355028694058642,0.4244845920138889
4,89,0.002341451356187463,0.0023636724799871445,-2.284331664038293,-2.0744111882315743,0.4306495949074074,0.41838650173611114
4,90,0.0022295129019767046,0.002252612728625536,-2.113626628157533,-1.9104993475808039,0.42786398051697533,0.4166341145833333
4,91,0.002131097950041294,0.0022216711658984423,-1.9507501207751992,-1.8626533614264593,0.4260772328317901,0.41549479166666664
4,92,0.002085016341879964,0.0021386605221778154,-1.8591121252672171,-1.7402846336364746,0.4227635513117284,0.41407335069444445
4,93,0.0020307088270783424,0.0020956960506737232,-1.7710138056013318,-1.6770084937413534,0.4216682339891975,0.41336805555555556
4,94,0.0019866437651216984,0.0020557171665132046,-1.7036148727676015,-1.6180723428726196,0.4212311921296296,0.4131401909722222
4,95,0.0019338916754350066,0.0019587355200201273,-1.607671782705519,-1.45125400490231,0.42087010513117284,0.4166937934027778
4,96,0.0018699639476835728,0.001926915836520493,-1.5059692138507041,-1.4049193965064155,0.4203486689814815,0.41652018229166665
4,97,0.0018350990721955895,0.0018966654315590858,-1.4524385934994544,-1.3609457545810275,0.42012803819444444,0.4161349826388889
4,98,0.0018096099374815822,0.0018669974524527788,-1.4145187377929687,-1.3177128473917643,0.4199737172067901,0.4157660590277778
4,99,0.0018038174603134394,0.0018561598844826221,-1.4145231291099831,-1.3197007603115505,0.41912193769290124,0.4114800347222222
4,100,0.0017805485986173153,0.0018001352436840534,-1.3974299742851728,-1.2558018498950534,0.4189893180941358,0.411474609375
4,101,0.0017540385015308857,0.0017868453869596124,-1.3553831215257999,-1.2358052068286471,0.4183533468364197,0.41106228298611114
4,102,0.0017409101128578186,0.001774162519723177,-1.3346673047101056,-1.2167482137680055,0.418188175154321,0.41085069444444444
4,103,0.0017263313056901097,0.0017619512509554625,-1.3136559077251104,-1.198362978299459,0.41827498070987656,0.41085069444444444
4,104,0.0017136998940259218,0.0017493325285613537,-1.2933776755391815,-1.1793678787019517,0.4182345920138889,0.41106228298611114
5,1,0.5043022632598877,0.45420771837234497,-777.5970659609194,-750.9534008449979,0.20830801504629629,0.25345052083333336
5,2,0.4162098169326782,0.37798169255256653,-643.1492335943528,-624.7741646660699,0.29368007330246915,0.3444607204861111
5,3,0.3486078977584839,0.3164595067501068,-540.6808687374916,-522.950421057807,0.38924756462191357,0.4307400173611111
5,4,0.29114705324172974,0.263884037733078,-451.2309779979565,-435.9245969136556,0.4657045717592593,0.49613172743055556
5,5,0.24190686643123627,0.21808001399040222,-375.3431746588813,-360.0956376817491,0.514134837962963,0.5296278211805555
5,6,0.1989191770553589,0.17822211980819702,-307.4197576169614,-294.1015914916992,0.5355932918595679,0.5387858072916667
5,7,0.16184496879577637,0.14434245228767395,-249.4368655546212,-237.9969357808431,0.5403024932484568,0.5395887586805556
5,8,0.1307750642299652,0.11638829112052917,-201.34302305527675,-191.6963392469618,0.5402584876543209,0.538720703125
5,9,0.10540711134672165,0.09382382780313492,-162.3231016088415,-154.31569277445476,0.5397141444830247,0.5354329427083333
5,10,0.08502693474292755,0.0758097842335701,-130.76683220098047,-124.46658189561632,0.533863811728395,0.5306260850694444
5,11,0.06893105804920197,0.06169712170958519,-105.8232840196586,-101.07622350056967,0.5296579619984568,0.5278428819444444
5,12,0.0562647208571434,0.05055993050336838,-86.21618055649746,-82.61266322665745,0.5279073832947531,0.5235677083333333
5,13,0.04628712683916092,0.04177926480770111,-70.81083479751776,-68.05154554578993,0.5210491415895062,0.5154188368055556
5,14,0.038436610251665115,0.03487288951873779,-58.42712387979766,-56.59534049563938,0.514649040316358,0.51181640625
5,15,0.032209038734436035,0.029355671256780624,-48.77494242986043,-47.44027534061008,0.5085292486496914,0.5035915798611111
5,16,0.02722996287047863,0.024930067360401154,-41.11750801698661,-40.09420318603516,0.5021375868055555,0.49825303819444444
5,17,0.023226600140333176,0.02137046679854393,-34.82307245937395,-34.183578459421796,0.49453908661265433,0.489013671875
5,18,0.019998133182525635,0.018479634076356888,-29.856837959054076,-29.381593947940402,0.48812692901234567,0.48243272569444445
5,19,0.017355404794216156,0.016097255051136017,-25.7504841339441,-25.42286202642653,0.4816816165123457,0.47609049479166665
5,20,0.015173167921602726,0.01412495318800211,-22.347652501235775,-22.14435420566135,0.4752953800154321,0.47123480902777776
5,21,0.01336224377155304,0.012483049184083939,-19.50137015801889,-19.413919660780167,0.46913158275462963,0.4644314236111111
5,22,0.011851227842271328,0.011108016595244408,-17.108968157827118,-17.126445521248712,0.4643771701388889,0.4600640190972222
5,23,0.010583939030766487,0.009952101856470108,-15.168841897705455,-15.20267957051595,0.4596107011959877,0.4549533420138889
5,24,0.009514342062175274,0.008972869254648685,-13.500361140569051,-13.572427765528362,0.45410517939814815,0.4493869357638889
5,25,0.008595786057412624,0.008122028782963753,-12.057479048363957,-12.15519642300076,0.44983663676697533,0.4464789496527778
5,26,0.0078094471246004105,0.007396487984806299,-10.849455900545474,-10.946240573459201,0.44653742283950615,0.4428439670138889
5,27,0.007131750695407391,0.00676996074616909,-9.791514464955272,-9.901810304323833,0.44253713348765433,0.4391872829861111
5,28,0.00654510548338294,0.006225390359759331,-8.860647507655768,-8.993691107961867,0.43954234182098767,0.4367621527777778
5,29,0.0060348245315253735,0.005752658471465111,-8.056167829772573,-8.204982548289829,0.4370068962191358,0.4343207465277778
5,30,0.00558891985565424,0.005334700923413038,-7.3663679732216725,-7.507359006669787,0.43510862750771606,0.43212890625
5,31,0.005197351332753897,0.004969301633536816,-6.7439117826061485,-6.89735927051968,0.433226634837963,0.4301812065972222
5,32,0.004849100019782782,0.004642133601009846,-6.210150245972621,-6.350787954860263,0.42959587191358023,0.42581380208333336
5,33,0.0045478856191039085,0.004362579435110092,-5.736482088948473,-5.883569290902879,0.42699351369598765,0.42558051215277776
5,34,0.004279082175344229,0.004105842672288418,-5.309916624022119,-5.454370141029358,0.4256522472993827,0.42315538194444446
5,35,0.004034304991364479,0.0038745910860598087,-4.9331207669811485,-5.067560884687635,0.4229528356481482,0.42049696180555557
5,36,0.0038174570072442293,0.003671282436698675,-4.586865403917101,-4.727485296461317,0.41961021894290124,0.41659613715277777
5,37,0.003620937466621399,0.003484689863398671,-4.278210357677789,-4.415124784575569,0.4185408227237654,0.41635199652777777
5,38,0.0034454655833542347,0.003319406881928444,-4.00669671871044,-4.13833831416236,0.417456356095679,0.415625
5,39,0.0032857488840818405,0.0031671617180109024,-3.7503754553971467,-3.8833035336600408,0.41506257233796295,0.41293402777777777
5,40,0.0031422865577042103,0.003031237283721566,-3.526389013985057,-3.6555233875910442,0.41423611111111114,0.410302734375
5,41,0.0030106492340564728,0.0029057329520583153,-3.3186197957874817,-3.4451571305592856,0.41145953896604937,0.408349609375
5,42,0.002893752185627818,0.0027953977696597576,-3.1376859388233704,-3.2600843403074475,0.41119309413580246,0.4090657552083333
5,43,0.0027863685972988605,0.0026910854503512383,-2.96810056074166,-3.0850523895687525,0.41031298225308643,0.40737847222222223
5,44,0.0026856809854507446,0.002595714759081602,-2.809044020852925,-2.9250140031178793,0.4084942853009259,0.40618489583333334
5,45,0.0025940609630197287,0.0025090710259974003,-2.6641370682068812,-2.7794809765285917,0.4083031925154321,0.407666015625
5,46,0.0025105737149715424,0.0024275388568639755,-2.5333692265145573,-2.6425737380981444,0.4065508053626543,0.40377061631944444
5,47,0.0024320119991898537,0.002352879848331213,-2.4068745813252015,-2.517084074020386,0.40449279031635804,0.40278862847222224
5,48,0.002360015641897917,0.0022832907270640135,-2.2946107658339137,-2.400201988220215,0.403613884066358,0.40105251736111114
5,49,0.0022931420244276524,0.0022192022297531366,-2.1886994744524544,-2.2923266914155747,0.40189585744598766,0.39962565104166664
5,50,0.0022306921891868114,0.0021591908298432827,-2.090212924686479,-2.1914715740415787,0.4010862750771605,0.399853515625
5,51,0.0021732819732278585,0.002103453502058983,-1.9997712891778827,-2.097789422671,0.40096088927469137,0.3996310763888889
5,52,0.0021185085643082857,0.002051359275355935,-1.9117170681188136,-2.0099217096964517,0.40012779706790125,0.39818250868055555
5,53,0.0020702003967016935,0.0020054776687175035,-1.8355417990390166,-1.932711082034641,0.3982403790509259,0.3964789496527778
5,54,0.0020238482393324375,0.0019601769745349884,-1.7643977082805868,-1.8563401805029975,0.3984085648148148,0.39671766493055555
5,55,0.0019802162423729897,0.0019181938841938972,-1.6941885745083844,-1.7856416940689086,0.3991132571373457,0.39768880208333335
5,56,0.0019405994098633528,0.0018799211829900742,-1.631904677402826,-1.7211264583799575,0.39801914544753086,0.39646809895833335
5,57,0.0019037192687392235,0.0018448601476848125,-1.57280887350624,-1.6619762897491455,0.39772316261574076,0.39669053819444444
5,58,0.0018685357645154,0.0018099930603057146,-1.5171398136350844,-1.6031306425730387,0.39761586130401233,0.39573567708333335
5,59,0.0018348869634792209,0.0017771655693650246,-1.4644788068017842,-1.5479532559712728,0.3978413146219136,0.39620225694444444
5,60,0.001802234910428524,0.001746081281453371,-1.4127293507258096,-1.4954242282443577,0.39743742766203705,0.39574110243055555
5,61,0.0017720450414344668,0.001716814236715436,-1.3640856851766139,-1.44601321750217,0.39735906153549383,0.395751953125
5,62,0.0017433679895475507,0.0016889863181859255,-1.319168820498902,-1.3990289741092259,0.39778525270061726,0.396728515625
5,63,0.0017181799048557878,0.0016655134968459606,-1.2797285630379194,-1.3593834453158908,0.3974832417052469,0.3957573784722222
5,64,0.0016939559718593955,0.001640800852328539,-1.241092675997887,-1.3177113003200955,0.39789134837962964,0.39669596354166664
5,65,0.001670121680945158,0.0016176789067685604,-1.2025840453159662,-1.278730042775472,0.397828052662037,0.39597981770833335
5,66,0.001645532320253551,0.0015936773270368576,-1.1642832935592276,-1.237988026936849,0.3970781491126543,0.39576280381944445
5,67,0.0016248759347945452,0.0015744678676128387,-1.1309663357558073,-1.2055390490425957,0.3972041377314815,0.3955132378472222
5,68,0.0016049433033913374,0.0015545370988547802,-1.0995150006847616,-1.1718199968338012,0.3970413773148148,0.39552408854166665
5,69,0.0015855291858315468,0.0015359355602413416,-1.0680765508133687,-1.1403490172492132,0.39699797453703706,0.3955132378472222
5,70,0.001566980266943574,0.001518124365247786,-1.0392807998774964,-1.1101551824145848,0.3970510223765432,0.39554036458333336
5,71,0.0015495283296331763,0.0015010014176368713,-1.0111086318522324,-1.0811895688374837,0.3970021942515432,0.39552408854166665
5,72,0.0015334622003138065,0.001486056251451373,-0.9854418342496142,-1.055822785695394,0.39698591820987655,0.3955295138888889
5,73,0.0015176601009443402,0.0014698886079713702,-0.9603809344915696,-1.0283937878078884,0.39700822241512346,0.39549696180555555
5,74,0.001501999911852181,0.001454950193874538,-0.9356955089686829,-1.003014824125502,0.3970679012345679,0.3957248263888889
5,75,0.0014872089959681034,0.0014410768635571003,-0.9120376039434362,-0.9795758750703599,0.39707694347993827,0.39551866319444445
5,76,0.0014748286921530962,0.0014295328874140978,-0.8923366016811795,-0.9600660562515259,0.3977020640432099,0.39576280381944445
5,77,0.0014620901783928275,0.0014168296474963427,-0.8721731745166543,-0.9383394029405382,0.39742537133487654,0.3955132378472222
5,78,0.0014507812447845936,0.0014062009286135435,-0.8544332224645732,-0.9202690124511719,0.3973500192901235,0.3957573784722222
5,79,0.0014396822080016136,0.0013945638202130795,-0.8365608742207656,-0.9006650394863552,0.3970841772762346,0.39552408854166665
5,80,0.0014271923573687673,0.001382553717121482,-0.817014467863389,-0.8801809973186917,0.3969750675154321,0.39549153645833335
5,81,0.0014179535210132599,0.001373824430629611,-0.8021437742091991,-0.8654015805986193,0.3969780815972222,0.3955078125
5,82,0.0014067552983760834,0.0013628611341118813,-0.7847015604560758,-0.8468162112765842,0.39708236882716047,0.3955295138888889
5,83,0.0013973340392112732,0.0013544722460210323,-0.7695975193270931,-0.8324418200386895,0.3975808979552469,0.397216796875
5,84,0.0013877206947654486,0.0013446540106087923,-0.7541431070845804,-0.8157689995235867,0.3973675009645062,0.3954806857638889
5,85,0.0013777392450720072,0.001334704807959497,-0.7381457595177638,-0.7989149385028416,0.3970238956404321,0.3954861111111111
5,86,0.0013679810799658298,0.001325327204540372,-0.722605640358395,-0.7829600705040826,0.3970021942515432,0.39551866319444445
5,87,0.0013589909067377448,0.0013163902331143618,-0.7083441641595628,-0.7676870187123617,0.3975724585262346,0.3955023871527778
5,88,0.0013515398604795337,0.0013105804100632668,-0.6962050716082255,-0.7577539073096381,0.39704318576388886,0.39549696180555555
5,89,0.0013442975468933582,0.001302650780417025,-0.6845693675088294,-0.7443773825963338,0.39703776041666666,0.39549696180555555
5,90,0.0013386004138737917,0.0012976494617760181,-0.6755556361174878,-0.7358403099907769,0.39700339988425926,0.39554036458333336
5,91,0.0013310275971889496,0.0012891751248389482,-0.6632733240539646,-0.7214678870307074,0.3969756703317901,0.39551866319444445
5,92,0.0013241132255643606,0.0012833236251026392,-0.6524245107615435,-0.7116839143964979,0.39743742766203705,0.396240234375
5,93,0.0013181088725104928,0.001277249539270997,-0.6427404639161663,-0.7014760388268365,0.39740788966049384,0.3955078125
5,94,0.0013130183797329664,0.0012723852414637804,-0.6347449193766088,-0.6930848571989271,0.397314453125,0.3964626736111111
5,95,0.0013077168259769678,0.001267016283236444,-0.6262329150129248,-0.6840261777242025,0.397386791087963,0.39574110243055555
5,96,0.0013022577622905374,0.001261959783732891,-0.6178313673278432,-0.6752360582351684,0.39712215470679013,0.3955132378472222
5,97,0.0012973203556612134,0.0012575216824188828,-0.6098656592545686,-0.6676316340764363,0.3970660927854938,0.39552408854166665
5,98,0.0012907842174172401,0.0012508578365668654,-0.5995383673244052,-0.6563903755611844,0.39739643614969133,0.39549153645833335
5,99,0.001285627717152238,0.0012461580336093903,-0.5911642371872325,-0.6484207550684611,0.3970293209876543,0.39549153645833335
5,100,0.0012812528293579817,0.0012420681305229664,-0.5841346043127554,-0.6415940258238051,0.3972933545524691,0.39646809895833335
5,101,0.0012771451147273183,0.0012381882406771183,-0.5775937302612965,-0.6348255819744534,0.3974440586419753,0.39598524305555555
5,102,0.0012736094649881124,0.0012342724949121475,-0.5720021340582105,-0.6282627873950535,0.39761766975308643,0.396240234375
5,103,0.0012681875377893448,0.0012287329882383347,-0.5633064169942597,-0.6187820567025079,0.39739824459876544,0.39646809895833335
5,104,0.0012636391911655664,0.001224990002810955,-0.5559012826578117,-0.6123762740029229,0.3970829716435185,0.39549153645833335
5,105,0.0012593111023306847,0.0012196581810712814,-0.5489034117004018,-0.603235223558214,0.39702269000771606,0.3954806857638889
5,106,0.00125496881082654,0.00121648283675313,-0.5420148353517792,-0.5978398270077175,0.3970293209876543,0.39549153645833335
5,107,0.001250838628038764,0.0012125999201089144,-0.5353397560708317,-0.591113707754347,0.3975989824459877,0.39644639756944444
5,108,0.0012479422148317099,0.0012092440156266093,-0.5308731327822179,-0.5856282896465725,0.3972457320601852,0.39622395833333335
5,109,0.0012443535961210728,0.001206698128953576,-0.525149342307338,-0.5811507397227818,0.39717881944444444,0.39574110243055555
5,110,0.0012427569599822164,0.0012049861252307892,-0.5227554060794689,-0.5782526969909668,0.3969949604552469,0.39551866319444445
5,111,0.0012389746261760592,0.001200114144012332,-0.5166867551980195,-0.5698075413703918,0.39699074074074076,0.3955023871527778
5,112,0.001234180759638548,0.001195268938317895,-0.508873239564307,-0.561691943804423,0.3970287181712963,0.39554578993055556
5,113,0.001231915783137083,0.0011945216683670878,-0.5053313973509235,-0.560371012157864,0.3969823013117284,0.3955132378472222
5,114,0.001227864995598793,0.0011899573728442192,-0.4986471789854544,-0.5524322986602783,0.3973578559027778,0.3955132378472222
5,115,0.0012259033974260092,0.0011881374521180987,-0.4955789201053572,-0.5494009508026971,0.3971601321373457,0.3957465277777778
5,116,0.0012226016260683537,0.0011851777089759707,-0.4902176993864554,-0.5443301479021708,0.39702751253858026,0.39549696180555555
5,117,0.001220527570694685,0.001183904241770506,-0.4870783515918402,-0.5422430078188578,0.3971607349537037,0.3962348090277778
5,118,0.0012185957748442888,0.001181380939669907,-0.4840663194656372,-0.5379811180962457,0.3973650896990741,0.3955078125
5,119,0.0012162139173597097,0.001180071267299354,-0.48028204691262893,-0.5355238768789503,0.3975296585648148,0.39622938368055555
5,120,0.0012140888720750809,0.0011779303895309567,-0.4768933094578025,-0.5316869192653232,0.39825786072530867,0.39622395833333335
5,121,0.0012111993273720145,0.001174064469523728,-0.4721996506055196,-0.5252301692962646,0.39749710648148145,0.39622395833333335
5,122,0.0012082933681085706,0.0011718402383849025,-0.46744875098452154,-0.5213289154900445,0.397485050154321,0.39598524305555555
5,123,0.0012062790337949991,0.0011702183401212096,-0.46420309175679714,-0.5185581101311578,0.397046199845679,0.3955023871527778
5,124,0.001204487169161439,0.0011674761772155762,-0.46119023326002523,-0.5140714936786228,0.3969925491898148,0.39551866319444445
5,125,0.0012025244068354368,0.001165690366178751,-0.45810710854000514,-0.5110085434383816,0.3972487461419753,0.39549696180555555
5,126,0.001199729973450303,0.0011630801018327475,-0.45360922931153097,-0.5065464125739203,0.39718062789351855,0.3955023871527778
5,127,0.0011971690692007542,0.0011609282810240984,-0.4495499962641869,-0.5027804493904113,0.39743983892746915,0.3962348090277778
5,128,0.0011949653271585703,0.001158463885076344,-0.445905097031299,-0.49869578811857435,0.39742537133487654,0.39574110243055555
5,129,0.001193466829136014,0.00115755305159837,-0.4435526064884516,-0.4971884489059448,0.3970630787037037,0.3955078125
5,130,0.0011925306171178818,0.001157467719167471,-0.44217050855542406,-0.4968376040458679,0.3974531008873457,0.3955078125
5,131,0.001190411625429988,0.0011541878338903189,-0.43872276382681763,-0.4911730527877808,0.39703534915123456,0.3955078125
5,132,0.0011883002007380128,0.0011527598835527897,-0.43523632479302676,-0.4889046205414666,0.3970636815200617,0.3954861111111111
5,133,0.001188252354040742,0.0011531088966876268,-0.43538804010108667,-0.48912413782543607,0.39697446469907405,0.39549153645833335
5,134,0.0011849915608763695,0.001149503281340003,-0.4300225644935796,-0.48307408491770426,0.39697386188271605,0.3955023871527778
5,135,0.0011837475467473269,0.0011487205047160387,-0.42795709710062285,-0.48188709947797986,0.39696662808641975,0.3955023871527778
5,136,0.0011813915334641933,0.0011464048875495791,-0.4240585459603204,-0.47797194454405045,0.3970962336033951,0.39547526041666664
5,137,0.0011807684786617756,0.0011459721717983484,-0.4232207479300322,-0.4770082791646322,0.3972831066743827,0.39620768229166664
5,138,0.0011807464761659503,0.0011454925406724215,-0.42319762059199956,-0.4762303696738349,0.3974338107638889,0.39622938368055555
5,139,0.0011792024597525597,0.0011436156928539276,-0.4207861335189254,-0.4732910500632392,0.3971999180169753,0.39549153645833335
5,140,0.0011772462166845798,0.00114153022877872,-0.41756454426565287,-0.46984538237253826,0.3969756703317901,0.3955078125
5,141,0.0011757377069443464,0.0011406068224459887,-0.4152194363099557,-0.4681709210077922,0.3969925491898148,0.3955132378472222
5,142,0.0011745435185730457,0.0011394638568162918,-0.4133019470874174,-0.46646832625071205,0.39698350694444445,0.3955132378472222
5,143,0.0011737311724573374,0.0011385120451450348,-0.4119897643725077,-0.46465662452909684,0.397118537808642,0.39554036458333336
5,144,0.0011723274365067482,0.0011362642981112003,-0.40967330579404476,-0.46090166833665636,0.39710949556327163,0.39602864583333336
5,145,0.0011707029771059752,0.001135340891778469,-0.40704294972949556,-0.45911286936865914,0.39699616608796295,0.3955349392361111
5,146,0.0011695473222061992,0.001134331338107586,-0.40529893121601623,-0.4575680838690864,0.39725959683641976,0.39552408854166665
5,147,0.0011691837571561337,0.001133966725319624,-0.4047482645070111,-0.45683284997940066,0.39699797453703706,0.3955295138888889
5,148,0.0011676227441057563,0.0011329129338264465,-0.4021576844615701,-0.4549856066703796,0.39697868441358025,0.39551866319444445
5,149,0.0011664493940770626,0.0011312334099784493,-0.4002934235113638,-0.45242056449254353,0.39714687017746914,0.3955295138888889
5,150,0.0011650060769170523,0.0011304754298180342,-0.3979363144179921,-0.4509936385684543,0.3970763406635803,0.39551866319444445
6,1,0.5110729932785034,0.46806007623672485,-802.9974216979227,-689.8569522433811,0.22945601851851852,0.26617296006944446
6,2,0.4267573356628418,0.38542434573173523,-671.5705490865826,-567.4210581461589,0.3252146026234568,0.3868272569444444
6,3,0.354098379611969,0.3199002742767334,-554.9275956518856,-473.2397381252713,0.43131932388117283,0.47779405381944445
6,4,0.29310348629951477,0.26449063420295715,-459.72474034627277,-392.12478603786894,0.5056315104166667,0.529248046875
6,5,0.24162088334560394,0.2173328399658203,-379.9158899660464,-323.72738274468315,0.5466694396219136,0.5603298611111112
6,6,0.19729052484035492,0.1765443980693817,-307.9335168061433,-264.16874669392905,0.5660385320216049,0.5668077256944445
6,7,0.15958936512470245,0.14238126575946808,-249.97755528202762,-214.10624516805012,0.5707869164737654,0.5704969618055555
6,8,0.1285746693611145,0.1146678626537323,-200.37786123487683,-173.38449783325194,0.572364486882716,0.5704535590277777
6,9,0.10359744727611542,0.09259817004203796,-162.05516376259885,-140.7971923828125,0.5719889322916667,0.5702582465277778
6,10,0.08373193442821503,0.07510343194007874,-130.74187876147988,-114.79172337849936,0.570458984375,0.5673936631944444
6,11,0.06811898946762085,0.06140676140785217,-106.133918696274,-94.30724976857503,0.566454475308642,0.5607150607638889
6,12,0.05586383119225502,0.0506557822227478,-87.13571228686673,-78.15427400800917,0.561231071566358,0.5557345920138889
6,13,0.0462181530892849,0.0421326607465744,-72.03808347325266,-65.23486523098416,0.5549461082175926,0.5488498263888889
6,14,0.03862684592604637,0.03540167585015297,-60.00518756207125,-54.970915179782445,0.5492500964506173,0.5422417534722223
6,15,0.03255489468574524,0.03001623973250389,-50.432459433284805,-46.71237596935696,0.5407672646604939,0.5327419704861112
6,16,0.027676813304424286,0.02565835230052471,-42.751464341010575,-39.98018171522352,0.5328806182484568,0.5266276041666667
6,17,0.023745102807879448,0.022120477631688118,-36.50880347593331,-34.48375049167209,0.5265317563657408,0.5212348090277777
6,18,0.020535223186016083,0.018764421343803406,-31.40806951346221,-29.36701997121175,0.5207820939429012,0.5116590711805555
6,19,0.017894234508275986,0.016417553648352623,-27.200951604489926,-25.66838550567627,0.5138388551311729,0.5056315104166667
6,20,0.01572486385703087,0.01445770263671875,-23.760029732150795,-22.54484052128262,0.5093828366126543,0.5023546006944445
6,21,0.01390598714351654,0.012812672182917595,-20.869171671808502,-19.911882299847072,0.5056670765817901,0.49697265625
6,22,0.012375552207231522,0.011447467841207981,-18.434409397619742,-17.716844489839342,0.4998758198302469,0.49154730902777777
6,23,0.011053470894694328,0.010283272713422775,-16.40507804552714,-15.830061308542888,0.49413881655092595,0.4860297309027778
6,24,0.009953162632882595,0.009294271469116211,-14.626462946409061,-14.222430419921874,0.4886881510416667,0.47994791666666664
6,25,0.009016700088977814,0.00844787247478962,-13.148304421519056,-12.838380278481377,0.4843653549382716,0.47733289930555556
6,26,0.008210921660065651,0.007715082261711359,-11.85044121035823,-11.630628532833523,0.48172984182098766,0.4742513020833333
6,27,0.007504223845899105,0.007079954259097576,-10.722939563974922,-10.581417920854356,0.4780394000771605,0.47001953125
6,28,0.00689328508451581,0.006507738493382931,-9.756214321395497,-9.621687658627827,0.47625385802469133,0.46876085069444445
6,29,0.006352070719003677,0.006022733636200428,-8.879212641127316,-8.808668677012125,0.4736701871141975,0.4656521267361111
6,30,0.005880558397620916,0.005598681978881359,-8.112975743081835,-8.096791450182597,0.47200822241512347,0.464501953125
6,31,0.00546509912237525,0.005216952413320541,-7.44263603657852,-7.448225061098735,0.46985375675154323,0.4615614149305556
6,32,0.0050928546115756035,0.004882196430116892,-6.845523934011106,-6.879621087180244,0.46775053047839504,0.46051974826388886
6,33,0.00476693082600832,0.004586607683449984,-6.328187724690379,-6.374533396297031,0.4677909191743827,0.46002061631944446
6,34,0.004473711829632521,0.00431842403486371,-5.849369708108314,-5.915018688307868,0.465552059220679,0.45677083333333335
6,35,0.004212256520986557,0.004076448734849691,-5.427823092613691,-5.49654303126865,0.46386598186728395,0.4552463107638889
6,36,0.0039758021011948586,0.0038627830799669027,-5.049776001035431,-5.126906416151258,0.4635036892361111,0.45462782118055556
6,37,0.0037606805562973022,0.003667928511276841,-4.693782559441932,-4.788359898991055,0.461572265625,0.4522298177083333
6,38,0.0035666837356984615,0.003498554928228259,-4.383857743534041,-4.492240052753025,0.4606957706404321,0.45181749131944443
6,39,0.00339339766651392,0.0033339448273181915,-4.102989081100182,-4.201789055930243,0.4604202835648148,0.4522677951388889
6,40,0.003232216462492943,0.003189652692526579,-3.847823189217367,-3.9492359691196017,0.46055109471450617,0.4517578125
6,41,0.003087068907916546,0.0030600293539464474,-3.605863826951863,-3.722235737906562,0.4605758101851852,0.4517578125
6,42,0.0029566376470029354,0.002937993034720421,-3.3976818011130816,-3.5058902343114218,0.46054084683641977,0.45145941840277776
6,43,0.002837862353771925,0.002831264864653349,-3.1965110293141117,-3.3167179637485082,0.4592966338734568,0.4492404513888889
6,44,0.002726260107010603,0.002732692053541541,-3.017521376374327,-3.143081318007575,0.4587715808256173,0.4494357638888889
6,45,0.002623308915644884,0.002640083432197571,-2.8509438735467416,-2.978434756067064,0.458764949845679,0.4503200954861111
6,46,0.0025302411522716284,0.0025554571766406298,-2.6959048709751645,-2.8261484834882946,0.45818504050925923,0.4489691840277778
6,47,0.002445230260491371,0.002479451708495617,-2.5605593613636346,-2.690360424253676,0.45767385223765433,0.4493598090277778
6,48,0.0023668697103857994,0.0024104160256683826,-2.4287170024565707,-2.567416948742337,0.4574755256558642,0.44864366319444443
6,49,0.0022930114064365625,0.002344506559893489,-2.3093583195297804,-2.448691874080234,0.4579041280864197,0.449560546875
6,50,0.0022254178766161203,0.0022827554494142532,-2.198891643535944,-2.3375250551435682,0.4581753954475309,0.4500325520833333
6,51,0.0021617994643747807,0.002225444419309497,-2.096398448355404,-2.2344821214675905,0.45833212770061726,0.450439453125
6,52,0.0020908706355839968,0.002175311790779233,-1.980226582067984,-2.1438104099697535,0.45803373360339505,0.45143229166666665
6,53,0.0020316021982580423,0.0021277398336678743,-1.881820458247338,-2.0583067920472886,0.45750807773919755,0.45181206597222223
6,54,0.001983230235055089,0.0020836838521063328,-1.8026214523079955,-1.9794382519192166,0.45773051697530864,0.45208333333333334
6,55,0.0019388971850275993,0.0020419228821992874,-1.7306983011740225,-1.903737145000034,0.45814766589506173,0.45265299479166665
6,56,0.0018968154909089208,0.0020034187473356724,-1.6622004161646338,-1.8340557230843437,0.458739631558642,0.45346137152777777
6,57,0.0018563978374004364,0.0019679516553878784,-1.5963693339147687,-1.7700544701682197,0.45880714699074077,0.4537272135416667
6,58,0.0018205472733825445,0.001936047337949276,-1.5375440688780797,-1.7118317710028754,0.45940815489969133,0.4545138888888889
6,59,0.0017858580686151981,0.0019033508142456412,-1.4801759525581641,-1.6526286045710246,0.4599711853780864,0.4553765190972222
6,60,0.0017517906380817294,0.001872978755272925,-1.4243929300779177,-1.5973756790161133,0.46090193383487654,0.4566569010416667
6,61,0.0017211828380823135,0.0018447842448949814,-1.374766566723953,-1.5458160559336345,0.4616301359953704,0.45785590277777777
6,62,0.001687241136096418,0.0018185200169682503,-1.3181633178098702,-1.4980824867884317,0.4619532455632716,0.4588650173611111
6,63,0.001664311159402132,0.0017939573153853416,-1.2906453403425806,-1.4528915272818672,0.46342230902777776,0.4599826388888889
6,64,0.0016377167776226997,0.00176824105437845,-1.2477460990717382,-1.4054434908760918,0.46441997010030867,0.46108940972222223
6,65,0.001608002930879593,0.0017472340259701014,-1.1884384122895606,-1.3674315452575683,0.46437837577160496,0.46182725694444443
6,66,0.0015857822727411985,0.0017259162850677967,-1.1525684709902162,-1.3288426240285238,0.4654110001929012,0.46322157118055557
6,67,0.0015641020145267248,0.001707140589132905,-1.1171299719516141,-1.294401552942064,0.4662061149691358,0.46404079861111114
6,68,0.0015434669330716133,0.0016878042370080948,-1.0839002597479173,-1.2587770303090413,0.46681556230709875,0.4647894965277778
6,69,0.0015221798093989491,0.001668701646849513,-1.0492294529337942,-1.2241148286395602,0.46739004629629627,0.46580403645833335
6,70,0.0015029704663902521,0.001651933416724205,-1.0171603926905879,-1.193557201491462,0.4681333188657407,0.4665473090277778
6,71,0.0014879112131893635,0.0016382311005145311,-0.9930947924837654,-1.168369001812405,0.46900800540123455,0.46808810763888886
6,72,0.0014683702029287815,0.001623473479412496,-0.9631237954269221,-1.1411983569463093,0.4692165798611111,0.46876627604166665
6,73,0.0014446319546550512,0.0016095342580229044,-0.9314929085013307,-1.1154377884334987,0.46824604552469135,0.47003038194444446
6,74,0.0014308597892522812,0.001596324029378593,-0.9086791478557351,-1.0910580158233643,0.4691195264274691,0.47109917534722223
6,75,0.0014169297646731138,0.001585053512826562,-0.8852181094664114,-1.0705677429835,0.4698266300154321,0.47195638020833336
6,76,0.0014045143034309149,0.0015732571482658386,-0.8651129050019347,-1.0483853419621785,0.47051384066358026,0.4730305989583333
6,77,0.0013931039720773697,0.0015632309950888157,-0.8465114777470812,-1.0305140150917902,0.47125108506944446,0.4739800347222222
6,78,0.001382000045850873,0.0015544213820248842,-0.8285715554967339,-1.0146231704288058,0.4720624758873457,0.47510850694444445
6,79,0.001370854675769806,0.0015442157164216042,-0.8103239920404223,-0.9961438920762804,0.4728581934799383,0.4760796440972222
6,80,0.001359762391075492,0.0015345889842137694,-0.7914087791501739,-0.9776177406311035,0.4735212914737654,0.4773491753472222
6,81,0.0013510743156075478,0.0015270407311618328,-0.7772546153009674,-0.9639438284767998,0.474291690779321,0.47801649305555555
6,82,0.0013408076483756304,0.0015157597372308373,-0.7598898494685138,-0.9430222829182943,0.4748185522762346,0.47849934895833335
6,83,0.0013291190844029188,0.0015051328809931874,-0.7408635451469893,-0.9230317804548476,0.47541956018518516,0.47934027777777777
6,84,0.0013195115607231855,0.0014978577382862568,-0.7247868567337225,-0.9098846064673529,0.47588312596450616,0.47974717881944445
6,85,0.0013113415334373713,0.0014903300907462835,-0.7114441365371516,-0.8952953841951158,0.47630268614969135,0.480517578125
6,86,0.0013034583535045385,0.001484354492276907,-0.697928825131169,-0.8837561633851793,0.4765962577160494,0.4807888454861111
6,87,0.0012977465521544218,0.0014801567886024714,-0.6889730892063659,-0.8764098617765639,0.47669933931327163,0.4809841579861111
6,88,0.0012904255418106914,0.0014730854891240597,-0.6768110013302462,-0.8633823341793484,0.4771586853780864,0.48162977430555554
6,89,0.0012833357322961092,0.0014663443434983492,-0.665219642792219,-0.8516760852601793,0.4774950569058642,0.48202039930555557
6,90,0.0012756073847413063,0.0014598497655242682,-0.6525559669659462,-0.8391847345564101,0.47785011574074077,0.4824761284722222
6,91,0.001268705353140831,0.0014536260860040784,-0.6407501231005163,-0.827159767680698,0.47801589023919755,0.4825629340277778
6,92,0.0012631125282496214,0.0014484182465821505,-0.6315866627810914,-0.8180786503685845,0.4782889660493827,0.4827745225694444
6,93,0.0012565392535179853,0.0014429192524403334,-0.620741715401779,-0.8079709053039551,0.4785698784722222,0.483447265625
6,94,0.0012511160457506776,0.001439997460693121,-0.6119407305011043,-0.8023944828245375,0.4787772472993827,0.48348524305555557
6,95,0.0012440643040463328,0.0014306772500276566,-0.5999498214250729,-0.7844669739405314,0.47902199074074076,0.48358289930555554
6,96,0.0012394838267937303,0.0014304829528555274,-0.592461719483505,-0.7841083632575141,0.47909312307098767,0.48394639756944446
6,97,0.001236239681020379,0.001428069081157446,-0.5872501948733388,-0.7799080822202894,0.4793312355324074,0.48441297743055556
6,98,0.0012321204412728548,0.0014234911650419235,-0.5807045664316343,-0.7711735169092814,0.4795808015046296,0.48465711805555556
6,99,0.0012265706900507212,0.001417691120877862,-0.5715193822060103,-0.760520879427592,0.4797266830632716,0.48492296006944446
6,100,0.0012217132607474923,0.0014142179861664772,-0.5634724427152563,-0.7546351220872667,0.4799581645447531,0.4852267795138889
6,101,0.0012175175361335278,0.001409341231919825,-0.5562422508074913,-0.7450834671656291,0.48021556712962965,0.48544921875
6,102,0.0012125861831009388,0.001405246090143919,-0.5478223431257554,-0.736760844124688,0.4803150318287037,0.4855414496527778
6,103,0.001209665322676301,0.0014057029038667679,-0.54333512518141,-0.7378422843085395,0.48050431616512346,0.48576931423611114
6,104,0.0012084417976439,0.0014058274682611227,-0.5414699023152575,-0.7386933061811659,0.4805742428626543,0.485888671875
6,105,0.0012043321039527655,0.0014006691053509712,-0.5346271043942299,-0.7290757046805487,0.4806731047453704,0.4860894097222222
6,106,0.0012017232365906239,0.0013999997172504663,-0.5305132066762006,-0.7268288850784301,0.4807888454861111,0.4862521701388889
6,107,0.0011990051716566086,0.001397348241880536,-0.5257550926856053,-0.7220759974585639,0.4809473861882716,0.48639865451388886
6,108,0.0011954144574701786,0.0013946215622127056,-0.5195890816641443,-0.7165631082322862,0.48102756076388886,0.4864691840277778
6,109,0.0011913549387827516,0.0013900869525969028,-0.5126166664523842,-0.7077923006481595,0.48120298032407405,0.4866916232638889
6,110,0.0011877419892698526,0.0013882628409191966,-0.5067260415465743,-0.7042224168777466,0.4812867717978395,0.48672417534722223
6,111,0.0011859381338581443,0.0013868287205696106,-0.5036972012048886,-0.7017951475249397,0.48136754918981484,0.486865234375
6,112,0.0011821979423984885,0.001381496898829937,-0.4971982611550225,-0.6910342786047193,0.48146882233796295,0.4869466145833333
6,113,0.0011792322620749474,0.001381440320983529,-0.4923159456547396,-0.691361665725708,0.48148871527777776,0.48702799479166664
6,114,0.0011776526225730777,0.0013800932792946696,-0.48983723160661297,-0.6889812270800273,0.4816382137345679,0.48713107638888886
6,115,0.0011744695948436856,0.0013763385359197855,-0.4847615620236338,-0.6812167286872863,0.48169126157407405,0.48721788194444443
6,116,0.0011706734076142311,0.001372604281641543,-0.47797970080081326,-0.6736867719226414,0.48175636574074077,0.4873046875
6,117,0.0011704268399626017,0.0013753154780715704,-0.4776155489462393,-0.6791215048895942,0.4818552276234568,0.48745659722222223
6,118,0.001167851034551859,0.0013709389604628086,-0.47382198101208534,-0.6706080370479159,0.48195951485339505,0.48750542534722224
6,119,0.0011654894333332777,0.0013716898392885923,-0.46942061009230435,-0.6715649551815457,0.4819950810185185,0.48758138020833336
6,120,0.001163986511528492,0.0013682605931535363,-0.46721426748935085,-0.6642287611961365,0.48209755979938274,0.4877115885416667
6,121,0.0011629960499703884,0.0013698518741875887,-0.46541302910557497,-0.6680114905039469,0.48221872588734566,0.4878146701388889
6,122,0.0011610754299908876,0.0013662647688761353,-0.4625877910190158,-0.6613659991158379,0.4822488667052469,0.4878689236111111
6,123,0.0011577396653592587,0.0013619253877550364,-0.45703228182262845,-0.6529506100548639,0.4823380835262346,0.48796657986111114
6,124,0.0011555937817320228,0.0013621666003018618,-0.4530351370940974,-0.6532198482089573,0.4824315200617284,0.48802083333333335
6,125,0.0011524544097483158,0.0013585257111117244,-0.44791025894659536,-0.6455720888243781,0.4824610580632716,0.48802625868055555
6,126,0.0011520045809447765,0.0013599068624898791,-0.44685934943917355,-0.6466439962387085,0.4824978298611111,0.48807508680555556
6,127,0.0011514321668073535,0.0013594861375167966,-0.4456273767683241,-0.6465538316302829,0.48254906925154323,0.488134765625
6,128,0.0011492108460515738,0.001356994966045022,-0.44190210825131265,-0.6417872786521912,0.48260151427469133,0.48822157118055554
6,129,0.001148358453065157,0.001355762593448162,-0.4404474529219262,-0.6387636211183336,0.48264551986882714,0.48821614583333334
6,130,0.0011477158404886723,0.0013552447780966759,-0.44004142431565274,-0.637892038292355,0.4829318576388889,0.48822157118055554
6,131,0.0011470407480373979,0.0013540589716285467,-0.4396067099806703,-0.6351613521575927,0.48322663483796297,0.4882541232638889
6,132,0.0011457819491624832,0.0013522673398256302,-0.4367644308525839,-0.6307674076822068,0.48376977237654323,0.4882541232638889
6,133,0.001143718371167779,0.0013542408123612404,-0.4324547916282842,-0.6338640093803406,0.4835039303626543,0.48826497395833335
6,134,0.0011442642426118255,0.0013569274451583624,-0.4335336159776758,-0.6392142388555738,0.4834743923611111,0.48827039930555555
6,135,0.0011433869367465377,0.0013561099767684937,-0.4321176779123,-0.6363756855328878,0.48373902874228397,0.48829752604166665
6,136,0.001141079468652606,0.0013520221691578627,-0.4280390969029179,-0.6285383688078986,0.48243815104166665,0.48829752604166665
6,137,0.00113860669080168,0.0013488505501300097,-0.42412638296315697,-0.6230411900414361,0.4824435763888889,0.4882595486111111
6,138,0.0011363670928403735,0.0013446500524878502,-0.420177263536571,-0.6146137674649557,0.48242308063271605,0.4882541232638889
6,139,0.0011346127139404416,0.0013436505105346441,-0.4175392699830326,-0.6135394069883559,0.48243332851080245,0.4882758246527778
6,140,0.0011345782550051808,0.001344617921859026,-0.4175805202236882,-0.6151997619205051,0.48245261863425926,0.4882758246527778
6,141,0.0011344996746629477,0.0013449972029775381,-0.4178794775480106,-0.6163009338908725,0.48245261863425926,0.4882758246527778
6,142,0.001133986166678369,0.001342932926490903,-0.41715283025929956,-0.6119775229030185,0.48246768904320986,0.48827039930555555
6,143,0.0011324963998049498,0.0013415168505162,-0.4144045310255922,-0.6090135362413195,0.4824441792052469,0.48826497395833335
6,144,0.0011297555174678564,0.0013391009997576475,-0.41018153134687446,-0.6042448030577765,0.4824315200617284,0.48829210069444445
6,145,0.00112931989133358,0.0013396537397056818,-0.4091747139707024,-0.6050821595721775,0.48243754822530865,0.48829210069444445
6,146,0.0011299760080873966,0.0013408079976215959,-0.41035394285932,-0.6071088433265686,0.48243031442901235,0.48828125
6,147,0.0011278025340288877,0.00133761006873101,-0.4066411209695133,-0.6006947027312385,0.48247251157407406,0.4883029513888889
6,148,0.0011278975289314985,0.001338936504907906,-0.4069991049943147,-0.6033052364985149,0.48246708622685186,0.48829752604166665
6,149,0.0011269579408690333,0.0013380583841353655,-0.40573692586686877,-0.6018849677509732,0.48247733410493826,0.4883029513888889
6,150,0.0011273440904915333,0.0013379815500229597,-0.40653737327198924,-0.6023181464936999,0.482520134066358,0.48834635416666666
7,1,0.5154284834861755,0.461982786655426,-801.2501139134537,-736.4661220974392,0.22371660397376544,0.2567545572916667
7,2,0.4285159111022949,0.39489471912384033,-668.4367565202124,-629.4200541178385,0.3032986111111111,0.34805772569444443
7,3,0.364452987909317,0.332017183303833,-566.687471328547,-529.0675464206272,0.3868362991898148,0.425732421875
7,4,0.3067479133605957,0.2781760096549988,-476.7889325365608,-443.1383539835612,0.45474717881944443,0.4882595486111111
7,5,0.25593101978302,0.23107334971427917,-397.71597423788944,-367.9555606418186,0.5052842881944445,0.5204915364583333
7,6,0.2117512971162796,0.18995854258537292,-329.9705492467056,-302.32027214898005,0.5297387393904321,0.5337782118055555
7,7,0.17331551015377045,0.15464037656784058,-269.9252077550064,-245.92968826293946,0.5375307436342592,0.53798828125
7,8,0.1407461166381836,0.12512674927711487,-219.42642370153357,-198.7987104627821,0.542214023919753,0.5409884982638888
7,9,0.11346885561943054,0.1010378897190094,-176.3790624830458,-160.3229576534695,0.5421971450617284,0.5403645833333334
7,10,0.09179551154375076,0.08175985515117645,-142.08220591133025,-129.52693782382542,0.5403229890046296,0.5357964409722222
7,11,0.07444412261247635,0.06646358221769333,-115.13558422842144,-105.08369856940375,0.5334665557484568,0.5263997395833333
7,12,0.060731783509254456,0.05440463870763779,-93.84773903128541,-85.8086654663086,0.5245298032407407,0.5187391493055555
7,13,0.0498996376991272,0.04488005489110947,-76.9309644345884,-70.58002145555284,0.5173376012731481,0.510791015625
7,14,0.04135119915008545,0.037363484501838684,-63.76226413868092,-58.558498764038085,0.5099766107253086,0.5052408854166667
7,15,0.03459708392620087,0.031398262828588486,-53.0999091171924,-49.01489938100179,0.5040647907021605,0.4982150607638889
7,16,0.029185105115175247,0.02659122459590435,-44.41232626408706,-41.321485710144046,0.4972674334490741,0.49065755208333334
7,17,0.02483363077044487,0.022730158641934395,-37.802077654850336,-35.140165932973225,0.490478515625,0.484912109375
7,18,0.02132697030901909,0.01959969475865364,-32.29440340701445,-30.126575650109185,0.4839307243441358,0.4792751736111111
7,19,0.01846727356314659,0.0170347448438406,-27.835694477881916,-26.017063437567817,0.4783323688271605,0.47369249131944446
7,20,0.016121048480272293,0.014923212118446827,-24.098042608779153,-22.632780615488688,0.4736454716435185,0.4693359375
7,21,0.014176532626152039,0.013164546340703964,-21.047870709572308,-19.812891091240775,0.4675491898148148,0.4613226996527778
7,22,0.012544861994683743,0.011687017977237701,-18.481462508072088,-17.44284412595961,0.46210997781635804,0.45743272569444443
7,23,0.011178258806467056,0.010447223670780659,-16.324707105424668,-15.453390375773113,0.4570873119212963,0.45303276909722223
7,24,0.010027109645307064,0.009389137849211693,-14.513889328050025,-13.754764636357626,0.4531473042052469,0.448681640625
7,25,0.009044047445058823,0.00849289819598198,-12.968899746294374,-12.315393310123019,0.44918077256944444,0.44431966145833335
7,26,0.008209707215428352,0.0077262818813323975,-11.645885909633872,-11.083575661977132,0.4448115596064815,0.4416286892361111
7,27,0.007489149458706379,0.00706512201577425,-10.49567529566494,-10.021022648281521,0.44118561921296295,0.43702256944444445
7,28,0.006864144932478666,0.006484823301434517,-9.516862712377383,-9.087875790066189,0.4388117283950617,0.43553602430555555
7,29,0.006326950155198574,0.005993260070681572,-8.659120872579974,-8.297089025709365,0.4360526379243827,0.4318901909722222
7,30,0.005854042246937752,0.005551731679588556,-7.917001887309699,-7.586546013090346,0.43199688946759257,0.4277615017361111
7,31,0.005439108237624168,0.005168452858924866,-7.251934255788355,-6.969521692064073,0.4291702835648148,0.42578125
7,32,0.0050729308277368546,0.004822432063519955,-6.679234821119426,-6.412050898869833,0.42800443672839505,0.4248263888888889
7,33,0.004746309481561184,0.0045206379145383835,-6.15394611535249,-5.925723210970561,0.4265745563271605,0.42289496527777776
7,34,0.0044602942653000355,0.00425382237881422,-5.701497022899581,-5.495554365052117,0.4242163387345679,0.41972113715277776
7,35,0.004205574281513691,0.0040145390667021275,-5.297715568248137,-5.109599381022983,0.42119261188271606,0.41730685763888886
7,36,0.003971658181399107,0.003793352982029319,-4.929530056023303,-4.752744192547269,0.41917860243055555,0.4161295572916667
7,37,0.003764987923204899,0.003601399715989828,-4.599301799138387,-4.442846870422363,0.4179958767361111,0.41488172743055557
7,38,0.0035800524055957794,0.0034266747534275055,-4.302725494349445,-4.160776482688056,0.417479865933642,0.4141710069444444
7,39,0.003410849254578352,0.003267930820584297,-4.0325031365877315,-3.9043029281828137,0.4156702112268518,0.4112521701388889
7,40,0.0032578096725046635,0.003124274779111147,-3.7879322422875297,-3.672205482588874,0.41288761091820986,0.4088270399305556
7,41,0.0031196302734315395,0.002991847228258848,-3.5698457341135286,-3.457987242274814,0.4121286651234568,0.40884331597222223
7,42,0.002992575988173485,0.002872440032660961,-3.3662663871859326,-3.2649754656685723,0.41056194540895063,0.406640625
7,43,0.0028765141032636166,0.002761654555797577,-3.1830040914041025,-3.085744622018602,0.40947265625,0.4063802083333333
7,44,0.002769357291981578,0.002660227008163929,-3.0097115416585662,-2.9214442835913763,0.4088240258487654,0.4059244791666667
7,45,0.002672657836228609,0.002569679170846939,-2.854058144710682,-2.774980725182427,0.4097149884259259,0.40683051215277777
7,46,0.002583666704595089,0.0024858389515429735,-2.7077496852403806,-2.6392495844099257,0.4065285011574074,0.40176323784722223
7,47,0.0025040453765541315,0.0024094495456665754,-2.5843823412318288,-2.5154284980562,0.4052197868441358,0.4022081163194444
7,48,0.002427506260573864,0.002336147241294384,-2.4575540157012,-2.3966677957110933,0.4052710262345679,0.40008680555555554
7,49,0.0023559113033115864,0.0022680149413645267,-2.3453139737800317,-2.286111895243327,0.40284288194444445,0.39885525173611114
7,50,0.0022915159352123737,0.0022066524252295494,-2.241571796087571,-2.186636429362827,0.40179820119598764,0.3978678385416667
7,51,0.002231902675703168,0.002150031505152583,-2.1454889712510288,-2.0948148992326523,0.40055519386574073,0.3964029947916667
7,52,0.002173543442040682,0.002093519549816847,-2.0510256814367978,-2.003064931763543,0.39971547067901236,0.39641384548611114
7,53,0.002120259217917919,0.0020438251085579395,-1.9661653810077244,-1.92237638897366,0.39948941454475306,0.39569227430555554
7,54,0.002072213916108012,0.0019984152168035507,-1.8875540733337401,-1.8485310395558676,0.39829282407407407,0.3949435763888889
7,55,0.0020279288291931152,0.0019554276950657368,-1.8168252547581991,-1.778795501920912,0.3989034770447531,0.39566514756944443
7,56,0.001985745970159769,0.0019148716237396002,-1.7485503811895111,-1.7128479056888157,0.39896918402777776,0.3954535590277778
7,57,0.0019449400715529919,0.0018763334956020117,-1.6830077409744262,-1.6502026875813802,0.39830066068672837,0.39494900173611114
7,58,0.001906917430460453,0.001839769072830677,-1.6221030367745293,-1.5907344182332357,0.3985399787808642,0.39543728298611114
7,59,0.0018721753731369972,0.001807203865610063,-1.5638900715627788,-1.5377532243728638,0.3984965760030864,0.39495985243055554
7,60,0.0018398826941847801,0.0017755953595042229,-1.5118487976215504,-1.4864314635594686,0.3986032744984568,0.39473741319444444
7,61,0.0018082805909216404,0.0017448030412197113,-1.460600322558556,-1.4362462944454617,0.39793053144290125,0.3938042534722222
7,62,0.0017774751177057624,0.0017157439142465591,-1.4117295097421716,-1.388983858956231,0.3982892071759259,0.39475911458333335
7,63,0.0017493754858151078,0.0016887441743165255,-1.3661210327972602,-1.3448398960961236,0.39796549479166665,0.3942654079861111
7,64,0.0017227241769433022,0.0016635882202535868,-1.322546547430533,-1.3039622174368963,0.3974506896219136,0.3935329861111111
7,65,0.0016976767219603062,0.0016391006065532565,-1.2828808805088938,-1.2640617450078329,0.3974169319058642,0.39352213541666664
7,66,0.001672879559919238,0.0016159388469532132,-1.2421857159814718,-1.226239848136902,0.3974458670910494,0.3935329861111111
7,67,0.001651893137022853,0.0015966149512678385,-1.207717329778789,-1.194870228237576,0.39749107831790126,0.3935546875
7,68,0.0016324201133102179,0.0015772203914821148,-1.176071661489981,-1.1631971412234836,0.3975790895061728,0.3935492621527778
7,69,0.0016124836402013898,0.0015577701851725578,-1.1442001336886558,-1.1314524173736573,0.3976713204089506,0.39378255208333335
7,70,0.0015929841902107,0.0015394884394481778,-1.1117471418263,-1.1017944018046062,0.397705078125,0.39352213541666664
7,71,0.001574881374835968,0.0015218807384371758,-1.0820265852374795,-1.0731201357311673,0.39770869502314815,0.39352213541666664
7,72,0.0015565932262688875,0.0015042637242004275,-1.0525881190358857,-1.044349765777588,0.3977424527391975,0.39351671006944444
7,73,0.0015405344311147928,0.001489168033003807,-1.0262128432591757,-1.0196652862760756,0.39822108892746916,0.3945041232638889
7,74,0.001525557367131114,0.0014747173991054296,-1.0015905135943566,-0.9961728705300226,0.39827051986882717,0.39376085069444444
7,75,0.0015115265268832445,0.001461176434531808,-0.9791785469761601,-0.9742279953426785,0.3985803674768518,0.3945095486111111
7,76,0.0014971334021538496,0.0014467794680967927,-0.9552774720721775,-0.9506911675135294,0.39856951678240743,0.39352213541666664
7,77,0.0014829020947217941,0.0014338380424305797,-0.9319516855993388,-0.9294706371095446,0.39797694830246916,0.39351128472222224
7,78,0.0014707641676068306,0.001422068220563233,-0.9118788410116125,-0.9104201952616374,0.3980740017361111,0.393505859375
7,79,0.0014573039952665567,0.001408873125910759,-0.8900073799086206,-0.888631190194024,0.39808907214506173,0.393505859375
7,80,0.001446111244149506,0.0013982554664835334,-0.8714235600130058,-0.8714696301354302,0.39808605806327163,0.39349500868055554
7,81,0.0014339009067043662,0.001385928364470601,-0.8519540277528174,-0.8512299802568224,0.39876663773148147,0.39348415798611114
7,82,0.0014230037340894341,0.001376234577037394,-0.8340415889834181,-0.8356103738149007,0.39903006847993827,0.39376627604166664
7,83,0.0014128098264336586,0.0013660113327205181,-0.8169036859347496,-0.8187677224477132,0.3987726658950617,0.39424913194444444
7,84,0.0014030956663191319,0.001357497414574027,-0.8010780802479497,-0.8048784732818604,0.39896134741512346,0.3942599826388889
7,85,0.0013941109646111727,0.0013603521510958672,-0.7863005078869102,-0.7962923447291056,0.39837058738425923,0.39397786458333334
7,86,0.0013857926242053509,0.001386315212585032,-0.7727068644982797,-0.8030043681462605,0.39883355034722223,0.39673936631944445
7,87,0.001377918291836977,0.001377785811200738,-0.7598945635336417,-0.7897293170293173,0.39925491898148147,0.3961100260416667
7,88,0.0013687063474208117,0.0013683949364349246,-0.7446323427153222,-0.7748630391226874,0.398412784529321,0.39614800347222223
7,89,0.0013593141920864582,0.0013591450406238437,-0.7290496826171875,-0.7602416541841295,0.3990264515817901,0.39720594618055555
7,90,0.0013527830597013235,0.0013530193828046322,-0.718402961301215,-0.750674925910102,0.39902283468364197,0.39651692708333336
7,91,0.0013459125766530633,0.0013453036081045866,-0.706887368949843,-0.7384302536646525,0.398682243441358,0.39663628472222223
7,92,0.0013387876097112894,0.0013382891193032265,-0.69506628425033,-0.7273596445719401,0.39925009645061726,0.39768880208333335
7,93,0.0013307128101587296,0.0013292887015268207,-0.6816160839280965,-0.713033488061693,0.39877387152777777,0.39654405381944446
7,94,0.0013235635124146938,0.0013231001794338226,-0.6698639035224915,-0.7032737957106696,0.3985261140046296,0.39663628472222223
7,95,0.0013185569550842047,0.0013182747643440962,-0.6613902509948354,-0.6957727140850491,0.3986129195601852,0.3967339409722222
7,96,0.0013121910160407424,0.0012700868537649512,-0.6511454745575234,-0.6617407268948026,0.3985309365354938,0.39351128472222224
7,97,0.0013058946933597326,0.001264345832169056,-0.6407358893641719,-0.6522740708457099,0.3987823109567901,0.393994140625
7,98,0.0013008067617192864,0.0012598229805007577,-0.6321760632373669,-0.6449592510859171,0.39885886863425923,0.3939887152777778
7,99,0.001295306603424251,0.0012541778851300478,-0.6230744433991703,-0.6357169641388787,0.3990119839891975,0.39348415798611114
7,100,0.0012898652348667383,0.0012484958861023188,-0.6140394652331317,-0.6262359923786587,0.3988172743055556,0.3934787326388889
7,101,0.0012833629734814167,0.001242823782376945,-0.6032085677723825,-0.6170875602298312,0.3990674430941358,0.3944498697916667
7,102,0.0012796693481504917,0.0012398452963680029,-0.5971255072840937,-0.6122321685155233,0.39886308834876544,0.39348415798611114
7,103,0.0012741474201902747,0.001232982729561627,-0.5878774600264467,-0.6008335603608026,0.39882390528549383,0.39348415798611114
7,104,0.0012700010556727648,0.0012308077421039343,-0.5811167297539888,-0.597462887234158,0.3991259162808642,0.39421657986111114
7,105,0.001266104751266539,0.0012265269178897142,-0.5746158498304862,-0.5902834547890558,0.39888237847222224,0.39376085069444444
7,106,0.0012626429088413715,0.0012227760162204504,-0.5687490672241022,-0.5842603458298578,0.39881365740740743,0.39351671006944444
7,107,0.0012573640560731292,0.001217688200995326,-0.5599453852500444,-0.5757976439264085,0.3988124517746914,0.39348415798611114
7,108,0.0012524373596534133,0.0012130332179367542,-0.5517417148307517,-0.5682965344852872,0.3989336178626543,0.3942111545138889
7,109,0.0012481437297537923,0.0012089658994227648,-0.5445984028003834,-0.5615716960695055,0.3987672405478395,0.39351671006944444
7,110,0.001245367107912898,0.0012073696125298738,-0.5399165907023865,-0.5588507427109612,0.39886127989969133,0.39349500868055554
7,111,0.0012423207517713308,0.0012041828595101833,-0.5347914713400381,-0.5537886447376675,0.39911988811728394,0.39348958333333334
7,112,0.0012395468074828386,0.0012004601303488016,-0.5302662864143466,-0.5478214661280314,0.39877085744598767,0.3935004340277778
7,113,0.001235139206983149,0.0011963576544076204,-0.5227881181387254,-0.5410537441571553,0.3988124517746914,0.3935275607638889
7,114,0.0012288081925362349,0.0011929994216188788,-0.5076396485905589,-0.535339175330268,0.3973102334104938,0.3935004340277778
7,115,0.001226292923092842,0.0011902096448466182,-0.5036153354762513,-0.530808777279324,0.39729395736882717,0.3935004340277778
7,116,0.0012231802102178335,0.001187731046229601,-0.49851942621631384,-0.5266127996974521,0.39742778260030864,0.39348958333333334
7,117,0.0012206819374114275,0.0011850518640130758,-0.49429451138884933,-0.5224475688404507,0.397315055941358,0.39349500868055554
7,118,0.0012187054380774498,0.0011840681545436382,-0.4912424405415853,-0.5209010574552748,0.39752785011574077,0.39400499131944444
7,119,0.0012163001811131835,0.0011811819858849049,-0.48723070665642065,-0.5159644696447584,0.3978352864583333,0.3935275607638889
7,120,0.0012130492832511663,0.001178115140646696,-0.48185864319036037,-0.510542693403032,0.39753870081018516,0.39351671006944444
7,121,0.001211356371641159,0.0011762995272874832,-0.4791446887416604,-0.5079253064261542,0.39739040798611114,0.39354383680555555
7,122,0.001209066715091467,0.0011740189511328936,-0.4753610556508288,-0.5043697886996799,0.39742235725308644,0.39352213541666664
7,123,0.001207371591590345,0.0011727407108992338,-0.4725954270657198,-0.5022177272372775,0.39746214313271605,0.39354383680555555
7,124,0.0012051534140482545,0.0011698431335389614,-0.46893306897010334,-0.4975373215145535,0.3975646219135803,0.3935329861111111
7,125,0.0012030251091346145,0.0011683667544275522,-0.4654656024626744,-0.4950603657298618,0.397485652970679,0.3935275607638889
7,126,0.0012001541908830404,0.0011650653323158622,-0.460727048067399,-0.48950712415907116,0.39744044174382714,0.39352213541666664
7,127,0.0011976798996329308,0.001162972766906023,-0.45670390791363186,-0.4861799200375875,0.3974488811728395,0.3935546875
7,128,0.001195631455630064,0.0011608981294557452,-0.453350943547708,-0.48280641900168525,0.39746214313271605,0.3935275607638889
7,129,0.0011942882556468248,0.0011607748456299305,-0.45113359807450093,-0.48281031979454886,0.39748866705246916,0.39353841145833335
7,130,0.0011935150250792503,0.001192695926874876,-0.44992308337011455,-0.4987830970022413,0.39755557966820987,0.40023871527777777
7,131,0.0012004105374217033,0.001193863688968122,-0.45826564055901986,-0.4965603921148512,0.3992289978780864,0.40127495659722223
7,132,0.0012274218024685979,0.0011516250669956207,-0.4824978236798887,-0.4675467332204183,0.4052782600308642,0.39349500868055554
7,133,0.0012507603969424963,0.0012444970197975636,-0.5564260644677245,-0.6225783308347066,0.4085798852237654,0.41575520833333335
7,134,0.001257795956917107,0.0012324023991823196,-0.567491117524512,-0.6029176142480638,0.41763780381944443,0.4168240017361111
7,135,0.0012527171056717634,0.0012227022089064121,-0.5561141452671569,-0.587070800198449,0.41936426986882713,0.41884765625
7,136,0.0012537888251245022,0.0012139868922531605,-0.5688701015931589,-0.572623872756958,0.42377809124228394,0.420458984375
7,137,0.0012812133645638824,0.0012774068163707852,-0.6127367344903357,-0.6380501601431104,0.43918788580246915,0.44950086805555556
7,138,0.001368998782709241,0.001299695111811161,-0.7304575251944271,-0.6595783604515923,0.47721293885030863,0.4611870659722222
7,139,0.0019065579399466515,0.0019082643557339907,-1.6075606359375847,-1.7559699720806545,0.6546585648148148,0.6159830729166667
7,140,0.0017882469110190868,0.0016742406878620386,-1.427065262971101,-1.3710026343663533,0.5390570746527777,0.47920464409722224
7,141,0.0016539080534130335,0.0016130672302097082,-1.2133273630966375,-1.2697001616160075,0.4683159722222222,0.45378689236111114
7,142,0.0016018478199839592,0.0015661390498280525,-1.133499061031106,-1.192186909251743,0.4469557773919753,0.4395073784722222
7,143,0.0015625092200934887,0.0015308074653148651,-1.0693063032479935,-1.1336716598934597,0.4383355034722222,0.43238932291666665
7,144,0.0015307385474443436,0.001502854167483747,-1.0173373210577317,-1.0873697757720948,0.43148811246141977,0.42693142361111114
7,145,0.001503524836152792,0.0014757993631064892,-0.9742402468198611,-1.0420756472481623,0.4278899016203704,0.4246365017361111
7,146,0.0014772614231333137,0.0014544317964464426,-0.9260850726822276,-1.0067328612009685,0.4242163387345679,0.4201388888888889
7,147,0.001458135899156332,0.001435874029994011,-0.8949364111747271,-0.9760791460673014,0.42110640914351855,0.41848958333333336
7,148,0.001439704792574048,0.001418466679751873,-0.8654427766799927,-0.9472135729259915,0.41896339699074076,0.41684027777777777
7,149,0.0014279705937951803,0.0014114119112491608,-0.8462698444908048,-0.9355758746465047,0.41749614197530865,0.4151746961805556
7,150,0.0014203579630702734,0.0014034119667485356,-0.8339553392963645,-0.9222823434405857,0.4164104697145062,0.41424153645833334
8,1,0.5188565850257874,0.46489566564559937,-801.3544611612956,-785.2821641710069,0.21020869502314815,0.2594075520833333
8,2,0.4261541962623596,0.38571304082870483,-658.1804061889649,-651.6499294704861,0.3047483844521605,0.3575846354166667
8,3,0.3545151352882385,0.31919535994529724,-546.3573885505582,-538.3976065741645,0.40071252893518516,0.4469943576388889
8,4,0.29153013229370117,0.2621006369590759,-449.1116677743417,-442.50573289659286,0.4758499710648148,0.49903428819444445
8,5,0.23876357078552246,0.21359103918075562,-367.7096981566629,-360.44776136610244,0.520579547646605,0.534521484375
8,6,0.19382840394973755,0.1726178526878357,-299.1074618492597,-291.1262983534071,0.5415587625385803,0.5457573784722223
8,7,0.15619178116321564,0.13869842886924744,-240.51511941603673,-233.72790985107423,0.547240306712963,0.5469509548611111
8,8,0.12538281083106995,0.11127366125583649,-193.09588047545634,-187.30980792575411,0.5451738522376544,0.5432345920138889
8,9,0.10065597295761108,0.08943396806716919,-154.8574747250404,-150.33546829223633,0.543016975308642,0.5406195746527778
8,10,0.08105271309614182,0.07222015410661697,-124.22523341944188,-121.18514951070149,0.5383023485725309,0.5329210069444444
8,11,0.06567341089248657,0.058743976056575775,-100.29026592160449,-98.35734926859537,0.531762393904321,0.5278645833333333
8,12,0.05362504720687866,0.04818546399474144,-81.86503432238544,-80.46613087124295,0.5261326919367284,0.522119140625
8,13,0.04415217041969299,0.039855439215898514,-67.11404440844501,-66.34641899532743,0.5211365499614198,0.5167643229166666
8,14,0.03670208901166916,0.03330031782388687,-55.6702823544726,-55.23082731035021,0.5148413387345679,0.5098253038194445
8,15,0.030802786350250244,0.028074685484170914,-46.43520143650196,-46.36652643415663,0.5069034529320988,0.5008626302083333
8,16,0.026080340147018433,0.02387961745262146,-39.254503263073204,-39.247530937194824,0.500074749228395,0.49507921006944444
8,17,0.02227490395307541,0.02048555016517639,-33.29176190929648,-33.485546853807236,0.4926733699845679,0.4872504340277778
8,18,0.019186999648809433,0.017721423879265785,-28.536632595533206,-28.790943633185492,0.4840356143904321,0.48070203993055555
8,19,0.016677165403962135,0.015462404116988182,-24.56681944941297,-24.95255054897732,0.4788405430169753,0.4733940972222222
8,20,0.014605683274567127,0.013586534187197685,-21.382060496601056,-21.76383236779107,0.47292631172839505,0.46780598958333336
8,21,0.012881082482635975,0.012020347639918327,-18.700743645208853,-19.100349214341904,0.4669373312114197,0.462744140625
8,22,0.01143569778650999,0.010707993060350418,-16.418210551179484,-16.867406177520753,0.4624680507330247,0.4578938802083333
8,23,0.010227203369140625,0.009601099416613579,-14.580914934770561,-14.983184496561686,0.4579270351080247,0.4542263454861111
8,24,0.009197963401675224,0.008656374178826809,-12.969717000443259,-13.374375274446276,0.45352888695987653,0.4493543836805556
8,25,0.008318920619785786,0.00784860085695982,-11.617440164825062,-11.997991540696885,0.4493073640046296,0.445458984375
8,26,0.007565244100987911,0.007151403930038214,-10.420186693874406,-10.809466441472372,0.4457857108410494,0.4410807291666667
8,27,0.006913769990205765,0.006550482474267483,-9.419061211009085,-9.784614494111803,0.4415822723765432,0.43696831597222224
8,28,0.006353012286126614,0.006029877811670303,-8.533036133389414,-8.896362691455417,0.43838252314814813,0.4357638888888889
8,29,0.005864640697836876,0.005575585179030895,-7.765586302898548,-8.120700221591525,0.43603636188271605,0.43285047743055555
8,30,0.0054366025142371655,0.005176635459065437,-7.110334595927486,-7.439322895473904,0.43284022955246915,0.43063151041666664
8,31,0.005062826909124851,0.00482822535559535,-6.528090592961252,-6.8439103126525875,0.432005931712963,0.4294487847222222
8,32,0.004735087975859642,0.004519237671047449,-6.008279576124968,-6.315778329637316,0.4296019000771605,0.42724609375
8,33,0.004439628217369318,0.004242852795869112,-5.542876316588602,-5.842945771747165,0.4271279417438272,0.42457682291666665
8,34,0.004179331939667463,0.003997236490249634,-5.139172791257317,-5.422678004370796,0.4245093074845679,0.4219021267361111
8,35,0.003945322707295418,0.0037774397060275078,-4.769778936586262,-5.046382580863105,0.4236551167052469,0.42068684895833336
8,36,0.003734593279659748,0.003577935043722391,-4.445426014617637,-4.7045153697331745,0.42143192997685186,0.41898871527777776
8,37,0.0035483555402606726,0.003402833826839924,-4.153467836203398,-4.404475127326117,0.4181863667052469,0.41534288194444446
8,38,0.003377857618033886,0.003239201381802559,-3.8832907029140142,-4.123923457993401,0.417334587191358,0.41537000868055557
8,39,0.0032238606363534927,0.003095658030360937,-3.639352618617776,-3.8777684926986695,0.41596559124228394,0.41366102430555557
8,40,0.003086704760789871,0.0029642514418810606,-3.4282584964493177,-3.6523572047551474,0.4153344425154321,0.41292860243055557
8,41,0.002959764562547207,0.002843133406713605,-3.228249337643753,-3.444398625691732,0.41374119888117283,0.4117024739583333
8,42,0.0028448221273720264,0.0027344906702637672,-3.044643214308185,-3.25780090490977,0.4108832465277778,0.40828993055555557
8,43,0.002737688831984997,0.002630349714308977,-2.8791332601029196,-3.0787209961149427,0.4099217544367284,0.4073296440972222
8,44,0.00263993046246469,0.0025383213069289923,-2.7253639815766135,-2.9205888668696085,0.4096143180941358,0.4063856336805556
8,45,0.002552730031311512,0.0024560773745179176,-2.5883723191273065,-2.779213865598043,0.40858953028549383,0.4061252170138889
8,46,0.0024722637608647346,0.0023785154335200787,-2.46143930370425,-2.6457339498731827,0.40692274305555554,0.4041775173611111
8,47,0.002395147457718849,0.0023038878571242094,-2.343196673746462,-2.5172508822547064,0.4065948109567901,0.4046603732638889
8,48,0.002325878944247961,0.0022383537143468857,-2.2328007795192577,-2.404427986674839,0.40482373649691356,0.4024685329861111
8,49,0.0022621829994022846,0.002176848240196705,-2.1324213160408867,-2.2983979754977755,0.40531442901234566,0.4031846788194444
8,50,0.002202757867053151,0.0021192184649407864,-2.0394375721613565,-2.1991104867723252,0.40463806905864197,0.4027126736111111
8,51,0.002146958839148283,0.0020654392428696156,-1.950606738196479,-2.1063497967190212,0.40441141010802467,0.4022298177083333
8,52,0.002096995245665312,0.002018106635659933,-1.8715383294187946,-2.0246677266226873,0.4038351176697531,0.4017306857638889
8,53,0.0020484570413827896,0.0019709093030542135,-1.795957722192929,-1.943231185277303,0.40202244888117283,0.398828125
8,54,0.0020031912717968225,0.0019268306205049157,-1.723416965684773,-1.867089335123698,0.4016010802469136,0.39981011284722223
8,55,0.001961374655365944,0.0018871348584070802,-1.6570207604655514,-1.7985497342215644,0.4021339699074074,0.399755859375
8,56,0.0019210538594052196,0.001847569365054369,-1.593572089407179,-1.730108814769321,0.40209358121141975,0.4004991319444444
8,57,0.0018849726766347885,0.001813478535041213,-1.5366809668364347,-1.671310461892022,0.40143952546296297,0.3992784288194444
8,58,0.0018505577463656664,0.0017796644242480397,-1.4821942900433953,-1.6127026398976645,0.4009470244984568,0.3997884114583333
8,59,0.0018171198898926377,0.0017475385684520006,-1.4299817320741253,-1.5571279711193509,0.40138286072530865,0.4000162760416667
8,60,0.0017860776279121637,0.001717554870992899,-1.3813342927414693,-1.5052398787604437,0.4007908950617284,0.3980740017361111
8,61,0.0017556885723024607,0.0016882801428437233,-1.3322438952363567,-1.4544900841183133,0.4005262586805556,0.3985460069444444
8,62,0.0017287777736783028,0.0016627514269202948,-1.2901178121566772,-1.41027799182468,0.3995273919753086,0.39755859375
8,63,0.0017032719915732741,0.0016375401755794883,-1.2502200506351613,-1.3666230254703098,0.4000277295524691,0.3975911458333333
8,64,0.0016783245373517275,0.0016134774778038263,-1.2108621420683685,-1.3249436272515192,0.3994460117669753,0.3980631510416667
8,65,0.0016562726814299822,0.001593089895322919,-1.175821030581439,-1.2895049042171902,0.39957320601851853,0.3978244357638889
8,66,0.0016347889322787523,0.0015710530569776893,-1.141842986330574,-1.2512568420834012,0.3991747444058642,0.3973578559027778
8,67,0.0016138383653014898,0.0015512080863118172,-1.1085907209066697,-1.2167532867855495,0.3992458767361111,0.3980631510416667
8,68,0.0015945996856316924,0.0015320968814194202,-1.0776495497903706,-1.1836650795406765,0.3992410542052469,0.3975640190972222
8,69,0.0015762208495289087,0.0015145044308155775,-1.0487057114824836,-1.1532400131225586,0.3990282600308642,0.39730902777777777
8,70,0.0015587515663355589,0.0014975477242842317,-1.020824138323466,-1.1237291547987196,0.3991500289351852,0.3978135850694444
8,71,0.001543481252156198,0.0014828294515609741,-0.9970286016111021,-1.0983566734525891,0.3990565923996914,0.3973307291666667
8,72,0.0015277653001248837,0.0014680022140964866,-0.9721643806975565,-1.0724932803048028,0.39916389371141975,0.397314453125
8,73,0.001512481365352869,0.001452889759093523,-0.9481226288242105,-1.0461852073669433,0.3989137249228395,0.39730360243055557
8,74,0.0014984665904194117,0.0014393751043826342,-0.9256105337613895,-1.0226563851038615,0.399120490933642,0.3978352864583333
8,75,0.0014842909295111895,0.0014252481050789356,-0.9029023815084387,-0.9981358740064833,0.39896195023148145,0.3973415798611111
8,76,0.0014702785992994905,0.0014114677906036377,-0.881026922037572,-0.9742216322157118,0.398949893904321,0.3973470052083333
8,77,0.0014582989970222116,0.0014006462879478931,-0.8617063021954195,-0.9554671737882826,0.398950496720679,0.3973307291666667
8,78,0.0014450566377490759,0.0013865845976397395,-0.8408337537153268,-0.9308576292461819,0.3989408516589506,0.3973307291666667
8,79,0.001433034660294652,0.0013759159483015537,-0.8216881563634049,-0.9120858801735772,0.3992808400848765,0.3975694444444444
8,80,0.0014220222365111113,0.0013645384460687637,-0.8039370734014629,-0.8923175891240438,0.3993061583719136,0.39755859375
8,81,0.0014126182068139315,0.0013557616621255875,-0.7890477574901816,-0.8770592663023207,0.39936402874228394,0.3983018663194444
8,82,0.0014010029844939709,0.0013442060444504023,-0.7704520505151631,-0.8568065298928155,0.3991596739969136,0.3973253038194444
8,83,0.0013916624011471868,0.0013351941015571356,-0.7556345754199558,-0.8410523864958022,0.39901740933641977,0.3975802951388889
8,84,0.0013811064418405294,0.0013251041527837515,-0.7387537367549943,-0.8234272850884332,0.39910722897376544,0.3975857204861111
8,85,0.001372715923935175,0.00131714204326272,-0.7256915350019196,-0.8095883184009128,0.39891191647376545,0.3973524305555556
8,86,0.0013642585836350918,0.0013093084562569857,-0.7121702634258035,-0.7958104107115004,0.39899510513117287,0.3973307291666667
8,87,0.0013567546848207712,0.00130167743191123,-0.7002931612509268,-0.7827204783757528,0.3991162712191358,0.3978081597222222
8,88,0.0013498621992766857,0.0012954229023307562,-0.689239419683998,-0.7715754164589776,0.3990162037037037,0.3975802951388889
8,89,0.0013421890325844288,0.0012872053775936365,-0.6769084931891641,-0.757224088244968,0.3994243103780864,0.39810112847222223
8,90,0.0013357358984649181,0.0012810903135687113,-0.666788089716876,-0.7465467956331041,0.3991898148148148,0.39736328125
8,91,0.0013296266552060843,0.0012756271753460169,-0.6571633327154466,-0.7370893690321181,0.39914641203703705,0.3978461371527778
8,92,0.0013237876119092107,0.0012693020980805159,-0.6480882551934984,-0.7260816044277615,0.3990535783179012,0.39736328125
8,93,0.001317991758696735,0.00126441172324121,-0.6388453979551056,-0.7176455603705512,0.3992724006558642,0.3983018663194444
8,94,0.0013109756400808692,0.0012568021193146706,-0.6277115948406267,-0.704308991962009,0.39894687982253085,0.3973253038194444
8,95,0.0013059545308351517,0.0012529924279078841,-0.6196668852994471,-0.6976928234100341,0.3989896797839506,0.3973578559027778
8,96,0.0012999761383980513,0.0012461069272831082,-0.6101732830942413,-0.685474321577284,0.3990113811728395,0.3975857204861111
8,97,0.001293929642997682,0.0012405326124280691,-0.6003619960796686,-0.6757327874501546,0.3994779610339506,0.39779730902777777
8,98,0.0012875812826678157,0.0012337570078670979,-0.5901579530150802,-0.6637941837310791,0.39907588252314813,0.39736870659722223
8,99,0.001282696845009923,0.0012303314870223403,-0.5822894018373371,-0.6579896052678426,0.39940562307098765,0.3980685763888889
8,100,0.001279365038499236,0.0012264836113899946,-0.5772292840627976,-0.651208864318,0.39967146508487655,0.3978352864583333
8,101,0.0012736181961372495,0.001220865175127983,-0.5681290685394664,-0.6413656976487901,0.3998143325617284,0.3985514322916667
8,102,0.0012688966235145926,0.0012164972722530365,-0.560482402348224,-0.6336187760035197,0.39964252989969135,0.3978244357638889
8,103,0.0012644988019019365,0.001212511444464326,-0.5535526131406242,-0.6265888267093235,0.39901982060185187,0.3973470052083333
8,104,0.0012596214655786753,0.0012070558732375503,-0.545630693435669,-0.6169068919287788,0.39946711033950616,0.3980794270833333
8,105,0.0012554603163152933,0.0012037139385938644,-0.5390804763193484,-0.6111386696497599,0.39895893614969136,0.3973524305555556
8,106,0.0012522656470537186,0.0012005586177110672,-0.5339154661437612,-0.605516775449117,0.39919041763117286,0.3975965711805556
8,107,0.0012481908779591322,0.0011959434486925602,-0.5275244004932451,-0.5976674927605523,0.3995044849537037,0.3973524305555556
8,108,0.001244182582013309,0.0011930332984775305,-0.521074813089253,-0.5923913558324178,0.39952136381172837,0.3976019965277778
8,109,0.001239905133843422,0.0011878344230353832,-0.5142546602237372,-0.5833789269129436,0.3997486255787037,0.3973524305555556
8,110,0.0012368825264275074,0.001185729051940143,-0.5093863894909988,-0.5795578638712565,0.3994454089506173,0.3975911458333333
8,111,0.001233238959684968,0.00118207186460495,-0.5036375866995917,-0.573183004061381,0.3992380401234568,0.3973470052083333
8,112,0.0012308068107813597,0.0011799255153164268,-0.49979031807110635,-0.5694569561216566,0.39909999517746914,0.3973361545138889
8,113,0.001228995155543089,0.0011784981470555067,-0.4969364650455522,-0.5670490370856391,0.39968412422839505,0.39852430555555557
8,114,0.0012250777799636126,0.0011739963665604591,-0.4905552934717249,-0.558997376759847,0.39914641203703705,0.3973198784722222
8,115,0.0012212180299684405,0.0011701419716700912,-0.4843727565106051,-0.5522180530760024,0.3995478877314815,0.3985405815972222
8,116,0.0012201778590679169,0.001169943017885089,-0.4828864958551195,-0.5518373171488444,0.39898847415123456,0.39730902777777777
8,117,0.0012169488472864032,0.001165510155260563,-0.47768584372084816,-0.544107797410753,0.3989800347222222,0.3973253038194444
8,118,0.001213673735037446,0.001164147863164544,-0.4723255813857655,-0.5416254387961493,0.39910059799382713,0.3975748697916667
8,119,0.0012123285559937358,0.0011622222373262048,-0.47033605546127133,-0.5384666999181111,0.39891010802469135,0.3973415798611111
8,120,0.0012252659071236849,0.0011583948507905006,-0.5024708674277788,-0.531698449452718,0.399267578125,0.3973361545138889
8,121,0.0012104092165827751,0.0011558551341295242,-0.4660625325308906,-0.5273657904730903,0.39908251350308643,0.3975802951388889
8,122,0.0012041120789945126,0.0011538686230778694,-0.4571788197682228,-0.5237144655651517,0.3989794319058642,0.3973578559027778
8,123,0.0012013065861538053,0.0011510690674185753,-0.45255124598373603,-0.5188912020789253,0.39892457561728395,0.39736870659722223
8,124,0.0011998041300103068,0.0011495223734527826,-0.4502762238184611,-0.5160489850574069,0.39931218653549383,0.3987901475694444
8,125,0.0011981429997831583,0.0011481503024697304,-0.44765223971119633,-0.5136446356773376,0.3990373022762346,0.3973524305555556
8,126,0.0011962635908275843,0.0011462175752967596,-0.44457997451593845,-0.5101903703477647,0.3992585358796296,0.3980577256944444
8,127,0.0011948681203648448,0.0011454808991402388,-0.4424360834522012,-0.5089888837602403,0.39907045717592593,0.3973470052083333
8,128,0.0011927317827939987,0.00114314048551023,-0.43894040437392245,-0.5047683424419827,0.3989179446373457,0.3973470052083333
8,129,0.0011912784539163113,0.0011419957736507058,-0.43678700497120987,-0.5029749088817173,0.3990541811342593,0.3973578559027778
8,130,0.0011917531955987215,0.0011425840202718973,-0.43772970408569145,-0.5038200736045837,0.39972511574074077,0.3980685763888889
8,131,0.0011887472355738282,0.001138588646426797,-0.432749374118852,-0.4966766595840454,0.3992012683256173,0.39730902777777777
8,132,0.0011857599020004272,0.0011362300720065832,-0.4279043093139743,-0.49260188076231215,0.39958526234567904,0.3982747395833333
8,133,0.0011843139072880149,0.001134886872023344,-0.4255381769604153,-0.4904219839307997,0.3991349585262346,0.3975694444444444
8,134,0.0011830830480903387,0.0011335196904838085,-0.4236234101248376,-0.4879455433951484,0.39922236689814816,0.39803602430555557
8,135,0.001196579891256988,0.0011331138666719198,-0.45585952982490446,-0.4873232007026672,0.39939356674382714,0.3973361545138889
8,136,0.001194271957501769,0.00113090465310961,-0.4518443446100494,-0.4833195434676276,0.3993628231095679,0.3973253038194444
8,137,0.00119078962597996,0.0011273392010480165,-0.44600305925180883,-0.47697067128287424,0.3995870707947531,0.3973470052083333
8,138,0.0011905195424333215,0.001128689618781209,-0.4453815261522929,-0.47934245003594295,0.3995924961419753,0.3973415798611111
8,139,0.001188347116112709,0.001125699607655406,-0.4417233630462929,-0.47411013311809963,0.39990354938271605,0.3980577256944444
8,140,0.0011853004107251763,0.0011235126294195652,-0.4365770075056288,-0.47023718886905247,0.3998306086033951,0.3973307291666667
8,141,0.0011834804899990559,0.0011215897975489497,-0.4335907871340528,-0.4666924516359965,0.3999053578317901,0.3973253038194444
8,142,0.0011817232007160783,0.001120950561016798,-0.430229044990775,-0.4653663847181532,0.4001386477623457,0.3973415798611111
8,143,0.0011814406607300043,0.0011204853653907776,-0.4296641321829808,-0.46463563707139754,0.4005220389660494,0.3973198784722222
8,144,0.0011779676424339414,0.0011169139761477709,-0.4238244162665473,-0.4584368758731418,0.4005154079861111,0.3973307291666667
8,145,0.0011760992929339409,0.0011164697352796793,-0.4205262959739308,-0.4576259626282586,0.40084273726851855,0.3980631510416667
8,146,0.001175225479528308,0.0011156692635267973,-0.4190091917544235,-0.45613396830028957,0.40104046103395063,0.3973307291666667
8,147,0.0011737891472876072,0.0011148853227496147,-0.41636655742739453,-0.45472768545150755,0.4014328944830247,0.3975857204861111
8,148,0.0011727922828868032,0.0011147321201860905,-0.4147181329903779,-0.4545690841144986,0.4013159481095679,0.3973470052083333
8,149,0.0011721453629434109,0.0011135567910969257,-0.41346723915618144,-0.4523932655652364,0.40149920428240743,0.3973524305555556
8,150,0.0011717317393049598,0.0011134252417832613,-0.4127271447652652,-0.4522840976715088,0.401978443287037,0.3973415798611111
9,1,0.5099186897277832,0.4595061242580414,-787.6661009800287,-781.2826219346788,0.21763358410493827,0.2660590277777778
9,2,0.42535990476608276,0.3888580799102783,-656.2695495793848,-661.00753648546,0.3052149643132716,0.3488498263888889
9,3,0.36011195182800293,0.3252412676811218,-555.4388835577317,-552.7692862616645,0.3956458574459877,0.4392903645833333
9,4,0.2989192306995392,0.26829594373703003,-460.6750427528664,-455.87132059733074,0.47022870852623455,0.5018717447916666
9,5,0.24565938115119934,0.21951541304588318,-378.85247247013046,-372.8417455037435,0.5182183159722222,0.5331922743055556
9,6,0.1999662071466446,0.17767217755317688,-307.5018091366615,-301.6046440972222,0.5381781684027778,0.5411458333333333
9,7,0.16140694916248322,0.14271855354309082,-248.7303567674425,-242.08274442884658,0.5416395399305556,0.5398111979166667
9,8,0.12958954274654388,0.11428742110729218,-199.44815169911325,-193.65456915961371,0.5427535445601852,0.5404242621527777
9,9,0.10393479466438293,0.09163081645965576,-159.00171340659813,-155.0503672281901,0.539964313271605,0.5375922309027777
9,10,0.08358340710401535,0.07379145175218582,-128.02422991152162,-124.64405615064832,0.5364613474151234,0.532080078125
9,11,0.06762534379959106,0.05985541641712189,-102.87162497485126,-100.88147917853462,0.5312367380401235,0.5255859375
9,12,0.055157847702503204,0.04896550253033638,-84.26357928617502,-82.30566596984863,0.5254545235339506,0.5195638020833333
9,13,0.04539914429187775,0.040444981306791306,-68.96911312856793,-67.7652464972602,0.5212577160493828,0.5157389322916667
9,14,0.03769632428884506,0.033689841628074646,-56.80312661653684,-56.23222745259603,0.5146592881944444,0.5085232204861111
9,15,0.03159455209970474,0.02833186462521553,-47.28798014087442,-47.08020220862495,0.5074339313271605,0.5012803819444445
9,16,0.026743795722723007,0.024067431688308716,-39.82346260635941,-39.79234051174588,0.500903018904321,0.4966851128472222
9,17,0.02286430634558201,0.020635411143302917,-33.88757844383334,-33.92402884165446,0.49609555844907405,0.4901041666666667
9,18,0.019710009917616844,0.01784377172589302,-29.031135462537225,-29.148233222961426,0.48984375,0.48502061631944443
9,19,0.017132429406046867,0.015538541600108147,-24.998353155748344,-25.202408504486083,0.48464204764660496,0.478955078125
9,20,0.015000676736235619,0.013648434542119503,-21.69604757450245,-21.965329477522108,0.48039580922067904,0.4753146701388889
9,21,0.013243448920547962,0.012055637314915657,-18.999251585830876,-19.23566699557834,0.4760054976851852,0.47119140625
9,22,0.011751672253012657,0.01073279045522213,-16.710868124314295,-16.967530483669705,0.47111846547067904,0.46537543402777776
9,23,0.010511903092265129,0.009611491113901138,-14.7638254524749,-15.043781444761489,0.4665430893132716,0.46078559027777777
9,24,0.00945635698735714,0.008662322536110878,-13.152056104754225,-13.414345041910808,0.45993501639660495,0.4532606336805556
9,25,0.008551301434636116,0.007844519801437855,-11.744247958100873,-12.009596406088935,0.4547724971064815,0.44939778645833334
9,26,0.00778093421831727,0.007148289121687412,-10.56984271944305,-10.812900230619643,0.4508421344521605,0.44644097222222223
9,27,0.007117521949112415,0.006550661753863096,-9.545970147038684,-9.784988747702705,0.4479124469521605,0.4435546875
9,28,0.0065444596111774445,0.0060276733711361885,-8.66528173169972,-8.884922292497423,0.4449827594521605,0.4392035590277778
9,29,0.0060357037000358105,0.00556307565420866,-7.872825088618714,-8.08485746383667,0.44060088734567904,0.43504231770833335
9,30,0.005593700334429741,0.005164193455129862,-7.182517954449595,-7.397537808948093,0.43749819155092595,0.4323947482638889
9,31,0.005207258276641369,0.004810298793017864,-6.582613168822395,-6.787405114703708,0.4356252411265432,0.43096788194444446
9,32,0.004863954149186611,0.0044999271631240845,-6.055853288556323,-6.251865884992811,0.434203197337963,0.4295247395833333
9,33,0.00456312345340848,0.004227968864142895,-5.597151393949249,-5.782386909590827,0.43187150366512345,0.42831488715277777
9,34,0.004297445062547922,0.003981746267527342,-5.1824511675187095,-5.356961586740282,0.4318950135030864,0.42730577256944446
9,35,0.004052024334669113,0.003757818602025509,-4.80916965684773,-4.969746745957268,0.43094437210648145,0.426123046875
9,36,0.003837151452898979,0.0035660259891301394,-4.476664317095721,-4.638122815555996,0.42733048804012347,0.4219889322916667
9,37,0.0036448503378778696,0.0033878376707434654,-4.1875357542508915,-4.329622186554802,0.4261109905478395,0.42145724826388886
9,38,0.0034699775278568268,0.0032297829166054726,-3.9158057763252727,-4.0558540503184,0.42508499710648145,0.41974826388888886
9,39,0.0033104559406638145,0.00308448588475585,-3.6691345629868684,-3.8041004127926294,0.42351164641203703,0.4180826822916667
9,40,0.0031631896272301674,0.0029486482962965965,-3.444746572000009,-3.5684172444873385,0.4212631413966049,0.4163791232638889
9,41,0.0030320840887725353,0.0028307675383985043,-3.241978388068117,-3.3638519843419394,0.4214928144290123,0.4159071180555556
9,42,0.0029120075050741434,0.002722484990954399,-3.0552865817223065,-3.1759503417544894,0.4205403645833333,0.4146864149305556
9,43,0.0028038278687745333,0.0026233470998704433,-2.889626638094584,-3.0037635379367407,0.4190092110339506,0.4130099826388889
9,44,0.0027050143107771873,0.0025311512872576714,-2.735370420526575,-2.843437997500102,0.4160578221450617,0.40794270833333335
9,45,0.0026143076829612255,0.0024505944456905127,-2.600260967678494,-2.7032881418863934,0.41465265721450617,0.40962999131944444
9,46,0.0025293221697211266,0.002371937735006213,-2.467332014625455,-2.56645225154029,0.41316370081018516,0.40719401041666664
9,47,0.002449953928589821,0.0022997886408120394,-2.3477436015635362,-2.440673899650574,0.41172055844907407,0.40553385416666665
9,48,0.002376815304160118,0.0022331068757921457,-2.2325741249837994,-2.324414708879259,0.41131667148919754,0.40552842881944445
9,49,0.002308892086148262,0.0021718349307775497,-2.1288540825431728,-2.217666146490309,0.4098090277777778,0.4045681423611111
9,50,0.0022475095465779305,0.002115885727107525,-2.0350536428851846,-2.120107587178548,0.41009837962962964,0.40382486979166665
9,51,0.00218901876360178,0.002061399631202221,-1.9456027746200562,-2.0247888141208223,0.40882583429783953,0.40333116319444445
9,52,0.002132893307134509,0.0020119668915867805,-1.8573664211932523,-1.9385409673055014,0.4081934799382716,0.4018608940972222
9,53,0.0020815073512494564,0.001965475734323263,-1.7795414553748237,-1.8572176482942369,0.40676118827160496,0.4001736111111111
9,54,0.002034592442214489,0.001923310337588191,-1.7080801121982527,-1.7834221998850504,0.40665810667438274,0.40062391493055555
9,55,0.0019926782697439194,0.001884875469841063,-1.6430852904731845,-1.716181264983283,0.4071102189429012,0.4011176215277778
9,56,0.0019503568764775991,0.0018470955546945333,-1.5776520726121501,-1.6498812039693196,0.40702582465277776,0.40059136284722224
9,57,0.0019126205006614327,0.0018141967011615634,-1.5213470847518356,-1.592288949754503,0.4065622588734568,0.3994194878472222
9,58,0.0018777474761009216,0.0017805506940931082,-1.4672756492355723,-1.5331392685572307,0.4064621913580247,0.4006076388888889
9,59,0.0018430632771924138,0.001750417985022068,-1.414641151310485,-1.4802245616912841,0.4065550250771605,0.39991319444444445
9,60,0.0018108519725501537,0.0017211732920259237,-1.3638645852053608,-1.4289407041337756,0.40622227044753084,0.39943033854166665
9,61,0.0017797868931666017,0.0016935549210757017,-1.3173927274751074,-1.3805009577009413,0.4054368007330247,0.39920247395833336
9,62,0.0017531063640490174,0.0016695659141987562,-1.276131358558749,-1.338269387351142,0.4063657407407407,0.40015733506944445
9,63,0.001725554233416915,0.0016447495436295867,-1.2348775057145107,-1.2947150415844388,0.40578462577160496,0.39947374131944446
9,64,0.0016999568324536085,0.0016217718366533518,-1.1950864264994492,-1.2542056189643012,0.40585877218364197,0.3994683159722222
9,65,0.0016757636331021786,0.001600758288986981,-1.158344418031198,-1.2172562254799737,0.4068913966049383,0.40042860243055556
9,66,0.0016528908163309097,0.001579545671120286,-1.123741846025726,-1.179786091380649,0.4055392795138889,0.3987087673611111
9,67,0.0016309351194649935,0.0015612218994647264,-1.0901616805865442,-1.1474754518932766,0.40493284625771603,0.39850260416666666
9,68,0.0016111256554722786,0.0015429429477080703,-1.0599716419055139,-1.1153457244237264,0.40556037808641976,0.39895833333333336
9,69,0.0015905337641015649,0.001524483785033226,-1.0287054903713273,-1.0826815870073108,0.4057345920138889,0.399462890625
9,70,0.0015721899690106511,0.001508524757809937,-1.0007919199672746,-1.0547032250298394,0.4051800009645062,0.39848090277777776
9,71,0.0015547748189419508,0.0014930072939023376,-0.9740870896680855,-1.0271358225080702,0.4059027777777778,0.398486328125
9,72,0.001536800293251872,0.0014775525778532028,-0.9471219998818857,-0.9998720910814073,0.40536024305555557,0.39875217013888886
9,73,0.00152072892524302,0.0014636703999713063,-0.9223058388556963,-0.9753087785508897,0.40532588252314816,0.39850260416666666
9,74,0.0015052102971822023,0.0014497870579361916,-0.8992055480862842,-0.9505715688069661,0.40558750482253086,0.3994954427083333
9,75,0.0014909515157341957,0.0014373749727383256,-0.8773766470544132,-0.9286280976401435,0.4065803433641975,0.39848090277777776
9,76,0.0014759392943233252,0.0014239829033613205,-0.8543459500795529,-0.9049551301532321,0.4057816116898148,0.39874674479166666
9,77,0.0014635759871453047,0.0014136594254523516,-0.8355133777783241,-0.8865807480282254,0.40537772472993827,0.39848090277777776
9,78,0.0014515734510496259,0.0014033751795068383,-0.8173143999076183,-0.8685093667772081,0.4052463107638889,0.3984917534722222
9,79,0.001440591411665082,0.0013928408734500408,-0.8008235684147588,-0.8499197986390855,0.40528489101080245,0.39849717881944446
9,80,0.0014282487099990249,0.001382133224979043,-0.7824203791441741,-0.8308541244930692,0.4052806712962963,0.39848090277777776
9,81,0.0014180116122588515,0.001372939208522439,-0.7664474716892948,-0.8143327130211724,0.40525957272376545,0.398486328125
9,82,0.0014062533155083656,0.0013634206261485815,-0.749272138984115,-0.7976213640636868,0.4056441695601852,0.3987358940972222
9,83,0.001396972918882966,0.00135517749004066,-0.7347100369724227,-0.7828144974178738,0.40528730227623455,0.3984917534722222
9,84,0.0013869618996977806,0.0013463000068441033,-0.7194992375962528,-0.7670636918809679,0.40537772472993827,0.39852973090277777
9,85,0.0013787010684609413,0.0013399259187281132,-0.7072556070339533,-0.7557193279266358,0.4053994261188272,0.39872504340277776
9,86,0.0013700883137062192,0.0013317116536200047,-0.6939498785101337,-0.7410877969529893,0.40536747685185187,0.39847005208333336
9,87,0.0013619220117107034,0.0013252701610326767,-0.6820967254815278,-0.7295920345518324,0.40603841145833336,0.399169921875
9,88,0.001354317064397037,0.0013188808225095272,-0.6704544825318419,-0.7182289123535156,0.40558750482253086,0.39847547743055556
9,89,0.0013461962807923555,0.0013110721483826637,-0.6580756066757956,-0.704328637652927,0.4062475887345679,0.3996799045138889
9,90,0.0013386260252445936,0.0013048972468823195,-0.6466773330429454,-0.6932709084616767,0.4061384789737654,0.399169921875
9,91,0.0013304962776601315,0.0012978051090613008,-0.6343456349255127,-0.6805554946263631,0.4056592399691358,0.398486328125
9,92,0.0013236686354503036,0.0012921770103275776,-0.6242938575921235,-0.6706286986668905,0.4059962143132716,0.3984429253472222
9,93,0.001316602574661374,0.0012856018729507923,-0.6135968761679567,-0.6588624053531222,0.40614269868827163,0.39915907118055555
9,94,0.0013100135838612914,0.0012800341937690973,-0.6033312944718349,-0.6489592631657918,0.40600465374228395,0.39844835069444445
9,95,0.001302967662923038,0.0012745462590828538,-0.5929225923102579,-0.6391363885667589,0.4056706934799383,0.39896375868055556
9,96,0.0012979110470041633,0.0012707301648333669,-0.5853471751566286,-0.6323496288723416,0.40586118344907407,0.3991644965277778
9,97,0.0012921795714646578,0.0012657810002565384,-0.5767046823913669,-0.6234013848834568,0.40553807388117286,0.3989529079861111
9,98,0.0012863599695265293,0.0012608632678166032,-0.567868944597833,-0.6145102553897434,0.40527765721450615,0.3984646267361111
9,99,0.0012822810094803572,0.0012578991008922458,-0.5621196133119089,-0.6093259652455648,0.40526680652006175,0.3984646267361111
9,100,0.0012785769067704678,0.0012542143231257796,-0.5566027344009022,-0.6028640190760295,0.4052469135802469,0.39845377604166665
9,101,0.001274031586945057,0.0012499127769842744,-0.5497465707637645,-0.5949692540698581,0.40525233892746915,0.39845377604166665
9,102,0.0012697423808276653,0.0012469460489228368,-0.5435887292579368,-0.5900065686967638,0.40531141493055556,0.3984320746527778
9,103,0.0012652995064854622,0.0012428523041307926,-0.5368648930832192,-0.582642118136088,0.40533070505401236,0.39842122395833335
9,104,0.0012600950431078672,0.0012384512228891253,-0.5290920287002752,-0.5746974229812623,0.40528911072530865,0.3984429253472222
9,105,0.0012559855822473764,0.001235363306477666,-0.5230644383548219,-0.5696774005889893,0.405346981095679,0.39869249131944445
9,106,0.0012520235031843185,0.0012314447667449713,-0.5171903629361847,-0.5624276929431491,0.40551878375771605,0.39896375868055556
9,107,0.0012476604897528887,0.001228601555339992,-0.5106302477695324,-0.5573379702038235,0.40580512152777776,0.39871961805555556
9,108,0.001244307728484273,0.0012255952460691333,-0.5055024903497578,-0.5518238398763868,0.40550913869598765,0.398974609375
9,109,0.0012400209670886397,0.0012214559828862548,-0.4990196038175512,-0.5442901889483134,0.4053976176697531,0.39845377604166665
9,110,0.001236392417922616,0.0012186398962512612,-0.4936484579686765,-0.539170789718628,0.40534396701388886,0.3984592013888889
9,111,0.001231890870258212,0.0012153481366112828,-0.4866307279210032,-0.5331534624099732,0.4055205922067901,0.3989203559027778
9,112,0.0012291076127439737,0.0012124967761337757,-0.48265829998769877,-0.5283496406343248,0.4054711612654321,0.3984646267361111
9,113,0.0012265577679499984,0.0012104713823646307,-0.47905675143371396,-0.5245726174778409,0.4056688850308642,0.3989474826388889
9,114,0.0012234030291438103,0.0012080967426300049,-0.47431966772785894,-0.52040503554874,0.4055006992669753,0.39850802951388886
9,115,0.0012202868238091469,0.0012055226834490895,-0.46974654756946327,-0.5156087862120734,0.4057219328703704,0.39847547743055556
9,116,0.0012170268455520272,0.0012028373312205076,-0.4648055741816391,-0.5107796721988254,0.40551637249228395,0.39871961805555556
9,117,0.001214897958561778,0.0012012362712994218,-0.4618528240992699,-0.5080392360687256,0.40762261284722223,0.40138346354166665
9,118,0.0012114192359149456,0.0011981327552348375,-0.4565144218044517,-0.5025493502616882,0.4066104841820988,0.39848090277777776
9,119,0.0012088415678590536,0.001197056844830513,-0.45276535204899165,-0.5003270546595255,0.40546031057098764,0.39848090277777776
9,120,0.0012077867286279798,0.001196090248413384,-0.4514332596166634,-0.4987482017940945,0.40623372395833335,0.3996853298611111
9,121,0.0012052259407937527,0.0011936944210901856,-0.4476858487835637,-0.49416277805964154,0.40565200617283953,0.39849717881944446
9,122,0.0012015232350677252,0.0011906749568879604,-0.44195805214069506,-0.48879981173409354,0.40554048514660496,0.39852430555555557
9,123,0.0011985297314822674,0.001188495079986751,-0.43756753706637724,-0.4848840223418342,0.4055127555941358,0.39848090277777776
9,124,0.001197360223159194,0.0011874036863446236,-0.436012265270139,-0.48289578358332313,0.40551878375771605,0.39853515625
9,125,0.0011942172423005104,0.0011851039016619325,-0.43130496166370536,-0.47879483302434284,0.4055224006558642,0.39850802951388886
9,126,0.0011918339878320694,0.0011832515010610223,-0.42788369434851187,-0.4754360397656759,0.40567189911265433,0.39920789930555556
9,127,0.0011901938123628497,0.0011817878112196922,-0.42546322448754015,-0.47257510423660276,0.40582923418209876,0.39847547743055556
9,128,0.00118855235632509,0.001180687453597784,-0.42305624352561105,-0.4704745305909051,0.40653935185185186,0.39920789930555556
9,129,0.0011868445435538888,0.001179743092507124,-0.4206635906372541,-0.46925264994303384,0.4068865740740741,0.39896375868055556
9,130,0.0011848157737404108,0.0011777242179960012,-0.4177101297143065,-0.465444631046719,0.4063488618827161,0.39967447916666665
9,131,0.0011832290329039097,0.0011765982490032911,-0.41536752736126936,-0.4634113629659017,0.406323543595679,0.39847547743055556
9,132,0.0011815672041848302,0.0011754408478736877,-0.4129378139236827,-0.4612720953093635,0.40559714988425927,0.3985134548611111
9,133,0.0011804113164544106,0.00117475725710392,-0.4115014093893546,-0.46001969708336726,0.4063337914737654,0.39847547743055556
9,134,0.0011792571749538183,0.0011746741365641356,-0.4099261959393819,-0.459870277510749,0.40574604552469135,0.3984646267361111
9,135,0.0011799349449574947,0.001175462850369513,-0.4116019437342514,-0.46139773660235933,0.40562729070216047,0.398486328125
9,136,0.0011777241015806794,0.0011723947245627642,-0.40827585326300725,-0.45568416383531357,0.4056188512731482,0.39844835069444445
9,137,0.0011750231496989727,0.0011711674742400646,-0.4039583684485636,-0.453522523244222,0.4058641975308642,0.39848090277777776
9,138,0.0011742319911718369,0.0011697602458298206,-0.4029196347719357,-0.4509087045987447,0.4061475212191358,0.39850260416666666
9,139,0.001173233613371849,0.0011697241570800543,-0.40160682878376525,-0.4507444514168633,0.40596547067901234,0.39848090277777776
9,140,0.001170640462078154,0.001166956382803619,-0.39749553350754724,-0.445789459016588,0.4059051890432099,0.39871419270833336
9,141,0.001169497729279101,0.0011667537037283182,-0.39585383497638466,-0.4451609624756707,0.40632474922839507,0.39848090277777776
9,142,0.001169135794043541,0.0011673297267407179,-0.3956136596055678,-0.44634944730334813,0.4065948109567901,0.3984917534722222
9,143,0.0011687150690704584,0.0011658843141049147,-0.39536469291757653,-0.44388755559921267,0.40625,0.39873046875
9,144,0.0011959874536842108,0.0011662996839731932,-0.5043468807950432,-0.444692431555854,0.407055965470679,0.398486328125
9,145,0.001194644020870328,0.0011660940945148468,-0.5017992653964478,-0.44400119384129844,0.4073543595679012,0.398486328125
9,146,0.0011931360932067037,0.0011657518334686756,-0.49749164272237706,-0.4434392730394999,0.40826340663580246,0.40042317708333336
9,147,0.0011903040576726198,0.0011632998939603567,-0.49175391005881036,-0.4387585481007894,0.4084400318287037,0.39850802951388886
9,148,0.0011876358184963465,0.0011617762502282858,-0.48606264694237417,-0.43649484978781805,0.40769615644290125,0.3987575954861111
9,149,0.0011835262412205338,0.0011578077683225274,-0.47842695948518354,-0.42913892269134524,0.40804096739969137,0.3994357638888889
9,150,0.0011798855848610401,0.0011579706333577633,-0.46934209517490716,-0.4293436222606235,0.40778175636574077,0.39849717881944446
10,1,0.5045723915100098,0.4529642164707184,-791.5172472541715,-681.1303243001302,0.21713806905864197,0.2636773003472222
10,2,0.4165365993976593,0.37610769271850586,-651.3536983537085,-565.5218702528211,0.31299491222993825,0.3684136284722222
10,3,0.3457130193710327,0.31429043412208557,-541.8027658156407,-471.99093560112846,0.4114281925154321,0.45294596354166666
10,4,0.2926301062107086,0.2673584222793579,-458.1479271876959,-401.9935241699219,0.48025294174382716,0.5076009114583333
10,5,0.24503380060195923,0.22080595791339874,-382.8074137934932,-331.87900882297095,0.5248257860725308,0.5401909722222222
10,6,0.2008776217699051,0.17992177605628967,-313.4140124662423,-270.335152859158,0.548317539544753,0.5540581597222223
10,7,0.16342012584209442,0.1459880769252777,-254.81003442458166,-218.97432242499457,0.5576274353780865,0.5592610677083333
10,8,0.13233497738838196,0.11794206500053406,-207.06795695269548,-176.56999672783746,0.5612485532407407,0.5599989149305555
10,9,0.10687369108200073,0.09521021693944931,-166.84519455992145,-142.20212944878472,0.5609314718364198,0.5597439236111111
10,10,0.08638174831867218,0.07706542313098907,-134.56383209699464,-114.8045820871989,0.5612654320987654,0.5596299913194445
10,11,0.07011811435222626,0.06274273246526718,-108.82348208250824,-93.18431048923068,0.5591863184799383,0.5554633246527778
10,12,0.05730954930186272,0.05145452916622162,-88.48130064128358,-76.12938707139757,0.5570149739583333,0.5541395399305555
10,13,0.047132790088653564,0.042485810816287994,-72.7442360724932,-62.61455336676703,0.5531876929012346,0.5484483506944444
10,14,0.03910350799560547,0.03541236370801926,-60.264648926110915,-51.95881197187636,0.5491030092592593,0.5465277777777777
10,15,0.03272644802927971,0.029762081801891327,-50.07731480186368,-43.44393535190159,0.5469636140046297,0.5435384114583334
10,16,0.027623098343610764,0.0252285897731781,-42.02212353341373,-36.62490855322944,0.542261646412037,0.5377278645833333
10,17,0.023510918021202087,0.021567121148109436,-35.60215052734187,-31.11586225297716,0.5379732108410494,0.5340928819444445
10,18,0.02019147202372551,0.018591158092021942,-30.32082149128855,-26.644262260860867,0.5339331356095679,0.5298285590277778
10,19,0.01747223176062107,0.016145650297403336,-26.130193799219015,-22.96450949774848,0.5303294994212963,0.5271050347222223
10,20,0.01522649172693491,0.014120419509708881,-22.578191474631982,-19.920292886098228,0.5277187017746914,0.5250434027777777
10,21,0.013365579769015312,0.01243502739816904,-19.65556791505696,-17.386710982852513,0.5251187548225309,0.5217230902777777
10,22,0.011812005192041397,0.011021800339221954,-17.192327610062964,-15.260544278886583,0.523022762345679,0.5193630642361111
10,23,0.010506510734558105,0.009829558432102203,-15.137775217456582,-13.471443875630696,0.5200587143132716,0.5172634548611111
10,24,0.009403873234987259,0.008822202682495117,-13.41714806203489,-11.958364343643188,0.5191086757330247,0.5167371961805556
10,25,0.008467539213597775,0.00796578824520111,-11.952889006226151,-10.669809775882298,0.5193787374614197,0.5180772569444444
10,26,0.0076709650456905365,0.007227921858429909,-10.699533812204997,-9.56199147966173,0.5206747926311729,0.5189887152777778
10,27,0.006975997239351273,0.00658714585006237,-9.598392963409424,-8.59875129063924,0.5212619357638889,0.5219943576388889
10,28,0.006374106276780367,0.006030691787600517,-8.64743905832738,-7.762904379102919,0.5232024016203703,0.5211208767361111
10,29,0.005855109076946974,0.00555061362683773,-7.833393167860714,-7.0422766261630585,0.5229817708333333,0.5229654947916667
10,30,0.005398518871515989,0.005123130977153778,-7.11500480381059,-6.400557417339749,0.5253315489969136,0.5242892795138889
10,31,0.004998552612960339,0.004750593565404415,-6.487973457501258,-5.840593692991469,0.5273485725308642,0.5268663194444444
10,32,0.004644704982638359,0.004420901648700237,-5.921619290187035,-5.345342609617445,0.5293233989197531,0.5288953993055555
10,33,0.004332494921982288,0.004128080792725086,-5.430318535993129,-4.905763594309489,0.5321325231481482,0.5320963541666667
10,34,0.004056334029883146,0.0038707912899553776,-4.989220504113185,-4.519102419747247,0.5349512924382716,0.5347113715277778
10,35,0.003812357783317566,0.0036411364562809467,-4.61207823459013,-4.174559484587776,0.5381287374614198,0.5381293402777778
10,36,0.003597018774598837,0.0034392497036606073,-4.269607541590561,-3.8711382786432904,0.5414641203703704,0.5419542100694444
10,37,0.003398813307285309,0.003250773996114731,-3.959245616418344,-3.587937233183119,0.5455277054398148,0.5456976996527778
10,38,0.0032228436321020126,0.003087621880695224,-3.675941949714849,-3.342914933628506,0.5491560570987655,0.5491916232638889
10,39,0.003066164907068014,0.0029388186521828175,-3.432102519200172,-3.1194531122843423,0.5519917052469135,0.5508192274305556
10,40,0.0029231663793325424,0.0028028865344822407,-3.204770126460511,-2.9154897265964084,0.5544138213734567,0.5544487847222223
10,41,0.002793606836348772,0.0026801368221640587,-2.9997777223587034,-2.730974449051751,0.557347728587963,0.556298828125
10,42,0.0026758620515465736,0.002567804418504238,-2.817694236614086,-2.562432482507494,0.559204402970679,0.5586697048611111
10,43,0.0025717108510434628,0.0024707280099391937,-2.6485120481914946,-2.4165875249438815,0.5617796344521605,0.5608561197916667
10,44,0.0024741352535784245,0.0023770483676344156,-2.49563601370211,-2.275806384616428,0.5641704041280864,0.563623046875
10,45,0.002385067055001855,0.002292730612680316,-2.3529675942880135,-2.149293409453498,0.5667444299768518,0.5655002170138889
10,46,0.002303080167621374,0.0022139521315693855,-2.2223129755184976,-2.0308506833182443,0.5685679494598765,0.5673719618055556
10,47,0.0022276644594967365,0.0021419930271804333,-2.103690144162119,-1.9226641707950167,0.5708037953317902,0.5691351996527778
10,48,0.0021580723114311695,0.0020753236021846533,-1.9944066456806513,-1.8225669542948404,0.5720998505015432,0.5702690972222222
10,49,0.0020958655513823032,0.0020169324707239866,-1.8962495023821606,-1.7347634871800741,0.5736605420524692,0.572216796875
10,50,0.002038092352449894,0.0019611213356256485,-1.803793595749655,-1.6510423792733087,0.5754129292052469,0.5738389756944444
10,51,0.001984307076781988,0.0019105859100818634,-1.7192078705187197,-1.5751297182506985,0.5769766348379629,0.5750651041666667
10,52,0.0019367216154932976,0.0018635010346770287,-1.6430588910609116,-1.5045343478520712,0.5786765769675926,0.57685546875
10,53,0.0018895987886935472,0.0018186371307820082,-1.5692650371127659,-1.4371195793151856,0.5801715615354939,0.57880859375
10,54,0.001847749575972557,0.0017794286832213402,-1.5021487183041042,-1.3784191052118937,0.5817304446373457,0.5793782552083333
10,55,0.001808674307540059,0.001741043059155345,-1.440626550309452,-1.3209706544876099,0.5820523485725309,0.5798502604166667
10,56,0.001773038413375616,0.0017076407093554735,-1.3838900780972139,-1.270729703373379,0.5830735194830247,0.580810546875
10,57,0.0017387450207024813,0.001674057450145483,-1.3302832768287187,-1.220004595650567,0.5838933497299382,0.5813042534722223
10,58,0.0017066829605028033,0.0016432084375992417,-1.2793625151669537,-1.1736900356080797,0.5845600646219136,0.5821126302083334
10,59,0.0016762035666033626,0.0016129983123391867,-1.2311279341026589,-1.1286388635635376,0.5853557822145061,0.5828396267361111
10,60,0.0016489471308887005,0.0015878328122198582,-1.1878077524679678,-1.0907522837320964,0.5860297309027778,0.5834092881944445
10,61,0.0016221515834331512,0.0015612386632710695,-1.1460878045470626,-1.051199656062656,0.586815200617284,0.584375
10,62,0.00159629643894732,0.0015367120504379272,-1.103457385228004,-1.014165793524848,0.5871696566358025,0.5843695746527777
10,63,0.001573971938341856,0.0015154607826843858,-1.0688439592903043,-0.9820951514773899,0.5875403886959877,0.5847059461805556
10,64,0.0015522344037890434,0.0014950154582038522,-1.03436485985179,-0.9511617660522461,0.5880238474151235,0.5853461371527777
10,65,0.0015334548661485314,0.0014765707310289145,-1.0042734773070723,-0.9237578259574042,0.5884072386188272,0.5853732638888889
10,66,0.0015142598422244191,0.0014579076087102294,-0.974447927651582,-0.8956381294462415,0.5887116608796297,0.5861924913194444
10,67,0.0014958977699279785,0.0014397298218682408,-0.945538518311065,-0.8683626572291057,0.5892620322145061,0.586181640625
10,68,0.001478474005125463,0.001423318637534976,-0.9173755444126365,-0.8438438945346408,0.5890739535108025,0.5859917534722222
10,69,0.0014626769116148353,0.0014088432071730494,-0.8924341912622805,-0.8219542715284559,0.5894760320216049,0.5864203559027777
10,70,0.0014483623672276735,0.0013944871025159955,-0.8695766503428235,-0.8005206611421373,0.5895809220679012,0.5865017361111111
10,71,0.001433496130630374,0.0013797496212646365,-0.846123230162962,-0.7782538493474325,0.5893211082175925,0.5862738715277778
10,72,0.0014202403835952282,0.0013678728137165308,-0.8253022090888318,-0.7606477949354383,0.5896309558256173,0.5866156684027778
10,73,0.0014076700899749994,0.0013550862204283476,-0.8050689043822112,-0.741525928179423,0.5892783082561729,0.5861165364583333
10,74,0.0013959836214780807,0.0013436686713248491,-0.7868680862732875,-0.7243664238188002,0.5894308207947531,0.5862033420138889
10,75,0.0013849552487954497,0.001333164982497692,-0.7692806488201942,-0.7086831172307332,0.5893711419753086,0.5862033420138889
10,76,0.0013732959050685167,0.0013220892287790775,-0.7510582778188918,-0.6919105582767062,0.5890401957947531,0.5858778211805555
10,77,0.0013640590477734804,0.0013144923141226172,-0.7362405369311203,-0.680257076687283,0.5889473620756173,0.5857964409722223
10,78,0.0013560361694544554,0.0013053419534116983,-0.7237131538214507,-0.6668907006581625,0.5890588831018518,0.5859592013888889
10,79,0.0013472642749547958,0.0012972122058272362,-0.7099959429399467,-0.6545438422097101,0.5891342351466049,0.5858832465277778
10,80,0.0013399728341028094,0.0012896236730739474,-0.6985142047022596,-0.643067741394043,0.5891004774305556,0.5860514322916667
10,81,0.0013306415639817715,0.001280499156564474,-0.6835479623005714,-0.6295858833524915,0.5889973958333333,0.5857313368055556
10,82,0.0013226543087512255,0.0012732914183288813,-0.6709141252953329,-0.6190764904022217,0.5891059027777777,0.5859646267361112
10,83,0.0013162511168047786,0.001267033047042787,-0.6610123192822491,-0.6100607262717352,0.5890576774691358,0.5858018663194444
10,84,0.0013082812074571848,0.0012599517358466983,-0.6483082672696054,-0.5989445659849378,0.5889256606867284,0.5857855902777778
10,85,0.0013026038650423288,0.0012555858120322227,-0.6395725557833543,-0.5927819993760851,0.5890462239583333,0.5859646267361112
10,86,0.0012969970703125,0.0012496461858972907,-0.6309813377297955,-0.5839887460072836,0.5889564043209876,0.5858181423611111
10,87,0.0012903695460408926,0.0012426264584064484,-0.6203399322651051,-0.5735833711094327,0.5889871479552469,0.5858127170138889
10,88,0.0012849554186686873,0.0012375478399917483,-0.6116284529368082,-0.5657160136434767,0.588941936728395,0.5858127170138889
10,89,0.0012801748234778643,0.0012323695700615644,-0.6042471566317994,-0.558203399181366,0.5889292775848766,0.5858181423611111
10,90,0.0012746280990540981,0.0012266767444089055,-0.5955083923575318,-0.5492190308041043,0.5889425395447531,0.5858127170138889
10,91,0.001268954947590828,0.0012217300245538354,-0.586491694568116,-0.5420696404245164,0.5889238522376543,0.5858127170138889
10,92,0.0012637851759791374,0.0012169026304036379,-0.5783151224807457,-0.5348154293166266,0.5889292775848766,0.5858072916666667
10,93,0.0012590810656547546,0.0012123140040785074,-0.5709727659637546,-0.5283759037653605,0.5889304832175926,0.5858181423611111
10,94,0.0012551043182611465,0.001209257636219263,-0.5648978507077252,-0.5237281322479248,0.5889353057484568,0.5858072916666667
10,95,0.0012527863727882504,0.0012062592431902885,-0.5614584788864041,-0.5195289704534742,0.5889220437885803,0.5858072916666667
10,96,0.0012479162542149425,0.001201830804347992,-0.5537720700840891,-0.5129655904240078,0.5889334972993827,0.5857964409722223
10,97,0.0012446470791473985,0.0011987753678113222,-0.5488562012896125,-0.5083148982789781,0.5889322916666667,0.5858018663194444
10,98,0.0012412471696734428,0.0011960495030507445,-0.5435506919283926,-0.5042070799403721,0.5889359085648148,0.5857964409722223
10,99,0.0012387833558022976,0.0011932982597500086,-0.5399395482039746,-0.5002231531673007,0.5889238522376543,0.5857964409722223
10,100,0.0012345440918579698,0.0011891410686075687,-0.5331473240145931,-0.4937721848487854,0.5889202353395062,0.5858127170138889
10,101,0.0012332082260400057,0.0011888035805895925,-0.5312885265291473,-0.49338985549079045,0.5889286747685185,0.5858018663194444
10,102,0.0012306912103667855,0.001185679342597723,-0.5275413339520678,-0.48885239230261907,0.5889238522376543,0.5858181423611111
10,103,0.001228327862918377,0.0011830339208245277,-0.5239961908187395,-0.4849109000629849,0.5889244550540124,0.5858289930555556
10,104,0.001225806656293571,0.0011812947923317552,-0.5201848773308743,-0.482556336455875,0.5889226466049383,0.5858235677083333
10,105,0.001222976017743349,0.0011774202575907111,-0.5157991054617328,-0.47700233856836954,0.5889184268904321,0.5858072916666667
10,106,0.0012191827408969402,0.001174340141005814,-0.5096825186117195,-0.47199693255954317,0.5889184268904321,0.5858072916666667
10,107,0.0012160296319052577,0.0011715004220604897,-0.5043791073339957,-0.46751862631903757,0.5889111930941358,0.5858018663194444
10,108,0.0012150380061939359,0.0011716154403984547,-0.5032541442800451,-0.4680442386203342,0.5889093846450617,0.5858018663194444
10,109,0.001213190844282508,0.0011694281129166484,-0.500722379890489,-0.4651865972412957,0.5889172212577161,0.5858072916666667
10,110,0.0012125648790970445,0.0011695103021338582,-0.49996921412738754,-0.46558685700098673,0.5889196325231482,0.585791015625
10,111,0.0012106018839403987,0.0011662606848403811,-0.4970624103958224,-0.46051287783516776,0.5889232494212963,0.5857855902777778
10,112,0.001208057045005262,0.00116474530659616,-0.49287173762733555,-0.45821230941348606,0.5889292775848766,0.5858018663194444
10,113,0.0012068719370290637,0.0011630747467279434,-0.4912505423581159,-0.4560076938735114,0.5889286747685185,0.5858072916666667
10,114,0.001203780760988593,0.0011595782125368714,-0.48627164893680147,-0.4511340022087097,0.5889359085648148,0.5858181423611111
10,115,0.0012024526949971914,0.0011583190644159913,-0.48420698098194453,-0.44930870135625206,0.5889220437885803,0.5858127170138889
10,116,0.0012002933071926236,0.0011567272013053298,-0.48072000035533197,-0.44691667291853165,0.5889256606867284,0.5858235677083333
10,117,0.0011971278581768274,0.0011535993544384837,-0.47568703065683815,-0.44211516512764826,0.5889316888503087,0.5858018663194444
10,118,0.0011970095802098513,0.0011550193885341287,-0.47591665350360635,-0.4443095061514113,0.5889268663194445,0.5858018663194444
10,119,0.0011968628969043493,0.0011545978486537933,-0.4760646087151987,-0.4440073463651869,0.5889292775848766,0.5858018663194444
10,120,0.0011955059599131346,0.0011520747793838382,-0.4739373414604752,-0.43987079991234673,0.5889371141975308,0.585791015625
10,121,0.0011936454102396965,0.0011509843170642853,-0.4710734173103615,-0.4383801288074917,0.588940731095679,0.5858181423611111
10,122,0.0011916083749383688,0.001148690702393651,-0.4678524214544414,-0.4348598480224609,0.5889365113811729,0.5858018663194444
10,123,0.001192623982205987,0.0011500080581754446,-0.4699868293456089,-0.43736110793219674,0.5889413339120371,0.585791015625
10,124,0.0011902241967618465,0.0011477717198431492,-0.4660787382243592,-0.43352700471878053,0.5889322916666667,0.5858072916666667
10,125,0.001191012910567224,0.0011487078154459596,-0.467786098703926,-0.4358204550213284,0.5889214409722222,0.5858072916666667
10,126,0.0011885911226272583,0.0011463025584816933,-0.4638507981359223,-0.4318529950247871,0.5889322916666667,0.5858181423611111
10,127,0.0011883797124028206,0.0011466867290437222,-0.46367718319834017,-0.4324827538596259,0.5889310860339506,0.5858235677083333
10,128,0.0011871788883581758,0.001144616398960352,-0.46196167454307463,-0.42894726594289145,0.5889377170138889,0.5858018663194444
10,129,0.0011837462661787868,0.0011415010085329413,-0.45606210496690536,-0.4246043642361959,0.5889383198302469,0.585791015625
10,130,0.0011817354243248701,0.0011404464021325111,-0.45277241556732745,-0.4226204686694675,0.5889316888503087,0.5858127170138889
10,131,0.0011820349609479308,0.001141065964475274,-0.4536690012908276,-0.4238807916641235,0.5889503761574074,0.5858072916666667
10,132,0.0011806035181507468,0.0011391760781407356,-0.4512609193354477,-0.4211373488108317,0.5889334972993827,0.5858181423611111
10,133,0.0011808723211288452,0.0011397968046367168,-0.45209787289301556,-0.42252044280370077,0.5889334972993827,0.585791015625
10,134,0.0011811137665063143,0.0011393928434699774,-0.4525744795799255,-0.4218538933330112,0.5889196325231482,0.5857964409722223
10,135,0.001180852297693491,0.0011391171719878912,-0.4523304926024543,-0.42131966882281835,0.5889184268904321,0.5858018663194444
10,136,0.001179168582893908,0.0011378373019397259,-0.4495964365240968,-0.41993802388509116,0.5889280719521605,0.5857964409722223
10,137,0.0011784278322011232,0.0011365563841536641,-0.4486106509043847,-0.4178586271074083,0.5889202353395062,0.5858018663194444
10,138,0.0011769032571464777,0.001135091995820403,-0.44613228845007624,-0.4153100464079115,0.5889238522376543,0.585791015625
10,139,0.0011785496026277542,0.0011374687310308218,-0.4491895006026751,-0.41939491033554077,0.5889178240740741,0.5857855902777778
10,140,0.001179503626190126,0.0011382506927475333,-0.4510640922887826,-0.4202589154243469,0.5889268663194445,0.5858127170138889
10,141,0.001178598147816956,0.0011361482320353389,-0.44966629449232126,-0.4172812196943495,0.5889310860339506,0.5858072916666667
10,142,0.0011782150249928236,0.001136408420279622,-0.4491134015130408,-0.4177199443181356,0.5889256606867284,0.5858072916666667
10,143,0.0011780991917476058,0.0011362617369741201,-0.44903338382273544,-0.4171553757455614,0.5889304832175926,0.5857964409722223
10,144,0.0011775840539485216,0.0011357513722032309,-0.44802052871680553,-0.4160332785712348,0.5889214409722222,0.585791015625
10,145,0.0011767435353249311,0.0011351457796990871,-0.44712046605569344,-0.4155698365635342,0.5889123987268519,0.585791015625
10,146,0.0011738964822143316,0.0011323553044348955,-0.44206888837578856,-0.41123823854658337,0.5889202353395062,0.585791015625
10,147,0.0011741828639060259,0.0011347915278747678,-0.44270776878168555,-0.4146900574366252,0.5889136043595679,0.585791015625
10,148,0.001172726391814649,0.0011328035034239292,-0.4405058358922417,-0.41174959739049277,0.5889316888503087,0.585791015625
10,149,0.0011722891358658671,0.0011321078054606915,-0.4401600219585277,-0.4110539793968201,0.5889244550540124,0.5858072916666667
10,150,0.0011710814433172345,0.0011308749672025442,-0.4379375357686737,-0.4094104952282376,0.5889292775848766,0.5858018663194444
