Fold,Epoch,Train_MSE,Val_MSE,Train_R2,Val_R2,Train_AuxAcc,Val_AuxAcc
1,1,0.16578136384487152,0.03268586844205856,-267.219189387192,-46.24462401072184,0.6414580922067902,0.9800238715277778
1,2,0.019457612186670303,0.007959413342177868,-29.364290173259782,-10.30801378885905,0.9922616464120371,0.9955837673611111
1,3,0.0064581879414618015,0.003987243864685297,-8.858604333430161,-4.503803963131375,0.9951497395833333,0.9955837673611111
1,4,0.0038510242011398077,0.0028999238274991512,-4.752108070879807,-2.9075349118974474,0.9951497395833333,0.9955837673611111
1,5,0.0029762827325612307,0.0024042665027081966,-3.2989251969773092,-2.1773635254965886,0.9951497395833333,0.9955837673611111
1,6,0.002501482143998146,0.0021034502424299717,-2.541978429864954,-1.7328659110599094,0.9951497395833333,0.9955837673611111
1,7,0.0022035627625882626,0.0019026524387300014,-2.071478772752079,-1.4354511234495375,0.9951497395833333,0.9955837673611111
1,8,0.0019911257550120354,0.0017512248596176505,-1.7278188422874168,-1.2106101936764186,0.9951497395833333,0.9955837673611111
1,9,0.0018286348786205053,0.0016342175658792257,-1.464809787420579,-1.036454192797343,0.9951497395833333,0.9955837673611111
1,10,0.0016996873309835792,0.0015396890230476856,-1.2569152346363774,-0.8954335000779894,0.9951497395833333,0.9955837673611111
1,11,0.0015960207674652338,0.0014634262770414352,-1.0902939761126482,-0.781388529141744,0.9951497395833333,0.9955837673611111
1,12,0.0015116638969630003,0.0014003128744661808,-0.9522862184194871,-0.6867746406131321,0.9951497395833333,0.9955837673611111
1,13,0.0014401841908693314,0.0013478046748787165,-0.8367663551259924,-0.607929531733195,0.9951497395833333,0.9955837673611111
1,14,0.0013834943529218435,0.0013049293775111437,-0.7448474954675746,-0.5435246891445584,0.9951497395833333,0.9955837673611111
1,15,0.001345901982858777,0.001283255871385336,-0.6844920920736995,-0.5164826287163629,0.9951497395833333,0.9955837673611111
1,16,0.0014348640106618404,0.001505374675616622,-0.7660656321195909,-0.7482814126544528,0.9927161699459877,0.994970703125
1,17,0.001486353576183319,0.0013245432637631893,-0.8599146283703086,-0.5569375409020318,0.9934106143904321,0.9955837673611111
1,18,0.0014042530674487352,0.001313219079747796,-0.7569215150527012,-0.5204010883967082,0.9942268277391976,0.9944390190972222
1,19,0.0013160137459635735,0.0012159415055066347,-0.6181311199694504,-0.40020040935940215,0.9929102768132716,0.9944390190972222
1,20,0.0012399621773511171,0.00117620755918324,-0.5070267728817316,-0.33709104988310074,0.9903115354938271,0.9865342881944444
1,21,0.0012026194017380476,0.0011831861920654774,-0.4522100926917276,-0.33163003656599255,0.9888581452546297,0.9808322482638889
1,22,0.0011795478640124202,0.001131034572608769,-0.40876183921908155,-0.26864509317609997,0.9868248456790123,0.9809353298611111
1,23,0.0011403134558349848,0.0010950134601444006,-0.3485112252058806,-0.2272511641184489,0.986232277199074,0.9834147135416667
1,24,0.0011123802978545427,0.0010823671473190188,-0.30651203599976906,-0.20743541452619765,0.9839042004243828,0.9809787326388889
1,25,0.0010907732648774981,0.001052293460816145,-0.2727955060240663,-0.17001181443532307,0.9854184751157408,0.9854275173611111
1,26,0.0010612900368869305,0.0010511698201298714,-0.23487178764225525,-0.16186813645892673,0.9843701774691358,0.983349609375
1,27,0.0010580644011497498,0.0010412666015326977,-0.22131731613182729,-0.14807038969463773,0.9845630787037037,0.97724609375
1,28,0.0010323240421712399,0.0010187114821746945,-0.18490836561462026,-0.12246507273779975,0.9857626832561729,0.9806532118055555
1,29,0.001018289476633072,0.0010241159470751882,-0.1659113077469814,-0.12317708333333334,0.98505859375,0.9756456163194445
1,30,0.0010146916611120105,0.0010070339776575565,-0.15969466309488556,-0.10426483551661174,0.9844835069444444,0.9736165364583333
1,31,0.0009991871193051338,0.0009868276538327336,-0.13839773852148174,-0.08044621944427491,0.9829656153549383,0.9792805989583333
1,32,0.0009876941330730915,0.000988438492640853,-0.11914676501427168,-0.0768402655919393,0.9841368875385802,0.9834147135416667
1,33,0.0009844355517998338,0.0009918230352923274,-0.11441568121498014,-0.07663030756844415,0.9853786892361112,0.9791124131944444
1,34,0.0009790899930521846,0.0009746318100951612,-0.10531679730356476,-0.062256699138217506,0.9846824363425926,0.9828342013888889
1,35,0.000969530432485044,0.0009656788315623999,-0.09204410343994329,-0.05097822878095839,0.9832971643518519,0.9836805555555556
1,36,0.0009643902303650975,0.0009849404450505972,-0.0862186097804411,-0.06652163134680854,0.9852153260030864,0.9792371961805556
1,37,0.0009680246002972126,0.0009563064086250961,-0.08928580961109679,-0.036136098702748615,0.9835569782021605,0.9880533854166667
1,38,0.0009564717765897512,0.0009515861747786403,-0.07144712680651817,-0.03356921672821045,0.9847427179783951,0.9784071180555556
1,39,0.0009550328250043094,0.0009443981107324362,-0.07259335768075637,-0.024780656231774223,0.983668499228395,0.9844184027777778
1,40,0.0009458608692511916,0.0009474196704104543,-0.06089421172200898,-0.027136994732750788,0.983936149691358,0.9797471788194444
1,41,0.0009435738902539015,0.0009506687638349831,-0.05647152441519278,-0.033161285188463,0.9840784143518518,0.9819173177083333
1,42,0.0009474735707044601,0.000937232340220362,-0.06334378645743853,-0.01675218211279975,0.9839259018132716,0.9823567708333333
1,43,0.0009391452767886221,0.0009353943169116974,-0.054952582017875014,-0.01473824315600925,0.9834997106481481,0.9811360677083333
1,44,0.0009323057602159679,0.0009333650814369321,-0.04336872542345965,-0.013218449221716987,0.9848445939429012,0.9784613715277778
1,45,0.000942335813306272,0.0009259320213459432,-0.0639231883449319,-0.0016389131546020509,0.9830686969521605,0.9849772135416667
1,46,0.0009324150159955025,0.0009311304893344641,-0.04496022668885596,-0.01076476838853624,0.9838812934027777,0.9802137586805556
1,47,0.0009383909637108445,0.0009283917024731636,-0.058393178309923334,-0.0061551743083530005,0.9836395640432098,0.9806206597222222
1,48,0.0009358461829833686,0.0009207392577081919,-0.054010876166967696,0.0009613023863898383,0.9823350694444445,0.9852267795138889
1,49,0.0009253959287889302,0.0009124396601691842,-0.039296305768283794,0.012176256709628635,0.983227840470679,0.9849826388888889
1,50,0.0009307082509621978,0.0009125987999141216,-0.04920909919856507,0.011986927191416422,0.9815562307098765,0.9829047309027777
1,51,0.0009179023909382522,0.0009153024875558913,-0.02993862467047609,0.008513655927446153,0.9831476658950618,0.9817762586805555
1,52,0.0009261513478122652,0.0009194363374263048,-0.0468399872014552,0.003878362973531087,0.9814260223765432,0.981005859375
1,53,0.0009143617935478687,0.0009091059910133481,-0.026490579711066352,0.017812466621398924,0.981811824845679,0.9736490885416667
1,54,0.0009131895494647324,0.0009142096387222409,-0.024009851614634196,0.011562860012054444,0.9814887152777778,0.9805718315972223
1,55,0.000909671769477427,0.0009086002828553319,-0.02148386946430913,0.01885345247056749,0.9812144338348765,0.9852322048611111
1,56,0.000908012967556715,0.0009015473769977689,-0.02008328217047232,0.029058463043636747,0.9813609182098766,0.9776638454861111
1,57,0.0008995021926239133,0.0009134681313298643,-0.007869838932414113,0.01322378052605523,0.981518856095679,0.9779622395833333
1,58,0.0009050429798662663,0.0008965400047600269,-0.015211463416064228,0.03192188342412313,0.9805392795138889,0.9813096788194444
1,59,0.0008988163899630308,0.0008888064185157418,-0.010574178048122076,0.04252633386188083,0.9802420910493828,0.9824978298611111
1,60,0.0008928327588364482,0.0008908859454095364,6.242387088728539e-05,0.04255886475245158,0.9803391444830247,0.9802137586805556
1,61,0.0008952485513873398,0.0008976297685876489,-0.005037047097712387,0.031207564142015247,0.980589916087963,0.976318359375
1,62,0.0008872009348124266,0.0008962138090282679,0.010122356885745202,0.03725759188334147,0.9802125530478395,0.9761284722222222
1,63,0.0008891451871022582,0.0008940711850300431,0.0033894190081843623,0.03626869387096829,0.980248722029321,0.9773763020833334
1,64,0.0008886227151378989,0.000884669367223978,0.006229821988094,0.04903324974907769,0.9798225308641976,0.9796495225694445
1,65,0.0008830128936097026,0.0008796852198429406,0.014731708573706356,0.0526195764541626,0.9802065248842593,0.9789008246527777
1,66,0.0008803516393527389,0.0008832270978018641,0.018879520451581037,0.04750885698530409,0.9802662037037037,0.975927734375
1,67,0.0008826948469504714,0.0008765415986999869,0.015164248295772223,0.05714857975641886,0.9794379340277778,0.9801052517361111
1,68,0.0008780712378211319,0.0008748575346544385,0.023415943428322122,0.0641777515411377,0.9801438319830247,0.9783420138888889
1,69,0.0008785166428424418,0.000875184137839824,0.019592620855496252,0.05682222445805867,0.9799889081790123,0.9752170138888889
1,70,0.000871712458319962,0.0008750688866712153,0.030927116635404987,0.060785771740807425,0.9803102092978395,0.9761176215277778
1,71,0.000872212287504226,0.0008733849972486496,0.027595215373569064,0.06135564247767131,0.980003978587963,0.9783962673611111
1,72,0.00086994469165802,0.000867675815243274,0.03213710284527437,0.06830300490061442,0.9797429591049382,0.97998046875
1,73,0.0008650845848023891,0.0008722806232981384,0.04070597033441803,0.061699238088395864,0.9803114149305555,0.9771918402777777
1,74,0.0008670384995639324,0.0008673520060256124,0.03911955135839957,0.06898818413416545,0.9802619839891975,0.9772135416666666
1,75,0.00086247205035761,0.0008664788911119103,0.041318257502567624,0.07034173011779785,0.9799780574845679,0.9761935763888889
1,76,0.0008601759909652174,0.0008598869317211211,0.04349727277402524,0.07885692252053154,0.979738136574074,0.9783799913194444
1,77,0.0008554015657864511,0.000876250967849046,0.0562179191612903,0.06016306744681464,0.9807725694444445,0.9741970486111111
1,78,0.0008541062707081437,0.0008637636783532798,0.05779187782311145,0.07259865999221801,0.9802372685185186,0.9765842013888889
1,79,0.0008558113477192819,0.0008583297021687031,0.053502996173905734,0.08191235330369738,0.9802656008873457,0.9780978732638889
1,80,0.0008480362594127655,0.0008567693876102567,0.062456722612734196,0.08385555876625908,0.9798376012731481,0.9805392795138889
1,81,0.0008485213620588183,0.0008588069467805326,0.06398350044533059,0.0808983564376831,0.9811089409722222,0.9755425347222222
1,82,0.0008452280890196562,0.0008623907342553139,0.06586397400608769,0.0749352322684394,0.9809678819444444,0.9770073784722222
1,83,0.0008468048181384802,0.0008557637920603156,0.0657332964885382,0.0846037122938368,0.9809305073302469,0.9805935329861111
1,84,0.0008432678878307343,0.0008573621162213385,0.06893768310546874,0.08023323615392049,0.9812295042438272,0.9796061197916667
1,85,0.000840205408167094,0.0008533508516848087,0.0741682803189313,0.08778440157572429,0.9813169126157407,0.9775553385416667
1,86,0.0008418463403359056,0.0008534316439181566,0.07429032428765002,0.08541846672693888,0.9812162422839507,0.9785264756944444
1,87,0.0008388711721636355,0.0008525351877324283,0.07798967140692252,0.08881072203318278,0.9814266251929012,0.980615234375
1,88,0.0008343231747858226,0.0008496865630149841,0.08216111571700485,0.09241260290145874,0.9818293065200617,0.9811197916666666
1,89,0.0008336742175742984,0.0008515138761140406,0.0820440826592622,0.09329483641518486,0.9819962866512346,0.980419921875
1,90,0.0008338522748090327,0.0008475696668028831,0.08263266837155378,0.0969219234254625,0.9816080729166666,0.9815592447916667
1,91,0.0008254426065832376,0.0008535767556168139,0.0943622006310357,0.08886711200078329,0.9827359423225308,0.9766818576388889
1,92,0.0008294382132589817,0.0008479605312459171,0.08998239040374756,0.09580912987391153,0.9823175877700617,0.9809407552083333
1,93,0.0008259532041847706,0.0008487293962389231,0.09370721593315219,0.0974219110276964,0.9825327932098765,0.9795789930555555
1,94,0.0008215625421144068,0.0008405339904129505,0.0976501559033806,0.10467151933246188,0.9827269000771605,0.9804904513888889
1,95,0.0008213100372813642,0.0008424939587712288,0.09736855501010094,0.10422770579655966,0.9831277729552469,0.9800889756944444
1,96,0.0008174751419574022,0.0008396640769205987,0.10321076107613834,0.10318116744359335,0.9831880545910494,0.9788411458333334
1,97,0.000816480431240052,0.0008428945438936353,0.1052350201724488,0.10405855178833008,0.9830144434799383,0.9841742621527778
1,98,0.0008167074993252754,0.0008355691097676754,0.10459560082282549,0.1116442773077223,0.9833809558256172,0.9800618489583334
1,99,0.0008159872377291322,0.000834403617773205,0.10506617066300945,0.11150155199898613,0.9837348090277778,0.9810709635416667
1,100,0.0008118115947581828,0.0008389519061893225,0.11396378617227813,0.10398960378434922,0.983961467978395,0.9810763888888889
1,101,0.0008069751202128828,0.0008327571558766067,0.11799688030172277,0.11447123951382107,0.984057918595679,0.9800455729166667
1,102,0.0008095580851659179,0.000832274672575295,0.11427400494799202,0.11587532228893704,0.9841248312114198,0.9822916666666667
1,103,0.0008051852928474545,0.0008296656887978315,0.11978040124163215,0.11802239682939318,0.9841127748842593,0.980419921875
1,104,0.0008027432486414909,0.000830694567412138,0.12266266242957409,0.11738087733586629,0.9843858506944444,0.9813096788194444
1,105,0.0007993183098733425,0.0008287150412797928,0.12761732487030972,0.1189622229999966,0.9849018614969136,0.9824924045138889
1,106,0.0007969844155013561,0.0008283774368464947,0.12964348116038757,0.12112566497590807,0.985204475308642,0.9818630642361111
1,107,0.0007937264745123684,0.0008267853409051895,0.1344824178719226,0.12304244571261935,0.9854395736882716,0.9823621961805555
1,108,0.0007946317782625556,0.000826572417281568,0.13048853741751776,0.12292688025368584,0.9854220920138889,0.9812065972222223
1,109,0.0007895155576989055,0.0008217813447117805,0.136958889460858,0.12663230101267497,0.9854269145447531,0.9824598524305556
1,110,0.0007871873676776886,0.000824292073957622,0.13972373406092325,0.12538830704159207,0.9856650270061729,0.9852756076388889
1,111,0.0007896049646660686,0.0008195358095690608,0.136419912620827,0.12924927870432537,0.9859019338348766,0.9822374131944445
1,112,0.0007832858245819807,0.0008257743902504444,0.14457146709347948,0.12459427383210923,0.9858802324459877,0.9846354166666667
1,113,0.0007836291333660483,0.0008194897091016173,0.1460330405353028,0.13105517758263482,0.9862009307484568,0.981103515625
1,114,0.0007798263104632497,0.0008204913465306163,0.14723158338923514,0.12834793329238892,0.9862895447530864,0.9821072048611111
1,115,0.0007791075040586293,0.0008218926377594471,0.1478382752265459,0.12907651795281305,0.9861985194830247,0.982470703125
1,116,0.0007744790054857731,0.0008185930782929063,0.15451340719505594,0.13227572706010607,0.9867012683256173,0.98359375
1,117,0.0007725625764578581,0.0008181508746929467,0.15726171408170536,0.13319426245159574,0.9869683159722222,0.9842556423611111
1,118,0.00076692970469594,0.000813333026599139,0.16543669671188166,0.1376664426591661,0.9871045524691358,0.9835557725694445
1,119,0.0007659935508854687,0.000814203405752778,0.1653136103241532,0.13822839392556086,0.9872986593364198,0.9844618055555555
1,120,0.0007623907877132297,0.0008122817380353808,0.16769983371098837,0.1401148756345113,0.987475284529321,0.9841254340277777
1,121,0.0007594513008370996,0.0008109166519716382,0.17339920570820938,0.1423202435175578,0.9875554591049382,0.9848253038194444
1,122,0.0007609333842992783,0.0008076481753960252,0.1728545296339341,0.14617746141221788,0.9877531828703704,0.9844075520833333
1,123,0.0007538377540186048,0.000807905220426619,0.1776841382921478,0.14432613319820828,0.9880654417438272,0.98408203125
1,124,0.0007521205698139966,0.0008056981023401022,0.18000587548738645,0.14864505529403688,0.9879020785108025,0.9842881944444445
1,125,0.0007503021624870598,0.0008103759028017521,0.18211436757334956,0.1441249304347568,0.9881920331790124,0.9848958333333333
1,126,0.0007468336261808872,0.0008116975659504533,0.18829434138757212,0.14092484050326878,0.9883722752700618,0.9847439236111111
1,127,0.0007446740055456758,0.0008052591001614928,0.1928285174899631,0.14826021062003242,0.9885193624614198,0.9850151909722222
1,128,0.0007388301892206073,0.0008063981076702476,0.19603772501886627,0.14776973062091403,0.9887966579861112,0.9854817708333333
1,129,0.0007369511295109987,0.0008056502556428313,0.1980837302443422,0.1495839556058248,0.9887737509645061,0.9856119791666667
1,130,0.000736276910174638,0.000799737754277885,0.19924548084353222,0.15602578984366522,0.9889600212191358,0.9855360243055555
1,131,0.0007307496853172779,0.000801686430349946,0.20607686189957608,0.155926337507036,0.9889009452160494,0.9856879340277778
1,132,0.0007322305464185774,0.0008000395027920604,0.20365647268883977,0.15722494920094807,0.9891263985339506,0.9847059461805555
1,133,0.0007234096410684288,0.000799984612967819,0.21641461805061057,0.15715251366297403,0.9892740885416667,0.9852756076388889
1,134,0.0007233145879581571,0.0007986454293131828,0.2166891109796218,0.1593267798423767,0.9891288097993827,0.9851833767361111
1,135,0.000719512056093663,0.000793480547145009,0.2188609535311475,0.16289284229278564,0.9895628375771605,0.986767578125
1,136,0.0007187168812379241,0.0007923205848783255,0.22075767016705172,0.16599041091071234,0.989745490933642,0.9855685763888888
1,137,0.0007140412926673889,0.0007922350196167827,0.22339820655775658,0.1686038162973192,0.9895435474537037,0.9871365017361111
1,138,0.0007079985225573182,0.0007955467444844544,0.23326070455857265,0.16317567692862617,0.9900131413966049,0.9856119791666667
1,139,0.0007073028245940804,0.0007928614504635334,0.236131332685918,0.1656602634323968,0.9902072482638888,0.9867133246527777
1,140,0.0007090375293046236,0.0007915013120509684,0.23300238641691798,0.17020288838280573,0.9901138117283951,0.9862196180555556
1,141,0.0006999021279625595,0.0007908496772870421,0.240769632510197,0.16567372216118706,0.990281997492284,0.9860568576388888
1,142,0.000697659095749259,0.0007862938800826669,0.24621343597953702,0.17170743147532144,0.990430290316358,0.9869303385416667
1,143,0.000694296439178288,0.0007883358630351722,0.24954058756063013,0.17274552583694458,0.9905767746913581,0.9861653645833334
1,144,0.0006913787219673395,0.0007883550133556128,0.25340391677102925,0.17060893376668293,0.9905243296682099,0.9872450086805555
1,145,0.0006892031524330378,0.0007863390492275357,0.25834987634493983,0.17367918093999227,0.990673225308642,0.9875325520833333
1,146,0.0006888458738103509,0.0007946176920086145,0.25582288915728346,0.1656350228521559,0.9910915798611111,0.9867730034722222
1,147,0.0006839671405032277,0.0007882871432229877,0.26484429968727957,0.17193176216549344,0.9908365885416667,0.98525390625
1,148,0.0006831159116700292,0.0007857668679207563,0.2634513700449908,0.17563633256488376,0.9909872926311728,0.9871365017361111
1,149,0.0006772608030587435,0.0007887413958087564,0.2708563569151325,0.17202854288948907,0.9914418161651235,0.9866156684027778
1,150,0.0006712088361382484,0.0007899182965047657,0.27534456297203347,0.16970105701022678,0.9913718894675926,0.9875759548611112
1,151,0.0006684656254947186,0.0007863446371629834,0.28006991854420415,0.17374614344702827,0.9913694782021605,0.9867567274305555
1,152,0.0006631885771639645,0.0007846123189665377,0.28743216741232225,0.17500854465696547,0.991383342978395,0.9877278645833333
1,153,0.0006643686210736632,0.000780222297180444,0.2840076116868007,0.18034371667438084,0.9917908468364197,0.9867078993055556
1,154,0.0006660555372945964,0.0007843460771255195,0.28550088376174737,0.1752178364329868,0.9914008246527778,0.9879286024305556
1,155,0.0006602310459129512,0.0007982810493558645,0.2924791948294934,0.15894287294811674,0.9919958043981482,0.9871148003472222
1,156,0.000652977149002254,0.0007832864648662508,0.3006214240450918,0.17212765084372628,0.9917504581404321,0.9874837239583333
1,157,0.0006463847821578383,0.0007786140777170658,0.3043055984708998,0.17963337235980564,0.9921428915895062,0.9871744791666667
1,158,0.0006423902232199907,0.0007850667461752892,0.31139841226883874,0.17656315830018784,0.9918710214120371,0.98837890625
1,159,0.0006473716930486262,0.0007832173723727465,0.30246069799234837,0.17466179000006782,0.9924117476851851,0.9868923611111111
1,160,0.0006419204291887581,0.0007878013420850039,0.3122939873624731,0.1662524872355991,0.9921627845293209,0.9883463541666667
1,161,0.000635031028650701,0.0007745298789814115,0.3200153406755424,0.19050157997343276,0.9924647955246914,0.9884928385416667
1,162,0.000632378738373518,0.000781624112278223,0.3225530425707499,0.1759818646642897,0.9926872347608025,0.9878146701388889
1,163,0.000633655465207994,0.0007672805804759264,0.3224352381847523,0.19560685025321112,0.9925057870370371,0.98798828125
1,164,0.0006281177629716694,0.0007835461874492466,0.329264881434264,0.17653923564487034,0.9929012345679012,0.9880696614583333
1,165,0.0006242144736461341,0.0007826952496543527,0.3299530104354576,0.17566388448079426,0.9927023051697531,0.9876736111111111
1,166,0.0006235060282051563,0.0007836419390514493,0.33745211171515194,0.16852847072813246,0.9929265528549382,0.9873426649305556
1,167,0.0006186575628817081,0.0007753950776532292,0.3415863693496327,0.1880465030670166,0.9927571614583334,0.9879774305555555
1,168,0.0006138639873825014,0.0007721133297309279,0.34481934735804426,0.18778432740105522,0.9932339891975308,0.9881130642361111
1,169,0.0006137426244094968,0.0007745882030576468,0.3474936583895742,0.18381564087337918,0.9931508005401235,0.9883517795138889
1,170,0.000606680812779814,0.0007709027267992496,0.3515795784232057,0.193764148818122,0.99326171875,0.9890625
1,171,0.0006011872319504619,0.0007784214685671031,0.36238389015197753,0.18387834363513522,0.9933443045910494,0.9884440104166666
1,172,0.0005999344866722822,0.0007663473952561617,0.36112258743356773,0.19685533973905775,0.9934636622299383,0.9883138020833333
1,173,0.0005886880680918694,0.0007831701077520847,0.3735072025546321,0.17593805525037978,0.9934745129243827,0.9890407986111112
1,174,0.0005856758216395974,0.0007761858869343996,0.3738714742071835,0.19181158542633056,0.9935390142746914,0.9893500434027778
1,175,0.0005877753719687462,0.0007735603721812367,0.3732669989267985,0.1893855611483256,0.9939001012731481,0.988525390625
1,176,0.0005837203934788704,0.0007722586742602289,0.38090457062662386,0.19019726249906752,0.9937632619598765,0.9889756944444444
1,177,0.0005847258726134896,0.0007754089310765266,0.37614344682222534,0.18750300407409667,0.993675853587963,0.9888400607638889
1,178,0.0005809077993035316,0.0007710022618994117,0.38246379752217985,0.1852104624112447,0.993701171875,0.9884765625
1,179,0.0005779684870503843,0.0007611293694935739,0.3856768375561561,0.20659817854563395,0.993725284529321,0.9888888888888889
1,180,0.0005754911690019071,0.0007687991601414979,0.38845402546870855,0.19060628414154052,0.9939917293595679,0.9892144097222222
1,181,0.0005687355296686292,0.0007753374520689249,0.3967899877348064,0.18377584483888415,0.9941104841820988,0.9893391927083334
1,182,0.0005671593826264143,0.0007595694623887539,0.39604294226493364,0.20883881515926786,0.9940905912422839,0.9892849392361112
1,183,0.0005614683032035828,0.0007650404586456716,0.4031359335522593,0.20065937439600626,0.9943202642746913,0.9896701388888889
1,184,0.0005627022474072874,0.0007761403685435653,0.4078769847198769,0.18933594624201458,0.9942214023919753,0.9891493055555556
1,185,0.000553063815459609,0.0007520846556872129,0.4174441162450814,0.21684736410776775,0.9944980951003086,0.9894911024305556
1,186,0.0005459985695779324,0.0007567344582639635,0.42647291981143715,0.21129937834209866,0.9944227430555556,0.98916015625
1,187,0.0005520628183148801,0.0007547276909463108,0.4165483198048156,0.21559833023283217,0.9944884500385802,0.9892198350694444
1,188,0.0005489777540788054,0.0007551272865384817,0.42281282595646236,0.2176370859146118,0.9945927372685185,0.9891710069444445
1,189,0.0005433423211798072,0.0007546620909124613,0.4267493955882979,0.2156515704260932,0.9946319203317902,0.9899685329861111
1,190,0.0005368521669879556,0.0007637044182047248,0.4314417749275396,0.1997901850276523,0.9948380835262346,0.9890407986111112
1,191,0.0005298543255776167,0.0007542374078184366,0.4420316908094618,0.21232844856050279,0.9946487991898149,0.9895670572916667
1,192,0.0005350211868062615,0.0007535564946010709,0.4357873012990127,0.2131220777829488,0.9947241512345679,0.9900553385416667
1,193,0.000526649528183043,0.0007476622704416513,0.4462618471663675,0.22089251147376165,0.9948784722222223,0.9898491753472223
1,194,0.0005226633511483669,0.0007508466951549053,0.4536626477300385,0.21617450184292264,0.994874252507716,0.9891330295138889
1,195,0.0005231639370322227,0.0007550441659986973,0.45273074323748363,0.21739397446314493,0.9950014467592593,0.989794921875
1,196,0.0005206920322962105,0.0007533490424975753,0.45544586888066046,0.21691253582636516,0.9950147087191358,0.9899088541666666
1,197,0.0005102308350615203,0.0007569361478090286,0.46504739037266485,0.20813309219148424,0.995142505787037,0.9904568142361111
1,198,0.0005088428151793778,0.0007498558843508363,0.4670567650853852,0.21324801709916857,0.9953034577546296,0.9899197048611111
1,199,0.0005033262423239648,0.0007608021842315793,0.4714905784453875,0.20889791912502712,0.9952817563657408,0.989208984375
1,200,0.000509318255353719,0.0007595777278766036,0.4672757401878451,0.21071257591247558,0.9951497395833333,0.9894585503472222
1,201,0.0005010312888771296,0.0007498844061046839,0.47981432102344657,0.22870147228240967,0.9952630690586419,0.990087890625
1,202,0.000496832886710763,0.0007461537607014179,0.4822490350699719,0.2299567937850952,0.9953329957561728,0.9896755642361111
1,203,0.0004932701122015715,0.0007365818601101637,0.48191459664592035,0.23833691941367255,0.9952455873842593,0.9900499131944445
1,204,0.0004997479263693094,0.0007459457847289741,0.47497641966666704,0.23200881083806354,0.9953751929012346,0.9896484375
1,205,0.0004897427279502153,0.0007561504608020186,0.48914602435665366,0.21442702346377904,0.9953691647376544,0.9897081163194444
1,206,0.0004875244339928031,0.0007545717526227236,0.49448422340699183,0.2138662338256836,0.9953782069830247,0.9895833333333334
1,207,0.0004926857072860003,0.0007445799419656396,0.48734332823459015,0.23252102798885768,0.9954764660493827,0.99033203125
1,208,0.00048278970643877983,0.0007576972129754722,0.4965283794167601,0.20780547327465482,0.9955331307870371,0.9899251302083333
1,209,0.00047802727203816175,0.0007407236844301224,0.49835715617662596,0.23436342610253227,0.9956940827546297,0.990185546875
1,210,0.00047743538743816316,0.0007676706882193685,0.5014438100803046,0.20095504654778373,0.9957224151234568,0.9900661892361111
1,211,0.0004678856930695474,0.0007507276022806764,0.5099778846458153,0.2297563049528334,0.9958833670910494,0.990087890625
1,212,0.0004706044855993241,0.0007512022857554257,0.5093346994600179,0.22446941932042438,0.9958942177854938,0.990087890625
1,213,0.0004631318442989141,0.0007486402755603194,0.5145702260511893,0.22458958228429157,0.9959502797067902,0.9904242621527778
1,214,0.00046680611558258533,0.0007437659660354257,0.5117103866588922,0.22931648757722642,0.995848403742284,0.9905164930555556
1,215,0.0004544193798210472,0.0007398289162665606,0.526726825001799,0.23696714374754163,0.9960376880787037,0.9908420138888889
1,216,0.0004456328460946679,0.0007499059429392219,0.5336861148292635,0.22697230709923638,0.9963403018904321,0.9904405381944444
1,217,0.0004468047118280083,0.0007397693116217852,0.5349798794145937,0.2348510464032491,0.9965374228395062,0.9904188368055555
1,218,0.0004430557892192155,0.0007598220836371183,0.5395787729157342,0.21120354731877644,0.9965048707561729,0.9904242621527778
1,219,0.0004392109112814069,0.0007622329285368323,0.5431827083046054,0.20993161069022284,0.9965549045138888,0.9902289496527777
1,220,0.0004405846702866256,0.0007487986003980041,0.5389425773679474,0.22603127956390381,0.9965723861882716,0.9904513888888888
1,221,0.0004339496372267604,0.0007505614776164293,0.5446587375652643,0.22241878906885784,0.9965657552083333,0.9908799913194445
1,222,0.00043408683268353343,0.0007478612242266536,0.5484160775019798,0.22686563465330337,0.9966157889660494,0.9907118055555556
1,223,0.00043267093133181334,0.000742891919799149,0.5530837167928249,0.23654398918151856,0.996630256558642,0.99111328125
1,224,0.0004289450007490814,0.000740429968573153,0.5528273014374722,0.23657724857330323,0.9967749324845679,0.9908528645833333
1,225,0.00042814979678951204,0.0007469058036804199,0.551353598376851,0.22939485443962945,0.9967261043595679,0.991015625
1,226,0.00042723858496174216,0.0007346756756305695,0.5528704753628484,0.2438078933291965,0.9966266396604938,0.9909830729166667
1,227,0.0004224581643939018,0.0007400715257972479,0.5620731826181765,0.23452763822343614,0.996827377507716,0.9909830729166667
1,228,0.00042170463711954653,0.0007462460198439658,0.559386232016999,0.22922123670578004,0.9968774112654321,0.9910481770833334
1,229,0.00042013433994725347,0.0007386378129012883,0.5613332102328171,0.23961508538987902,0.9969847125771605,0.9912380642361112
1,230,0.00041885211248882115,0.0007396715227514505,0.5642727189593845,0.23727179633246528,0.9969051408179013,0.9911078559027777
1,231,0.0004196836380288005,0.0007389666279777884,0.5617896817348621,0.2377013643582662,0.9969304591049383,0.9912380642361112
1,232,0.00041645430610515177,0.0007425242802128196,0.5649512457258907,0.22885123491287232,0.9968713831018519,0.9910970052083333
1,233,0.0004117559874430299,0.0007365802302956581,0.5699873697610549,0.24170016050338744,0.9969756703317901,0.9912380642361112
1,234,0.00041500834049656987,0.0007330246735364199,0.5653295190246017,0.24640036556455824,0.9970492139274691,0.9912000868055556
1,235,0.0004140707023907453,0.0007362208561971784,0.5660008763089592,0.24405810435612996,0.9970492139274691,0.9913031684027778
1,236,0.00040704041020944715,0.0007362544420175254,0.5770313131956406,0.2463465717103746,0.9970178674768518,0.991162109375
1,237,0.0004100441001355648,0.0007375465938821435,0.5739728119638231,0.24293475680881077,0.9971263744212963,0.9911566840277778
1,238,0.0004119235381949693,0.0007365047931671143,0.5724932448363599,0.24414233499103122,0.9970769434799382,0.9913519965277777
1,239,0.00041186047019436955,0.000738586881197989,0.5678848034069862,0.24194277922312418,0.997142047646605,0.9911241319444445
1,240,0.0004058866179548204,0.0007406346267089248,0.5754464767597339,0.23829561207029554,0.9970877941743828,0.9912651909722222
1,241,0.0004074396565556526,0.0007373631233349442,0.5756387098335926,0.24155932135052152,0.99716796875,0.9913411458333333
1,242,0.000404680788051337,0.0007415886502712965,0.5749142711545214,0.2404367831018236,0.9970769434799382,0.9914388020833333
1,243,0.0004076851764693856,0.0007350911619141698,0.5760755843586391,0.2468551132414076,0.9971643518518518,0.9913845486111111
1,244,0.0004065456159878522,0.000737944501452148,0.5751668625407749,0.23999392986297607,0.9971161265432099,0.9914008246527778
1,245,0.0003976006410084665,0.0007425982039421797,0.585392987139431,0.23306041955947876,0.9972240306712963,0.9910861545138889
1,246,0.00040332440403290093,0.000736767950002104,0.5786481056684329,0.24437512424257066,0.9970504195601851,0.9913736979166666
1,247,0.0003970824764110148,0.0007364227203652263,0.583348192256174,0.2448204689555698,0.997290340470679,0.9913031684027778
1,248,0.00039948709309101105,0.0007344995974563062,0.5825133654806349,0.2474611375066969,0.9971908757716049,0.9914008246527778
1,249,0.00040561106288805604,0.0007335578557103872,0.5768205186467111,0.24816858768463135,0.9971975067515432,0.9913791232638889
1,250,0.0004028317052870989,0.0007338271243497729,0.5779814731927566,0.24596710867351956,0.997240909529321,0.9914116753472222
1,251,0.00039873438072390854,0.0007306274492293596,0.5861286694620862,0.2487083077430725,0.997191478587963,0.9912706163194445
1,252,0.00039737659972161055,0.0007316769333556294,0.5875208604482957,0.24918567604488798,0.9972083574459877,0.9915852864583333
1,253,0.0003965213254559785,0.0007404181524179876,0.5845871641312117,0.2367952929602729,0.9972692418981481,0.991015625
1,254,0.0004017914179712534,0.0007257437100633979,0.5803954590985805,0.25696794589360555,0.9971541039737655,0.9915690104166667
1,255,0.00039752505836077034,0.0007342754397541285,0.5868182298577862,0.24587462080849543,0.9972403067129629,0.9913628472222222
1,256,0.0003976003499701619,0.000733683817088604,0.5847682997032448,0.24707460800806683,0.9972445264274692,0.9915418836805555
1,257,0.00039223069325089455,0.0007331505184993148,0.5920031916948012,0.24954908026589287,0.9973500192901235,0.9913628472222222
1,258,0.0003911379026249051,0.000729344435967505,0.589947419696384,0.25185974571439956,0.9973011911651235,0.9914496527777777
1,259,0.0003956270811613649,0.0007314406102523208,0.5891717572271088,0.24929588105943468,0.9973313319830247,0.9914388020833333
1,260,0.0003886240883730352,0.0007327420171350241,0.5913655270764857,0.2502917700343662,0.9973174672067902,0.9915201822916667
1,261,0.00039739429485052824,0.0007312900852411985,0.5893284381171804,0.25129375722673203,0.9972384982638889,0.9914496527777777
1,262,0.00039325887337327003,0.000731484207790345,0.5900782380575015,0.24948314030965169,0.9972288532021605,0.9914008246527778
1,263,0.00039440541877411306,0.0007359468727372587,0.5876819060172563,0.24353839821285672,0.9973554446373457,0.9915147569444445
1,264,0.00039419063250534236,0.0007331265369430184,0.5889401566835097,0.24711602263980442,0.9973295235339507,0.991455078125
1,265,0.0003898588474839926,0.0007355393609032035,0.5926107537599258,0.24514487849341499,0.9973729263117284,0.9913302951388889
1,266,0.0003901090531144291,0.0007331038359552622,0.5932724278650167,0.24940214422014023,0.9972686390817901,0.9915418836805555
1,267,0.0003873083333019167,0.0007335818372666836,0.5982163941418683,0.24835492769877116,0.9974187403549383,0.9914225260416667
1,268,0.0003906662459485233,0.0007322605815716088,0.5963569947230963,0.24963648716608683,0.9973271122685186,0.9913899739583333
1,269,0.00039072398794814944,0.0007289250497706234,0.5947533709031564,0.25391347805658976,0.9973216869212963,0.9914605034722223
1,270,0.00038857979234308004,0.0007304762257263064,0.59505068667141,0.251158787144555,0.9973319347993828,0.9914496527777777
1,271,0.00039035017834976315,0.0007310383953154087,0.5945196163507156,0.25030351877212526,0.9974307966820988,0.9915798611111111
1,272,0.00039340456714853644,0.0007323571480810642,0.5892976747618781,0.24852410422431098,0.997387996720679,0.9914930555555556
1,273,0.00038815103471279144,0.0007306276238523424,0.5963503222406646,0.25131670633951825,0.9973928192515432,0.99150390625
1,274,0.000389678607461974,0.0007309406064450741,0.595015851067908,0.251141095161438,0.9973566502700617,0.9915147569444445
1,275,0.00038996111834421754,0.0007325733313336968,0.5958803850927471,0.2486756510204739,0.9972915461033951,0.9914984809027778
1,276,0.0003846512408927083,0.0007308019557967782,0.5978373771832313,0.25130884250005087,0.9974109037422839,0.9915418836805555
1,277,0.00038357017911039293,0.0007291085203178227,0.5997861224928019,0.25337892240948146,0.9973831741898148,0.9916395399305555
1,278,0.00038593795034103096,0.0007291569490917027,0.5972240028557954,0.2534930096732246,0.9974326051311728,0.9916286892361111
1,279,0.00038655841490253806,0.0007318190764635801,0.599974051375448,0.25016415781444973,0.9974681712962963,0.9915744357638889
2,1,0.1618344634771347,0.032484862953424454,-257.52540169704105,-48.327238411373564,0.6566671489197531,0.9945855034722222
2,2,0.019122369587421417,0.007740273140370846,-28.981324918770497,-10.467292107476128,0.9952606577932098,0.9945855034722222
2,3,0.006204348988831043,0.003910057246685028,-8.404301983044471,-4.572384479310777,0.9952606577932098,0.9945855034722222
2,4,0.0037464736960828304,0.0028733760118484497,-4.507944997151693,-2.9683703555001153,0.9952606577932098,0.9945855034722222
2,5,0.0028736726380884647,0.0023686792701482773,-3.133613039829113,-2.1843681467903986,0.9952606577932098,0.9945855034722222
2,6,0.0024131578393280506,0.0020865066908299923,-2.3987821637848277,-1.7446178038915,0.9952606577932098,0.9945855034722222
2,7,0.0021314446348696947,0.0018912681844085455,-1.9468407869338988,-1.4395297076967029,0.9952606577932098,0.9945855034722222
2,8,0.0019268072210252285,0.0017445902340114117,-1.6202558670514895,-1.2096690522299873,0.9952606577932098,0.9945855034722222
2,9,0.001768190530128777,0.0016291453503072262,-1.3660171029008465,-1.0283116870456273,0.9952606577932098,0.9945855034722222
2,10,0.0016445439541712403,0.001540261902846396,-1.1650462789300047,-0.8888281928168402,0.9952606577932098,0.9945855034722222
2,11,0.0015585043001919985,0.001575178699567914,-1.0315789985068051,-0.9577182014783223,0.9952606577932098,0.9945855034722222
2,12,0.001681311521679163,0.0017041513929143548,-1.140914852825212,-1.0583504464891222,0.9941695601851852,0.9945963541666667
2,13,0.0016460050828754902,0.0015693913446739316,-1.0942119115664635,-0.8939553168084886,0.9945577739197531,0.9945855034722222
2,14,0.0015478706918656826,0.0014916076324880123,-0.9670555204520991,-0.7848450382550557,0.9949972270447531,0.9941026475694444
2,15,0.0014320011250674725,0.0014772021677345037,-0.7892024096147514,-0.7391580992274814,0.9938645351080246,0.9735514322916666
2,16,0.001339454553090036,0.0012536768335849047,-0.6480430011396054,-0.4522944887479146,0.9913610387731482,0.9935329861111111
2,17,0.0012477005366235971,0.001240281155332923,-0.5161855496006248,-0.4322998921076457,0.9896665219907408,0.9863335503472223
2,18,0.0012200463097542524,0.0012433752417564392,-0.47196869702986727,-0.4108057061831156,0.9886809172453703,0.9757975260416667
2,19,0.001182261505164206,0.0012013899395242333,-0.4129305409796444,-0.35913926362991333,0.9881094473379629,0.9701605902777778
2,20,0.001138149993494153,0.0011164054740220308,-0.3500215854173825,-0.2453604022661845,0.9861593364197531,0.9867241753472222
2,21,0.0011104634031653404,0.0011152245569974184,-0.3055506604689139,-0.24463738997777304,0.9845920138888888,0.9797905815972222
2,22,0.0010870557744055986,0.0010968688875436783,-0.27484965677614565,-0.2116273522377014,0.9864474826388889,0.9756293402777778
2,23,0.001062051160261035,0.0010860554175451398,-0.2334373825862084,-0.1923466708925035,0.9841260368441358,0.967724609375
2,24,0.0010426277294754982,0.0010581656824797392,-0.20366213042059061,-0.1552141997549269,0.9843213493441358,0.9783908420138889
2,25,0.0010264577576890588,0.001043945550918579,-0.18138358489966686,-0.13263964255650837,0.985034481095679,0.9782552083333333
2,26,0.0010163451079279184,0.0010303594172000885,-0.16535347714836215,-0.11143452458911472,0.9843171296296296,0.9799641927083333
2,27,0.0010024261428043246,0.0010407615918666124,-0.14487991862826877,-0.124554267194536,0.9866729359567902,0.9648057725694444
2,28,0.0009996002772822976,0.0010030880803242326,-0.1367655274308758,-0.07208513286378648,0.9804241415895062,0.9832736545138889
2,29,0.0009765165159478784,0.0010093869641423225,-0.1047358685069614,-0.07875205940670438,0.9859441309799383,0.9798068576388889
2,30,0.0009756011422723532,0.0010040628258138895,-0.10487529024665738,-0.07123475339677598,0.9848114390432099,0.9837836371527777
2,31,0.0009696201304905117,0.0009959277231246233,-0.09288158431465243,-0.06200209988488092,0.9843189380787037,0.9812391493055556
2,32,0.0009658415801823139,0.0009921466698870063,-0.09010106133825985,-0.056176943249172634,0.9842224874614197,0.9833116319444445
2,33,0.0009603158687241375,0.0009877586271613836,-0.08486134196505135,-0.05399836699167888,0.9849193431712963,0.9821668836805556
2,34,0.000955863855779171,0.0009791888296604156,-0.07584690900496495,-0.046618054972754584,0.9835726514274692,0.9847764756944445
2,35,0.0009467495256103575,0.0009696997585706413,-0.06655108119234626,-0.03630593882666694,0.9845492139274692,0.9774576822916666
2,36,0.0009436020627617836,0.000975485541857779,-0.06024468224725606,-0.04231514135996501,0.9841115692515432,0.9822970920138889
2,37,0.000942871964070946,0.0009728239965625107,-0.0637118919396106,-0.044056783782111274,0.9842248987268518,0.9749131944444445
2,38,0.0009392909123562276,0.0009663545642979443,-0.05608222204961894,-0.03621393707063463,0.9838493441358025,0.9794325086805555
2,39,0.00093519949587062,0.0009669907158240676,-0.05144526516949689,-0.03472852309544881,0.9838409047067901,0.9814398871527777
2,40,0.0009386774618178606,0.0009461580775678158,-0.05808057843902965,-0.005434041553073459,0.9837962962962963,0.9760199652777778
2,41,0.0009254385950043797,0.000951176043599844,-0.03990189411022045,-0.013364272647433811,0.9839066116898149,0.9812228732638889
2,42,0.0009300622623413801,0.0009465052862651646,-0.04527971862274924,-0.007198369503021241,0.9834249614197531,0.982421875
2,43,0.0009244502289220691,0.000956976437009871,-0.0356967337337541,-0.0215599881278144,0.9832736545138889,0.9779459635416666
2,44,0.0009181022178381681,0.0009459909633733332,-0.030043664832174043,-0.0005981114175584581,0.9830005787037037,0.9818522135416666
2,45,0.0009205333772115409,0.0009413029765710235,-0.03554084418732443,0.003525882297092014,0.9822084780092593,0.9788140190972222
2,46,0.0009125249926000834,0.0009362522978335619,-0.023336774478723975,0.01010164154900445,0.9827299141589506,0.9805392795138889
2,47,0.0009074668632820249,0.0009341426193714142,-0.01912919106306853,0.01273162497414483,0.9824930073302469,0.9752766927083333
2,48,0.000907783629372716,0.0009553043637424707,-0.017705468483913092,-0.0212117870648702,0.9818799430941358,0.9756293402777778
2,49,0.0009019518620334566,0.0009424727759324014,-0.009267992443508573,-0.0009250256750318739,0.9821072048611111,0.9753472222222223
2,50,0.0009007498156279325,0.0009353859932161868,-0.010464538321082975,0.008539805147382949,0.9810673466435185,0.9777452256944444
2,51,0.0008963688160292804,0.0009263684623874724,-0.006721746627195382,0.027074280050065784,0.9815839602623457,0.9747233072916667
2,52,0.0009000899735838175,0.0009209262789227068,-0.008179989861853329,0.032474524445003934,0.9812638647762346,0.9774034288194444
2,53,0.0008880884852260351,0.0009247787529602647,0.010492492899482633,0.0237912032339308,0.9811336564429012,0.9789605034722222
2,54,0.0008870387682691216,0.0009200128260999918,0.008555276452759166,0.02951278289159139,0.9806574315200617,0.9808539496527777
2,55,0.0008846033015288413,0.0009117937297560275,0.011523780116328486,0.04137762122684055,0.9806206597222222,0.9785047743055556
2,56,0.0008791680447757244,0.0009130971739068627,0.018307653768562977,0.03685602214601305,0.9814953462577161,0.9716362847222222
2,57,0.000875351601280272,0.0009175484301522374,0.025724051616809986,0.03243874178992377,0.9800974151234568,0.976708984375
2,58,0.0008787440601736307,0.0009080262389034033,0.021290674327332296,0.049868573082817926,0.9804458429783951,0.9791015625
2,59,0.0008757931063883007,0.0009071368258446455,0.026040022903018527,0.049694130155775285,0.9802951388888889,0.9770887586805556
2,60,0.0008652767282910645,0.00091089669149369,0.03831050116338847,0.04187358220418294,0.9812909915123457,0.9753960503472222
2,61,0.0008692803094163537,0.0009017927804961801,0.03347756656599633,0.056556579801771374,0.9808473186728395,0.9742567274305556
2,62,0.0008629861986264586,0.0009030496003106236,0.03958269107488938,0.05168371730380588,0.9805869020061728,0.9718967013888888
2,63,0.0008628832874819636,0.0008968845941126347,0.040008289872864145,0.06698978477054172,0.9805850935570988,0.9746419270833333
2,64,0.0008658788283355534,0.0008954718941822648,0.038040561734894174,0.07208238442738851,0.9806489920910494,0.9790744357638889
2,65,0.0008549562771804631,0.0009004430612549186,0.05245728625191583,0.056110917197333444,0.9804741753472223,0.977392578125
2,66,0.0008580372668802738,0.0008917897939682007,0.0480196143374031,0.0689555287361145,0.9813681520061729,0.9750325520833333
2,67,0.0008523628348484635,0.000893301737960428,0.0529206704210352,0.07067178885142009,0.9809485918209877,0.9765462239583333
2,68,0.0008509285398758948,0.000893545220606029,0.05525314542982313,0.06581135061052111,0.9810522762345679,0.97607421875
2,69,0.0008496767841279507,0.0008869057637639344,0.056430577054435827,0.07978495889239841,0.981031780478395,0.9773708767361111
2,70,0.0008431673632003367,0.0008891829056665301,0.06485171524094946,0.08215324216418796,0.9809118200231481,0.9769314236111111
2,71,0.0008434215560555458,0.0008929441682994366,0.06414538342275737,0.06897397703594632,0.9816798080632716,0.9756781684027778
2,72,0.0008407775894738734,0.000885730201844126,0.06936059969442862,0.08070890638563367,0.9815797405478395,0.9741319444444444
2,73,0.0008399415528401732,0.0008870548917911947,0.07003375071066398,0.07794982062445746,0.9812789351851852,0.9749457465277778
2,74,0.0008435290073975921,0.0008818481583148241,0.06534974854669454,0.09080000718434651,0.9809522087191358,0.9781955295138889
2,75,0.0008340420317836106,0.0008786957478150725,0.07652534128707132,0.08598221010631985,0.9811191888503087,0.9770779079861112
2,76,0.0008320438209921122,0.000888036098331213,0.07787701465465405,0.0749707923995124,0.9826105565200617,0.9731825086805556
2,77,0.0008316364837810397,0.0008771640714257956,0.07942357784436073,0.08953817552990384,0.9815725067515432,0.9783474392361111
2,78,0.0008264032076112926,0.0008798406342975795,0.08552169696784313,0.08694599204593234,0.9826238184799383,0.9767957899305556
2,79,0.0008264501229859889,0.0008764060912653804,0.08565261746630257,0.09160119162665473,0.9825454523533951,0.9765733506944444
2,80,0.000822312431409955,0.0008724617655389011,0.0900096810894248,0.0980982886420356,0.9823423032407408,0.9781901041666666
2,81,0.0008239396847784519,0.0008735912851989269,0.08511746341799513,0.09974540869394938,0.9823820891203704,0.9779513888888889
2,82,0.0008188806241378188,0.000867668422870338,0.09349793990453084,0.10097460746765137,0.9830397617669753,0.9780327690972223
2,83,0.0008147438056766987,0.0008648337097838521,0.09815897367618702,0.10757384962505764,0.9827287085262346,0.977294921875
2,84,0.0008145766914822161,0.0008693382260389626,0.10128520830177966,0.1005380458301968,0.9830186631944444,0.9788899739583333
2,85,0.0008165673352777958,0.0008677254663780332,0.09653851485546724,0.10692576832241482,0.9832748601466049,0.9793891059027777
2,86,0.000807676580734551,0.0008641235763207078,0.10627081629670697,0.10787023968166776,0.9835768711419753,0.9770182291666667
2,87,0.0008083282737061381,0.0008677678415551782,0.10398207034593747,0.10554323858684964,0.9837028597608025,0.9790744357638889
2,88,0.0008089980692602694,0.0008591536316089332,0.10523814227845933,0.11458194785647922,0.9839144483024691,0.9770779079861112
2,89,0.0008026063442230225,0.0008593446691520512,0.11215328184174903,0.11676221026314629,0.9839560426311729,0.9796278211805556
2,90,0.0007981436210684478,0.0008603918831795454,0.11601100262300468,0.11380656162897745,0.9839910059799383,0.9791232638888889
2,91,0.0007983857067301869,0.0008580156718380749,0.11635259286856946,0.11716328329510159,0.9844774787808642,0.9783365885416667
2,92,0.0007974308682605624,0.0008581916335970163,0.11818399414604093,0.11596499416563245,0.9845293209876543,0.9785590277777778
2,93,0.000794005929492414,0.0008560748538002372,0.12332996718677473,0.12701185676786636,0.9843448591820988,0.9798990885416666
2,94,0.0007945914985612035,0.0008541321149095893,0.12344254961720219,0.1225464039378696,0.9852086950231481,0.97685546875
2,95,0.0007910039275884628,0.00085681356722489,0.12623217444360993,0.12119921445846557,0.9850983796296297,0.9794650607638888
2,96,0.000784190371632576,0.0008470150642096996,0.13455692132314045,0.13264095650778876,0.9851544415509259,0.97861328125
2,97,0.0007856335723772645,0.0008502668933942914,0.13254929854546063,0.12926350567075942,0.9854775511188272,0.9793565538194444
2,98,0.0007851655827835202,0.0008515713852830231,0.13309915786907997,0.12695025867886015,0.9860200858410494,0.9782877604166667
2,99,0.0007824804051779211,0.0008465514401905239,0.13758364062250397,0.13076403273476495,0.9854552469135802,0.9809190538194444
2,100,0.0007763912435621023,0.0008429647423326969,0.14268032238807207,0.1380363318655226,0.9863444010416667,0.9795627170138889
2,101,0.0007754798280075192,0.0008454322814941406,0.14188996833047748,0.1375686976644728,0.9860502266589506,0.9805501302083334
2,102,0.0007725903997197747,0.0008472613408230245,0.14798133976665545,0.13438360293706259,0.9862147955246914,0.9812174479166667
2,103,0.0007686788449063897,0.0008408315479755402,0.149727424574487,0.1458391414748298,0.9862196180555556,0.9826605902777777
2,104,0.0007675745873712003,0.0008338118204846978,0.1510449015064004,0.15159525473912558,0.9866415895061729,0.9806749131944444
2,105,0.0007619753596372902,0.0008438086370006204,0.1598287464659891,0.14255976147121854,0.9869472173996914,0.9809190538194444
2,106,0.0007640612311661243,0.000844325521029532,0.15700854651721907,0.14069882101482814,0.9869212962962963,0.9812337239583333
2,107,0.0007571055321022868,0.0008378154598176479,0.16492205401997506,0.14937752220365735,0.9873125241126544,0.98076171875
2,108,0.0007551495218649507,0.0008373939781449735,0.16604335734873643,0.1483595331509908,0.9873462818287037,0.9805284288194445
2,109,0.000752630177885294,0.0008317127358168364,0.16754764215445814,0.160101228290134,0.9871967833719136,0.9826551649305556
2,110,0.0007492167642340064,0.0008334750309586525,0.17199105112640947,0.15527156723870172,0.9877778983410493,0.9804090711805555
2,111,0.0007543985266238451,0.0008362919325008988,0.16924245563554174,0.1517543527815077,0.9877236448688271,0.9836697048611112
2,112,0.0007441001362167299,0.0008324043592438102,0.17996408012178208,0.15685985883076986,0.9879376446759259,0.9820149739583334
2,113,0.0007441126508638263,0.000829382217489183,0.1779067595799764,0.16411901315053304,0.9880714699074075,0.9828830295138888
2,114,0.0007410800317302346,0.0008199523435905576,0.18225609064102172,0.17328424453735353,0.9881829909336419,0.9826334635416667
2,115,0.000737522030249238,0.000830751028843224,0.18792354780950665,0.15762927929560344,0.9886121961805555,0.9818305121527777
2,116,0.0007385503267869353,0.0008222921169362962,0.1868782585049853,0.1717455956670973,0.9883933738425926,0.9826877170138889
2,117,0.0007332206587307155,0.0008210180094465613,0.1910862601833579,0.17303713692559136,0.9887014130015432,0.9839029947916667
2,118,0.0007271307404153049,0.0008196309208869934,0.19843590804088262,0.17490311993492974,0.9889479648919753,0.9817003038194444
2,119,0.0007294983952306211,0.0008218702860176563,0.1946149147587058,0.17505637009938557,0.9886670524691358,0.9826985677083333
2,120,0.0007258773548528552,0.0008199856383726001,0.20058696019796676,0.17185231844584148,0.9889021508487654,0.9816786024305556
2,121,0.0007224847795441747,0.0008273759158328176,0.20328251005690776,0.1650996658537123,0.9891951195987654,0.9825358072916667
2,122,0.0007215538062155247,0.0008197063580155373,0.20486327130117535,0.17293052275975546,0.9888099199459877,0.9842447916666667
2,123,0.0007146801217459142,0.0008118219557218254,0.21296383804745145,0.1855230410893758,0.9894736207561728,0.9829264322916667
2,124,0.000714160269126296,0.0008161640726029873,0.2126029094060262,0.17933550940619575,0.9894410686728395,0.9848741319444444
2,125,0.0007069820421747863,0.0008188345236703753,0.22096457378363904,0.17620154884126452,0.9897044994212963,0.9834364149305556
2,126,0.0007071654545143247,0.0008225183701142669,0.2211344826368638,0.1684970219930013,0.9898075810185185,0.9845486111111111
2,127,0.0007018233882263303,0.0008232294348999858,0.22730142378512724,0.16954732868406508,0.9897436824845679,0.9825303819444444
2,128,0.0006992409471422434,0.0008145638275891542,0.22993354326413,0.18205029831992256,0.9899612991898148,0.9852376302083333
2,129,0.0006977170123718679,0.0008141085272654891,0.2329685350995005,0.18048316770129733,0.990112606095679,0.9833116319444445
2,130,0.0006961978506296873,0.0008050216129049659,0.23269726700252957,0.1947884586122301,0.9903886959876543,0.9854600694444444
2,131,0.0006930665695108473,0.0008074264042079449,0.24010915962266333,0.19155573182635838,0.9904170283564815,0.9842068142361111
2,132,0.0006901370361447334,0.0008068399620242417,0.2414194491174486,0.19200219048394096,0.9908016251929013,0.9853352864583333
2,133,0.0006884878966957331,0.0008120691636577249,0.2450289437800278,0.18213333818647598,0.9907268759645061,0.9851725260416667
2,134,0.000686854706145823,0.000807040196377784,0.24439979732772452,0.19040951596366035,0.9907817322530864,0.9850911458333333
2,135,0.0006812607171013951,0.0008071418851613998,0.249820699956682,0.1944614397154914,0.9909047067901234,0.98544921875
2,136,0.0006821099086664617,0.0008047482697293162,0.2506314805996271,0.19723195102479724,0.991162712191358,0.9853569878472223
2,137,0.0006738593801856041,0.0008051898330450058,0.26291660600238376,0.19848703808254667,0.9912199797453703,0.9851508246527778
2,138,0.0006708517903462052,0.0007971982704475522,0.26211732390486164,0.20706741942299736,0.991113884066358,0.9849555121527778
2,139,0.0006711955647915602,0.0007967655546963215,0.26310028912108624,0.2096108078956604,0.9910915798611111,0.9849555121527778
2,140,0.000666420441120863,0.0008041885448619723,0.2695445833382783,0.19871377680036756,0.9916763117283951,0.9847710503472222
2,141,0.000661030295304954,0.0008037775987759233,0.2737043935575603,0.20111920833587646,0.9913104021990741,0.9857801649305555
2,142,0.0006613386794924736,0.0008027231087908149,0.276679519812266,0.19470454057057698,0.9917492525077161,0.9857096354166667
2,143,0.0006596814491786063,0.0007985561387613416,0.27679695494380996,0.2016266385714213,0.9915292245370371,0.9855360243055555
2,144,0.0006521447794511914,0.0008072355994954705,0.2849526914549463,0.1933359040154351,0.9920820071373457,0.9852864583333333
2,145,0.0006505661876872182,0.0008046160219237208,0.285459033648173,0.19633653031455145,0.9917661313657408,0.9858289930555556
2,146,0.0006457886775024235,0.0007998553919605911,0.2919233657695629,0.20405464967091877,0.9920621141975309,0.9852267795138889
2,147,0.0006444943137466908,0.0007965388358570635,0.2947569956014186,0.21068198945787217,0.9919976128472222,0.9864312065972223
2,148,0.000640569778624922,0.0007934057503007352,0.2957146757914696,0.2124338666598002,0.9922224633487654,0.9867892795138888
2,149,0.0006398578407242894,0.0008226322242990136,0.2987328831060433,0.17518276108635797,0.9924473138503086,0.9846788194444445
2,150,0.0006407994078472257,0.0007970501901581883,0.30090946356455484,0.20868986977471246,0.9920265480324074,0.9866265190972222
2,151,0.0006334854406304657,0.0007928271079435945,0.3057880063115815,0.2191841999689738,0.992772834683642,0.9864583333333333
2,152,0.0006303891423158348,0.0007958179339766502,0.31131473205707694,0.2122775779830085,0.9923683449074074,0.9855794270833333
2,153,0.0006287124706432223,0.0007932345615699887,0.31068919529149563,0.2199098997645908,0.9929241415895061,0.98564453125
2,154,0.000622131279669702,0.0007892218418419361,0.3183608212588746,0.22270691924624972,0.992673972800926,0.9871744791666667
2,155,0.0006227582925930619,0.0007946623954921961,0.3167883986308251,0.21435701449712116,0.9928047839506173,0.9869683159722222
2,156,0.0006157069001346827,0.0007909613195806742,0.3274980146207927,0.21371594270070393,0.9930694203317901,0.9862630208333333
2,157,0.0006072479882277548,0.0007976324995979667,0.33483509046060067,0.20899631447262235,0.993212890625,0.9866861979166667
2,158,0.0006109254900366068,0.0007860852056182921,0.3333689539520829,0.22255302402708266,0.9930742428626543,0.9863118489583333
2,159,0.0006059061852283776,0.0007872968562878668,0.3360369957523581,0.22515354818767971,0.9930338541666667,0.9874077690972223
2,160,0.0006046125199645758,0.000783932046033442,0.3388029141190611,0.22696126831902397,0.993409408757716,0.9864312065972223
2,161,0.0005984168965369463,0.0007852670969441533,0.3466154036698518,0.22550644609663223,0.9931978202160494,0.987353515625
2,162,0.0005960502312518656,0.0007866664091125131,0.348693381709817,0.23159040477540757,0.9935010368441358,0.9874186197916667
2,163,0.0005960614653304219,0.0007850035326555371,0.34663864933414223,0.22883867952558729,0.9935625241126543,0.9859266493055555
2,164,0.0005912829656153917,0.0007879073964431882,0.3532865903995655,0.2276538848876953,0.9934956114969136,0.9872395833333333
2,165,0.0005877378862351179,0.0007841293700039387,0.35910948853433866,0.2332184950510661,0.9934250819830247,0.9865288628472222
2,166,0.000585913541726768,0.0007793846307322383,0.36127110660812,0.23962050014071995,0.9937704957561728,0.9867296006944445
2,167,0.0005829969886690378,0.0007765893242321908,0.3643613616625468,0.23998158110512627,0.9936023099922839,0.9874077690972223
2,168,0.0005803494714200497,0.0007824981585144997,0.3717255662988733,0.23357929918501114,0.9938313802083333,0.9879774305555555
2,169,0.0005779579514637589,0.0007712621008977294,0.3711553112960156,0.24733755323621961,0.9940538194444445,0.9879069010416667
2,170,0.0005733070429414511,0.000781302573159337,0.37879232742168284,0.2415033327208625,0.9940936053240741,0.9873046875
2,171,0.0005742014618590474,0.000780613103415817,0.37700277655212966,0.23903753227657742,0.9940803433641975,0.9868489583333333
2,172,0.0005605271435342729,0.000777328503318131,0.38672191596325534,0.24209242926703559,0.994114703896605,0.9880967881944445
2,173,0.0005607095081359148,0.0007702367729507387,0.39364199505911934,0.25011638800303143,0.9944179205246914,0.9875325520833333
2,174,0.0005570562789216638,0.0007784253102727234,0.39928965715714443,0.2407586031489902,0.9942702305169753,0.9885308159722223
2,175,0.0005533411167562008,0.0007815356366336346,0.40131699450222064,0.23980124923917984,0.9945927372685185,0.9878743489583334
2,176,0.0005505798617377877,0.00077643315307796,0.403987979888916,0.24567662080128988,0.9944161120756173,0.9868109809027777
2,177,0.0005515033262781799,0.0007733421516604722,0.40193311505847507,0.24946194887161255,0.9945408950617284,0.9884982638888888
2,178,0.0005451439647004008,0.0007915619062259793,0.40795442778387186,0.22487459977467855,0.9945746527777778,0.9875271267361111
2,179,0.0005394942127168179,0.0007913822191767395,0.4145922142782329,0.22254807816611397,0.9946843653549383,0.9875868055555556
2,180,0.0005430120509117842,0.0007965072290971875,0.41461076883622155,0.22507845030890572,0.9947084780092592,0.9877007378472222
2,181,0.0005352840526029468,0.0007831539260223508,0.4223579032921497,0.24165611664454142,0.9948127652391975,0.9864691840277777
2,182,0.0005319064948707819,0.0007659716065973043,0.42457710298491114,0.2536950429280599,0.9948212046682099,0.9878580729166667
2,183,0.0005313871661201119,0.0007750417571514845,0.4313439613507118,0.2545512318611145,0.9947874469521605,0.9878309461805556
2,184,0.0005276348092593253,0.0007726308540441096,0.4329627861211329,0.254991967148251,0.9949260947145062,0.9879774305555555
2,185,0.0005236004944890738,0.000768930884078145,0.43829498614793944,0.2653353969256083,0.9950653452932099,0.9881184895833334
2,186,0.0005182819440960884,0.0007680467679165304,0.4404663137447687,0.26374247339036727,0.9950502748842592,0.9876953125
2,187,0.0005170259391888976,0.0007634075591340661,0.4431818006951132,0.2676529950565762,0.995141300154321,0.9885525173611112
2,188,0.0005126314354129136,0.0007722810260020196,0.44912341568205094,0.2554784350925022,0.9952359423225309,0.988037109375
2,189,0.0005068315658718348,0.0007774192490614951,0.45715403380217373,0.2623281478881836,0.9952118296682099,0.9878309461805556
2,190,0.0005051018670201302,0.0007700202404521406,0.45768202867036983,0.2645404643482632,0.9953004436728395,0.9887044270833333
2,191,0.0005045558209531009,0.0007747989147901535,0.45736054888478034,0.2551378541522556,0.9952492042824074,0.9890299479166667
2,192,0.0004989081062376499,0.000777463719714433,0.4700747803405479,0.253541550371382,0.995509620949074,0.987890625
2,193,0.00049274240154773,0.0007674805819988251,0.4743237785351129,0.26417858468161687,0.9954270351080247,0.9885416666666667
2,194,0.0004899916821159422,0.0007658806280232966,0.4798255228701933,0.27590758005777993,0.9956139081790123,0.9892523871527777
2,195,0.00048716203309595585,0.0007682666182518005,0.481983380847507,0.2708289702733358,0.9956193335262346,0.9887044270833333
2,196,0.00048389306175522506,0.0007749844808131456,0.4834540821887829,0.2653056157959832,0.9957290461033951,0.9884602864583333
2,197,0.0004815669381059706,0.0007732176454737782,0.4888068418443939,0.2664987153477139,0.9957212094907407,0.9882921006944444
2,198,0.0004751519882120192,0.0007644306169822812,0.4960726496614056,0.27690056694878473,0.9957796826774692,0.9887586805555556
2,199,0.00047089881263673306,0.0007582738762721419,0.4974054723610113,0.2836643311712477,0.9960563753858025,0.9887044270833333
2,200,0.0004686099709942937,0.0007652961649000645,0.5021788385179308,0.26883214049869114,0.9961962287808642,0.9885416666666667
2,201,0.00046616329927928746,0.0007649721810594201,0.5039511211124468,0.27079882886674667,0.9962474681712963,0.9889214409722222
2,202,0.0004548997967503965,0.0007582363905385137,0.5193976833496565,0.28142210642496746,0.9963318624614198,0.9887966579861112
2,203,0.0004583252302836627,0.0007694466039538383,0.5163204630215963,0.2692681140369839,0.9963547694830247,0.9891655815972222
2,204,0.0004554764018394053,0.0007581585086882114,0.521894399030709,0.284911400742001,0.9963686342592593,0.9888129340277778
2,205,0.00045519048580899835,0.0007556670461781323,0.5195512132880128,0.28877146376503837,0.9963903356481482,0.9889322916666666
2,206,0.0004524635733105242,0.0007638554088771343,0.5225187282503387,0.27685134675767686,0.9965018566743827,0.9889811197916667
2,207,0.00045125550241209567,0.0007560712983831763,0.5211712959371967,0.28711595667733086,0.996435546875,0.9893825954861111
2,208,0.00044715573312714696,0.0007511768490076065,0.531069783958388,0.2938338107532925,0.9964910059799382,0.9894639756944444
2,209,0.0004472867585718632,0.0007532808813266456,0.530401251198333,0.29307122760348847,0.9965518904320988,0.9891438802083333
2,210,0.00044486107071861625,0.0007616766961291432,0.5329359251775859,0.2793937179777357,0.9965362172067901,0.9893825954861111
2,211,0.0004389234818518162,0.0007622461998835206,0.5352004317589748,0.2780779825316535,0.9965446566358025,0.9896375868055556
2,212,0.00043945934157818556,0.0007607457228004932,0.5378717111952511,0.28045848608016966,0.9967122395833333,0.9892035590277778
2,213,0.0004395437426865101,0.0007582041434943676,0.5379467903831858,0.2863768524593777,0.9966501494984568,0.9895453559027778
2,214,0.0004358172882348299,0.0007557697826996446,0.5461078620251314,0.2869680828518338,0.9966736593364197,0.989599609375
2,215,0.0004354529664851725,0.0007595520000904799,0.5418496290842693,0.2799128452936808,0.9966344762731482,0.9894205729166666
2,216,0.00043361674761399627,0.0007598046213388443,0.5428661006468314,0.28125683466593426,0.9967092255015432,0.9898003472222222
2,217,0.00043905177153646946,0.000754872162360698,0.5391417002972262,0.2875768542289734,0.9967267071759259,0.9898817274305556
2,218,0.0004277713014744222,0.0007492167060263455,0.545257149360798,0.29664900965160795,0.9967001832561728,0.9900227864583333
2,219,0.00042739268974401057,0.000756219495087862,0.5525682241828354,0.2873385906219482,0.9968111014660493,0.9895887586805555
2,220,0.00042578449938446283,0.0007565274136140943,0.5551823340816262,0.28888912068472966,0.9968231577932098,0.9897840711805556
2,221,0.0004267037729732692,0.0007499934872612357,0.5530182264469288,0.2932885143491957,0.9967363522376543,0.9897894965277778
2,222,0.0004198213282506913,0.0007509541464969516,0.5626496285568049,0.2883262117703756,0.9968786168981482,0.9897189670138888
2,223,0.0004236577660776675,0.000760951079428196,0.5576332731011473,0.2767915805180868,0.9969069492669753,0.9894259982638889
2,224,0.00041889731073752046,0.0007515166071243584,0.5596934094841097,0.2899473574426439,0.9968948929398148,0.9895073784722223
2,225,0.0004154003690928221,0.0007584957638755441,0.5693914821118484,0.2851413581106398,0.9968436535493828,0.9900173611111112
2,226,0.00041521561797708273,0.0007509522838518023,0.5666763733934473,0.29899993737538655,0.9969521604938272,0.9895724826388889
2,227,0.0004121062229387462,0.000752914696931839,0.5707270071830278,0.29326479302512276,0.9970154562114197,0.989599609375
2,228,0.00041449483251199126,0.000764931202866137,0.5690693615395346,0.2788041353225708,0.9969612027391975,0.9900010850694444
2,229,0.00041620241245254874,0.0007570069283246994,0.5671381769356905,0.2902922789255778,0.9969575858410494,0.9900444878472222
2,230,0.00040774725493974984,0.0007560031954199076,0.5730693727363775,0.28945603105756973,0.9970630787037037,0.9899576822916667
2,231,0.0004060068167746067,0.0007563959225080907,0.5773997053687955,0.28894089063008627,0.9971703800154321,0.9898546006944444
2,232,0.00040617710328660905,0.0007516544428654015,0.5790842802436263,0.2969344072871738,0.9972535686728395,0.9896158854166667
2,233,0.0004091428709216416,0.0007503115921281278,0.5715919403382289,0.2943543513615926,0.9970703125,0.9901258680555556
2,234,0.00039977586129680276,0.0007536226185038686,0.5832142899065842,0.2920449826452467,0.9971444589120371,0.9898600260416667
2,235,0.0003996162267867476,0.0007528879214078188,0.586024675545869,0.2934769405259026,0.9973036024305556,0.9898600260416667
2,236,0.00039695072337053716,0.0007470023119822145,0.5874935541623905,0.3022913204299079,0.9972234278549382,0.9898328993055555
2,237,0.0003966752556152642,0.0007554532494395971,0.5890633288724922,0.29095131821102566,0.9972047405478395,0.9899468315972222
2,238,0.00039865169674158096,0.0007466910174116492,0.5838978236104235,0.30078768067889744,0.9972589940200617,0.989892578125
2,239,0.0003964255447499454,0.000751437502913177,0.585030401783225,0.2949201398425632,0.9971788194444444,0.9898546006944444
2,240,0.0003948241355828941,0.0007553125033155084,0.5880002015902672,0.290191564295027,0.9972939573688272,0.9900227864583333
2,241,0.00039252766873687506,0.0007537280907854438,0.5907077032842754,0.2933035691579183,0.9973705150462963,0.9898220486111111
2,242,0.00039601122261956334,0.0007531894370913506,0.5886290235283934,0.2941813972261217,0.9973114390432098,0.9900390625
2,243,0.00039275677409023046,0.000746013130992651,0.5904633623582346,0.30185283290015325,0.9973023967978395,0.9900282118055556
2,244,0.00039048781036399305,0.0007539655780419707,0.596863430959207,0.29076143768098617,0.9973590615354938,0.9898708767361111
2,245,0.0003947448858525604,0.0007512869779020548,0.5894520659505585,0.294014667140113,0.9973343460648149,0.9898491753472223
2,246,0.00038830493576824665,0.0007449666154570878,0.5955058724791915,0.3028790632883708,0.9973421826774691,0.9899142795138889
2,247,0.00039159838343039155,0.000746865407563746,0.5938152941656701,0.29903465509414673,0.9972529658564815,0.9902506510416667
2,248,0.0003907061764039099,0.000750045059248805,0.5941593073032521,0.2970419539345635,0.9974826388888889,0.9901692708333333
2,249,0.0003850286011584103,0.0007497552433051169,0.600802528269497,0.2980507161882189,0.9974717881944445,0.9899142795138889
2,250,0.0003892363456543535,0.0007458208128809929,0.5954930613070358,0.2998947580655416,0.9974048755787037,0.9901692708333333
2,251,0.00038657616823911667,0.000744580989703536,0.5968524372136151,0.3026504834493001,0.9973494164737654,0.9901150173611111
2,252,0.0003835338866338134,0.0007492942386306822,0.6008512972313681,0.29946949349509344,0.9974127121913581,0.9901421440972222
2,253,0.00038689831853844225,0.0007454893784597516,0.6001677619086372,0.30515071418550277,0.9974898726851852,0.9901638454861111
2,254,0.00038328347727656364,0.0007479631458409131,0.5995242744316289,0.29892504612604776,0.9973590615354938,0.9899793836805556
2,255,0.00038362486520782113,0.0007469429983757436,0.6009406883039592,0.3018925070762634,0.9974494839891975,0.9900282118055556
2,256,0.00038181283161975443,0.0007521791849285364,0.6036377644833223,0.2967040432824029,0.9974289882330247,0.989892578125
2,257,0.00038205471355468035,0.0007525408873334527,0.6045500210773798,0.2986599445343018,0.9975417148919753,0.9901312934027777
2,258,0.0003773765347432345,0.000749490107409656,0.6101918731206729,0.302723220984141,0.997389202353395,0.9900173611111112
2,259,0.0003833652881439775,0.0007527910056523979,0.6037137505448895,0.2955050534672207,0.9973795572916667,0.9900173611111112
2,260,0.0003778141690418124,0.0007542445091530681,0.6080870011706411,0.2938888947168986,0.997412109375,0.9904459635416667
2,261,0.0003775156510528177,0.000759847229346633,0.6112260640403371,0.2919367896185981,0.9975754726080247,0.9901421440972222
2,262,0.00037844968028366566,0.0007525330292992294,0.608362176683214,0.2994208256403605,0.997509765625,0.9900933159722223
2,263,0.00037621113006025553,0.0007530982256866992,0.6133544860062776,0.29740970267189876,0.9975634162808642,0.9903591579861111
2,264,0.00037320793489925563,0.0007517097401432693,0.6126268734166651,0.29934847752253213,0.9975887345679012,0.9901421440972222
2,265,0.00037379999412223697,0.0007502357475459576,0.6118981670450281,0.30108852651384144,0.9975374951774691,0.9900824652777778
2,266,0.00037269428139552474,0.0007487944094464183,0.6169878245871744,0.3015212032530043,0.9975802951388889,0.990185546875
2,267,0.0003699745866470039,0.0007473865989595652,0.6196991473068426,0.3030146731270684,0.9976900077160494,0.9901909722222222
2,268,0.00036943238228559494,0.000752071151509881,0.6163237499602047,0.2976932618353102,0.9976140528549383,0.9902072482638888
2,269,0.00036873924545943737,0.0007518497295677662,0.6193228366934223,0.29631470176908703,0.9975489486882716,0.9903374565972223
2,270,0.0003714952617883682,0.0007477122126147151,0.6132026223488796,0.30202735397550795,0.9976912133487654,0.9903157552083334
2,271,0.00036650619585998356,0.0007486250251531601,0.6202020734916499,0.3029913160536024,0.9976182725694445,0.9901963975694444
3,1,0.16810335218906403,0.0325382798910141,-289.86557860668796,-48.4493259218004,0.5900939187885802,0.9954481336805555
3,2,0.019482117146253586,0.008148293942213058,-29.42824002313025,-11.156367905934651,0.994800106095679,0.9954481336805555
3,3,0.006562419235706329,0.004078501835465431,-9.069416611577259,-4.9022409386105,0.995164809992284,0.9954481336805555
3,4,0.003919198177754879,0.002964453073218465,-4.787782156025922,-3.1831607977549234,0.995164809992284,0.9954481336805555
3,5,0.0030271722935140133,0.0024519115686416626,-3.3734648642716585,-2.389631395869785,0.995164809992284,0.9954481336805555
3,6,0.002548360265791416,0.0021455169189721346,-2.6191833310657078,-1.9139360242419772,0.995164809992284,0.9954481336805555
3,7,0.0022508087567985058,0.0019408944062888622,-2.1314860288007758,-1.5957499398125543,0.995164809992284,0.9954481336805555
3,8,0.002036007586866617,0.0017840045038610697,-1.7849484181698458,-1.3511748472849527,0.995164809992284,0.9954481336805555
3,9,0.0018712379969656467,0.0016618918161839247,-1.5241409207567758,-1.160441321796841,0.995164809992284,0.9954481336805555
3,10,0.0017416835762560368,0.0015664967941120267,-1.3157971932564252,-1.011260117424859,0.995164809992284,0.9954481336805555
3,11,0.0016377001302316785,0.0014875238994136453,-1.1488908020066626,-0.8873556905322605,0.995164809992284,0.9954481336805555
3,12,0.0015515463892370462,0.0014218142023310065,-1.0103637189040948,-0.7841610219743517,0.995164809992284,0.9954481336805555
3,13,0.0014807055704295635,0.0013711433857679367,-0.895755496142823,-0.704785418510437,0.995164809992284,0.9954481336805555
3,14,0.0014320395421236753,0.0014068752061575651,-0.8178466811592197,-0.767600581381056,0.995164809992284,0.9954481336805555
3,15,0.0015371988993138075,0.0018026449251919985,-0.9324397190117542,-1.1875589556164212,0.994190055941358,0.9919704861111112
3,16,0.0016295495443046093,0.001420259359292686,-1.0558170798384112,-0.7643036365509033,0.9946759259259259,0.9954481336805555
3,17,0.0015311825554817915,0.001399833126924932,-0.9280662826549859,-0.7267652935451931,0.9951111593364198,0.9954481336805555
3,18,0.001438673003576696,0.0012333078775554895,-0.7798817235746501,-0.500482960542043,0.9935691550925926,0.9954481336805555
3,19,0.0013408114900812507,0.0012069090735167265,-0.6438861339180558,-0.4535878035757277,0.9925974151234568,0.9942003038194445
3,20,0.001287185470573604,0.0012024936731904745,-0.5617308597505829,-0.43285038868586223,0.9899076485339506,0.9855034722222222
3,21,0.0012481273151934147,0.0011228884104639292,-0.5023596111639046,-0.3385633203718397,0.9881492332175926,0.9946994357638889
3,22,0.0012179340701550245,0.0011535645462572575,-0.45587263269188966,-0.35901058779822453,0.9864203559027778,0.9791178385416667
3,23,0.001188731985166669,0.0010993873002007604,-0.4116055288432557,-0.2895963470141093,0.987060546875,0.9922905815972223
3,24,0.0011630253866314888,0.001072443788871169,-0.3732817399648973,-0.2565755499733819,0.9853226273148148,0.9861273871527778
3,25,0.001135967206209898,0.0010727435583248734,-0.3383804848164688,-0.240344590610928,0.9846559124228395,0.9853678385416667
3,26,0.0011127833276987076,0.0010521241929382086,-0.29719097982218234,-0.22300965785980226,0.9848765432098765,0.9858235677083333
3,27,0.0010988438734784722,0.0010316413827240467,-0.27954586803177256,-0.19324039618174235,0.9840368200231482,0.985009765625
3,28,0.0010777655988931656,0.0010167008731514215,-0.25085409732512487,-0.16844484806060792,0.9846559124228395,0.9904134114583333
3,29,0.0010640640975907445,0.0010365938069298863,-0.23048864706062977,-0.1975369267993503,0.9845058111496914,0.9701117621527777
3,30,0.001050095190294087,0.000992302200756967,-0.20603955689771675,-0.1319130645857917,0.983250144675926,0.9869520399305556
3,31,0.0010341508314013481,0.000991315464489162,-0.18614444305867325,-0.13322521713044908,0.9840874565972222,0.9803602430555556
3,32,0.0010263037402182817,0.0009803306311368942,-0.17307919484597664,-0.11513576110204062,0.9828595196759259,0.9846462673611112
3,33,0.0010192469926550984,0.0009819800034165382,-0.162100464473536,-0.11606672472423978,0.9852183400848765,0.9775553385416667
3,34,0.0010080260690301657,0.0009759583626873791,-0.1501383008780303,-0.10759258137808905,0.9850622106481481,0.9811414930555555
3,35,0.0010087988339364529,0.0009618289768695831,-0.14721230533387925,-0.08929627339045207,0.9834014515817902,0.9860948350694444
3,36,0.000993393361568451,0.000962467456702143,-0.12654895767753507,-0.08613417810863919,0.9840796199845679,0.9875542534722223
3,37,0.000994080794043839,0.0009588246466591954,-0.12932694149606022,-0.08546277417076958,0.9843394338348765,0.9801161024305556
3,38,0.0009852445218712091,0.0009531083633191884,-0.1146315046298651,-0.07225188414255777,0.9845986448688272,0.98154296875
3,39,0.0009823571890592575,0.0009659813367761672,-0.11000606115953422,-0.09263978136910332,0.984470847800926,0.9714138454861111
3,40,0.0009807399474084377,0.0009538396843709052,-0.10905722306098467,-0.0763638456662496,0.984228515625,0.9738064236111111
3,41,0.0009790902258828282,0.0009478674619458616,-0.10853565607541873,-0.06943379243214926,0.9834804205246913,0.9822102864583333
3,42,0.0009734013583511114,0.0009370240150019526,-0.09800774977530963,-0.0525218407313029,0.9812674816743827,0.9838650173611111
3,43,0.0009693416068330407,0.0009366813465021551,-0.09099890214425546,-0.05198987589942084,0.9844039351851852,0.9878634982638889
3,44,0.0009722294635139406,0.000941561593208462,-0.09720003501868542,-0.05832157267464532,0.9837106963734568,0.9836208767361111
3,45,0.0009733063634485006,0.0009288995061069727,-0.09777714352548858,-0.043091225624084475,0.9836371527777777,0.985693359375
3,46,0.0009684920078143477,0.0009404572192579508,-0.0938148613329287,-0.06128363211949666,0.9832646122685185,0.9809678819444444
3,47,0.0009686339180916548,0.0009427493787370622,-0.0941684591917344,-0.06421884695688883,0.9836811583719136,0.9819878472222222
3,48,0.0009693819447420537,0.0009287764551118016,-0.09674525834895946,-0.04418907033072578,0.9829396942515433,0.9811469184027778
3,49,0.0009626279934309423,0.0009470894001424313,-0.08819513880176309,-0.07062210374408298,0.9838161892361111,0.9819661458333333
3,50,0.000968008884228766,0.0009254816104657948,-0.09327107844529328,-0.03816836675008138,0.9827582465277778,0.9772623697916667
3,51,0.0009582500206306577,0.00092127057723701,-0.07889104801931499,-0.03199986616770426,0.9819788049768519,0.9825086805555555
3,52,0.0009600658668205142,0.0009153980063274503,-0.08493629944177321,-0.020860152774386936,0.9820656105324074,0.9798611111111111
3,53,0.0009519209270365536,0.0009071833337657154,-0.07307897526540874,-0.011433137787712945,0.9816098813657408,0.9829155815972223
3,54,0.0009459196589887142,0.0008993574883788824,-0.06393678173606779,-0.0018858856625027128,0.9815104166666667,0.9820583767361111
3,55,0.0009435529354959726,0.0009155669249594212,-0.06327473234247279,-0.025764221615261502,0.981446518132716,0.9806098090277777
3,56,0.0009424879681318998,0.00090236053802073,-0.06122801436318292,-0.010521335071987575,0.9813880449459876,0.9816948784722223
3,57,0.0009435451356694102,0.000912063114810735,-0.06340455582112442,-0.021267559793260362,0.9809871720679012,0.9771918402777777
3,58,0.0009343561250716448,0.0009015139658004045,-0.049430421399481506,-0.01046691205766466,0.9806544174382716,0.9773220486111112
3,59,0.0009317059884779155,0.0008949385373853147,-0.04766102455280445,9.757810168796116e-05,0.9803307050540123,0.9814398871527777
3,60,0.0009339763200841844,0.0008926647715270519,-0.05093865070813968,0.003676654232872857,0.9805471161265432,0.9786892361111111
3,61,0.0009250199655070901,0.0008854634361341596,-0.03903407844496362,0.01306571430630154,0.9798605082947531,0.9823784722222222
3,62,0.0009223332162946463,0.0008954001823440194,-0.03504831305256596,-0.001216692394680447,0.9805712287808642,0.9765625
3,63,0.0009236086625605822,0.0008933366625569761,-0.03698403658690276,-0.0010663946469624838,0.9798930603780864,0.9772026909722222
3,64,0.0009198112529702485,0.0008807280100882053,-0.03459104196524915,0.019467918078104655,0.9798623167438272,0.9786838107638889
3,65,0.0009190046694129705,0.0008852407336235046,-0.030910380387011868,0.016707546181148954,0.9795440297067901,0.9764214409722223
3,66,0.0009112135739997029,0.0008753216243349016,-0.020284839618353197,0.026043805811140273,0.9799641927083333,0.9786458333333333
3,67,0.0009142090566456318,0.0008851292659528553,-0.024835836445843733,0.011354735162523057,0.979638671875,0.9792751736111112
3,68,0.0009097442962229252,0.0008744538063183427,-0.016186404522554373,0.027334495385487875,0.9797966097608025,0.9789876302083333
3,69,0.0009084506891667843,0.0008638357976451516,-0.01811932251777178,0.0415807671017117,0.9790973427854939,0.9809299045138888
3,70,0.0009021054138429463,0.000868464820086956,-0.008875919860086323,0.035368886258867055,0.9797339168595679,0.9804361979166667
3,71,0.0009051928645931184,0.0008727754466235638,-0.012000855693110712,0.03577880064646403,0.9798068576388889,0.977783203125
3,72,0.0009015724062919617,0.0008681141771376133,-0.008068870026388286,0.03406242529551188,0.9798183111496913,0.9775716145833333
3,73,0.0008937630336731672,0.0008669081726111472,0.0060883856114046075,0.0401389824019538,0.9795247395833333,0.9781684027777777
3,74,0.0008914481149986386,0.000861936598084867,0.007584801132296338,0.04658284054862128,0.9793607735339506,0.9792317708333333
3,75,0.0008986524771898985,0.0008598315762355924,-0.0011710874828291529,0.05018214517169529,0.9798641251929012,0.9790418836805556
3,76,0.0008922651177272201,0.0008502860437147319,0.009061638514200847,0.06298351287841797,0.9795307677469136,0.9826551649305556
3,77,0.0008902407716959715,0.000853958074003458,0.012290416381977223,0.057262923982408315,0.9796284239969136,0.9812065972222223
3,78,0.0008885491406545043,0.0008543781004846096,0.014066175472589187,0.0608425498008728,0.980102237654321,0.9782823350694444
3,79,0.0008876856882125139,0.0008511733612976968,0.01298214226593206,0.06238538291719225,0.979835190007716,0.978759765625
3,80,0.0008796108886599541,0.0008502943092025816,0.025403338155628723,0.06441361241870457,0.9797031732253086,0.9803276909722223
3,81,0.0008791013970039785,0.0008574582170695066,0.026816857744146275,0.057979218165079754,0.9805115499614198,0.9749240451388889
3,82,0.0008781127398833632,0.0008451287867501378,0.028935270839267307,0.07264917294184367,0.9799943335262346,0.9810818142361111
3,83,0.0008744760416448116,0.0008475438808090985,0.031132762373229605,0.07142028941048516,0.9801830150462963,0.9778537326388889
3,84,0.0008725419174879789,0.0008522459538653493,0.03221693333284355,0.06314887735578749,0.9805332513503087,0.9793023003472222
3,85,0.0008672949043102562,0.0008404857944697142,0.04336120523052451,0.07958729929394193,0.980958236882716,0.9813151041666667
3,86,0.00086869957158342,0.0008499997202306986,0.039923957542136866,0.06951158708996243,0.9806351273148148,0.9795301649305556
3,87,0.0008660773746669292,0.0008364825625903904,0.044757122169306246,0.0843038452996148,0.9806827498070988,0.980126953125
3,88,0.0008624984766356647,0.0008410213049501181,0.04978650337384071,0.07921883265177408,0.9811987606095679,0.9795789930555555
3,89,0.0008598967688158154,0.000834705017041415,0.05083036172537156,0.08601114882363213,0.981178867669753,0.9808376736111111
3,90,0.0008612395031377673,0.00083214818732813,0.049089146396260205,0.091805280579461,0.9814700279706791,0.9806640625
3,91,0.0008524948498234153,0.0008344683446921408,0.06060207567097228,0.08877059618631998,0.981541160300926,0.980615234375
3,92,0.0008512911153957248,0.0008313215803354979,0.06324600025459572,0.09423181613286337,0.9815556278935185,0.9811360677083333
3,93,0.0008525720331817865,0.0008296322776004672,0.06210394862257404,0.09480783409542508,0.9820258246527778,0.97978515625
3,94,0.0008485912112519145,0.0008298177272081375,0.0690842980219994,0.09666897058486938,0.9819528838734568,0.9801540798611111
3,95,0.0008485534344799817,0.0008286632364615798,0.06483091513315836,0.0982360495461358,0.9821494020061728,0.9810980902777777
3,96,0.0008422549581155181,0.0008436362259089947,0.07648304730285833,0.0771653797891405,0.9825129002700618,0.9805501302083334
3,97,0.0008432740578427911,0.0008247075602412224,0.07514662978089887,0.10368788772159153,0.9824025848765432,0.9808159722222223
3,98,0.0008419635705649853,0.0008252141415141523,0.0742893479488514,0.10226034985648261,0.9824062017746914,0.9798502604166667
3,99,0.0008357376791536808,0.0008234624983742833,0.08297964967327354,0.10497800244225396,0.9827208719135803,0.9814073350694444
3,100,0.0008342459332197905,0.0008281903574243188,0.08393219312032064,0.10167516469955444,0.9830596547067901,0.9816297743055555
3,101,0.000832350633572787,0.0008166322368197143,0.08816816394711718,0.11155204640494452,0.9833930121527777,0.9800998263888889
3,102,0.0008260391768999398,0.000818396161776036,0.09643492198284762,0.11263982587390475,0.983545524691358,0.9816460503472222
3,103,0.0008271104888990521,0.0008149775676429272,0.09358972384605879,0.11433431439929538,0.9833218798225308,0.9819986979166667
3,104,0.0008246164652518928,0.0008203188190236688,0.09811225849905132,0.10872325499852499,0.9839228877314815,0.9799207899305555
3,105,0.0008214456029236317,0.0008097131503745914,0.09830698687353252,0.12344254520204333,0.9837758005401235,0.9816786024305556
3,106,0.0008191793458536267,0.0008160618599504232,0.10415669267560229,0.11531814601686266,0.9841344762731481,0.9815809461805556
3,107,0.000818921544123441,0.0008104083826765418,0.1040020482039746,0.12302459875742594,0.9844304591049383,0.9827799479166667
3,108,0.0008120231796056032,0.0008117120596580207,0.1129645065025047,0.12055356767442492,0.9846100983796297,0.9816189236111111
3,109,0.0008134831441566348,0.0008074893266893923,0.10986190489780756,0.12802463637457953,0.984522087191358,0.9831759982638889
3,110,0.0008103594300337136,0.0008000805974006653,0.11488453503008242,0.13475102186203003,0.9847800925925926,0.9835503472222222
3,111,0.0008088927716016769,0.0008104398148134351,0.11820255930041089,0.12747135824627345,0.9848898051697531,0.9825086805555555
3,112,0.0008027059957385063,0.000803729984909296,0.1258856072837924,0.13564803732766045,0.9854462046682099,0.9824490017361112
3,113,0.000801689806394279,0.000806868658401072,0.12666504912906223,0.1309246646033393,0.9853949652777778,0.9838053385416666
3,114,0.0008000986417755485,0.000801704591140151,0.12526459134655235,0.1346768577893575,0.9855185426311729,0.9832248263888889
3,115,0.0007952144951559603,0.0008092342759482563,0.13185500554096552,0.12635573281182183,0.9858265817901235,0.9837239583333334
3,116,0.0007898625335656106,0.000801225018221885,0.13698616675388667,0.13641748693254258,0.9859760802469136,0.9818793402777778
3,117,0.0007899055490270257,0.0007941183866932988,0.13891626552299216,0.1455723444620768,0.9862178096064815,0.9841634114583333
3,118,0.0007857588352635503,0.0007924599340185523,0.14472808396374737,0.14716476599375408,0.9861454716435185,0.9853949652777778
3,119,0.000784443283919245,0.0007970246952027082,0.14581309336203116,0.1432344847255283,0.9867850597993827,0.9836263020833333
3,120,0.0007816674769856036,0.0007953731692396104,0.1508579957632371,0.14516578912734984,0.9866964457947531,0.9841634114583333
3,121,0.0007754763355478644,0.0007941231015138328,0.15708512994978163,0.1456911630100674,0.9870454764660493,0.9848958333333333
3,122,0.0007776868296787143,0.0007875551236793399,0.14990990971341545,0.1545292642381456,0.986962890625,0.984423828125
3,123,0.0007744650356471539,0.0007883298676460981,0.15786309330551712,0.15654759274588692,0.9871190200617284,0.9846733940972222
3,124,0.000768525991588831,0.0007855226285755634,0.16425901150997774,0.15873154799143474,0.9874240451388889,0.9847601996527777
3,125,0.0007703218143433332,0.0007849004468880594,0.16263407115583067,0.15972343285878499,0.9871943721064815,0.9855740017361111
3,126,0.0007652929052710533,0.0007928265840746462,0.17084698721214578,0.15253791279262965,0.9878387827932099,0.9834038628472223
3,127,0.0007606173167005181,0.0007844077190384269,0.17569311033060522,0.16201507912741767,0.9875524450231481,0.9850260416666666
3,128,0.0007585089188069105,0.0007826754590496421,0.17712443463596297,0.16427483956019084,0.9877375096450617,0.9860785590277777
3,129,0.0007532627787441015,0.0007837777957320213,0.18159597111336978,0.16304782629013062,0.9878134645061728,0.9862413194444445
3,130,0.0007500056526623666,0.0007863922510296106,0.186720605691274,0.1607395953602261,0.988086540316358,0.9856608072916667
3,131,0.000745967379771173,0.0007784045883454382,0.18891683022181194,0.16923350228203668,0.9883939766589506,0.985791015625
3,132,0.0007458658656105399,0.000776866334490478,0.19441346298029394,0.17360051075617472,0.9884391878858024,0.9865125868055555
3,133,0.0007384319906122983,0.0007782226311974227,0.2003956902174302,0.1700610319773356,0.9884789737654321,0.9864691840277777
3,134,0.0007398166926577687,0.0007751787779852748,0.19502673384584027,0.17277750704023573,0.9887924382716049,0.9862413194444445
3,135,0.0007337112328968942,0.0007709499914199114,0.20279590450687174,0.17622970210181343,0.988721908757716,0.9871744791666667
3,136,0.0007286290056072176,0.0007785665802657604,0.20984882145752143,0.17055925925572712,0.9891649787808642,0.9851616753472222
3,137,0.0007275932584889233,0.0007784345652908087,0.2134291457541195,0.1703324185477363,0.9889696662808642,0.9865559895833333
3,138,0.0007249663467518985,0.0007683637086302042,0.21792990131142698,0.1821390151977539,0.9893144772376543,0.9857747395833333
3,139,0.0007210897165350616,0.0007704305462539196,0.2212206036956222,0.18443578084309895,0.9893192997685185,0.9867784288194444
3,140,0.0007172508630901575,0.0007648934260942042,0.22735386557049223,0.18677529361512926,0.9895055700231481,0.9865180121527778
3,141,0.0007165454444475472,0.0007621391559951007,0.22576853198769653,0.18795136478212143,0.9894380545910494,0.9872287326388889
3,142,0.0007095867767930031,0.0007672401843592525,0.2318125914644312,0.18772495190302532,0.9898949893904321,0.9865180121527778
3,143,0.0007065379759296775,0.0007647881866432726,0.23967042719876325,0.18815082179175482,0.9899287471064815,0.9871527777777778
3,144,0.0007018721662461758,0.0007618818199262023,0.24100770464649907,0.1910245378812154,0.9901759018132716,0.986376953125
3,145,0.0006994281429797411,0.0007596976356580853,0.2476587054170208,0.19337790144814385,0.990162639853395,0.9876247829861111
3,146,0.0006986965890973806,0.0007687368197366595,0.24594610384952875,0.18703776465521918,0.9905249324845679,0.9858778211805556
3,147,0.0006951428367756307,0.0007655717199668288,0.24966243417174727,0.19060358736250135,0.9904351128472222,0.9872829861111111
3,148,0.0006893821991980076,0.0007576203206554055,0.2580360234519582,0.20168434778849284,0.9907039689429012,0.9870062934027778
3,149,0.0006860139546915889,0.0007593310438096523,0.26059752584975443,0.2001076579093933,0.9905140817901235,0.9869411892361111
3,150,0.0006831143982708454,0.000759050773922354,0.2642711690914484,0.20286363098356458,0.9908914448302469,0.9872504340277778
3,151,0.0006803860305808485,0.0007527860580012202,0.2703383030714812,0.2069310810830858,0.9906225887345679,0.9877224392361111
3,152,0.0006753923371434212,0.0007496231701225042,0.27189683619840643,0.21065373950534397,0.9909692081404321,0.9878038194444444
3,153,0.0006744190468452871,0.0007559472578577697,0.27466549976372423,0.20601440535651314,0.9909535349151235,0.9879991319444444
3,154,0.0006712927715852857,0.0007562038372270763,0.28054024981863707,0.20644404623243545,0.9910168306327161,0.9871690538194444
3,155,0.0006630292627960443,0.0007528929272666574,0.28600023749433917,0.20972139570448134,0.9912501205632716,0.9873969184027778
3,156,0.0006645245011895895,0.0007563789840787649,0.28582871313448305,0.20551133685641818,0.991188633294753,0.987451171875
3,157,0.0006592471618205309,0.0007525474647991359,0.29242935798786307,0.21108738316429987,0.9915605709876543,0.988037109375
3,158,0.0006578267784789205,0.0007564981933683157,0.2985025419129266,0.20888541142145792,0.991550925925926,0.9867133246527777
3,159,0.0006545662181451917,0.0007629699539393187,0.3006416061778127,0.19996088610755072,0.9917016300154321,0.9878309461805556
3,160,0.0006471853703260422,0.0007468052790500224,0.30570033258861967,0.21629207928975422,0.9917498553240741,0.9883463541666667
3,161,0.000641084392555058,0.000745269120670855,0.3162115909435131,0.21753420167499118,0.9920416184413581,0.9881998697916666
3,162,0.0006370374467223883,0.0007512887241318822,0.316318479143543,0.2121675968170166,0.9916093991126543,0.9875217013888888
3,163,0.000633691088296473,0.0007423912174999714,0.32117531446763026,0.22534777720769247,0.9920416184413581,0.9887858072916667
3,164,0.0006389449699781835,0.0007382340845651925,0.31727318822601697,0.22489816347757977,0.9920295621141976,0.9894748263888888
3,165,0.0006367276073433459,0.0007542230887338519,0.3210874170432856,0.21560845772425333,0.9924720293209877,0.9881293402777778
3,166,0.0006268987781368196,0.0007468120893463492,0.3329548192612919,0.22124899360868666,0.9922960069444444,0.988330078125
3,167,0.0006264277617447078,0.000747555575799197,0.3330710037254993,0.22315365340974597,0.9925268856095679,0.9879557291666666
3,168,0.0006187453400343657,0.0007441382622346282,0.3397630422203629,0.2278876993391249,0.9923731674382716,0.9892903645833333
3,169,0.0006157606840133667,0.0007494690362364054,0.3381529082486659,0.2181754602326287,0.9928258825231482,0.9886664496527777
3,170,0.0006178682087920606,0.0007518758065998554,0.34031625191370646,0.22045800818337336,0.9927041136188272,0.9885036892361111
3,171,0.0006106862565502524,0.0007445190567523241,0.34723228819576313,0.22863062620162963,0.9928379388503087,0.9891547309027777
3,172,0.0006072478136047721,0.0007562253740616143,0.356400622556239,0.21444150474336413,0.9929295669367284,0.9878960503472223
3,173,0.0006052085082046688,0.0007635914953425527,0.35658978282669446,0.20798766348097059,0.9927589699074074,0.9880533854166667
3,174,0.000605912646278739,0.0007704184390604496,0.3543071783619163,0.19854860438240898,0.9928102092978395,0.9884223090277777
3,175,0.0006024320609867573,0.0007480948115698993,0.36099746565759916,0.2254265069961548,0.9932261525848766,0.9889377170138889
3,176,0.000588149530813098,0.0007433402352035046,0.37578902892124505,0.22904971573087904,0.9931954089506173,0.9893229166666667
3,177,0.0005841185338795185,0.000743350712582469,0.3789323251924397,0.22777877913581002,0.9935589072145061,0.9895182291666667
3,178,0.0005831090966239572,0.0007500203792005777,0.3825109358187075,0.22313209109836155,0.9937234760802469,0.989404296875
3,179,0.0005770373973064125,0.0007439092732965946,0.3877242191338245,0.23050430748197767,0.9936445071373456,0.9895128038194444
3,180,0.0005704911891371012,0.0007435879670083523,0.39426773565786855,0.23135432932111952,0.9939356674382716,0.9894639756944444
3,181,0.000574614095967263,0.0007431622361764312,0.39135522812972834,0.23032831086052788,0.9937825520833333,0.9890733506944445
3,182,0.0005720374174416065,0.0007425936055369675,0.3913069461598808,0.23265108002556695,0.9940785349151234,0.9892361111111111
3,183,0.0005711228004656732,0.000739271636120975,0.3957804409074195,0.23535613616307577,0.9939760561342592,0.9896864149305555
3,184,0.0005664884811267257,0.0007387528312392533,0.39782430124871526,0.23284603489769828,0.9940116222993827,0.9900607638888889
3,185,0.0005672574625350535,0.0007456659805029631,0.40079173820990105,0.2272054526540968,0.9940887827932099,0.9898817274305556
3,186,0.0005662241019308567,0.0007363496697507799,0.4009580726976748,0.23495774666468303,0.9941719714506173,0.9895399305555556
3,187,0.0005615472327917814,0.0007432447746396065,0.404820927867183,0.23147095971637302,0.9941550925925926,0.9899034288194445
3,188,0.0005570740904659033,0.0007522479863837361,0.4103202682954294,0.22308052115970187,0.9943648726851851,0.9896321614583333
3,189,0.0005583354504778981,0.0007427677046507597,0.4099091597545294,0.23251446088155112,0.9941376109182098,0.9898111979166667
3,190,0.0005520561244338751,0.0007535031181760132,0.41563778482837443,0.22322567303975424,0.9943449797453704,0.9897732204861112
3,191,0.0005543885054066777,0.0007430913392454386,0.41631070772806805,0.23330941332711114,0.9942690248842593,0.9896050347222223
3,192,0.0005515594966709614,0.0007447368698194623,0.41656923014440655,0.2346745835410224,0.9942810812114198,0.9901041666666667
3,193,0.0005499841645359993,0.0007393272826448083,0.42055272643948777,0.2383283191257053,0.994481819058642,0.9899631076388888
3,194,0.0005434611230157316,0.000747108249925077,0.4287181743869075,0.22984976238674587,0.9943913966049382,0.9899251302083333
3,195,0.0005452854093164206,0.000752325460780412,0.42327012883292303,0.22484752469592625,0.9946705005787037,0.9893771701388889
3,196,0.000538152118679136,0.0007484072120860219,0.4310577744319115,0.2275014188554552,0.9946590470679012,0.9897189670138888
3,197,0.0005416946951299906,0.0007421222981065512,0.4292894329553769,0.2328195916281806,0.9945830922067901,0.9900607638888889
3,198,0.0005355199100449681,0.0007460688939318061,0.4361766498765828,0.2308605604701572,0.9945306471836419,0.9900987413194444
3,199,0.0005356683395802975,0.0007436739979311824,0.43509555098451214,0.23403026395373874,0.9946011766975309,0.9898871527777777
3,200,0.000532523263245821,0.0007465219823643565,0.4382483042316672,0.23141111665301853,0.9948935426311728,0.9900227864583333
3,201,0.0005338222254067659,0.0007491848082281649,0.43970892944453677,0.22966386874516806,0.9947669511959877,0.9903374565972223
3,202,0.0005353332380764186,0.0007494317833334208,0.43581290112601384,0.228280950917138,0.9949899932484568,0.9901801215277778
3,203,0.0005319438059814274,0.000743687734939158,0.438413910365399,0.2333262801170349,0.994799503279321,0.9901095920138889
3,204,0.0005317971808835864,0.0007469881093129516,0.4414303650090724,0.2298639006084866,0.9948230131172839,0.9903971354166666
3,205,0.0005252872942946851,0.0007414227584376931,0.44826444505173485,0.23630762232674493,0.9949755256558642,0.9903537326388889
3,206,0.0005250281537882984,0.0007437871536239982,0.4486718628141615,0.23332581122716267,0.9950792100694444,0.9903049045138889
3,207,0.000524075236171484,0.0007405567448586226,0.4485115348556895,0.23550980885823566,0.994874252507716,0.9904568142361111
3,208,0.0005224088672548532,0.0007426688098348677,0.45317836852721227,0.23480934964285957,0.9950418354552469,0.9905327690972222
3,209,0.0005244420608505607,0.0007379876333288848,0.4506960094710927,0.23887259827719795,0.9951027199074074,0.9904351128472222
3,210,0.0005238729063421488,0.0007399704772979021,0.4507424439912961,0.23673794137107002,0.9949875819830247,0.9902886284722222
3,211,0.0005242014303803444,0.0007410164689645171,0.4498568923385055,0.23500988615883722,0.9950671537422839,0.9904188368055555
4,1,0.17217299342155457,0.037582848221063614,-274.7454673131307,-54.91457703908284,0.6287434895833334,0.99541015625
4,2,0.02178577147424221,0.008670095354318619,-33.247847678926256,-11.632522514131335,0.9951678240740741,0.99541015625
4,3,0.006822805851697922,0.0042237695306539536,-9.409986443872805,-4.9387657509909735,0.9951690297067901,0.99541015625
4,4,0.004015845246613026,0.0030591015238314867,-4.953183658329057,-3.176489660474989,0.9951690297067901,0.99541015625
4,5,0.0030596349388360977,0.0025192757602781057,-3.440855931352686,-2.3566244098875258,0.9951690297067901,0.99541015625
4,6,0.002563358750194311,0.0022125383839011192,-2.6383142700901736,-1.8893835518095228,0.9951690297067901,0.99541015625
4,7,0.0022566907573491335,0.002002913970500231,-2.155078899418866,-1.5692226277457344,0.9951690297067901,0.99541015625
4,8,0.002038830891251564,0.0018469361821189523,-1.804478899932202,-1.3304504579967922,0.9951690297067901,0.99541015625
4,9,0.0018727423157542944,0.001724777976050973,-1.5381781136548078,-1.1430234564675226,0.9951690297067901,0.99541015625
4,10,0.0017410553991794586,0.0016280538402497768,-1.3248690402066265,-0.9943740155961779,0.9951690297067901,0.99541015625
4,11,0.0016385226044803858,0.001550287939608097,-1.1612656225392848,-0.8749639696545071,0.9951690297067901,0.99541015625
4,12,0.001555433264002204,0.0015362959820777178,-1.029939059857969,-0.8595661693149143,0.9951690297067901,0.99541015625
4,13,0.0016712923534214497,0.0016747595509514213,-1.1106180216059274,-0.996919059753418,0.9938175154320987,0.9949001736111112
4,14,0.0017055012285709381,0.0015618697507306933,-1.1844123707877265,-0.8863515668445163,0.9940092110339506,0.99541015625
4,15,0.0016140855150297284,0.001425041351467371,-1.0674759627860269,-0.6894334554672241,0.9948296440972222,0.99541015625
4,16,0.0014724615029990673,0.0014003380201756954,-0.8565684904286891,-0.636755551232232,0.9932364004629629,0.9946940104166667
4,17,0.001396487932652235,0.0013126329286023974,-0.7432916901729725,-0.5183271182907953,0.990748577353395,0.9935926649305555
4,18,0.0013286164030432701,0.001295857597142458,-0.6400360512144772,-0.4868516723314921,0.9894808545524691,0.9878200954861112
4,19,0.0012918260181322694,0.001239783363416791,-0.5806689469902604,-0.40785418483946057,0.9864776234567901,0.9934624565972222
4,20,0.0012493052054196596,0.0012094490230083466,-0.5160435411665175,-0.3587168561087714,0.9872522424768518,0.9881184895833334
4,21,0.0012040975270792842,0.0011905345600098372,-0.4485969575834863,-0.33104338116115994,0.985742790316358,0.9888509114583334
4,22,0.001197535078972578,0.0011604134924709797,-0.4363875558346878,-0.29061370425754124,0.9836630738811728,0.9893825954861111
4,23,0.001148272305727005,0.001136269886046648,-0.37100032656281084,-0.2523307654592726,0.9854329427083334,0.9870442708333333
4,24,0.0011320461053401232,0.0011155179236084223,-0.3447230471505059,-0.22264404164420235,0.9839988425925926,0.9839192708333333
4,25,0.001101810485124588,0.001096935709938407,-0.30530432271368707,-0.19450539218054877,0.984470847800926,0.9877983940972223
4,26,0.001081297523342073,0.001092197373509407,-0.26976794225198253,-0.18965963787502713,0.9848385657793209,0.9876139322916667
4,27,0.0010693782242015004,0.0010707934852689505,-0.2542650291949143,-0.15412175125545927,0.9849663628472223,0.9903591579861111
4,28,0.0010522485245019197,0.0010670134797692299,-0.22709897918465696,-0.15228834682040746,0.9846631462191358,0.9857801649305555
4,29,0.0010362424654886127,0.001058686408214271,-0.2047444877801118,-0.14138342804378934,0.984132065007716,0.9852484809027777
4,30,0.0010318760760128498,0.001052942592650652,-0.19700804507290876,-0.13316293292575412,0.9840766059027778,0.9872721354166667
4,31,0.0010105072287842631,0.0010472785215824842,-0.16646005194864155,-0.12855419980155097,0.9851779513888889,0.9822699652777778
4,32,0.0010097050108015537,0.0010341464076191187,-0.16403470480883564,-0.10878053771124946,0.9831108940972222,0.9857313368055556
4,33,0.0010004889918491244,0.0010304201859980822,-0.15314795676572823,-0.10574597120285034,0.9850899402006172,0.9795681423611111
4,34,0.000990511616691947,0.001021967502310872,-0.13998103686320928,-0.09022644493314955,0.9830512152777777,0.9861870659722223
4,35,0.00098417978733778,0.0010252813808619976,-0.12725278919125782,-0.09510535001754761,0.9849229600694445,0.9817816840277778
4,36,0.0009800991974771023,0.0010108567075803876,-0.1249530659781562,-0.0765558229552375,0.9837323977623457,0.9831651475694444
4,37,0.0009790610056370497,0.0010125454282388091,-0.11993960009680854,-0.07847205930285983,0.9833212770061729,0.9828179253472222
4,38,0.0009734019404277205,0.0009975784923881292,-0.11623830294903413,-0.062073115507761636,0.9840772087191358,0.9811631944444444
4,39,0.0009657902992330492,0.0010054868180304766,-0.10345594868247891,-0.07251203060150146,0.9840265721450617,0.9780381944444444
4,40,0.0009654569439589977,0.0009961242321878672,-0.1031512055867984,-0.05701298713684082,0.9831416377314814,0.9846082899305556
4,41,0.000961882236879319,0.000991728389635682,-0.09975528540434661,-0.05126652055316501,0.9831790123456791,0.9846245659722223
4,42,0.0009637135663069785,0.00099381513427943,-0.10622480268831606,-0.05779049661424425,0.9832790798611111,0.9816623263888888
4,43,0.0009538264712318778,0.0009896252304315567,-0.08814991992196919,-0.05673235919740465,0.9837360146604939,0.982080078125
4,44,0.0009599924087524414,0.0009768203599378467,-0.09910276568966148,-0.033433987034691706,0.9833471981095679,0.9784342447916666
4,45,0.0009478664142079651,0.0009861881844699383,-0.08157548271579507,-0.045642133553822836,0.9816345968364197,0.978857421875
4,46,0.0009556001168675721,0.0009776139631867409,-0.0954039661972611,-0.03526766697565715,0.9834171248070988,0.9802137586805556
4,47,0.0009492837125435472,0.0009748460724949837,-0.0846257855862747,-0.03398135635587904,0.9818136332947531,0.98330078125
4,48,0.0009509510127827525,0.000980212353169918,-0.08857289199475889,-0.03652184804280599,0.9821572386188272,0.9794325086805555
4,49,0.00094337307382375,0.0009680037619546056,-0.07571442657046848,-0.023886822329627144,0.9817352671682099,0.9772732204861111
4,50,0.0009413277148269117,0.0009742375696077943,-0.0766329045648928,-0.026341246234046087,0.9815128279320988,0.9788791232638889
4,51,0.0009370874031446874,0.0009600678458809853,-0.06773425252349288,-0.009794651137457953,0.981834731867284,0.9747395833333333
4,52,0.0009320745011791587,0.0009660933283157647,-0.06301862810864861,-0.019921059078640408,0.9808418933256173,0.9791124131944444
4,53,0.0009327353327535093,0.0009561132173985243,-0.06244188767892343,-0.005002972814771864,0.9800666714891976,0.9826063368055555
4,54,0.0009293409530073404,0.0009515304118394852,-0.05938586290971733,0.003435679276784261,0.981128231095679,0.97841796875
4,55,0.0009213861194439232,0.0009539664024487138,-0.046036233283855296,-0.007679961787329779,0.9811258198302469,0.9726291232638888
4,56,0.0009292565518990159,0.0009418156114406884,-0.05914025733500351,0.014251078499688043,0.9800726996527778,0.9752061631944444
4,57,0.0009091007523238659,0.000947965367231518,-0.029769520112025886,0.0015295214123196071,0.9801715615354938,0.9769151475694444
4,58,0.0009250277653336525,0.0009423517622053623,-0.05115683564433345,0.017053196165296765,0.979662784529321,0.9785861545138889
4,59,0.0009150434634648263,0.0009456061525270343,-0.037090273403827055,0.013800022337171767,0.9805507330246913,0.9768229166666667
4,60,0.0009104044293053448,0.0009275623597204685,-0.0341529451770547,0.03185568253199259,0.9790063175154321,0.9782552083333333
4,61,0.0009048154461197555,0.0009331634500995278,-0.02303616573781143,0.021674752235412598,0.9801962770061728,0.9794270833333333
4,62,0.0009091857355087996,0.0009243409149348736,-0.029965890631263637,0.04094951417711046,0.9796893084490741,0.980712890625
4,63,0.0009087065700441599,0.000924515537917614,-0.030806497732798258,0.03702433506647746,0.9794083960262345,0.9802897135416667
4,64,0.0008959709666669369,0.000926931737922132,-0.009971158739961223,0.02572636604309082,0.979343894675926,0.9805447048611111
4,65,0.0009016933618113399,0.00093681929865852,-0.02042010698789432,0.01847785711288452,0.9802493248456791,0.9711859809027777
4,66,0.0008910662145353854,0.0009248688002116978,-0.0016162754576883199,0.037556739648183186,0.9792154947916667,0.97646484375
4,67,0.0008984599262475967,0.0009203439694829285,-0.015090999338361952,0.04193777110841539,0.9792884355709877,0.9803819444444445
4,68,0.00089076446602121,0.0009187894756905735,-0.005296491693567346,0.044817321830325656,0.9795645254629629,0.9793294270833334
4,69,0.00089457374997437,0.0009253713069483638,-0.0056139981305157695,0.03350496159659492,0.9799183786651234,0.9746527777777778
4,70,0.000886308029294014,0.0009264213149435818,0.002955123966122851,0.031802388032277425,0.9797815393518519,0.9724609375
4,71,0.0008855552296154201,0.0009162720525637269,0.00463860344003748,0.04276865985658434,0.9793680073302469,0.9762586805555555
4,72,0.0008840245427563787,0.0009095241548493505,0.00811279202684944,0.05625237226486206,0.9798743730709877,0.9755479600694444
4,73,0.0008841599337756634,0.000916995748411864,0.006957113006968557,0.043429211775461836,0.9799991560570988,0.9740559895833333
4,74,0.0008751259883865714,0.0009056978160515428,0.020809982146745846,0.05662263764275445,0.9793004918981482,0.980322265625
4,75,0.0008779134950600564,0.000905635126400739,0.01524167252175602,0.05742319027582805,0.9794801311728395,0.9771484375
4,76,0.0008759123738855124,0.0009042161400429904,0.017898885703381197,0.061744070053100585,0.9802891107253087,0.9757378472222222
4,77,0.0008724423823878169,0.0009024566970765591,0.02187777051219234,0.06311082972420587,0.980029899691358,0.9761827256944444
4,78,0.0008679333841428161,0.0009072654647752643,0.028738455124843267,0.05906034045749241,0.9797544126157407,0.97666015625
4,79,0.0008673536358401179,0.0008928216993808746,0.029669398731655545,0.07815927531984117,0.9800901813271605,0.9777072482638889
4,80,0.0008661388419568539,0.0008966514724306762,0.033282074516202194,0.06808449029922485,0.9807418258101852,0.9753255208333333
4,81,0.0008643647888675332,0.0008911163895390928,0.03638458001760789,0.07637628581788805,0.9802215952932098,0.9774848090277778
4,82,0.0008599782595410943,0.0008980936254374683,0.04148684475156996,0.06244011984931098,0.980491054205247,0.9756781684027778
4,83,0.0008578106062486768,0.0008895641076378524,0.043869838744034,0.07654939624998304,0.980834659529321,0.9798502604166667
4,84,0.0008573007071390748,0.0008871647296473384,0.04507804078820311,0.07854059537251791,0.981105324074074,0.9769151475694444
4,85,0.000854006502777338,0.0008984466549009085,0.0481340867501718,0.0639111042022705,0.9806839554398148,0.9769965277777778
4,86,0.0008547960314899683,0.0008847899734973907,0.047851335708005927,0.07781225840250651,0.9810281635802469,0.978759765625
4,87,0.0008479533134959638,0.0008926515001803637,0.05874720738257891,0.06711974408891466,0.9809190538194444,0.9789822048611111
4,88,0.0008526315214112401,0.0008819141075946391,0.0494672233675733,0.08707602024078369,0.9814248167438272,0.9773328993055556
4,89,0.0008396184421144426,0.0008841617964208126,0.06925797594918146,0.08145288758807712,0.9815538194444444,0.9778428819444445
4,90,0.0008430820889770985,0.0008789077983237803,0.06300365939552402,0.08967684242460462,0.9817226080246914,0.979541015625
4,91,0.0008372713346034288,0.0008849908481352031,0.07174455928213802,0.08237551053365072,0.9821391541280864,0.9780164930555556
4,92,0.0008391797891817987,0.0008853914332576096,0.0712255976818226,0.07793075376086765,0.9825978973765432,0.9772352430555555
4,93,0.0008366839028894901,0.0008776654722169042,0.07393288097263855,0.0895961946911282,0.9815622588734568,0.9798990885416666
4,94,0.0008356616599485278,0.0008766964310780168,0.07530192269219292,0.09423856602774726,0.9827751253858025,0.9787434895833333
4,95,0.0008300080662593246,0.0008732578717172146,0.08067965345618165,0.09696516990661622,0.9821572386188272,0.9797146267361111
4,96,0.0008310282719321549,0.0008768038242124021,0.08000373001451845,0.09399468368954128,0.9830771363811729,0.9789442274305555
4,97,0.0008259493624791503,0.0008755611488595605,0.08680466737276242,0.09300692346360949,0.9827431761188271,0.9806640625
4,98,0.0008264975040219724,0.0008725296938791871,0.08713612262113594,0.09749242067337036,0.9833851755401235,0.9798882378472222
4,99,0.0008190443040803075,0.0008707320084795356,0.09530754295396215,0.10393650664223565,0.9828715760030864,0.9807291666666667
4,100,0.0008168542990460992,0.0008725004154257476,0.09947305373203608,0.09565332333246866,0.9838638117283951,0.9812879774305555
4,101,0.0008181038429029286,0.0008724875515326858,0.09859043668817591,0.09612183305952283,0.9839644820601852,0.9782280815972222
4,102,0.000811645295470953,0.0008667229558341205,0.10609203783082373,0.10430238511827257,0.9837721836419753,0.9821723090277777
4,103,0.0008143323939293623,0.0008686772780492902,0.10099118771376434,0.09900802506340875,0.984104938271605,0.9796115451388889
4,104,0.0008072451455518603,0.0008670929819345474,0.11254855777010506,0.10710590680440267,0.9844563802083334,0.9819552951388889
4,105,0.0008056688820943236,0.0008695583674125373,0.1161249538998545,0.09829263289769491,0.9846094955632716,0.9796223958333333
4,106,0.0008033046033233404,0.0008562009315937757,0.1167795115047031,0.11248092386457655,0.9845395688657408,0.9823296440972222
4,107,0.0008037544321268797,0.0008566442411392927,0.1178921636239982,0.11375190416971842,0.9850610050154321,0.9821343315972222
4,108,0.0007972563616931438,0.0008540480630472302,0.12530761662824655,0.11736905972162882,0.9850091628086419,0.9819010416666667
4,109,0.0008009145967662334,0.0008570291101932526,0.12159473925461003,0.11258971558676825,0.985375675154321,0.9821397569444444
4,110,0.0007911783177405596,0.0008653720142319798,0.13353943324383394,0.10240518119600084,0.9852364245756173,0.9826443142361111
4,111,0.0007905686507001519,0.0008602081215940416,0.133847294471882,0.11160396602418687,0.9856602044753087,0.9819769965277778
4,112,0.0007919039344415069,0.0008598718559369445,0.13267038059823308,0.10978099107742309,0.9857614776234568,0.9820746527777777
4,113,0.0007871587295085192,0.000852727796882391,0.13890418726720927,0.11983719534344144,0.9861472800925926,0.9835123697916667
4,114,0.0007809524540789425,0.0008564144372940063,0.1474671263753632,0.1179583854145474,0.9860152633101852,0.9838595920138888
4,115,0.000778318615630269,0.0008521091076545417,0.15085486983075555,0.11484522289699978,0.9866813753858025,0.9832411024305555
4,116,0.0007766667986288667,0.0008511441410519183,0.15023742457966746,0.11822650167677137,0.986401065779321,0.9820963541666666
4,117,0.0007741154986433685,0.0008482103003188968,0.15668026076422797,0.12355755832460191,0.9867338204089506,0.9837239583333334
4,118,0.0007698896806687117,0.0008501976262778044,0.16123909008355788,0.12168124516805014,0.9866036120756173,0.9836100260416667
4,119,0.0007661044364795089,0.0008483671117573977,0.16620828766881685,0.122839441564348,0.9870020736882716,0.9836046006944444
4,120,0.0007655957597307861,0.0008451401954516768,0.16575965925499245,0.1261961711777581,0.9868760850694445,0.9830295138888889
4,121,0.0007620039978064597,0.000842343783006072,0.16963218185636733,0.13050051662656997,0.9876543209876543,0.9832682291666667
4,122,0.000758733949624002,0.0008473088964819908,0.17598336581830626,0.11971153418223063,0.987085865162037,0.9834906684027778
4,123,0.0007591551402583718,0.0008406011620536447,0.17520055417661315,0.12834150658713447,0.9879388503086419,0.9822102864583333
4,124,0.0007583395927213132,0.0008446332067251205,0.17589986236007124,0.13190901279449463,0.9874698591820987,0.9850151909722222
4,125,0.0007510996656492352,0.0008414500625804067,0.1869275630256276,0.13521445857154,0.9879026813271605,0.9841905381944445
4,126,0.0007528028218075633,0.0008411054732277989,0.183167921172248,0.13591691652933757,0.9879370418595679,0.985400390625
4,127,0.000747319427318871,0.0008411214803345501,0.18794462710251042,0.13066966401206123,0.9883210358796296,0.9847059461805555
4,128,0.0007434677099809051,0.0008369743591174483,0.1959615365958508,0.13851378228929306,0.988282455632716,0.9853081597222222
4,129,0.0007419883622787893,0.0008332272409461439,0.19492121478657665,0.14045939445495606,0.9886302806712963,0.9856499565972222
4,130,0.0007402955088764429,0.0008337442995980382,0.19848384077166334,0.1369937088754442,0.9888768325617284,0.9844835069444444
4,131,0.0007390993414446712,0.0008416959317401052,0.19823454206372484,0.1271518694029914,0.9886833285108024,0.9842719184027777
4,132,0.0007342107128351927,0.0008363296510651708,0.2067858307449906,0.1360436346795824,0.9888870804398148,0.9851996527777778
4,133,0.0007307989872060716,0.000833032769151032,0.21032485770590512,0.13098566134770712,0.9891685956790124,0.9852213541666667
4,134,0.0007293244125321507,0.0008319999324157834,0.21121647828890955,0.1345679759979248,0.9890685281635803,0.985302734375
4,135,0.000723149161785841,0.0008304918883368373,0.2185558486867834,0.14258823262320625,0.9893277391975308,0.9853352864583333
4,136,0.0007179363747127354,0.0008396371267735958,0.22591790461245878,0.12305354277292888,0.989428409529321,0.9856608072916667
4,137,0.0007172509795054793,0.0008256657747551799,0.22551760644088556,0.14672891961203682,0.9896146797839506,0.9863389756944444
4,138,0.0007143173133954406,0.0008221350144594908,0.23060171206792196,0.14885597229003905,0.989942009066358,0.9846571180555556
4,139,0.0007096927729435265,0.0008309744880534708,0.2365297928268527,0.14139387475119697,0.9893422067901234,0.9870388454861111
4,140,0.0007119353977032006,0.0008271561237052083,0.23429691673796854,0.14249037504196166,0.9900487075617284,0.9854763454861111
4,141,0.0007022577919997275,0.0008247221121564507,0.24260534033363249,0.14373128811518351,0.9900426793981482,0.985009765625
4,142,0.0007021499332040548,0.0008274813299067318,0.24280187833456346,0.14184487925635444,0.9901222511574074,0.9863932291666667
4,143,0.0006994408904574811,0.000823700160253793,0.2481767745665562,0.1442431886990865,0.990259693287037,0.98583984375
4,144,0.0007002365891821682,0.000830896373372525,0.2476306681279783,0.13539604478412204,0.990160831404321,0.9850260416666666
4,145,0.0006942356703802943,0.000826602044980973,0.24918042333037765,0.14079060422049627,0.9906159577546296,0.9871961805555556
4,146,0.0006948345107957721,0.0008196770795620978,0.2527950286865234,0.15396730369991726,0.9908721547067901,0.9859646267361111
4,147,0.0006895058322697878,0.0008156705880537629,0.2571603340867125,0.15346034235424466,0.9909499180169753,0.9863661024305556
4,148,0.0006853982340544462,0.000812188838608563,0.2638078877955307,0.15694101519054837,0.9908148871527778,0.9859266493055555
4,149,0.0006841154536232352,0.0008082572603598237,0.2620769197558179,0.15968815088272095,0.9911156925154321,0.9873643663194445
4,150,0.0006791616324335337,0.0008095651865005493,0.26906428337097166,0.1582418335808648,0.991039737654321,0.9863118489583333
4,151,0.0006773935165256262,0.0008079740218818188,0.27287734275982706,0.16501079267925686,0.9911928530092593,0.9868869357638889
4,152,0.0006796416128054261,0.0008050811011344194,0.2721526974513207,0.16305416689978705,0.9914580922067902,0.9867133246527777
4,153,0.000673447735607624,0.0008030639728531241,0.27539850385100756,0.1635564512676663,0.9914002218364197,0.9866427951388889
4,154,0.0006677749333903193,0.000809241842944175,0.28443895019130944,0.15833091073566014,0.9915750385802469,0.9875434027777777
4,155,0.0006653514574281871,0.0008011144818738103,0.2837975921454253,0.1649705449740092,0.9917088638117284,0.9870551215277777
4,156,0.0006589437834918499,0.0007966126431711018,0.2941768209139506,0.17143336402045356,0.9916365258487654,0.9869411892361111
4,157,0.0006536549190059304,0.000801089103333652,0.29960165906835484,0.17137416866090563,0.9919608410493828,0.9869900173611111
4,158,0.0006520565366372466,0.0008005302515812218,0.3001246261007992,0.1675422257847256,0.9921151620370371,0.9872233072916666
4,159,0.0006480143638327718,0.0007929890416562557,0.3065300639764762,0.1784194376733568,0.9920325761959876,0.987841796875
4,160,0.0006446967599913478,0.0007938781636767089,0.30859718690683813,0.1804454935921563,0.9923213252314815,0.9877604166666667
4,161,0.0006460786098614335,0.0007904050289653242,0.30587305904906475,0.18185205724504258,0.9924268180941358,0.9869411892361111
4,162,0.0006396429380401969,0.0008007573778741062,0.3143895855656377,0.16720689137776693,0.9924087336033951,0.9877387152777778
4,163,0.0006355993682518601,0.0007961016381159425,0.3196060291043034,0.17985773086547852,0.9926619164737654,0.9876844618055556
4,164,0.0006321714026853442,0.0007911305874586105,0.32113531253955985,0.17774562040964761,0.9925944010416666,0.9884602864583333
4,165,0.0006295698694884777,0.0007862767670303583,0.32606277804315825,0.18374811543358696,0.9926335841049383,0.9882215711805555
4,166,0.0006241396768018603,0.000785645330324769,0.33296916676156313,0.1862445486916436,0.9929374035493828,0.9883680555555555
4,167,0.000622317660599947,0.0007878299802541733,0.3354569486629816,0.18773201571570503,0.9927764515817902,0.9894911024305556
4,168,0.0006176774622872472,0.0007887812098488212,0.3382928508299368,0.18317906459172567,0.9928620515046296,0.9871473524305555
4,169,0.0006152348360046744,0.000788582197856158,0.34435714144765595,0.18788181675804985,0.992701099537037,0.9890407986111112
4,170,0.00061130675021559,0.0007835471769794822,0.3470165832543079,0.1893558833334181,0.9930434992283951,0.9877821180555556
4,171,0.0006089410744607449,0.0007867190870456398,0.3450374721009054,0.1851919690767924,0.9931284963348765,0.9888617621527778
4,172,0.0006018473650328815,0.0007788296206854284,0.35493928444238354,0.19013179540634156,0.9934299045138889,0.9885416666666667
4,173,0.000594794808421284,0.0007746267947368324,0.3638227701187134,0.19538414478302002,0.993580608603395,0.9886935763888889
4,174,0.000597093312535435,0.0007704396266490221,0.36115427061363503,0.19656609959072538,0.9934280960648149,0.9887478298611111
4,175,0.0005926588783040643,0.0007729764329269528,0.36428297125262976,0.19201384252972073,0.9933672116126543,0.9880642361111112
4,176,0.0005935222725383937,0.000784778967499733,0.36663333736819986,0.18725503153271145,0.993406394675926,0.98876953125
4,177,0.0005837698699906468,0.000774886051658541,0.3787738898654043,0.19614770809809368,0.9937307098765432,0.9885470920138889
4,178,0.0005814684554934502,0.0007756030536256731,0.3783191405696633,0.19534717665778267,0.9937801408179012,0.9889756944444444
4,179,0.0005820008227601647,0.000767767196521163,0.38077529183140507,0.20848675303988987,0.9939326533564815,0.9881998697916666
4,180,0.0005742782959714532,0.0007704250747337937,0.38701179321901297,0.2027745074696011,0.9937723042052469,0.9889485677083333
4,181,0.0005757048493251204,0.0007710564532317221,0.3862989084220227,0.20693861775928074,0.9938301745756173,0.9883897569444444
4,182,0.0005709142424166203,0.0007694675587117672,0.39074240569715146,0.2013618919584486,0.9938928674768519,0.98857421875
4,183,0.0005677115404978395,0.0007658825488761067,0.3961186286843853,0.21003118356068928,0.9939911265432099,0.9887749565972223
4,184,0.0005680336616933346,0.00076042435830459,0.39326978274333624,0.21260517570707532,0.9940297067901235,0.9887315538194444
4,185,0.000563449808396399,0.0007656298112124205,0.3970711354856138,0.20218331548902724,0.9941569010416667,0.9890190972222223
4,186,0.000558295170776546,0.0007631596527062356,0.40353236772395945,0.20917137198978,0.9943039882330247,0.9887803819444444
4,187,0.0005517874960787594,0.0007621063850820065,0.41135489101763123,0.2174842119216919,0.9943437741126543,0.9899522569444444
4,188,0.0005521023995243013,0.0007685007294639945,0.4137515440399264,0.20561665031645032,0.9946234809027777,0.9890245225694444
4,189,0.000549966236576438,0.0007618669187650084,0.41911587980058457,0.21323283513387045,0.9943974247685186,0.9893174913194445
4,190,0.0005454428610391915,0.0007610149914398789,0.4187412958086273,0.21370287073983085,0.9944842303240741,0.9887858072916667
4,191,0.0005420960951596498,0.0007682568393647671,0.4254987888866001,0.20681670506795247,0.9944516782407408,0.9895399305555556
4,192,0.0005353580345399678,0.0007556754862889647,0.4300306933897513,0.2241959505610996,0.9946059992283951,0.9900933159722223
4,193,0.0005311915883794427,0.0007580514647997916,0.4345565841521746,0.22272814909617106,0.9947844328703703,0.9900227864583333
4,194,0.0005233826814219356,0.000766653276514262,0.44194857367762813,0.20391739077038235,0.9949194637345679,0.9892849392361112
4,195,0.000524815171957016,0.0007628583116456866,0.44246918934362905,0.21618075768152872,0.9948025173611111,0.9904513888888888
4,196,0.0005245368229225278,0.000758133246563375,0.43966147929062077,0.22189977036582098,0.9949266975308642,0.98916015625
4,197,0.0005158071871846914,0.000759810849558562,0.44948197514922533,0.2265073471599155,0.9950104890046296,0.9896321614583333
4,198,0.0005134409875608981,0.0007472845609299839,0.4585371626747979,0.2294516682624817,0.9949490017361111,0.9894639756944444
4,199,0.000511400809045881,0.000755538756493479,0.4533688002162509,0.23056899574067857,0.9949670862268518,0.9904893663194444
4,200,0.000508443801663816,0.000757456524297595,0.4622748127690068,0.220453139146169,0.9952727141203703,0.9900336371527778
4,201,0.0005012135370634496,0.0007618644158355892,0.4706769283906913,0.2178062876065572,0.995166015625,0.9900010850694444
4,202,0.0004981178208254278,0.0007494720630347729,0.4738468181939773,0.22269330422083536,0.9952347366898148,0.990283203125
4,203,0.0004929158603772521,0.0007552524912171066,0.4752558500678451,0.2292498919698927,0.9955162519290124,0.9900336371527778
4,204,0.0004921017680317163,0.0007541730301454663,0.4781972771809425,0.22909581926133898,0.9954258294753087,0.9900770399305555
4,205,0.0004853267746511847,0.0007561646634712815,0.48320597881152305,0.23378929297129314,0.9954867139274691,0.9903049045138889
4,206,0.0004819445312023163,0.0007427673554047942,0.491151871651779,0.24576760795381333,0.9956368152006173,0.9897298177083333
4,207,0.0004824380739592016,0.0007471484132111073,0.48725011142683616,0.24157395097944473,0.9956000434027777,0.9903754340277777
4,208,0.00048258822062052786,0.0007422968046739697,0.4916119000058115,0.24278347227308486,0.995557846257716,0.9905707465277778
4,209,0.00047582093975506723,0.0007444450748153031,0.49647107713016464,0.24295185142093234,0.9953999083719136,0.9904459635416667
4,210,0.00047294123214669526,0.0007398350280709565,0.501627046973617,0.24298287232716878,0.9957694347993827,0.9900065104166667
4,211,0.0004697784606833011,0.0007388509693555534,0.5062810063362122,0.24296337498558893,0.9953956886574075,0.9899848090277777
4,212,0.00047249303315766156,0.0007313939277082682,0.5059685146367109,0.2593976789050632,0.9957411024305556,0.99091796875
4,213,0.0004628004680853337,0.0007488956325687468,0.515852709316913,0.2363324178589715,0.9958604600694444,0.9900824652777778
4,214,0.0004641262930817902,0.0007456823950633407,0.5121830775413985,0.23956976731618246,0.9957368827160494,0.9903483072916667
4,215,0.0004549834702629596,0.000739975948818028,0.5195153386504562,0.24518770111931695,0.9959641444830247,0.9906358506944445
4,216,0.00045672408305108547,0.0007512199226766825,0.5224203415858892,0.2322721971405877,0.995994888117284,0.990625
4,217,0.0004574853810481727,0.0007535734912380576,0.5184853115199525,0.23347131543689303,0.996189597800926,0.9907552083333333
4,218,0.0004529051948338747,0.0007467254181392491,0.5273382578367068,0.23462677266862658,0.9959219473379629,0.9901638454861111
4,219,0.000447683734819293,0.0007419309113174677,0.5322913197823512,0.24760899676216974,0.996071445794753,0.9911241319444445
4,220,0.0004451056011021137,0.0007429120596498251,0.5325789650281271,0.23989384439256456,0.996168499228395,0.9906955295138888
4,221,0.00043983524665236473,0.0007421438349410892,0.5388150268130832,0.24378905163870918,0.9959129050925926,0.9904296875
4,222,0.0004361834144219756,0.0007411704282276332,0.5406977444519231,0.24637898604075115,0.9962667582947531,0.9902452256944444
4,223,0.00043616595212370157,0.0007531503215432167,0.547163963906559,0.23527998924255372,0.9962438512731482,0.9906195746527777
4,224,0.0004255694802850485,0.0007288639899343252,0.5580267603014722,0.25756331814659966,0.9964819637345679,0.9903211805555555
4,225,0.00042509680497460067,0.0007443076465278864,0.557874791857637,0.23924464252259997,0.9965223524305555,0.9909125434027778
4,226,0.000411954359151423,0.0007411320693790913,0.5710092911013851,0.24795789586173164,0.9967719184027778,0.9910590277777778
4,227,0.00041772256372496486,0.0007446696981787682,0.5629194252284957,0.24125855101479424,0.9968111014660493,0.9912543402777778
4,228,0.00041549192974343896,0.0007336919661611319,0.5674223795349216,0.2558818856875102,0.9969214168595679,0.9914822048611112
4,229,0.0004124503757338971,0.000729468883946538,0.5713346540192027,0.26107581324047513,0.9967586564429012,0.9915093315972222
4,230,0.00040945401997305453,0.0007409855606965721,0.5744859162672067,0.25099033382203845,0.9970003858024692,0.9912651909722222
4,231,0.0004102955281268805,0.0007375541608780622,0.5764806788644673,0.25493835078345406,0.9969816984953703,0.9912489149305556
4,232,0.0004052299482282251,0.0007475077291019261,0.5804707291685505,0.23824550443225437,0.9968852478780864,0.9912326388888889
4,233,0.0004052224103361368,0.0007390413666144013,0.5817179519453166,0.24881378014882405,0.9970805603780865,0.9910210503472222
4,234,0.00040234686457552016,0.0007426298107020557,0.5805920670061936,0.24543544716305202,0.9968954957561729,0.9912868923611111
4,235,0.0003996905288659036,0.0007436466403305531,0.5880983764742628,0.2502577503522237,0.9971215518904321,0.991357421875
4,236,0.00039911989006213844,0.0007320690201595426,0.5860002179204682,0.2623504559199015,0.9971028645833333,0.9913140190972223
4,237,0.0003943416813854128,0.0007317105773836374,0.5915126070564176,0.2630033572514852,0.9972149884259259,0.9917263454861112
4,238,0.0003915539709851146,0.0007310374639928341,0.5921494841575623,0.26246847576565213,0.9972577883873457,0.9916015625
4,239,0.000395910203224048,0.0007316267001442611,0.5889940974153118,0.2639946632915073,0.997288532021605,0.9915961371527777
4,240,0.0003909835359081626,0.0007300572469830513,0.5924911123734934,0.2637296345498827,0.9972547743055555,0.9915093315972222
4,241,0.00038943986874073744,0.0007304884493350983,0.5980279831238735,0.26472088760799833,0.9974060812114197,0.9916395399305555
4,242,0.0003868260537274182,0.0007281936705112457,0.5991345252519772,0.2669818825191922,0.9972258391203703,0.9918023003472223
4,243,0.0003895568661391735,0.0007315600523725152,0.594968839339268,0.26009918318854436,0.9973777488425926,0.9915907118055556
4,244,0.00038561352994292974,0.0007366117788478732,0.5976656179369232,0.25492399401134913,0.9972782841435185,0.9915635850694444
4,245,0.00038709252839908004,0.0007326150080189109,0.5999513642287548,0.26213878128263685,0.9974187403549383,0.9915635850694444
4,246,0.00038162822602316737,0.0007342261378653347,0.6050160409491739,0.2584947797987196,0.9973391685956791,0.9914388020833333
4,247,0.00038476524059660733,0.0007386445067822933,0.6045811372038759,0.25305295255449084,0.99736328125,0.9915907118055556
4,248,0.00038551841862499714,0.0007317517884075642,0.5988508228902464,0.26561021672354806,0.9974229600694444,0.9914496527777777
4,249,0.00038364261854439974,0.00073211919516325,0.6059394849671258,0.26579670508702596,0.9971842447916667,0.9916937934027777
5,1,0.17049741744995117,0.03601866960525513,-268.58745412944273,-58.504353798760306,0.6207037278163581,0.9948947482638889
5,2,0.02064160257577896,0.007949640043079853,-30.67095443466563,-11.864785676532321,0.9952256944444444,0.9948947482638889
5,3,0.006335680838674307,0.003849918721243739,-8.576523400530403,-5.019993586010403,0.9952262972608025,0.9948947482638889
5,4,0.0037460308521986008,0.0028013866394758224,-4.448690430617627,-3.2619489325417415,0.9952262972608025,0.9948947482638889
5,5,0.0029115427751094103,0.0023175044916570187,-3.1503079770523823,-2.4480175256729124,0.9952262972608025,0.9948947482638889
5,6,0.002453428925946355,0.002023948822170496,-2.4248741853384326,-1.9529127094480727,0.9952262972608025,0.9948947482638889
5,7,0.0021701110526919365,0.0018300085794180632,-1.9695560584833594,-1.6252364503012764,0.9952262972608025,0.9948947482638889
5,8,0.0019723568111658096,0.0016867792000994086,-1.6593255781833036,-1.3827705197864109,0.9952262972608025,0.9948947482638889
5,9,0.0018209390109404922,0.0015751576283946633,-1.4192790985107422,-1.1935127629174127,0.9952262972608025,0.9948947482638889
5,10,0.0016997383208945394,0.001482947263866663,-1.2280248509513008,-1.0367482503255208,0.9952262972608025,0.9948947482638889
5,11,0.0016019970644265413,0.0014095772057771683,-1.0738995607988333,-0.911952617433336,0.9952262972608025,0.9948947482638889
5,12,0.0015221128705888987,0.0013485681265592575,-0.9430024170581205,-0.8080844402313232,0.9952262972608025,0.9948947482638889
5,13,0.001456910278648138,0.0013048966648057103,-0.8399956482428091,-0.7361877335442437,0.9952262972608025,0.9948947482638889
5,14,0.0015159758040681481,0.0014565889723598957,-0.9001811404287079,-0.9370729049046834,0.9942943431712963,0.9933430989583333
5,15,0.0016174702905118465,0.0015791833866387606,-1.023327554891139,-1.102393505308363,0.9941008391203704,0.9920952690972222
5,16,0.0015416759997606277,0.0014227568171918392,-0.9212934916402087,-0.889606789747874,0.9943238811728395,0.9948025173611111
5,17,0.001438214210793376,0.0013338637072592974,-0.7815343382917804,-0.7431652016109891,0.9949676890432099,0.9926323784722222
5,18,0.001373783452436328,0.0012282677926123142,-0.675666226722576,-0.5896865169207255,0.9925383391203704,0.9911349826388889
5,19,0.0012990027898922563,0.0012398071121424437,-0.5703297101421121,-0.5799913141462538,0.9913875626929012,0.9757269965277777
5,20,0.0012526120990514755,0.00117554294411093,-0.5029298143622316,-0.49247765938440957,0.9896032262731481,0.9764973958333333
5,21,0.0012233956949785352,0.0010869852267205715,-0.4592131676497283,-0.37361811267005074,0.9855836467978395,0.993017578125
5,22,0.00117542187217623,0.0011076964437961578,-0.39117066462834676,-0.3847410096062554,0.9874614197530864,0.9802842881944445
5,23,0.0011654315749183297,0.0010970337316393852,-0.368449518415663,-0.37198957469728255,0.9869243103780864,0.9797417534722223
5,24,0.0011450499296188354,0.0010440197074785829,-0.3380196399158902,-0.29426115221447413,0.9848042052469136,0.9863715277777778
5,25,0.0011136208195239305,0.0010482867946848273,-0.2933316851839607,-0.2886156784163581,0.9860182773919753,0.9821668836805556
5,26,0.0010961557272821665,0.0009964739438146353,-0.26814927333666955,-0.2242288629213969,0.9847963686342592,0.9907497829861112
5,27,0.0010789567604660988,0.0010054691229015589,-0.24320064003084912,-0.23438737392425538,0.9862395109953703,0.9812771267361111
5,28,0.0010609132004901767,0.0010099743958562613,-0.22021542419621973,-0.22407083246443008,0.9862684461805555,0.9787326388888888
5,29,0.001051129773259163,0.0009808458853513002,-0.19980342564759432,-0.20084362824757893,0.9846107011959877,0.9679524739583333
5,30,0.0010332982055842876,0.0009538563899695873,-0.1797104522033974,-0.15343961980607773,0.9818817515432099,0.9864800347222222
5,31,0.0010233246721327305,0.0009427405893802643,-0.16365907442422561,-0.13856882519192165,0.9855016637731482,0.985009765625
5,32,0.0010157744400203228,0.0009412718354724348,-0.1546234682754234,-0.13300431569417318,0.9844798900462963,0.9818359375
5,33,0.0010079179191961884,0.000934561132453382,-0.1380294371534277,-0.12011266284518772,0.9845112364969136,0.9842013888888889
5,34,0.001002033124677837,0.0009386414894834161,-0.13069379403267378,-0.12550538116031223,0.9854781539351852,0.9798990885416666
5,35,0.0009955286514014006,0.0009260663064196706,-0.121824480574808,-0.11330526140001085,0.984400318287037,0.9815972222222222
5,36,0.00098735885694623,0.0009202806395478547,-0.11121834531242465,-0.10600865284601847,0.9841603973765433,0.9842068142361111
5,37,0.0009840655839070678,0.0009201131761074066,-0.10583109311115595,-0.10146550602383084,0.9840229552469136,0.9795952690972223
5,38,0.0009745425195433199,0.0009017589618451893,-0.09645815366580163,-0.07928919527265761,0.9845178674768519,0.9867947048611111
5,39,0.0009723586263135076,0.0009099440649151802,-0.08992980203510803,-0.09077764749526977,0.9840494791666666,0.9789822048611111
5,40,0.0009674847824499011,0.0009183252695947886,-0.08703972925374537,-0.1083829336696201,0.9854811680169753,0.9772243923611111
5,41,0.000966245774179697,0.0008923913701437414,-0.08368454553462841,-0.06769670645395914,0.9838198061342592,0.9865397135416667
5,42,0.0009609112748876214,0.0009059477597475052,-0.0767741193006068,-0.09278204970889621,0.9846456645447531,0.9834689670138889
5,43,0.0009634877787902951,0.000910227419808507,-0.08263371623592612,-0.09130234320958455,0.984326171875,0.9781467013888889
5,44,0.0009642789955250919,0.0009060154552571476,-0.08496980593528276,-0.09090180661943224,0.9843599295910493,0.9790581597222222
5,45,0.0009679697104729712,0.0008946222951635718,-0.08958429421907589,-0.07697941197289361,0.9843370225694444,0.9827745225694444
5,46,0.0009585279622115195,0.0008948827162384987,-0.07855776960467115,-0.07904805739720662,0.983690803433642,0.9840169270833333
5,47,0.0009656971087679267,0.0009004303137771785,-0.09367772458512107,-0.0839213212331136,0.983861400462963,0.9814887152777778
5,48,0.0009581719059497118,0.000899840029887855,-0.07951888522984069,-0.0864576538403829,0.9834587191358025,0.9805609809027778
5,49,0.000959044205956161,0.0008864341070875525,-0.08416846063401964,-0.06833143764071994,0.9830234857253086,0.9802083333333333
5,50,0.0009481663582846522,0.0008950765477493405,-0.06779689185413314,-0.08120571109983656,0.9825502748842593,0.9782172309027778
5,51,0.0009476561099290848,0.000899726408533752,-0.06801065589174812,-0.08318160110049777,0.9827076099537037,0.9789496527777778
5,52,0.0009392813080921769,0.0008843286777846515,-0.057018676069047716,-0.06287063227759468,0.9822711709104939,0.9787380642361111
5,53,0.0009474430698901415,0.0008720710757188499,-0.0702886160509086,-0.04745599561267429,0.981935402199074,0.9815646701388889
5,54,0.0009327718871645629,0.0008784359670244157,-0.047429362638497057,-0.053011447853512236,0.9814802758487654,0.9784993489583333
5,55,0.0009300762321799994,0.0008796966867521405,-0.0442014460210447,-0.05598852899339464,0.9816538869598765,0.978271484375
5,56,0.0009274644544348121,0.0008574669482186437,-0.03993758816777924,-0.024440862072838677,0.9812379436728395,0.9811360677083333
5,57,0.0009296363568864763,0.0008597517153248191,-0.04456069513603493,-0.02557245757844713,0.9814603829089507,0.9765842013888889
5,58,0.0009215190075337887,0.0008650385425426066,-0.03371916288211022,-0.032997066444820825,0.9801781925154321,0.9804958767361112
5,59,0.0009217038168571889,0.000864202156662941,-0.033617091473237964,-0.03692313962512546,0.9810263551311729,0.9786295572916667
5,60,0.0009156996384263039,0.0008508018217980862,-0.02595015440458133,-0.0111876646677653,0.9804729697145061,0.9788736979166667
5,61,0.0009092891123145819,0.0008802653173916042,-0.013728723113919481,-0.05842933124966092,0.9810281635802469,0.976806640625
5,62,0.000913659983780235,0.0008600744768045843,-0.02140650381276637,-0.02978725963168674,0.9807562934027778,0.9723795572916667
5,63,0.0009125967044383287,0.0008547208271920681,-0.02132317740240215,-0.017914210425482857,0.9799008969907408,0.9772081163194445
5,64,0.0009020196739584208,0.0008403081446886063,-0.00596601786436858,0.002375443776448568,0.9800021701388889,0.977001953125
5,65,0.0009083544719032943,0.0008485510479658842,-0.01385056486836186,-0.008524584770202636,0.9807767891589506,0.9748263888888888
5,66,0.000898712023627013,0.0008535782690159976,0.001014486359961239,-0.021353044774797228,0.980639949845679,0.9763129340277777
5,67,0.0009024959290400147,0.0008337165927514434,-0.008215892314910888,0.01378288401497735,0.9803554205246914,0.9757486979166666
5,68,0.0008954302174970508,0.000849420262966305,0.0041854438958344635,-0.017675089836120605,0.9805097415123457,0.9708170572916667
5,69,0.0008915818179957569,0.0008312801946885884,0.008004365143952545,0.013958709769778782,0.9798671392746914,0.9771538628472223
5,70,0.0008891328470781446,0.0008317952160723507,0.011165656719678714,0.013047448794047038,0.9802330488040123,0.9761664496527778
5,71,0.000884672743268311,0.0008643995970487595,0.016937959635699235,-0.032567393779754636,0.9811113522376543,0.9700032552083333
5,72,0.0008839133661240339,0.0008380982326343656,0.021415502936751755,0.00293785466088189,0.9803741078317901,0.9728135850694445
5,73,0.0008831733139231801,0.0008205205667763948,0.01997868072839431,0.03588952620824178,0.9803499951774691,0.9755696614583333
5,74,0.0008838897338137031,0.0008270939579233527,0.020316803308180822,0.02109585205713908,0.9803481867283951,0.9771430121527778
5,75,0.0008771460270509124,0.0008374500321224332,0.028938455346189898,0.004641531573401557,0.9809015721450617,0.9732042100694445
5,76,0.000876166857779026,0.0008319832850247622,0.032953573450630096,0.015025696489546034,0.9812295042438272,0.9746256510416667
5,77,0.0008725852239876986,0.0008271265542134643,0.032770168781280515,0.02475469774670071,0.9806453751929012,0.9756618923611111
5,78,0.000871439347974956,0.0008218760485760868,0.037136072729840694,0.028692311710781522,0.9808810763888889,0.97509765625
5,79,0.0008659118320792913,0.0008138744160532951,0.04457164826216521,0.04217382934358385,0.980786434220679,0.9773111979166667
5,80,0.0008652409887872636,0.0008134469389915466,0.04534608287575804,0.04445826742384169,0.9812946084104939,0.9755913628472223
5,81,0.0008587351767346263,0.0008199324947781861,0.05365525542953868,0.03058213127983941,0.981715374228395,0.9746256510416667
5,82,0.0008591586956754327,0.0008138715056702495,0.05395830222118048,0.041925851504007974,0.9809847608024691,0.9763726128472222
5,83,0.0008553481311537325,0.0008087700116448104,0.058304046554329955,0.04930199384689331,0.9815399546682099,0.9761827256944444
5,84,0.0008500771364197135,0.0008040630491450429,0.06447994870904052,0.053503208690219455,0.9818190586419753,0.9743055555555555
5,85,0.000847844872623682,0.0008095045341178775,0.06658532472304356,0.04801896942986383,0.9819426359953703,0.9762152777777777
5,86,0.0008435486233793199,0.0008044029818847775,0.07421014809314115,0.05142566627926297,0.9819673514660494,0.9753146701388888
5,87,0.0008447471191175282,0.0008006789721548557,0.06971534990969999,0.06287360986073812,0.9827486014660494,0.9747395833333333
5,88,0.0008374772151000798,0.0007985970587469637,0.08282481888194143,0.06507976320054797,0.9825261622299383,0.9764919704861111
5,89,0.000837079482153058,0.0008026250288821757,0.08035233903814246,0.06150016254848904,0.9827624662422839,0.9739963107638889
5,90,0.0008358827908523381,0.0007955454057082534,0.08327169594941315,0.06832154591878255,0.9825098861882716,0.9784071180555556
5,91,0.0008302821661345661,0.0007983845425769687,0.08930880670194273,0.062121821774376765,0.9832941502700617,0.9748263888888888
5,92,0.0008275580476038158,0.0007941825315356255,0.09147385785609116,0.06972636249330309,0.9831621334876544,0.97939453125
5,93,0.0008262504125013947,0.0007961378432810307,0.094131593056667,0.06587347322040134,0.9835545669367284,0.9765516493055556
5,94,0.00081894441973418,0.0007967997808009386,0.10336203530982689,0.06437816619873046,0.9838330680941358,0.9760308159722222
5,95,0.0008187169441953301,0.0007920966017991304,0.10548415198738192,0.06923466523488363,0.9837553047839506,0.9779296875
5,96,0.0008170724613592029,0.0007923817029222846,0.10718719355853987,0.071355758772956,0.9840530960648148,0.9767957899305556
5,97,0.0008162152953445911,0.0007840003818273544,0.10565653421260693,0.08801499605178834,0.9841061439043209,0.9789333767361111
5,98,0.0008122888393700123,0.0007867994718253613,0.11267799197891612,0.08185948530832926,0.9844346788194445,0.9783854166666667
5,99,0.0008078558021225035,0.0007787918439134955,0.11715980253101867,0.09147739145490859,0.9845208815586419,0.9782769097222223
5,100,0.0008016361971385777,0.0007791038369759917,0.1253213585158925,0.09456004831526015,0.9846631462191358,0.9801649305555555
5,101,0.0008018248481675982,0.0007735682302154601,0.12367730773525473,0.1011835151248508,0.9849452642746913,0.9799587673611111
5,102,0.0007992178434506059,0.0007703388691879809,0.12785481965100323,0.10448508395089043,0.9849356192129629,0.9818305121527777
5,103,0.0007975575281307101,0.0007757901912555099,0.1284360851770566,0.09802210066053603,0.9854540412808642,0.9779405381944445
5,104,0.0007902568322606385,0.0007663918077014387,0.137761644669521,0.10928671095106336,0.9849886670524691,0.9800835503472223
5,105,0.0007883533253334463,0.0007683716830797493,0.14007691041922862,0.10347970989015368,0.9857271170910494,0.9793294270833334
5,106,0.0007872134447097778,0.0007668680045753717,0.14400207083902242,0.11453280713823107,0.9858199508101851,0.9813856336805555
5,107,0.0007874257862567902,0.0007632422493770719,0.13956313766079184,0.11410415834850735,0.9858699845679012,0.978076171875
5,108,0.0007804640335962176,0.0007622004486620426,0.15082284167960838,0.1178398609161377,0.9863721305941358,0.9819769965277778
5,109,0.0007733905222266912,0.0007614471251145005,0.15825401191358213,0.11823947429656982,0.9861912856867284,0.9806694878472222
5,110,0.0007738076965324581,0.0007590790628455579,0.15699412822723388,0.1244513750076294,0.9865421248070988,0.9806206597222222
5,111,0.0007701169233769178,0.0007583200931549072,0.16164062979780597,0.11873601012759738,0.9866012008101852,0.9803168402777778
5,112,0.0007673463551327586,0.0007543985266238451,0.16399966802126095,0.12460852993859185,0.9865999951774691,0.9819227430555556
5,113,0.0007647310267202556,0.0007563425460830331,0.16786133256959326,0.1223752432399326,0.9871027440200617,0.9803656684027777
5,114,0.0007601270917803049,0.0007564339321106672,0.1767546135702251,0.12631900840335422,0.9871129918981482,0.9824544270833333
5,115,0.0007574526243843138,0.0007522882660850883,0.17696626083350475,0.1321688493092855,0.9875030140817901,0.9805826822916667
5,116,0.000754881533794105,0.0007492069853469729,0.1782857491646284,0.13563976287841797,0.98720703125,0.9844129774305556
5,117,0.0007529612630605698,0.0007613736670464277,0.18158764015009374,0.11453457938300239,0.9879255883487654,0.9802680121527778
5,118,0.0007481006905436516,0.0007448733085766435,0.18867363900314144,0.14378207127253215,0.9875819830246914,0.9824490017361112
5,119,0.0007451920537278056,0.0007456950843334198,0.19387129103695905,0.14719547033309938,0.988330078125,0.98232421875
5,120,0.0007416674052365124,0.0007382180192507803,0.19602119186778127,0.15052181482315063,0.987671199845679,0.9819444444444444
5,121,0.0007357601425610483,0.000742848205845803,0.20072032536989376,0.15163709852430557,0.9881353684413581,0.9811631944444444
5,122,0.0007366096251644194,0.0007373917615041137,0.20189289325549278,0.15794762637880114,0.9883572048611111,0.9845594618055555
5,123,0.0007311259396374226,0.0007364298216998577,0.20840984847810534,0.15520033836364747,0.9886923707561729,0.9827528211805555
5,124,0.0007300694705918431,0.0007340155425481498,0.20898652842015397,0.16023230420218573,0.9888798466435185,0.9835340711805556
5,125,0.0007237119716592133,0.0007306423503905535,0.21593110767411597,0.15924993488523695,0.9886338975694444,0.9832953559027777
5,126,0.0007209372124634683,0.0007335260161198676,0.21928404922838565,0.16426841153038874,0.9892138069058642,0.9826768663194444
5,127,0.0007177446968853474,0.0007344359182752669,0.22383003882419916,0.16176059775882298,0.9892222463348765,0.9828396267361111
5,128,0.0007159918313845992,0.0007288367487490177,0.224356958012522,0.17464018265406292,0.9893850067515432,0.9836859809027778
5,129,0.00071105663664639,0.0007242659921757877,0.23069315824979617,0.17779143386416965,0.9895688657407408,0.9836480034722223
5,130,0.0007019576733000576,0.0007188352756202221,0.24371002544591455,0.18313045236799452,0.9896864149305555,0.9837185329861111
5,131,0.0007016663439571857,0.0007196392398327589,0.2438102548505053,0.1864254977968004,0.9897894965277778,0.9847981770833333
5,132,0.0007006142986938357,0.0007248264737427235,0.24674651931833338,0.17766920857959323,0.9899739583333333,0.9835286458333333
5,133,0.0006981361657381058,0.0007193215424194932,0.2483698668303313,0.1831025375260247,0.9899703414351851,0.9855523003472222
5,134,0.000693781825248152,0.0007143014809116721,0.251161738825433,0.19191614389419556,0.9901909722222222,0.9845757378472222
5,135,0.0006925928173586726,0.0007137847132980824,0.2543042533191634,0.19809581173790825,0.9901982060185185,0.9847330729166667
5,136,0.0006895859842188656,0.0007107902783900499,0.25663976993089843,0.2024691383043925,0.9902512538580247,0.9847384982638889
5,137,0.0006840124260634184,0.0007073418819345534,0.2642920098187011,0.2041158159573873,0.9902922453703704,0.9848036024305555
5,138,0.0006812536157667637,0.0007068730192258954,0.2652129155618173,0.2064236972067091,0.9905285493827161,0.9858561197916667
5,139,0.0006788998143747449,0.0007108041900210083,0.2692220664318697,0.20544969108369615,0.9907533998842593,0.9859157986111111
5,140,0.0006735569913871586,0.0007046103710308671,0.2770041214095222,0.20981107817755806,0.99091796875,0.9859483506944444
5,141,0.0006769085302948952,0.0007044917438179255,0.2729641951160666,0.20508771472507054,0.9910089940200617,0.9837890625
5,142,0.0006648890557698905,0.0006967343506403267,0.28849564069583095,0.22355260584089492,0.9910246672453704,0.985595703125
5,143,0.0006633963203057647,0.0007090981816872954,0.28756270349761587,0.20597096681594848,0.9911500530478395,0.985400390625
5,144,0.0006569153629243374,0.0007068580016493797,0.29310771565378446,0.21150663561291164,0.991456283757716,0.9855414496527778
5,145,0.000656999705825001,0.0006952341645956039,0.29520703186223535,0.22463298506206936,0.9912718219521605,0.9858995225694445
5,146,0.0006511907558888197,0.0006987355882301927,0.29927542974919447,0.21885978248384264,0.991526813271605,0.9860188802083333
5,147,0.0006500419694930315,0.0007019479526206851,0.3029571408106957,0.21368444230821398,0.9916817370756172,0.986181640625
5,148,0.0006474923575296998,0.0006987361120991409,0.30406662078551305,0.22457565599017673,0.9916528018904321,0.9867024739583333
5,149,0.0006477129645645618,0.0006941675674170256,0.3091937564037464,0.2284950335820516,0.991895736882716,0.9861979166666667
5,150,0.0006421463913284242,0.0006996098672971129,0.3154060568338559,0.22004529237747192,0.9919379340277777,0.9861056857638889
5,151,0.0006334123900160193,0.000689274282194674,0.3232881858025068,0.23182821406258478,0.9921314380787037,0.9857747395833333
5,152,0.0006320008542388678,0.0006907821516506374,0.3264056138050409,0.23471642070346407,0.9923683449074074,0.9855305989583333
5,153,0.0006321709370240569,0.000688297557644546,0.3253220477221925,0.2414127270380656,0.9919753086419754,0.9869411892361111
5,154,0.0006244443356990814,0.0006940338062122464,0.33342402275697686,0.22714525196287366,0.992602840470679,0.9856770833333334
5,155,0.0006225071847438812,0.0006927117938175797,0.3359838397414596,0.23319291273752848,0.992358097029321,0.9863498263888889
5,156,0.0006212993757799268,0.0006873685051687062,0.34043953242125335,0.24033082458708022,0.9924400800540123,0.9873372395833333
5,157,0.0006146372761577368,0.0006855211686342955,0.3470520375687399,0.2378619697358873,0.9927824797453704,0.9869411892361111
5,158,0.0006140649784356356,0.0006901674205437303,0.34544510576460097,0.23760000732209946,0.9926462432484567,0.9879069010416667
5,159,0.0006100782193243504,0.0006847570184618235,0.3521521203311873,0.2484599550565084,0.9928753134645062,0.9870442708333333
5,160,0.0006020346190780401,0.0006833499064669013,0.35838377284414974,0.2477476331922743,0.993116440007716,0.9873860677083334
5,161,0.0006025189068168402,0.0006901046726852655,0.3589964666484315,0.24163066811031766,0.9931508005401235,0.9873752170138889
5,162,0.0006029731594026089,0.0006834166124463081,0.35774999812797265,0.24458385705947877,0.9930676118827161,0.987353515625
5,163,0.0005916445516049862,0.0006800605333410203,0.37152819324422764,0.25359587404463024,0.9930133584104939,0.9872287326388889
5,164,0.0005920641124248505,0.0006717415526509285,0.37302060141975496,0.26051199038823447,0.9932550877700618,0.9870930989583333
5,165,0.0005841488018631935,0.0006876207189634442,0.3789653891398583,0.23695850637223986,0.9933804735725309,0.9861979166666667
5,166,0.0005868446314707398,0.000674098904710263,0.3765492091944188,0.2552339090241326,0.9933430989583333,0.9874782986111111
5,167,0.0005837040371261537,0.0006824473384767771,0.3822076704767015,0.24903012911478678,0.9934479890046296,0.9867567274305555
5,168,0.0005749189294874668,0.000696534407325089,0.39205674919081324,0.2220039513376024,0.9935510706018519,0.9876356336805555
5,169,0.0005727685056626797,0.0006906766211614013,0.3947926356468672,0.23807886441548665,0.9936577690972223,0.9875108506944444
5,170,0.0005738200270570815,0.0006781329866498709,0.3914039452870687,0.2540559344821506,0.9935456452546296,0.9882486979166667
5,171,0.0005694304127246141,0.0006759908865205944,0.3949662898793633,0.25889100233713785,0.9938603153935185,0.9878797743055555
5,172,0.0005659208400174975,0.0006744842976331711,0.40656044954135095,0.2572389311260647,0.9937572337962963,0.9888129340277778
5,173,0.0005627031205222011,0.0006826681201346219,0.4045936275411535,0.2470966378847758,0.9937680844907407,0.9868760850694445
5,174,0.0005574520910158753,0.0006699252407997847,0.4109049318749228,0.27189073430167304,0.9938904562114198,0.9889811197916667
5,175,0.0005489236209541559,0.0006673257448710501,0.4242496731840534,0.27576445076200695,0.9941810136959877,0.9874782986111111
5,176,0.0005532971117645502,0.0006665911059826612,0.41557591991660037,0.2764893730481466,0.994213565779321,0.9880750868055556
5,177,0.0005487473681569099,0.0006699692457914352,0.42343014419814684,0.2674940480126275,0.9941544897762346,0.9881890190972222
5,178,0.000546530238352716,0.000660179415717721,0.4262562226366114,0.28739397128423055,0.9942822868441358,0.9875217013888888
5,179,0.000541909656021744,0.0006598879117518663,0.4293544829627614,0.28530369997024535,0.9943076051311729,0.9884602864583333
5,180,0.0005374577594920993,0.0006773408385924995,0.4338853050161291,0.2650539888275994,0.9942304446373457,0.9881510416666667
5,181,0.0005384039832279086,0.0006641187937930226,0.43719852000107,0.277343131436242,0.9942443094135802,0.9885525173611112
5,182,0.0005333130247890949,0.0006661863881163299,0.4416537383456289,0.27092961337831284,0.9944185233410494,0.9875108506944444
5,183,0.0005310590495355427,0.00066652602981776,0.4432487886628987,0.27200131681230333,0.9944673514660494,0.9884331597222222
5,184,0.0005252966657280922,0.0006700365920551121,0.4493475388597559,0.2697747998767429,0.9945475260416666,0.9884982638888888
5,185,0.0005203047767281532,0.0006642314838245511,0.455094215752166,0.2787239498562283,0.9945577739197531,0.9888237847222222
5,186,0.0005145532777532935,0.0006522203329950571,0.46308502223756576,0.29623181687461003,0.9948410976080246,0.9890787760416667
5,187,0.0005109219346195459,0.0006795647786930203,0.46584925504378333,0.2553766224119398,0.9950225453317901,0.9884114583333333
5,188,0.0005100559210404754,0.0006746934377588332,0.4660136146309935,0.26418519417444863,0.9948935426311728,0.9888834635416667
5,189,0.0005078396643511951,0.0006578441243618727,0.471631450564773,0.2914746430185106,0.9950550974151234,0.9888888888888889
5,190,0.0005001735407859087,0.0006606017122976482,0.47761330869462754,0.2821992039680481,0.9951117621527777,0.9887424045138888
5,191,0.0005019633681513369,0.0006551698315888643,0.47720345935703795,0.28425544632805716,0.9952769338348766,0.9886555989583333
5,192,0.000500800902955234,0.0006568316603079438,0.47551290532689033,0.28426821496751575,0.9953528886959877,0.9882378472222222
5,193,0.0004937132471241057,0.0006685833795927465,0.4846437813323221,0.26138825681474476,0.9951702353395062,0.98857421875
5,194,0.0004878033942077309,0.0006526433862745762,0.49226587216059364,0.29370193746354845,0.9953366126543209,0.9890896267361111
5,195,0.0004886416718363762,0.0006644953973591328,0.49350785620418597,0.27972443766064115,0.995265480324074,0.988525390625
5,196,0.0004888345138169825,0.0006474212859757245,0.49267367830982917,0.3030381030506558,0.9953112943672839,0.9896755642361111
5,197,0.000482207047753036,0.0006444130558520555,0.5011110263106263,0.3063701073328654,0.9954294463734568,0.9890353732638889
5,198,0.0004825660143978894,0.000656795222312212,0.49872231512893866,0.28845527172088625,0.9953402295524691,0.9886176215277778
5,199,0.00046959519386291504,0.000663977290969342,0.5098480059776778,0.2724271522627936,0.995433063271605,0.9886935763888889
5,200,0.00047358073061332107,0.0006627434631809592,0.5062868935090524,0.2719176491101583,0.9955699025848765,0.9886501736111111
5,201,0.00047443219227716327,0.0006580895278602839,0.5081971635053187,0.28250742620891994,0.9954758632330247,0.9892252604166667
5,202,0.00046602910151705146,0.0006546631921082735,0.5140446146329244,0.28574006292555065,0.9957338686342593,0.98876953125
5,203,0.0004606578731909394,0.0006451394874602556,0.5240361045908045,0.302700678507487,0.9956470630787037,0.98955078125
5,204,0.0004615991492755711,0.0006555910804308951,0.5227163975621447,0.28530666828155515,0.9958761332947531,0.9890570746527778
5,205,0.00045657908776775,0.0006540099275298417,0.5272584776819488,0.28608977132373387,0.9958851755401235,0.9895182291666667
5,206,0.00045854836935177445,0.0006564325885847211,0.52449404604641,0.2884940995110406,0.9959743923611111,0.9898871527777777
5,207,0.0004515337059274316,0.0006626671529375017,0.5328137237348675,0.27983721362219915,0.9959768036265432,0.9893825954861111
5,208,0.00044915956095792353,0.0006463443278335035,0.5373891244699925,0.29174119234085083,0.9959810233410494,0.9898220486111111
5,209,0.00044553319457918406,0.0006596408202312887,0.5412250767519444,0.28365357319513956,0.9959906684027777,0.9899088541666666
5,210,0.00043436442501842976,0.0006435314426198602,0.5527329441941815,0.30221179988649155,0.9963342737268519,0.990185546875
5,211,0.0004317407147027552,0.0006601235363632441,0.5552735116746691,0.27712126043107776,0.9964470003858025,0.9896213107638889
5,212,0.00042861097608692944,0.0006528996163979173,0.5583061670079643,0.2888109842936198,0.9965133101851852,0.9897406684027777
5,213,0.00042928746552206576,0.0006442455924116075,0.562978740386021,0.3055480572912428,0.9965295862268518,0.990087890625
5,214,0.00043109027319587767,0.0006509223021566868,0.5556636464448623,0.2897815227508545,0.9966212143132716,0.9902560763888889
5,215,0.0004249914491083473,0.0006500848685391247,0.5642860740791132,0.29284718698925444,0.9965518904320988,0.9900499131944445
5,216,0.00042232481064274907,0.000648229499347508,0.5662684277251915,0.29379264778561065,0.9967646846064815,0.98974609375
5,217,0.0004132670583203435,0.0006513438420370221,0.5776460468033213,0.2897608068254259,0.9967333381558642,0.9895562065972222
5,218,0.0004165673744864762,0.000660164630971849,0.5713853761001869,0.2798752983411153,0.9967743296682099,0.9898220486111111
5,219,0.0004164890560787171,0.0006513500702567399,0.5703185343448026,0.29475805626975166,0.9967990451388888,0.9896918402777778
5,220,0.00041216841782443225,0.0006491366075351834,0.5794730186462402,0.2896905091073778,0.9967701099537037,0.990380859375
5,221,0.00041121241520158947,0.0006558939930982888,0.5797867411448632,0.28134633037779067,0.9969376929012346,0.9899142795138889
5,222,0.0004099897341802716,0.0006497488357126713,0.5817893360867913,0.2913893845346239,0.9968593267746914,0.990673828125
6,1,0.17020627856254578,0.03563177213072777,-259.72101717348454,-51.41276183658176,0.6077974295910494,0.9953179253472222
6,2,0.021038535982370377,0.00869076419621706,-31.095458310327412,-11.493939669926961,0.9951792775848766,0.9953179253472222
6,3,0.006834061816334724,0.004293980076909065,-9.3986804511812,-4.939398593372768,0.9951792775848766,0.9953179253472222
6,4,0.003995888400822878,0.0031052534468472004,-4.910252448070197,-3.157378665606181,0.9951792775848766,0.9953179253472222
6,5,0.0030514607205986977,0.0025734230875968933,-3.4258189975479505,-2.3569282982084485,0.9951792775848766,0.9953179253472222
6,6,0.002559024840593338,0.0022565959952771664,-2.644244901927901,-1.878568500942654,0.9951792775848766,0.9953179253472222
6,7,0.0022451351396739483,0.0020421063527464867,-2.1473416443224305,-1.5538373947143556,0.9951792775848766,0.9953179253472222
6,8,0.0020242189057171345,0.001882532611489296,-1.7970332045613984,-1.311617914835612,0.9951792775848766,0.9953179253472222
6,9,0.0018560729222372174,0.0017582621658220887,-1.520741214281247,-1.1225352658165826,0.9951792775848766,0.9953179253472222
6,10,0.0017234489787369967,0.0016602477990090847,-1.3084128515219984,-0.9729407125049168,0.9951792775848766,0.9953179253472222
6,11,0.0016177354846149683,0.0015794606879353523,-1.1381682572541414,-0.8493722783194648,0.9951792775848766,0.9953179253472222
6,12,0.0015308697475120425,0.0015144649660214782,-0.9952708161907432,-0.749849616156684,0.9951792775848766,0.9953179253472222
6,13,0.0014669361989945173,0.001533603179268539,-0.8949889971886152,-0.7827496502134536,0.9951792775848766,0.9953179253472222
6,14,0.0015787382144480944,0.0019086652901023626,-0.9933651356049525,-1.1582222753100926,0.9943787374614198,0.9940212673611111
6,15,0.0016343900933861732,0.00155610719230026,-1.0874251680609621,-0.7905749122301737,0.9944944782021605,0.9953179253472222
6,16,0.0015208909753710032,0.0015315028140321374,-0.9352412924354458,-0.7454390631781684,0.9945011091820988,0.9945746527777778
6,17,0.001417146297171712,0.0014606835320591927,-0.7828128780847714,-0.625577257739173,0.9930742428626543,0.9762424045138889
6,18,0.0013433636631816626,0.001338095753453672,-0.6673979962313616,-0.4903647581736247,0.9884096498842593,0.9930121527777778
6,19,0.0012797201052308083,0.0012994178105145693,-0.5808386899806836,-0.42970445023642645,0.9886905623070987,0.9834743923611111
6,20,0.0012416286626830697,0.0012811763444915414,-0.5221413203227667,-0.39323486619525483,0.9873788339120371,0.9786078559027778
6,21,0.0012078213039785624,0.0012206947430968285,-0.469866614430039,-0.31628958914015026,0.9855022665895061,0.991845703125
6,22,0.0011609077919274569,0.0012033823877573013,-0.398611303317694,-0.29229347308476766,0.986574074074074,0.9858940972222222
6,23,0.0011345355305820704,0.0011867443099617958,-0.3583468281192544,-0.26205491092469957,0.9851580584490741,0.9871310763888889
6,24,0.0011165093164891005,0.0011725479271262884,-0.3288715424361052,-0.24182901912265353,0.9856228298611112,0.9784559461805555
6,25,0.0010973323369398713,0.001156312064267695,-0.2981061938368244,-0.21057106256484986,0.9843725887345679,0.9762586805555555
6,26,0.0010656260419636965,0.0011361571960151196,-0.2537235227631934,-0.18688835435443454,0.9847939573688271,0.9768608940972222
6,27,0.001053319894708693,0.001124307862482965,-0.23409144893104647,-0.1720802280637953,0.9852876639660494,0.9865451388888888
6,28,0.001043118885718286,0.0011080484837293625,-0.217788189281652,-0.14926737282011243,0.9861388406635803,0.9857367621527777
6,29,0.00103190285153687,0.0010981616796925664,-0.19932708828537551,-0.13280967473983765,0.9837607301311728,0.9811469184027778
6,30,0.0010140008525922894,0.0010922392830252647,-0.17471998414875548,-0.12436583969328138,0.9857536410108024,0.9783908420138889
6,31,0.001010913634672761,0.0010803036857396364,-0.1691103960260933,-0.10525850057601929,0.9841519579475309,0.9839680989583334
6,32,0.0009981098119169474,0.0010773248504847288,-0.14938446901462696,-0.0982040007909139,0.9858609423225309,0.9787977430555556
6,33,0.0009914531838148832,0.0010666872840374708,-0.13903210869541874,-0.08970705800586276,0.9858006606867284,0.9749565972222223
6,34,0.0009877048432826996,0.0010560904629528522,-0.13412345279881985,-0.0715869731373257,0.9843798225308642,0.9873643663194445
6,35,0.0009795344667509198,0.001052401727065444,-0.12007628635123924,-0.06410056749979655,0.985180362654321,0.9888726128472223
6,36,0.0009705008706077933,0.001051957719027996,-0.10585833449422577,-0.0664425704214308,0.9857138551311728,0.9701931423611111
6,37,0.0009644474484957755,0.0010448101675137877,-0.09766409146932908,-0.05473527775870429,0.9851128472222223,0.9788194444444445
6,38,0.0009668641141615808,0.0010376053396612406,-0.10254794962612199,-0.048677060339185924,0.9843864535108025,0.9848090277777778
6,39,0.0009577817982062697,0.001039269845932722,-0.09175962194984341,-0.053565131293402776,0.985373866705247,0.9756456163194445
6,40,0.0009554591379128397,0.0010314451064914465,-0.08679915225064314,-0.04542406532499525,0.9844190055941358,0.9833713107638888
6,41,0.0009558795718476176,0.0010174267226830125,-0.09059848579359643,-0.027137845092349584,0.9842152536651234,0.9822102864583333
6,42,0.0009443354210816324,0.001016587601043284,-0.07273959701443895,-0.027664616372850205,0.9845190731095679,0.98046875
6,43,0.0009493271936662495,0.0010214117355644703,-0.08095743008601812,-0.033826659785376655,0.9838005160108024,0.9821506076388888
6,44,0.0009383010910823941,0.001030864310450852,-0.06692365216620175,-0.05384150081210666,0.9846293885030865,0.9848253038194444
6,45,0.0009479955770075321,0.0010103085078299046,-0.08318000163561032,-0.02100092569986979,0.984373191550926,0.9824110243055556
6,46,0.0009391101775690913,0.0010024051880463958,-0.06891465893498173,-0.00968965556886461,0.9831368152006172,0.9790907118055555
6,47,0.0009343961719423532,0.0010038490872830153,-0.0624654409326153,-0.015279140737321641,0.983837890625,0.982666015625
6,48,0.0009388807229697704,0.0009984634816646576,-0.06902572255075713,-0.00731683439678616,0.9835907359182099,0.9842339409722223
6,49,0.0009374304790981114,0.00100032112095505,-0.06930656668580609,-0.011505489879184299,0.9832435136959876,0.9825629340277777
6,50,0.0009332785848528147,0.0009992331033572555,-0.06349981993804743,-0.007362148496839735,0.9827576437114197,0.9771321614583334
6,51,0.0009269098518416286,0.0010010936530306935,-0.0576490933512464,-0.01256295707490709,0.9830156491126543,0.9774522569444445
6,52,0.0009272913448512554,0.0009941777680069208,-0.057207929057839474,-0.0020171642303466798,0.9823374807098766,0.9753526475694444
6,53,0.0009232290904037654,0.0009868144989013672,-0.05236885738961491,0.009861591127183702,0.9818311149691358,0.9775987413194445
6,54,0.0009195648599416018,0.0009940294548869133,-0.045913029894416715,-0.00316366089714898,0.9819619261188272,0.9729220920138889
6,55,0.0009151074918918312,0.0009852893417701125,-0.039424368628749144,0.010298367341359456,0.9816068672839506,0.9747287326388889
6,56,0.0009164682123810053,0.0009812198113650084,-0.0413774753794258,0.01839852068159315,0.9807472511574075,0.9778537326388889
6,57,0.000907912733964622,0.0009803342400118709,-0.030593090292848187,0.01662804815504286,0.9806743103780864,0.9748155381944444
6,58,0.0009034007089212537,0.0009746720897965133,-0.024249547352025537,0.025884815057118735,0.980982349537037,0.9776258680555555
6,59,0.0009018824785016477,0.00098071014508605,-0.021573441999929922,0.018709047635396322,0.9808973524305555,0.9725694444444445
6,60,0.0008987965411506593,0.0009790018666535616,-0.01666942967308892,0.01722730133268568,0.9800907841435185,0.974755859375
6,61,0.0008980643469840288,0.0009759843233041465,-0.016380058983225882,0.023205198182000054,0.980176986882716,0.9724555121527778
6,62,0.0008981061400845647,0.0009696013294160366,-0.017107214603895023,0.03057816293504503,0.9795355902777778,0.973291015625
6,63,0.0008887493168003857,0.0009684964315965772,-0.003439579039444158,0.03314820130666097,0.9798442322530864,0.9741102430555556
6,64,0.0008894001366570592,0.0009683105745352805,-0.003244352929386092,0.03596610758039687,0.9802541473765433,0.9718424479166666
6,65,0.0008829878061078489,0.0009748059092089534,0.004030835628509521,0.02199081712298923,0.9800069926697531,0.9694390190972222
6,66,0.0008890809258446097,0.000960092875175178,-0.006698731287026111,0.043726615111033124,0.9792444299768519,0.9718478732638889
6,67,0.0008768265834078193,0.0009620040655136108,0.010436213899541785,0.04283378786510891,0.9799045138888889,0.9748589409722223
6,68,0.0008828276768326759,0.0009559745667502284,0.003558781411912706,0.05164897441864014,0.9791497878086419,0.9733452690972222
6,69,0.0008782075019553304,0.0009583691135048866,0.009416161643134222,0.04574810266494751,0.9796434944058642,0.9739529079861111
6,70,0.0008728702086955309,0.000956088537350297,0.016298135857523224,0.05244060224956936,0.9792456356095679,0.9748589409722223
6,71,0.0008738410542719066,0.0009547369554638863,0.014181605827661209,0.05172843270831638,0.9797755111882716,0.9722819010416667
6,72,0.0008706923108547926,0.0009566406952217221,0.02218346963694066,0.05281335247887505,0.9797911844135803,0.9669270833333333
6,73,0.0008744756341911852,0.0009491192759014666,0.014710169957007892,0.06508225864834255,0.9794077932098766,0.9731987847222222
6,74,0.0008646786445751786,0.0009560814942233264,0.027770732950281214,0.04952592849731445,0.9791871624228395,0.9751030815972223
6,75,0.0008602780872024596,0.0009541854960843921,0.034964820632228145,0.052816367149353026,0.9798695505401235,0.9731336805555556
6,76,0.0008685503853484988,0.0009580017649568617,0.021907487916357722,0.052671831183963354,0.9798008294753087,0.97216796875
6,77,0.0008586570038460195,0.0009489114745520055,0.03879834339942461,0.06386272642347547,0.9801824122299383,0.9719889322916667
6,78,0.0008584990864619613,0.0009480728767812252,0.03533052794727278,0.06745953957239786,0.9794861593364198,0.9787380642361111
6,79,0.0008557600085623562,0.000946386600844562,0.03922033295219327,0.06925553348329332,0.9801052517361111,0.9739908854166667
6,80,0.000855889287777245,0.0009414746891707182,0.038570434370158634,0.07624035014046562,0.980420524691358,0.9778862847222223
6,81,0.0008513851789757609,0.000940016470849514,0.04593874598726814,0.07984675566355387,0.9800226658950617,0.9768825954861111
6,82,0.0008518857066519558,0.0009353119530715048,0.04517352433852208,0.08619792064030965,0.9804144965277778,0.976708984375
6,83,0.0008443719707429409,0.0009377397364005446,0.057165292898813884,0.08265676763322619,0.9802179783950618,0.9751356336805556
6,84,0.0008421399397775531,0.0009353887289762497,0.058261048352276835,0.08222823937733968,0.9807412229938272,0.9763997395833334
6,85,0.0008366701658815145,0.000927144312299788,0.06454901459776324,0.09305249055226644,0.9806706934799383,0.9763400607638889
6,86,0.000841135042719543,0.0009337650262750685,0.0595358067088657,0.08994631899727715,0.9803120177469136,0.9756944444444444
6,87,0.0008361511281691492,0.0009277444332838058,0.06360477135505205,0.09201344119177925,0.9807484567901235,0.9746202256944444
6,88,0.0008356580510735512,0.0009304794366471469,0.06832326370992778,0.08926241530312432,0.981272907021605,0.9739963107638889
6,89,0.000832548423204571,0.0009275451302528381,0.07226777017852407,0.09460639556248983,0.9811161747685185,0.9751085069444444
6,90,0.000829316966701299,0.0009254380129277706,0.07402761512332492,0.099289427863227,0.9810390142746913,0.97587890625
6,91,0.0008280826732516289,0.0009223403758369386,0.07779907297205042,0.10404094722535875,0.9813536844135803,0.9773111979166667
6,92,0.0008225153433158994,0.0009259480866603553,0.08396338268562599,0.09931769768397013,0.9819757908950617,0.9741644965277778
6,93,0.0008276186999864876,0.0009216140024363995,0.07726746253025385,0.10605354176627266,0.9816605179398148,0.9785319010416667
6,94,0.0008211671374738216,0.0009202765650115907,0.08790905475616455,0.10505041281382242,0.9818443769290124,0.9769965277777778
6,95,0.0008210033411160111,0.0009182371431961656,0.08712464703453912,0.11159749428431193,0.9821656780478395,0.9793348524305555
6,96,0.0008165953913703561,0.0009185631643049419,0.09101942306683387,0.10795713530646431,0.9827383535879629,0.9765190972222222
6,97,0.0008119103731587529,0.0009144942741841078,0.09889273672928045,0.11666843493779501,0.9824851707175926,0.9800998263888889
6,98,0.0008134031668305397,0.0009165557567030191,0.09711573727336931,0.11378209193547567,0.983009018132716,0.9765842013888889
6,99,0.0008087583119049668,0.0009161459165625274,0.1006440015486729,0.11600336101320055,0.9829704378858025,0.9781846788194445
6,100,0.0008104885346256196,0.0009103171760216355,0.10024088974352237,0.12352266841464572,0.983128978587963,0.9781087239583334
6,101,0.0008011110476218164,0.0009136639419011772,0.11287007302413753,0.11500486400392321,0.9834490740740741,0.9782443576388888
6,102,0.0008075304212979972,0.0009107466321438551,0.10367534351937564,0.12029115226533678,0.9836811583719136,0.9774848090277778
6,103,0.0008003857219591737,0.0009129756363108754,0.11383479818885708,0.1196044537756178,0.9837221498842592,0.9787706163194444
6,104,0.0007978798821568489,0.0009081006865017116,0.11814854248070422,0.12814889086617365,0.9841965663580247,0.9786566840277777
6,105,0.00079744728282094,0.0009059255826286972,0.11724499625924192,0.1291382670402527,0.9840301890432098,0.9796766493055555
6,106,0.000790824182331562,0.000906573433894664,0.1251810986318706,0.12989301681518556,0.9844545717592592,0.9786404079861111
6,107,0.0007902327924966812,0.0009073468390852213,0.12492436464921927,0.12806219789716933,0.9844063464506173,0.9798882378472222
6,108,0.0007929637795314193,0.0009060890879482031,0.12177493572235107,0.13182026280297174,0.9846794222608025,0.9799045138888889
6,109,0.000783307128585875,0.0009025860927067697,0.13309978187820057,0.13568709823820327,0.9849959008487654,0.9784288194444445
6,110,0.0007840949110686779,0.0009000549325719476,0.13321552600389647,0.13794807195663453,0.9845666956018518,0.9814832899305556
6,111,0.00077794399112463,0.0009017413249239326,0.14142831534515193,0.13714136017693412,0.9851447964891975,0.9775607638888889
6,112,0.0007856200681999326,0.0009019849821925163,0.13078163111651386,0.13793670733769733,0.9853117766203704,0.9797797309027778
6,113,0.0007748649222776294,0.0008965616580098867,0.1438926883685736,0.142574409643809,0.9852352189429012,0.981640625
6,114,0.0007739594439044595,0.0009002546430565417,0.14569847377730005,0.13839691480000813,0.986058666087963,0.9798882378472222
6,115,0.0007717209518887103,0.0008946507005020976,0.14993087141602127,0.1476726426018609,0.9856517650462963,0.9805772569444444
6,116,0.0007702418370172381,0.0008972078794613481,0.15059403475419975,0.14625335004594592,0.9860996576003086,0.9831000434027778
6,117,0.0007681857096031308,0.0008955875528044999,0.1534526820536013,0.14720695813496906,0.9864444685570988,0.9806640625
6,118,0.0007649629842489958,0.0008935140212997794,0.153009808357851,0.1476954499880473,0.9862750771604938,0.9819064670138888
6,119,0.0007590109016746283,0.0008925434085540473,0.16254181744139873,0.15338668823242188,0.9865186149691358,0.9825466579861111
6,120,0.0007562670507468283,0.0008882473921403289,0.16624838702472639,0.15383783976236978,0.9868821132330247,0.9827365451388889
6,121,0.0007526140543632209,0.0008864051778800786,0.1696712671974559,0.15803672075271608,0.9871684510030864,0.9837022569444445
6,122,0.0007504243985749781,0.0008874794002622366,0.17226542720088253,0.15862162907918295,0.9872389805169753,0.9821343315972222
6,123,0.0007503691595047712,0.0008890668977983296,0.17520275910695393,0.15793823930952283,0.9872624903549383,0.9819715711805556
6,124,0.0007474599406123161,0.0008886076975613832,0.175871910136423,0.15725819534725613,0.9873673804012346,0.9830674913194445
6,125,0.0007419759058393538,0.0008866476127877831,0.1839308943277524,0.16044093502892387,0.9875994646990741,0.982861328125
6,126,0.0007391314720734954,0.0008833036408759654,0.18565940106356585,0.1642850809627109,0.9876199604552469,0.982421875
6,127,0.0007409829995594919,0.0008848047582432628,0.18638057811760608,0.16273944245444405,0.9877989969135802,0.98037109375
6,128,0.0007371389656327665,0.000884201203007251,0.19222172130773096,0.1644760767618815,0.9879316165123457,0.9820203993055555
6,129,0.0007346278289332986,0.0008819341892376542,0.19247057835261028,0.16766622993681166,0.9880232445987654,0.9842990451388889
6,130,0.0007328764768317342,0.0008814273751340806,0.19394768859133307,0.16694791714350382,0.9884819878472222,0.9844129774305556
6,131,0.0007299734279513359,0.0008762078359723091,0.19925121907834653,0.1743139836523268,0.9883499710648148,0.984326171875
6,132,0.0007267012260854244,0.0008749529952183366,0.20333711836073134,0.17573688427607217,0.9885320216049382,0.983154296875
6,133,0.0007195211946964264,0.0008728269604034722,0.20695403004870003,0.17661040491527982,0.9887321566358025,0.9842664930555556
6,134,0.000717025890480727,0.0008716178126633167,0.21046654044845958,0.17767304049597846,0.9889172212577161,0.9824652777777778
6,135,0.0007156772189773619,0.0008678038138896227,0.216953546323894,0.18057740529378255,0.9888195650077161,0.9837619357638889
6,136,0.0007141119567677379,0.0008725796360522509,0.2196180632084976,0.17854169209798176,0.9889413339120371,0.9844618055555555
6,137,0.0007080259965732694,0.0008732408750802279,0.22537966348506785,0.17967331806818646,0.989329547646605,0.9850423177083333
6,138,0.0007063341327011585,0.0008685171487741172,0.22709871192037323,0.18524493641323514,0.9893572771990741,0.9859320746527778
6,139,0.0006998767494224012,0.0008681626059114933,0.23319183470290383,0.1882256401909722,0.9895393277391975,0.9853515625
6,140,0.0006969592650420964,0.000866869930177927,0.23776376556467127,0.1894845141304864,0.9896219135802469,0.984130859375
6,141,0.0006952768890187144,0.0008705025538802147,0.2400452254730978,0.18656206528345745,0.9896086516203704,0.9854329427083334
6,142,0.0006967050721868873,0.0008666498470120132,0.24140328963597615,0.18678666088316176,0.9899848090277777,0.9842447916666667
6,143,0.0006888172938488424,0.0008629495278000832,0.24982113381962717,0.19128904342651368,0.9900288146219136,0.9844075520833333
6,144,0.0006784810684621334,0.0008660034509375691,0.2622626319343661,0.19299417469236585,0.9901337046682098,0.9855848524305556
6,145,0.0006806886522099376,0.0008635724079795182,0.2572920716839072,0.19465144872665405,0.9905556761188271,0.9853244357638888
6,146,0.0006794423097744584,0.0008606689516454935,0.2595098736845417,0.19710417456097074,0.990112606095679,0.9860514322916667
6,147,0.0006727301515638828,0.0008619360160082579,0.26576510741386883,0.1936238447825114,0.9904411410108025,0.9840060763888889
6,148,0.000674587266985327,0.0008632426615804434,0.26654629236386146,0.19404538207583957,0.9903055073302469,0.9874782986111111
6,149,0.0006737445946782827,0.000863828114233911,0.2654334945443236,0.19675219058990479,0.9902398003472223,0.9862413194444445
6,150,0.0006684887339361012,0.0008570837089791894,0.2714853383876659,0.20088207721710205,0.9907600308641975,0.9859537760416667
6,151,0.0006667482666671276,0.0008575472747907043,0.27851430619204487,0.1955088800854153,0.990577377507716,0.9861653645833334
6,152,0.0006624511443078518,0.0008522159187123179,0.2810771017898748,0.2075029214223226,0.9911807966820988,0.9854926215277777
6,153,0.0006605333182960749,0.0008559147827327251,0.28450749200067404,0.20223880343967013,0.9910228587962963,0.9853298611111111
6,154,0.0006579221808351576,0.0008632027311250567,0.2863285944785601,0.18547433217366535,0.9909884982638889,0.9850640190972222
6,155,0.0006566498195752501,0.0008484450518153608,0.28758718040254383,0.21017498175303143,0.9908974729938271,0.9868923611111111
6,156,0.0006479705916717649,0.0008487345185130835,0.29916403234740835,0.20957627561357287,0.991456283757716,0.9871256510416667
6,157,0.0006443530437536538,0.0008525520097464323,0.3014939609869027,0.20910316308339436,0.991650390625,0.9875596788194444
6,158,0.0006401825812645257,0.0008547287434339523,0.30884164144963394,0.20435190598169964,0.991650993441358,0.9870496961805556
6,159,0.0006374636432155967,0.0008466168073937297,0.30963154280627214,0.21114121543036568,0.9918294270833333,0.9871148003472222
6,160,0.0006359148537740111,0.0008466719300486147,0.31138980123731824,0.21073038313123915,0.9919704861111112,0.9876247829861111
6,161,0.0006293780752457678,0.0008485097205266356,0.32020093143722156,0.20709605879253812,0.9921254099151234,0.9871907552083333
6,162,0.0006300141103565693,0.0008501523407176137,0.31500272235752624,0.21039549112319947,0.9921525366512346,0.98623046875
6,163,0.0006322606932371855,0.0008574598468840122,0.3161188506785734,0.20204332934485542,0.9919264805169753,0.9870659722222223
6,164,0.0006217712652869523,0.000848939991556108,0.3295349132867507,0.21135056813557943,0.9924382716049382,0.987451171875
6,165,0.0006181045318953693,0.000842073408421129,0.33081515894995794,0.21594870885213216,0.9924141589506172,0.9871853298611111
6,166,0.0006154085858725011,0.0008452993351966143,0.3351302085099397,0.21259364287058513,0.9924099392361111,0.9875379774305556
6,167,0.0006127989618107677,0.0008487824234180152,0.33985679650012357,0.20778091616100736,0.9926245418595679,0.988037109375
6,168,0.0006071031093597412,0.0008483238634653389,0.34422422382566664,0.21125525368584527,0.9926962770061728,0.9865776909722223
6,169,0.0006089545204304159,0.0008441942627541721,0.344508303977825,0.20929049915737577,0.9926872347608025,0.9880479600694444
6,170,0.0006068335496820509,0.0008403963875025511,0.3477996316956885,0.2146366622712877,0.9925455729166667,0.9870768229166667
6,171,0.0006029087235219777,0.0008529096376150846,0.35020898506965165,0.20631645917892455,0.9926667390046297,0.9880099826388888
6,172,0.0005988396005704999,0.0008504902943968773,0.3525323349752544,0.20894728501637777,0.9928059895833333,0.9878363715277778
6,173,0.000593081524129957,0.0008592991507612169,0.36147755045949675,0.19701913860109116,0.9931773244598765,0.9874131944444444
6,174,0.0005912954802624881,0.0008442834950983524,0.3645144010767525,0.21160624159706964,0.9930374710648148,0.9879937065972222
6,175,0.0005885714199393988,0.0008482973207719624,0.3655242809542903,0.21020119455125597,0.993189983603395,0.9878146701388889
6,176,0.0005790878203697503,0.0008441609097644687,0.376978055930432,0.21846951776080661,0.9932773919753086,0.9880750868055556
6,177,0.0005789907881990075,0.0008441384416073561,0.37678858983663865,0.2142964243888855,0.9935185185185185,0.9888346354166667
6,178,0.0005746231763623655,0.0008359379135072231,0.38287378829202534,0.22055063777499728,0.993504050925926,0.9881076388888889
6,179,0.0005753902951255441,0.0008478878880850971,0.38246531560097213,0.20719906356599596,0.9937849633487654,0.9878038194444444
6,180,0.0005749906413257122,0.000839828047901392,0.3789285138801292,0.21897349622514511,0.9936306423611111,0.9881293402777778
6,181,0.0005675230058841407,0.0008386645931750536,0.3862083617551827,0.219603255059984,0.9938518759645062,0.9881944444444445
6,182,0.0005636852001771331,0.0008411856251768768,0.3958453745017817,0.2146141568819682,0.9937723042052469,0.9882052951388889
6,183,0.0005651261890307069,0.0008432616014033556,0.3926227750601592,0.21689938836627537,0.994018856095679,0.9875
6,184,0.0005560918943956494,0.000842248322442174,0.4024204941443455,0.22423853211932712,0.9939983603395062,0.9875596788194444
6,185,0.000553213816601783,0.0008333782898262143,0.40395444248929435,0.2315815183851454,0.9939429012345679,0.9880099826388888
6,186,0.0005583591992035508,0.0008384263492189348,0.40158409969306286,0.2249473187658522,0.9939085407021605,0.9898274739583334
6,187,0.000553053105250001,0.000830591656267643,0.4085117053102564,0.23551333745320638,0.9942027150848766,0.9882921006944444
6,188,0.0005473701748996973,0.0008421657839789987,0.4138764612468672,0.21982993417316013,0.9941273630401235,0.9881510416666667
6,189,0.000543913571164012,0.0008398053469136357,0.41558603004172995,0.22744774685965644,0.9942521460262346,0.9887369791666667
6,190,0.0005359018687158823,0.0008340725908055902,0.4263750754756692,0.23096739583545262,0.994384162808642,0.9884765625
6,191,0.000541438814252615,0.0008367379195988178,0.41979032033755453,0.2298508988486396,0.994410083912037,0.9888617621527778
6,192,0.0005321584176272154,0.0008398998179472983,0.4324951629579803,0.2273131012916565,0.994554157021605,0.9886338975694444
6,193,0.0005306624807417393,0.0008420622907578945,0.4348811677944513,0.22534986866845025,0.9944118923611112,0.9883951822916667
6,194,0.0005274638533592224,0.0008344753296114504,0.4335606932640076,0.22761566903856065,0.994627700617284,0.989111328125
6,195,0.0005237080622464418,0.0008318045875057578,0.4407348724059117,0.23569223880767823,0.9945408950617284,0.9891059027777778
6,196,0.00051733513828367,0.0008393714670091867,0.44792486708841206,0.22424006594551935,0.9948959538966049,0.9892795138888889
6,197,0.0005160530563443899,0.0008408423163928092,0.4494889659646117,0.22477378182941013,0.9948398919753086,0.9895128038194444
6,198,0.0005145282484591007,0.0008436006028205156,0.4512231026166751,0.22137326796849568,0.9949260947145062,0.9886393229166667
6,199,0.0005130093195475638,0.0008507161401212215,0.45445533372737745,0.21067951255374484,0.9950538917824074,0.9893988715277777
6,200,0.0005079221446067095,0.0008387412526644766,0.46102194418141873,0.22585863802168105,0.9951497395833333,0.989306640625
6,201,0.0004959087818861008,0.0008347677066922188,0.4708850978333273,0.23447241915596856,0.9953251591435185,0.9897677951388889
6,202,0.0004962450475431979,0.0008349707932211459,0.4714635372161865,0.23187255726920233,0.9954547646604939,0.9896267361111111
6,203,0.0004951871233060956,0.0008328749099746346,0.47380415289490313,0.2341991318596734,0.9955445842978395,0.9898491753472223
6,204,0.0004927214467898011,0.0008273395360447466,0.4767913672659132,0.2405278417799208,0.9954915364583333,0.9900173611111112
6,205,0.0004975488409399986,0.000837266503367573,0.47129757669236927,0.2311728729142083,0.9955252941743827,0.989990234375
6,206,0.0004904558300040662,0.000832852441817522,0.48159053472825036,0.23742856052186753,0.9955512152777778,0.9897352430555556
6,207,0.0004904408124275506,0.0008297895547002554,0.47913192878534766,0.23900812996758355,0.9957079475308642,0.990283203125
6,208,0.0004843353817705065,0.0008332091965712607,0.48605700760711856,0.23320162031385633,0.9957459249614198,0.9900390625
6,209,0.00048502435674890876,0.0008375374600291252,0.4828563222178706,0.23162819809383817,0.9957796826774692,0.98935546875
6,210,0.00048380575026385486,0.0008335488382726908,0.48802158023104253,0.23533957534366184,0.9958550347222223,0.9898546006944444
6,211,0.0004796559805981815,0.0008337053004652262,0.4888544140038667,0.23742643462287055,0.9957133728780864,0.9900607638888889
6,212,0.00048414123011752963,0.000826913514174521,0.4841506435547346,0.244769377178616,0.9958785445601852,0.9900933159722223
6,213,0.00047392581473104656,0.0008247798541560769,0.5002735260092182,0.24483380185233222,0.9958212770061728,0.9901746961805555
6,214,0.00047186214942485094,0.0008214876288548112,0.4957714495835481,0.24585085047615898,0.9958930121527778,0.9900661892361111
6,215,0.0004733871901407838,0.0008310466073453426,0.5025240883415127,0.23416161272260877,0.9958610628858025,0.9895833333333334
6,216,0.00047363885096274316,0.0008314579026773572,0.49646469442932695,0.237068247795105,0.9958025896990741,0.989794921875
6,217,0.0004703023296315223,0.0008356946636922657,0.506441816577205,0.23500341574350994,0.9957706404320987,0.9905110677083333
6,218,0.0004688611952587962,0.0008224798366427422,0.5087565826781002,0.2504806690745883,0.9960967640817902,0.9903483072916667
6,219,0.00046744008432142437,0.0008259855094365776,0.5085793916090036,0.24411866929796006,0.9959490740740741,0.9901638454861111
6,220,0.00046787812607362866,0.0008294852450489998,0.5068557755446729,0.24457382758458454,0.9960575810185185,0.9903537326388889
6,221,0.0004647719906643033,0.000824198592454195,0.5060136438887797,0.24584834310743545,0.9959912712191358,0.9904839409722223
6,222,0.00046685757115483284,0.0008170509245246649,0.5080619969485719,0.2557895753118727,0.9961184654706791,0.9904242621527778
6,223,0.00046469923108816147,0.0008232148829847574,0.5078762996343918,0.24831822845670912,0.996216724537037,0.9905924479166667
6,224,0.0004579492087941617,0.0008251286344602704,0.5149285460695808,0.24645215935177273,0.9961461950231482,0.9902126736111111
6,225,0.0004560025117825717,0.0008397982455790043,0.5193510866459505,0.23105414708455405,0.9962462625385803,0.98994140625
6,226,0.0004529545549303293,0.0008315248414874077,0.519629164389622,0.24095303217569988,0.9961944203317902,0.9906087239583333
6,227,0.00045279128244146705,0.0008275950094684958,0.5245896418889363,0.24661824305852253,0.9962088879243827,0.9899793836805556
6,228,0.00045275810407474637,0.0008331025019288063,0.5228258826114514,0.24106087817086114,0.9962414400077161,0.9903754340277777
6,229,0.00045019478420726955,0.0008246036595664918,0.5253025461126257,0.24818495512008668,0.9962348090277777,0.9904568142361111
6,230,0.000446817371994257,0.0008242105250246823,0.5285185553409435,0.2509993738598294,0.9962028597608025,0.9906358506944445
6,231,0.00044595502549782395,0.0008210517698898911,0.5311804552137116,0.2559028426806132,0.9963987750771605,0.990673828125
6,232,0.0004457011818885803,0.000834141974337399,0.5287884207419408,0.24079272879494562,0.9963674286265433,0.9902452256944444
6,233,0.0004496615147218108,0.0008239768794737756,0.525701340333915,0.25083716048134697,0.9963879243827161,0.9904513888888888
6,234,0.00043919746531173587,0.0008254896383732557,0.536879113132571,0.24996335373984443,0.9963535638503086,0.9905436197916667
6,235,0.0004389324749354273,0.0008229722734540701,0.5382736214885006,0.25296928220325043,0.9966001157407407,0.9906412760416666
6,236,0.0004362146428320557,0.0008205556077882648,0.5398629540278588,0.2549147182040744,0.9964554398148148,0.9906521267361111
6,237,0.00043618323979899287,0.0008231854299083352,0.5384822069862742,0.2522545297940572,0.9966995804398148,0.9905164930555556
6,238,0.00043478613952174783,0.0008241456816904247,0.542884780595332,0.2508074786927965,0.9966380931712963,0.9907931857638889
6,239,0.0004310118383727968,0.0008237978909164667,0.5450625628600886,0.25155846807691784,0.9965350115740741,0.9907769097222222
6,240,0.0004333332763053477,0.0008207967621274292,0.5469057096375359,0.25464272763994006,0.9966730565200618,0.9907280815972223
6,241,0.00042687071254476905,0.0008221532916650176,0.5451038234027815,0.25421921809514364,0.9966236255787037,0.990625
6,242,0.00042680586921051145,0.0008273931453004479,0.5503963652952217,0.24984706242879232,0.9966603973765432,0.9906032986111111
6,243,0.0004281445581000298,0.0008240157039836049,0.5481028590673281,0.24784638351864285,0.9966971691743827,0.990625
6,244,0.0004263083974365145,0.0008240825263783336,0.5499806857403414,0.25032852490743,0.9967453944830247,0.9907660590277778
6,245,0.00042497305548749864,0.0008295548032037914,0.5547512010291771,0.24183637301127117,0.9967791521990741,0.990478515625
6,246,0.00042725494131445885,0.0008238271111622453,0.5494593661508442,0.24798722399605644,0.9967604648919753,0.9906955295138888
6,247,0.0004240655107423663,0.0008232872933149338,0.5528669435300945,0.2490031229125129,0.9966983748070988,0.9906629774305555
7,1,0.1531585454940796,0.029822342097759247,-230.293302959866,-46.50236053466797,0.6160361207561729,0.99541015625
7,2,0.018209071829915047,0.007691327482461929,-27.39197663260095,-11.021465571721395,0.9951690297067901,0.99541015625
7,3,0.006294315215200186,0.0038804137147963047,-8.480164963816419,-4.882258203294542,0.9951690297067901,0.99541015625
7,4,0.0038134027272462845,0.002852086443454027,-4.583180060504395,-3.219318962097168,0.9951690297067901,0.99541015625
7,5,0.0029769623652100563,0.002348972950130701,-3.2654339437131528,-2.403280750910441,0.9951690297067901,0.99541015625
7,6,0.0024995028506964445,0.0020588107872754335,-2.509238981906279,-1.931190922525194,0.9951690297067901,0.99541015625
7,7,0.002214397769421339,0.0018630224512889981,-2.055125327169159,-1.6119275940789117,0.9951690297067901,0.99541015625
7,8,0.002009670715779066,0.001715072663500905,-1.7290446981971646,-1.3702168226242066,0.9951690297067901,0.99541015625
7,9,0.0018516827840358019,0.0015988405793905258,-1.4784337140895703,-1.1799699174033271,0.9951690297067901,0.99541015625
7,10,0.0017262169858440757,0.0015056029660627246,-1.2784288059046238,-1.027029185824924,0.9951690297067901,0.99541015625
7,11,0.0016255045775324106,0.001429517986252904,-1.1168456934116504,-0.901940033170912,0.9951690297067901,0.99541015625
7,12,0.001541611971333623,0.0013668178580701351,-0.9805116924238794,-0.7987303760316636,0.9951690297067901,0.99541015625
7,13,0.0014729982940480113,0.001315719448029995,-0.8696175857826516,-0.7144530640708076,0.9951690297067901,0.99541015625
7,14,0.0014159961137920618,0.0012708087451756,-0.7786585286811546,-0.6401923762427436,0.9951690297067901,0.99541015625
7,15,0.001366756041534245,0.0012330166064202785,-0.6989234844843547,-0.5775957928763495,0.9951690297067901,0.99541015625
7,16,0.0013262169668450952,0.001205917913466692,-0.6330138294785111,-0.5329402340783014,0.9951690297067901,0.99541015625
7,17,0.0012939383741468191,0.0011806776747107506,-0.5814878157627436,-0.4941632721159193,0.9951690297067901,0.99541015625
7,18,0.0013735659886151552,0.0012786852894350886,-0.6565762527195024,-0.6065609733263652,0.9932556905864197,0.9936252170138888
7,19,0.0014452163595706224,0.001261141849681735,-0.7779250533492477,-0.6216270976596409,0.994288917824074,0.99541015625
7,20,0.0013997233472764492,0.0011957986280322075,-0.7227702929649824,-0.5248325162463718,0.9947350019290123,0.9954155815972222
7,21,0.0013084195088595152,0.0011532841017469764,-0.5915446098939872,-0.4436318344540066,0.993724078896605,0.9890082465277777
7,22,0.0012546242214739323,0.0010973043972626328,-0.5067805484489158,-0.37055486573113333,0.9913550106095679,0.9913953993055555
7,23,0.0012039862340316176,0.0010811261599883437,-0.4365058760584137,-0.33332037130991615,0.9899552710262346,0.9822428385416667
7,24,0.0011712204432114959,0.0010501074139028788,-0.38969134195351307,-0.2928686539332072,0.9885904947916667,0.9864637586805556
7,25,0.0011554016964510083,0.0010490361601114273,-0.3572209515689332,-0.28152326742808026,0.9865794994212963,0.9879448784722222
7,26,0.0011455409694463015,0.0010213523637503386,-0.3426418853394779,-0.24129261573155722,0.9868778935185185,0.9861490885416667
7,27,0.0011136132525280118,0.0010135213378816843,-0.2981642954143477,-0.2314128173722161,0.986058666087963,0.98701171875
7,28,0.0011097791139036417,0.000994021655060351,-0.2869136713169239,-0.2023506999015808,0.9837010513117284,0.9892361111111111
7,29,0.0010846328223124146,0.001004727091640234,-0.2523859180050132,-0.21492881774902345,0.98623046875,0.9816514756944444
7,30,0.0010726621840149164,0.0009703609975986183,-0.23553521073894737,-0.165408460299174,0.9836853780864198,0.9898546006944444
7,31,0.001051854807883501,0.0009640040807425976,-0.20568054531827384,-0.15575327343410916,0.9848427854938272,0.9873480902777778
7,32,0.0010444186627864838,0.0009519109735265374,-0.194082263811135,-0.1325278295411004,0.985352768132716,0.9864691840277777
7,33,0.0010322179878130555,0.0009373634820804,-0.17619045796217742,-0.11439840131335788,0.9841188030478395,0.9870713975694444
7,34,0.001023723161779344,0.0009414664236828685,-0.16321874680342496,-0.11824695534176297,0.9847517602237654,0.9869954427083333
7,35,0.0010126294801011682,0.0009408303303644061,-0.1487943352004628,-0.11624974144829645,0.9850290557484568,0.9832302517361111
7,36,0.0010039255721494555,0.0009332104818895459,-0.1359903523951401,-0.10380443864398532,0.9848277150848765,0.9866048177083333
7,37,0.0010050931014120579,0.0009255645563825965,-0.13449896735909544,-0.09084100590811836,0.9850218219521605,0.9847710503472222
7,38,0.0009914126712828875,0.0009357497910968959,-0.1151396596873248,-0.1002968430519104,0.984035011574074,0.9836642795138889
7,39,0.0009910925291478634,0.0009104036726057529,-0.11538523538613026,-0.07052547401852077,0.983789665316358,0.9852267795138889
7,40,0.000981886056251824,0.0009272665483877063,-0.1002118119487056,-0.08943879074520535,0.9844286506558642,0.9842176649305555
7,41,0.00098057696595788,0.0009135635918937624,-0.10080428859333933,-0.07562267912758722,0.9857307339891975,0.9831217447916667
7,42,0.0009807200403884053,0.000907827285118401,-0.10083191895190581,-0.06722268395953708,0.9838812934027777,0.9855251736111111
7,43,0.0009725326672196388,0.0009178589098155499,-0.08989184697469076,-0.0880995445781284,0.9845196759259259,0.9842610677083333
7,44,0.000978953903540969,0.000907509122043848,-0.10127654119774147,-0.06564893325169881,0.9834695698302469,0.9864095052083334
7,45,0.0009728962904773653,0.0009122059564106166,-0.0953164372915103,-0.07694475650787354,0.9846372251157407,0.9850423177083333
7,46,0.0009758460219018161,0.0009163536597043276,-0.09826705441062833,-0.08876352972454495,0.9840603298611111,0.9843478732638888
7,47,0.0009724833071231842,0.000902614847291261,-0.09597782617733802,-0.06687452925576104,0.9838228202160494,0.9854817708333333
7,48,0.0009731935570016503,0.0009090365492738783,-0.09719139411125655,-0.07162392006980048,0.9842092255015432,0.9830078125
7,49,0.000979424687102437,0.0008972791256383061,-0.10759730000554779,-0.05887991852230496,0.9828679591049383,0.9873426649305556
7,50,0.0009675418841652572,0.0008972391951829195,-0.09222529582035395,-0.05571109851201375,0.9833604600694444,0.984326171875
7,51,0.0009625150705687702,0.0008814146858640015,-0.08325024269245289,-0.04024618599149916,0.9824960214120371,0.9835828993055555
7,52,0.0009637350449338555,0.0008939355611801147,-0.08704857708495341,-0.057006271680196126,0.9825243537808642,0.9832085503472222
7,53,0.0009576386073604226,0.0008830470032989979,-0.08180231797842331,-0.03538120057847765,0.9826057339891975,0.9843912760416667
7,54,0.0009552058181725442,0.0008795903413556516,-0.07804866661260157,-0.033217435412936744,0.9820149739583334,0.9831217447916667
7,55,0.0009477742132730782,0.000890168477781117,-0.06484575933880277,-0.04960429535971748,0.9811668113425925,0.9834906684027778
7,56,0.0009443148737773299,0.000878660473972559,-0.06290699817516186,-0.035163288646274146,0.9816834249614198,0.9815266927083334
7,57,0.0009427035111002624,0.0008862321265041828,-0.061721167152310595,-0.041435861587524415,0.9814350646219135,0.9799858940972223
7,58,0.0009318324737250805,0.0008722464554011822,-0.04680344602208079,-0.023276543617248534,0.9810998987268519,0.9793674045138889
7,59,0.0009384847362525761,0.0008709829999133945,-0.05819280324158845,-0.02112981875737508,0.9810034481095679,0.9809407552083333
7,60,0.000927541870623827,0.0008719372563064098,-0.04059932599832982,-0.025789912541707358,0.9813024450231481,0.9792751736111112
7,61,0.0009283702820539474,0.0008574819075874984,-0.04248022459171436,-0.004555931356218126,0.9800944010416667,0.9792046440972222
7,62,0.0009257164783775806,0.0008598318672738969,-0.04037836083659419,-0.009112212393018935,0.979905719521605,0.9829698350694445
7,63,0.000921674189157784,0.000851216958835721,-0.035193080813796435,0.009990615314907497,0.9799690152391975,0.9794108072916666
7,64,0.0009190636919811368,0.0008571686921641231,-0.03090018122284501,-0.00017257399029201932,0.9804144965277778,0.97880859375
7,65,0.0009129208046942949,0.0008634269470348954,-0.021298205999680506,-0.009569006496005589,0.9810094762731482,0.9786295572916667
7,66,0.0009137996239587665,0.0008433079347014427,-0.02034144033620387,0.015704725848303902,0.9794596354166667,0.9823459201388889
7,67,0.0009176527382805943,0.0008391080191358924,-0.028563724329442153,0.02412710984547933,0.9798044463734568,0.9797417534722223
7,68,0.0009063498582690954,0.0008597285486757755,-0.012665916519400515,-0.0061373154322306315,0.9802559558256173,0.9783582899305555
7,69,0.0009031862718984485,0.0008389087161049247,-0.007664476794961058,0.021924547354380288,0.9798599054783951,0.9792805989583333
7,70,0.0009037763811647892,0.0008535606320947409,-0.010610383675422198,0.004992369810740153,0.9799991560570988,0.9775499131944444
7,71,0.0008975404780358076,0.0008408828871324658,0.00025867326759997707,0.021788301732805042,0.9799864969135802,0.9787760416666667
7,72,0.0008938514511100948,0.0008340964559465647,0.004093707785194303,0.031763246324327254,0.9800823447145062,0.9796549479166666
7,73,0.0009006676846183836,0.0008214799454435706,-0.0028815409283579133,0.05076324542363485,0.9795217255015433,0.9828179253472222
7,74,0.0008865276467986405,0.0008325614617206156,0.013551200024875594,0.031230135758717855,0.9802041136188272,0.9790798611111111
7,75,0.0008820971706882119,0.0008326803799718618,0.02039297981026732,0.02944798469543457,0.9807930652006173,0.9799153645833333
7,76,0.0008867994183674455,0.00082048075273633,0.011120848155316011,0.048747833569844565,0.9800841531635802,0.9789713541666667
7,77,0.0008771206485107541,0.0008363719680346549,0.027754919764436323,0.027348526318868003,0.9805248119212963,0.9792209201388888
7,78,0.0008776824688538909,0.0008240590104833245,0.02350382775436213,0.0457598606745402,0.9806706934799383,0.9811143663194445
7,79,0.0008774303132668138,0.0008171617519110441,0.025708816669605398,0.05511930651134915,0.9801884403935185,0.9803982204861111
7,80,0.0008702879422344267,0.0008233002154156566,0.03428856399324205,0.047234996159871416,0.9805338541666667,0.9809299045138888
7,81,0.0008712589624337852,0.0008191853412427008,0.034821652188713165,0.0535855836338467,0.9808364679783951,0.9777777777777777
7,82,0.0008677728474140167,0.00081482226960361,0.040583353425249644,0.0573462274339464,0.9804187162422839,0.9821560329861111
7,83,0.0008617641869932413,0.0008188679348677397,0.046548741540791076,0.051721620559692386,0.9813850308641975,0.9806586371527778
7,84,0.0008591217920184135,0.0008059347164817154,0.051185000089951506,0.06587124268213908,0.981030574845679,0.98076171875
7,85,0.0008607372874394059,0.0008183103054761887,0.04492947554882662,0.04896137846840753,0.9811830873842593,0.9802951388888889
7,86,0.0008521312847733498,0.0008108067559078336,0.06036883239392881,0.05814176930321587,0.9816544897762346,0.9777235243055555
7,87,0.0008552697254344821,0.0008140213321894407,0.05326305539519698,0.057919581731160484,0.9813374083719136,0.9812934027777778
7,88,0.0008520430419594049,0.0008035710779950023,0.058866545153252875,0.06736024220784505,0.9818299093364198,0.9817491319444445
7,89,0.0008482016855850816,0.0008080163388513029,0.06555720096752968,0.0637041793929206,0.9818281008873457,0.9803927951388889
7,90,0.0008462732657790184,0.0008105566375888884,0.06599158033912564,0.061163214842478435,0.9821638695987654,0.9807562934027778
7,91,0.0008460910758003592,0.0008034339407458901,0.06903537762017897,0.07429840564727783,0.9818389515817901,0.9802137586805556
7,92,0.0008409669389948249,0.0008018024964258075,0.07190051696918628,0.07247688770294189,0.982543643904321,0.9814019097222222
7,93,0.0008377808844670653,0.0007958479109220207,0.07705105381247437,0.08309995863172744,0.9825147087191358,0.9827094184027778
7,94,0.0008350708521902561,0.0007903591031208634,0.07958629013579568,0.0873140745692783,0.9827003761574075,0.9823621961805555
7,95,0.0008326095412485301,0.000797191692981869,0.0831117946424602,0.0748767164018419,0.9829047309027777,0.98154296875
7,96,0.0008361851214431226,0.0007980983355082572,0.07913653217715981,0.07769986126157973,0.9827045958719136,0.9802842881944445
7,97,0.0008262714836746454,0.0007940109353512526,0.09202068161081385,0.080552872021993,0.9833260995370371,0.9804796006944444
7,98,0.0008282664348371327,0.0008015857310965657,0.0900885999938588,0.07764249245325724,0.9831958912037037,0.9824164496527777
7,99,0.0008241547038778663,0.0007918092887848616,0.09512695883527214,0.08609650135040284,0.9840271749614198,0.9794542100694444
7,100,0.0008194898255169392,0.000799486122559756,0.09803121811077918,0.07552827066845363,0.983520809220679,0.9818088107638889
7,101,0.0008187298662960529,0.00080084428191185,0.10009322784565113,0.07518174250920613,0.984203800154321,0.9805826822916667
7,102,0.0008172039524652064,0.000781126378569752,0.10147513725139477,0.0958871947394477,0.984033203125,0.9822048611111112
7,103,0.0008146284380927682,0.0007849371759220958,0.10631479893201663,0.09722001949946085,0.984546199845679,0.9819769965277778
7,104,0.0008100331760942936,0.0007909808191470802,0.11283713284833932,0.09222428798675537,0.9848343460648148,0.9828938802083333
7,105,0.0008063616696745157,0.0007879487238824368,0.11477502452002632,0.08998403549194336,0.9851677035108025,0.981494140625
7,106,0.0008031845791265368,0.0007901890785433352,0.11873797811107871,0.08852780527538723,0.985133342978395,0.9824598524305556
7,107,0.0008034585043787956,0.0007913208100944757,0.11882793402966157,0.08608680831061469,0.9852189429012346,0.9832953559027777
7,108,0.0007996032945811749,0.0007912980508990586,0.12524566061702774,0.08818845086627536,0.9850302613811729,0.9822970920138889
7,109,0.0007980338996276259,0.0007859570323489606,0.12792182307184477,0.10216771099302503,0.9852086950231481,0.9844672309027778
7,110,0.0007911520078778267,0.0007896831957623363,0.13605984464103793,0.09185275899039375,0.9860779562114198,0.9825141059027778
7,111,0.0007918878691270947,0.0007770960801281035,0.13551621260466398,0.1081302629576789,0.9858476803626544,0.9844943576388889
7,112,0.0007890232373028994,0.0007813650881871581,0.1372181013778404,0.10198767185211181,0.9865101755401234,0.9837348090277778
7,113,0.0007858277531340718,0.0007864158833399415,0.14237325691882474,0.09835302035013835,0.9861249758873457,0.9850694444444444
7,114,0.0007864366634748876,0.0007887323154136539,0.14270949716921205,0.09401616785261366,0.9867078993055556,0.9840115017361111
7,115,0.0007795782294124365,0.0007902564248070121,0.14914698232839138,0.09389284186893039,0.9866126543209877,0.9836263020833333
7,116,0.0007728854543529451,0.0007843953790143132,0.15719096027774576,0.09921694199244181,0.9869448061342593,0.9842827690972222
7,117,0.0007757056155242026,0.0007870875997468829,0.15263881168247742,0.09794676171408759,0.9867868682484567,0.9844835069444444
7,118,0.0007669953629374504,0.0007791982498019934,0.16398840921896476,0.10485327111350165,0.9871654369212963,0.9831217447916667
7,119,0.0007682098657824099,0.0007846251828595996,0.16305906743179133,0.09784505234824287,0.9873559268904321,0.9840277777777777
7,120,0.0007615141803398728,0.00077506632078439,0.17187098544320942,0.1108226908577813,0.9874137972608025,0.9837890625
7,121,0.000760973896831274,0.0007829923997633159,0.17179764126553948,0.09750345945358277,0.9875886140046296,0.9847981770833333
7,122,0.0007581412792205811,0.0007886390667408705,0.17426024086681413,0.09469243817859226,0.9880419319058642,0.9848795572916667
7,123,0.0007547790883108974,0.0007644441211596131,0.17993027369181316,0.12130969232983059,0.9878056278935186,0.9859483506944444
7,124,0.0007526354165747762,0.000769266567658633,0.1822311563256346,0.1224718623691135,0.9880690586419754,0.9858832465277778
7,125,0.0007478410843759775,0.0007762560853734612,0.18875022611500306,0.1063778903749254,0.9885627652391975,0.9850857204861111
7,126,0.0007456334424205124,0.0007670224877074361,0.18755487085860453,0.11725722551345825,0.988185402199074,0.985986328125
7,127,0.0007459677872247994,0.0007808100199326873,0.1891708681612839,0.09909078412585788,0.9884874131944444,0.9855577256944444
7,128,0.000741282245144248,0.0007737106061540544,0.193142525943709,0.10973037481307983,0.9887158805941358,0.9864963107638889
7,129,0.000739238690584898,0.0007780621526762843,0.19441217551996678,0.10525338119930691,0.9888008777006173,0.9857855902777778
7,130,0.0007343243923969567,0.0007734445389360189,0.20121900579075755,0.11045063866509332,0.9891999421296296,0.985595703125
7,131,0.0007285418105311692,0.0007604622514918447,0.20832119915220473,0.12351328002081977,0.9893747588734568,0.9857476128472222
7,132,0.0007276191608980298,0.0007650998304598033,0.2094385208906951,0.119814666112264,0.9892638406635802,0.9856499565972222
7,133,0.0007260498823598027,0.0007622537668794394,0.21330099768108793,0.12616605361302693,0.9893639081790123,0.9869683159722222
7,134,0.0007204542052932084,0.000758653855882585,0.22007458519052575,0.12499691115485298,0.9896176938657407,0.98583984375
7,135,0.0007204785943031311,0.0007648166501894593,0.2191925428531788,0.12008682621849907,0.9896942515432099,0.9856553819444445
7,136,0.000711862463504076,0.0007658557733520865,0.2264205754539113,0.12169082959493001,0.9896858121141975,0.9867024739583333
7,137,0.0007097881170921028,0.0007528087007813156,0.230531202422248,0.13360205623838636,0.990016155478395,0.9861599392361111
7,138,0.0007067300612106919,0.0007604291895404458,0.23473565019207238,0.1262066019905938,0.9900288146219136,0.9865342881944444
7,139,0.0007038072217255831,0.0007592049078084528,0.23469787159083802,0.13234412007861668,0.990258487654321,0.9864474826388889
7,140,0.0007024124497547746,0.0007552827009931207,0.2364522009720037,0.13246645132700602,0.9903748312114198,0.9871636284722223
7,141,0.0006982283666729927,0.0007505996036343277,0.24370249877741307,0.13996795813242593,0.9904351128472222,0.9864908854166666
7,142,0.000701649347320199,0.0007570781162939966,0.2390663813661646,0.12836629682117037,0.9904881606867284,0.986572265625
7,143,0.0006923992186784744,0.0007450137054547668,0.24962860213385688,0.14586643510394626,0.9908848138503087,0.9868598090277778
7,144,0.0006885508773848414,0.0007482166402041912,0.2544195994918729,0.14022371768951417,0.9907124083719135,0.9868435329861112
7,145,0.0006841783178970218,0.0007465454982593656,0.2571671530052468,0.14589942428800795,0.9908992814429012,0.9875108506944444
7,146,0.0006876909174025059,0.0007550931768491864,0.25575172194728146,0.13177446524302164,0.9910343123070988,0.9868489583333333
7,147,0.0006786698941141367,0.0007601710967719555,0.2666795078619027,0.12823052141401503,0.9911675347222222,0.9870062934027778
7,148,0.0006730452296324074,0.0007587048457935452,0.27084571226143545,0.12804028590520222,0.9911434220679012,0.9872450086805555
7,149,0.0006737111834809184,0.0007570371963083744,0.27244642192934765,0.12995787064234415,0.9914984809027778,0.9869791666666666
7,150,0.000672964786645025,0.0007574681658297777,0.2720975391658736,0.13263681067360772,0.9912712191358025,0.9873372395833333
7,151,0.0006657750345766544,0.000744099379517138,0.28070737565005266,0.14726811912324694,0.9913664641203703,0.9868326822916667
7,152,0.000667552521917969,0.0007429929682984948,0.27667252546475257,0.15000315109888712,0.9914936583719136,0.987255859375
7,153,0.0006641095969825983,0.0007401274051517248,0.282053373772421,0.15924045112397936,0.9917420187114198,0.9883355034722222
7,154,0.0006577482563443482,0.0007529233116656542,0.29053851189436736,0.14157605833477444,0.991871624228395,0.9875705295138889
7,155,0.0006554533028975129,0.0007428974495269358,0.29416287269121333,0.15060989326900906,0.9919644579475309,0.9874891493055555
7,156,0.0006497275899164379,0.0007479705382138491,0.2976686158297974,0.1415163000424703,0.9919825424382716,0.9881456163194444
7,157,0.0006499934825114906,0.0007367297075688839,0.3008522700380396,0.1566925088564555,0.9921266155478395,0.9881727430555556
7,158,0.0006427092012017965,0.0007417075685225427,0.3057418924790842,0.15380354722340903,0.9921513310185185,0.9875868055555556
7,159,0.0006405861349776387,0.000755085377022624,0.30929419582272755,0.13809492985407512,0.992286361882716,0.9873697916666667
7,160,0.0006359759136103094,0.0007315045804716647,0.31393361003310594,0.1653443005349901,0.9922730999228395,0.9886773003472222
7,161,0.000632932991720736,0.0007388676749542356,0.3201827986740772,0.15830781062444052,0.9926956741898149,0.9880099826388888
7,162,0.000630904920399189,0.0007376598659902811,0.3213682330684897,0.16351739565531412,0.9926848234953703,0.9881401909722223
7,163,0.0006257372442632914,0.0007396469009108841,0.3266996916429496,0.15326407220628527,0.9927915219907407,0.9885850694444445
7,164,0.0006187271210364997,0.0007339596631936729,0.3330049165972957,0.16517407364315456,0.9930061246141976,0.9881727430555556
7,165,0.0006178347393870354,0.000730444910004735,0.33697584175769196,0.16478706598281861,0.9928379388503087,0.9885959201388889
7,166,0.0006150451372377574,0.0007405028445646167,0.3395904171613999,0.1539301527871026,0.9928855613425925,0.9873372395833333
7,167,0.0006061829626560211,0.0007386173820123076,0.34863497784108294,0.1569021119011773,0.9930615837191358,0.9885633680555556
7,168,0.0006065985653549433,0.0007347714272327721,0.34693122263307924,0.1662612623638577,0.9931369357638888,0.9886773003472222
7,169,0.0006045958143658936,0.0007347549544647336,0.3488314285690402,0.16309152444203695,0.9932255497685185,0.9890516493055556
7,170,0.0005996845429763198,0.0007506771944463253,0.3606792236551826,0.15370610422558253,0.9933816792052469,0.98818359375
7,171,0.000597513047978282,0.0007440097397193313,0.35907579321920136,0.1601116140683492,0.9932098765432099,0.989208984375
7,172,0.0005912436754442751,0.0007310498622246087,0.36484633757744306,0.1694945534070333,0.9934244791666667,0.9889431423611111
7,173,0.0005899828975088894,0.0007436903542838991,0.36939758386140986,0.15457026561101278,0.9935595100308642,0.9885036892361111
7,174,0.0005843658000230789,0.0007547870045527816,0.37305857134454046,0.1349196155865987,0.9937409577546297,0.988134765625
7,175,0.0005821193917654455,0.0007378734881058335,0.37672581937577987,0.15652759075164796,0.9939278308256173,0.9886501736111111
7,176,0.0005802774103358388,0.0007531132432632148,0.381128724268925,0.1410662677552965,0.9938524787808642,0.9890299479166667
7,177,0.000573463796172291,0.0007378950249403715,0.3846022614726314,0.1568921791182624,0.9940067997685185,0.9891330295138889
7,178,0.0005694642895832658,0.0007354228873737156,0.39055446062558963,0.16353231800927057,0.9943389515817901,0.9892686631944444
7,179,0.0005628311773762107,0.0007354514091275632,0.39756803291815296,0.1638762248886956,0.9942599826388889,0.9892361111111111
7,180,0.0005608792416751385,0.0007418355089612305,0.40210681977095425,0.1542879819869995,0.994652416087963,0.9891330295138889
7,181,0.0005589656066149473,0.0007341180462390184,0.40309468890413824,0.16455671787261963,0.9944438416280864,0.9892903645833333
7,182,0.0005573802627623081,0.0007421610644087195,0.4052643852469362,0.1542700039015876,0.9946554301697531,0.989013671875
7,183,0.0005536277312785387,0.0007364350603893399,0.40824447884971715,0.1617381970087687,0.9945631992669753,0.9893825954861111
7,184,0.0005517296958714724,0.0007337669376283884,0.40958698487576145,0.16486288176642525,0.9946518132716049,0.9895290798611112
7,185,0.0005489726318046451,0.0007261965656653047,0.41140670320134104,0.17518271340264213,0.9947126977237655,0.9894151475694445
7,186,0.0005451410543173552,0.000744762597605586,0.4197068695668821,0.15520072645611233,0.9948646074459877,0.9893174913194445
7,187,0.0005439845845103264,0.0007350097876042128,0.4176455022376261,0.16591549979315864,0.9947910638503087,0.9891927083333333
7,188,0.0005476617952808738,0.0007404417847283185,0.41411594505663274,0.1568901750776503,0.9948959538966049,0.989453125
7,189,0.0005382033996284008,0.0007515627075918019,0.4262078926887041,0.14587786462571886,0.9948875144675926,0.9888400607638889
7,190,0.0005393549799919128,0.0007507755071856081,0.4289658668600483,0.1516017542945014,0.994850742669753,0.9889919704861111
7,191,0.0005365980323404074,0.0007311198278330266,0.432489436496923,0.1727042582299974,0.9949502073688271,0.9894694010416667
7,192,0.0005378088681027293,0.0007296076510101557,0.4279106076852775,0.17906310690773858,0.9951003086419753,0.9896592881944445
7,193,0.0005343945813365281,0.0007385449134744704,0.43043235187177303,0.16565671232011583,0.9949670862268518,0.9896213107638889
7,194,0.0005273523274809122,0.0007326185004785657,0.4391777065065172,0.17229835192362467,0.9950315875771605,0.9896050347222223
7,195,0.000528989708982408,0.0007341433665715158,0.4369201253961634,0.17188355922698975,0.9952299141589506,0.9896538628472222
7,196,0.0005269360262900591,0.0007379484013654292,0.43645250061411917,0.1627853062417772,0.9951557677469136,0.9899088541666666
7,197,0.0005252179689705372,0.0007301642326638103,0.43742406795054306,0.17308565378189086,0.9950502748842592,0.9900444878472222
7,198,0.0005198816652409732,0.0007383240154013038,0.4431761753411941,0.16587247053782145,0.9953583140432098,0.9901529947916666
7,199,0.000516262836754322,0.0007287549087777734,0.44978546581150575,0.17657390567991468,0.9953818238811728,0.9904025607638889
7,200,0.0005171515513211489,0.0007341651362366974,0.44818968184200336,0.17051127751668294,0.9953528886959877,0.9897786458333333
7,201,0.000518907094374299,0.0007363716140389442,0.45063542701579906,0.1656596064567566,0.9954354745370371,0.9900987413194444
7,202,0.0005121567519381642,0.0007334770634770393,0.4574214459937296,0.1671429263220893,0.995361930941358,0.99013671875
7,203,0.0005156588740646839,0.0007327871862798929,0.4545167996559614,0.17088407542970446,0.9954818913966049,0.989990234375
7,204,0.000509848992805928,0.0007337202550843358,0.4562922086244748,0.16790191862318252,0.9955674913194444,0.9900553385416667
7,205,0.0005099980044178665,0.0007255004020407796,0.4575712983990893,0.17834909624523587,0.995458984375,0.9900824652777778
7,206,0.0005108788027428091,0.0007309830980375409,0.45958933756675246,0.17260138326221042,0.9954668209876543,0.9902126736111111
7,207,0.0005109248450025916,0.0007262823637574911,0.4559871850190339,0.18012953069474963,0.9955427758487654,0.9903700086805556
7,208,0.0005101350834593177,0.0007328860810957849,0.45904573879124205,0.1738357875082228,0.9955078125,0.9901746961805555
7,209,0.0005090197664685547,0.0007310908986255527,0.46389996814139095,0.17755633725060357,0.9955873842592593,0.990234375
7,210,0.0005088233156129718,0.000727896171156317,0.4603238507553383,0.1781570275624593,0.9956392264660494,0.9900010850694444
8,1,0.15009091794490814,0.03190258890390396,-246.1945607668088,-52.84761721293132,0.6292842158564815,0.994482421875
8,2,0.01904621347784996,0.007821818813681602,-27.61760120038633,-11.936956893073187,0.9947060667438271,0.9949652777777778
8,3,0.006311576347798109,0.003861756296828389,-8.405949296774688,-5.175370894538032,0.9952184606481481,0.9949652777777778
8,4,0.003756229067221284,0.002785347867757082,-4.4583175149964696,-3.329281661245558,0.9952184606481481,0.9949652777777778
8,5,0.002906865905970335,0.002298126695677638,-3.1263521783145856,-2.490969936052958,0.9952184606481481,0.9949652777777778
8,6,0.0024450356140732765,0.002001733984798193,-2.4007920368218127,-1.9797069761488173,0.9952184606481481,0.9949652777777778
8,7,0.002156830159947276,0.0018027250189334154,-1.9473429379639802,-1.6355862988366021,0.9952184606481481,0.9949652777777778
8,8,0.0019554244354367256,0.0016561901429668069,-1.6286946184841202,-1.381567735142178,0.9952184606481481,0.9949652777777778
8,9,0.0017991005443036556,0.0015400031115859747,-1.3796534806122014,-1.179684117105272,0.9952184606481481,0.9949652777777778
8,10,0.0016753331292420626,0.0014480066020041704,-1.18348962613094,-1.019497487280104,0.9952184606481481,0.9949652777777778
8,11,0.0015769783640280366,0.0013735523680225015,-1.027129790518019,-0.8895444922977024,0.9952184606481481,0.9949652777777778
8,12,0.0014963247813284397,0.0013131150044500828,-0.897873768100032,-0.7838459014892578,0.9952184606481481,0.9949652777777778
8,13,0.00143038434907794,0.0012639593333005905,-0.7925984547461993,-0.6978962315453423,0.9952184606481481,0.9949652777777778
8,14,0.0013763261958956718,0.0012250442523509264,-0.7058480009620572,-0.6308265288670858,0.9952184606481481,0.9949652777777778
8,15,0.0013855488505214453,0.001499922014772892,-0.7216396442166081,-1.0287380907270642,0.9949725115740741,0.9897243923611111
8,16,0.0015307923313230276,0.0012510352535173297,-0.9119219138298506,-0.6446784522798327,0.9918824749228395,0.9945909288194444
8,17,0.0014111599884927273,0.0012922938913106918,-0.7345152924090256,-0.7041146808200412,0.9921905140817902,0.9943413628472222
8,18,0.0013651072513312101,0.0012240520445629954,-0.6768141096020922,-0.6049180269241333,0.991943359375,0.9931640625
8,19,0.0012992469128221273,0.0011454027844592929,-0.577475361176479,-0.4820042226049635,0.9916202498070987,0.991259765625
8,20,0.0012331372126936913,0.0011448689037933946,-0.47987862840110873,-0.4653771334224277,0.9895604263117284,0.9825520833333333
8,21,0.0011888149892911315,0.0011211077217012644,-0.41100995010799835,-0.4180000967449612,0.9871660397376543,0.9804361979166667
8,22,0.001170431962236762,0.0010613048216328025,-0.37954650778829313,-0.34356124003728233,0.9871714650848765,0.9876898871527777
8,23,0.0011467199074104428,0.0010245423763990402,-0.33867089630645,-0.2916177047623528,0.9868778935185185,0.9902126736111111
8,24,0.001123466994613409,0.0010044844821095467,-0.3061162008179559,-0.2529091159502665,0.984840977044753,0.9935112847222223
8,25,0.0010914362501353025,0.0010222415439784527,-0.26366723555105703,-0.27824921078152126,0.9868139949845679,0.9816569010416667
8,26,0.0010731830261647701,0.0010247239843010902,-0.23500750506365742,-0.27788297335306805,0.9855516975308642,0.9777126736111111
8,27,0.001058907713741064,0.0009674449102021754,-0.21255802651982247,-0.19349777698516846,0.9835847077546296,0.987646484375
8,28,0.0010521262884140015,0.0009648924460634589,-0.19919982118371093,-0.1862591862678528,0.9842912085262345,0.9832628038194444
8,29,0.0010290094651281834,0.0009427302284166217,-0.17114116497981696,-0.1492067535718282,0.9848819685570988,0.9859049479166667
8,30,0.0010212522465735674,0.0009489782387390733,-0.15794233481089273,-0.1626256677839491,0.9844015239197531,0.9807454427083333
8,31,0.0010065960232168436,0.0009387152385897934,-0.1349530233277215,-0.14996041589313083,0.9856053481867284,0.9810275607638889
8,32,0.00100265396758914,0.0009301371756009758,-0.13051696500660462,-0.13547803825802274,0.9842695071373457,0.9845811631944444
8,33,0.0009983328636735678,0.0009301704121753573,-0.12660368945863512,-0.12900950378841824,0.9850610050154321,0.9831651475694444
8,34,0.0009915088303387165,0.0009200729546137154,-0.11479018279063849,-0.12010655270682441,0.9844605999228395,0.9821668836805556
8,35,0.0009792339988052845,0.0009059361764229834,-0.10084771948096193,-0.10217530727386474,0.9841019241898148,0.9869466145833333
8,36,0.0009780680993571877,0.0009054264519363642,-0.09937926913485115,-0.1041904780599806,0.9849681712962963,0.9847819010416666
8,37,0.0009727285942062736,0.0009109110105782747,-0.09389997573546421,-0.12086168130238852,0.984813850308642,0.9815863715277777
8,38,0.0009664532844908535,0.000935299089178443,-0.08865938377969058,-0.14074681335025363,0.9847240306712963,0.9735568576388889
8,39,0.0009700179216451943,0.0009005520842038095,-0.09295801512988996,-0.09652708768844605,0.9842453944830247,0.9803168402777778
8,40,0.0009666654514148831,0.0009053026442416012,-0.09172017809785443,-0.10835238165325589,0.984645061728395,0.9783474392361111
8,41,0.0009708142606541514,0.0008888099109753966,-0.09779269754150767,-0.0850082172287835,0.9832206066743827,0.9857584635416666
8,42,0.0009577043820172548,0.0008850496960803866,-0.07511957545339325,-0.08002009524239434,0.9843050733024692,0.9852213541666667
8,43,0.0009680931689217687,0.0008786622202023864,-0.08955449837225454,-0.06588992012871636,0.9840199411651235,0.9869954427083333
8,44,0.0009580475161783397,0.0008750928682275116,-0.0806932517039923,-0.05773814784155951,0.9830482011959877,0.9835557725694445
8,45,0.0009471719968132675,0.0009094469714909792,-0.0632813619978634,-0.11377931833267212,0.9831916714891975,0.9792751736111112
8,46,0.0009508113143965602,0.0008986126049421728,-0.07180859586338938,-0.10197139713499281,0.9832573784722223,0.9793185763888889
8,47,0.0009422783623449504,0.0008763382211327553,-0.0616043523505882,-0.05685625871022542,0.9828938802083333,0.9772894965277777
8,48,0.0009408042533323169,0.0008881754474714398,-0.05775284531675739,-0.08556691010793051,0.982420066550926,0.98173828125
8,49,0.0009337328374385834,0.0009027050109580159,-0.04742191779760667,-0.1061311576101515,0.9823615933641975,0.9765028211805555
8,50,0.0009371336782351136,0.0008875919156707823,-0.053145965970592735,-0.08055096997155084,0.9822759934413581,0.9800347222222222
8,51,0.0009241708903573453,0.0008726480300538242,-0.03432599173651801,-0.0598639104101393,0.9815399546682099,0.9823513454861111
8,52,0.0009241820662282407,0.0008829265716485679,-0.03483744697806276,-0.06824669705496894,0.9819679542824075,0.9774685329861111
8,53,0.0009190100827254355,0.0008693306008353829,-0.025065941133616883,-0.055112020174662275,0.9814832899305556,0.9776041666666667
8,54,0.0009190018754452467,0.0008537523681297898,-0.027212481439849476,-0.02456393904156155,0.9810703607253086,0.9811360677083333
8,55,0.0009124632924795151,0.0008582420996390283,-0.016716303207256176,-0.02890708049138387,0.9813024450231481,0.9778754340277778
8,56,0.0009105382487177849,0.0008487898157909513,-0.012898877814964013,-0.01632293462753296,0.9810100790895062,0.9758951822916667
8,57,0.0009020254947245121,0.0008534250664524734,-0.0008463563742461028,-0.022334252463446724,0.9810408227237655,0.9762424045138889
8,58,0.0008967678295448422,0.0008401737431995571,0.005023244133702031,-0.005668392446306017,0.9812228732638889,0.9780544704861112
8,59,0.0008921981789171696,0.0008359928033314645,0.008832338415546181,0.0039729343520270455,0.9807990933641976,0.9783908420138889
8,60,0.0008948053582571447,0.0008430304587818682,0.0055560655064053,-0.004566620455847846,0.9808666087962963,0.9781141493055555
8,61,0.000893360236659646,0.000837098341435194,0.012665267491046293,0.0061468230353461375,0.9810070650077161,0.975
8,62,0.0008946485468186438,0.0008475754875689745,0.010063551973413538,-0.013139658504062228,0.9806779272762346,0.97509765625
8,63,0.0008792001754045486,0.0008309534168802202,0.030508462440820387,0.016012830204433864,0.9806098090277777,0.9786838107638889
8,64,0.0008809947175905108,0.0008288893732242286,0.02789872075304573,0.017424731784396703,0.980909408757716,0.9777994791666667
8,65,0.0008766581886447966,0.0008360983920283616,0.033777669771218,-0.0004482467969258626,0.980761115933642,0.9746853298611111
8,66,0.0008754470618441701,0.0008284579962491989,0.03729025684756997,0.013799374633365207,0.9809522087191358,0.9761827256944444
8,67,0.0008691539405845106,0.0008126992033794522,0.042755369345347086,0.0428994615872701,0.9798840181327161,0.9799858940972223
8,68,0.0008717290475033224,0.0008125249296426773,0.04075139687385088,0.04313559002346463,0.980663459683642,0.9799370659722222
8,69,0.0008665085188113153,0.0008124469313770533,0.04627411600984173,0.04324332475662231,0.9810522762345679,0.9759819878472222
8,70,0.00086537393508479,0.0008177881827577949,0.04986719893820492,0.03694296015633477,0.9814664110725309,0.9772026909722222
8,71,0.0008574508246965706,0.0008081110427156091,0.06139994933281416,0.04661473962995741,0.9806520061728395,0.9812554253472222
8,72,0.0008608689531683922,0.0008038247469812632,0.055049268698986666,0.05698582596249051,0.981028766396605,0.9805989583333333
8,73,0.00085514469537884,0.0008096109959296882,0.06217955424461836,0.04398300780190362,0.9820252218364197,0.9767469618055555
8,74,0.0008526469464413822,0.0008080779807642102,0.06424900146178257,0.04803248246510824,0.9817635995370371,0.9769802517361111
8,75,0.0008462450350634754,0.0008015906787477434,0.07350577763569208,0.05907078981399536,0.9816086757330247,0.9808268229166667
8,76,0.0008526644669473171,0.0007962622330524027,0.06636890908818185,0.06574324369430543,0.981761188271605,0.9791124131944444
8,77,0.0008403713000006974,0.0008032461628317833,0.08086629620304814,0.059527481926812065,0.9817171826774691,0.9772406684027778
8,78,0.0008436320931650698,0.0008058908861130476,0.07838541740252648,0.05772494475046794,0.982398365162037,0.9748752170138889
8,79,0.0008409327128902078,0.0007865984225645661,0.0801096851443067,0.08311882946226332,0.9821873794367284,0.9775444878472223
8,80,0.0008339992491528392,0.0007860512705519795,0.08870240552925769,0.0886584202448527,0.9822639371141976,0.9801106770833333
8,81,0.000830644799862057,0.0007861842168495059,0.09651389799000304,0.08372873730129665,0.9827516155478395,0.9787814670138889
8,82,0.0008293709252029657,0.0007931713480502367,0.09652300366648921,0.07575201590855916,0.9827992380401235,0.9777289496527778
8,83,0.0008247935329563916,0.0007815651479177177,0.10164870862607603,0.0941824475924174,0.9829740547839506,0.9788736979166667
8,84,0.0008299011969938874,0.00077445013448596,0.09674926186785286,0.10512118074629041,0.9829782744984568,0.9790690104166667
8,85,0.0008228811202570796,0.0007963135140016675,0.10441873132446666,0.07279282808303833,0.983376133294753,0.9748426649305556
8,86,0.0008182718884199858,0.000778143061324954,0.11002416360525437,0.10290577809015909,0.9830035927854939,0.9805230034722222
8,87,0.0008121873252093792,0.0007768651703372598,0.11621155473921034,0.10489935477574666,0.9834822289737655,0.9794216579861111
8,88,0.0008140422287397087,0.0007684372249059379,0.1178314416496842,0.11412574847539265,0.9836076147762346,0.9807291666666667
8,89,0.000810400873888284,0.0007658771355636418,0.12175440037692034,0.11839600006739298,0.9840175298996914,0.9792317708333333
8,90,0.0008051760960370302,0.0007640710100531578,0.12530768624058478,0.12459844615724351,0.9842068142361111,0.9807834201388889
8,91,0.0008025208953768015,0.000771534105297178,0.13344493515697525,0.11470318900214302,0.9842912085262345,0.9781575520833333
8,92,0.0008026629220694304,0.0007620044052600861,0.13183931200592605,0.12576468388239542,0.984303264853395,0.9810221354166667
8,93,0.0007971979212015867,0.0007626965525560081,0.13735401394926472,0.12655227184295653,0.9848681037808642,0.9800944010416667
8,94,0.0007915578898973763,0.0007597734802402556,0.14135387385333026,0.12957037952211167,0.9849543065200618,0.98232421875
8,95,0.0007875964511185884,0.0007559796795248985,0.14993565215004814,0.13434196843041313,0.9847095630787037,0.9814453125
8,96,0.0007867332315072417,0.0007656092057004571,0.15025076145007288,0.12421394056744045,0.9855589313271605,0.9777560763888888
8,97,0.0007879638578742743,0.0007514869212172925,0.1489045951101515,0.1412578516536289,0.9852358217592593,0.9820583767361111
8,98,0.0007807785295881331,0.0007468713447451591,0.15790698793199326,0.149380099773407,0.9851731288580247,0.9822428385416667
8,99,0.0007770639494992793,0.0007496016332879663,0.16527868347403443,0.14541414711210462,0.9859393084490741,0.9791612413194445
8,100,0.0007759835571050644,0.000746089790482074,0.16164472382745626,0.1518124262491862,0.9857017988040123,0.9820963541666666
8,101,0.0007681789575144649,0.0007467339746654034,0.17247697026641282,0.147369122505188,0.9861460744598766,0.9812771267361111
8,102,0.000771397608332336,0.0007396673900075257,0.17029799487855699,0.15937344365649753,0.9859682436342593,0.9819064670138888
8,103,0.0007637488888576627,0.0007408790988847613,0.18061302458798445,0.15856492784288195,0.9866626880787037,0.9821994357638889
8,104,0.0007645782316103578,0.00074330426286906,0.17874654134114584,0.1594867361916436,0.9864866657021605,0.9838812934027777
8,105,0.0007573741604574025,0.0007408944657072425,0.1855632980664571,0.15983073976304796,0.9869405864197531,0.9816134982638889
8,106,0.000755822635255754,0.0007416144944727421,0.18618992964426676,0.16124600304497613,0.9868628231095679,0.9846137152777777
8,107,0.0007520169019699097,0.0007349270745180547,0.19486246830151405,0.16999493969811333,0.9874336902006173,0.9826063368055555
8,108,0.0007519061909988523,0.0007355999550782144,0.19445669754051867,0.16599432494905259,0.9873601466049383,0.9812771267361111
8,109,0.000745931058190763,0.0007388058584183455,0.2016069719820847,0.16640239424175687,0.9873963155864197,0.9832411024305555
8,110,0.0007468331605195999,0.0007399210589937866,0.20179444286558362,0.16498241027196248,0.9877995997299382,0.9829806857638889
8,111,0.0007437346503138542,0.0007216306403279305,0.20564539550263206,0.18823996782302857,0.9874897521219136,0.9829372829861112
8,112,0.0007378699956461787,0.0007256760727614164,0.2109614971243305,0.18315716716978286,0.988038315007716,0.9838107638888889
8,113,0.0007311280933208764,0.0007250455673784018,0.21593010558022394,0.18616279231177435,0.9881661120756173,0.9835774739583333
8,114,0.0007292503723874688,0.0007195878424681723,0.2197672368567667,0.19348604679107667,0.9884922357253086,0.9836697048611112
8,115,0.0007247907342389226,0.0007252624491229653,0.22407521112465564,0.1889723234706455,0.9884108555169753,0.9845323350694445
8,116,0.000723587756510824,0.0007217102684080601,0.22581706503291188,0.18950316243701512,0.9885525173611112,0.9839952256944444
8,117,0.000720800890121609,0.0007141294772736728,0.2298321701862194,0.20141775210698445,0.9889606240354938,0.9847710503472222
8,118,0.0007177410880103707,0.0007120273658074439,0.23343044607727617,0.20431456036037868,0.9890215084876544,0.9851453993055556
8,119,0.0007133050821721554,0.0007073686574585736,0.240365011456572,0.21152814096874661,0.989210190007716,0.9842556423611111
8,120,0.0007076436886563897,0.0007114856271073222,0.2475396462428717,0.20845099025302463,0.9889931761188272,0.9857747395833333
8,121,0.0007092830492183566,0.0007094342727214098,0.24452036030498553,0.20788663625717163,0.9894989390432098,0.9846733940972222
8,122,0.000699044088833034,0.0007096820045262575,0.2566851639453276,0.21030643781026204,0.9894386574074074,0.9861490885416667
8,123,0.0006979423342272639,0.0007092934683896601,0.25613144400679033,0.21113291184107463,0.9898570119598765,0.9862738715277778
8,124,0.0006961178733035922,0.0007061188807711005,0.26199613471090055,0.21655487881766425,0.9899010175540124,0.9845160590277777
8,125,0.0006912718527019024,0.0007047313265502453,0.2667194264906424,0.21924341652128432,0.9897569444444444,0.9857855902777778
8,126,0.0006893326062709093,0.0007013692520558834,0.2711408919758267,0.2240038341946072,0.9900686005015432,0.9855685763888888
8,127,0.0006889106589369476,0.0007012232090346515,0.27163281720361593,0.22258690860536362,0.9902150848765432,0.9848795572916667
8,128,0.0006847229087725282,0.0007056634640321136,0.27471809254752266,0.22400781313578289,0.9900842737268518,0.9861382378472222
8,129,0.0006811543717049062,0.0006983213825151324,0.2771248108074989,0.22752196258968777,0.9902970679012346,0.9857964409722222
8,130,0.0006756427465006709,0.0006925113266333938,0.2809594241189368,0.23519442213906183,0.9904333043981481,0.9870008680555555
8,131,0.000669257075060159,0.0006993464194238186,0.2890942023124224,0.23065178791681926,0.9909758391203703,0.9850314670138889
8,132,0.0006702424725517631,0.0007052187575027347,0.29175126287672254,0.22407442463768854,0.9905568817515432,0.9855902777777777
8,133,0.000668165972456336,0.0006888831267133355,0.2951926569879791,0.24324075910780166,0.9906629774305555,0.9870279947916667
8,134,0.0006634500459767878,0.0006879634456709027,0.2971055844683706,0.2407872517903646,0.9909469039351851,0.9852918836805555
8,135,0.0006584934308193624,0.000686895044054836,0.30189627909365996,0.24237248102823894,0.9909692081404321,0.9861165364583333
8,136,0.00065214978531003,0.0006889190408401191,0.3096312680362183,0.24706017308764988,0.9913749035493827,0.9863118489583333
8,137,0.0006468461942858994,0.0006854020757600665,0.3156816038084619,0.24701052241855198,0.9911934558256172,0.9856065538194444
8,138,0.0006465135375037789,0.0006801285198889673,0.31947082413567435,0.2567600475417243,0.9912893036265432,0.98701171875
8,139,0.0006437578704208136,0.0006817508838139474,0.32168347658934415,0.25084858073128596,0.9914707513503086,0.9854600694444444
8,140,0.0006384854204952717,0.0006793597713112831,0.3240508609347873,0.25560439692603215,0.991502700617284,0.9866319444444445
8,141,0.0006402023136615753,0.0006816997192800045,0.3210233835526455,0.2545550187428792,0.9917130835262346,0.9861979166666667
8,142,0.0006361070554703474,0.0006761519471183419,0.3285999423191871,0.2614456084039476,0.9915533371913581,0.9870062934027778
8,143,0.0006256516790017486,0.0006758845993317664,0.34129315909044244,0.2588620477252536,0.9918758439429012,0.9865668402777777
8,144,0.0006329043535515666,0.0006701865931972861,0.33577793498098113,0.27156322532229954,0.9919337143132716,0.9859537760416667
8,145,0.0006206074613146484,0.0006755250506103039,0.3455952822426219,0.26470375723308986,0.9918384693287037,0.98671875
8,146,0.0006227270932868123,0.000676013994961977,0.3469375108495171,0.26849300463994347,0.9922290943287037,0.9862196180555556
8,147,0.0006143725477159023,0.0006663302192464471,0.35442738400565255,0.2759437984890408,0.9919891734182099,0.9875217013888888
8,148,0.0006108538946136832,0.0006650768918916583,0.3567845990628372,0.27685861852433946,0.9924027054398148,0.9884440104166666
8,149,0.0006104717031121254,0.0006604372756555676,0.35783819445857296,0.2828691045443217,0.992750530478395,0.9867947048611111
8,150,0.0006040658336132765,0.0006538448506034911,0.36384993938752164,0.28420838514963787,0.9924183786651235,0.987744140625
8,151,0.0006064645713195205,0.0006630334537476301,0.3651629946849964,0.2786142971780565,0.9925347222222223,0.9878960503472223
8,152,0.0005970014608465135,0.0006643396336585283,0.37422070665124024,0.2810886647966173,0.9927782600308642,0.9872775607638888
8,153,0.0005948336911387742,0.0006513418629765511,0.3743587733786783,0.29407335122426354,0.9928849585262346,0.9871148003472222
8,154,0.0005938655813224614,0.0006522744079120457,0.3777444175731989,0.29561433792114256,0.9928596402391975,0.9875922309027778
8,155,0.0005862968973815441,0.0006598732434213161,0.3823730256822374,0.2890382183922662,0.9930314429012346,0.9879340277777777
8,156,0.0005848300643265247,0.0006566269439645112,0.38777635686191514,0.29579773479037813,0.9931061921296296,0.9877278645833333
8,157,0.0005833528703078628,0.0006536998553201556,0.39099563433800216,0.30024336444007027,0.9932044511959877,0.9869683159722222
8,158,0.0005758439656347036,0.0006597930332645774,0.39939087805924595,0.29305769205093385,0.9932394145447531,0.9871907552083333
8,159,0.0005780563806183636,0.0006511258543469012,0.39551134595164544,0.30311403671900433,0.9933943383487654,0.98798828125
8,160,0.0005710371187888086,0.0006565933581441641,0.40155677839561743,0.29522213803397285,0.9935347945601852,0.9879177517361111
8,161,0.0005660206079483032,0.0006646785186603665,0.407418692111969,0.29223749770058527,0.9935366030092593,0.9874457465277777
8,162,0.0005681830225512385,0.0006477753631770611,0.40725809630052545,0.3111444393793742,0.9933581693672839,0.9874891493055555
8,163,0.0005595278344117105,0.0006451554363593459,0.4188986960752511,0.30840072102016874,0.9936378761574074,0.9880588107638889
8,164,0.0005602661985903978,0.0006408572662621737,0.41555345985624526,0.31352349254820083,0.9937885802469136,0.98818359375
8,165,0.0005579859716817737,0.0006482655880972743,0.4204053553534143,0.3087974813249376,0.9938500675154321,0.9871527777777778
8,166,0.0005493928911164403,0.0006400689599104226,0.42453667734876094,0.3174142360687256,0.9939085407021605,0.9889756944444444
8,167,0.0005471764598041773,0.0006406707689166069,0.430018695048344,0.31405550903744167,0.9941026475694444,0.9881456163194444
8,168,0.0005407788557931781,0.0006408436456695199,0.43574801168324034,0.31538508600658843,0.9940489969135803,0.9882866753472223
8,169,0.0005401222151704133,0.000640592013951391,0.4368915888998244,0.3173398282792833,0.9941261574074074,0.9879665798611111
8,170,0.0005394638865254819,0.000631292350590229,0.43713218915609664,0.3240047123697069,0.9939838927469136,0.9884168836805556
8,171,0.0005346156540326774,0.0006346535519696772,0.44315686387780273,0.32158060338762073,0.9941858362268519,0.9884711371527778
8,172,0.0005356300389394164,0.0006361565319821239,0.444920124978195,0.3231206006473965,0.9943299093364197,0.9886555989583333
8,173,0.0005266913794912398,0.0006408764747902751,0.4570182154208054,0.3157978177070618,0.9942997685185185,0.9891330295138889
8,174,0.0005279979668557644,0.0006335612270049751,0.45072406545097443,0.32138642602496675,0.9945017119984568,0.9875379774305556
8,175,0.0005248611560091376,0.0006379230180755258,0.4555737605801335,0.31972885661655004,0.9944227430555556,0.9891438802083333
8,176,0.0005221078172326088,0.0006439835415221751,0.46263741343109693,0.31535093122058444,0.9946903935185185,0.9883572048611111
8,177,0.0005175269907340407,0.0006394764059223235,0.460289806936994,0.32328878508673775,0.9945167824074074,0.9876193576388889
8,178,0.0005041026161052287,0.0006403308361768723,0.47777485729735575,0.3234513521194458,0.9947416329089506,0.98857421875
8,179,0.00050282635493204,0.000642660481389612,0.47914382675547657,0.3244578109847175,0.994898967978395,0.9885199652777777
8,180,0.0005045392317697406,0.0006416861433535814,0.48009029038158463,0.3256219387054443,0.9948640046296297,0.9886664496527777
8,181,0.0005032280460000038,0.0006341339903883636,0.48201969597074723,0.3294989201757643,0.9948929398148149,0.9888617621527778
8,182,0.0004954906180500984,0.0006340086692944169,0.48751477164986695,0.33300606674618194,0.9949893904320988,0.9891927083333333
8,183,0.0004941180814057589,0.0006190998828969896,0.49056947819980573,0.3493689801957872,0.9953721788194444,0.9894748263888888
8,184,0.0004886359674856067,0.0006332192569971085,0.4968421911015923,0.33521054055955674,0.9955753279320988,0.9890896267361111
8,185,0.00048523780424147844,0.000639287056401372,0.4956885312810356,0.33320038583543565,0.9954125675154321,0.9893229166666667
8,186,0.00048425188288092613,0.0006441278383135796,0.4977576694370788,0.3261635263760885,0.9955596547067901,0.9890733506944445
8,187,0.0004851750854868442,0.0006325322319753468,0.4957390436419734,0.3311469131045871,0.9956512827932099,0.9888997395833333
8,188,0.0004792273393832147,0.0006246246630325913,0.504644959208406,0.34478723208109535,0.9956452546296296,0.989453125
8,189,0.00047412540880031884,0.0006309112068265676,0.5120108505825938,0.3378556463453505,0.9957320601851852,0.9892361111111111
8,190,0.00047536115744151175,0.0006341282860375941,0.5096266207871614,0.3351224581400553,0.9956964940200618,0.9893500434027778
8,191,0.00046928392839618027,0.0006423835293389857,0.5154532612105946,0.3289098090595669,0.9957730516975308,0.9896158854166667
8,192,0.00047314545372501016,0.0006370644550770521,0.5102516450999696,0.33208205964830184,0.9957615981867284,0.9895236545138889
8,193,0.00047093327157199383,0.0006353250937536359,0.5155824936466452,0.33649206823772854,0.995751953125,0.9898003472222222
8,194,0.0004686800530180335,0.0006240108050405979,0.5143416030907336,0.3468072321679857,0.9958074122299383,0.9898057725694445
8,195,0.000470373488496989,0.0006263749673962593,0.5160680457397744,0.34599393208821616,0.9958815586419754,0.9898600260416667
8,196,0.00046483217738568783,0.0006283831316977739,0.5231957126546789,0.34441517326566906,0.9960165895061729,0.9898166232638889
8,197,0.0004674023075494915,0.000628801470156759,0.5202438800423234,0.3437188506126404,0.9960183979552469,0.9899197048611111
8,198,0.0004577504296321422,0.0006328688468784094,0.5282531800093474,0.34036340316136676,0.9960630063657407,0.9896864149305555
8,199,0.0004577290965244174,0.0006269420264288783,0.5276350657145182,0.34416973988215127,0.9960352768132716,0.9898871527777777
8,200,0.0004599459934979677,0.000634673167951405,0.524101107503161,0.33923720518747963,0.9962275752314815,0.9896050347222223
8,201,0.0004576845094561577,0.0006298678927123547,0.5298209636299699,0.3401996519830492,0.9960744598765432,0.9898871527777777
8,202,0.0004584232810884714,0.0006306453724391758,0.5294054706891378,0.3397413929303487,0.9962058738425926,0.9900390625
8,203,0.0004540649242699146,0.0006261515663936734,0.531219932473736,0.34410914050208197,0.9960630063657407,0.9897894965277778
8,204,0.00045378401409834623,0.0006266764248721302,0.5352912484863658,0.3441668404473199,0.9960895302854939,0.9898763020833333
8,205,0.000449731363914907,0.0006313750054687262,0.5384200718667772,0.34044107066260443,0.9963680314429012,0.989794921875
8,206,0.0004526537377387285,0.0006275635678321123,0.5318964581430694,0.34467443227767947,0.9961202739197531,0.9898600260416667
8,207,0.000451491738203913,0.0006248232675716281,0.5383261097802057,0.34702066845364044,0.9962299864969136,0.9900227864583333
8,208,0.0004523515817709267,0.0006292858743108809,0.5350228525974132,0.3436357378959656,0.9962076822916667,0.9899685329861111
9,1,0.15714626014232635,0.03218327462673187,-231.66281673525586,-53.645526843600805,0.5955397617669753,0.9949544270833334
9,2,0.01883794739842415,0.007586541119962931,-27.502955570338685,-11.551301346884834,0.9952094184027778,0.9949544270833334
9,3,0.0060621146112680435,0.0037557214964181185,-7.9796296184445605,-4.95197008450826,0.9952196662808642,0.9949544270833334
9,4,0.0036087576299905777,0.00274615827947855,-4.232076071809839,-3.202535144488017,0.9952196662808642,0.9949544270833334
9,5,0.0027994096744805574,0.002281950321048498,-2.956001097478984,-2.394571582476298,0.9952196662808642,0.9949544270833334
9,6,0.002367960289120674,0.002006497699767351,-2.291671218695464,-1.9132368882497153,0.9952196662808642,0.9949544270833334
9,7,0.002097428310662508,0.0018208790570497513,-1.8633237158810652,-1.5879407935672336,0.9952196662808642,0.9949544270833334
9,8,0.0019051814451813698,0.0016822975594550371,-1.5544953069569152,-1.344412989086575,0.9952196662808642,0.9949544270833334
9,9,0.001756746438331902,0.0015734084881842136,-1.3199493840888694,-1.1525644567277697,0.9952196662808642,0.9949544270833334
9,10,0.0016408346127718687,0.0014891336904838681,-1.1362062639660306,-1.0038340038723417,0.9952196662808642,0.9949544270833334
9,11,0.0015494748950004578,0.001421361230313778,-0.994679167241226,-0.8841884268654717,0.9952196662808642,0.9949544270833334
9,12,0.0014876322820782661,0.0014669096563011408,-0.8953223165170646,-0.9332632250256009,0.9952196662808642,0.9949381510416667
9,13,0.0016132756136357784,0.0015637371689081192,-0.9926620537852063,-1.0284491644965277,0.9940743152006173,0.9949544270833334
9,14,0.0016167170833796263,0.0014656068524345756,-1.0348624283884778,-0.9007962412304349,0.9949260947145062,0.9949544270833334
9,15,0.001518947770819068,0.0013179664965718985,-0.897219283050961,-0.6765424331029256,0.9944438416280864,0.9949544270833334
9,16,0.001409368123859167,0.001302099321037531,-0.7354132363825668,-0.6299027654859755,0.9929325810185186,0.99306640625
9,17,0.0013021164340898395,0.0013177923392504454,-0.58805583877328,-0.6251217749383714,0.9932249469521605,0.97099609375
9,18,0.0012683745007961988,0.00115529028698802,-0.5312202774448159,-0.41362917688157824,0.9874095775462963,0.9942165798611111
9,19,0.0012141689658164978,0.001183411106467247,-0.45976535788288825,-0.43024158742692736,0.9900511188271605,0.9784396701388889
9,20,0.0011901026591658592,0.0011366052785888314,-0.41322993010650444,-0.3713156474961175,0.986085792824074,0.9879991319444444
9,21,0.0011643723119050264,0.0011095075169578195,-0.3783775008754966,-0.3195371005270216,0.9869966483410494,0.9819986979166667
9,22,0.0011389364954084158,0.0011265812208876014,-0.3389703831554931,-0.3330603652530246,0.9857343508873457,0.9749403211805555
9,23,0.0011162403970956802,0.0010740032885223627,-0.3040386486936499,-0.2650046706199646,0.9866590711805555,0.9852213541666667
9,24,0.001083482289686799,0.0010669688927009702,-0.25696161499729864,-0.24738968478308784,0.9857693142361111,0.9818142361111111
9,25,0.0010762891033664346,0.0010424333158880472,-0.24663562362576708,-0.20712703069051105,0.9857512297453703,0.9836805555555556
9,26,0.0010609584860503674,0.0010170871391892433,-0.22509484070318717,-0.1709995018111335,0.9857150607638889,0.9792426215277777
9,27,0.0010382088366895914,0.0010073960293084383,-0.18790703908896741,-0.1609581920835707,0.9851279176311728,0.9827365451388889
9,28,0.0010249237529933453,0.0010182491969317198,-0.17232646927421474,-0.16731392410066392,0.9851532359182099,0.9779351128472222
9,29,0.0010201754048466682,0.000989834894426167,-0.16133950551350912,-0.13073118925094604,0.9852695794753087,0.9896050347222223
9,30,0.0010068307165056467,0.0009999930625781417,-0.14384183883666993,-0.13838898605770536,0.9848916136188272,0.9789225260416666
9,31,0.0010007470846176147,0.0009851405629888177,-0.13275005743827348,-0.1201054162449307,0.9851996527777778,0.9862521701388889
9,32,0.0009923756588250399,0.0009838613914325833,-0.12368779049979316,-0.1189438607957628,0.985229190779321,0.9796332465277777
9,33,0.000990509521216154,0.0009702075039967895,-0.12188941814281322,-0.09795642164018419,0.9850827064043209,0.9856119791666667
9,34,0.0009802945423871279,0.0009654104360379279,-0.10645960672402087,-0.0905806647406684,0.9847873263888889,0.9797254774305556
9,35,0.0009736917563714087,0.0009654936729930341,-0.09697157321152863,-0.09028625223371718,0.9859254436728395,0.9819444444444444
9,36,0.0009740015375427902,0.000959884375333786,-0.09825281552326533,-0.0827512608634101,0.9849989149305556,0.9806857638888888
9,37,0.0009643962839618325,0.000968464941252023,-0.08692318892773286,-0.09399359491136339,0.9850157937885803,0.9756293402777778
9,38,0.0009705351549200714,0.0009586845408193767,-0.0957523653536667,-0.07885001103083293,0.9850043402777777,0.9838595920138888
9,39,0.0009702793904580176,0.000953935319557786,-0.09453483643355193,-0.07334493001302084,0.984936222029321,0.9813585069444445
9,40,0.0009650792926549911,0.0009749285527504981,-0.09007241122516585,-0.10353662835227119,0.9847987798996913,0.9746039496527777
9,41,0.0009679677896201611,0.000970088760368526,-0.09456124776675377,-0.09219030406739977,0.9845672984182099,0.9674370659722222
9,42,0.0009564588544890285,0.0009533777483738959,-0.07609492540359497,-0.07404315869013468,0.9839234905478395,0.9780544704861112
9,43,0.0009626193786971271,0.0009491852833889425,-0.08958356409897039,-0.07032341294818455,0.9832206066743827,0.9755533854166667
9,44,0.0009522467153146863,0.000931304122786969,-0.07417014616507071,-0.04657018184661865,0.9830916039737654,0.9810221354166667
9,45,0.0009528595837764442,0.0009380899136886001,-0.08055607786885015,-0.049995084603627525,0.9831741898148149,0.9711100260416666
9,46,0.0009439855348318815,0.000936326920054853,-0.06324514577418199,-0.05747585693995158,0.9824080102237654,0.979638671875
9,47,0.0009404368465766311,0.000922570179682225,-0.06293968639256042,-0.029529941082000733,0.9822874469521605,0.9732747395833333
9,48,0.0009318020893260837,0.0009458731510676444,-0.048602043993679095,-0.06987701919343736,0.9825472608024691,0.9742784288194445
9,49,0.0009307329310104251,0.0009249442955479026,-0.04996776286466622,-0.031278189023335776,0.9822603202160494,0.9698404947916667
9,50,0.0009269185247831047,0.0009095050627365708,-0.04516481808674188,-0.012640457683139377,0.9815327208719136,0.9745551215277778
9,51,0.0009209528798237443,0.000913775700610131,-0.03578189508414563,-0.020580420229170057,0.9814537519290123,0.9703830295138889
9,52,0.0009154754225164652,0.0009099624585360289,-0.028675912486182318,-0.014814011255900065,0.9811071325231482,0.9726291232638888
9,53,0.000915271753910929,0.0009057105635292828,-0.029882425879254753,-0.009720693694220649,0.9812789351851852,0.9762261284722222
9,54,0.0009160129120573401,0.0009057301213033497,-0.0336918024369228,-0.008784960375891791,0.9817304446373457,0.9720106336805555
9,55,0.0009157214080914855,0.0008994467789307237,-0.03351707517364879,0.00046226845847235784,0.9805850935570988,0.9731282552083333
9,56,0.000902341038454324,0.0008975587552413344,-0.01251978874206543,-0.0014164858394198948,0.9806164400077161,0.9756727430555555
9,57,0.000904872315004468,0.0008971443749032915,-0.01839100534533277,0.0011888821919759116,0.9806067949459877,0.9733235677083333
9,58,0.0009051013039425015,0.000880311825312674,-0.017826598073229376,0.027376458379957412,0.9805362654320988,0.9779079861111111
9,59,0.0008967067115008831,0.0008784658857621253,-0.006998558544818266,0.030298337671491836,0.9804777922453703,0.9790147569444444
9,60,0.000895853154361248,0.0008900654502213001,-0.007978162942109285,0.014207470417022704,0.9807315779320988,0.9717068142361112
9,61,0.0008941350388340652,0.0008930664043873549,-0.0036960141158398287,0.010284988085428874,0.9803487895447531,0.9702745225694445
9,62,0.0008941356209106743,0.0008775718742981553,-0.004939406006424515,0.03520883586671617,0.9800329137731482,0.9768934461805555
9,63,0.0008832466555759311,0.0008867874275892973,0.010645423112092194,0.02046417925092909,0.9806164400077161,0.9739095052083333
9,64,0.000886281137354672,0.0008843208779580891,0.007841464619577666,0.02284593449698554,0.9801522714120371,0.9751030815972223
9,65,0.0008828256977722049,0.0008816609042696655,0.011415794454974893,0.03057167927424113,0.9802927276234568,0.9756293402777778
9,66,0.0008820472285151482,0.0008773957379162312,0.01075772311952379,0.033917216459910075,0.9802680121527778,0.976611328125
9,67,0.0008741186466068029,0.0008758337935432792,0.022625465157591267,0.03989480204052395,0.9803138261959876,0.9745279947916666
9,68,0.0008758053882047534,0.0008709743851795793,0.022060906445538556,0.04701716899871826,0.9802927276234568,0.9766438802083334
9,69,0.0008762693032622337,0.0008748375694267452,0.01892481556645146,0.03692842589484321,0.9802095389660493,0.9737358940972223
9,70,0.0008680132450535893,0.0008729867986403406,0.0336715864546505,0.043861222267150876,0.9799870997299382,0.9734483506944445
9,71,0.0008671805844642222,0.0008766487007960677,0.03519635303520862,0.03856622642940945,0.9808497299382716,0.97001953125
9,72,0.000864169211126864,0.0008510859333910048,0.03596509106365251,0.07064615620507134,0.9800329137731482,0.9778537326388889
9,73,0.0008675645804032683,0.0008549212943762541,0.0341953608724806,0.06846924755308363,0.9804066599151234,0.9782389322916667
9,74,0.000858088955283165,0.0008681537583470345,0.04759300387935874,0.04856210152308146,0.9807484567901235,0.9759331597222223
9,75,0.0008581207366660237,0.0008596739498898387,0.043247994081473645,0.0635967042711046,0.9810112847222222,0.9729817708333334
9,76,0.0008510564803145826,0.0008562175207771361,0.0582721992775246,0.06654725207222832,0.9808696228780864,0.9727105034722222
9,77,0.0008536615641787648,0.0008575951214879751,0.051266128045541266,0.0635028772883945,0.9808334538966049,0.97802734375
9,78,0.0008485906873829663,0.0008425808046013117,0.057770355100984924,0.08591924905776978,0.9803825472608024,0.9786404079861111
9,79,0.0008493270725011826,0.0008555081440135837,0.0589324375729502,0.06883640156851875,0.9813422309027777,0.9782660590277777
9,80,0.0008409178699366748,0.0008446866413578391,0.07061232092939777,0.08210458623038398,0.9813814139660494,0.9764268663194444
9,81,0.0008403854444622993,0.0008485153666697443,0.06783029753484844,0.08498266405529446,0.9815321180555555,0.9760362413194444
9,82,0.0008355173049494624,0.0008437066571787,0.07603758338056965,0.08801880015267266,0.9816032503858024,0.9757269965277777
9,83,0.0008347988477908075,0.0008451213361695409,0.07791074455520253,0.08342565960354276,0.9818070023148148,0.9760959201388889
9,84,0.0008313521975651383,0.000835897633805871,0.08433252882074427,0.09713525507185194,0.9817895206404321,0.9779676649305555
9,85,0.0008290334953926504,0.0008431192836724222,0.08730673039401018,0.0831322881910536,0.9822374131944445,0.9773871527777778
9,86,0.0008296063169836998,0.0008388224523514509,0.08343574338489108,0.095333817270067,0.9823386863425926,0.9761121961805556
9,87,0.0008236034773290157,0.0008360367501154542,0.09076604887291237,0.09540062877866957,0.9821469907407407,0.9784396701388889
9,88,0.000820500310510397,0.0008300671470351517,0.09608347415924072,0.10575222704145644,0.9826069396219136,0.9786404079861111
9,89,0.0008161806035786867,0.0008409208385273814,0.10223773938638192,0.0969520370165507,0.9829788773148148,0.9770779079861112
9,90,0.0008113580988720059,0.0008297512540593743,0.10832158297668269,0.10955801804860434,0.9826214072145062,0.9808430989583333
9,91,0.0008134794770739973,0.0008298131288029253,0.10690027019123972,0.11095596419440376,0.9832133728780864,0.9814832899305556
9,92,0.000811043893918395,0.0008185649057850242,0.10821847503567919,0.12255226771036784,0.9833321277006173,0.979150390625
9,93,0.0008064804133027792,0.0008333834703080356,0.11773158679773778,0.10549693240059746,0.9835364824459877,0.9774631076388889
9,94,0.0008078321116045117,0.0008142043370753527,0.11382214964171987,0.12646861341264512,0.983839096257716,0.9785047743055556
9,95,0.0007983369287103415,0.0008240335155278444,0.12242118546992173,0.12001512050628663,0.9836208767361111,0.9798502604166667
9,96,0.0007950248545967042,0.0008425354026257992,0.12894542982548843,0.10456342962053088,0.9842351466049383,0.9795464409722222
9,97,0.0007968142163008451,0.0008135850075632334,0.1302651184576529,0.12827687793307835,0.9842050057870371,0.9813747829861111
9,98,0.0007933928282000124,0.000819728767964989,0.131804679941248,0.12385906643337674,0.9846583236882716,0.9801215277777777
9,99,0.0007901315693743527,0.0008088622707873583,0.13463949450740106,0.1354342155986362,0.9844437210648148,0.9814507378472223
9,100,0.0007855050498619676,0.0008061579428613186,0.14111983820244117,0.13955316808488633,0.9847632137345679,0.9823187934027777
9,101,0.0007848695386201143,0.0008168995846062899,0.14017197129167155,0.12887060774697198,0.985131534529321,0.9788682725694444
9,102,0.000777909008320421,0.0008196852868422866,0.15061970169161573,0.12691969209247164,0.9851032021604939,0.9795681423611111
9,103,0.0007764582405798137,0.0008041587425395846,0.15047379982324294,0.141415450308058,0.9854540412808642,0.9830457899305556
9,104,0.0007755802944302559,0.0008068091701716185,0.15354801534134666,0.13668547736273873,0.9860152633101852,0.9803385416666667
9,105,0.0007714215898886323,0.0008018265943974257,0.15904200032905297,0.14730680518680148,0.9858723958333333,0.9818250868055556
9,106,0.0007679749978706241,0.0008093247306533158,0.16341201434900732,0.14237611558702257,0.985985122492284,0.9795735677083334
9,107,0.0007628833991475403,0.0008058981038630009,0.1696139903716099,0.14269217650095622,0.9859923562885803,0.9832085503472222
9,108,0.0007621849072165787,0.0008025507559068501,0.17021214608792906,0.1399007969432407,0.9864637586805556,0.9810167100694445
9,109,0.0007580735255032778,0.0007967464625835419,0.17423948962011454,0.1519169595506456,0.986132209683642,0.9827094184027778
9,110,0.0007555983029305935,0.0007990754675120115,0.1779307104923107,0.149610612127516,0.9868610146604938,0.981591796875
9,111,0.0007498314953409135,0.0007947187405079603,0.184516441822052,0.15442653364605374,0.987062355324074,0.9827256944444445
9,112,0.0007514721946790814,0.0007973510655574501,0.18128399422139296,0.1511451866891649,0.9871449411651234,0.9819769965277778
9,113,0.0007465316448360682,0.0007939935894683003,0.1866125304021953,0.1587067339155409,0.9872902199074074,0.9818196614583333
9,114,0.0007451440906152129,0.0007891370332799852,0.18944489396648642,0.1619073165787591,0.9870629581404321,0.9835340711805556
9,115,0.0007409234531223774,0.0007981010130606592,0.19480129230169602,0.15475024514728122,0.9877387152777778,0.9822374131944445
9,116,0.0007379001472145319,0.0007930780411697924,0.19943327992050736,0.15734810166888766,0.9874342930169753,0.9836317274305556
9,117,0.0007311284425668418,0.0007922613294795156,0.2066182189517551,0.1588897917005751,0.9880859375,0.9827473958333334
9,118,0.0007292773807421327,0.0007931863656267524,0.20929827336911802,0.16060146225823296,0.9881552613811728,0.9833116319444445
9,119,0.0007243358995765448,0.0007813262636773288,0.21096311778198054,0.16887451277838814,0.9878972559799383,0.9850911458333333
9,120,0.000726351689081639,0.0007848599925637245,0.2131604347699954,0.16648778253131444,0.9880003375771605,0.9852593315972222
9,121,0.0007233527721837163,0.0007834784919396043,0.2161682758802249,0.17056465943654378,0.9885344328703703,0.9839952256944444
9,122,0.0007193867932073772,0.000798668887000531,0.22233290642867853,0.16140788396199543,0.9883686583719136,0.9850423177083333
9,123,0.0007227497408166528,0.0007792451651766896,0.21999441473572343,0.17033485439088608,0.988990162037037,0.9836859809027778
9,124,0.0007106733974069357,0.0007878888864070177,0.23027412567609623,0.1725364221466912,0.9885416666666667,0.9848198784722222
9,125,0.0007102810777723789,0.0007865468505769968,0.23078339011580856,0.16739103529188368,0.9889853395061728,0.9834038628472223
9,126,0.0007078625494614244,0.000779437948949635,0.23235766799361618,0.17550643152660794,0.9891420717592593,0.9852593315972222
9,127,0.0007012235000729561,0.0007867374806664884,0.2410766467636014,0.17062023480733235,0.9894145447530864,0.9856011284722223
9,128,0.0007016576710157096,0.0007740645669400692,0.24169657245094395,0.18219031227959526,0.9897557388117284,0.9855414496527778
9,129,0.0006925940979272127,0.000786431657616049,0.2503702078336551,0.17125577794180977,0.9897123360339506,0.9849772135416667
9,130,0.0006911254022270441,0.0007908521802164614,0.25314285343075976,0.16018507877985635,0.9897183641975309,0.9856987847222223
9,131,0.0006930214585736394,0.0007780117448419333,0.2516202785350658,0.17908704545762805,0.9896568769290124,0.9859320746527778
9,132,0.0006868529599159956,0.0007793738041073084,0.25863816738128664,0.17974707020653619,0.9901915750385802,0.9860785590277777
9,133,0.0006869517965242267,0.0007742687594145536,0.2571088334660471,0.18569634755452474,0.9898552035108025,0.9857313368055556
9,134,0.0006823869771324098,0.0007847590022720397,0.26366926549393455,0.1717567218674554,0.9905719521604939,0.9851725260416667
9,135,0.0006801127456128597,0.000775571446865797,0.26751927034354506,0.1836479253239102,0.9901584201388889,0.9866536458333334
9,136,0.0006766205187886953,0.000776789034716785,0.2686557356222176,0.1834967851638794,0.9907021604938272,0.9846516927083333
9,137,0.0006713076727464795,0.0007774386904202402,0.274083251276134,0.17824057737986246,0.9903820650077161,0.9868977864583334
9,138,0.0006718265358358622,0.0007685173768550158,0.2759227293509024,0.18623461458418106,0.9905237268518519,0.9864203559027778
9,139,0.0006651681615039706,0.000766127195674926,0.27944796556307944,0.19174558189180163,0.9908287519290123,0.9858072916666667
9,140,0.0006629383424296975,0.0007688763434998691,0.28286037503937145,0.1910823941230774,0.9906424816743827,0.9876356336805555
9,141,0.0006599132902920246,0.000772179220803082,0.2881161043673386,0.18969647751914132,0.9910457658179013,0.9876193576388889
9,142,0.0006566374795511365,0.0007955344044603407,0.29330874961099507,0.16862201160854765,0.9910433545524692,0.9859917534722222
9,143,0.0006519532762467861,0.0007720095454715192,0.29732346726052555,0.19129692713419597,0.9913182388117284,0.9871365017361111
9,144,0.0006443514139391482,0.000791071739513427,0.3053210030367345,0.16895360416836208,0.9914816020447531,0.9851888020833334
9,145,0.000645118358079344,0.0007725324248895049,0.30584778829857157,0.1859869360923767,0.991357421875,0.9863715277777778
9,146,0.000639556092210114,0.0007879775948822498,0.31092627431139536,0.17680147224002415,0.991383342978395,0.985986328125
9,147,0.0006405982421711087,0.0007659955881536007,0.30859227106894976,0.20341100692749023,0.9914960696373457,0.9876085069444445
9,148,0.0006364115979522467,0.0007661640993319452,0.31650109188056286,0.19850151936213176,0.9918499228395061,0.9871690538194444
9,149,0.0006317263469099998,0.0007580188103020191,0.31850311623679267,0.2063517173131307,0.9918710214120371,0.9875217013888888
9,150,0.00062538095517084,0.0007690687198191881,0.32646039621329603,0.20134995778401693,0.9920729648919753,0.9873372395833333
9,151,0.0006216184701770544,0.0007581405225209892,0.3319925570193632,0.2110704567697313,0.9918469087577161,0.9887641059027777
9,152,0.0006242336239665747,0.0007535552722401917,0.3291894867096418,0.21652606858147516,0.9922911844135802,0.9869086371527778
9,153,0.0006183371879160404,0.0007565186242572963,0.33478577298882567,0.21282789839638605,0.9920976803626543,0.98701171875
9,154,0.0006133948336355388,0.0007614094065502286,0.34082166854246165,0.2074088864856296,0.9924039110725309,0.9875651041666667
9,155,0.00060763128567487,0.000752644962631166,0.3420521675804515,0.21093737151887682,0.9925244743441358,0.9882866753472223
9,156,0.0006072530522942543,0.0007603944395668805,0.3465086939894123,0.20696213245391845,0.9927095389660494,0.9886935763888889
9,157,0.0006081581232137978,0.0007593223126605153,0.34856103658676146,0.20380726787779066,0.9928735050154321,0.987109375
9,158,0.0006017592386342585,0.0007554535986855626,0.3566502469557303,0.2116171426243252,0.9926944685570988,0.9878797743055555
9,159,0.000599152350332588,0.0007402612245641649,0.35843750959561194,0.23190800216462876,0.9927215952932099,0.9885525173611112
9,160,0.0005919031100347638,0.0007643855642527342,0.36408014915607595,0.2139275007777744,0.9930338541666667,0.9884440104166666
9,161,0.0005903019919060171,0.0007529726717621088,0.36817658874723647,0.21975832515292698,0.9928505979938271,0.9883138020833333
9,162,0.0005860004457645118,0.0007556097116321325,0.37047047512030895,0.2174153831270006,0.9930591724537037,0.9883083767361112
9,163,0.0005886564613319933,0.000738835078664124,0.37160083099647806,0.23036189211739433,0.9931483892746914,0.9886067708333334
9,164,0.0005818168865516782,0.0007611423498019576,0.3788659942002944,0.21094243394003975,0.9933328510802469,0.9879774305555555
9,165,0.0005742406356148422,0.0007561001693829894,0.38448570834265816,0.20869400103886923,0.9933376736111111,0.9886555989583333
9,166,0.0005731533747166395,0.0007473484729416668,0.3879249213654318,0.22125577794180976,0.9934540171682099,0.9885525173611112
9,167,0.0005655107088387012,0.0007586201536469162,0.3980356961120794,0.20879853831397163,0.9936324508101851,0.9882378472222222
9,168,0.0005639201262965798,0.00076724385144189,0.39537700179182456,0.20275109476513334,0.993430507330247,0.9881564670138889
9,169,0.0005626004422083497,0.0007603768608532846,0.4005106974531103,0.21758507755067613,0.9938337914737654,0.9883680555555555
9,170,0.0005584881873801351,0.0007540074293501675,0.4016001836753186,0.21609383953942193,0.9937385464891976,0.9888237847222222
9,171,0.000555199570953846,0.0007460275664925575,0.4078466889298992,0.2290654142697652,0.9938343942901234,0.9885308159722223
9,172,0.0005506598390638828,0.0007533057942055166,0.41676584835405706,0.22405846383836533,0.9939501350308642,0.98857421875
9,173,0.0005486226873472333,0.0007457665051333606,0.41307703418496217,0.23293329742219712,0.9939555603780864,0.9894259982638889
9,174,0.0005509693874046206,0.0007530373986810446,0.41152928640813,0.230938990910848,0.9939519434799383,0.9892035590277778
9,175,0.0005394526524469256,0.0007403586059808731,0.42622578202942274,0.24332125451829698,0.9942901234567901,0.9889919704861111
9,176,0.0005365463439375162,0.0007456430466845632,0.42730876310372057,0.2299313161108229,0.9945408950617284,0.9891655815972222
9,177,0.0005330255953595042,0.0007459070766344666,0.4329340163572335,0.23047475549909804,0.9946337287808642,0.9892632378472223
9,178,0.000528380973264575,0.0007531479932367802,0.43760399685965645,0.22274128728442721,0.994703655478395,0.9891710069444445
9,179,0.0005260846810415387,0.0007557421922683716,0.44170733454786704,0.2264677842458089,0.9947802131558642,0.9890950520833334
9,180,0.0005204865010455251,0.0007461645873263478,0.4468101015797368,0.23023961782455443,0.9947470582561728,0.9894205729166666
9,181,0.0005250779795460403,0.0007384181953966618,0.4443368562945613,0.24010106457604302,0.9948127652391975,0.989697265625
9,182,0.0005221028113737702,0.0007392130792140961,0.44743516798372623,0.24005504316753812,0.9947217399691358,0.9901746961805555
9,183,0.0005165410693734884,0.0007392747793346643,0.45124382619504577,0.2370382242732578,0.9948995707947531,0.9898763020833333
9,184,0.0005131497164256871,0.0007397264707833529,0.4550191141940929,0.2419334014256795,0.9949381510416667,0.9896104600694444
9,185,0.0005161463050171733,0.0007432063575834036,0.4552755706104231,0.23574340475930108,0.9950026523919753,0.9894368489583333
9,186,0.0005138956476002932,0.0007469343254342675,0.4566555220403789,0.23375327587127687,0.995117790316358,0.9894965277777777
9,187,0.0005095097003504634,0.0007420217734761536,0.460144281976017,0.24611039956410727,0.9950587143132716,0.9897406684027777
9,188,0.0005098027177155018,0.0007505595567636192,0.4606316556165248,0.22946256001790363,0.9952070071373457,0.9898980034722222
10,1,0.1603659838438034,0.031039398163557053,-260.37516857665264,-45.65543030632867,0.5963029272762346,0.995361328125
10,2,0.018437562510371208,0.007431875914335251,-27.97455388881542,-9.983924505445692,0.9951714409722222,0.995361328125
10,3,0.0060858712531626225,0.0037346521858125925,-8.186664747014458,-4.374160342746311,0.9951744550540124,0.995361328125
10,4,0.003713793121278286,0.0027570966631174088,-4.4716439794611045,-2.885591999689738,0.9951744550540124,0.995361328125
10,5,0.00289367139339447,0.0022725979797542095,-3.153547857131487,-2.1456947644551594,0.9951744550540124,0.995361328125
10,6,0.0024418672546744347,0.0020007402636110783,-2.4373056876806567,-1.729587647649977,0.9951744550540124,0.995361328125
10,7,0.002169711049646139,0.001814226503483951,-1.9968152946896023,-1.4436025751961603,0.9951744550540124,0.995361328125
10,8,0.0019748336635529995,0.0016738655976951122,-1.6841779379197108,-1.2280408832761975,0.9951744550540124,0.995361328125
10,9,0.0018236935138702393,0.00156346894800663,-1.4394929665106315,-1.0582439608044094,0.9951744550540124,0.995361328125
10,10,0.0017019171500578523,0.0014741872437298298,-1.2483729992383792,-0.920659875869751,0.9951744550540124,0.995361328125
10,11,0.001604122924618423,0.0014015909982845187,-1.085897672617877,-0.8086280584335327,0.9951744550540124,0.995361328125
10,12,0.0015233284793794155,0.001342444447800517,-0.9565121736055539,-0.7172479814953274,0.9951744550540124,0.995361328125
10,13,0.0014571924693882465,0.001298384740948677,-0.8520068324642417,-0.6494649410247803,0.9951744550540124,0.995361328125
10,14,0.0014138850383460522,0.0012701682280749083,-0.7820702649928906,-0.6116950458950466,0.9951744550540124,0.995361328125
10,15,0.0015395740047097206,0.001416010083630681,-0.9035648300323957,-0.7861417955822415,0.9932484567901234,0.995361328125
10,16,0.0015470593934878707,0.0014225034974515438,-0.9317257123228945,-0.7934167676501804,0.9943702980324074,0.9953559027777777
10,17,0.0014485418796539307,0.0012463937746360898,-0.801335969236162,-0.5550027661853366,0.9941749855324075,0.9951931423611111
10,18,0.0013798269210383296,0.0011719783069565892,-0.6945540347217042,-0.45505123403337266,0.9908082561728395,0.995361328125
10,19,0.001305367797613144,0.0011604271130636334,-0.5914892421828376,-0.43198246161142984,0.9906949266975309,0.9928059895833333
10,20,0.0012568400707095861,0.0011243759654462337,-0.5186318741904364,-0.3766737275653415,0.9876283998842592,0.9901584201388889
10,21,0.0012212471337988973,0.001105056842789054,-0.46474567239667164,-0.34574370914035374,0.9890576774691358,0.9887586805555556
10,22,0.0012022259179502726,0.001117873820476234,-0.4269684981416773,-0.3558686375617981,0.9874849295910494,0.9785753038194445
10,23,0.0011719806352630258,0.0010627221781760454,-0.3846279278213595,-0.2828710330857171,0.9848922164351852,0.9866373697916667
10,24,0.001135905971750617,0.0010722416918724775,-0.335871755193781,-0.2882296337021722,0.9863932291666667,0.977880859375
10,25,0.0011283780913800001,0.0010131878079846501,-0.31628731783525443,-0.21170087787840103,0.9821729118441358,0.9887152777777778
10,26,0.0011006643762812018,0.0010003698989748955,-0.277999120435597,-0.1905233754052056,0.9857373649691358,0.9835340711805556
10,27,0.0010753852548077703,0.000992604298517108,-0.2408065750275129,-0.1822171092033386,0.9842616705246914,0.9855577256944444
10,28,0.0010651778429746628,0.000996917486190796,-0.228528892993927,-0.18634635739856295,0.9839295187114198,0.9797634548611112
10,29,0.0010481394128873944,0.0009740807581692934,-0.2006053802407818,-0.15698791080050997,0.9846305941358025,0.9872504340277778
10,30,0.0010399909224361181,0.000974718073848635,-0.18914769829055408,-0.15225245025422837,0.983790870949074,0.979248046875
10,31,0.0010250827763229609,0.0009546808432787657,-0.16894536047805975,-0.1281948036617703,0.9844364872685185,0.9855902777777777
10,32,0.0010156065691262484,0.0009504163754172623,-0.15302420427769792,-0.12221852011150784,0.9841525607638889,0.9854112413194445
10,33,0.001010789768770337,0.0009521159227006137,-0.14589174794562068,-0.1166131854057312,0.984276138117284,0.9758843315972222
10,34,0.000999284558929503,0.0009355262154713273,-0.12857149471471338,-0.09734685288535225,0.9841875241126543,0.9808702256944445
10,35,0.0009905515471473336,0.0009235133184120059,-0.11670611405078275,-0.08301012913386027,0.9841477382330247,0.98515625
10,36,0.0009885968174785376,0.0009274862240999937,-0.11528446468306176,-0.0882666203710768,0.9833634741512346,0.9841742621527778
10,37,0.0009780143154785037,0.0009203477529808879,-0.09838751672226706,-0.07495900392532348,0.984716194058642,0.980615234375
10,38,0.0009792214259505272,0.0009112445404753089,-0.09850842364040421,-0.06569328308105468,0.9835804880401234,0.9849012586805556
10,39,0.0009754886850714684,0.0009155272855423391,-0.09533193861996686,-0.06888697544733684,0.9846263744212963,0.9808810763888889
10,40,0.0009674448519945145,0.0009031161316670477,-0.08215477672624,-0.052742995156182186,0.9840934847608025,0.9814507378472223
10,41,0.0009619042975828052,0.0009065739577636123,-0.0760789731402456,-0.05574901898701986,0.9839898003472223,0.9809950086805556
10,42,0.0009564152569510043,0.0009001960279420018,-0.06904509553202877,-0.04554513560401069,0.9846143180941358,0.9840060763888889
10,43,0.0009601318161003292,0.0008980962447822094,-0.0751082021513103,-0.049555623531341554,0.9838662229938272,0.97958984375
10,44,0.0009566259104758501,0.0009059555595740676,-0.07323432998892701,-0.0545106569925944,0.9843285831404321,0.9783799913194444
10,45,0.000958543736487627,0.0008903369307518005,-0.07661090633015574,-0.035152529345618355,0.9829300491898149,0.9827962239583333
10,46,0.0009537626756355166,0.0008988260524347425,-0.06750578674269311,-0.04756888416078356,0.9846324025848765,0.9746039496527777
10,47,0.0009529651724733412,0.0008912315825000405,-0.07024110717537962,-0.04262953996658325,0.9837733892746914,0.9813585069444445
10,48,0.0009550554677844048,0.0008925842121243477,-0.07500440750593021,-0.042884981632232665,0.9833821614583333,0.9851182725694444
10,49,0.0009538123267702758,0.0008889856981113553,-0.07147262346597365,-0.040037767092386885,0.9839084201388889,0.9777235243055555
10,50,0.0009489374351687729,0.0008950437186285853,-0.06554329012647087,-0.05272650453779432,0.9825183256172839,0.9787109375
10,51,0.0009483200847171247,0.0008947486057877541,-0.06711298168441396,-0.04823301765653822,0.9830994405864197,0.9778754340277778
10,52,0.0009501937311142683,0.0008976445533335209,-0.0669307870629393,-0.04846196174621582,0.9828763985339506,0.9739583333333334
10,53,0.0009395795059390366,0.0008795360336080194,-0.05409557848800847,-0.025522164503733315,0.9826033227237654,0.9777669270833333
10,54,0.0009376914240419865,0.000871768977958709,-0.051118119704870534,-0.01675085359149509,0.9816725742669753,0.9835991753472222
10,55,0.0009391647181473672,0.0008750255219638348,-0.056185712490552736,-0.02225135432349311,0.9813693576388889,0.9814019097222222
10,56,0.0009323612321168184,0.000880520383361727,-0.04220618200890812,-0.02595857646730211,0.9817418981481482,0.9759168836805555
10,57,0.0009191716089844704,0.0008723959908820689,-0.025191355045930838,-0.01949273877673679,0.9819450472608025,0.9775173611111111
10,58,0.0009282903047278523,0.0008443653350695968,-0.03986712605864914,0.023378082116444907,0.9808449074074074,0.9830186631944444
10,59,0.0009206639369949698,0.0008584971656091511,-0.026923362266870192,0.003447870413462321,0.980517578125,0.9771809895833333
10,60,0.0009146917727775872,0.0008742032805457711,-0.016485572744298866,-0.023257988029056126,0.9814013069058642,0.976025390625
10,61,0.0009196270257234573,0.0008486662991344929,-0.0264689220322503,0.014212294419606527,0.9803927951388889,0.9764214409722223
10,62,0.0009123394265770912,0.000865681329742074,-0.01571326079191985,-0.009263888994852702,0.9805796682098765,0.9738118489583333
10,63,0.0009141240734606981,0.0008595037506893277,-0.018927673204445543,0.00022174914677937826,0.9810763888888889,0.9748969184027778
10,64,0.000909450463950634,0.000845112488605082,-0.0121120466126336,0.01725029150644938,0.9795199170524691,0.9799479166666667
10,65,0.0009047277271747589,0.0008569950587116182,-0.006141901899267126,0.00337169435289171,0.9805254147376543,0.9737521701388889
10,66,0.0008994578383862972,0.0008406714187003672,0.0001698510146435396,0.02522230943044027,0.9797031732253086,0.9775173611111111
10,67,0.0009022561134770513,0.0008429123554378748,-0.005854012495205726,0.022634732723236083,0.9798237364969136,0.9795193142361112
10,68,0.0008941799169406295,0.0008401591912843287,0.007619913713431653,0.026296726862589517,0.9799238040123457,0.9751953125
10,69,0.0008974176016636193,0.0008302342612296343,0.0006794078850451811,0.04028146399392022,0.9797755111882716,0.9779351128472222
10,70,0.0008926498703658581,0.0008319750777445734,0.00909057119746267,0.035686926047007246,0.9797423562885802,0.9780815972222222
10,71,0.0008926119189709425,0.000836805091239512,0.008841396702660455,0.02865233023961385,0.9796199845679012,0.9779839409722222
10,72,0.0008889714954420924,0.0008299081237055361,0.012220335889745642,0.039507075150807695,0.9801637249228395,0.9770833333333333
10,73,0.0008876182255335152,0.0008249175734817982,0.013252152189796354,0.046326424015892875,0.9799629870756172,0.9755045572916666
10,74,0.000880321953445673,0.0008220333838835359,0.02620992410330125,0.05173133479224311,0.979468677662037,0.9777994791666667
10,75,0.00088172045070678,0.0008231161627918482,0.020401695333881142,0.05091530349519518,0.9801154996141975,0.9773057725694444
10,76,0.0008824137039482594,0.0008224503835663199,0.022338561805678003,0.04768903387917413,0.9801637249228395,0.9758463541666667
10,77,0.0008754846639931202,0.0008260011090897024,0.030076853728588718,0.04368388387891981,0.980078125,0.97626953125
10,78,0.0008705049403943121,0.0008234751876443624,0.039858438939224056,0.047345679336124,0.9797827449845679,0.9744520399305555
10,79,0.0008726966334506869,0.0008247960358858109,0.032345943833574836,0.048666934172312416,0.9801998939043209,0.9748263888888888
10,80,0.0008762766374275088,0.0008224631892517209,0.028608647540763574,0.04735030333201091,0.9798870322145061,0.978369140625
10,81,0.0008659809827804565,0.0008270522812381387,0.0436200589309504,0.04417018095652262,0.9802041136188272,0.9772406684027778
10,82,0.0008624873589724302,0.000812488840892911,0.04858372108435925,0.0628514289855957,0.9804301697530864,0.9737141927083334
10,83,0.0008690192480571568,0.0008082673884928226,0.039030985920517534,0.06997689803441366,0.9803584346064815,0.9773003472222223
10,84,0.0008590451907366514,0.0008074779179878533,0.04979578271324252,0.0678175581826104,0.9798912519290124,0.9778266059027778
10,85,0.0008586945477873087,0.0008052538614720106,0.05066332478582123,0.07269227637184991,0.9808973524305555,0.976318359375
10,86,0.0008529407205060124,0.000800955924205482,0.06037054827183853,0.07842847373750475,0.9810022424768519,0.9760145399305555
10,87,0.0008552977815270424,0.0008055795915424824,0.05476625466052397,0.07200813955730861,0.981029972029321,0.9767795138888888
10,88,0.0008513604407198727,0.0008021612884476781,0.0611149004947992,0.07745047807693481,0.9809009693287037,0.978955078125
10,89,0.0008481006370857358,0.0008025442948564887,0.06365913226280684,0.07939475377400716,0.9812632619598766,0.97744140625
10,90,0.0008438304648734629,0.0008013465558178723,0.06993483981968444,0.07889674107233684,0.9814013069058642,0.9770073784722222
10,91,0.0008426773711107671,0.0008012419566512108,0.07193651140472035,0.07809536324607001,0.9815743152006173,0.9781141493055555
10,92,0.0008431780152022839,0.0008074089419096708,0.06919256801958437,0.07191909948984782,0.9823670187114197,0.9773600260416667
10,93,0.0008386882836930454,0.0008000465459190309,0.07618036638071507,0.07809089422225952,0.9822476610725308,0.97802734375
10,94,0.0008351535652764142,0.0007958045462146401,0.07934307551678316,0.08638193607330322,0.9822060667438272,0.9793619791666667
10,95,0.0008340008207596838,0.0008076834492385387,0.08444467429761533,0.06438835064570109,0.9823778694058642,0.9775173611111111
10,96,0.0008328715339303017,0.0007989262812770903,0.08367518848843045,0.07751638227038914,0.9829216097608025,0.9774631076388889
10,97,0.0008327832911163568,0.0007882155478000641,0.08452328988063483,0.0960882239871555,0.9821626639660493,0.9783420138888889
10,98,0.0008285624790005386,0.000794846739154309,0.08958355350258909,0.08347344001134237,0.9827938126929012,0.9780653211805556
10,99,0.000825982540845871,0.0007884828955866396,0.09436097439424491,0.09396543105443318,0.9834876543209876,0.9766493055555555
10,100,0.0008265480864793062,0.0007868759566918015,0.09229267276363608,0.094275258647071,0.9827715084876543,0.9775119357638888
10,101,0.0008207713253796101,0.0007828997913748026,0.09911907013551688,0.1004656540022956,0.9831374180169753,0.9796006944444444
10,102,0.0008171296212822199,0.0007829949026927352,0.10209262827296316,0.10235967636108398,0.9831368152006172,0.9783148871527778
10,103,0.0008135905372910202,0.0007833016570657492,0.10717193506382129,0.1020234637790256,0.9836841724537037,0.9802680121527778
10,104,0.0008166033076122403,0.0007909470004960895,0.10439006134315773,0.09295198520024618,0.983960262345679,0.978857421875
10,105,0.0008102565188892186,0.0007780615705996752,0.1124490648140142,0.10491698847876654,0.9840145158179012,0.9790581597222222
10,106,0.0008050673641264439,0.0007752348901703954,0.11805776990490195,0.11276115973790486,0.9843297887731481,0.9803602430555556
10,107,0.000803845003247261,0.0007777535356581211,0.11606498397426841,0.11166170040766397,0.9845106336805556,0.9823567708333333
10,108,0.0008033407502807677,0.0007869221153669059,0.12031328736999888,0.09419612487157186,0.9848283179012346,0.9796712239583333
10,109,0.0007981938542798162,0.0007762949680909514,0.1263127663989126,0.10772620439529419,0.9845998505015432,0.9820421006944444
10,110,0.0007976326160132885,0.0007726928452029824,0.12426677235850582,0.11430625385708279,0.9849928867669753,0.981787109375
10,111,0.0007936445181258023,0.0007736178813502192,0.13230210498527245,0.1126136302947998,0.9852792245370371,0.9794325086805555
10,112,0.0007901593344286084,0.0007684967713430524,0.1358740731521889,0.11736040115356446,0.9853473427854939,0.9816840277777777
10,113,0.0007908184197731316,0.000773007282987237,0.13523110180725287,0.11451098521550497,0.9852472752700617,0.9831705729166667
10,114,0.000785317097324878,0.0007681054994463921,0.14188129386784118,0.12122768561045329,0.9859971788194445,0.9803656684027777
10,115,0.0007851832779124379,0.0007652869098819792,0.14393392963173948,0.12211622926923964,0.9855740017361111,0.98095703125
10,116,0.0007809353992342949,0.0007677095127291977,0.14638259764070863,0.1183749344613817,0.9862033420138889,0.9817111545138889
10,117,0.0007770414813421667,0.0007631524931639433,0.15191937272931322,0.12244422303305733,0.9861738040123457,0.9830729166666666
10,118,0.0007746938499622047,0.0007685708696953952,0.15402446278819332,0.11622136036554973,0.9866566599151234,0.9806423611111111
10,119,0.0007731453515589237,0.000761083560064435,0.15635745760835248,0.1289815664291382,0.986572868441358,0.9821343315972222
10,120,0.0007670255727134645,0.0007598287775181234,0.16201109341633171,0.1256584498617384,0.9865662374614198,0.9831380208333333
10,121,0.0007679605623707175,0.0007590786553919315,0.16216771602630614,0.12957079145643446,0.9866186824845679,0.9840006510416667
10,122,0.0007620835676789284,0.0007654625223949552,0.16864070774596415,0.12036976019541422,0.9872341579861111,0.9811794704861111
10,123,0.0007619642419740558,0.0007583006517961621,0.1712819258371989,0.12846380604637994,0.9866018036265433,0.9849717881944444
10,124,0.0007601139368489385,0.0007536552147939801,0.1713614359314059,0.13711174461576675,0.9870798369984568,0.9841688368055556
10,125,0.0007546639535576105,0.0007578425575047731,0.1784618651425397,0.13057306475109523,0.9875801745756173,0.9826280381944444
10,126,0.0007585718994960189,0.0007575888885185122,0.17672461374306384,0.1267827139960395,0.9873643663194445,0.9826768663194444
10,127,0.0007487527327612042,0.0007635540096089244,0.18484147860680097,0.12141747209760878,0.9880714699074075,0.9816731770833333
10,128,0.0007455901941284537,0.0007555812480859458,0.190047158723996,0.12879195080863104,0.9877085744598766,0.9839789496527778
10,129,0.0007479676278308034,0.0007483752560801804,0.1877075994456256,0.1417050454351637,0.988352985146605,0.9832356770833334
10,130,0.0007394073763862252,0.0007511497242376208,0.19617833958731756,0.1348829666773478,0.9883879484953704,0.9840223524305556
10,131,0.0007364490302279592,0.0007453259313479066,0.20159625153482696,0.14486531813939413,0.9882306134259259,0.9846516927083333
10,132,0.0007343809120357037,0.0007465659873560071,0.20292056651762974,0.14548060629102919,0.9887852044753086,0.9838650173611111
10,133,0.0007282944279722869,0.0007465795497409999,0.2098356470649625,0.14503016074498495,0.9887375819830246,0.9850531684027778
10,134,0.0007267987239174545,0.0007413008715957403,0.20915850974895336,0.1520661844147576,0.9889545958719136,0.98349609375
10,135,0.0007211811025626957,0.0007470438140444458,0.2177261504126184,0.14069709512922499,0.9889979986496914,0.9850640190972222
10,136,0.0007181986584328115,0.0007410746184177697,0.2220144963558809,0.15229135354359943,0.9892939814814815,0.985205078125
10,137,0.0007140258094295859,0.0007492267759516835,0.2249987475665999,0.1400074243545532,0.9894694010416667,0.9844618055555555
10,138,0.000713606714271009,0.0007421065238304436,0.22378422360361358,0.1545157233874003,0.9895604263117284,0.9848198784722222
10,139,0.0007085454417392612,0.000749336089938879,0.2333038983521638,0.1381778875986735,0.9895411361882716,0.9844563802083334
10,140,0.0007035388262011111,0.0007464929949492216,0.23793633455111657,0.14364527728822496,0.9896568769290124,0.9849772135416667
10,141,0.0007075914181768894,0.0007304779719561338,0.23623091129609097,0.16502821180555555,0.9897334346064814,0.9846733940972222
10,142,0.000700355158187449,0.0007384415366686881,0.24231428143418865,0.1528826567861769,0.9897708092206791,0.9859429253472223
10,143,0.0006975228898227215,0.0007425255025736988,0.24964809447159003,0.15190142260657416,0.990013744212963,0.9857042100694444
10,144,0.0006933346157893538,0.0007422777125611901,0.25419948086326505,0.15058697859446207,0.9901204427083333,0.9840928819444444
10,145,0.0006915143458172679,0.0007402909686788917,0.2558461429160318,0.15300471517774794,0.9901505835262345,0.9869466145833333
10,146,0.0006848673801869154,0.0007409981917589903,0.26319087361112053,0.14949189954333836,0.9903157552083334,0.9852430555555556
10,147,0.0006836513639427722,0.0007285684696398675,0.26159873023445224,0.17132124503453572,0.9901885609567901,0.9866156684027778
10,148,0.0006845828611403704,0.0007302397862076759,0.263437741185412,0.16683843268288506,0.9906503182870371,0.9862196180555556
10,149,0.0006778351380489767,0.0007285719038918614,0.27075532733658214,0.16812604665756226,0.9907618393132716,0.98623046875
10,150,0.0006726430146954954,0.0007358810398727655,0.2768640750720177,0.16209770176145766,0.9907377266589507,0.9856716579861111
10,151,0.000665325322188437,0.0007272138027474284,0.28738247406335526,0.16928223901324801,0.9911102671682098,0.9864908854166666
10,152,0.0006672253366559744,0.0007311888039112091,0.281654053558538,0.1648589531580607,0.9912651909722222,0.9861056857638889
10,153,0.0006620212807320058,0.0007232909556478262,0.2896261597857063,0.17668162054485745,0.9911289544753087,0.9877278645833333
10,154,0.0006531463004648685,0.000719237606972456,0.30263656701570674,0.18191974692874485,0.9914255401234567,0.9866482204861111
10,155,0.0006525135831907392,0.0007331173401325941,0.3025641332437963,0.1617681344350179,0.9913176359953704,0.9868326822916667
10,156,0.0006485400954261422,0.0007334869587793946,0.30364001018029674,0.1661489831076728,0.9916648582175925,0.9865234375
10,157,0.000646858592517674,0.0007232716307044029,0.30650073407608786,0.17868822548124524,0.9915105372299383,0.987158203125
10,158,0.0006450117216445506,0.0007204987341538072,0.30622990425722096,0.1816369824939304,0.991846305941358,0.9871256510416667
10,159,0.0006413844530470669,0.000744889781344682,0.31181325765303625,0.1541584054629008,0.9917799961419753,0.9862413194444445
10,160,0.0006355480873025954,0.0007265009917318821,0.32018997065814925,0.17266121043099297,0.9918318383487654,0.9867404513888889
10,161,0.0006334509234875441,0.0007245910819619894,0.324787766845138,0.18008700874116684,0.9919035734953704,0.9870768229166667
10,162,0.0006301880348473787,0.0007231849012896419,0.3247332447840844,0.17781692743301392,0.9919825424382716,0.9872667100694444
10,163,0.0006209239363670349,0.0007225328590720892,0.33992689229823925,0.18024572796291774,0.9923363956404321,0.986767578125
10,164,0.0006222218507900834,0.0007394651183858514,0.3356381164656745,0.15399230321248372,0.9923574942129629,0.9865614149305556
10,165,0.0006129163084551692,0.0007154368213377893,0.34619008582315325,0.19087288909488254,0.9923996913580246,0.9880533854166667
10,166,0.0006137322634458542,0.0007088161073625088,0.34682386495448925,0.19908310572306315,0.9926203221450617,0.9876573350694444
10,167,0.0006091140676289797,0.0007079306524246931,0.3488868510281598,0.200553564230601,0.9925516010802469,0.987841796875
10,168,0.000606161484029144,0.0007139763329178095,0.3581779029634264,0.1877684235572815,0.9928325135030864,0.9871148003472222
10,169,0.0006023214664310217,0.0007156361825764179,0.35746103951960434,0.18887812693913777,0.9925238715277778,0.9881944444444445
10,170,0.0005992293590679765,0.0007233084179461002,0.36118434608718497,0.17372518910302057,0.9929241415895061,0.9872233072916666
10,171,0.0005946778110228479,0.0007107096025720239,0.36792613591676876,0.19566677278942532,0.9929259500385802,0.9879123263888889
10,172,0.0005853986367583275,0.0007045004749670625,0.3756844997406006,0.20189258522457545,0.9930784625771605,0.9882052951388889
10,173,0.0005926129524596035,0.000717857968993485,0.374299234961286,0.18818395402696397,0.9932243441358025,0.9881618923611111
10,174,0.0005811412120237947,0.0007251492934301496,0.38288729661776694,0.17406892246670194,0.9931345244984567,0.9878960503472223
10,175,0.0005820422666147351,0.0007303267484530807,0.38454446306935064,0.16614754994710287,0.9932219328703704,0.9880588107638889
10,176,0.0005784656386822462,0.0007230851915664971,0.38879329334070656,0.1822455538643731,0.993434124228395,0.9874186197916667
10,177,0.0005728679825551808,0.0007071181898936629,0.38936476898782046,0.2041901667912801,0.9933418933256173,0.9883083767361112
10,178,0.0005690413527190685,0.0007265348685905337,0.3974297535272292,0.16495144102308484,0.9935366030092593,0.9882758246527777
10,179,0.0005659132730215788,0.0007224760483950377,0.4037925637798545,0.17750398053063288,0.9936559606481481,0.9884602864583333
10,180,0.0005620184238068759,0.0007032063440419734,0.4047068507583053,0.20159827338324654,0.9936336564429012,0.9884765625
10,181,0.0005576098919846117,0.0006990609690546989,0.40979181204313114,0.21389879120720756,0.9938410252700617,0.9878200954861112
10,182,0.0005588706699199975,0.0007202993729151785,0.4139369668783965,0.18122442828284369,0.993920597029321,0.9894259982638889
10,183,0.0005452245241031051,0.0007149551529437304,0.4224835843215754,0.1877197715971205,0.9939453125,0.9883246527777778
10,184,0.0005438369116745889,0.0007167529547587037,0.42848069137997097,0.1934745987256368,0.993920597029321,0.9884765625
10,185,0.0005433076294139028,0.0007221207488328218,0.43042123979992336,0.1754605836338467,0.9939959490740741,0.9883897569444444
10,186,0.0005334895686246455,0.0006950491806492209,0.4365611622362961,0.2132074409061008,0.9940978250385802,0.9891764322916666
10,187,0.0005363511154428124,0.0007010120898485184,0.4400598793853948,0.20313818587197197,0.9939483265817901,0.9880642361111112
10,188,0.000528929173015058,0.0006927658105269074,0.4475268368367796,0.21862217982610066,0.9942515432098765,0.9884168836805556
10,189,0.0005337344482541084,0.0006982000777497888,0.4406738026642505,0.21190344889958698,0.9943932050540123,0.9882975260416667
10,190,0.0005272625712677836,0.0006995125440880656,0.44218032566117654,0.21104170878728232,0.9941177179783951,0.9886067708333334
10,191,0.0005238046869635582,0.000708581879734993,0.44892419002674244,0.1918072157435947,0.9943642698688272,0.9888346354166667
10,192,0.0005146238836459816,0.0007101373630575836,0.4609796616766188,0.18839839299519856,0.9944890528549383,0.9881184895833334
10,193,0.0005190686206333339,0.0006866598268970847,0.4561875381587464,0.21659614642461142,0.9944727768132716,0.989111328125
10,194,0.0005113527877256274,0.0007113262545317411,0.46530553970807864,0.18831777307722303,0.9945095486111111,0.9891655815972222
10,195,0.0005083947908133268,0.0007010517874732614,0.46958997853008316,0.20433408154381646,0.994702449845679,0.9892523871527777
10,196,0.000504179042764008,0.0006997340824455023,0.4714593369283794,0.20200188292397392,0.9947561005015432,0.9893174913194445
10,197,0.0005033230409026146,0.0006969890091568232,0.4747880707552404,0.2103877888785468,0.994920669367284,0.9887152777777778
10,198,0.0004994902992621064,0.000710621359758079,0.4759503963552875,0.1889963454670376,0.9946747202932099,0.989013671875
10,199,0.0004954703035764396,0.0006802160642109811,0.48268367272836193,0.22614318132400513,0.9948549623842593,0.9888726128472223
10,200,0.00048784021055325866,0.0006754338974133134,0.4895485134772313,0.23625864187876383,0.9946475935570988,0.989599609375
10,201,0.0004908756236545742,0.0006924676708877087,0.48749017494696156,0.21509547763400608,0.9950991030092593,0.9890787760416667
10,202,0.0004901200882159173,0.0006896903505548835,0.49126357016740024,0.21098003917270236,0.9949592496141976,0.989501953125
10,203,0.00047979369992390275,0.0006914881523698568,0.4997108605172899,0.2184199571609497,0.9951762635030864,0.9895779079861111
10,204,0.000481486989883706,0.0006848267512395978,0.49812350744082606,0.22174733347362943,0.9952033902391976,0.9895616319444445
10,205,0.00047777677536942065,0.0006826153257861733,0.5044921398162842,0.22448132435480753,0.9953534915123456,0.9900499131944445
10,206,0.0004716389230452478,0.0006939913146197796,0.5062342135994523,0.21089002953635322,0.9952799479166666,0.9898166232638889
10,207,0.00047110399464145303,0.000697102805133909,0.5115041637126311,0.20344070196151734,0.9953082802854938,0.9897894965277778
10,208,0.0004648926842492074,0.0007220409461297095,0.5179557504477325,0.17323626412285698,0.9953926745756173,0.9891872829861111
10,209,0.00046878348803147674,0.0006872707162983716,0.5156820002897287,0.22075658639272053,0.9953637393904321,0.9891818576388889
10,210,0.0004622832639142871,0.0006912732496857643,0.5164632243874633,0.21988471216625638,0.9954511477623457,0.9897840711805556
10,211,0.00045540096471086144,0.0006811138009652495,0.5254981327939916,0.23044920762379964,0.9954885223765432,0.9902506510416667
10,212,0.00045651313848793507,0.0006841797148808837,0.5252875872600226,0.22850677569707234,0.9956428433641975,0.9897298177083333
10,213,0.00044605645234696567,0.0006991756963543594,0.5373597192175594,0.20699011749691434,0.9959755979938272,0.989794921875
10,214,0.00043795566307380795,0.0006821852875873446,0.5463876340124342,0.22960904704199897,0.9960232204861111,0.9901421440972222
10,215,0.00043628699495457113,0.00069026043638587,0.5489410838963072,0.21823210451338027,0.9960847077546297,0.9904839409722223
10,216,0.0004347068606875837,0.000691815628670156,0.5502481235398187,0.21219611697726778,0.9961467978395062,0.9902886284722222
10,217,0.00043375109089538455,0.0006785127334296703,0.5520012967380477,0.2353405899471707,0.9961455922067901,0.9901909722222222
10,218,0.00043696517241187394,0.0006813736399635673,0.553441611337073,0.22657921314239501,0.9963439187885802,0.9903591579861111
10,219,0.000429713778430596,0.0006848048069514334,0.5548009188086899,0.22314244111378986,0.996337287808642,0.990625
10,220,0.00042797194328159094,0.0006840729620307684,0.558378165592382,0.22604957156711156,0.9963348765432098,0.9904947916666667
10,221,0.00042717973701655865,0.0006970465183258057,0.5559275170903147,0.2026520570119222,0.9965139130015432,0.9903645833333333
10,222,0.00042727982508949935,0.0006936261197552085,0.5592288296899678,0.214639859729343,0.9962414400077161,0.9902886284722222
10,223,0.0004190410836599767,0.0006779504474252462,0.5694323205653532,0.23543845547570122,0.996363811728395,0.9904730902777777
10,224,0.00042490585474297404,0.0006814416265115142,0.5626824711575921,0.23043536477618748,0.9965181327160494,0.9905598958333334
10,225,0.0004167920851614326,0.0006792376516386867,0.5672505346345312,0.2310591008928087,0.9965964988425926,0.9905870225694444
