Fold,Epoch,Train_MSE,Val_MSE,Train_R2,Val_R2,Train_AuxAcc,Val_AuxAcc
1,1,0.04450114071369171,0.025760121643543243,-71.71222891984162,-36.15725591447618,0.8775523244598765,0.9937771267361111
1,2,0.01980593428015709,0.014391165226697922,-29.83708216820234,-19.59700214597914,0.9938844280478395,0.9926649305555556
1,3,0.011317985132336617,0.008741531521081924,-16.488579727690897,-11.303225411309135,0.991430965470679,0.9892252604166667
1,4,0.007253036834299564,0.006043985020369291,-9.9628733985218,-7.289520989523994,0.9899811921296297,0.99130859375
1,5,0.005243287421762943,0.004435543902218342,-6.682290661187819,-5.038128884633382,0.9895128038194444,0.9917860243055555
1,6,0.004099998157471418,0.0036800927482545376,-4.888021399356701,-3.826855839623345,0.9885308159722223,0.9875813802083333
1,7,0.003290941007435322,0.003475378267467022,-3.61965761155258,-3.375940267244975,0.9869851948302469,0.9858995225694445
1,8,0.002819846151396632,0.0026465647388249636,-2.8570014409077022,-2.3289699183570014,0.9853672357253086,0.9871256510416667
1,9,0.0023552998900413513,0.0028107725083827972,-2.18953268631005,-2.349066713121202,0.9843322000385802,0.9868001302083333
1,10,0.002100542187690735,0.0019364113686606288,-1.7818419072363112,-1.3874043040805393,0.9836341386959877,0.9855197482638889
1,11,0.0018268576823174953,0.0027155131101608276,-1.389435530739066,-2.2672805335786608,0.9830819589120371,0.9798394097222223
1,12,0.0017032771138474345,0.0014481579419225454,-1.1853459130098791,-0.7597890350553724,0.982493610146605,0.9862684461805555
1,13,0.0015106068458408117,0.001672784797847271,-0.9091852607550445,-0.9414999180369907,0.9825629340277777,0.9860026041666666
1,14,0.0014188361819833517,0.0014031886821612716,-0.7633311458575873,-0.6552144792344835,0.9821686921296297,0.9849934895833333
1,15,0.0013202991103753448,0.0011886649299412966,-0.6199008531040615,-0.38354001707500884,0.9822615258487655,0.9814832899305556
1,16,0.0012352485209703445,0.0011149740312248468,-0.5051622663015201,-0.29161529805925157,0.9810637297453704,0.9841200086805556
1,17,0.0011710894759744406,0.0011022465769201517,-0.4146354666462651,-0.27302087280485365,0.9810878423996914,0.9858832465277778
1,18,0.0010948132257908583,0.0010374384000897408,-0.3050096445613437,-0.19205118947558933,0.9807641300154321,0.9830620659722222
1,19,0.0010610765311866999,0.0009883262682706118,-0.24912066871737257,-0.1182086706161499,0.9804886429398149,0.9881510416666667
1,20,0.001022777403704822,0.0010529982391744852,-0.19084182403705738,-0.19664448897043865,0.9810432339891976,0.9771918402777777
1,21,0.0009711127495393157,0.0009217021288350224,-0.12402862987400573,-0.03624540567398071,0.980175178433642,0.9850531684027778
1,22,0.000953434850089252,0.0008621706510894,-0.10904810502205366,0.05850146081712511,0.9805242091049383,0.9843370225694444
1,23,0.0008930248441174626,0.0008958099642768502,-0.012541749742296007,0.04081751373079088,0.9800702883873457,0.9834581163194445
1,24,0.0008746640523895621,0.0007843723287805915,0.012399227383696003,0.14361644056108264,0.9802185812114198,0.9846408420138889
1,25,0.0008542205323465168,0.0007990846061147749,0.052728049990571575,0.1315117637316386,0.9805820794753086,0.9820692274305556
1,26,0.0008103487198241055,0.0008984643500298262,0.09846758445103963,0.04918983115090264,0.9799045138888889,0.9810329861111111
1,27,0.0008126231259666383,0.0008981187711469829,0.1046735327920796,0.029777982499864367,0.980223403742284,0.9827745225694444
1,28,0.0007876455783843994,0.0008590649231337011,0.1322281375343417,0.11174732579125299,0.9797724971064815,0.9831217447916667
1,29,0.0007702013244852424,0.000747217214666307,0.16370619785638504,0.2129099514749315,0.980223403742284,0.9824327256944444
1,30,0.0007539986399933696,0.0007013579015620053,0.18720600369535847,0.2738425082630581,0.9797574266975309,0.9801106770833333
1,31,0.0007176829385571182,0.0007266196771524847,0.21828581977773595,0.2537482817967733,0.9798779899691358,0.9874782986111111
1,32,0.0006964042549952865,0.0006923972396180034,0.25442244005791936,0.2863640771971809,0.9802704234182099,0.983642578125
1,33,0.0006788808386772871,0.000814567320048809,0.2784908069504632,0.1692835635609097,0.9797917872299383,0.9826551649305556
1,34,0.0006810914492234588,0.0007094757747836411,0.2683861882598312,0.28167021407021414,0.9801251446759259,0.9835828993055555
1,35,0.0006524146301671863,0.0006594330188818276,0.31117781341811757,0.31984375185436675,0.9801691502700617,0.9810655381944444
1,36,0.0006545728538185358,0.0006577448220923543,0.30226093501220513,0.34351211918724905,0.9797628520447531,0.9840386284722222
1,37,0.0006323422421701252,0.0005615215050056577,0.33619098162945404,0.43825997379091053,0.9798122829861111,0.9865885416666667
1,38,0.0006131163681857288,0.0005665502976626158,0.34699538681242204,0.4200427346759372,0.9799840856481481,0.9867513020833333
1,39,0.0005926050944253802,0.0007845261134207249,0.3810266229841444,0.21215831968519422,0.980712890625,0.9799641927083333
1,40,0.0005933138309046626,0.0005947171011939645,0.3806314300607752,0.40629086361991035,0.9798038435570988,0.9846733940972222
1,41,0.0006046449998393655,0.0007938791532069445,0.3677453300099314,0.2203604499499003,0.9802288290895061,0.9813313802083333
1,42,0.000584326742682606,0.0006137833115644753,0.39184166266594406,0.3898517542415195,0.9800051842206791,0.9827419704861111
1,43,0.0005741789354942739,0.0005683863419108093,0.4086585795437848,0.4403716140323215,0.9805507330246913,0.979833984375
1,44,0.0005592894158326089,0.0006433157832361758,0.41810976914417597,0.35817630026075575,0.9799575617283951,0.9828125
1,45,0.0005384590476751328,0.0006166587700136006,0.4386962953908944,0.39935249222649466,0.9802595727237654,0.981591796875
1,46,0.0005082978750579059,0.0006092163966968656,0.4705294954923936,0.398843080467648,0.9805953414351852,0.9836154513888888
1,47,0.0004919024650007486,0.0005446879658848047,0.4913328532819395,0.47242040501700505,0.9809775270061728,0.9834309895833333
1,48,0.00047593493945896626,0.0005319740739651024,0.5050858329843592,0.48180766767925687,0.9812361352237654,0.9809027777777778
1,49,0.00047961907694116235,0.0005420880042947829,0.4999704764213091,0.47056277592976886,0.9812891830632716,0.9842936197916666
1,50,0.00046456215204671025,0.0005265881191007793,0.5150526639855938,0.48552171389261883,0.9815363377700618,0.9823784722222222
1,51,0.00045338808558881283,0.0005181902088224888,0.5233586019939847,0.49826202789942425,0.981493537808642,0.986376953125
1,52,0.0004517212219070643,0.0005336370668374002,0.5251444797457,0.4858378609021505,0.9815453800154321,0.9850748697916667
1,53,0.00044070533476769924,0.0006012741359882057,0.5377727351070922,0.42608153422673545,0.9818612557870371,0.9839518229166667
1,54,0.00045629506348632276,0.0004994022310711443,0.5223717944121655,0.5123174693849352,0.9817021122685186,0.9845974392361111
1,55,0.00043121870839968324,0.00049738644156605,0.5467033474533646,0.5220203836758931,0.9820523485725309,0.9849392361111111
1,56,0.0004306748160161078,0.0005568663473241031,0.5478995455635919,0.45839835537804496,0.9820300443672839,0.98623046875
1,57,0.0004197222588118166,0.0005263877101242542,0.5624470447316582,0.4923151400354173,0.9821512104552469,0.9858289930555556
1,58,0.00041559169767424464,0.0005251815309748054,0.5619218905766805,0.5033345248964097,0.9823121624228395,0.9841959635416667
1,59,0.0004061076615471393,0.0005144166061654687,0.5746665333524162,0.5037226147121854,0.9823869116512346,0.9850694444444444
1,60,0.0003929876838810742,0.0005384222022257745,0.5904108536096266,0.4708282311757406,0.9825617283950617,0.9856228298611112
1,61,0.00040544132934883237,0.000544311769772321,0.5778571342244561,0.4728558513853285,0.9827624662422839,0.9849555121527778
1,62,0.0003788286994677037,0.0005069250473752618,0.6051958288675473,0.5161159170998467,0.982911964699074,0.9848198784722222
1,63,0.0003823351871687919,0.000493870407808572,0.6013870654282747,0.5160482777489557,0.9829023196373456,0.9857042100694444
1,64,0.0003723301342688501,0.0006079657468944788,0.6103596897772801,0.4107742402288649,0.9829945505401234,0.9847547743055556
1,65,0.00036864657886326313,0.0005307382089085877,0.6132953194924343,0.48800090948740643,0.9831500771604939,0.9847927517361111
1,66,0.00035965762799605727,0.0005570717621594667,0.6251935409910885,0.4710441615846422,0.9832157841435185,0.9837076822916667
1,67,0.0003613999579101801,0.0004893136210739613,0.6265205197864109,0.5366970141728719,0.9833309220679012,0.9851725260416667
1,68,0.000357685552444309,0.00047344627091661096,0.6266330913261131,0.5536478731367324,0.9834412374614198,0.9872612847222222
1,69,0.0003475915000308305,0.0005098277470096946,0.633496015454516,0.5146266235245599,0.9834490740740741,0.9852484809027777
1,70,0.0003425845643505454,0.0005173690151423216,0.6452245192763246,0.5076680898666381,0.9835648148148148,0.9854926215277777
1,71,0.00033826607977971435,0.000491814105771482,0.6472246755788356,0.5306554079055786,0.9837149160879629,0.9867947048611111
1,72,0.0003223238745704293,0.0004922710359096527,0.6607343582459438,0.5276057653956943,0.9842369550540123,0.9875162760416667
1,73,0.00033231693669222295,0.0004732484230771661,0.6541753639409571,0.5545956704351637,0.9840434510030864,0.9868815104166667
1,74,0.0003158988547511399,0.00046575890155509114,0.6702593698913668,0.5594201670752631,0.9842429832175926,0.9865451388888888
1,75,0.00031456409487873316,0.0005120884161442518,0.6723828630682863,0.521945963965522,0.9845021942515432,0.9864800347222222
1,76,0.0003087031072936952,0.00048055537627078593,0.6750147422154744,0.5481681836975946,0.9843960985725309,0.9865505642361111
1,77,0.00030009588226675987,0.00047080765943974257,0.6846998815183286,0.5603420535723368,0.9846498842592593,0.9861165364583333
1,78,0.0003073801635764539,0.00045239992323331535,0.6851484029381364,0.5707255283991496,0.9845534336419753,0.9873101128472223
1,79,0.0002922306302934885,0.0005728543037548661,0.6988638474617476,0.4361076487435235,0.9847053433641976,0.9849880642361111
1,80,0.0003016269183717668,0.000505977077409625,0.6831036703086194,0.5198806524276733,0.9846794222608025,0.985986328125
1,81,0.0002791369042824954,0.0005036626243963838,0.7108685739246415,0.5206284748183356,0.9849332079475308,0.9874782986111111
1,82,0.00028050108812749386,0.00048522354336455464,0.70905367842427,0.5386612680223253,0.9850284529320987,0.9874131944444444
1,83,0.0002836125495377928,0.0004855841107200831,0.7025689924204791,0.5385415103700426,0.9848548418209877,0.9857801649305555
1,84,0.00027737842174246907,0.000461550778709352,0.707893795290111,0.5716345429420471,0.9849555121527778,0.9878200954861112
1,85,0.00028085222584195435,0.0005081556155346334,0.7067196014486713,0.5143899957338969,0.9847957658179012,0.9857638888888889
1,86,0.0002801436057779938,0.0004998652148060501,0.7090455112633882,0.5246771216392517,0.9847342785493827,0.9865017361111111
1,87,0.00025561038637533784,0.00047730677761137486,0.7326196059768583,0.5528187089496188,0.9852123119212963,0.9882541232638888
1,88,0.00023067821166478097,0.000490610022097826,0.7568774651598047,0.5418047361903721,0.9858458719135802,0.98759765625
1,89,0.0002277702442370355,0.00044349534437060356,0.7618786579296912,0.5864494297239515,0.9858971113040124,0.9895779079861111
1,90,0.00022001104662194848,0.0004552680184133351,0.7684170365333557,0.5738153722551134,0.9862238377700617,0.9885362413194444
1,91,0.00021224921511020511,0.0004439026233740151,0.7758079787831248,0.5904504007763333,0.9863576630015433,0.9896158854166667
1,92,0.0002090638008667156,0.0004713372909463942,0.7789586729473538,0.5607384204864502,0.9865620177469135,0.9886393229166667
1,93,0.00020707515068352222,0.0004788555670529604,0.7803737084070842,0.548156033621894,0.9866331500771605,0.9892469618055556
1,94,0.00020219915313646197,0.000476617191452533,0.7848190236974646,0.5560334099663629,0.9866910204475309,0.9898328993055555
1,95,0.00020237170974723995,0.0004892252618446946,0.7852843852690709,0.5411915408240424,0.9868567949459877,0.98935546875
1,96,0.0001963703689398244,0.00048578024143353105,0.7914920911376859,0.5474305152893066,0.9869321469907407,0.9894097222222222
1,97,0.0001945964031619951,0.000494330539368093,0.7940167772917099,0.5354356222682529,0.9869966483410494,0.9889756944444444
1,98,0.00019022083142772317,0.0004878800828009844,0.79813222222858,0.5413700593842401,0.9870496961805556,0.9895616319444445
1,99,0.00018566919607110322,0.00048061637789942324,0.8015828010476665,0.5534463220172459,0.9872208960262345,0.9898274739583334
1,100,0.00018153886776417494,0.0004854676662944257,0.8057359857323729,0.5471317132314046,0.9872474199459876,0.9899576822916667
1,101,0.00017997578834183514,0.00048240055912174284,0.807665479330369,0.5535345819261339,0.9874095775462963,0.9898708767361111
1,102,0.0001783357874955982,0.0004850209516007453,0.8090228017465568,0.5495237390200297,0.9873709972993827,0.9900770399305555
1,103,0.00017757006571628153,0.0004860287008341402,0.8094341101469817,0.5494490583737691,0.9874662422839506,0.9902018229166667
1,104,0.00017633469542488456,0.000493290601298213,0.8103934383686678,0.5419385857052273,0.9875090422453704,0.990185546875
1,105,0.0001758895959937945,0.0004892071010544896,0.8108405225070906,0.5474697324964736,0.9875771604938272,0.9900716145833334
1,106,0.00017241679597645998,0.0005037064547650516,0.8149066969200417,0.5322251677513122,0.9875880111882716,0.9901095920138889
1,107,0.00017142175056505948,0.0004995387280359864,0.8159012113088443,0.5367076330714755,0.9876356336805555,0.9903266059027778
1,108,0.00016967224655672908,0.0005034561036154628,0.8173692169012847,0.5330899715423584,0.9876868730709877,0.9901204427083333
1,109,0.00016950452118180692,0.0005015040514990687,0.8179190304544237,0.5347816599739923,0.9877260561342592,0.9902235243055556
2,1,0.11985994875431061,0.054653167724609375,-195.4714022224332,-82.07677972581652,0.7178620515046297,0.9930230034722223
2,2,0.04051660746335983,0.02855258621275425,-62.23117679548852,-42.265055126614044,0.9933195891203703,0.9927842881944444
2,3,0.022514600306749344,0.017405088990926743,-33.974925970148156,-25.093158155017427,0.9931170428240741,0.9922037760416667
2,4,0.014437925070524216,0.011801397427916527,-21.24434077474806,-16.521002594629923,0.9922188464506173,0.9922526041666667
2,5,0.010255356319248676,0.00893828272819519,-14.572083032278368,-12.031251419915094,0.9920862268518519,0.9909233940972222
2,6,0.007839832454919815,0.007017060182988644,-10.734037332181577,-9.041711780760023,0.9916708863811728,0.9895345052083333
2,7,0.00627482496201992,0.006342284381389618,-8.222942833252896,-7.605528550677829,0.9907672646604938,0.9881184895833334
2,8,0.005250203423202038,0.0047814976423978806,-6.54766346230919,-5.623805766635471,0.9909221884645062,0.9858669704861112
2,9,0.004421817138791084,0.004375878721475601,-5.295278206283664,-4.948328932126363,0.9883481626157408,0.9783854166666667
2,10,0.003824809333309531,0.004109843168407679,-4.369382224553897,-4.43081988758511,0.9868109809027777,0.9825575086805556
2,11,0.0033597475849092007,0.0028707024175673723,-3.6738126972575245,-2.905246867073907,0.9859513647762346,0.9889702690972222
2,12,0.0029515796341001987,0.0027534877881407738,-3.0813985097555467,-2.6581301397747463,0.9857458043981482,0.9794921875
2,13,0.002637234516441822,0.0024091354571282864,-2.584332514103548,-2.1680892043643527,0.9843424479166667,0.98486328125
2,14,0.0023814253509044647,0.0021940013393759727,-2.192436288315573,-1.8539512846204969,0.9838071469907408,0.9856011284722223
2,15,0.0021649356931447983,0.002078608376905322,-1.866749538168495,-1.7307215465439691,0.9837179301697531,0.9833604600694444
2,16,0.001978413201868534,0.0019565827678889036,-1.6126529534657796,-1.4806029783354866,0.9833942177854939,0.9809027777777778
2,17,0.0018496178090572357,0.0018297357019037008,-1.4060806502530605,-1.3188661098480225,0.9833912037037037,0.9761338975694445
2,18,0.0016958689084276557,0.0019333736272528768,-1.1851139752953141,-1.4139398415883382,0.9831603250385802,0.9739637586805555
2,19,0.0015986169455572963,0.0016368459910154343,-1.0422167939904294,-0.9753065519862705,0.982249469521605,0.9800509982638889
2,20,0.0015001327265053988,0.001355299144051969,-0.8907371862435046,-0.6649626890818278,0.9822042582947531,0.9844509548611111
2,21,0.0014005352277308702,0.0014684709021821618,-0.7550221543253204,-0.7814187314775255,0.982567153742284,0.9756890190972223
2,22,0.0013235275400802493,0.0016593694454059005,-0.6471019914120804,-0.8935772962040371,0.9816520785108025,0.9787706163194444
2,23,0.001268190797418356,0.0012516221031546593,-0.5506668928228778,-0.4814441680908203,0.9817666136188271,0.98115234375
2,24,0.0011935820803046227,0.0011771036079153419,-0.45487589703665837,-0.3571846524874369,0.9815116222993827,0.9782335069444444
2,25,0.0011613797396421432,0.0012052233796566725,-0.4103173638567512,-0.380113340748681,0.9814037181712963,0.9786241319444444
2,26,0.0010847614612430334,0.0011032730108126998,-0.30741926784868595,-0.2759569525718689,0.9809353298611111,0.9788519965277778
2,27,0.0010596662759780884,0.0010245493613183498,-0.2633789281786224,-0.16495184103647867,0.9809714988425926,0.979541015625
2,28,0.0010108790593221784,0.0012543598422780633,-0.1968133564348574,-0.40811658832761977,0.9813374083719136,0.9727159288194445
2,29,0.00098237965721637,0.0010760328732430935,-0.157545566117322,-0.21202091111077204,0.9805682146990741,0.9755154079861111
2,30,0.0009719141526147723,0.0012063588947057724,-0.13850431118482426,-0.39360039366616145,0.980664665316358,0.9794053819444445
2,31,0.0009523571352474391,0.0010342533932998776,-0.1079149736298455,-0.11790366570154825,0.9802782600308642,0.9823567708333333
2,32,0.0008767378749325871,0.0011227705981582403,-0.004441037148605159,-0.28358824650446574,0.9811698254243827,0.9743109809027778
2,33,0.0008580253925174475,0.0009513481054455042,0.01012033709773311,-0.018574833869934082,0.9802824797453704,0.9750868055555556
2,34,0.0008254487765952945,0.000879999715834856,0.05295307783432949,0.0722780254152086,0.9807695553626543,0.9795789930555555
2,35,0.0007880530320107937,0.0009450317593291402,0.10677279660731186,0.020349884033203126,0.9805826822916667,0.9770833333333333
2,36,0.0007879379554651678,0.0007815536228008568,0.10682720446292265,0.18722004625532362,0.9803077980324074,0.9867947048611111
2,37,0.0007492559961974621,0.000842092209495604,0.15626767167338618,0.10153575870725844,0.9808889130015432,0.97490234375
2,38,0.0007500024512410164,0.0007802431937307119,0.16019495416570592,0.18685562610626222,0.9804572964891975,0.9786675347222222
2,39,0.0007294911774806678,0.000792263075709343,0.18585905528362887,0.18393236133787366,0.9807092737268519,0.9771538628472223
2,40,0.000703230791259557,0.0007689743069931865,0.2235839664200206,0.19413116110695733,0.9810323832947531,0.9778266059027778
2,41,0.0006833877414464951,0.0007613386842422187,0.2385713658215087,0.21767495738135445,0.9805097415123457,0.9753851996527778
2,42,0.0006443498423323035,0.0008792950538918376,0.2872211953740061,0.0773862255944146,0.9808702256944445,0.9758517795138889
2,43,0.0006350016919896007,0.000896323355846107,0.29843393358183495,0.02406143479877048,0.9809214650848765,0.9718424479166666
2,44,0.0006282378453761339,0.0009192195138894022,0.305794409174978,0.09302355580859714,0.981006462191358,0.9754340277777778
2,45,0.0006512374966405332,0.0007409508107230067,0.2833605159947902,0.2285781078868442,0.9810908564814815,0.9757052951388889
2,46,0.0006198717164807022,0.0007544654072262347,0.32937322251590684,0.24502369695239598,0.9807285638503086,0.9788465711805555
2,47,0.0005777374608442187,0.0007020439952611923,0.36767673816209956,0.30223333570692273,0.9810124903549383,0.9761990017361111
2,48,0.000577602069824934,0.0006885761395096779,0.37605977485209335,0.33277390003204343,0.9814314477237654,0.9765625
2,49,0.0005371392471715808,0.0006889136275276542,0.415225519074334,0.32844209538565744,0.9816261574074074,0.9756184895833333
2,50,0.0005502820131368935,0.0006498234579339623,0.40019262631734215,0.37287561496098837,0.9814953462577161,0.9798936631944445
2,51,0.0005195643752813339,0.0006589176482520998,0.437770057901924,0.3625835749838087,0.9812078028549382,0.98203125
2,52,0.0005443961126729846,0.0006661148509010673,0.4035647423179061,0.3490355730056763,0.9812367380401235,0.9770128038194444
2,53,0.0005398851353675127,0.0007145543349906802,0.4228997959030999,0.28303480413224963,0.9814983603395062,0.9752712673611111
2,54,0.000518250628374517,0.0007212832570075989,0.4413148637171145,0.28830728398429023,0.981836540316358,0.9763075086805556
2,55,0.0004983906983397901,0.0006830872735008597,0.45999297874945183,0.3486036949687534,0.9819926697530864,0.9790635850694445
2,56,0.000506017473526299,0.0006679334328509867,0.4564388581264166,0.3646742105484009,0.9818371431327161,0.9771647135416667
2,57,0.0004648355534300208,0.0006360235856845975,0.501974500844508,0.38014007674323186,0.9822446469907408,0.9743923611111112
2,58,0.00046846544137224555,0.0006553419516421854,0.4964133988192052,0.39141652054256865,0.9819757908950617,0.9790635850694445
2,59,0.00045321433572098613,0.0006334763602353632,0.5203454766744449,0.38636323081122503,0.9822621286651234,0.9743543836805556
2,60,0.000470152182970196,0.0007275330135598779,0.49807178930000023,0.3140756434864468,0.9821735146604939,0.9802191840277777
2,61,0.0004493750457186252,0.0006349958712235093,0.5207674027960978,0.40141615205340914,0.9826274353780864,0.9801052517361111
2,62,0.0004361923201940954,0.0006855581887066364,0.5376453618944427,0.33461280663808185,0.9827323254243827,0.979443359375
2,63,0.00045603225589729846,0.0006789322942495346,0.5233319310494411,0.3552428854836358,0.9819396219135802,0.9795627170138889
2,64,0.0004321860906202346,0.0007269459310919046,0.5404540101687113,0.30850597355100845,0.9828510802469136,0.9788357204861111
2,65,0.0004234728985466063,0.0005572792724706233,0.5445974151293437,0.47979117234547936,0.9825581114969136,0.983740234375
2,66,0.0004022044886369258,0.0006026422488503158,0.57073734248126,0.4515215171708001,0.9829734519675926,0.9823676215277778
2,67,0.00038478802889585495,0.0005735722952522337,0.5895673798926082,0.471521610683865,0.9833357445987654,0.9792209201388888
2,68,0.0003688613651320338,0.0006677631172351539,0.6053531367101787,0.37699684964285957,0.9834490740740741,0.982080078125
2,69,0.000393507129047066,0.000669692934025079,0.5828121069036885,0.3717438578605652,0.983863208912037,0.9768934461805555
2,70,0.0003917740541510284,0.0005195518024265766,0.5874022348427478,0.5141583588388231,0.9828993055555556,0.9836046006944444
2,71,0.0003734884667210281,0.0005883120466023684,0.6001485196160682,0.473252358701494,0.9838240258487654,0.9792426215277777
2,72,0.0003579437034204602,0.0005439692758955061,0.6174247094142584,0.5006356570455763,0.9838294511959876,0.9816569010416667
2,73,0.00035337096778675914,0.0005557116819545627,0.6235288672977024,0.5005221048990885,0.9839711130401234,0.9833062065972222
2,74,0.0003325495054014027,0.0005959587870165706,0.6403814280474628,0.435166433122423,0.9844889322916667,0.9801052517361111
2,75,0.0003417466359678656,0.0006145917577669024,0.6364445054972613,0.4497678147421943,0.9842604648919753,0.9841634114583333
2,76,0.0003427038318477571,0.0005571598303504288,0.6325903299414082,0.48993771341111925,0.9844473379629629,0.980712890625
2,77,0.0003192434960510582,0.0005671817343682051,0.6614674082508794,0.4979529115888808,0.9844744646990741,0.9847981770833333
2,78,0.00031255767680704594,0.0006077599828131497,0.6669084874200232,0.4422760075993008,0.9846709828317901,0.982470703125
2,79,0.0002941932762041688,0.0005366428522393107,0.6867076123202288,0.5343818479114109,0.9850025318287037,0.9842502170138889
2,80,0.000266713002929464,0.000522801885381341,0.7086195847134531,0.540184493859609,0.9857331452546296,0.9853190104166667
2,81,0.00025693114730529487,0.0005315451417118311,0.7223998186029034,0.5350064330630833,0.9859658323688272,0.9844889322916667
2,82,0.0002585417532827705,0.0005265434738248587,0.7187582144030819,0.547361073229048,0.9860906153549382,0.9850531684027778
2,83,0.0002478679525665939,0.0005077820969745517,0.7314900642559852,0.5478594965404935,0.9863190827546297,0.9854112413194445
2,84,0.00023953148047439754,0.0005240283207967877,0.7378014719044721,0.5407599422666761,0.9863257137345679,0.9852918836805555
2,85,0.00023675482952967286,0.0005304802325554192,0.7404293651934023,0.5418177816602919,0.9865427276234567,0.985498046875
2,86,0.0002347986592212692,0.0005524796433746815,0.745351258766504,0.5138993594381545,0.9865680459104939,0.9858289930555556
2,87,0.00023959217651281506,0.0005101523129269481,0.739651264231882,0.5517243266105651,0.9866837866512346,0.9856770833333334
2,88,0.00023357494501397014,0.0005382305243983865,0.7463978103649469,0.528059388531579,0.9867784288194444,0.9856282552083333
2,89,0.00022895469737704843,0.0005145087488926947,0.7507239541889709,0.561547315120697,0.986913459683642,0.9857530381944445
2,90,0.00022238469682633877,0.0005385376862250268,0.758128716033182,0.5358121116956075,0.9869411892361111,0.985400390625
2,91,0.00021650909911841154,0.000533926475327462,0.7647284035329466,0.5334726254145304,0.9870774257330247,0.9859375
2,92,0.00021057823323644698,0.0005041302647441626,0.7690130280859676,0.5737381166881985,0.9872432002314815,0.9869194878472223
2,93,0.00019753647211473435,0.0005170803633518517,0.7825896052666652,0.5585697876082526,0.9875108506944444,0.9864366319444444
2,94,0.0001941287482623011,0.0005253467243164778,0.7862339484838792,0.5525605585840013,0.9876965181327161,0.9869520399305556
2,95,0.00019005835929419845,0.000524612725712359,0.7905197225970987,0.5547414766417609,0.9877863377700618,0.9869683159722222
2,96,0.0001888746628537774,0.0005205748602747917,0.7909993680906885,0.5576756477355957,0.987915340470679,0.9872395833333333
2,97,0.00018820363038685173,0.0005287685198709369,0.7916690742527998,0.5514649430910746,0.9879937065972222,0.9871690538194444
2,98,0.00018447080219630152,0.0005336733302101493,0.7958825610302113,0.5436538524097867,0.9880015432098765,0.9868923611111111
2,99,0.00018262153025716543,0.0005210851668380201,0.7979002368302993,0.5630153960651821,0.9880720727237654,0.9875108506944444
2,100,0.0001820721518015489,0.0005315617891028523,0.798450920905596,0.5503636280695597,0.9881691261574074,0.9875
2,101,0.00017735461005941033,0.0005274155410006642,0.8028473188847671,0.5556138303544786,0.9882758246527777,0.9878580729166667
2,102,0.0001727456838125363,0.0005282689235173166,0.8077416306660499,0.5589327679740058,0.988380111882716,0.9877115885416666
2,103,0.0001717206323519349,0.0005364721873775125,0.8085244063977842,0.5487121780713399,0.9884355709876543,0.987841796875
2,104,0.00016993028111755848,0.0005331496940925717,0.810352177090115,0.5520226544804043,0.9884898244598765,0.9878689236111111
2,105,0.00016949090058915317,0.0005342662916518748,0.8105832750414624,0.5498571025000678,0.9885790412808642,0.9879991319444444
2,106,0.0001675222592893988,0.0005427757278084755,0.8126261218094532,0.5457477119233873,0.9885856722608025,0.9878146701388889
2,107,0.00016720627900213003,0.000539157772436738,0.8129258043972063,0.5485569185680813,0.9886562017746914,0.9878580729166667
2,108,0.00016614480409771204,0.0005418631481006742,0.8141647778911355,0.5464097142219544,0.9886863425925926,0.9879720052083333
2,109,0.0001642136776354164,0.000541023793630302,0.815872957971361,0.5477998389138116,0.9887309510030864,0.9881456163194444
2,110,0.00016377581050619483,0.000539748405572027,0.8164323234263762,0.5487438082695008,0.9887797791280865,0.9882052951388889
2,111,0.00016268366016447544,0.0005412764730863273,0.817510296974653,0.5465782576137119,0.9887966579861112,0.9880859375
2,112,0.00016242748824879527,0.0005451088072732091,0.8176219314704707,0.5442566633224487,0.9888569396219136,0.9882215711805555
3,1,0.07179862260818481,0.03695063292980194,-113.1701467184373,-55.012028990851505,0.6933714313271605,0.9923448350694445
3,2,0.02796419896185398,0.02051328308880329,-42.43802240042039,-29.92034623887804,0.9928041811342593,0.993017578125
3,3,0.01633555069565773,0.012731824070215225,-24.139583763075464,-17.988565953572593,0.9922857590663581,0.9919487847222223
3,4,0.01060530636459589,0.00887536071240902,-15.21376766393214,-11.996324491500854,0.9910668643904321,0.9903483072916667
3,5,0.007654805667698383,0.006501126568764448,-10.388938084943796,-8.394072405497234,0.9906382619598766,0.9897243923611111
3,6,0.005840411875396967,0.00556216761469841,-7.5480449320357526,-6.781321207682292,0.9896580825617284,0.9855794270833333
3,7,0.00473418366163969,0.004172805696725845,-5.815391762757007,-4.892353582382202,0.9886405285493827,0.989990234375
3,8,0.003933899104595184,0.004067530855536461,-4.624803908960319,-4.554013710551792,0.9885929060570988,0.9865505642361111
3,9,0.003420812077820301,0.00306054949760437,-3.8571510179543202,-3.232630745569865,0.9868809076003087,0.9824381510416667
3,10,0.0029273969121277332,0.0025989310815930367,-3.0906076546068544,-2.5767783006032308,0.9854341483410494,0.9848904079861112
3,11,0.0025439229793846607,0.002435981761664152,-2.5172855929092126,-2.2750233279334173,0.9838915412808642,0.9808159722222223
3,12,0.0022470776457339525,0.002752508968114853,-2.0541719658875173,-2.5879941198560927,0.9831512827932098,0.9789279513888889
3,13,0.0020672830287367105,0.0018589714309200644,-1.7553018671494942,-1.445516170395745,0.9822410300925926,0.9786946614583333
3,14,0.0018499791622161865,0.0016732669901102781,-1.4476275311575995,-1.1859561522801718,0.981348259066358,0.9812554253472222
3,15,0.001697751460596919,0.0018594840075820684,-1.2149662553528209,-1.3665772981113857,0.9818057966820988,0.9716959635416667
3,16,0.001596930087544024,0.001628125086426735,-1.056667356873736,-1.0371994336446126,0.9807755835262346,0.9793023003472222
3,17,0.0014578965492546558,0.001316544134169817,-0.8591355316432906,-0.6636217806074355,0.9807556905864198,0.9817165798611112
3,18,0.0013739331625401974,0.0013348800130188465,-0.7305467459890578,-0.645466783311632,0.9804621190200618,0.9806043836805556
3,19,0.001277032308280468,0.001423429581336677,-0.5942177484064927,-0.7472595559226142,0.9806417582947531,0.9773708767361111
3,20,0.001230375375598669,0.001320332521572709,-0.5122157454490661,-0.5671905981169807,0.9807701581790124,0.9812717013888889
3,21,0.0011556410463526845,0.0012861530994996428,-0.4071528939553249,-0.5160135587056478,0.9801353925540124,0.9819878472222222
3,22,0.0011209649965167046,0.0011344219092279673,-0.36214255506609694,-0.34871580335828994,0.9804325810185185,0.9810329861111111
3,23,0.0010658875107765198,0.0009870162466540933,-0.2774077191764926,-0.1752892361746894,0.9801221305941358,0.9850965711805556
3,24,0.0010298765264451504,0.0010310292709618807,-0.230496292202561,-0.2201236539416843,0.9803198543595679,0.97705078125
3,25,0.0009634235175326467,0.000984652666375041,-0.14381796165748878,-0.16003506580988566,0.9801896460262346,0.9801974826388888
3,26,0.0009604869410395622,0.0012378905666992068,-0.12975435816211464,-0.3987013737360636,0.9800160349151235,0.9781575520833333
3,27,0.0009518819279037416,0.001022885087877512,-0.10577405750015635,-0.16688899596532186,0.9792926552854938,0.9801540798611111
3,28,0.0008905821014195681,0.0009304113336838782,-0.02991646852022336,-0.06781013939115736,0.9798152970679013,0.9814181857638888
3,29,0.000862379907630384,0.0008745280792936683,0.011197776411786492,0.00025611983405219186,0.9804952739197531,0.975634765625
3,30,0.0008415610063821077,0.000917683937586844,0.0482000055136504,-0.03310058116912842,0.9797417534722223,0.9838216145833333
3,31,0.0007910451386123896,0.0009480867302045226,0.10584764142095307,-0.06872866286171807,0.980127555941358,0.9822591145833334
3,32,0.0007807387737557292,0.0007527777343057096,0.11711710294087728,0.15451471275753445,0.9797339168595679,0.9765733506944444
3,33,0.0007616524817422032,0.0008415630436502397,0.14995270511250436,0.05731046862072415,0.9801353925540124,0.9787543402777777
3,34,0.0007387283840216696,0.0010947263799607754,0.17582260885356385,-0.20597322516971164,0.9802758487654321,0.9780056423611111
3,35,0.0007635990623384714,0.0007070052670314908,0.14887873773221616,0.21131761736339993,0.9795042438271605,0.9819986979166667
3,36,0.0007255219388753176,0.0007052116561681032,0.2002295888500449,0.21492678589291042,0.9801806037808642,0.9828342013888889
3,37,0.000689892505761236,0.0006976709701120853,0.24470595945546655,0.23779182301627266,0.9794487847222222,0.9823947482638888
3,38,0.0006566713564097881,0.0006792935309931636,0.28084381097628747,0.26876937680774265,0.9801215277777777,0.97919921875
3,39,0.0006492514512501657,0.0006878755521029234,0.29564617371853485,0.2637314372592502,0.9796350549768519,0.9833116319444445
3,40,0.0006378595717251301,0.0008355231257155538,0.3030794127487842,0.10367955764134724,0.9801540798611111,0.9802354600694444
3,41,0.0006226534023880959,0.0008591570076532662,0.32747508787814483,0.06375035444895426,0.9795922550154321,0.9815212673611111
3,42,0.0006139432080090046,0.0006187534891068935,0.3385736605267466,0.33871476650238036,0.9798532744984568,0.9820692274305556
3,43,0.0005971362697891891,0.0006933519616723061,0.36114416931882315,0.25912890831629437,0.980176986882716,0.9834743923611111
3,44,0.0005880545359104872,0.0006398479454219341,0.3737489894584373,0.33299327823850844,0.9805326485339506,0.9823893229166667
3,45,0.000580298132263124,0.0007323050522245467,0.37893413879253246,0.2075745079252455,0.9803849585262345,0.9829752604166667
3,46,0.0005741025088354945,0.0008365334942936897,0.39740670845832354,0.13373439576890733,0.9802746431327161,0.9810004340277778
3,47,0.0005572992376983166,0.0008377187768928707,0.40828947947349076,0.08551930983861288,0.9803909866898148,0.9806803385416667
3,48,0.0005553311784751713,0.0007769991643726826,0.41046484473310874,0.1766942646768358,0.980712287808642,0.9810926649305556
3,49,0.0005430312594398856,0.0005978315602988005,0.4266331921389073,0.37117304934395684,0.9808955439814815,0.9822102864583333
3,50,0.000521039473824203,0.0006394798401743174,0.45147468381457856,0.33665802081425983,0.9809835551697531,0.9821126302083333
3,51,0.0005384106189012527,0.0006488693761639297,0.4324339308856446,0.30946557389365303,0.9807936680169753,0.9790364583333333
3,52,0.0005339608760550618,0.0006892086239531636,0.43442575593053556,0.2876561509238349,0.9803065923996913,0.9844889322916667
3,53,0.0005024210549890995,0.0005966390017420053,0.4688047688684346,0.3806448989444309,0.9810938705632716,0.9828667534722222
3,54,0.00048534967936575413,0.0006720798555761576,0.48803414018065844,0.306075566344791,0.9811179832175926,0.9836208767361111
3,55,0.0004900861531496048,0.0005862786201760173,0.4858162798999268,0.39924318393071495,0.9812596450617284,0.9832356770833334
3,56,0.0004669750342145562,0.0005878003430552781,0.5091972405527845,0.4032866424984402,0.9814501350308642,0.9848687065972223
3,57,0.0004557616775855422,0.000623694621026516,0.5214534781597279,0.36644571224848427,0.9819088782793209,0.9815483940972223
3,58,0.0004632376367226243,0.0005794380558654666,0.5202675460297385,0.41350515683492023,0.9816285686728395,0.9804361979166667
3,59,0.0004605719295796007,0.0005719417240470648,0.5219800129348849,0.4150495966275533,0.9814338589891975,0.9836046006944444
3,60,0.0004539845685940236,0.0005743030342273414,0.524808238170765,0.4202368073993259,0.9818130304783951,0.9845323350694445
3,61,0.0004261555150151253,0.0005585780600085855,0.5602833896507452,0.45095489025115965,0.9822307822145062,0.9842664930555556
3,62,0.0004233029903843999,0.0007188470917753875,0.5599504625355756,0.26653167936537003,0.9823700327932099,0.9865668402777777
3,63,0.000439432478742674,0.000620487960986793,0.5417370203100604,0.3680122839079963,0.981982421875,0.9828667534722222
3,64,0.0004147015861235559,0.0006122337654232979,0.5713818686979788,0.3731225781970554,0.9824122299382716,0.9839952256944444
3,65,0.00040731747867539525,0.0005954644875600934,0.5786881882467387,0.3808618320359124,0.9824055989583333,0.9831325954861111
3,66,0.00039646404911763966,0.0006149159744381905,0.5864631545396499,0.36710218853420684,0.9826304494598765,0.9850368923611111
3,67,0.0003904365294147283,0.0006776892114430666,0.5986437716601808,0.31021535131666395,0.9827703028549383,0.9833333333333333
3,68,0.00037316689849831164,0.0006243385141715407,0.6082563934502778,0.3816148930125766,0.9829776716820988,0.9850531684027778
3,69,0.0003685702686198056,0.000561427790671587,0.6201510522100661,0.4306760523054335,0.9832839023919753,0.9835394965277777
3,70,0.0003385407035239041,0.0005763007211498916,0.6457285280580873,0.4323213047451443,0.9835286458333333,0.9861979166666667
3,71,0.0003137370804324746,0.0005387013079598546,0.6740946188385104,0.47858771483103435,0.9843183352623457,0.986962890625
3,72,0.0003062647010665387,0.0005695883883163333,0.6778109278207943,0.43949808809492324,0.9844883294753086,0.9864095052083334
3,73,0.00030561082530766726,0.0005481190164573491,0.6802555671444646,0.46759759849972193,0.9845974392361111,0.9868598090277778
3,74,0.00030140706803649664,0.0005283701466396451,0.685312541325887,0.48330983055962456,0.9848976417824075,0.9860568576388888
3,75,0.00029091729084029794,0.0005422666436061263,0.6966160656493388,0.4766311883926392,0.984889202353395,0.987744140625
3,76,0.00028735154774039984,0.0005539969424717128,0.6977581623159809,0.46014387872483997,0.985203269675926,0.9875705295138889
3,77,0.0002821461530402303,0.0005429843440651894,0.7035303879667212,0.47840795252058244,0.9852273823302469,0.9875759548611112
3,78,0.0002776165201794356,0.000544915848877281,0.710959474981567,0.47582162353727553,0.9852177372685185,0.988037109375
3,79,0.00027903346926905215,0.0005351686850190163,0.7076719656402682,0.485714402463701,0.9854606722608025,0.9875108506944444
3,80,0.0002713451685849577,0.0005665950011461973,0.7138828387966862,0.4622398760583666,0.9853123794367284,0.9880045572916667
3,81,0.00027159531600773335,0.000542761292308569,0.7154793625996436,0.47514050669140284,0.9855709876543209,0.9881076388888889
3,82,0.0002659258898347616,0.0005312137072905898,0.7235704569169032,0.49182780848609076,0.9855330102237654,0.9877821180555556
3,83,0.00025089646806009114,0.0005601767916232347,0.7351848873091332,0.4612555331654019,0.9858374324845679,0.9881618923611111
3,84,0.00023939232050906867,0.0005564094753935933,0.7457753859920266,0.4692420191235013,0.9860309365354938,0.98857421875
3,85,0.0002293427533004433,0.0005771723226644099,0.75538913394198,0.4541785849465264,0.9862901475694444,0.9884819878472222
3,86,0.00023162004072219133,0.0005339623894542456,0.7533313985224124,0.5012209945254855,0.986450496720679,0.9885959201388889
3,87,0.00022421688481699675,0.0005693459534086287,0.7590872415789851,0.46458481815126207,0.9865565923996914,0.9886773003472222
3,88,0.00022724937298335135,0.0005290604312904179,0.7579232451356488,0.5045453879568312,0.9866060233410494,0.9890028211805556
3,89,0.00022004186757840216,0.0005486648879013956,0.7646849630791464,0.4879667520523071,0.9866446035879629,0.9888237847222222
3,90,0.00021730402659159154,0.0005570824723690748,0.7673804836508669,0.4802538540628221,0.9867808400848765,0.9888888888888889
3,91,0.00020963129645679146,0.0005634640692733228,0.7745723643420656,0.47155552440219456,0.9868797019675926,0.9889973958333333
3,92,0.00020920114184264094,0.0005602152086794376,0.7739178146845028,0.4789918581644694,0.9870207609953704,0.9890299479166667
3,93,0.0002059234684566036,0.0005524519947357476,0.7773990647292431,0.487879831261105,0.9870430652006172,0.9892415364583333
3,94,0.00020456014317460358,0.000574497738853097,0.7788526069970778,0.4663505832354228,0.987082851080247,0.9892578125
4,1,0.08174741268157959,0.04103315994143486,-122.1337072301794,-60.07788901858859,0.9539388020833334,0.9949164496527778
4,2,0.030869804322719574,0.02178093045949936,-46.80469657992139,-31.30338117811415,0.9934003665123456,0.9929850260416667
4,3,0.017240481451153755,0.013067331165075302,-25.793007757634292,-18.192915365431045,0.9915491174768518,0.9922254774305556
4,4,0.010838313028216362,0.008494462817907333,-15.524020223853029,-11.353794071409437,0.9912899064429013,0.9924858940972222
4,5,0.007519926875829697,0.006382709834724665,-10.333554649941716,-8.04464079009162,0.990746166087963,0.9895833333333334
4,6,0.005576113238930702,0.004873204044997692,-7.224092649530482,-5.781414786974589,0.9896562741126543,0.9904730902777777
4,7,0.004373577423393726,0.003890192834660411,-5.289386489656237,-4.296317177348667,0.987914737654321,0.9865234375
4,8,0.0035681012086570263,0.002908717840909958,-4.0205791508709945,-2.9348186784320407,0.9863154658564814,0.99248046875
4,9,0.002930867951363325,0.0027348799630999565,-3.057506587475906,-2.576014502843221,0.9850929542824074,0.9829264322916667
4,10,0.002479942049831152,0.0022891201078891754,-2.35973316239722,-1.934327240784963,0.9850935570987654,0.9792914496527778
4,11,0.0021675261668860912,0.002248008269816637,-1.8790375036957823,-1.7953807062572904,0.9837981047453703,0.9781032986111111
4,12,0.0019055258017033339,0.0020734162535518408,-1.4718259615662657,-1.4914369980494182,0.9830222800925926,0.9752007378472223
4,13,0.001719295629300177,0.001496617798693478,-1.184191166765896,-0.8184501237339443,0.9821072048611111,0.9845269097222222
4,14,0.0015661758370697498,0.0013569244183599949,-0.9528303146362305,-0.6337787614928352,0.9818510079089506,0.9822916666666667
4,15,0.0014260228490456939,0.0012930463999509811,-0.7634993999092667,-0.5184106018808153,0.9814814814814815,0.9798068576388889
4,16,0.0013220319524407387,0.0012273681350052357,-0.5967849217815163,-0.4092007676760356,0.980762321566358,0.9770182291666667
4,17,0.0012485028710216284,0.0011610882356762886,-0.482258485717538,-0.31791944636238945,0.9806857638888888,0.97861328125
4,18,0.0011733807623386383,0.0011943606659770012,-0.37119604231398784,-0.32685462236404417,0.9806532118055555,0.9729112413194444
4,19,0.0011110510677099228,0.0009690692531876266,-0.2849453901067192,-0.06744286086824205,0.9801058545524691,0.9798122829861111
4,20,0.001034086337313056,0.0010208587627857924,-0.18250789068363332,-0.11627319521374173,0.9801004292052469,0.9848253038194444
4,21,0.000996004557237029,0.000832243007607758,-0.1283687675440753,0.11504457924101087,0.9797272858796297,0.9880642361111112
4,22,0.0009470389923080802,0.0010189495515078306,-0.0628965382222776,-0.10811326371298896,0.9801444347993827,0.9727647569444444
4,23,0.0009414314990863204,0.0009051362867467105,-0.048739816230020404,0.04059859381781684,0.9798972800925926,0.9750434027777778
4,24,0.0008927709423005581,0.0008113837102428079,0.014391133078822383,0.1607322335243225,0.9796031057098765,0.9845757378472222
4,25,0.0008617954445071518,0.000842746754642576,0.06296041512194975,0.114612168735928,0.9799436969521605,0.98232421875
4,26,0.0008352663135156035,0.0008263979689218104,0.09462645524813805,0.15962288777033487,0.9793004918981482,0.9756944444444444
4,27,0.0007842851337045431,0.0007516526384279132,0.15028806291980507,0.2308818843629625,0.9796965422453704,0.9804796006944444
4,28,0.0007832210976630449,0.0007961469236761332,0.16214792949182016,0.19560490979088677,0.9796187789351852,0.9835394965277777
4,29,0.0007654484361410141,0.0006448945496231318,0.18263742864867788,0.3663276579644945,0.9797453703703703,0.9808865017361111
4,30,0.0007267742184922099,0.0006776928203180432,0.23308661587444351,0.32930070559183755,0.9798683449074074,0.980517578125
4,31,0.0007145583513192832,0.000742992851883173,0.2486147462585826,0.26977067391077675,0.9795874324845679,0.9744140625
4,32,0.0006843977607786655,0.0007437070598825812,0.28396202119780173,0.26555754078759086,0.9794777199074074,0.9793077256944445
4,33,0.0006807257886976004,0.0007232280331663787,0.28445368460666987,0.30024120410283406,0.980201099537037,0.9743760850694444
4,34,0.0006791664636693895,0.0006825396558269858,0.2918881485491623,0.3364683045281304,0.9794005594135803,0.9794867621527777
4,35,0.0006674403557553887,0.0005793384043499827,0.30524484345942365,0.4527486509746975,0.9795850212191358,0.9829155815972223
4,36,0.0006253586616367102,0.000791833212133497,0.3570280104507635,0.22952311833699543,0.979758632330247,0.9765082465277778
4,37,0.0006175492890179157,0.0006096469005569816,0.3628524680196503,0.4250006159146627,0.9795187114197531,0.981005859375
4,38,0.0006045044283382595,0.000882276683114469,0.378097371849013,0.09308232466379801,0.9800817418981481,0.9778374565972222
4,39,0.000636917189694941,0.0005777923506684601,0.3510467864848949,0.4675724811024136,0.9796941309799383,0.9857747395833333
4,40,0.0006096652941778302,0.0005829771980643272,0.37453075249989826,0.4474861396683587,0.9803294994212963,0.9819444444444444
4,41,0.0005740531487390399,0.0005846476415172219,0.4139803977660191,0.44710886610878836,0.9798713589891975,0.9772569444444444
4,42,0.0005439822562038898,0.0007449930417351425,0.44608737333321274,0.2768110434214274,0.9801088686342593,0.9747721354166666
4,43,0.0005620952579192817,0.0006341197295114398,0.4273060152560105,0.4048616223865085,0.9801335841049382,0.9761664496527778
4,44,0.0005480265244841576,0.0006373650394380093,0.4408602851408499,0.4006789286931356,0.9800558207947531,0.9751356336805556
4,45,0.0005145826144143939,0.0007829597452655435,0.47727516801268965,0.2505396419101291,0.9803210599922839,0.9743869357638889
4,46,0.0005441650282591581,0.0006866330513730645,0.4550472790812269,0.36272578371895686,0.9798454378858025,0.9771321614583334
4,47,0.0005353812011890113,0.0005782752996310592,0.46257695975127044,0.4610801206694709,0.9801824122299383,0.9795084635416667
4,48,0.00048531845095567405,0.0005853770999237895,0.5167432439180069,0.45192519161436295,0.9797821421682099,0.9813910590277778
4,49,0.0004652683564927429,0.0005714806029573083,0.5280790170033772,0.4703859117296007,0.981370563271605,0.980810546875
4,50,0.00045407458674162626,0.0005749972187913954,0.5391589999198914,0.4748791919814216,0.9810420283564815,0.981884765625
4,51,0.0004480730858631432,0.000585865811444819,0.5449227817264604,0.45131579769982233,0.9812204619984568,0.98037109375
4,52,0.0004461194039322436,0.0006092205294407904,0.5459791660308838,0.4327211128340827,0.9812668788580247,0.9809244791666667
4,53,0.00043668848229572177,0.0005524788866750896,0.558411325790264,0.4944326996803284,0.9812138310185186,0.9805338541666667
4,54,0.000428727304097265,0.000601434032432735,0.568372028698156,0.431863534450531,0.9815713011188272,0.9804361979166667
4,55,0.00043108753743581474,0.0006581175839528441,0.563349113052274,0.3594676242934333,0.9816532841435185,0.9795844184027778
4,56,0.00041291763773187995,0.0005546667380258441,0.5777102108354921,0.48046574460135566,0.9816707658179012,0.9812228732638889
4,57,0.0004056878970004618,0.0006554849678650498,0.5862300390078697,0.3658413370450338,0.9818540219907408,0.9791666666666666
4,58,0.00040600498323328793,0.0006125736399553716,0.5863792665210771,0.4256504641638862,0.9818437741126543,0.9796712239583333
4,59,0.00040259576053358614,0.0005789896240457892,0.5931421668441207,0.4563863409890069,0.9819275655864198,0.9795084635416667
4,60,0.00038944833795540035,0.0005832696915604174,0.6039942878263967,0.45292498403125336,0.9821174527391975,0.9811903211805556
4,61,0.0003867850173264742,0.0005471761105582118,0.6047119508554906,0.5153466317388746,0.982177131558642,0.9842827690972222
4,62,0.00039336070767603815,0.0005519540281966329,0.600613754031099,0.4993988540437486,0.9823067370756173,0.9819010416666667
4,63,0.00037503315252251923,0.0005919752293266356,0.617686481240355,0.4466231822967529,0.9826117621527778,0.9825575086805556
4,64,0.00036830140743404627,0.000557352730538696,0.625975098138974,0.48704442183176677,0.9829198013117284,0.9813259548611111
4,65,0.00036791805177927017,0.0005951648345217109,0.6253776273609679,0.43600790898005165,0.9828088831018519,0.9809353298611111
4,66,0.00036494110827334225,0.0005562255391851068,0.6281328900360766,0.4837408847279019,0.9826509452160493,0.9824490017361112
4,67,0.00035172729985788465,0.0005936980596743524,0.6380109653060819,0.45184231996536256,0.9829626012731482,0.9818033854166667
4,68,0.0003433392848819494,0.0005406893324106932,0.6508187661936253,0.5077321264478896,0.983251953125,0.98310546875
4,69,0.00033632523263804615,0.0005352759035304189,0.6600449160293297,0.5123509420288934,0.9832965615354938,0.9828884548611111
4,70,0.0003362096904311329,0.0005906239384785295,0.6599985259550589,0.4570085697703891,0.9833339361496913,0.9828070746527777
4,71,0.00032427426776848733,0.0005827470449730754,0.6686000715067357,0.46351323657565646,0.9835286458333333,0.9818576388888889
4,72,0.00035576423397287726,0.0006021001609042287,0.6354117174207429,0.447851124074724,0.9827486014660494,0.9830946180555555
4,73,0.00031957472674548626,0.000518271466717124,0.6742365308749823,0.5346729159355164,0.9835611979166666,0.9840006510416667
4,74,0.00031480760662816465,0.0005752122960984707,0.6783709736517918,0.4662094566557142,0.9838891300154321,0.9839952256944444
4,75,0.000317527970764786,0.0005474900244735181,0.6770759425045532,0.4993972116046482,0.9836847752700617,0.9834635416666667
4,76,0.00031235182541422546,0.0005800080252811313,0.6841545861444356,0.4702063454522027,0.9837040653935185,0.9838270399305555
4,77,0.0003150677075609565,0.0005954805528745055,0.6809407781671595,0.4378496315744188,0.9835575810185185,0.9826443142361111
4,78,0.0002971712383441627,0.0006413883529603481,0.7022396683692932,0.41428537368774415,0.983886115933642,0.9836371527777777
4,79,0.0002936844830401242,0.0005028255982324481,0.6988157707967876,0.548679428630405,0.9843532986111111,0.9842881944444445
4,80,0.00030629875254817307,0.0005101419519633055,0.6888292693797453,0.5491764770613776,0.9843346113040123,0.9841471354166667
4,81,0.0002867197326850146,0.0005539843696169555,0.7105224471033356,0.49994565513398914,0.9845510223765432,0.9824761284722222
4,82,0.00027754230541177094,0.0005338986520655453,0.7159916468608527,0.517094013426039,0.9845998505015432,0.9844780815972223
4,83,0.0002729943080339581,0.000548944401089102,0.7195183097580333,0.50831378698349,0.9848596643518519,0.9852756076388889
4,84,0.00026808015536516905,0.0005270721740089357,0.7234587762090895,0.5225348260667589,0.984985050154321,0.986083984375
4,85,0.00026631803484633565,0.0005592554807662964,0.7239954655553088,0.49116255574756196,0.9850634162808642,0.9845052083333333
4,86,0.00025204167468473315,0.0005374844186007977,0.7425182383737446,0.5057446943389045,0.9852442611882716,0.9855848524305556
4,87,0.0002559697604738176,0.0005539822159335017,0.7412288759961541,0.4840332878960503,0.9852930893132716,0.9847601996527777
4,88,0.00023645011242479086,0.0005448645679280162,0.757201576674426,0.5072480360666911,0.9856095679012346,0.9861979166666667
4,89,0.00022051058476790786,0.0005237970035523176,0.7697940031687419,0.5334300782945421,0.985936897183642,0.9862901475694444
4,90,0.0002134996757376939,0.0005555759998969734,0.7784521107320432,0.496124275525411,0.9862774884259259,0.9869032118055555
4,91,0.00020592550572473556,0.0005984376766718924,0.7856555614942385,0.4523356358210246,0.9864366319444444,0.986376953125
4,92,0.0002072179486276582,0.0005717368330806494,0.7844009802665239,0.4785872499148051,0.9865270543981481,0.9868001302083333
4,93,0.0002058951649814844,0.0005664309719577432,0.7838993642065261,0.48688039779663084,0.9866005979938272,0.9874348958333333
4,94,0.00020166118338238448,0.0005755617748945951,0.7899106308265968,0.48234600093629626,0.9866373697916667,0.9871148003472222
4,95,0.00020320044131949544,0.0005575139075517654,0.7867643312171654,0.4987055566575792,0.9867537133487654,0.9872775607638888
4,96,0.00019023529603146017,0.000553047691937536,0.8008813840371591,0.5050570223066542,0.9869369695216049,0.9880533854166667
4,97,0.00018546175851952285,0.0005693054990842938,0.8049228682930087,0.482734125190311,0.9870569299768519,0.9874403211805556
4,98,0.00018379642278887331,0.0005715489387512207,0.8065860867500305,0.486791553762224,0.9872202932098766,0.9880425347222223
4,99,0.00018054628162644804,0.000563466630410403,0.8094778312577142,0.4926968773206075,0.987255859375,0.9883246527777778
5,1,0.17863595485687256,0.09443220496177673,-282.01870229744617,-154.7687491522895,0.5479287229938271,0.9865505642361111
5,2,0.07120358943939209,0.05158967524766922,-109.62464823546233,-84.11466272142198,0.9906690055941358,0.991796875
5,3,0.041126810014247894,0.03180142119526863,-62.36693819069568,-51.36753171284993,0.9935510706018519,0.993798828125
5,4,0.026488063856959343,0.021585039794445038,-39.741754584842255,-34.31090183258057,0.9941309799382716,0.9934787326388889
5,5,0.018549002707004547,0.015431017614901066,-27.251273086924613,-24.192603953679402,0.9935872395833333,0.9934950086805555
5,6,0.013812684454023838,0.012331336736679077,-19.81986588018912,-18.71666512489319,0.9927426938657408,0.99033203125
5,7,0.010832687839865685,0.009420901536941528,-15.162323507850553,-14.096180031034681,0.9918469087577161,0.9916069878472222
5,8,0.008769407868385315,0.007744916714727879,-11.978026505458502,-11.314049137963188,0.9908655237268519,0.9908040364583334
5,9,0.007266959175467491,0.006670154631137848,-9.673284920351005,-9.451362482706706,0.9902940538194445,0.9899631076388888
5,10,0.006189162377268076,0.005713913589715958,-7.986311209937672,-7.928669857978821,0.9891318238811728,0.9891655815972222
5,11,0.005308071151375771,0.0049395570531487465,-6.658383560475008,-6.674848365783691,0.9881540557484568,0.9877115885416666
5,12,0.004606633447110653,0.004109759349375963,-5.612858165340659,-5.345039031240675,0.9853479456018519,0.9861490885416667
5,13,0.00402207113802433,0.003911920823156834,-4.711923721690237,-4.967130801412794,0.9854673032407407,0.9833713107638888
5,14,0.003559146076440811,0.003560527227818966,-4.038560251836423,-4.345276228586832,0.9845998505015432,0.9827690972222223
5,15,0.003211449133232236,0.0030072866939008236,-3.5069744369130076,-3.5454956346087987,0.9830729166666666,0.9809190538194444
5,16,0.00288851885125041,0.002966510597616434,-3.0197573317421806,-3.323151397705078,0.9829945505401234,0.9754177517361111
5,17,0.002648556837812066,0.0023215610999614,-2.6454497511004225,-2.4877329693900214,0.981592399691358,0.9800130208333333
5,18,0.002412596717476845,0.0023235667031258345,-2.292470406308586,-2.424754720264011,0.9822609230324074,0.97763671875
5,19,0.0022295285016298294,0.0019813289400190115,-2.0203779286808436,-1.9296262714597914,0.9817322530864198,0.9846082899305556
5,20,0.0020677833817899227,0.002088008914142847,-1.7643922115549628,-1.9797436369789971,0.9819034529320988,0.9795084635416667
5,21,0.001921695889905095,0.0017354788724333048,-1.5486259282371144,-1.521772359477149,0.9817605854552469,0.9832248263888889
5,22,0.0017970985500141978,0.0018343895208090544,-1.362517625167046,-1.559358753098382,0.981518253279321,0.9737358940972223
5,23,0.0016991086304187775,0.001598885515704751,-1.2079407958336819,-1.2883618182606167,0.9804096739969136,0.9838053385416666
5,24,0.001605053897947073,0.0015635995659977198,-1.065675197854454,-1.1778639766905044,0.9813048562885802,0.9718532986111111
5,25,0.0015201016794890165,0.0015333666233345866,-0.9356827818317178,-1.1312273290422228,0.9802517361111112,0.9759765625
5,26,0.0014198946300894022,0.0015272058080881834,-0.8102562231782042,-1.0731001747979059,0.980712287808642,0.9722981770833333
5,27,0.0013789752265438437,0.001183695625513792,-0.740127295329247,-0.6339931514528062,0.9800925925925926,0.9792263454861111
5,28,0.0013133208267390728,0.0011648191139101982,-0.647850771450702,-0.5888703412479824,0.980322265625,0.97978515625
5,29,0.0012533166445791721,0.0011549202026799321,-0.5566744851477352,-0.5666036115752326,0.9809606481481481,0.97705078125
5,30,0.0011974771041423082,0.0013478291220963001,-0.47116431248040846,-0.8375721732775371,0.9804856288580247,0.97373046875
5,31,0.0011541041312739253,0.0012333220802247524,-0.41928770144780475,-0.644593710369534,0.9803933979552469,0.9787055121527778
5,32,0.001112732570618391,0.0010430554393678904,-0.34699256199377554,-0.4027187254693773,0.9797923900462963,0.9797743055555556
5,33,0.001076631946489215,0.0010142154060304165,-0.3033153611936687,-0.3560127125846015,0.9804645302854939,0.9774034288194444
5,34,0.001034052693285048,0.0010397600708529353,-0.24608014233318376,-0.3642147077454461,0.9806453751929012,0.9758192274305556
5,35,0.000999300740659237,0.0010839453898370266,-0.19306113646354203,-0.4225035455491808,0.9796899112654321,0.9754611545138889
5,36,0.000958105199970305,0.0008934195502661169,-0.1472921425913587,-0.16468092335595025,0.979907527970679,0.9793402777777778
5,37,0.000916824210435152,0.0010290469508618116,-0.09485807683732775,-0.3213078776995341,0.9802288290895061,0.9778103298611112
5,38,0.0009132867562584579,0.0008133250521495938,-0.073677659034729,-0.036159181594848634,0.9801341869212963,0.9799099392361111
5,39,0.0008724037907086313,0.0008603924652561545,-0.027889280554689005,-0.09508579836951361,0.9806809413580246,0.9791015625
5,40,0.0008574829553253949,0.0007930910214781761,-0.00432976175237585,-0.010608548588222928,0.9803409529320988,0.9798502604166667
5,41,0.0008412333554588258,0.0008800032082945108,0.02585914193848033,-0.12220270898607043,0.980641155478395,0.9777886284722223
5,42,0.0007972848834469914,0.0007383701740764081,0.0709340884361738,0.08166591326395671,0.980639347029321,0.9793511284722223
5,43,0.0007746831979602575,0.0008531273924745619,0.10218186098852275,-0.05730967389212714,0.9808858989197531,0.9791775173611111
5,44,0.0007700322894379497,0.0008513288339599967,0.11009207360538435,-0.062107136514451766,0.9808672116126543,0.9803114149305555
5,45,0.0007456536986865103,0.0007650605402886868,0.1416465139683382,0.052219026618533664,0.9811806761188272,0.9785970052083334
5,46,0.000725180609151721,0.0008646325441077352,0.1588106780876348,-0.06759992572996351,0.9810426311728395,0.9749403211805555
5,47,0.0007272010552696884,0.0007342900498770177,0.16607055296132595,0.10504062175750732,0.9812777295524692,0.9744411892361111
5,48,0.0006745714927092195,0.0007130865706130862,0.22769277228249443,0.1293352312511868,0.9809871720679012,0.9812391493055556
5,49,0.0006546542281284928,0.0007604281418025494,0.2484030654400955,0.07856245438257853,0.9817003038194444,0.981982421875
5,50,0.0006862011505290866,0.0007259443518705666,0.22316961818271214,0.13028535313076442,0.9813247492283951,0.9794053819444445
5,51,0.000644384475890547,0.000620589591562748,0.2611982829776811,0.270661387178633,0.9815887827932098,0.9801432291666666
5,52,0.0006279428489506245,0.0007374600972980261,0.29462974660190533,0.11383888721466065,0.9813856336805555,0.9759548611111111
5,53,0.0006271263118833303,0.0007535699987784028,0.2955918554906492,0.11264791356192695,0.9813898533950617,0.9788194444444445
5,54,0.0006337572704069316,0.0005979252164252102,0.28030932523586133,0.29279835356606376,0.981397690007716,0.9783854166666667
5,55,0.0005922825075685978,0.0006377658573910594,0.33551273964069506,0.24724627733230592,0.9815954137731482,0.9789659288194444
5,56,0.000579273677431047,0.0006049362127669156,0.3485207784323045,0.29236617220772637,0.9820119598765432,0.9816840277777777
5,57,0.0005600022850558162,0.0006106323562562466,0.37150862761485726,0.2917323191960653,0.9822428385416667,0.9806803385416667
5,58,0.0005407732678577304,0.000665267463773489,0.3976255416870117,0.20949013895458646,0.9823212046682098,0.9800347222222222
5,59,0.0005344342207536101,0.0005672074039466679,0.4019166925807058,0.3516919771830241,0.9819842303240741,0.9845323350694445
5,60,0.0005381293594837189,0.0006800864357501268,0.4005341135425332,0.2276071892844306,0.9825991030092592,0.9780164930555556
5,61,0.0005197807913646102,0.0006089782691560686,0.4210368745120955,0.30013817813661364,0.982470703125,0.9823025173611111
5,62,0.0005208386573940516,0.0005279573379084468,0.4235223636215116,0.4016078962220086,0.982496624228395,0.9841579861111112
5,63,0.0004983005346730351,0.0005410622106865048,0.4476347530329669,0.3938495887650384,0.9829885223765432,0.9814073350694444
5,64,0.0004826926742680371,0.0005481916014105082,0.46767373982770943,0.38114945623609753,0.9829499421296296,0.9836263020833333
5,65,0.0004592180484905839,0.0006401471327990294,0.4847752731523396,0.27397972345352173,0.9832935474537037,0.9809461805555556
5,66,0.0004507096600718796,0.0006348283495754004,0.5040008556695632,0.2816414846314324,0.9834695698302469,0.9809841579861112
5,67,0.00044676754623651505,0.000586571404710412,0.5073319286475947,0.34632280137803817,0.9835985725308642,0.9825575086805556
5,68,0.0004365442437119782,0.0006160975899547338,0.5184491487196934,0.294043599234687,0.983690803433642,0.981640625
5,69,0.00042852514889091253,0.0005218856385909021,0.5290130119264862,0.41810570822821724,0.983519603587963,0.9814344618055556
5,70,0.00041258209967054427,0.0006026951596140862,0.5451833180439325,0.32425357898076373,0.983912639853395,0.9809353298611111
5,71,0.0004125824780203402,0.0005664925556629896,0.5501751378730492,0.36019571622212726,0.9838595920138888,0.9831597222222223
5,72,0.0004114487092010677,0.0005279458127915859,0.548892762042858,0.4054786099327935,0.984056110146605,0.9821614583333333
5,73,0.00039997685234993696,0.0006785695441067219,0.5642036233419253,0.20489148166444565,0.9840874565972222,0.9801052517361111
5,74,0.00040988222463056445,0.0005142797017470002,0.5509560821968832,0.42971665991677177,0.9841610001929012,0.9829752604166667
5,75,0.00038302325992845,0.0004758247232530266,0.5805816822581821,0.474560546875,0.9845263069058642,0.9848524305555556
5,76,0.000373993709217757,0.00047022057697176933,0.5880250021263406,0.5003290679719713,0.9847770785108024,0.9855360243055555
5,77,0.00036236713640391827,0.000540819950401783,0.6021579406879566,0.40966931184132893,0.9846975067515432,0.9849663628472223
5,78,0.0003667284036055207,0.0005069697508588433,0.5960932103204138,0.448871820502811,0.984764419367284,0.9853895399305556
5,79,0.0003475299454294145,0.000613126321695745,0.6202660722497069,0.31968069473902383,0.9851423852237654,0.9830023871527778
5,80,0.0003451243683230132,0.0005098971305415034,0.6229602944703749,0.4425426986482408,0.9851176697530865,0.9839789496527778
5,81,0.00036436039954423904,0.00047844808432273567,0.6102180566316769,0.4878881573677063,0.9846963011188271,0.9830457899305556
5,82,0.0003410171193536371,0.0006212436128407717,0.6277301567572134,0.3262147731251187,0.9851520302854938,0.9777235243055555
5,83,0.0003617644542828202,0.0005698525346815586,0.6041671293753165,0.3662225776248508,0.9842664930555556,0.98193359375
5,84,0.0003412429941818118,0.0004685554013121873,0.6320115049680074,0.49985168642467925,0.984862075617284,0.9835286458333333
5,85,0.0003299076925031841,0.0004976820200681686,0.6412447883759016,0.47288491593466864,0.9851743344907408,0.9828396267361111
5,86,0.0003231774317100644,0.0004627119342330843,0.6518233162385446,0.5166286733415392,0.9852105034722223,0.984619140625
5,87,0.0003155859303660691,0.0004648133763112128,0.6527243733406067,0.5139163494110107,0.9857114438657407,0.9866482204861111
5,88,0.0002918277168646455,0.000489341386128217,0.6824267837736342,0.482551203833686,0.9860279224537037,0.984912109375
5,89,0.0002897832600865513,0.0004532231541816145,0.6845143263722644,0.5248198694652981,0.986229263117284,0.9852484809027777
5,90,0.0002845620329026133,0.0005341497017070651,0.6945879634515739,0.4216170165273878,0.9862949701003086,0.9843207465277778
5,91,0.0002918084501288831,0.0005619760486297309,0.6830752007755232,0.3683482315805223,0.9861611448688271,0.9832194010416667
5,92,0.00030096087721176445,0.0004446702660061419,0.6736765038819961,0.5239746676550971,0.9858904803240741,0.9865831163194444
5,93,0.0002903444110415876,0.00046360757551155984,0.6887667408695928,0.5271192802323236,0.9861153308256173,0.9856716579861111
5,94,0.0002902433043345809,0.0005175162805244327,0.6880779813837122,0.4596724987030029,0.9861496913580247,0.9849555121527778
5,95,0.0002877840306609869,0.0004899594932794571,0.6884638715673376,0.47375596894158256,0.9862147955246914,0.9849609375
5,96,0.0002757235197350383,0.0004978775978088379,0.6998419292179154,0.47455748716990154,0.9865222318672839,0.9857204861111111
5,97,0.00025631964672356844,0.0004928823909722269,0.7229213058212657,0.4763022091653612,0.9869164737654321,0.9852105034722223
5,98,0.0002544878516346216,0.0004917106125503778,0.723043758486524,0.49002082877688935,0.9869267216435185,0.9854709201388889
5,99,0.00023715244606137276,0.0004517274792306125,0.7438428139980928,0.5440346188015408,0.9872371720679012,0.9857747395833333
5,100,0.00024098825815599412,0.00045690377010032535,0.7394347758940708,0.5257751305898031,0.9872691213348765,0.9877224392361111
5,101,0.0002210749953519553,0.0004679918638430536,0.7593914121757319,0.5201674766010709,0.9877079716435185,0.9870279947916667
5,102,0.00020386675896588713,0.0004460151249077171,0.7766262354674163,0.5435988465944926,0.9881950472608024,0.9881076388888889
5,103,0.00019395923300180584,0.0004683669249061495,0.7872064231354513,0.5199375960561964,0.9884560667438271,0.9876736111111111
5,104,0.0001889151899376884,0.00045011183829046786,0.7907722902886661,0.543618020746443,0.9887478298611111,0.9881564670138889
5,105,0.00018747689318843186,0.0004621871921699494,0.7904724765706945,0.5254064877827962,0.9890016155478395,0.9880859375
5,106,0.00018401994020678103,0.0004657439130824059,0.7958582675015485,0.5305483367707994,0.9890438126929012,0.9885199652777777
5,107,0.0001836539595387876,0.0004599496314767748,0.7955857962737849,0.5391324890984429,0.9891547309027777,0.9883192274305556
5,108,0.00017991203640121967,0.0004481434589251876,0.8009325954649184,0.5504072652922736,0.9892529899691358,0.9887749565972223
5,109,0.00017469175509177148,0.00045937002869322896,0.8056337611174877,0.5347756849394905,0.9894627700617284,0.9887532552083333
5,110,0.00017017728532664478,0.0004585256101563573,0.8088438574178719,0.5403116517596774,0.9896182966820988,0.9892740885416667
5,111,0.0001655342784943059,0.0004619142855517566,0.8136834185800434,0.5346683740615845,0.9897671923225309,0.9893608940972223
5,112,0.00016492808936163783,0.0004621047992259264,0.8135484892645,0.5351178659333123,0.9898491753472223,0.9890570746527778
6,1,0.05708874389529228,0.024726659059524536,-86.82384149292369,-35.09700667063395,0.48215663580246915,0.992138671875
6,2,0.018688032403588295,0.013530783355236053,-28.094412854277056,-18.515750816133288,0.9930838879243827,0.9926486545138888
6,3,0.010612713173031807,0.008061077445745468,-15.23416365576379,-10.40167694091797,0.9909270109953704,0.9908962673611111
6,4,0.006810218095779419,0.005722615402191877,-9.218369132501108,-6.846445133950975,0.9906720196759259,0.990771484375
6,5,0.00490760151296854,0.0043576546013355255,-6.146553156699663,-4.824421058760749,0.9905418113425926,0.9891384548611111
6,6,0.0038248375058174133,0.004026664420962334,-4.453796247494074,-4.0129086176554365,0.9900704089506173,0.9873752170138889
6,7,0.0031677831429988146,0.002923706080764532,-3.3924542235739437,-2.6879642645517987,0.9883131992669754,0.9884006076388889
6,8,0.0026601781137287617,0.0023804863449186087,-2.5901568554065846,-2.0136807971530493,0.986647014853395,0.9803548177083333
6,9,0.002235072897747159,0.0020763499196618795,-2.000585616370778,-1.5716368913650514,0.9851019965277777,0.9801161024305556
6,10,0.0019733526278287172,0.002222839742898941,-1.6095064915256736,-1.611283050643073,0.9844382957175926,0.9782389322916667
6,11,0.0018003394361585379,0.0017114421352744102,-1.313141233685576,-1.0300915042559307,0.9835280430169753,0.9787489149305556
6,12,0.0015998694580048323,0.0015873484080657363,-1.0366408443745272,-0.8535340574052599,0.9825080777391976,0.9805881076388889
6,13,0.0014543102588504553,0.0013640394899994135,-0.8243232523953473,-0.5754847301377191,0.9823555652006173,0.9836208767361111
6,14,0.0013598420191556215,0.0013309757923707366,-0.6786137167318368,-0.5074566629197862,0.9819932725694445,0.9785264756944444
6,15,0.0012660064967349172,0.0013193878112360835,-0.5491127199596829,-0.43107659154468114,0.9813633294753087,0.9825249565972223
6,16,0.0011710088001564145,0.0011183570604771376,-0.4079818113350574,-0.21719081269370186,0.9810360001929013,0.978955078125
6,17,0.0010962318629026413,0.0012048296630382538,-0.31251082891299403,-0.26421061356862385,0.981005859375,0.9784016927083333
6,18,0.0010458558099344373,0.0010787127539515495,-0.22783570834148079,-0.11321767436133491,0.979783950617284,0.9826226128472222
6,19,0.0009974087588489056,0.0010692642536014318,-0.17261051116166293,-0.09239358769522774,0.9807743778935185,0.9767740885416667
6,20,0.0009650936699472368,0.0010548909194767475,-0.10806051654580198,-0.07052889929877387,0.9806929976851851,0.9780436197916667
6,21,0.0009134248830378056,0.0010778086725622416,-0.04982143993730898,-0.10210293796327378,0.9793589650848765,0.9839680989583334
6,22,0.0008873929036781192,0.0009212673176079988,-0.0033008528344425155,0.0691435800658332,0.980518180941358,0.9767415364583333
6,23,0.0008597001433372498,0.000833556056022644,0.03237230189052629,0.17660647763146295,0.9798641251929012,0.9837565104166667
6,24,0.0008263349300250411,0.0009824694134294987,0.07368565135531956,0.023731463485293917,0.9797532069830247,0.9780002170138888
6,25,0.0008142119040712714,0.0009243144886568189,0.0947115906962642,0.0764115121629503,0.9794716917438272,0.9814724392361112
6,26,0.000774049898609519,0.0008959814440459013,0.14624834045951748,0.12603839370939468,0.9799732349537037,0.9784125434027777
6,27,0.000745012832339853,0.000828955031465739,0.18107677727569768,0.20041612386703492,0.9797881703317901,0.9749891493055556
6,28,0.0007405733922496438,0.0011019736994057894,0.19570346938239203,-0.04409066836039225,0.9792402102623456,0.9777615017361111
6,29,0.0007199745741672814,0.0008813164313323796,0.21998487401891637,0.15297494067086115,0.9797652633101852,0.9737413194444444
6,30,0.0006937917205505073,0.0008930012700147927,0.24876300008208663,0.15582075781292384,0.9791045765817902,0.9781955295138889
6,31,0.0006735195638611913,0.0008215972920879722,0.2736230190889335,0.20180095301734077,0.9802511332947531,0.9783637152777778
6,32,0.000675350078381598,0.0007583338301628828,0.2689204173323549,0.27256968551211885,0.9799623842592593,0.978515625
6,33,0.00064733752515167,0.0007204796420410275,0.30684554076489107,0.3288513753149245,0.9802077305169753,0.9767795138888888
6,34,0.0006159654585644603,0.0007224712171591818,0.3426090461236459,0.3320936785803901,0.9799111448688271,0.9785590277777778
6,35,0.0006138133467175066,0.0008029063465073705,0.3405280144126327,0.2505647579828898,0.9801106770833333,0.9832194010416667
6,36,0.0006119356257840991,0.0006815693923272192,0.3526511214397572,0.3662574436929491,0.9802475163966049,0.9802300347222223
6,37,0.0006041210144758224,0.000692641013301909,0.36036709444022474,0.38214507897694905,0.9798984857253087,0.9805501302083334
6,38,0.0005818805657327175,0.0008906847797334194,0.38700753685868816,0.1456882225142585,0.9797634548611112,0.9763075086805556
6,39,0.0005745969247072935,0.0007434323197230697,0.3965981353948146,0.2929182410240173,0.9800407503858025,0.9811794704861111
6,40,0.0005603802273981273,0.0006613896694034338,0.405961016813914,0.3931375397576226,0.980249927662037,0.9846408420138889
6,41,0.0005523504805751145,0.0006442249286919832,0.4148056454128689,0.4213531970977783,0.9801323784722222,0.9804524739583333
6,42,0.0005463205743581057,0.0007809044327586889,0.42841895480214814,0.2896596497959561,0.9802300347222223,0.9732313368055555
6,43,0.0005256769945845008,0.0006900143343955278,0.44595473062844926,0.36667014757792155,0.9806218653549382,0.9795247395833333
6,44,0.0005333014996722341,0.0007031192071735859,0.4426284782680464,0.3527755419413249,0.9801088686342593,0.9832085503472222
6,45,0.0005205553025007248,0.0006220042705535889,0.44893082674638723,0.4361807796690199,0.9803433641975309,0.9776095920138889
6,46,0.0004953788593411446,0.0007018290925770998,0.48167450310271465,0.35387143558926054,0.9805103443287037,0.97744140625
6,47,0.0004889933625236154,0.0007222134154289961,0.48648915305549717,0.34390218522813587,0.9807086709104939,0.9765625
6,48,0.0004855880397371948,0.000756304245442152,0.4918751531177097,0.3103820323944092,0.9802107445987654,0.9772840711805556
6,49,0.0004736491828225553,0.0008351226570084691,0.5072981295762239,0.25607836114035715,0.9803138261959876,0.9804633246527777
6,50,0.00048167939530685544,0.0008299623150378466,0.5022908565438824,0.266893658373091,0.9806797357253086,0.9795789930555555
6,51,0.00046480700257234275,0.0009588850080035627,0.5180242828380914,0.13482371701134577,0.9810209297839506,0.9782877604166667
6,52,0.0004710606881417334,0.0006552941631525755,0.5187497423018939,0.4208701385392083,0.981055893132716,0.9790147569444444
6,53,0.00044787221122533083,0.0007088928832672536,0.5351272899427532,0.35578432612948946,0.9807520736882716,0.9785481770833333
6,54,0.00041683384915813804,0.000685014994814992,0.5698173196227462,0.39859521256552805,0.9815218701774692,0.9811469184027778
6,55,0.0003985402290709317,0.0006643626256845891,0.5870224290423923,0.4301226735115051,0.9819028501157407,0.9810601128472223
6,56,0.0003925861092284322,0.000631960341706872,0.5951214652002593,0.44152426454755994,0.9822452498070988,0.9801161024305556
6,57,0.0003784836735576391,0.0006390882190316916,0.6051864963990671,0.4358677519692315,0.9823694299768518,0.9831434461805556
6,58,0.0003784624859690666,0.0006253268220461905,0.6081287453204025,0.4591235531700982,0.982544849537037,0.9828667534722222
6,59,0.00037404129398055375,0.0006893316749483347,0.6088703669147727,0.38718632857004803,0.9825243537808642,0.9831434461805556
6,60,0.00035806838423013687,0.0006474575493484735,0.6272633802743606,0.43579549921883476,0.9828167197145061,0.9830620659722222
6,61,0.0003618642804212868,0.0006339566316455603,0.6221677390145667,0.460317243470086,0.9830066068672839,0.9826443142361111
6,62,0.0003375224187038839,0.0006637571495957673,0.6499745064311557,0.42507264349195695,0.9833640769675925,0.9828016493055556
6,63,0.0003322128322906792,0.0006549232639372349,0.6507787964962147,0.4382957657178243,0.983421947337963,0.9845974392361111
6,64,0.0003239619836676866,0.0006426501204259694,0.6609374183195609,0.4462492717636956,0.9838421103395062,0.984130859375
6,65,0.00031884905183687806,0.0006564265349879861,0.6665634134669363,0.4301671200328403,0.9839066116898149,0.9849880642361111
7,1,0.10466520488262177,0.039251767098903656,-158.12435030760588,-61.50746508704292,0.6293475115740741,0.9866156684027778
7,2,0.02928674779832363,0.02090701088309288,-44.744043006426025,-32.14098616706001,0.9916847511574074,0.9934190538194444
7,3,0.01659085601568222,0.012933527119457722,-24.532665040169235,-19.318040996127657,0.9933557581018518,0.9931586371527777
7,4,0.010834021493792534,0.008953685872256756,-15.570752687807436,-12.911494869656034,0.9925817418981482,0.9914225260416667
7,5,0.007843895815312862,0.006441105622798204,-10.703000695028424,-8.948081991407607,0.9910379292052469,0.993017578125
7,6,0.006040394306182861,0.005647351499646902,-7.900540035153613,-7.326951956748962,0.9902391975308642,0.9883680555555555
7,7,0.004922785796225071,0.004401169717311859,-6.10652657997461,-5.45936328570048,0.9893518518518518,0.9886773003472222
7,8,0.0040845563635230064,0.003603964112699032,-4.81003777274379,-4.2587914016511705,0.9889582127700617,0.9909884982638889
7,9,0.003426183946430683,0.003391717793419957,-3.812482522446432,-3.822810504171583,0.9873101128472223,0.9857855902777778
7,10,0.003016409231349826,0.002776922658085823,-3.185025858879089,-2.9055630233552723,0.9863667052469136,0.9845269097222222
7,11,0.0026691218372434378,0.002280160319060087,-2.625798691054921,-2.233072625266181,0.9842255015432099,0.9852105034722223
7,12,0.002349862363189459,0.002162017161026597,-2.174609253730303,-1.9859704600440131,0.9836727189429012,0.9856336805555556
7,13,0.002151678316295147,0.0020899756345897913,-1.8502328560676105,-1.8571804073121814,0.983179615162037,0.984228515625
7,14,0.00195225328207016,0.001885959762148559,-1.5590905985714476,-1.5039818750487433,0.9825508777006173,0.9861870659722223
7,15,0.001775088720023632,0.0018847051542252302,-1.3144621669510264,-1.452647598584493,0.9822241512345679,0.980859375
7,16,0.0016452332492917776,0.001734026474878192,-1.1104792597853108,-1.3117498927646214,0.9812566309799383,0.9751627604166667
7,17,0.0015582095365971327,0.001695132814347744,-0.9685486968652701,-1.2631406625111898,0.9813994984567901,0.9800184461805556
7,18,0.0014467041473835707,0.0017803823575377464,-0.8196987205081516,-1.1954529351658292,0.980979335455247,0.9837510850694444
7,19,0.0013715190580114722,0.0014282140182331204,-0.6973090990090076,-0.8133855488565233,0.9815399546682099,0.9796875
7,20,0.0012842862633988261,0.0011481901165097952,-0.5789404920589777,-0.447072168191274,0.9809359326774691,0.9836859809027778
7,21,0.0012227862607687712,0.0012444567400962114,-0.4780045290052155,-0.5618436376253764,0.9812065972222223,0.9803602430555556
7,22,0.0011545027373358607,0.0012406492605805397,-0.39314457398873787,-0.5369584136539035,0.980615234375,0.9816569010416667
7,23,0.0011173973325639963,0.0010790820233523846,-0.3340475038245872,-0.3100653264257643,0.9805453076774692,0.9830457899305556
7,24,0.001053891726769507,0.0015862103318795562,-0.24280123769501108,-0.8157162653075324,0.9804838204089507,0.9841634114583333
7,25,0.0010409459937363863,0.001293064677156508,-0.22145309330504617,-0.48465081718232894,0.9804126880787037,0.9821994357638889
7,26,0.0010237577371299267,0.0009660042705945671,-0.17889335611720145,-0.16480871438980102,0.9805808738425926,0.9824869791666667
7,27,0.0009535923600196838,0.001090364996343851,-0.1024335354934504,-0.26692694425582886,0.9803313078703704,0.9799099392361111
7,28,0.0009335286449640989,0.0009539563325233757,-0.06918975320863135,-0.11968649493323433,0.9806061921296296,0.9804796006944444
7,29,0.0008973089861683547,0.0009485669434070587,-0.021545906567279203,-0.10698600610097249,0.9806435667438271,0.9836046006944444
7,30,0.0008516269735991955,0.0010792784160003066,0.031176509533399416,-0.23587947024239433,0.9803584346064815,0.9791449652777777
7,31,0.0008556692628189921,0.0011643054895102978,0.03775377994702186,-0.329154286119673,0.9802903163580247,0.9796495225694445
7,32,0.0008261111797764897,0.0009018079726956785,0.08181131136270217,-0.026891222265031604,0.9804856288580247,0.9838541666666667
7,33,0.0007822090410627425,0.00085672945715487,0.1280035185225216,0.054545014434390596,0.9800931954089506,0.9806640625
7,34,0.0007989135920070112,0.0009412904037162662,0.11605574334109271,-0.07179427941640218,0.9802137586805556,0.9786838107638889
7,35,0.000756516819819808,0.0008500146213918924,0.16042370281101745,0.08009100092781915,0.9801426263503087,0.9833170572916666
7,36,0.0007332994719035923,0.0011249353410676122,0.1937255060231244,-0.251669086350335,0.9805621865354939,0.9771647135416667
7,37,0.0007532632444053888,0.0008235753048211336,0.18424338264229856,0.08468339575661553,0.9805627893518518,0.9805989583333333
7,38,0.0006865010363981128,0.0007717277621850371,0.25427635496045337,0.15493605931599935,0.9801263503086419,0.98310546875
7,39,0.0006678024074062705,0.0008291991543956101,0.2745659280706335,0.09829028579923842,0.9805633921682099,0.9829915364583334
7,40,0.0006670916918665171,0.0007652159547433257,0.27847649138650776,0.1852834211455451,0.9805097415123457,0.9820041232638889
7,41,0.0006490993546321988,0.0008865113486535847,0.3051466656319889,0.026002191172705757,0.9808334538966049,0.9764105902777778
7,42,0.0006560296169482172,0.0007557545905001462,0.29860666195551555,0.1859479308128357,0.9801396122685185,0.9801432291666666
7,43,0.0006250741425901651,0.0007476087776012719,0.33051172568474285,0.20929010046852958,0.9805959442515432,0.9833387586805555
7,44,0.0006293243495747447,0.0007825543289072812,0.3334391230418358,0.15539133813646105,0.980834659529321,0.9818142361111111
7,45,0.0006170184351503849,0.0008250104729086161,0.33697410866066263,0.12583304908540513,0.9804223331404321,0.9816677517361111
7,46,0.0005959061090834439,0.0006634630262851715,0.3714909939118374,0.30828125609291923,0.9810968846450617,0.9810655381944444
7,47,0.0005818794015794992,0.0009093463304452598,0.3863769076488636,0.04192408853107028,0.9804374035493827,0.9819010416666667
7,48,0.0005971200880594552,0.0006740042590536177,0.37536734062948346,0.29569178289837306,0.9810697579089506,0.9814995659722222
7,49,0.0005723342765122652,0.0007556420168839395,0.39237379954185014,0.21373700963126288,0.9810932677469136,0.9786078559027778
7,50,0.00055762252304703,0.000671243411488831,0.4165148639384611,0.2935421903928121,0.9808298369984568,0.9799858940972223
7,51,0.00054374267347157,0.0007253739750012755,0.4266014003459318,0.2016715168952942,0.9810818142361111,0.9778591579861111
7,52,0.0005391164449974895,0.0006332328193821013,0.42832178583851566,0.32068813112046984,0.9808846932870371,0.9824327256944444
7,53,0.0005208057118579745,0.0006363245192915201,0.4491136338975694,0.32741080125172933,0.9813820167824074,0.9816786024305556
7,54,0.0005233470583334565,0.0006682596867904067,0.45623766669520627,0.2869607157177395,0.9814838927469136,0.9851019965277777
7,55,0.0005118324770592153,0.0006322287954390049,0.45940216573668113,0.33785895506540936,0.9817232108410494,0.9803873697916666
7,56,0.0004877221363130957,0.0006466800114139915,0.48982262287610845,0.3344943510161506,0.9815749180169753,0.9814344618055556
7,57,0.00047244259621948004,0.000636466545984149,0.5045683336846623,0.34113258653216894,0.9817997685185185,0.98203125
7,58,0.00046373921213671565,0.0005885942373424768,0.5136665088159067,0.38544682794147067,0.9820987654320987,0.984912109375
7,59,0.00045940274139866233,0.0006077816942706704,0.5176049047046237,0.3570775694317288,0.9822120949074075,0.9805826822916667
7,60,0.00045709952246397734,0.0005629839724861085,0.5224941305172296,0.4245763275358412,0.9819064670138888,0.9841037326388888
7,61,0.0004442407516762614,0.0006178657058626413,0.5396069757732345,0.3598778035905626,0.9824851707175926,0.9823947482638888
7,62,0.0004240858252160251,0.0006406191969290376,0.5573933645530983,0.33653329213460287,0.9826750578703703,0.9829427083333333
7,63,0.00041551270987838507,0.000648823450319469,0.567834002736174,0.3184975028038025,0.9827859760802469,0.9844943576388889
7,64,0.0004402668564580381,0.0005546883912757039,0.5386865218480428,0.4213105797767639,0.9826485339506172,0.9829698350694445
7,65,0.00043180218199267983,0.0006726974388584495,0.5487862291159453,0.25849220222897,0.9826774691358025,0.9807562934027778
7,66,0.0004006102681159973,0.0006000136490911245,0.5801140470269286,0.37478795316484237,0.9828305844907408,0.9841905381944445
7,67,0.00039591328823007643,0.0006659407517872751,0.5929095129907868,0.3180057552125719,0.9829626012731482,0.9804524739583333
7,68,0.0003861742443405092,0.0006578520406037569,0.5967217432128058,0.30667680501937866,0.9826690297067902,0.9849066840277778
7,69,0.0003697183565236628,0.0005309501430019736,0.6112228907184837,0.4556264426973131,0.9833845727237654,0.9856174045138889
7,70,0.0003637148183770478,0.0005795903271064162,0.6195327919206501,0.40603067212634614,0.9834587191358025,0.986376953125
7,71,0.00037037336733192205,0.0005157178966328502,0.6162580603434715,0.4770798431502448,0.983422550154321,0.9842502170138889
7,72,0.0003601993666961789,0.000574087374843657,0.6290821384500574,0.41363634400897553,0.9833164544753087,0.9838595920138888
7,73,0.0003414697712287307,0.0005872292094863951,0.6456472997312193,0.3879059182273017,0.9837920765817901,0.9835883246527778
7,74,0.0003464570618234575,0.0005576192634180188,0.6405619842034799,0.4272095282872518,0.9836455922067902,0.98369140625
7,75,0.00035180410486645997,0.0005241671460680664,0.6384428168520515,0.46791114409764606,0.9837125048225308,0.9857259114583333
7,76,0.0003328098391648382,0.000554604222998023,0.6544616091398545,0.448349838786655,0.9839765383873457,0.9873101128472223
7,77,0.0003273410547990352,0.0005627988721244037,0.6586102297276626,0.45061822997199164,0.9841139805169753,0.9851453993055556
7,78,0.00034106429666280746,0.0005026400904171169,0.6481091168191698,0.49161090188556245,0.983837890625,0.9873426649305556
7,79,0.0003121851768810302,0.0005443996633403003,0.6695561971193479,0.45217602915234034,0.9843822337962963,0.9873046875
7,80,0.00029302528128027916,0.0005368813872337341,0.6997741784578488,0.47483019961251155,0.984837962962963,0.9864637586805556
7,81,0.0002848943695425987,0.0005366560071706772,0.7002235372861226,0.46417237520217897,0.9849657600308642,0.9852322048611111
7,82,0.0002882446569856256,0.0004926857072860003,0.7011720370363306,0.5069712267981635,0.9849090952932099,0.9870876736111112
7,83,0.00026974230422638357,0.000544716021977365,0.7212120465290399,0.45683855877982243,0.9851827739197531,0.9864474826388889
7,84,0.0002820425434038043,0.0005698894383385777,0.7065028967680754,0.42727743784586586,0.9853081597222222,0.9858615451388889
7,85,0.00026910746237263083,0.0005852107424288988,0.7180256831793137,0.39443993038601344,0.9852165316358025,0.98701171875
7,86,0.0002629848022479564,0.0005953782238066196,0.7232868296128733,0.38759818739361235,0.9854962384259259,0.9861653645833334
7,87,0.00027885049348697066,0.0006020719883963466,0.7075726672455117,0.4083803680207994,0.9852876639660494,0.9863823784722222
7,88,0.00027899007545784116,0.0005193866090849042,0.7112203889422947,0.4865740246242947,0.9850784866898148,0.9867078993055556
7,89,0.00026172079378739,0.0005374510074034333,0.7249232012548564,0.45853046046362983,0.9854142554012346,0.9863389756944444
7,90,0.000265907816356048,0.0005013172049075365,0.7175499517240642,0.5149001757303874,0.9854914158950617,0.9867513020833333
7,91,0.0002307505055796355,0.00048624619375914335,0.7605896422892441,0.525603637430403,0.9857054157021605,0.9887966579861112
7,92,0.00021353349438868463,0.0004953459138050675,0.7749374252778513,0.5191388183169895,0.9864957079475308,0.98828125
7,93,0.00020295711874496192,0.0005240804748609662,0.7849707897798515,0.4951278156704373,0.9866759500385802,0.9885308159722223
7,94,0.00019631831673905253,0.0004892199649475515,0.7923024248193812,0.5261462171872456,0.9870388454861111,0.9893446180555555
7,95,0.0001933746098075062,0.0004849324468523264,0.7952092113318266,0.5302061054441664,0.987182918595679,0.9887803819444444
7,96,0.0001890431740321219,0.0005132316146045923,0.7985289383817602,0.5006150669521756,0.9873022762345679,0.9879828559027778
7,97,0.0001859343028627336,0.0004884046502411366,0.8028820522037553,0.5232189814249675,0.9873643663194445,0.989013671875
7,98,0.00018503519822843373,0.0004910634597763419,0.8022800460273837,0.5262425263722738,0.9875602816358025,0.9893880208333333
7,99,0.00018376726075075567,0.0004901716602034867,0.8048568918381208,0.5247383077939352,0.9876091097608025,0.9892469618055556
7,100,0.00018365362484473735,0.0004710684297606349,0.8030654751224282,0.5454711198806763,0.9876935040509259,0.9894368489583333
7,101,0.00018637087487149984,0.0004799604066647589,0.8025417319050542,0.5273673044310676,0.9876838589891975,0.9894422743055555
7,102,0.0001806959044188261,0.000489311758428812,0.8076109426992911,0.5191775467660692,0.9877748842592593,0.9895670572916667
7,103,0.00017789745470508933,0.00048617046559229493,0.8099341538217333,0.528403087457021,0.9878996672453704,0.9893012152777778
7,104,0.0001764329499565065,0.0005073087522760034,0.8120320888213169,0.5056820789972941,0.9879358362268519,0.9893120659722222
7,105,0.0001749816001392901,0.0004954801988787949,0.8153851325129285,0.5159087313546075,0.98798828125,0.9889051649305556
7,106,0.0001705521863186732,0.0005026522558182478,0.8185463597745071,0.5123083511988322,0.9880304783950618,0.9895779079861111
7,107,0.00017246120842173696,0.0005068117752671242,0.8154953598976136,0.507195692592197,0.9881763599537037,0.9891927083333333
7,108,0.00017517883679829538,0.0004848339594900608,0.8097612953480379,0.5244903696907891,0.9882263937114197,0.9889811197916667
7,109,0.00015970648382790387,0.0004885237431153655,0.8301621479752623,0.5260317524274191,0.9883487654320988,0.9895887586805555
7,110,0.00015044852625578642,0.00047262199223041534,0.8386698699291841,0.5430894785457188,0.9886983989197531,0.9900173611111112
7,111,0.00014728729729540646,0.0004846359952352941,0.8405512650807698,0.5337623940573798,0.9887369791666667,0.9901258680555556
7,112,0.00014443366671912372,0.000489129510242492,0.8434080463868601,0.5289251075850593,0.9889570071373457,0.9901692708333333
7,113,0.00014365583774633706,0.00047676655231043696,0.8444989991776737,0.541101156340705,0.9890432098765433,0.9904405381944444
7,114,0.0001409223477821797,0.0004879081097897142,0.8463110769236529,0.531829305489858,0.9891517168209877,0.990576171875
7,115,0.00013860924809705466,0.00047991995234042406,0.8496082978484071,0.5374614887767368,0.9892469618055556,0.9904296875
7,116,0.00013748533092439175,0.00048754821182228625,0.8505733710748178,0.5292834361394246,0.9893813898533951,0.9905164930555556
7,117,0.0001355740096187219,0.0004820157482754439,0.8518124497967002,0.5375838107532925,0.9894259982638889,0.99052734375
7,118,0.0001326269848505035,0.0004850133555009961,0.8551225522418081,0.5347942855623034,0.9894844714506172,0.9906087239583333
7,119,0.00013216926890891045,0.0004894404555670917,0.8552826525252543,0.5304449213875665,0.9895550009645062,0.9906901041666667
7,120,0.00013064229278825223,0.00048792632878758013,0.8568874872761009,0.5318535036510892,0.989623722029321,0.9907063802083333
8,1,0.05956139788031578,0.021469399333000183,-96.270194621145,-35.18417875501844,0.07556845582561729,0.9666612413194444
8,2,0.016511093825101852,0.012443121522665024,-24.24458557764689,-19.75485636393229,0.988059413580247,0.9928656684027778
8,3,0.010139672085642815,0.007909336127340794,-14.30094069139457,-11.843068350685968,0.9928608458719136,0.9923394097222222
8,4,0.0067054955288767815,0.00536414235830307,-8.911362361024928,-7.590210103988648,0.9922893759645062,0.9927029079861112
8,5,0.004958718083798885,0.004725551698356867,-6.097155888580982,-5.966745826933119,0.9913236641589506,0.9885470920138889
8,6,0.004008633084595203,0.0031322091817855835,-4.579521302234979,-3.815848324033949,0.9889919704861111,0.9931803385416667
8,7,0.003255450166761875,0.002940767677500844,-3.4363341761224064,-3.3586792522006563,0.988184196566358,0.9888346354166667
8,8,0.0027573732659220695,0.002639729529619217,-2.7023849031071605,-2.8215390231874253,0.9872715326003086,0.9833875868055556
8,9,0.002380769234150648,0.002347553614526987,-2.1684322205590614,-2.2843233664830525,0.9850278501157408,0.9887912326388889
8,10,0.002097073243930936,0.0018460140563547611,-1.7541747861438328,-1.610713501771291,0.9848711178626544,0.9838758680555556
8,11,0.0018314134795218706,0.0018313080072402954,-1.35269281393216,-1.4805154575241937,0.984009693287037,0.9864691840277777
8,12,0.0016958697233349085,0.0014771195128560066,-1.1509415313049598,-1.0601900749736362,0.9834340036651235,0.9821072048611111
8,13,0.001548410626128316,0.0012827327009290457,-0.9397033207210493,-0.757958530055152,0.9826973620756173,0.9832953559027777
8,14,0.001394071732647717,0.0015177489258348942,-0.7340598343331137,-0.9083465258280436,0.9827926070601852,0.9788953993055556
8,15,0.0013391461689025164,0.001084696501493454,-0.6276665407934306,-0.42480306228001913,0.9814826871141975,0.9869032118055555
8,16,0.0012350432807579637,0.0012962468899786472,-0.4941624872478438,-0.6603809820281135,0.9818154417438272,0.9720865885416666
8,17,0.0011687735095620155,0.001111527206376195,-0.3891831093364292,-0.39220600525538124,0.9807448398919754,0.9818196614583333
8,18,0.001105552539229393,0.000983384670689702,-0.30006917597335064,-0.2061602340804206,0.9806098090277777,0.9833550347222222
8,19,0.001098955632187426,0.0008328695548698306,-0.26614954191961404,-0.05901095999611749,0.9813368055555556,0.98271484375
8,20,0.000998400617390871,0.0010668629547581077,-0.15294486166518412,-0.31796125438478257,0.9811246141975308,0.9789822048611111
8,21,0.000977799529209733,0.0009262256789952517,-0.12631359777332823,-0.09284723732206557,0.9808497299382716,0.981201171875
8,22,0.0009564764332026243,0.000738347414880991,-0.07497452041249217,0.0885814560784234,0.9816062644675926,0.9788953993055556
8,23,0.0009156379383057356,0.0007444830844178796,-0.023200433048201196,0.10263281000985039,0.9804898485725309,0.9839572482638889
8,24,0.0008752844878472388,0.0006730351014994085,0.030143310994277767,0.20029659403695,0.9806966145833333,0.983154296875
8,25,0.0008184952312149107,0.0007374592241831124,0.09735853451269644,0.15469484594133165,0.9807562934027778,0.9817979600694444
8,26,0.000809823046438396,0.000585664645768702,0.11341510466587397,0.32502676778369477,0.9806929976851851,0.986865234375
8,27,0.0007860817713662982,0.0006492452812381089,0.14281892673468885,0.2650905463430617,0.9803415557484568,0.9829535590277778
8,28,0.0007741858717054129,0.0005911277839913964,0.16268474305117572,0.31823493109809026,0.9804591049382716,0.9802897135416667
8,29,0.0007349937222898006,0.0006337242666631937,0.2067006097899543,0.28175952699449325,0.9804422260802469,0.9788682725694444
8,30,0.0007073379238136113,0.0006103572668507695,0.24287573570086632,0.32420015202628244,0.9805079330632716,0.9796875
8,31,0.0007031201384961605,0.0005829213769175112,0.25677311052510765,0.3470547080039978,0.9799189814814815,0.9839301215277778
8,32,0.0006934181437827647,0.0005772941512987018,0.26072461310728096,0.3639691021707323,0.9806664737654321,0.9811414930555555
8,33,0.0006572646088898182,0.0007019815966486931,0.30023459622889387,0.24997844166225858,0.9803722993827161,0.97744140625
8,34,0.000660328078083694,0.0006937104626558721,0.30571921254381723,0.258156500922309,0.9804578993055556,0.9754014756944445
8,35,0.0006477097049355507,0.000529176089912653,0.3186657300701848,0.4260616289244758,0.979808063271605,0.9830186631944444
8,36,0.0006304577691480517,0.0005601675366051495,0.32977745577141093,0.38092814683914183,0.9803047839506173,0.9776746961805556
8,37,0.0006285562412813306,0.0005563710583373904,0.3387903993512377,0.4024089256922404,0.9806544174382716,0.9791666666666666
8,38,0.0005793919553980231,0.0005977049004286528,0.3917872470102192,0.3591801272498237,0.9800968123070988,0.9794379340277778
8,39,0.0005705519579350948,0.00047928973799571395,0.40221663065898566,0.4781005382537842,0.9805187837577161,0.9811414930555555
8,40,0.0005605431506410241,0.0005346916150301695,0.41365334663862063,0.43778548902935455,0.9803976176697531,0.9824273003472223
8,41,0.0005685127107426524,0.0005971637438051403,0.41018235698158356,0.3821407026714749,0.9802420910493828,0.9855251736111111
8,42,0.0005902850534766912,0.000545549497473985,0.383493913103033,0.45443356964323256,0.9804777922453703,0.9809244791666667
8,43,0.0005302743520587683,0.0005620913580060005,0.45163178649949437,0.41753990252812706,0.9807954764660494,0.978759765625
8,44,0.0005165778566151857,0.000582706241402775,0.47304986509276026,0.38793942398495146,0.9808376736111111,0.9773003472222223
8,45,0.0005264285719022155,0.0005343781085684896,0.44958022317768614,0.44062473376592,0.9814079378858025,0.9726345486111111
8,46,0.0005249789683148265,0.0005061032134108245,0.46273594196931817,0.48300871319240996,0.9805766541280864,0.9782063802083333
8,47,0.0004967017448507249,0.0004940602811984718,0.4863963321403221,0.48992416461308796,0.9812572337962963,0.9794162326388889
8,48,0.00047124497359618545,0.0004994928603991866,0.5202277941468322,0.49556734297010635,0.9812572337962963,0.9803331163194444
8,49,0.00043928337981924415,0.0004774648114107549,0.544324885179967,0.521237403816647,0.9820300443672839,0.979736328125
8,50,0.00042838414083234966,0.0004943290259689093,0.5532647204987797,0.5139404270384047,0.981884765625,0.9797797309027778
8,51,0.00042351073352620006,0.00045323179801926017,0.5631616824938928,0.556535436047448,0.9820017119984568,0.9820692274305556
8,52,0.0004169543390162289,0.0004631364718079567,0.5702184683010902,0.5445745216475593,0.982252483603395,0.9817708333333334
8,53,0.000407625746447593,0.0005387566634453833,0.5796049057701488,0.46758463117811416,0.9824363425925926,0.9795681423611111
8,54,0.0004031035932712257,0.0004506551777012646,0.5839418108080641,0.565277542008294,0.9826159818672839,0.9828884548611111
8,55,0.00039326093974523246,0.0005245843203738332,0.5948426086225628,0.48794294595718385,0.9829023196373456,0.9811903211805556
8,56,0.0003935334971174598,0.0005026059225201607,0.5922481363202319,0.5138739387194315,0.983128375771605,0.9809895833333333
8,57,0.00039050960913300514,0.0004725258913822472,0.595148680092376,0.5326543172200521,0.9828812210648148,0.9811089409722222
8,58,0.0003841597936116159,0.0004536734486464411,0.6015764701513596,0.5497633404201931,0.9829638069058642,0.9852267795138889
8,59,0.0003771351766772568,0.0004783316398970783,0.6103622089197607,0.5313975956704882,0.9834985050154321,0.9821506076388888
8,60,0.0003659395733848214,0.00044741068268194795,0.6194105183636701,0.558905029296875,0.9835925443672839,0.9829969618055555
8,61,0.00035947252763435245,0.0005014855414628983,0.6289409903832424,0.5061436812082927,0.9836021894290123,0.9827907986111111
8,62,0.0003629183629527688,0.0005021328688599169,0.622313732571072,0.5198636293411255,0.9837040653935185,0.9826171875
8,63,0.0003605196834541857,0.00046374526573345065,0.6283463388313482,0.5489778280258178,0.9837366174768518,0.9828884548611111
8,64,0.00035673321690410376,0.0004384430358186364,0.6307051998597605,0.5599876589245266,0.9837311921296297,0.9840603298611111
8,65,0.00034965708618983626,0.0004940595244988799,0.6391889268969312,0.5299753612942166,0.9835521556712963,0.9843044704861111
8,66,0.0003433154197409749,0.00041772041004151106,0.6450757023728924,0.5903166585498386,0.9837330005787037,0.9826009114583333
8,67,0.0003513566916808486,0.0004704602179117501,0.6311790744463602,0.5424274735980563,0.9838517554012346,0.9841959635416667
8,68,0.00034829817013815045,0.0004887735703960061,0.6384853055447708,0.506480050086975,0.9839873890817902,0.9780870225694445
8,69,0.0003629400162026286,0.00042595260310918093,0.627452301979065,0.594409786330329,0.9832561728395062,0.9827582465277778
8,70,0.0003334531793370843,0.0004619306419044733,0.6575078271053455,0.5516063292821248,0.9840072820216049,0.9846137152777777
8,71,0.0003163297369610518,0.0004257591790519655,0.6739799085958504,0.5936266567971972,0.9845510223765432,0.9851942274305555
8,72,0.00030760635854676366,0.0003989889519289136,0.6838001368958273,0.6282432450188531,0.9846709828317901,0.9860243055555555
8,73,0.00029508088482543826,0.00037875966518186033,0.6913874300909632,0.6402547624376085,0.9850935570987654,0.9856119791666667
8,74,0.00029033716418780386,0.00039969506906345487,0.6983857506587181,0.6229080147213406,0.9850796923225309,0.9866644965277778
8,75,0.00029789155814796686,0.0004589258460327983,0.69378752178616,0.5793600903617011,0.9852014612268518,0.9870062934027778
8,76,0.0002911548363044858,0.00046742468839511275,0.6980257859936467,0.553592762682173,0.9854347511574074,0.9839952256944444
8,77,0.000295584904961288,0.0004668470355682075,0.6952656634059953,0.5510868959956698,0.9854522328317902,0.9854383680555555
8,78,0.00028880767058581114,0.00041440495988354087,0.6996909942156003,0.600454933113522,0.9852074893904321,0.9857150607638889
8,79,0.00027886085445061326,0.0004155813658144325,0.7117993200266802,0.6105469968583849,0.9855932918595679,0.9856119791666667
8,80,0.00027165800565853715,0.0005062444834038615,0.7197959490764289,0.536286109023624,0.9855631510416667,0.9859320746527778
8,81,0.0002693341230042279,0.0004493776068557054,0.7254551175199909,0.5694354057312012,0.9857566550925926,0.9846245659722223
8,82,0.0002543489099480212,0.0004156423674430698,0.7370500689671363,0.6168792539172703,0.9860321421682099,0.9870334201388888
8,83,0.0002355508622713387,0.0004180741962045431,0.7575884243588389,0.6101306133800083,0.9864281925154321,0.98759765625
8,84,0.00022931720013730228,0.00042174733243882656,0.7624716617442944,0.6129102057880825,0.9866247106481482,0.9881293402777778
8,85,0.00022457483282778412,0.0004332110984250903,0.7669554101096259,0.6002779947386847,0.9868953751929013,0.9878092447916667
8,86,0.0002223061746917665,0.00043333263602107763,0.7684486113948586,0.6030930333667331,0.9869218991126543,0.9880913628472222
8,87,0.0002171209780499339,0.0004311468219384551,0.7744154067687047,0.6060647977723016,0.9870026765046296,0.9878146701388889
8,88,0.00021700943761970848,0.0004379823221825063,0.7740735804593122,0.5956386433707344,0.9871642312885802,0.9878960503472223
8,89,0.00021494898828677833,0.0004178372328169644,0.7746101115956718,0.6180097619692485,0.9871063609182099,0.9883409288194445
8,90,0.00020504121494013816,0.0004322644090279937,0.7865095112058852,0.6045549710591634,0.9873155381944444,0.9882052951388889
8,91,0.00020143637084402144,0.0004354904522188008,0.7892263600855698,0.5989731444252862,0.9874933690200617,0.9881564670138889
8,92,0.00020106459851376712,0.0004244396695867181,0.7889961563510659,0.6105275909105937,0.9875078366126543,0.988671875
8,93,0.00019662818522192538,0.0004350451927166432,0.7929093973136242,0.601481921143002,0.9876392505787037,0.988525390625
9,1,0.05765577405691147,0.023668447509407997,-83.4168648260611,-38.92225464714898,0.8855673707561729,0.9949490017361111
9,2,0.017630338668823242,0.012605580501258373,-25.921733344042742,-20.043803861406115,0.9946928047839506,0.9938096788194445
9,3,0.010159200057387352,0.008044138550758362,-14.48414071754173,-12.105055999755859,0.9934630594135803,0.9911078559027777
9,4,0.006863940507173538,0.0059048025868833065,-9.112092134393292,-8.234515396753947,0.9913640528549382,0.9902235243055556
9,5,0.005122503265738487,0.004645116627216339,-6.382415875093437,-5.954643477333916,0.9905954619984568,0.9893229166666667
9,6,0.004095138981938362,0.0036516047548502684,-4.76237289522901,-4.356486031744216,0.989380184220679,0.9866048177083333
9,7,0.0032943994738161564,0.003036495763808489,-3.559804912555365,-3.3441970162921484,0.9872444058641975,0.9878634982638889
9,8,0.00279125664383173,0.002760997973382473,-2.7933200324023213,-2.8360998180177477,0.9855076919367284,0.9865885416666667
9,9,0.002454752568155527,0.0023032636381685734,-2.3034775030465773,-2.163135266304016,0.9846842447916667,0.990966796875
9,10,0.0021457960829138756,0.0021393313072621822,-1.8409480314195892,-1.9037182198630438,0.9823893229166667,0.9850857204861111
9,11,0.0019269875483587384,0.0018656076863408089,-1.5293955711670864,-1.473907889260186,0.9829481336805556,0.9925401475694444
9,12,0.001733169425278902,0.0015934731345623732,-1.2610085409364582,-1.1065917544894748,0.9833954234182098,0.9878743489583334
9,13,0.0015882689040154219,0.0014798006741330028,-1.0292139634673978,-0.9246295597818163,0.9826220100308642,0.9797688802083333
9,14,0.0014865095727145672,0.001454150304198265,-0.8828183215341451,-0.7951895462142097,0.9819510754243828,0.9776421440972223
9,15,0.0013603323604911566,0.0016274950467050076,-0.6882182829173995,-0.9945101473066542,0.9809606481481481,0.9775010850694444
9,16,0.0013117652852088213,0.0011958517134189606,-0.5966842564535729,-0.43410208755069307,0.9809992283950617,0.9846625434027778
9,17,0.0012099109590053558,0.0011962790740653872,-0.46064509241669266,-0.41634001864327325,0.9801299672067901,0.9867458767361111
9,18,0.0011573145166039467,0.0011115194065496325,-0.38505611875910817,-0.28443896108203465,0.9805778597608025,0.9812717013888889
9,19,0.001075554289855063,0.0013009589165449142,-0.2716239681950322,-0.46716443962521026,0.9806019724151235,0.980712890625
9,20,0.0010870214318856597,0.0009320302051492035,-0.26815920876867977,-0.062623131275177,0.9808569637345679,0.9904405381944444
9,21,0.001020002644509077,0.0011433244217187166,-0.18509908885131648,-0.21101018720202977,0.9805109471450617,0.9869954427083333
9,22,0.0009792250348255038,0.0010004685027524829,-0.12474014744346525,-0.0991589625676473,0.9813289689429012,0.9780110677083333
9,23,0.0009276870405301452,0.0013199974782764912,-0.06357399710902462,-0.36414665381113687,0.9807249469521605,0.9759331597222223
9,24,0.0009288073051720858,0.0009934278205037117,-0.05339701764377547,-0.060694532924228245,0.9805826822916667,0.985888671875
9,25,0.0008709596004337072,0.0008473101770505309,0.02444193289603716,0.07632155550850762,0.9810390142746913,0.9809733072916667
9,26,0.0008645802736282349,0.0008415358606725931,0.035482545546543454,0.12130166159735786,0.9800166377314815,0.9833550347222222
9,27,0.0008302754140459001,0.0009070229716598988,0.07847260604670019,0.05438504616419474,0.9799901138117284,0.9837673611111111
9,28,0.0008410420850850642,0.000817241205368191,0.07635672607539612,0.15075955788294473,0.9800250771604938,0.9849066840277778
9,29,0.0008193444227799773,0.0008288327371701598,0.10154474370273543,0.12737653255462647,0.9802155671296297,0.9764051649305555
9,30,0.0007631058688275516,0.0007993863546289504,0.16596518828545087,0.2055181384086609,0.9798568913966049,0.9812554253472222
9,31,0.0007677508983761072,0.0009931172244250774,0.1686379787362652,-0.013656070497300889,0.9799008969907408,0.9794487847222222
9,32,0.0007623415440320969,0.0007378127193078399,0.17695612568914154,0.23623601198196412,0.9803451726466049,0.9724229600694444
9,33,0.0007345688645727932,0.0008171336958184838,0.21015330126256118,0.1972943001323276,0.979321590470679,0.9778103298611112
9,34,0.0007127964054234326,0.0007620438700541854,0.2253174936329877,0.23047226402494642,0.9803596402391975,0.9784396701388889
9,35,0.0006941788597032428,0.0009889754001051188,0.2588093279320517,0.04341241386201647,0.9802029079861111,0.9787000868055555
9,36,0.0006893549580127001,0.0006168864783830941,0.2770413127946265,0.37909699810875785,0.9793957368827161,0.9882161458333333
9,37,0.0006665171822533011,0.0007349186344072223,0.29420511339917593,0.2487630910343594,0.9799286265432099,0.9773274739583333
9,38,0.0006587749812752008,0.000745477038435638,0.3032357664755833,0.30079426500532364,0.9798870322145061,0.9822482638888889
9,39,0.0006521776085719466,0.0008348500705324113,0.3131587674588333,0.1861417531967163,0.9802794656635803,0.9747450086805556
9,40,0.0006674875621683896,0.0006629227427765727,0.2957315879103578,0.3591751310560438,0.9803041811342592,0.9775282118055556
9,41,0.0006182580254971981,0.0006747631123289466,0.35439281625512203,0.3347443699836731,0.9799051167052469,0.9786892361111111
9,42,0.000609520822763443,0.0006392932264134288,0.3612586351088536,0.3822682910495334,0.9798906491126543,0.9810818142361111
9,43,0.0005931000923737884,0.0006633981829509139,0.3897139032681783,0.3441796037885878,0.9803385416666667,0.9797634548611112
9,44,0.0006011713412590325,0.0007990686572156847,0.37294845404448335,0.21316311359405518,0.9801167052469136,0.9791883680555555
9,45,0.0005978909321129322,0.000622014922555536,0.37341464816788095,0.4161682327588399,0.9802047164351851,0.9811740451388888
9,46,0.0005456515355035663,0.0006377339595928788,0.4369700692318104,0.3393040670288934,0.980492862654321,0.9808268229166667
9,47,0.0005495484219864011,0.0006677074707113206,0.4307160309803339,0.35116858614815605,0.9804639274691358,0.9789822048611111
9,48,0.0005256746662780643,0.0007277352269738913,0.45806245921570576,0.3231704910596212,0.980395206404321,0.9807562934027778
9,49,0.0005330253625288606,0.000579034851398319,0.44465209201530176,0.460645412074195,0.9807852285879629,0.9812228732638889
9,50,0.0005236457800492644,0.000615915167145431,0.4628036613817568,0.4076598816447788,0.9809907889660494,0.9819769965277778
9,51,0.0005129952915012836,0.0006415809621103108,0.4668423886652346,0.41129451460308497,0.9809817467206791,0.9813151041666667
9,52,0.0005103870062157512,0.000592752592638135,0.47494757881870975,0.43854916758007473,0.9807412229938272,0.9843370225694444
9,53,0.0005047312588430941,0.0006437677075155079,0.4777400372940817,0.3701669812202454,0.9811390817901234,0.9801432291666666
9,54,0.0005064868601039052,0.0006297267973423004,0.47907825502348533,0.3899960199991862,0.981199966242284,0.9818142361111111
9,55,0.000502664246596396,0.0006058708531782031,0.4735702985598717,0.3948675857649909,0.9808461130401235,0.9808322482638889
9,56,0.0004886896931566298,0.0007102870149537921,0.49556858451278124,0.30891891982820296,0.9810824170524691,0.9779242621527777
9,57,0.0004887680406682193,0.0006102678016759455,0.49413346228776156,0.39369178745481703,0.9809678819444444,0.9822536892361111
9,58,0.00046093756100162864,0.0006248905556276441,0.526245606387103,0.37794676754209733,0.9817322530864198,0.9812662760416667
9,59,0.0004417969612404704,0.0005923770368099213,0.5447642925344868,0.4144283175468445,0.9819287712191358,0.9824273003472223
9,60,0.0004448131949175149,0.0005799656501039863,0.5380582454763813,0.4294341206550598,0.9820167824074074,0.9833875868055556
9,61,0.00043642992386594415,0.0005867396830581129,0.5465480755876612,0.42652766042285495,0.9820885175540124,0.9831217447916667
9,62,0.0004318700230214745,0.0005699447356164455,0.5519006952827359,0.4524017029338413,0.982493610146605,0.9825900607638889
9,63,0.00042890835902653635,0.0005639903829433024,0.5546495799665098,0.46013955937491524,0.9823875144675925,0.9837619357638889
9,64,0.0004221768176648766,0.0006154142320156097,0.559635466263618,0.3955110165807936,0.9825068721064815,0.9833550347222222
9,65,0.0004176489310339093,0.0005875614006072283,0.5640972290510012,0.42785655127631295,0.9826322579089506,0.9827745225694444
9,66,0.00041126314317807555,0.0006151379784569144,0.5722288184695774,0.4178087049060398,0.9827757282021605,0.9835015190972223
9,67,0.0004098461358807981,0.0006296737119555473,0.5698605485904364,0.3744630681143867,0.9828233506944445,0.9828179253472222
9,68,0.00042151272646151483,0.0005994573002681136,0.5626573310958014,0.41690791845321656,0.9828287760416666,0.9814561631944444
9,69,0.00041673099622130394,0.0005925938603468239,0.5649528627042417,0.42604218456480236,0.9826569733796297,0.9849338107638889
9,70,0.0004006780800409615,0.0005664792843163013,0.5813597152262558,0.44405461152394615,0.9828890576774691,0.9840386284722222
9,71,0.00038932199822738767,0.0005947399768047035,0.5929833407755252,0.4193637013435364,0.9832682291666667,0.9823513454861111
9,72,0.0003817130345851183,0.0005729981930926442,0.6016185557400738,0.451877232392629,0.983250144675926,0.9847276475694444
9,73,0.0003738462692126632,0.0005644172197207808,0.6093841156841796,0.4477609197298686,0.9837064766589506,0.984716796875
9,74,0.0003673457249533385,0.0005510818446055055,0.6161786644547074,0.469093120098114,0.9837317949459876,0.9853352864583333
9,75,0.00036424666177481413,0.0005513078649528325,0.618240127445739,0.46420433521270754,0.9838469328703704,0.9856770833333334
9,76,0.0003606620884966105,0.0006051332456991076,0.6216102327829526,0.41107211510340375,0.9839632764274692,0.9845811631944444
9,77,0.00036096590338274837,0.0005678042070940137,0.6183718735789075,0.4611584809091356,0.9839693045910494,0.9848958333333333
9,78,0.0003578233881853521,0.0005456540384329855,0.6255397443418149,0.4817697114414639,0.9840603298611111,0.9860677083333333
9,79,0.00035078151267953217,0.0005570626817643642,0.6319988346394197,0.4629969345198737,0.9841380931712963,0.9855577256944444
9,80,0.0003477066638879478,0.0005585878388956189,0.6338899441707282,0.4628792325655619,0.9841513551311728,0.9853244357638888
9,81,0.0003452123492024839,0.0005614198162220418,0.6375035053418007,0.46131679481930205,0.9842152536651234,0.9861870659722223
9,82,0.00034200481604784727,0.0005637567956000566,0.6398261095270699,0.45535922845204674,0.9843858506944444,0.9853624131944444
9,83,0.00033921306021511555,0.0005551476497203112,0.6425420098834568,0.4773203942510817,0.9845558449074074,0.9855197482638889
9,84,0.0003372244245838374,0.0005456513026729226,0.6455767415187977,0.4815164022975498,0.9845009886188272,0.9859809027777777
9,85,0.0003354120999574661,0.0005629317020066082,0.647687104013231,0.47704555855857,0.9845781491126543,0.9864854600694445
9,86,0.0003313816851004958,0.0005895845242775977,0.6531886986744256,0.43452225393719146,0.9845522280092592,0.9851019965277777
9,87,0.00032802976784296334,0.0005502987769432366,0.6551940610379349,0.477392049630483,0.9846607349537037,0.9861924913194444
9,88,0.0003193821175955236,0.0005496275261975825,0.6640487261760382,0.47631388902664185,0.984813850308642,0.9869140625
9,89,0.0003158333129249513,0.0005623871111311018,0.6658935152454141,0.46971364948484634,0.9849090952932099,0.9867892795138888
9,90,0.0003167836694046855,0.0005728489486500621,0.6668470787413326,0.45538539489110313,0.9849826388888889,0.9867784288194444
9,91,0.00031205685809254646,0.0005720480112358928,0.6705625673870982,0.4520106275876363,0.9850790895061728,0.9865939670138889
9,92,0.00031144777312874794,0.0005546529428102076,0.6709962824244559,0.47429165840148924,0.9851013937114198,0.9869574652777777
9,93,0.000307978451019153,0.0005666843499056995,0.6744539238788464,0.46543484263949925,0.9851375626929012,0.9866482204861111
9,94,0.0003094969433732331,0.0005516833043657243,0.6719378185860905,0.479362420241038,0.9851224922839507,0.9872938368055556
9,95,0.00030449748737737536,0.0005622685421258211,0.6786064356933406,0.46453072627385456,0.985204475308642,0.9870062934027778
9,96,0.00030279590282589197,0.0005629956722259521,0.6797610965775854,0.46685700284110176,0.9852454668209877,0.9871310763888889
9,97,0.0003016435948666185,0.0005680249887518585,0.6804904441774627,0.459148907661438,0.9852611400462963,0.9868489583333333
9,98,0.000300730811432004,0.0005599127616733313,0.6814998226401247,0.47101091146469115,0.9852442611882716,0.9873480902777778
10,1,0.052869174629449844,0.026868246495723724,-80.91889176898532,-39.291960122850206,0.9546067226080247,0.9951985677083334
10,2,0.02013729140162468,0.014416972175240517,-30.083865627241725,-20.47956870396932,0.994725959683642,0.9946940104166667
10,3,0.011786003597080708,0.00914776511490345,-16.969468664239955,-12.498457421196832,0.9940580391589506,0.9941351996527777
10,4,0.007959093898534775,0.006672346498817205,-10.976426324432278,-8.633570766448974,0.9928168402777777,0.9921929253472223
10,5,0.005959589034318924,0.005161833018064499,-7.692954950568117,-6.286608521143595,0.991162712191358,0.991650390625
10,6,0.004690675996243954,0.004217568784952164,-5.693311381634371,-4.874442137612236,0.9901475694444445,0.9907172309027777
10,7,0.003821508726105094,0.0032601968850940466,-4.383066443160728,-3.5132642057206898,0.9891324266975309,0.991064453125
10,8,0.0031576035544276237,0.002834792248904705,-3.381012925689603,-2.8681491321987576,0.9863974488811729,0.9865831163194444
10,9,0.0027069305069744587,0.0026739616878330708,-2.697198067771064,-2.536923638979594,0.9845052083333333,0.9878743489583334
10,10,0.002383551327511668,0.0020832328591495752,-2.210354921847214,-1.796052220132616,0.9839711130401234,0.9846082899305556
10,11,0.002066190354526043,0.002033835742622614,-1.7568881495499316,-1.6623915063010322,0.9827576437114197,0.9846462673611112
10,12,0.0018627182580530643,0.0018432245124131441,-1.4370080946404258,-1.3608113368352255,0.9824254918981481,0.9819607204861112
10,13,0.001716178609058261,0.0016147240530699492,-1.2103781174730373,-1.0732413954204982,0.9820855034722222,0.9790581597222222
10,14,0.001556967617943883,0.0014748440589755774,-0.9882160894664718,-0.869201225704617,0.981663532021605,0.9729817708333334
10,15,0.0014481478137895465,0.0013299377169460058,-0.8182463965298217,-0.6757744974560208,0.9814778645833333,0.9864583333333333
10,16,0.0013426997466012836,0.001256567775271833,-0.6640523221757677,-0.5699542986022101,0.9813645351080247,0.9791883680555555
10,17,0.0012817243114113808,0.0012817273382097483,-0.5681694609147531,-0.5677150090535482,0.9808569637345679,0.9749620225694444
10,18,0.0011998366098850965,0.0010982968378812075,-0.44826732815047843,-0.3461213058895535,0.9806532118055555,0.9785373263888889
10,19,0.0011321459896862507,0.0011208930518478155,-0.34917736642154645,-0.32734375397364296,0.9807225356867284,0.9833333333333333
10,20,0.0010720083955675364,0.0012801558477804065,-0.26977606584996355,-0.4917602817217509,0.9804175106095679,0.9790093315972223
10,21,0.001073344610631466,0.0009188081603497267,-0.24881874602517964,-0.08896714448928833,0.9799997588734568,0.9806098090277777
10,22,0.0009813320357352495,0.0009004149469546974,-0.1322131362962134,-0.08176593515608045,0.9801239390432098,0.9850531684027778
10,23,0.0009847311303019524,0.0008687213412486017,-0.13545707979320007,-0.01569706334008111,0.980641155478395,0.9776746961805556
10,24,0.0009089238592423499,0.000967267551459372,-0.03155720704867516,-0.12838377820120916,0.9800672743055555,0.9810438368055555
10,25,0.0008803496602922678,0.0009230094728991389,0.0071363141507278256,-0.09207499821980794,0.9804603105709877,0.9751356336805556
10,26,0.0008632665849290788,0.0008079282706603408,0.025311952608603017,0.046764989693959556,0.9796929253472222,0.9824761284722222
10,27,0.0008281957125291228,0.0007935597095638514,0.07458436960055505,0.09170309702555339,0.9807840229552469,0.9785047743055556
10,28,0.0008193622343242168,0.00075955392094329,0.09707766432821015,0.133114755153656,0.9792667341820988,0.9788519965277778
10,29,0.0007778611616231501,0.0006704287952743471,0.1437277024174914,0.22706248230404324,0.9799684124228395,0.9821343315972222
10,30,0.0007660703267902136,0.0006813739310018718,0.15800500284006566,0.2110054572423299,0.980246913580247,0.9815538194444444
10,31,0.0007521394873037934,0.0007963833631947637,0.17521848369527745,0.11841783391104804,0.9796694155092592,0.9790744357638889
10,32,0.0007472627912648022,0.0007187385344877839,0.1930267857916561,0.20595005485746595,0.9803512008101852,0.9793240017361111
10,33,0.0007030926062725484,0.0006303236004896462,0.24144161233195552,0.3013454649183485,0.9798852237654321,0.9805772569444444
10,34,0.0006938088336028159,0.0006925236666575074,0.25341349796012597,0.23056173854404025,0.9802143614969135,0.9826497395833333
10,35,0.0006675730110146105,0.0006220426876097918,0.292394882366981,0.32036853631337486,0.9803813416280864,0.9775444878472223
10,36,0.0006710744928568602,0.0006660391809418797,0.2894171454288341,0.2560448487599691,0.9800847559799383,0.977099609375
10,37,0.0006353212520480156,0.0006296691135503352,0.32500663097993826,0.3206795679198371,0.9797785252700617,0.9853190104166667
10,38,0.0006489870720542967,0.00061110156821087,0.31468621992770535,0.3262963705592685,0.9807966820987655,0.9778754340277778
10,39,0.0006172145949676633,0.0007588549051433802,0.3503611108403147,0.13986778524186877,0.9801245418595679,0.980517578125
10,40,0.0006236259359866381,0.0005884242709726095,0.34633763160234615,0.35655512942208184,0.9803108121141976,0.9837727864583333
10,41,0.0006035779369994998,0.0006551598198711872,0.36681506236394246,0.2928649385770162,0.9805597752700618,0.9773763020833334
10,42,0.0005766660906374454,0.0007533109746873379,0.3976516090793374,0.17413827578226726,0.9806508005401234,0.9779242621527777
10,43,0.0005840426892973483,0.0006551038241013885,0.3895840151810352,0.29638519552018905,0.9807345920138889,0.9799641927083333
10,44,0.0005631993990391493,0.0005390109727159142,0.40682332780626085,0.41559112601810033,0.9807936680169753,0.9809299045138888
10,45,0.0005432605976238847,0.0005859003285877407,0.44100644235257747,0.3688373539182875,0.9808226032021605,0.9822211371527778
10,46,0.0005451259203255177,0.0006592172430828214,0.4386341056705993,0.3095214936468336,0.9809106143904321,0.9772732204861111
10,47,0.0005243031773716211,0.0005639739101752639,0.4552586214042004,0.3915829234653049,0.9807526765046296,0.9779676649305555
10,48,0.0005252590635791421,0.000578829669393599,0.4592330891409038,0.3792327033148872,0.9812379436728395,0.9796495225694445
10,49,0.0005068314494565129,0.0005447836592793465,0.4788050472000499,0.42202827400631376,0.980761115933642,0.9827202690972222
10,50,0.0004908692790195346,0.0005658665904775262,0.49591774454823245,0.40257617632548015,0.9813331886574074,0.9804036458333333
10,51,0.0004913625307381153,0.0005465172580443323,0.49310879516012873,0.4240264283286201,0.9810010368441358,0.9830729166666666
10,52,0.0004599055973812938,0.0005394807667471468,0.5281407610869702,0.4374704957008362,0.9817015094521605,0.9816297743055555
10,53,0.00043394550448283553,0.0005522988503798842,0.5560706942169754,0.4067840192053053,0.9819384162808642,0.9846462673611112
10,54,0.0004139239899814129,0.0005467535811476409,0.5713516492902496,0.410160055425432,0.9825382185570988,0.9839518229166667
10,55,0.00040269707096740603,0.0005597590352408588,0.5860397923139878,0.3953250262472365,0.9827697000385802,0.9815104166666667
10,56,0.0003919101436622441,0.0005752466386184096,0.5950697982752765,0.40029909478293524,0.9830301167052469,0.9831488715277777
10,57,0.000398313335608691,0.0005581097211688757,0.5893857941215421,0.3997018628650241,0.9828980999228395,0.9842719184027777
10,58,0.00038380123442038894,0.0005978982662782073,0.6031534122832027,0.364319282107883,0.9830952208719136,0.9827907986111111
10,59,0.0003882298478856683,0.0005345555255189538,0.5956800440211355,0.4365797930293613,0.9832832995756173,0.9837727864583333
10,60,0.0003805345040746033,0.0005613368120975792,0.6043630723600034,0.4049993581242032,0.9831410349151235,0.9812934027777778
10,61,0.0003744916175492108,0.0005232504918240011,0.6124276008135007,0.4494393229484558,0.9829855082947531,0.9840060763888889
10,62,0.0003705973504111171,0.0005321952630765736,0.6225429115472016,0.4260140869352553,0.9833453896604938,0.9845865885416667
10,63,0.0003611119173001498,0.0005459858803078532,0.6275215144510622,0.4134367121590508,0.9834490740740741,0.9847222222222223
10,64,0.00035702824243344367,0.0005800110520794988,0.6260349410551566,0.35882158676783243,0.9837191358024692,0.9847764756944445
10,65,0.0003460784209892154,0.00048275417066179216,0.6424135088920593,0.4892675545480516,0.9839723186728395,0.9868381076388889
10,66,0.0003368629841133952,0.0005581757286563516,0.6499971354449237,0.3976700531111823,0.984154369212963,0.9836317274305556
10,67,0.00033181277103722095,0.0005171291413716972,0.658400473329756,0.450441394911872,0.9841200086805556,0.9858615451388889
10,68,0.00032744475174695253,0.000495235959533602,0.6597784616329052,0.4737550324863858,0.9842128423996913,0.9869357638888889
10,69,0.00033035449450835586,0.0005001691752113402,0.6590150229724837,0.47485584020614624,0.9845371576003087,0.9850260416666666
10,70,0.0003409132768865675,0.0004989045555703342,0.6500690042236705,0.48504394160376657,0.9840808256172839,0.9861056857638889
10,71,0.0003289341984782368,0.0005254321731626987,0.6613073067900576,0.4318752818637424,0.9841694396219136,0.9860297309027778
10,72,0.0003192728909198195,0.0005272552371025085,0.672033276381316,0.4334875994258457,0.9845287181712963,0.9847819010416666
10,73,0.0003119321772828698,0.00046712771290913224,0.676856627287688,0.5137571043438381,0.9846366222993828,0.9863389756944444
10,74,0.0002982376026920974,0.0004891572752967477,0.692574992739124,0.48291450473997327,0.9847909432870371,0.9858561197916667
10,75,0.00030276906909421086,0.0004996504285372794,0.684650159029313,0.47719060579935707,0.9848512249228395,0.9864149305555555
10,76,0.00029241686570458114,0.0005257840966805816,0.699253116272114,0.44490987062454224,0.9849567177854939,0.9851399739583333
10,77,0.0002915459917858243,0.0005311740096658468,0.695189439073021,0.4484494315253364,0.9850163966049382,0.9861328125
10,78,0.0002892365155275911,0.0004937993944622576,0.7014623169545774,0.4918163537979126,0.9850622106481481,0.9862955729166667
10,79,0.00028610133449546993,0.0004901951178908348,0.7022733981226698,0.4865725927882724,0.9851212866512346,0.9855740017361111
10,80,0.0002828006981872022,0.0005246811779215932,0.707825466880092,0.4399202479256524,0.9852876639660494,0.9860243055555555
10,81,0.0002790438011288643,0.0005409892182797194,0.7143747830096586,0.4399185419082642,0.9852617428626543,0.9867838541666667
10,82,0.00025765085592865944,0.0005149352946318686,0.735529637042387,0.4506699005762736,0.9857054157021605,0.9875813802083333
10,83,0.0002421287354081869,0.00047513912431895733,0.7468800612437873,0.4977434343761868,0.9860683111496914,0.9879448784722222
10,84,0.00023098819656297565,0.0004846045339945704,0.757148833480882,0.4921181175443861,0.986326316550926,0.9881130642361111
10,85,0.00022747527691535652,0.00047214177902787924,0.7613508783740762,0.5052855266465082,0.9864655671296296,0.9883083767361112
10,86,0.00022849311062600464,0.0004737348936032504,0.7579014591228814,0.5015490929285685,0.9865409191743827,0.9883192274305556
10,87,0.00022165312839206308,0.0004943230887874961,0.7657365551701298,0.4830045806037055,0.9867157359182098,0.9881239149305555
10,88,0.00022394207189790905,0.0004918727790936828,0.7625094616854632,0.480947122308943,0.9867121190200617,0.9880805121527778
10,89,0.00021798606030642986,0.00047688832273706794,0.7688632146811779,0.5018852922651503,0.986838710455247,0.9889051649305556
10,90,0.00021062555606476963,0.000477813184261322,0.7764899643850915,0.4982540090878805,0.9869442033179012,0.9891927083333333
10,91,0.00020514683274086565,0.00047678418923169374,0.7808598908377282,0.5023755815294054,0.9871154031635803,0.9890190972222223
10,92,0.00020258502627257258,0.0004801348550245166,0.7830492141806049,0.49789564344618054,0.9871702594521605,0.9890733506944445
10,93,0.00020163654698990285,0.0004829347017221153,0.7830930515571877,0.49734946091969806,0.9872341579861111,0.9890842013888889
