Fold,Epoch,Train_MSE,Val_MSE,Train_R2,Val_R2,Train_AuxAcc,Val_AuxAcc
1,1,0.4977179765701294,0.48805731534957886,-781.5214527459792,-705.2286098904079,0.19444143036265432,0.21034071180555555
1,2,0.47980546951293945,0.4705471396446228,-754.1545768455222,-679.906490749783,0.22135657793209876,0.2344455295138889
1,3,0.46265679597854614,0.4538189172744751,-726.7875936060776,-655.714741007487,0.2465844425154321,0.25907118055555556
1,4,0.44628649950027466,0.4378449022769928,-701.4782516102732,-632.6131574842665,0.27108109085648147,0.28400065104166666
1,5,0.4306511878967285,0.42258787155151367,-676.9320785522461,-610.5479943169488,0.2953661506558642,0.3093478732638889
1,6,0.4157106876373291,0.40800711512565613,-652.9495898023064,-589.4604380289713,0.3192250192901235,0.3313747829861111
1,7,0.4014364182949066,0.3940701186656952,-631.0136523776584,-569.3035013834635,0.3414689429012346,0.3511881510416667
1,8,0.3877854347229004,0.38074278831481934,-609.075629773552,-550.0278856065538,0.36029670621141974,0.36931966145833334
1,9,0.3747309446334839,0.36799538135528564,-588.5969047452197,-531.5906368679471,0.3789502555941358,0.3903591579861111
1,10,0.36224228143692017,0.3557940125465393,-569.3416382966218,-513.9427476671007,0.39992766203703706,0.41133355034722224
1,11,0.3502873480319977,0.3441140055656433,-550.3238476600176,-497.0485331217448,0.42114378375771605,0.43063151041666664
1,12,0.3388400077819824,0.33292698860168457,-532.4458045771092,-480.8671139187283,0.4413152247299383,0.45064019097222224
1,13,0.3278746008872986,0.32221126556396484,-514.7466227401922,-465.366970316569,0.45940031828703703,0.46868489583333334
1,14,0.3173663914203644,0.311936616897583,-498.5215529359417,-450.5045425415039,0.4770411361882716,0.48552517361111114
1,15,0.3072935938835144,0.30208921432495117,-482.68774418772,-436.2597447713216,0.49329849054783953,0.5001736111111111
1,16,0.2976343631744385,0.29264211654663086,-467.5219035113299,-422.5937093098958,0.5067949459876543,0.5119032118055555
1,17,0.2883679270744324,0.28357791900634766,-452.9082429202986,-409.4813203599718,0.5170783902391975,0.5195041232638888
1,18,0.2794763445854187,0.27488023042678833,-438.84079000214,-396.8987838745117,0.522020278742284,0.521923828125
1,19,0.27094125747680664,0.2665277421474457,-425.44992405455787,-384.81534678141276,0.5229932243441358,0.5224338107638888
1,20,0.26274406909942627,0.2585037648677826,-412.5710097418891,-373.20691545274525,0.5237431278935185,0.5236545138888888
1,21,0.25486689805984497,0.25079411268234253,-399.88952947545937,-362.05294511583116,0.5235007957175926,0.5226942274305556
1,22,0.24729780852794647,0.24338378012180328,-388.0889490480776,-351.3317255655924,0.5240584008487654,0.5224989149305556
1,23,0.24002325534820557,0.2362588346004486,-376.875146456118,-341.02318318684894,0.5245653694058642,0.52470703125
1,24,0.23302699625492096,0.22940649092197418,-365.97691597644194,-331.1088153415256,0.5255732783564815,0.5247395833333334
1,25,0.2262955904006958,0.222812682390213,-355.309509682361,-321.5682410346137,0.5256661120756173,0.5245171440972223
1,26,0.21981796622276306,0.21646566689014435,-344.99480295063535,-312.38455793592664,0.5258270640432099,0.5247721354166667
1,27,0.21358227729797363,0.2103554904460907,-335.07059155687875,-303.5433607313368,0.5267795138888889,0.526025390625
1,28,0.20757803320884705,0.20447027683258057,-325.6752214784975,-295.0274222479926,0.5264130015432099,0.5243381076388889
1,29,0.20179373025894165,0.1988004446029663,-316.63922089941707,-286.82294413248695,0.5254629629629629,0.5233615451388889
1,30,0.19622156023979187,0.19333679974079132,-307.8408328397774,-278.9166263156467,0.5244526427469136,0.5221842447916667
1,31,0.19084906578063965,0.18806862831115723,-299.32594544210554,-271.2930167304145,0.5237099729938272,0.5222059461805556
1,32,0.18566936254501343,0.18298810720443726,-291.2131032307943,-263.94073096381294,0.5226833767361111,0.5214789496527777
1,33,0.18067452311515808,0.17808835208415985,-283.4467652497468,-256.8498840332031,0.5230107060185185,0.5215060763888889
1,34,0.17585518956184387,0.17335908114910126,-275.9205473817425,-250.00552825927736,0.5224904755015433,0.5208062065972222
1,35,0.17120231688022614,0.1687936633825302,-268.47374415927464,-243.39819742838543,0.5219575858410493,0.5200846354166667
1,36,0.1667117476463318,0.16438794136047363,-261.35088374761887,-237.0218012491862,0.5212812258873457,0.5196126302083334
1,37,0.1623765528202057,0.16013085842132568,-254.66398080425498,-230.86035876803928,0.5206259645061728,0.5189127604166667
1,38,0.1581874042749405,0.15601924061775208,-247.94195639998824,-224.90929556952582,0.5196228780864197,0.5177137586805556
1,39,0.15414026379585266,0.15204474329948425,-241.66541563905315,-219.1565427992079,0.5191279658564815,0.5177191840277777
1,40,0.15022829174995422,0.14820313453674316,-235.53573185485087,-213.59597744411892,0.5186005015432099,0.5170193142361111
1,41,0.14644737541675568,0.14448991417884827,-229.57536023457845,-208.22116326226129,0.5182719666280864,0.5165418836805555
1,42,0.14279037714004517,0.14089713990688324,-223.910203382704,-203.02052722507054,0.517897014853395,0.5160753038194444
1,43,0.139253169298172,0.13742275536060333,-218.17312435574001,-197.99109539455839,0.5170132860725308,0.5146267361111111
1,44,0.13583120703697205,0.13405989110469818,-212.8030965734411,-193.12298863728842,0.5163037712191358,0.5131510416666667
1,45,0.13251805305480957,0.1308039128780365,-207.6227751178506,-188.4094634162055,0.5147364486882716,0.5131618923611111
1,46,0.129311203956604,0.12765172123908997,-202.59276051462433,-183.84608222113715,0.5146074459876543,0.5136501736111111
1,47,0.12620626389980316,0.12459976226091385,-197.68064253536272,-179.4276747809516,0.5147044994212963,0.5134548611111112
1,48,0.1231984794139862,0.12164244800806046,-192.91270358709642,-175.14617563883465,0.5147665895061728,0.5127278645833333
1,49,0.12028384953737259,0.11877696216106415,-188.3915747889766,-170.99750340779622,0.5134620949074075,0.510791015625
1,50,0.11746063083410263,0.1160002052783966,-183.87771053078734,-166.97719234890408,0.5127031491126544,0.5103244357638889
1,51,0.11472377181053162,0.11330879479646683,-179.53431040445963,-163.08033998277452,0.5113480179398148,0.5093641493055555
1,52,0.11207001656293869,0.11069804430007935,-175.39679802317679,-159.30014877319337,0.5105010609567902,0.5081488715277778
1,53,0.10949671268463135,0.10816682875156403,-171.32349134845498,-155.6350326538086,0.509716796875,0.5077419704861111
1,54,0.10699998587369919,0.10570990294218063,-167.42914580827878,-152.07738783094618,0.5094521604938271,0.5075249565972222
1,55,0.10457848012447357,0.10332709550857544,-163.59122279131853,-148.62692523532445,0.5085135754243827,0.5063205295138888
1,56,0.10222814977169037,0.10101397335529327,-159.870903476668,-145.27731857299804,0.5076708381558642,0.5058159722222222
1,57,0.09994589537382126,0.09876740723848343,-156.3771031791781,-142.0239798651801,0.5063271604938272,0.5036458333333333
1,58,0.09773072600364685,0.09658697247505188,-152.8580195815475,-138.86634419759113,0.5047767168209877,0.5031684027777777
1,59,0.09557915478944778,0.09446816146373749,-149.48907418427643,-135.79782952202692,0.504466266396605,0.5027072482638889
1,60,0.09348893910646439,0.09241094440221786,-146.116998041412,-132.81844880845813,0.5037362557870371,0.5017578125
1,61,0.09145881235599518,0.09041126817464828,-142.94636722611793,-129.92228825887045,0.5032980082947531,0.5012749565972222
1,62,0.08948572725057602,0.08846831321716309,-139.90464082882727,-127.10819235907661,0.5015709394290123,0.49933268229166666
1,63,0.08756785094738007,0.08657947182655334,-136.86223538245684,-124.37242830064562,0.5007366415895061,0.49835611979166666
1,64,0.08570390939712524,0.08474304527044296,-133.9357831130793,-121.71250661214192,0.4989372347608025,0.4964138454861111
1,65,0.08389071375131607,0.08295686542987823,-131.05995497526945,-119.12524549696181,0.4976773485725309,0.49544813368055557
1,66,0.08212751150131226,0.08121965080499649,-128.23154932893354,-116.60885408189561,0.4965277777777778,0.49471571180555557
1,67,0.08041272312402725,0.07953018695116043,-125.5406667497423,-114.16158209906683,0.49586528260030865,0.493994140625
1,68,0.07874362170696259,0.07788444310426712,-122.95147011132887,-111.77753829956055,0.4944287712191358,0.4920464409722222
1,69,0.07711976766586304,0.07628516852855682,-120.38751171253345,-109.4607206556532,0.4936475212191358,0.4915744357638889
1,70,0.0755399838089943,0.07472746074199677,-117.87802940415747,-107.20408939785428,0.49252567997685187,0.4903537326388889
1,71,0.07400112599134445,0.07321062684059143,-115.46056846336081,-105.00660421583387,0.49115065586419754,0.4889105902777778
1,72,0.07250243425369263,0.07173296064138412,-113.06879981712059,-102.86574325561523,0.49006799768518516,0.4881781684027778
1,73,0.07104386389255524,0.07029478251934052,-110.80722281373578,-100.78207439846463,0.48911554783950617,0.48720703125
1,74,0.06962249428033829,0.06889337301254272,-108.54892343356286,-98.75162938435872,0.48861942997685187,0.48672417534722223
1,75,0.0682380273938179,0.06752825528383255,-106.39842082600535,-96.77368681165908,0.4876097125771605,0.48550347222222223
1,76,0.06688956916332245,0.06619828939437866,-104.23697585824095,-94.846605597602,0.4868561921296296,0.48477647569444443
1,77,0.06557473540306091,0.0649014562368393,-102.18263008447342,-92.96748390197754,0.4862087673611111,0.4838107638888889
1,78,0.06429292261600494,0.06363680958747864,-100.1633905245934,-91.13492194281685,0.48467881944444446,0.48260091145833334
1,79,0.06304384768009186,0.06240468472242355,-98.1953294330173,-89.3494694603814,0.483641975308642,0.4818793402777778
1,80,0.06182578578591347,0.06120306998491287,-96.2879273261553,-87.60813751220704,0.4834520881558642,0.48189561631944444
1,81,0.0606377050280571,0.06003056466579437,-94.42185281117757,-85.9089481777615,0.48243272569444445,0.48019205729166664
1,82,0.059479258954524994,0.05888805165886879,-92.56013023470655,-84.25318980746799,0.48121503665123455,0.4794650607638889
1,83,0.05834905058145523,0.05777203291654587,-90.80096647239026,-82.63575909932455,0.4810227382330247,0.4789767795138889
1,84,0.057245854288339615,0.05668354406952858,-89.03920586197465,-81.0581480662028,0.480151065779321,0.4777560763888889
1,85,0.056169167160987854,0.055620454251766205,-87.36347859465046,-79.51731724209256,0.47876338252314815,0.47654622395833335
1,86,0.055118463933467865,0.05458362400531769,-85.71349941771707,-78.0144900004069,0.47700074749228394,0.47508680555555555
1,87,0.05409367382526398,0.053572189062833786,-84.09666355980767,-76.54845623440212,0.4761996045524691,0.47435438368055555
1,88,0.05309278145432472,0.05258394032716751,-82.51272175871296,-75.11594907972548,0.4754430700231482,0.47337239583333335
1,89,0.05211528763175011,0.05161864310503006,-80.96298950572073,-73.71667082044813,0.4750560619212963,0.47312825520833335
1,90,0.0511605441570282,0.05067618191242218,-79.45544531786884,-72.35045153299967,0.4737654320987654,0.4716796875
1,91,0.05022818595170975,0.0497555173933506,-77.9960211082741,-71.01578280131022,0.4730432581018518,0.4711968315972222
1,92,0.049317263066768646,0.04885578155517578,-76.57350548167288,-69.71141094631619,0.47247419945987656,0.47046983506944445
1,93,0.04842774197459221,0.04797739163041115,-75.15550122437654,-68.43795615302191,0.4716827015817901,0.46998697916666665
1,94,0.047558411955833435,0.04711880907416344,-73.76248351438547,-67.19315473768447,0.471240837191358,0.4690158420138889
1,95,0.04670897126197815,0.04627985134720802,-72.43379018336167,-65.97676980760363,0.4703173225308642,0.46852213541666665
1,96,0.045878536999225616,0.04545920714735985,-71.1269627135477,-64.78689532809787,0.46989535108024694,0.4682834201388889
1,97,0.04506651312112808,0.044657088816165924,-69.86143330703547,-63.62385309007433,0.46894832658179014,0.4668511284722222
1,98,0.044273123145103455,0.043873630464076996,-68.61299223723235,-62.48780415852865,0.4681755160108025,0.46587999131944446
1,99,0.04349760711193085,0.04310698062181473,-67.39379331565198,-61.37612987094455,0.4675118152006173,0.46564127604166666
1,100,0.042739465832710266,0.04235849156975746,-66.20180817356815,-60.29074872334798,0.46693672839506173,0.46491427951388886
1,101,0.041997816413640976,0.04162516072392464,-65.00970505137502,-59.22727928161621,0.4661669319058642,0.46418185763888886
1,102,0.0412718690931797,0.04090777784585953,-63.86321530283233,-58.18691003587511,0.4651909722222222,0.4629720052083333
1,103,0.04056193679571152,0.04020624980330467,-62.73183868431751,-57.169509400261774,0.46443262924382717,0.4627278645833333
1,104,0.03986743465065956,0.039519764482975006,-61.66968160794105,-56.17387479146321,0.46369357638888886,0.4617513020833333
1,105,0.03918788582086563,0.03884826973080635,-60.58398520622725,-55.199936358133954,0.4633909625771605,0.4617513020833333
1,106,0.03852259740233421,0.03819042816758156,-59.55507841227967,-54.245773781670465,0.4627103829089506,0.4602864583333333
1,107,0.03787170350551605,0.037547215819358826,-58.514080938880824,-53.31280381944445,0.46148847415123456,0.4597981770833333
1,108,0.03723449632525444,0.03691712021827698,-57.5089357941239,-52.39882920583089,0.4611153308256173,0.4588216145833333
1,109,0.036611102521419525,0.03630109876394272,-56.51967325563784,-51.50523730383979,0.46041304976851855,0.4585774739583333
1,110,0.03600045666098595,0.03569716960191727,-55.54873422457848,-50.62913763258192,0.4597800925925926,0.4580891927083333
1,111,0.03540261834859848,0.03510606288909912,-54.611699396298256,-49.77165071699354,0.45979395736882717,0.45785047743055557
1,112,0.034817375242710114,0.03452734649181366,-53.68360809043602,-48.9320861392551,0.4587968991126543,0.456640625
1,113,0.03424396365880966,0.033960238099098206,-52.79517884431062,-48.10932659573025,0.4581259645061728,0.4561577690972222
1,114,0.03368248790502548,0.033405154943466187,-51.898805631237266,-47.3039878209432,0.4570414978780864,0.4551812065972222
1,115,0.03313257545232773,0.03286128118634224,-51.02959251050596,-46.514865197075736,0.4559980227623457,0.4537163628472222
1,116,0.032593827694654465,0.03232850879430771,-50.1808024170958,-45.74183811611599,0.45475380979938274,0.4527398003472222
1,117,0.03206583857536316,0.03180624544620514,-49.34898296167821,-44.98400020599365,0.45448495370370373,0.4524956597222222
1,118,0.03154848515987396,0.031294651329517365,-48.5273850488074,-44.241636445787215,0.45393217110339507,0.4522515190972222
1,119,0.031041648238897324,0.030793100595474243,-47.74485249107266,-43.51381445990668,0.45336793499228395,0.4515190972222222
1,120,0.03054511547088623,0.030302179977297783,-46.958725885697355,-42.8014033847385,0.45331127025462964,0.4515190972222222
1,121,0.030058810487389565,0.029821278527379036,-46.175449283034716,-42.10352662404378,0.45289472415123455,0.4507866753472222
1,122,0.029581639915704727,0.02934887260198593,-45.43571973376804,-41.417914644877115,0.4517951871141975,0.4495659722222222
1,123,0.02911357581615448,0.028885673731565475,-44.701955140667195,-40.74566478729248,0.45111219618055554,0.4493272569444444
1,124,0.02865475043654442,0.028431888669729233,-43.956429556858396,-40.087014855278866,0.45089216820987654,0.4488389756944444
1,125,0.028204957023262978,0.02798675000667572,-43.25308817404288,-39.44092267354329,0.4505835262345679,0.4488389756944444
1,126,0.027763985097408295,0.027550464496016502,-42.55697335843687,-38.80765859815809,0.4503092447916667,0.4483506944444444
1,127,0.027331633493304253,0.027122464030981064,-41.878560424145356,-38.18638017442491,0.44977153260030867,0.4478624131944444
1,128,0.02690739929676056,0.026702698320150375,-41.21163463592529,-37.57701947953966,0.4496726707175926,0.4476236979166667
1,129,0.02649145945906639,0.026291191577911377,-40.553395387861464,-36.97964704301622,0.44873046875,0.4464029947916667
1,130,0.026083271950483322,0.02588711306452751,-39.90471887941714,-36.39301066928439,0.4481180073302469,0.4461751302083333
1,131,0.0256826039403677,0.02549063414335251,-39.284359869544886,-35.817393345303,0.44757728105709876,0.4456868489583333
1,132,0.02529009059071541,0.0251021645963192,-38.661809517424786,-35.25336731804742,0.44730360243055556,0.4454427083333333
1,133,0.024904889985919,0.024721022695302963,-38.04904151257173,-34.69997600979275,0.4472776813271605,0.4454427083333333
1,134,0.02452702820301056,0.02434687502682209,-37.454124661433845,-34.15673830244276,0.4471028645833333,0.4451985677083333
1,135,0.024156302213668823,0.02397979609668255,-36.86177706188626,-33.62371480729845,0.4467701099537037,0.4451985677083333
1,136,0.023792283609509468,0.02361970953643322,-36.28994881783003,-33.10083118014865,0.4465621383101852,0.4444715711805556
1,137,0.023434823378920555,0.0232655331492424,-35.73452596075741,-32.58649864196777,0.44622938368055554,0.4444715711805556
1,138,0.023083988577127457,0.022918518632650375,-35.1741289232984,-32.082554753621416,0.4458423755787037,0.4434950086805556
1,139,0.022739768028259277,0.022577688097953796,-34.63200627786142,-31.587553151448567,0.4453022521219136,0.4437337239583333
1,140,0.022401774302124977,0.022242970764636993,-34.09493473900689,-31.10142069922553,0.4453733844521605,0.4432454427083333
1,141,0.022069621831178665,0.021914146840572357,-33.57926733582108,-30.623815981547036,0.44483084972993825,0.4430013020833333
1,142,0.021743878722190857,0.021591726690530777,-33.0556912528144,-30.155528110928007,0.4444167148919753,0.4422688802083333
1,143,0.021424029022455215,0.021274898201227188,-32.54790952941518,-29.695291561550565,0.44364209587191356,0.4412868923611111
1,144,0.02110971510410309,0.02096368744969368,-32.05382403856442,-29.24323412577311,0.44286988811728395,0.4405436197916667
1,145,0.020801065489649773,0.02065812237560749,-31.561953851911756,-28.799348025851778,0.44193009741512346,0.4398111979166667
1,146,0.020497865974903107,0.020357761532068253,-31.085846395845767,-28.363005934821235,0.44146592881944446,0.4395724826388889
1,147,0.020200131461024284,0.0200628824532032,-30.616689785615897,-27.93461029264662,0.4411428192515432,0.4390842013888889
1,148,0.01990770362317562,0.01977326162159443,-30.154694750279557,-27.51381973690457,0.44047309027777776,0.4386121961805556
1,149,0.019620485603809357,0.019488928839564323,-29.704957660627954,-27.100711663564045,0.4402880256558642,0.4383680555555556
1,150,0.019338419660925865,0.019209643825888634,-29.251461076147763,-26.69493449529012,0.4400896990740741,0.4383734809027778
2,1,0.49933022260665894,0.4893987774848938,-780.2730719672309,-744.1507905748156,0.18755545910493826,0.2021755642361111
2,2,0.48135656118392944,0.4718404710292816,-752.0171649320625,-717.4311747233073,0.21709104938271606,0.231982421875
2,3,0.4641648232936859,0.4550705850124359,-725.6169748188537,-691.9107989841037,0.243017578125,0.25468207465277776
2,4,0.4477439522743225,0.4390532076358795,-699.8263197722258,-667.53503841824,0.26752748842592594,0.2802680121527778
2,5,0.4320622384548187,0.42375558614730835,-675.1689635100188,-644.254073079427,0.2922339168595679,0.3010308159722222
2,6,0.4170822501182556,0.40913906693458557,-651.9768329196506,-622.0091288248698,0.3147316261574074,0.3280978732638889
2,7,0.40276038646698,0.3951622545719147,-629.3457106978805,-600.7372504340278,0.34077932098765434,0.3510470920138889
2,8,0.3890727162361145,0.38180097937583923,-608.4075499734761,-580.401751030816,0.3634120611496914,0.37498372395833335
2,9,0.3759762644767761,0.3690151870250702,-587.4777698658131,-560.9416197035048,0.385253303433642,0.395703125
2,10,0.36344602704048157,0.35677993297576904,-568.13645590323,-542.3190073649089,0.40623131269290125,0.41603190104166665
2,11,0.35145455598831177,0.3450680375099182,-549.428429874373,-524.4925779554579,0.4256299430941358,0.4345920138888889
2,12,0.33997100591659546,0.33385026454925537,-531.1721969510302,-507.417775132921,0.4431122202932099,0.45191514756944445
2,13,0.3289695382118225,0.32310062646865845,-514.029025758343,-491.05511762830946,0.463304759837963,0.4727105034722222
2,14,0.31842783093452454,0.31279948353767395,-497.46217705055517,-475.3748059590658,0.48310667438271604,0.4900173611111111
2,15,0.30832162499427795,0.30292150378227234,-481.61891424861955,-460.33825352986656,0.4982120466820988,0.5053927951388889
2,16,0.2986299991607666,0.29344773292541504,-466.1886421015233,-445.91665327284073,0.5114794319058642,0.5140028211805555
2,17,0.28933507204055786,0.2843579649925232,-451.8868338879244,-432.07918972439234,0.518530574845679,0.5203450520833334
2,18,0.28041285276412964,0.2756330370903015,-437.93336906904057,-418.7968932257758,0.5228835117669753,0.5233506944444445
2,19,0.27184808254241943,0.2672555148601532,-424.4109957471306,-406.04304758707684,0.5254575376157408,0.52509765625
2,20,0.2636261284351349,0.2592101991176605,-411.75264621310765,-393.79469502766926,0.5268205054012346,0.5263292100694444
2,21,0.255723237991333,0.2514788806438446,-399.32361605608907,-382.02409498426647,0.5286934558256173,0.5292751736111111
2,22,0.24813197553157806,0.24404853582382202,-387.5725239694854,-370.7113818698459,0.530370490933642,0.529052734375
2,23,0.2408333122730255,0.23690330982208252,-376.0747252287688,-359.8325203789605,0.5302161699459876,0.52978515625
2,24,0.2338125854730606,0.23002976179122925,-365.24344108487355,-349.36695607503253,0.5310378086419754,0.5305555555555556
2,25,0.22705796360969543,0.22341597080230713,-354.4938093962493,-339.2966899447971,0.531934196566358,0.5310763888888889
2,26,0.22055748105049133,0.21705003082752228,-344.25181041764625,-329.60353190104166,0.5316550925925926,0.5301052517361111
2,27,0.21430355310440063,0.21092350780963898,-334.58800845676,-320.27469940185546,0.5316695601851852,0.5313313802083334
2,28,0.20827899873256683,0.2050207257270813,-325.1726535561644,-311.2863153245714,0.5320493344907408,0.5301866319444445
2,29,0.20247507095336914,0.19933459162712097,-315.9558959489987,-302.6275536431207,0.5316966869212963,0.5302083333333333
2,30,0.1968824863433838,0.193852961063385,-307.26845039085106,-294.2800618489583,0.5322904610339506,0.5310004340277777
2,31,0.19149300456047058,0.18857070803642273,-298.86352901694215,-286.23589579264325,0.5309510030864197,0.5288682725694445
2,32,0.18629559874534607,0.18347527086734772,-290.704426602964,-278.47604692247177,0.5295096691743827,0.5289171006944444
2,33,0.18128259479999542,0.17855989933013916,-282.92413283925,-270.99020546807185,0.5296103395061729,0.5279730902777777
2,34,0.17644651234149933,0.17381826043128967,-275.334225134202,-263.7687658521864,0.5290111400462963,0.5269965277777777
2,35,0.17177921533584595,0.16924022138118744,-267.91694240334596,-256.79626744588217,0.5279586226851852,0.526806640625
2,36,0.1672734022140503,0.164820596575737,-260.9003677085594,-250.0648553636339,0.5281376591435185,0.5263726128472223
2,37,0.1629229485988617,0.16055180132389069,-254.11112685968845,-243.56299251980252,0.5271635079089506,0.5259060329861112
2,38,0.1587200164794922,0.15642744302749634,-247.55594075049882,-237.28093621995714,0.5277313609182098,0.5258572048611111
2,39,0.15465867519378662,0.1524425446987152,-241.10591214026934,-231.21112586127387,0.5270652488425925,0.5256130642361111
2,40,0.1507343053817749,0.1485898196697235,-235.07834334667817,-225.34250217013889,0.526976634837963,0.5256293402777777
2,41,0.1469392478466034,0.14486479759216309,-229.03304218245142,-219.6682157728407,0.5272183641975309,0.5261121961805556
2,42,0.1432700753211975,0.14126259088516235,-223.30302092469768,-214.18086501227484,0.5259313512731482,0.5234429253472223
2,43,0.1397203505039215,0.13777688145637512,-217.84101071298858,-208.87084108988444,0.5250072337962963,0.5234537760416667
2,44,0.13628780841827393,0.13440601527690887,-212.42581051014088,-203.73561715020074,0.5237389081790124,0.5215115017361112
2,45,0.13296455144882202,0.13114123046398163,-207.28436600955916,-198.7618359459771,0.5223277150848765,0.5200737847222222
2,46,0.12974682450294495,0.12798115611076355,-202.11957356959215,-193.94744050767687,0.5210135754243828,0.5198350694444445
2,47,0.12663128972053528,0.12492027878761292,-197.20074659747843,-189.28404392666286,0.5206874517746913,0.5188802083333334
2,48,0.12361329793930054,0.12195411324501038,-192.60033437940808,-184.76478419833714,0.5204903308256172,0.5186306423611111
2,49,0.1206892728805542,0.11908102035522461,-187.93133125776126,-180.38723080952963,0.5196084104938271,0.5172037760416667
2,50,0.11785539984703064,0.116295725107193,-183.52942625917035,-176.14332648383245,0.5180109471450617,0.5162434895833333
2,51,0.11510930955410004,0.1135965883731842,-179.27979933656292,-172.03056403266058,0.5184106143904321,0.5164876302083333
2,52,0.11244599521160126,0.11097842454910278,-175.06507380450213,-168.04105555216472,0.5179108796296297,0.5164659288194444
2,53,0.10986371338367462,0.10843977332115173,-170.9584268828969,-164.17261055840387,0.5182195216049382,0.5167100694444444
2,54,0.10735864192247391,0.10597620904445648,-167.09041530938796,-160.41845876905654,0.517774643132716,0.51669921875
2,55,0.10492805391550064,0.10358557105064392,-163.29614823894735,-156.77531038920085,0.5170458381558642,0.5147352430555555
2,56,0.10256918519735336,0.10126522183418274,-159.64783546070993,-153.23915824890136,0.5159951292438272,0.5140028211805555
2,57,0.10027891397476196,0.09901249408721924,-156.10125339178393,-149.80598390367297,0.5150348427854938,0.5133029513888889
2,58,0.09805617481470108,0.09682656824588776,-152.4834280414346,-146.47452964782715,0.5145929783950617,0.5125596788194444
2,59,0.09589722007513046,0.09470177441835403,-149.16642432978125,-143.2361250983344,0.5143940489969135,0.5125651041666667
2,60,0.09379982948303223,0.0926382839679718,-145.84240415596668,-140.0910339779324,0.5130654417438272,0.5104112413194445
2,61,0.09176258742809296,0.09063337743282318,-142.6735050295606,-137.0351598103841,0.5117091049382716,0.5094346788194445
2,62,0.08978211879730225,0.08868394792079926,-139.5899033723054,-134.06374787224664,0.5105547116126543,0.508740234375
2,63,0.0878581553697586,0.08679027855396271,-136.58447216646172,-131.1772117190891,0.5093352141203704,0.5072699652777778
2,64,0.08598680794239044,0.08494803309440613,-133.61671585271387,-128.36898964775932,0.5085370852623456,0.5062825520833333
2,65,0.08416794240474701,0.08315794914960861,-130.796401845673,-125.64021453857421,0.5068630642361112,0.5045681423611111
2,66,0.0823989063501358,0.08141623437404633,-127.96455829761646,-122.98506384955512,0.5062138310185185,0.5040907118055555
2,67,0.08067800104618073,0.07972141355276108,-125.30892588768477,-120.40131649441189,0.5054482542438271,0.5028700086805555
2,68,0.07900360971689224,0.0780726969242096,-122.62728290793336,-117.88778455522325,0.5033317660108024,0.5004611545138888
2,69,0.07737421244382858,0.07646799087524414,-120.13352033120614,-115.44126266903348,0.5015486352237655,0.49925130208333335
2,70,0.0757882371544838,0.07490576803684235,-117.65849861097925,-113.05943179660373,0.5008632330246914,0.4990180121527778
2,71,0.07424385845661163,0.07338470965623856,-115.20605048662351,-110.74029649098715,0.5000807773919753,0.4978081597222222
2,72,0.07274036854505539,0.07190315425395966,-112.85237845197136,-108.4813201268514,0.49921694155092594,0.49683702256944445
2,73,0.07127615809440613,0.07046083360910416,-110.56894766960615,-106.2820647769504,0.4980812355324074,0.4956108940972222
2,74,0.06985045224428177,0.06905628740787506,-108.30493570963542,-104.14035411410862,0.4974874614197531,0.49560546875
2,75,0.06846058368682861,0.06768599897623062,-106.1973820556829,-102.05079277886284,0.4967863859953704,0.4946343315972222
2,76,0.06710654497146606,0.06635215878486633,-104.03831452734677,-100.01678767734104,0.49609736689814815,0.49412977430555555
2,77,0.06578686833381653,0.06505118310451508,-101.98651074068046,-98.03280192481147,0.4953884548611111,0.49339735243055555
2,78,0.06450079381465912,0.06378373503684998,-99.98233212835994,-96.09984775119358,0.49451195987654323,0.4921875
2,79,0.063246950507164,0.06254813075065613,-97.97481587492389,-94.21545088026258,0.4937132282021605,0.49147135416666665
2,80,0.062024328857660294,0.061342477798461914,-96.07895662048716,-92.37661796145969,0.4924165702160494,0.48977864583333336
2,81,0.0608319416642189,0.06016729027032852,-94.20079750484891,-90.58420937856039,0.49116572627314814,0.48904622395833336
2,82,0.05966920033097267,0.05902061611413956,-92.38020235226477,-88.83524975246853,0.4903446903935185,0.48856336805555556
2,83,0.058534421026706696,0.057901933789253235,-90.62033585913387,-87.12893068525526,0.49006257233796297,0.48783637152777776
2,84,0.05742783099412918,0.05681070685386658,-88.87534389495849,-85.46440618303087,0.4891993393132716,0.48637152777777776
2,85,0.05634741857647896,0.055745042860507965,-87.17142103925164,-83.8388148413764,0.4878375771604938,0.48492296006944446
2,86,0.05529310181736946,0.0547054149210453,-85.51698219158031,-82.25288914574517,0.48638117283950616,0.48419596354166666
2,87,0.054264284670352936,0.05369076877832413,-83.91108822999178,-80.70503277248807,0.48536301601080245,0.4829861111111111
2,88,0.05325990542769432,0.05270012095570564,-82.33509264816473,-79.19372501373292,0.4844099633487654,0.48226453993055557
2,89,0.05227917432785034,0.05173260346055031,-80.80821804470486,-77.71765956878662,0.48365162037037035,0.48128797743055557
2,90,0.051321227103471756,0.050787657499313354,-79.29718586015113,-76.27596096462673,0.4828076774691358,0.4807888454861111
2,91,0.05038582533597946,0.04986477643251419,-77.81471231013168,-74.86789194742839,0.48250687210648147,0.4807888454861111
2,92,0.04947195202112198,0.04896306246519089,-76.39690392812093,-73.4920413547092,0.48227418499228397,0.4803059895833333
2,93,0.04857916384935379,0.048082295805215836,-75.00039016817823,-72.14812711079915,0.4813271604938272,0.4788411458333333
2,94,0.047706566751003265,0.04722118377685547,-73.65235352457306,-70.83414469824896,0.4801974826388889,0.47713758680555557
2,95,0.04685463011264801,0.046380359679460526,-72.29082775115967,-69.5510688357883,0.4780623070987654,0.47591688368055557
2,96,0.04602112993597984,0.04555787891149521,-70.99680261965152,-68.29596421983507,0.4777440200617284,0.47591688368055557
2,97,0.045206762850284576,0.04475453123450279,-69.70159651909346,-67.06997805701361,0.4770067756558642,0.474462890625
2,98,0.044410645961761475,0.043968282639980316,-68.4534645433779,-65.8700674480862,0.47592230902777777,0.4737413194444444
2,99,0.04363228753209114,0.04320049658417702,-67.22836426864436,-64.6982637617323,0.47511332947530865,0.4727593315972222
2,100,0.04287141561508179,0.042449042201042175,-66.05398413575726,-63.551383611891005,0.47394205729166666,0.4717936197916667
2,101,0.042126838117837906,0.04171399027109146,-64.89018871872513,-62.42943812476264,0.4728949652777778,0.4703287760416667
2,102,0.041398487985134125,0.040995221585035324,-63.73533144821355,-61.33234083387587,0.4710304542824074,0.4683865017361111
2,103,0.04068627208471298,0.040292076766490936,-62.61401021980945,-60.25905424753825,0.470288990162037,0.4683919270833333
2,104,0.0399894118309021,0.03960368409752846,-61.534581915537515,-59.20824873182509,0.46995744116512345,0.4681477864583333
2,105,0.03930743783712387,0.038930684328079224,-60.437559024198556,-58.180887921651205,0.4694040557484568,0.46694878472222223
2,106,0.03864012286067009,0.03827156126499176,-59.405231774883504,-57.17468844519721,0.4687771267361111,0.4662109375
2,107,0.03798684850335121,0.03762650489807129,-58.38554287074525,-56.18991576300727,0.46707356770833336,0.46500108506944443
2,108,0.03734719380736351,0.03699490427970886,-57.37267432036223,-55.225642426808676,0.4662501205632716,0.46378038194444443
2,109,0.036721378564834595,0.03637678921222687,-56.400498650397786,-54.281924650404186,0.4651994116512346,0.4630588107638889
2,110,0.03610837459564209,0.035771407186985016,-55.43457201027576,-53.357601716783314,0.46462251639660496,0.46233181423611114
2,111,0.035508327186107635,0.03517860174179077,-54.485228080514034,-52.452459239959715,0.4634084442515432,0.46087239583333334
2,112,0.034920524805784225,0.03459817171096802,-53.577406360484936,-51.56617436938816,0.46240354938271605,0.46013454861111114
2,113,0.03434519097208977,0.0340297631919384,-52.68605868728073,-50.6981874148051,0.4615065586419753,0.4596408420138889
2,114,0.0337819941341877,0.033473655581474304,-51.77388904006393,-49.84897522396511,0.46092122395833335,0.45866970486111114
2,115,0.03323011100292206,0.03292839601635933,-50.899564498147846,-49.016304916805694,0.4602080922067901,0.45770399305555554
2,116,0.032689373940229416,0.03239431977272034,-50.07031761334266,-48.200684483846025,0.45954499421296297,0.45769856770833334
2,117,0.032159533351659775,0.03187089413404465,-49.239188379122886,-47.40126797358195,0.45922188464506175,0.45721028645833334
2,118,0.031640201807022095,0.031357474625110626,-48.434529064319754,-46.617105431026886,0.45840627411265433,0.45623372395833334
2,119,0.031131453812122345,0.030855171382427216,-47.627919904685314,-45.84989226659139,0.45769374517746914,0.45576171875
2,120,0.030632954090833664,0.030362574383616447,-46.831203408888825,-45.09747370613946,0.4572850356867284,0.4552734375
2,121,0.030144229531288147,0.029879480600357056,-46.07970600952337,-44.35954534742567,0.4569209346064815,0.45479058159722224
2,122,0.02966531179845333,0.02940647304058075,-45.313713655354064,-43.636997063954674,0.45607337480709875,0.45381401909722224
2,123,0.029195772483944893,0.028942272067070007,-44.59237475571809,-42.927859200371635,0.4543119454089506,0.45161675347222224
2,124,0.02873527817428112,0.02848750166594982,-43.86066686724439,-42.233104928334555,0.4535108024691358,0.45137261284722224
2,125,0.02828398533165455,0.02804146148264408,-43.143763042968,-41.5516636106703,0.45312379436728395,0.4509006076388889
2,126,0.027841422706842422,0.0276038758456707,-42.46055940934169,-40.88309492535061,0.45192961516203706,0.4499294704861111
2,127,0.02740727737545967,0.027174929156899452,-41.784603326114606,-40.227720186445445,0.4515649112654321,0.44945203993055555
2,128,0.026981737464666367,0.026754412800073624,-41.10098861764978,-39.58518038855659,0.4510591483410494,0.4491970486111111
2,129,0.026564309373497963,0.026341965422034264,-40.45498686660955,-38.95496890809801,0.45060161072530863,0.4487087673611111
2,130,0.026155132800340652,0.025937415659427643,-39.80701431816007,-38.336807017856174,0.450560619212963,0.44847005208333335
2,131,0.0257533248513937,0.025540277361869812,-39.18541738368847,-37.72990624109904,0.45013985339506174,0.44822591145833335
2,132,0.025359047576785088,0.02515052631497383,-38.5713027106391,-37.13427281909519,0.44990234375,0.447998046875
2,133,0.02497270703315735,0.024768751114606857,-37.95127055556686,-36.550824345482724,0.4493073640046296,0.4472710503472222
2,134,0.02459346316754818,0.024393964558839798,-37.35494987346508,-35.97801343070136,0.4491235050154321,0.44728190104166665
2,135,0.02422139048576355,0.02402600646018982,-36.77339318122393,-35.41561457316081,0.449194637345679,0.4475151909722222
2,136,0.02385571599006653,0.0236643198877573,-36.207389865686864,-34.86277152167426,0.44854600694444446,0.4462944878472222
2,137,0.02349724993109703,0.023309998214244843,-35.63661335368215,-34.32116920683119,0.44781659915123456,0.4458062065972222
2,138,0.023145528510212898,0.022962484508752823,-35.0889066260538,-33.7899625884162,0.4472433207947531,0.44532335069444445
2,139,0.022800162434577942,0.022620707750320435,-34.54336828420192,-33.26748523712158,0.44695396894290124,0.44507921006944445
2,140,0.02246078848838806,0.02228546515107155,-34.01170387739017,-32.754971239301895,0.44628785686728395,0.4441134982638889
2,141,0.022128190845251083,0.021956736221909523,-33.483656600669576,-32.252429474724664,0.4456500771604938,0.4436252170138889
2,142,0.021801311522722244,0.02163337543606758,-32.97637359831068,-31.758051745096843,0.44456922743055555,0.44242078993055556
2,143,0.02148035541176796,0.021316029131412506,-32.46767196184323,-31.27282295227051,0.44408335744598765,0.44193250868055556
2,144,0.02116510644555092,0.02100434899330139,-31.969870680349846,-30.796257114410402,0.44340760030864196,0.44144965277777776
2,145,0.020855363458395004,0.020697930827736855,-31.488365613678354,-30.32770405875312,0.4427083333333333,0.44071180555555556
2,146,0.020551402121782303,0.020397694781422615,-31.015516060958674,-29.868613772922092,0.4424292293595679,0.44046766493055556
2,147,0.020252959802746773,0.0201022457331419,-30.54059719156336,-29.416790623135036,0.4424412856867284,0.44071180555555556
2,148,0.01995954103767872,0.019812297075986862,-30.07703607465014,-28.97334859636095,0.44224356192129627,0.43974066840277776
2,149,0.019671589136123657,0.019527388736605644,-29.622708178155214,-28.537600178188747,0.4414038387345679,0.43973524305555556
2,150,0.01938842609524727,0.019247302785515785,-29.19267892131099,-28.109223726060655,0.44153585551697533,0.43974609375
3,1,0.5027791261672974,0.49309927225112915,-785.4556700718256,-749.854059516059,0.17928843557098764,0.195703125
3,2,0.484710693359375,0.4754391610622406,-757.5801725599501,-722.9757073296441,0.21021592881944445,0.22593315972222222
3,3,0.46742117404937744,0.4585665762424469,-730.5071112550335,-697.2955190022786,0.23660300925925926,0.24938151041666667
3,4,0.4509109556674957,0.44245627522468567,-705.0241484277043,-672.7750193277994,0.2613787615740741,0.2732476128472222
3,5,0.4351336359977722,0.4270588755607605,-680.023774285964,-649.3391747368706,0.28102213541666665,0.2933159722222222
3,6,0.4200654625892639,0.4123497009277344,-656.2928328714253,-626.9503577338324,0.30609929591049384,0.3194390190972222
3,7,0.4056614637374878,0.3982871174812317,-633.8255794383862,-605.5452952067058,0.3283914448302469,0.33846571180555557
3,8,0.3918914794921875,0.3848395347595215,-612.4359248973706,-585.0759585910373,0.34614378375771604,0.35574544270833336
3,9,0.37871941924095154,0.37197279930114746,-591.7019250940393,-565.4902754041884,0.36863124517746915,0.38115234375
3,10,0.36611226201057434,0.3596563935279846,-572.0655420750747,-546.7420481363932,0.39372950424382713,0.40511610243055557
3,11,0.35404595732688904,0.3478654623031616,-553.1620081206898,-528.7932481553819,0.4163230613425926,0.42660590277777777
3,12,0.34249141812324524,0.3365727663040161,-535.111981380133,-511.60258043077255,0.4348192756558642,0.44318033854166666
3,13,0.33142268657684326,0.3257530629634857,-517.8986821586703,-495.1315646701389,0.4520574122299383,0.4614529079861111
3,14,0.32081496715545654,0.3153809905052185,-501.0954268090519,-479.3416741265191,0.4701630015432099,0.4768337673611111
3,15,0.3106449246406555,0.3054361045360565,-485.1029433450581,-464.2017774793837,0.48373480902777777,0.49008246527777777
3,16,0.3008931875228882,0.29589688777923584,-470.01616844836576,-449.67919396294485,0.495043041087963,0.4996365017361111
3,17,0.2915373742580414,0.2867438495159149,-455.44734669438117,-435.74416012234155,0.5053771219135802,0.508447265625
3,18,0.2825568914413452,0.27795618772506714,-441.2929103239083,-422.36512349446616,0.5108217592592592,0.5109103732638889
3,19,0.27393487095832825,0.2695186138153076,-427.92765247674635,-409.5188452826606,0.5121774932484567,0.5121256510416666
3,20,0.2656547427177429,0.26141196489334106,-415.01170415054133,-397.17613881429037,0.5132661795910494,0.5126139322916666
3,21,0.2576982378959656,0.25362294912338257,-402.4638592849543,-385.31673719618055,0.5129810474537037,0.5119303385416667
3,22,0.2500525116920471,0.2461353838443756,-390.71132348143027,-373.9160958184136,0.5129081066743827,0.5122016059027777
3,23,0.24270224571228027,0.23893797397613525,-378.8565703780563,-362.95706159803603,0.5131335599922839,0.5117133246527777
3,24,0.23563359677791595,0.23201236128807068,-368.0002318676607,-352.4115783691406,0.5130491657021605,0.5122233072916667
3,25,0.22883078455924988,0.2253483235836029,-357.22363002447435,-342.2641589694553,0.5132420669367284,0.512255859375
3,26,0.22228625416755676,0.21893459558486938,-347.2259897867838,-332.4976843939887,0.5137074411651235,0.511767578125
3,27,0.215985968708992,0.21275892853736877,-337.1488627398456,-323.0934761895074,0.5127519772376543,0.5117892795138889
3,28,0.20991726219654083,0.20681050419807434,-327.67008357106903,-314.03512183295356,0.5137888213734568,0.5132595486111111
3,29,0.2040724903345108,0.20108003914356232,-318.4961049021026,-305.30846523708766,0.5145519868827161,0.5132921006944444
3,30,0.19843930006027222,0.19555631279945374,-309.5630930959442,-296.89645317925346,0.5144079137731481,0.5137803819444444
3,31,0.19300994277000427,0.19023028016090393,-301.2840015458472,-288.7852951049805,0.5160101996527777,0.5154839409722223
3,32,0.18777436017990112,0.18509402871131897,-293.1597530694655,-280.9630316840278,0.5167492525077161,0.5152506510416667
3,33,0.1827237606048584,0.18014024198055267,-285.1045849458671,-273.4184360080295,0.5172296971450617,0.5162434895833333
3,34,0.17785261571407318,0.17535988986492157,-277.51737464622215,-266.1377922905816,0.516772762345679,0.5150716145833333
3,35,0.17315003275871277,0.17074380815029144,-270.20013702769336,-259.1071716308594,0.5166606385030864,0.5158094618055555
3,36,0.16861017048358917,0.16628965735435486,-262.8575639512804,-252.32308010525173,0.5178403501157407,0.5170301649305555
3,37,0.16422700881958008,0.16198527812957764,-256.0759264015857,-245.76686926947698,0.5180495273919753,0.5167751736111111
3,38,0.15999239683151245,0.15782713890075684,-249.53315591223446,-239.4333023071289,0.5184449749228395,0.5172580295138889
3,39,0.1559009999036789,0.15380927920341492,-243.16716406080457,-233.3132269965278,0.5183858989197531,0.5167860243055555
3,40,0.1519468128681183,0.14992475509643555,-237.0200156647482,-227.3961146036784,0.5175359278549383,0.515087890625
3,41,0.14812372624874115,0.14616987109184265,-231.01976620238506,-221.67635650634764,0.5165388695987654,0.51533203125
3,42,0.14442631602287292,0.14253708720207214,-225.19166726948302,-216.14245580037434,0.5175576292438272,0.5155870225694444
3,43,0.14084932208061218,0.1390218734741211,-219.4978134861699,-210.78750356038412,0.5173436294367284,0.5160590277777778
3,44,0.13738803565502167,0.13562026619911194,-214.13129501342775,-205.60547739664713,0.5179639274691358,0.5168131510416667
3,45,0.13403840363025665,0.132328063249588,-208.84555959348324,-200.59001812405057,0.5183913242669753,0.5168131510416667
3,46,0.13079658150672913,0.12914128601551056,-203.88533414204915,-195.73503757052953,0.5175383391203704,0.5144259982638889
3,47,0.12765702605247498,0.12605419754981995,-198.88951436737437,-191.03180635240344,0.5155948591820988,0.5137098524305556
3,48,0.12461566925048828,0.1230633333325386,-194.2111461168454,-186.4750863817003,0.5150734230324074,0.5134711371527778
3,49,0.12166811525821686,0.1201649084687233,-189.56650083094468,-182.05905151367188,0.5141402633101851,0.5117784288194445
3,50,0.11881227791309357,0.11735592037439346,-185.04950406580795,-177.7792215983073,0.5133264612268519,0.5110677083333334
3,51,0.11604414880275726,0.11463277786970139,-180.708003606914,-173.63005820380317,0.511622902199074,0.5093804253472223
3,52,0.11336006969213486,0.11199222505092621,-176.48339272958262,-169.60657704671223,0.5104920187114198,0.5088975694444444
3,53,0.11075779795646667,0.10943198949098587,-172.46864858556677,-165.70543857150608,0.5103600019290123,0.5079427083333333
3,54,0.1082327738404274,0.10694639384746552,-168.504622645437,-161.9179127163357,0.5083423755787037,0.5067274305555556
3,55,0.10578271746635437,0.10453586280345917,-164.62993454167872,-158.2446879916721,0.5074224778163581,0.5059895833333333
3,56,0.10340523719787598,0.1021949052810669,-160.99662962548527,-154.6773671468099,0.5069914641203703,0.5050184461805556
3,57,0.10109725594520569,0.09992305189371109,-157.32265409304773,-151.21526845296225,0.5063410252700618,0.5042860243055556
3,58,0.09885622560977936,0.09771658480167389,-153.75910080803766,-147.85270284016926,0.5053801359953703,0.5033203125
3,59,0.09667972475290298,0.09557328373193741,-150.39196479703173,-144.58632414076064,0.504172694830247,0.5013780381944445
3,60,0.09456582367420197,0.09349168837070465,-147.05167137899517,-141.41391423543294,0.5022925106095679,0.5003960503472222
3,61,0.09251192212104797,0.09146861732006073,-143.83473431151592,-138.3306209988064,0.5014961902006173,0.49918077256944443
3,62,0.09051664173603058,0.0895031988620758,-140.76081993197218,-135.3351313273112,0.5008505738811728,0.49822048611111114
3,63,0.0885765552520752,0.08759205043315887,-137.728545092359,-132.42219967312283,0.4995683834876543,0.49724392361111114
3,64,0.08669035881757736,0.08573369681835175,-134.71315454553675,-129.58970947265624,0.4983898775077161,0.49627278645833334
3,65,0.0848565548658371,0.08392603695392609,-131.92531088840815,-126.83439899020725,0.49742175443672837,0.49505208333333334
3,66,0.08307287096977234,0.08216898888349533,-129.0970451708193,-124.15616183810764,0.49598162615740743,0.49358723958333334
3,67,0.08133809268474579,0.0804591178894043,-126.378889835028,-121.54976281060112,0.4941918643904321,0.49190538194444444
3,68,0.0796499103307724,0.07879507541656494,-123.70453786732239,-119.01315655178495,0.493530574845679,0.49140625
3,69,0.078006811439991,0.07717522978782654,-121.14382619975525,-116.54384528266058,0.49320746527777776,0.49116753472222224
3,70,0.07640799880027771,0.07559944689273834,-118.60998346776138,-114.14163068135579,0.4926040461033951,0.49043511284722224
3,71,0.0748509094119072,0.0740634948015213,-116.1739099667396,-111.80010363260905,0.4910976080246914,0.48848198784722224
3,72,0.07333539426326752,0.0725698173046112,-113.79391670462526,-109.52290149264866,0.49009994695216047,0.48823784722222224
3,73,0.07185985147953033,0.07111407071352005,-111.50953091044485,-107.30349417792426,0.4891818576388889,0.4870062934027778
3,74,0.07042129337787628,0.06969546526670456,-109.24356666376562,-105.14066827562121,0.4885157455632716,0.4862738715277778
3,75,0.06902061402797699,0.06831420212984085,-107.05263081303349,-103.03469183180067,0.487914737654321,0.48626844618055554
3,76,0.06765574216842651,0.06696750968694687,-104.91241903893741,-100.98136643303765,0.487475284529321,0.485302734375
3,77,0.06632523983716965,0.06565526127815247,-102.80738932291666,-98.98051728142633,0.4871756847993827,0.4852973090277778
3,78,0.0650288313627243,0.06437596678733826,-100.78314882914225,-97.0298159705268,0.48642517843364197,0.4843207465277778
3,79,0.06376481056213379,0.06312873214483261,-98.79663159170269,-95.12797457377116,0.48550407503858023,0.48287760416666664
3,80,0.0625322014093399,0.06191211938858032,-96.90165596714726,-93.27275009155274,0.4845552420910494,0.4821506076388889
3,81,0.0613301657140255,0.06072612106800079,-94.9895451463299,-91.46421343485514,0.4831416377314815,0.48068033854166664
3,82,0.06015855818986893,0.05957009643316269,-93.1448584827376,-89.70136977301703,0.481763599537037,0.47900390625
3,83,0.059015534818172455,0.0584416426718235,-91.35468242080124,-87.98041013081868,0.4805404851466049,0.4782769097222222
3,84,0.05789927765727043,0.057339295744895935,-89.63362581229504,-86.29926995171441,0.4795801986882716,0.4775444878472222
3,85,0.0568101592361927,0.056264255195856094,-87.91794945516705,-84.65969556172689,0.47883994020061726,0.4765625
3,86,0.05574727803468704,0.05521496385335922,-86.2241396986408,-83.05935321384005,0.4779031635802469,0.4746148003472222
3,87,0.05471010506153107,0.054190509021282196,-84.60440326973244,-81.49686173333062,0.47602659625771604,0.47364908854166665
3,88,0.05369728058576584,0.05319036915898323,-83.04684877984317,-79.9714328342014,0.4748456790123457,0.47218424479166665
3,89,0.052708301693201065,0.052214011549949646,-81.45423895517985,-78.48216811286079,0.4738371672453704,0.4717013888888889
3,90,0.0517420694231987,0.05125937610864639,-79.95680161464361,-77.0260238647461,0.4733940972222222,0.4714572482638889
3,91,0.050799477845430374,0.0503290519118309,-78.46931708300555,-75.60693037245008,0.4728117766203704,0.4702365451388889
3,92,0.04987821727991104,0.04941859468817711,-77.03195051028405,-74.21804868910047,0.47136079764660493,0.46927083333333336
3,93,0.048977889120578766,0.048529334366321564,-75.62493822780657,-72.86148440043131,0.470824893904321,0.4687771267361111
3,94,0.048098135739564896,0.047659896314144135,-74.2516883591075,-71.53510937160915,0.47100694444444446,0.4690212673611111
3,95,0.04723842442035675,0.04681084305047989,-72.88949773105574,-70.23982374403212,0.4696234809027778,0.4668240017361111
3,96,0.0463983491063118,0.045980677008628845,-71.58781401787274,-68.97326092190212,0.46829728491512346,0.4656304253472222
3,97,0.045577436685562134,0.045169610530138016,-70.28119460447336,-67.7358334435357,0.4670361930941358,0.4644097222222222
3,98,0.044774554669857025,0.04437616840004921,-69.03665201399062,-66.52525164286295,0.4659493152006173,0.4634331597222222
3,99,0.043989576399326324,0.043600380420684814,-67.79904423937386,-65.34157490200467,0.46502821180555554,0.46296115451388886
3,100,0.04322206228971481,0.04284195601940155,-66.59875038523732,-64.18436533610026,0.4644989390432099,0.4624782986111111
3,101,0.04247161000967026,0.042099956423044205,-65.4242231251281,-63.05215831332737,0.46427529417438274,0.46222873263888886
3,102,0.041737355291843414,0.04137437045574188,-64.26881164974637,-61.9449464586046,0.4638274016203704,0.4617513020833333
3,103,0.04101914167404175,0.04066416993737221,-63.13654011620416,-60.86120897928874,0.4632300106095679,0.4610134548611111
3,104,0.04031648486852646,0.03996953368186951,-62.03215107976654,-59.801159922281904,0.46215699749228395,0.4595703125
3,105,0.03962859883904457,0.039289627224206924,-60.94839495317436,-58.76361050075955,0.4609423225308642,0.4588541666666667
3,106,0.03895583376288414,0.038624413311481476,-59.90588657826553,-57.74840189615885,0.4600597993827161,0.4578776041666667
3,107,0.038297247141599655,0.03797313570976257,-58.87511101828681,-56.7544372982449,0.459349681712963,0.4573947482638889
3,108,0.03765307366847992,0.037336334586143494,-57.858610170858874,-55.782524066501196,0.4588963638117284,0.4566677517361111
3,109,0.037022046744823456,0.03671236336231232,-56.87945946822932,-54.83016690148248,0.45810968846450617,0.4559353298611111
3,110,0.036404214799404144,0.03610127046704292,-55.898214207166504,-53.89746587541368,0.45760935088734567,0.4554470486111111
3,111,0.03579922020435333,0.03550279885530472,-54.95216289449621,-52.98397784762912,0.45712890625,0.4549587673611111
3,112,0.03520685434341431,0.03491687774658203,-54.03274206703092,-52.089591556125214,0.45637357735339507,0.4539984809027778
3,113,0.03462730348110199,0.0343441367149353,-53.12199665587625,-51.21531817118327,0.4557146990740741,0.4537543402777778
3,114,0.03405911475419998,0.03378156200051308,-52.24275208696907,-50.35652260250515,0.45545970775462963,0.4532660590277778
3,115,0.03350260853767395,0.03323107212781906,-51.35310938211135,-49.516124704149036,0.45444999035493827,0.452294921875
3,116,0.03295766934752464,0.032692212611436844,-50.502419703683735,-48.69350079430474,0.453467399691358,0.45107421875
3,117,0.03242385387420654,0.03216404840350151,-49.658530843993766,-47.88720728556315,0.45271448206018516,0.450341796875
3,118,0.03190059959888458,0.03164616972208023,-48.824506559489684,-47.09652938842773,0.45209599247685184,0.45009765625
3,119,0.03138742968440056,0.031138304620981216,-48.03119992032463,-46.321108966403536,0.45170295621141976,0.44937065972222223
3,120,0.030884724110364914,0.030640967190265656,-47.23242838824237,-45.56175316704644,0.45084514853395063,0.44888780381944443
3,121,0.030391866341233253,0.030153263360261917,-46.4698652703085,-44.81708490583632,0.4501555266203704,0.4481608072916667
3,122,0.029909096658229828,0.029675737023353577,-45.71111005147298,-44.087907727559404,0.4492289978780864,0.4467013888888889
3,123,0.029436124488711357,0.029207468032836914,-44.96974959196868,-43.372832700941295,0.4485797646604938,0.4467013888888889
3,124,0.028972003608942032,0.028748005628585815,-44.234972549956524,-42.67119572957357,0.44846764081790125,0.4464572482638889
3,125,0.02851664274930954,0.02829740196466446,-43.529373583381556,-41.98307194179959,0.44827473958333336,0.4462076822916667
3,126,0.02807062864303589,0.027855953201651573,-42.81149204748648,-41.308887312147355,0.4479510271990741,0.4457248263888889
3,127,0.027633029967546463,0.027422726154327393,-42.13420268164741,-40.6472529941135,0.4472535686728395,0.4452365451388889
3,128,0.027203883975744247,0.026997800916433334,-41.464094992037175,-39.99827382829454,0.4468532986111111,0.4447428385416667
3,129,0.026783213019371033,0.02658171020448208,-40.7973735138222,-39.36274587843153,0.44656334394290126,0.44451497395833334
3,130,0.026370294392108917,0.026172690093517303,-40.15440610249837,-38.73804281022814,0.4462673611111111,0.44427083333333334
3,131,0.02596517838537693,0.025771666318178177,-39.52015707581131,-38.12549160851373,0.4459858458719136,0.44378255208333334
3,132,0.02556803822517395,0.02537858672440052,-38.88286235244186,-37.52504350874159,0.445433666087963,0.44329969618055554
3,133,0.025178179144859314,0.02499249577522278,-38.270926456686894,-36.935251257154675,0.4450876494984568,0.44305555555555554
3,134,0.024795737117528915,0.024613846093416214,-37.67349989267043,-36.356837611728245,0.4448290412808642,0.44281141493055554
3,135,0.024420559406280518,0.02424231916666031,-37.081792929143084,-35.78925785488553,0.444703052662037,0.44281141493055554
3,136,0.02405204251408577,0.023877335712313652,-36.514149642285005,-35.23164128197564,0.44450291763117283,0.44256727430555554
3,137,0.02369067445397377,0.023519709706306458,-35.938018686977436,-34.68524816301134,0.44386152102623455,0.4418402777777778
3,138,0.023336006328463554,0.023168426007032394,-35.381061579857345,-34.148543739318846,0.44341965663580246,0.4408637152777778
3,139,0.022987741976976395,0.022823287174105644,-34.838203088736826,-33.621222750345865,0.44263780381944445,0.44061414930555554
3,140,0.022645775228738785,0.022484656423330307,-34.301811115830034,-33.10377180311415,0.44228636188271603,0.44036458333333334
3,141,0.02230990119278431,0.022152042016386986,-33.78438538209892,-32.59552898406982,0.44207175925925923,0.44012044270833334
3,142,0.021980438381433487,0.02182576432824135,-33.255820453314136,-32.09693465762668,0.4417185088734568,0.43963216145833334
3,143,0.021657217293977737,0.021505629643797874,-32.74707074106475,-31.60773883395725,0.4412911120756173,0.43914388020833334
3,144,0.021339669823646545,0.021190976724028587,-32.24999753693004,-31.126902728610567,0.4412043065200617,0.4391330295138889
3,145,0.02102767676115036,0.020882001146674156,-31.756998345881332,-30.654690784878202,0.4409402729552469,0.4386447482638889
3,146,0.02072126977145672,0.02057841047644615,-31.268393550684422,-30.19070504506429,0.44076123649691357,0.4386447482638889
3,147,0.02042030356824398,0.02028021402657032,-30.799716869401344,-29.73491948445638,0.4401662567515432,0.4381564670138889
3,148,0.020124588161706924,0.019987236708402634,-30.34007035008183,-29.287106641133626,0.44009090470679013,0.4381564670138889
3,149,0.019833946600556374,0.019699450582265854,-29.883991223794443,-28.847211816575793,0.43997998649691356,0.4376681857638889
3,150,0.019548512995243073,0.01941642165184021,-29.43245397261631,-28.41456741756863,0.4394947193287037,0.4371799045138889
4,1,0.5003402233123779,0.4904242753982544,-783.878338830265,-729.923930867513,0.17945842978395063,0.1970486111111111
4,2,0.48234692215919495,0.4728480577468872,-755.4729206980011,-703.7432423909505,0.20710599922839507,0.21998155381944445
4,3,0.4651333689689636,0.45605573058128357,-728.7001620822483,-678.7296837700737,0.2326027199074074,0.24605034722222222
4,4,0.44869425892829895,0.4400201439857483,-702.8733838870202,-654.8428093804254,0.25699568383487653,0.26876627604166664
4,5,0.4329906105995178,0.4246993958950043,-678.211678455494,-632.0202151828342,0.2820879147376543,0.29509548611111114
4,6,0.41798585653305054,0.41005879640579224,-654.826149928717,-610.2102494981553,0.3053210599922839,0.3180338541666667
4,7,0.4036480784416199,0.39606600999832153,-632.6794582037278,-589.3649386935764,0.3320951485339506,0.34586046006944443
4,8,0.38993561267852783,0.3826785087585449,-610.6112474794741,-569.4208516438802,0.3563024450231482,0.3670844184027778
4,9,0.37682047486305237,0.36987441778182983,-590.5163679711612,-550.3453787909614,0.37983036747685184,0.3919921875
4,10,0.36426979303359985,0.3576200604438782,-570.4443043084792,-532.0885687934028,0.4000210985725309,0.4088161892361111
4,11,0.35225847363471985,0.3458881974220276,-551.6327775178132,-514.6097035725911,0.41941249517746915,0.42910698784722223
4,12,0.34075528383255005,0.33464980125427246,-533.443734910753,-497.86561177571616,0.43838011188271603,0.44863823784722223
4,13,0.3297376334667206,0.32388389110565186,-516.4481110843611,-481.8250924004449,0.4575050636574074,0.4679144965277778
4,14,0.31917697191238403,0.3135639429092407,-499.7949760625392,-466.4486968994141,0.4779513888888889,0.48648003472222223
4,15,0.30905506014823914,0.30366915464401245,-483.75832159725235,-451.7053541395399,0.4943305121527778,0.5013671875
4,16,0.29934877157211304,0.29418015480041504,-468.6761932561427,-437.5663331773546,0.5075388213734567,0.5101725260416666
4,17,0.29003697633743286,0.28507480025291443,-453.9827579357006,-423.99860026041665,0.5142843364197531,0.5165147569444445
4,18,0.28109800815582275,0.2763313055038452,-439.9240703535669,-410.9697564019097,0.517969352816358,0.5179958767361111
4,19,0.27251628041267395,0.2679363489151001,-426.81729618590555,-398.45990498860675,0.5197356047453704,0.5192220052083333
4,20,0.26427680253982544,0.259875625371933,-413.6882028085214,-386.4478981865777,0.5202739197530865,0.5192437065972222
4,21,0.2563605010509491,0.2521283030509949,-401.39661748438704,-374.90259704589846,0.5207489390432098,0.52021484375
4,22,0.24875077605247498,0.24467968940734863,-389.2999609393838,-363.80211673312715,0.5205041956018519,0.5190266927083333
4,23,0.2414354383945465,0.23751959204673767,-377.91204260366936,-353.13134426540796,0.5213101610725308,0.5209852430555556
4,24,0.2344009429216385,0.2306324988603592,-366.7422320895725,-342.86721666124134,0.5218605324074074,0.5212510850694444
4,25,0.22763392329216003,0.22400541603565216,-356.3276458363474,-332.990256245931,0.5224567177854939,0.5215060763888889
4,26,0.2211209237575531,0.2176256626844406,-346.06573533423153,-323.48167894151476,0.5237063560956791,0.5234917534722222
4,27,0.2148505002260208,0.21148338913917542,-336.1985124281895,-314.3268102010091,0.5250843942901234,0.5244954427083334
4,28,0.20881187915802002,0.20556777715682983,-326.6651954556689,-305.5095670912001,0.5259663146219136,0.5247884114583333
4,29,0.2029961794614792,0.1998688280582428,-317.49272488252615,-297.01499981350366,0.525730613425926,0.5242947048611111
4,30,0.19739049673080444,0.1943747103214264,-308.7149572678554,-288.82554261949326,0.5262526523919753,0.5240776909722222
4,31,0.19198879599571228,0.18907904624938965,-300.2635967678494,-280.9316640218099,0.5256407937885802,0.5243326822916666
4,32,0.18677975237369537,0.1839730143547058,-292.1400027804905,-273.32024858262804,0.5259476273148148,0.5238932291666667
4,33,0.18175537884235382,0.17904627323150635,-284.3351573237666,-265.9759043375651,0.5260229793595679,0.5241861979166667
4,34,0.1769087165594101,0.17429329454898834,-276.6687420409403,-258.89042324490015,0.5263569396219135,0.5241861979166667
4,35,0.1722291111946106,0.16970348358154297,-269.1923282387816,-252.04796125623915,0.5252411265432099,0.5239691840277778
4,36,0.1677131950855255,0.1652727574110031,-262.29218905884545,-245.44246554904515,0.5257993344907408,0.5249565972222222
4,37,0.16335219144821167,0.16099399328231812,-255.39767705187384,-239.06334966023763,0.5267499758873457,0.5244900173611111
4,38,0.15913964807987213,0.1568606197834015,-248.66258036295574,-232.90086093478732,0.5256540557484568,0.523291015625
4,39,0.15506982803344727,0.1528659462928772,-242.2980568214699,-226.94496909247505,0.5241036120756173,0.5230577256944444
4,40,0.15113520622253418,0.14900265634059906,-236.31404082215863,-221.18475816514757,0.5243803047839506,0.5225748697916667
4,41,0.1473311483860016,0.14526912569999695,-230.1932794358995,-215.61792187160916,0.5239541136188272,0.5225857204861111
4,42,0.14365297555923462,0.14165756106376648,-224.4785279215118,-210.23273713853624,0.5233543113425926,0.5214029947916666
4,43,0.14009448885917664,0.13816361129283905,-218.80542389669537,-205.02279781765407,0.5224796248070988,0.5211697048611111
4,44,0.13665218651294708,0.13478213548660278,-213.48279661013757,-199.9804177178277,0.5224084924768518,0.5204481336805555
4,45,0.13331952691078186,0.13150906562805176,-208.14082020418144,-195.09956012301976,0.521043716242284,0.5195095486111111
4,46,0.13009440898895264,0.12834033370018005,-203.21799140270846,-190.37412651909722,0.5200569058641975,0.5175672743055556
4,47,0.1269710808992386,0.12527158856391907,-198.2181245120955,-185.79769405788846,0.5186704282407407,0.5171006944444444
4,48,0.12394489347934723,0.12229771167039871,-193.52683535917305,-181.36258951822916,0.5197054639274692,0.5178276909722223
4,49,0.1210130900144577,0.11941646039485931,-188.91686966978475,-177.0655005560981,0.5189742476851852,0.5171061197916667
4,50,0.11817227303981781,0.116624616086483,-184.45986055444789,-172.90164430406358,0.5182122878086419,0.5163953993055556
4,51,0.11541852355003357,0.11391712725162506,-180.16781061431507,-168.8634777492947,0.5173755787037037,0.5154242621527778
4,52,0.11274946480989456,0.11129386723041534,-175.9490958366865,-164.95081185234918,0.5161886332947531,0.5139811197916667
4,53,0.11016060411930084,0.10874775797128677,-171.85197445433818,-161.1530891418457,0.5145899643132716,0.51201171875
4,54,0.10764841735363007,0.10627734661102295,-167.91466285799757,-157.4682105170356,0.5140594859182098,0.5120171440972222
4,55,0.10521151125431061,0.10388054698705673,-164.10105967580537,-153.89297036064997,0.5137110580632716,0.5125108506944445
4,56,0.10284625738859177,0.10155395418405533,-160.46984993734478,-150.42235226101346,0.5142186294367284,0.5122775607638889
4,57,0.10055041313171387,0.09929606318473816,-156.78337377383386,-147.05411525302463,0.513964240933642,0.5118218315972223
4,58,0.0983218103647232,0.09710317850112915,-153.3088035395116,-143.7827551099989,0.5133119936342593,0.51083984375
4,59,0.09615729749202728,0.0949733555316925,-149.90492890911338,-140.60538393656412,0.512232952353395,0.5106011284722223
4,60,0.09405439347028732,0.09290416538715363,-146.58893044554156,-137.51834364997015,0.5110707224151234,0.5084147135416667
4,61,0.09201197326183319,0.09089425206184387,-143.4106366475423,-134.51966366238065,0.5100610050154321,0.5076877170138889
4,62,0.09002700448036194,0.08894048631191254,-140.28746745262617,-131.6047217051188,0.5088270399305556,0.50673828125
4,63,0.08809785544872284,0.08704069256782532,-137.29877517606005,-128.77013376024036,0.5078438464506173,0.5048068576388889
4,64,0.08622132986783981,0.08519406616687775,-134.3209573392515,-126.01483056810167,0.5056851610725308,0.5021267361111111
4,65,0.08439718931913376,0.08339815586805344,-131.39368088333694,-123.3351065741645,0.5037416811342592,0.5011555989583333
4,66,0.08262324333190918,0.08165137469768524,-128.61190992755655,-120.72858924865723,0.502514347029321,0.5004177517361111
4,67,0.08089716732501984,0.07995140552520752,-125.99332401369824,-118.19183764987521,0.5021695360725309,0.5001736111111111
4,68,0.07921828329563141,0.07829797267913818,-123.3403649577388,-115.7244138929579,0.500901813271605,0.498486328125
4,69,0.0775846391916275,0.07668905705213547,-120.7719560670264,-113.32339329189725,0.5001760223765432,0.49825846354166664
4,70,0.07599423825740814,0.07512228190898895,-118.26310458242158,-110.98518227471246,0.4999680507330247,0.4977810329861111
4,71,0.0744456946849823,0.07359685748815536,-115.8490716698729,-108.70858874850803,0.4993483555169753,0.49730360243055555
4,72,0.07293837517499924,0.07211170345544815,-113.43307377615093,-106.49203762478298,0.49856348861882716,0.4960883246527778
4,73,0.07146979868412018,0.07066494971513748,-111.13023026313311,-104.3327023824056,0.4970413773148148,0.494873046875
4,74,0.07003989815711975,0.06925618648529053,-108.87870419584675,-102.23005362616645,0.4956820264274691,0.49317491319444445
4,75,0.06864702701568604,0.0678832083940506,-106.68574380285946,-100.18070445590548,0.49423285590277777,0.49171006944444445
4,76,0.06728897988796234,0.06654436886310577,-104.57282080002773,-98.18223707411025,0.4929301697530864,0.4899956597222222
4,77,0.06596620380878448,0.06524129211902618,-102.49865708527742,-96.23711814880372,0.4913110050154321,0.48878580729166665
4,78,0.06467674672603607,0.06396970897912979,-100.46478320934155,-94.33891092936197,0.4902862172067901,0.4877983940972222
4,79,0.06341942399740219,0.0627305656671524,-98.49158664044039,-92.48907877604167,0.48894374517746914,0.48658311631944445
4,80,0.062193240970373154,0.061521515250205994,-96.5588957162551,-90.68411598205566,0.48832224151234566,0.48585069444444445
4,81,0.060997553169727325,0.06034278869628906,-94.69369820253348,-88.92436786227756,0.4871485580632716,0.48438585069444445
4,82,0.059831779450178146,0.05919316038489342,-92.85348049681863,-87.20798509385851,0.48587782118055556,0.48389756944444445
4,83,0.058694008737802505,0.058071065694093704,-91.08031092985176,-85.53267033894856,0.4851243007330247,0.48292643229166665
4,84,0.05758390948176384,0.05697644501924515,-89.32960773750588,-83.89829466078017,0.4845534336419753,0.48194986979166665
4,85,0.05650101974606514,0.05590840429067612,-87.62989400227865,-82.3035583919949,0.4834430459104938,0.4804958767361111
4,86,0.0554436594247818,0.05486539751291275,-85.98439413706461,-80.74615965949164,0.48199146412037036,0.47928059895833336
4,87,0.054411694407463074,0.053847864270210266,-84.3345788013788,-79.22674424913194,0.4806791329089506,0.47855902777777776
4,88,0.05340443179011345,0.05285395681858063,-82.7666299254806,-77.742517513699,0.4791178385416667,0.47662217881944446
4,89,0.052420999854803085,0.05188385769724846,-81.19595571211826,-76.29385414123536,0.47881462191358026,0.477099609375
4,90,0.05146036297082901,0.05093611031770706,-79.68975423648034,-74.878482776218,0.4780990788966049,0.47587890625
4,91,0.050522252917289734,0.05001060664653778,-78.21309400958779,-73.49627925025092,0.4772611641589506,0.4746853298611111
4,92,0.04960602521896362,0.04910626262426376,-76.77839964878412,-72.14566574096679,0.47586865837191356,0.47321506076388886
4,93,0.04871055483818054,0.04822260141372681,-75.38159211241168,-70.82583317226833,0.4740198206018518,0.4715115017361111
4,94,0.04783541336655617,0.047359175980091095,-73.99335530598958,-69.53620319366455,0.4733959056712963,0.47126193576388886
4,95,0.04698029160499573,0.04651498794555664,-72.67082617724384,-68.27525346544054,0.4723457995756173,0.47004123263888886
4,96,0.04614477604627609,0.045690469443798065,-71.35093318562448,-67.0436334821913,0.4713565779320988,0.46857638888888886
4,97,0.04532802477478981,0.04488406330347061,-70.07084394384313,-65.8390588760376,0.47048189139660496,0.4683376736111111
4,98,0.04452943056821823,0.04409608244895935,-68.80304914874795,-64.66193582746718,0.47005328896604937,0.4680935329861111
4,99,0.04374910145998001,0.0433257557451725,-67.59079440317036,-63.51116180419922,0.4697554976851852,0.4676106770833333
4,100,0.04298577457666397,0.04257216304540634,-66.38290651580434,-62.38532195621067,0.46905864197530867,0.4666341145833333
4,101,0.04223908483982086,0.041834764182567596,-65.21131784415539,-61.2836371951633,0.4684865692515432,0.4663899739583333
4,102,0.04150903970003128,0.04111427068710327,-64.05754488250356,-60.207160313924156,0.468140552662037,0.46615668402777777
4,103,0.040794916450977325,0.04040900617837906,-62.93466433301384,-59.153412670559355,0.46732313368055556,0.46493598090277777
4,104,0.040095746517181396,0.0397186353802681,-61.83781826702165,-58.121871672736276,0.466478587962963,0.4642198350694444
4,105,0.03941170871257782,0.03904319554567337,-60.75688406861859,-57.11260229746501,0.46568347318672837,0.4634928385416667
4,106,0.038742199540138245,0.038381900638341904,-59.708266803364694,-56.12440174950494,0.46482566550925924,0.4625325520833333
4,107,0.038087185472249985,0.037735097110271454,-58.67480692451383,-55.15785586039225,0.4638334297839506,0.4613226996527778
4,108,0.037445977330207825,0.0371018722653389,-57.66649083502499,-54.211569468180336,0.46295090663580246,0.4605848524305556
4,109,0.03681830316781998,0.03648192062973976,-56.68967632128869,-53.28506139119466,0.46135344328703703,0.4591254340277778
4,110,0.03620392084121704,0.03587512671947479,-55.71785088880562,-52.37818484836154,0.46053180459104937,0.4576822916666667
4,111,0.035602372139692307,0.035280708223581314,-54.78633407427941,-51.489775827195906,0.4588818962191358,0.45671657986111114
4,112,0.035013336688280106,0.03469882905483246,-53.85906269638627,-50.6200926038954,0.4584912712191358,0.45647243923611114
4,113,0.034436389803886414,0.03412933647632599,-52.92683637053878,-49.76886692047119,0.45844123746141974,0.45647243923611114
4,114,0.033871427178382874,0.03357071429491043,-52.04221779623149,-48.933851369222005,0.45814525462962963,0.4562228732638889
4,115,0.033317748457193375,0.03302367776632309,-51.172485203213164,-48.11611669328477,0.4579806857638889,0.45598958333333334
4,116,0.03277546167373657,0.03248799219727516,-50.309097106368455,-47.315337626139325,0.4574206693672839,0.45476888020833334
4,117,0.03224382549524307,0.031962763518095016,-49.48836084295202,-46.53012515174018,0.4565212673611111,0.4542914496527778
4,118,0.03172310069203377,0.03144795075058937,-48.683758096341734,-45.76045383877224,0.4559913917824074,0.4538031684027778
4,119,0.031213048845529556,0.03094438463449478,-47.860453663343264,-45.00764310624864,0.4551438319830247,0.45283203125
4,120,0.030713170766830444,0.030450357124209404,-47.08225176069472,-44.269013214111325,0.45467484085648147,0.45283203125
4,121,0.030223175883293152,0.029965916648507118,-46.30827397711483,-43.54466533660889,0.4543089313271605,0.45210503472222224
4,122,0.02974298968911171,0.02949146181344986,-45.54203175791988,-42.83524824778239,0.4533613040123457,0.45137803819444444
4,123,0.029272127896547318,0.029025904834270477,-44.80949987599879,-42.13909011416965,0.45326183931327163,0.45113389756944444
4,124,0.028810694813728333,0.028570186346769333,-44.089695634959654,-41.457606336805554,0.4526517891589506,0.45064561631944444
4,125,0.02835838869214058,0.028123093768954277,-43.36608115537667,-40.789004834493,0.45230275848765433,0.45040690104166664
4,126,0.027914587408304214,0.027684243395924568,-42.68700783341019,-40.132682143317325,0.45227804301697533,0.4504123263888889
4,127,0.02747972682118416,0.027254613116383553,-41.9948615109479,-39.49014996422662,0.4521038290895062,0.44990776909722224
4,128,0.027052946388721466,0.02683275192975998,-41.31970926685098,-38.85919511583116,0.45134850019290124,0.44915907118055554
4,129,0.02663438580930233,0.026418892666697502,-40.65625035792221,-38.24020324283176,0.4506251205632716,0.44842664930555554
4,130,0.026223722845315933,0.02601286768913269,-40.018192237100486,-37.63287686241998,0.4502887490354938,0.44818250868055554
4,131,0.025820858776569366,0.025614578276872635,-39.38252326470834,-37.03711361355252,0.45008861400462963,0.44817708333333334
4,132,0.02542574144899845,0.025224098935723305,-38.761011607558636,-36.45301532745361,0.44977213541666666,0.44768337673611114
4,133,0.025038182735443115,0.024840911850333214,-38.14518320648759,-35.87977386050754,0.4495557243441358,0.44744466145833334
4,134,0.02465762011706829,0.024464629590511322,-37.54645932279987,-35.31682728661431,0.44903247974537036,0.44695095486111114
4,135,0.024284344166517258,0.024095568805933,-36.96233485068804,-34.76472726398044,0.4486472800925926,0.44622938368055554
4,136,0.023918036371469498,0.023733656853437424,-36.37987893775657,-34.223253928290475,0.44821867766203705,0.44597981770833334
4,137,0.023558486253023148,0.023377802222967148,-35.816247285442586,-33.69080776638455,0.4477683738425926,0.4459906684027778
4,138,0.02320556715130806,0.023028921335935593,-35.26092071415466,-33.16880122290717,0.4472951630015432,0.44501953125
4,139,0.022859178483486176,0.022686518728733063,-34.717623924914705,-32.65642236073812,0.44670259452160493,0.4447699652777778
4,140,0.022518988698720932,0.022349830716848373,-34.18270175604173,-32.15258582433065,0.4465946903935185,0.44453667534722224
4,141,0.02218477986752987,0.022019363939762115,-33.6604130603649,-31.658041784498426,0.44582368827160496,0.44332139756944444
4,142,0.02185710519552231,0.02169562689960003,-33.138157398318064,-31.173559443155924,0.4451798804012346,0.44307725694444444
4,143,0.021535273641347885,0.021377330645918846,-32.63319395206593,-30.697185484568276,0.44461323302469136,0.44235026041666664
4,144,0.021219272166490555,0.0210646390914917,-32.13818863645012,-30.229186948140462,0.44426842206790124,0.44235026041666664
4,145,0.020908642560243607,0.02075747400522232,-31.64725275275148,-29.769422425164116,0.4442696277006173,0.44235026041666664
4,146,0.020604237914085388,0.020456580445170403,-31.16843559830277,-29.319053639305963,0.44410023630401235,0.44186197916666664
4,147,0.020305108278989792,0.02016071416437626,-30.69514588014579,-28.876175615522598,0.4437843605324074,0.44186197916666664
4,148,0.02001097798347473,0.019869625568389893,-30.23197050212342,-28.440414969126383,0.44378014081790124,0.44186197916666664
4,149,0.01972227171063423,0.019584141671657562,-29.780555580280446,-28.013038773006862,0.4436252170138889,0.44161783854166664
4,150,0.01943841204047203,0.019303184002637863,-29.331216892195336,-27.59238624572754,0.44353841145833334,0.44161783854166664
5,1,0.49985063076019287,0.4902340769767761,-774.2804269672912,-810.6005872938368,0.19333646797839507,0.20936414930555555
5,2,0.4818724989891052,0.47266459465026855,-745.9080293631848,-781.5258750067817,0.21753050250771605,0.22913953993055555
5,3,0.46467748284339905,0.45587971806526184,-720.0003680193865,-753.7491385565863,0.24161783854166666,0.2559787326388889
5,4,0.44824668765068054,0.4398481249809265,-693.7457380318348,-727.2184487236871,0.26677577642746914,0.27744140625
5,5,0.4325597286224365,0.42453911900520325,-669.5089888772847,-701.8830975002712,0.29132908950617287,0.3062771267361111
5,6,0.41757136583328247,0.40990740060806274,-646.2263941823701,-677.6680886162652,0.31675708912037037,0.32822265625
5,7,0.4032476544380188,0.3959210515022278,-624.211493259006,-654.5208382500542,0.3390962577160494,0.3519368489583333
5,8,0.38954901695251465,0.38254231214523315,-603.0278631516445,-632.3787307739258,0.3606957706404321,0.37271050347222223
5,9,0.376447468996048,0.3697454035282135,-582.5266154724875,-611.199087524414,0.3815453800154321,0.3944118923611111
5,10,0.3639141917228699,0.35749852657318115,-563.6152578283239,-590.9294462415908,0.4030912422839506,0.4112467447916667
5,11,0.35191452503204346,0.34577247500419617,-544.7941718207466,-571.5213960435656,0.423779296875,0.43612738715277777
5,12,0.3404211401939392,0.33453819155693054,-526.8950457914376,-552.926956515842,0.4470365547839506,0.45834418402777777
5,13,0.3294154703617096,0.323778361082077,-510.2433214917595,-535.1174268086751,0.4686861014660494,0.47616644965277777
5,14,0.3188667893409729,0.313464879989624,-493.5668884842484,-518.0463634914822,0.4851791570216049,0.49251844618055557
5,15,0.3087542653083801,0.3035755157470703,-477.76164511221424,-501.6769698248969,0.5011555989583333,0.5074761284722222
5,16,0.2990574240684509,0.29409024119377136,-462.87985205002775,-485.97618001302084,0.5137375819830247,0.5174913194444445
5,17,0.28975212574005127,0.28498613834381104,-448.11628126921477,-470.90596364339194,0.5230981143904321,0.5265245225694445
5,18,0.28082671761512756,0.27625182271003723,-434.45569295059016,-456.447561899821,0.5301787953317901,0.5302191840277778
5,19,0.2722547650337219,0.2678613066673279,-421.13528587435496,-442.5580255296495,0.5316671489197531,0.5307237413194444
5,20,0.2640230059623718,0.25980302691459656,-408.5005625501091,-429.21818245781793,0.5322434413580247,0.5314670138888888
5,21,0.25611430406570435,0.25205889344215393,-396.1372085194529,-416.3981420728895,0.5319794077932098,0.5320095486111112
5,22,0.24851441383361816,0.2446158528327942,-384.5152875452866,-404.07629547119143,0.5330771363811728,0.5325575086805555
5,23,0.24120603501796722,0.2374572902917862,-373.0998923501851,-392.2250827365451,0.5333140432098765,0.5323893229166666
5,24,0.2341783344745636,0.2305731326341629,-362.18950678507485,-380.82792807685007,0.5329692322530865,0.5324381510416667
5,25,0.22741740942001343,0.2239484190940857,-351.6688709306128,-369.86008504231773,0.5329963589891975,0.5314832899305556
5,26,0.22091123461723328,0.21757112443447113,-341.76292943130306,-359.3016257392036,0.5326045283564815,0.5332356770833333
5,27,0.21464842557907104,0.21143275499343872,-332.0067713231216,-349.1385586208767,0.5345082224151234,0.533056640625
5,28,0.20861788094043732,0.20552101731300354,-322.663569179582,-339.35047200520836,0.5343593267746913,0.5338107638888889
5,29,0.20280924439430237,0.19982478022575378,-313.587242409035,-329.91896464029946,0.5337758005401234,0.5321506076388889
5,30,0.197209894657135,0.1943337619304657,-304.86013886251567,-320.827109781901,0.5324869791666667,0.5302517361111111
5,31,0.19181421399116516,0.1890411078929901,-296.54111489189995,-312.06346181233727,0.5319366078317901,0.5312174479166667
5,32,0.18661068379878998,0.18393564224243164,-288.424626291534,-303.6095865885417,0.531345847800926,0.5302408854166667
5,33,0.1815909743309021,0.17901106178760529,-280.65960075472606,-295.4550538804796,0.5313151041666667,0.5295193142361111
5,34,0.176749587059021,0.17425870895385742,-273.21727228988834,-287.5855118645562,0.5301878375771605,0.529296875
5,35,0.17207521200180054,0.1696712076663971,-265.9128954757879,-279.9888201819526,0.5301872347608024,0.5285698784722223
5,36,0.1675640046596527,0.1652432084083557,-258.90337243727697,-272.6560548994276,0.5292444299768518,0.5273491753472223
5,37,0.1632087230682373,0.16096651554107666,-252.24420637907807,-265.5736603207058,0.5275523244598765,0.5258843315972223
5,38,0.15900012850761414,0.15683382749557495,-245.63669859332802,-258.7296524895562,0.5265486352237654,0.524951171875
5,39,0.15493428707122803,0.15283991396427155,-239.26720758131992,-252.11532118055555,0.5248070987654321,0.5222764756944445
5,40,0.15100300312042236,0.1489785760641098,-233.22124457182707,-245.72033983866373,0.5227713879243827,0.5208604600694444
5,41,0.14720433950424194,0.14524610340595245,-227.4314779823209,-239.5386530134413,0.5216664255401234,0.5203342013888889
5,42,0.14352981746196747,0.14163513481616974,-221.71966318201135,-233.55809567769367,0.5213589891975309,0.5200954861111111
5,43,0.13997463881969452,0.1381414532661438,-216.18175856036905,-227.77165684170194,0.5203944830246914,0.5181857638888889
5,44,0.13653510808944702,0.13476112484931946,-210.79823790656195,-222.17281142340767,0.5188970871913581,0.5169813368055556
5,45,0.13320645689964294,0.1314891278743744,-205.60011627762407,-216.75321833292642,0.5171983506944444,0.5150553385416666
5,46,0.12998396158218384,0.12832039594650269,-200.61424218166022,-211.5045959472656,0.5151228539737654,0.5131618923611111
5,47,0.1268642693758011,0.12525297701358795,-195.8071282092436,-206.42368092007106,0.5142258632330247,0.5124728732638889
5,48,0.12384188175201416,0.12228070199489594,-191.07381942654834,-201.50018480088977,0.5130425347222223,0.5112630208333333
5,49,0.12091293931007385,0.11939944326877594,-186.53771989139508,-196.72736532423232,0.5121178144290124,0.5107964409722222
5,50,0.1180749163031578,0.11660769581794739,-182.24217377650885,-192.1027157253689,0.5119050202546296,0.5098198784722222
5,51,0.11532474309206009,0.11390212178230286,-177.91046396891275,-187.62072135077582,0.5102032696759259,0.5081271701388889
5,52,0.11265780031681061,0.11127796024084091,-173.7467507209307,-183.27347746955024,0.5091139805169753,0.5078667534722222
5,53,0.11007095873355865,0.10873205214738846,-169.7291502210829,-179.0557476043701,0.5092719184027777,0.5078504774305556
5,54,0.10756218433380127,0.10626291483640671,-165.85996115884663,-174.965146806505,0.5081199363425926,0.5061414930555556
5,55,0.10512799024581909,0.1038668304681778,-162.07007322900088,-170.99545355902777,0.5068817515432099,0.5051812065972222
5,56,0.10276556015014648,0.10154139995574951,-158.38368056968406,-167.14271727667915,0.5063066647376543,0.5046983506944445
5,57,0.10047248005867004,0.0992831215262413,-154.83443827217008,-163.4011326683892,0.5048201195987654,0.5025173611111111
5,58,0.09824572503566742,0.09709057956933975,-151.38015158853412,-159.76836335923937,0.5038025655864198,0.5015570746527778
5,59,0.09608350694179535,0.09496119618415833,-148.02887246402693,-156.24015210469562,0.5018229166666667,0.5001139322916667
5,60,0.09398356080055237,0.09289263188838959,-144.75851581243822,-152.81264449225532,0.5017379195601852,0.4998697916666667
5,61,0.09194263815879822,0.09088226407766342,-141.56611095475563,-149.48149015638563,0.5012044270833333,0.4989095052083333
5,62,0.08995945006608963,0.08892806619405746,-138.5603392942452,-146.24327880011666,0.5003996672453703,0.498681640625
5,63,0.08803156018257141,0.08702869713306427,-135.51983688260302,-143.09590394761827,0.49970040027006174,0.49746636284722223
5,64,0.08615774661302567,0.08518193662166595,-132.6272887194598,-140.03559472825793,0.49884440104166666,0.49698350694444443
5,65,0.08433535695075989,0.08338604867458344,-129.80986301751784,-137.0594786114163,0.4987352912808642,0.49648980034722223
5,66,0.08256322145462036,0.0816393718123436,-127.04639527591658,-134.16488166385227,0.49752604166666664,0.49554036458333334
5,67,0.08083932846784592,0.0799403041601181,-124.36304491773063,-131.34910833570692,0.49709141107253085,0.4953070746527778
5,68,0.07916184514760971,0.07828602194786072,-121.78916593010042,-128.6074652141995,0.4962715808256173,0.4943305121527778
5,69,0.07752953469753265,0.07667701691389084,-119.24247445000543,-125.94079924689399,0.4949785397376543,0.4926215277777778
5,70,0.07594135403633118,0.0751107782125473,-116.79873462017672,-123.34496214124891,0.4942840952932099,0.49309353298611114
5,71,0.07439437508583069,0.07358516752719879,-114.37857637758609,-120.8163470586141,0.49350766782407407,0.49115125868055554
5,72,0.07288794219493866,0.07209954410791397,-112.03837523754733,-118.35395859612359,0.4918432918595679,0.48943684895833334
5,73,0.07142157107591629,0.07065321505069733,-109.76599024548943,-115.95664007398817,0.4907515914351852,0.488232421875
5,74,0.069992795586586,0.06924347579479218,-107.58149226859764,-113.61988230811225,0.4893994743441358,0.48797743055555554
5,75,0.06860070675611496,0.06787031888961792,-105.38699421588285,-111.34373925526937,0.489233097029321,0.48724500868055554
5,76,0.06724456697702408,0.0665326863527298,-103.23774074507348,-109.1264024734497,0.48875868055555555,0.48750542534722224
5,77,0.06592343747615814,0.06522919237613678,-101.1914985962856,-106.96561777326795,0.4892065731095679,0.48702256944444444
5,78,0.06463512033224106,0.06395721435546875,-99.22277809425637,-104.85698439280192,0.4880636332947531,0.48556315104166664
5,79,0.06337899714708328,0.06271803379058838,-97.25825107009322,-102.80267429351807,0.48654694733796294,0.48460828993055555
5,80,0.06215458735823631,0.06150934845209122,-95.3709230988114,-100.79889475504557,0.48562162422839505,0.4833930121527778
5,81,0.06096041947603226,0.060330651700496674,-93.49542984903594,-98.8447618484497,0.48469449266975306,0.4824164496527778
5,82,0.059795551002025604,0.05918028950691223,-91.72302410219922,-96.93752521938748,0.483887321566358,0.48167860243055555
5,83,0.058658748865127563,0.05805838108062744,-89.92985722812605,-95.07742913564046,0.4830283082561728,0.48096788194444445
5,84,0.057550348341464996,0.05696403235197067,-88.21563606497682,-93.26295700073243,0.48225790895061726,0.48072374131944445
5,85,0.05646836757659912,0.05589531362056732,-86.55836976369223,-91.49094178941515,0.48183714313271603,0.4800075954861111
5,86,0.05541282147169113,0.05485319346189499,-84.91165931371995,-89.76299158732097,0.48139286747685184,0.4797634548611111
5,87,0.054382145404815674,0.0538354367017746,-83.30694343190135,-88.07540331946478,0.4802125530478395,0.47805989583333336
5,88,0.05337586998939514,0.052841246128082275,-81.75806636339352,-86.42682412465413,0.478636791087963,0.47635091145833336
5,89,0.05239332094788551,0.05187075585126877,-80.21663067429154,-84.8175096935696,0.4776397328317901,0.4749077690972222
5,90,0.05143361538648605,0.050922684371471405,-78.71616178206456,-83.24531432257758,0.4757396556712963,0.4736870659722222
5,91,0.050496481359004974,0.04999668151140213,-77.27275883945418,-81.70964056650797,0.47539725597993826,0.473681640625
5,92,0.049580834805965424,0.04909246414899826,-75.82971605842496,-80.21010297139486,0.4742139274691358,0.4724609375
5,93,0.04868655651807785,0.04820847138762474,-74.46313851438923,-78.74401151869031,0.4734200183256173,0.47149522569444446
5,94,0.04781290143728256,0.04734562337398529,-73.10015343324638,-77.31297751532661,0.47282081886574073,0.4712456597222222
5,95,0.04695896804332733,0.04650125280022621,-71.77250566835757,-75.9125773747762,0.47230721932870373,0.47052408854166666
5,96,0.0461239293217659,0.045676104724407196,-70.48290399386559,-74.54397549099393,0.47192563657407405,0.47028537326388886
5,97,0.0453084260225296,0.0448702871799469,-69.19797842708634,-73.20739843580458,0.4713692370756173,0.4695638020833333
5,98,0.044510968029499054,0.04408225789666176,-67.95502288253219,-71.9002916124132,0.4710720486111111,0.46932508680555557
5,99,0.04373110830783844,0.043310925364494324,-66.74462649733933,-70.62083755069308,0.47048731674382716,0.46859809027777777
5,100,0.042967937886714935,0.04255637899041176,-65.57729734491419,-69.36919356452094,0.4694607204861111,0.4674045138888889
5,101,0.04222196713089943,0.04181928187608719,-64.3878613413116,-68.1464404212104,0.4684051890432099,0.4664388020833333
5,102,0.04149259626865387,0.04109802097082138,-63.26987973436897,-66.949955368042,0.46766613618827163,0.4659450954861111
5,103,0.04077860713005066,0.04039180651307106,-62.181969590834626,-65.77836177614,0.46679265528549385,0.4649685329861111
5,104,0.04008041322231293,0.03970162197947502,-61.09031579759386,-64.63335106107924,0.46591736593364197,0.4632758246527778
5,105,0.03939739614725113,0.039026226848363876,-60.026052611551165,-63.51283260981242,0.46462492766203706,0.46304796006944443
5,106,0.038728922605514526,0.038364969193935394,-58.98726914723714,-62.41576241387261,0.46452425733024694,0.46255967881944443
5,107,0.03807473182678223,0.037718020379543304,-57.97796414575459,-61.34237319098578,0.4629466869212963,0.45989583333333334
5,108,0.03743427246809006,0.03708447143435478,-56.97200223663707,-60.291185262468126,0.4617416570216049,0.46013454861111114
5,109,0.03680714964866638,0.03646410256624222,-56.00159843232897,-59.261808225843644,0.4605842496141975,0.4586859809027778
5,110,0.03619369864463806,0.03585779666900635,-55.03116152845783,-58.25577660666572,0.45950520833333336,0.45796440972222224
5,111,0.03559297323226929,0.03526299074292183,-54.10001653153219,-57.26876344680786,0.45946662808641975,0.45773111979166664
5,112,0.035003937780857086,0.034680161625146866,-53.19765532811483,-56.30157608456082,0.45853407118055556,0.4565212673611111
5,113,0.03442750871181488,0.034110188484191895,-52.297603256319775,-55.35573312971327,0.4577516155478395,0.4557834201388889
5,114,0.0338628813624382,0.03355114161968231,-51.426180857199206,-54.42797803878784,0.4568871768904321,0.4548122829861111
5,115,0.03330995887517929,0.03300429880619049,-50.55792415289231,-53.52045728895399,0.4563090760030864,0.4545681423611111
5,116,0.03276834636926651,0.03246840834617615,-49.7152608918555,-52.63105953004625,0.4558232060185185,0.45408528645833335
5,117,0.03223784267902374,0.031943224370479584,-48.90446733780849,-51.75941956837972,0.45576533564814814,0.45384114583333335
5,118,0.03171773999929428,0.031428344547748566,-48.086884980142855,-50.90487575531006,0.45537953317901236,0.4538357204861111
5,119,0.0312082227319479,0.03092433139681816,-47.284313345544135,-50.06831411785549,0.45534276138117286,0.4535915798611111
5,120,0.030708905309438705,0.030429866164922714,-46.51898011454829,-49.24756220711602,0.45482795621141975,0.4531032986111111
5,121,0.030219245702028275,0.029945269227027893,-45.7564520423795,-48.443193191952176,0.45478817033179014,0.4528591579861111
5,122,0.0297398641705513,0.02947089821100235,-45.00027175950415,-47.65576779047648,0.45438609182098766,0.4528537326388889
5,123,0.029269341379404068,0.029004832729697227,-44.27178891617575,-46.88206462860107,0.4540889033564815,0.45211588541666664
5,124,0.028807874768972397,0.02854795567691326,-43.561075390709775,-46.1235920270284,0.45354877989969133,0.45162760416666664
5,125,0.02835586480796337,0.028100769966840744,-42.85815861431169,-45.381203195783826,0.45248239776234567,0.4504177517361111
5,126,0.02791273593902588,0.02766198292374611,-42.16787143401158,-44.652729447682695,0.451830753279321,0.4501736111111111
5,127,0.027478046715259552,0.02723139151930809,-41.49152869942748,-43.93785753250122,0.45130389178240743,0.44943033854166664
5,128,0.027051635086536407,0.026809126138687134,-40.827682126598596,-43.23675248887804,0.45071915991512346,0.44918619791666664
5,129,0.02663354203104973,0.02639540284872055,-40.17974160041338,-42.54983666737874,0.45001145351080246,0.4474880642361111
5,130,0.02622344344854355,0.025989137589931488,-39.53660755510683,-41.87526040607028,0.4488064236111111,0.44676649305555555
5,131,0.025821339339017868,0.02559077739715576,-38.91106930956428,-41.21378945244683,0.44785819347993827,0.44603407118055555
5,132,0.025426309555768967,0.025199659168720245,-38.30294265393858,-40.56431686613295,0.4474464699074074,0.4457953559027778
5,133,0.025038838386535645,0.024815957993268967,-37.704454431416075,-39.92714765336778,0.4470853829089506,0.4455512152777778
5,134,0.02465890347957611,0.024439530447125435,-37.0989769688359,-39.302051893870036,0.44646870177469133,0.44456922743055555
5,135,0.02428576722741127,0.024069910869002342,-36.523904503716366,-38.68822044796414,0.44613474151234567,0.4445746527777778
5,136,0.023919690400362015,0.0237073116004467,-35.951166499102555,-38.086009385850694,0.44599609375,0.4443359375
5,137,0.02356078289449215,0.023351963609457016,-35.38384938181183,-37.49583870569865,0.44547887731481484,0.443603515625
5,138,0.02320806123316288,0.023002129048109055,-34.8577196839415,-36.91479676564534,0.44523473668981484,0.443603515625
5,139,0.02286168374121189,0.02265918254852295,-34.31463046015045,-36.34519272910224,0.44548369984567904,0.44383680555555555
5,140,0.02252197079360485,0.02232256345450878,-33.78678303118105,-35.78606282340156,0.4454384886188272,0.44383680555555555
5,141,0.022188536822795868,0.021992307156324387,-33.25886334901975,-35.23747053146362,0.4448899257330247,0.443115234375
5,142,0.021860888227820396,0.021667763590812683,-32.75639495260921,-34.69834121068319,0.44488148630401236,0.443115234375
5,143,0.02153943106532097,0.02134917862713337,-32.24633467992147,-34.16910583708022,0.44475971739969133,0.443115234375
5,144,0.021223634481430054,0.021036094054579735,-31.765644106452847,-33.648993513319226,0.4444552951388889,0.44261610243055555
5,145,0.02091354690492153,0.020728938281536102,-31.275923223848697,-33.13870802985297,0.4439664110725309,0.44190538194444445
5,146,0.020608749240636826,0.020426785573363304,-30.797694791393514,-32.63671797646417,0.44362943672839505,0.44190538194444445
5,147,0.02030952461063862,0.02013043314218521,-30.336023873458675,-32.14432752397325,0.44340036651234566,0.44166124131944445
5,148,0.020015932619571686,0.019839365035295486,-29.876531686900574,-31.66070630815294,0.4432014371141975,0.44141710069444445
5,149,0.019727440550923347,0.019553586840629578,-29.424796011418472,-31.185889095730253,0.44278368537808643,0.44092881944444445
5,150,0.019443577155470848,0.01927182450890541,-28.991200105643568,-30.717685423956976,0.4424461082175926,0.44091796875
6,1,0.49629896879196167,0.4865005612373352,-777.9105455375012,-716.3069902208116,0.1813820167824074,0.19797634548611112
6,2,0.47843021154403687,0.469041645526886,-750.6288274882752,-690.5796561347114,0.20754786361882716,0.21771375868055556
6,3,0.4613366425037384,0.452367901802063,-723.571629182792,-666.0088222927517,0.2312180507330247,0.24603407118055556
6,4,0.4450092911720276,0.43644392490386963,-697.8246865920079,-642.5422385321723,0.2563277633101852,0.26654188368055554
6,5,0.4294176399707794,0.4212353825569153,-673.1835703720282,-620.1294199625651,0.2779230565200617,0.2918891059027778
6,6,0.414529025554657,0.40670567750930786,-650.4188306643639,-598.716468471951,0.30470799575617286,0.3162380642361111
6,7,0.40029072761535645,0.3928108811378479,-627.9026063141999,-578.2386967976888,0.3272364486882716,0.3382107204861111
6,8,0.3866795599460602,0.37952545285224915,-606.4346221170308,-558.6585367838542,0.35052625868055554,0.3630913628472222
6,9,0.3736640214920044,0.36681869626045227,-586.1470799763997,-539.9306996663412,0.37545572916666664,0.386767578125
6,10,0.3612104654312134,0.3546576499938965,-566.1740994677132,-522.0067847357856,0.39627097800925926,0.4045952690972222
6,11,0.34928959608078003,0.343014657497406,-547.7297961953245,-504.84595269097224,0.4152777777777778,0.4255425347222222
6,12,0.33787694573402405,0.33186644315719604,-530.1378012857319,-488.41393602159286,0.43472463348765433,0.44314778645833336
6,13,0.3269460201263428,0.32118600606918335,-512.5960377916878,-472.6709638807509,0.45450062692901233,0.4651095920138889
6,14,0.3164660930633545,0.3109439015388489,-495.9537372259446,-457.57379286024303,0.4737358940972222,0.48170572916666665
6,15,0.30642086267471313,0.30112630128860474,-480.2954029130347,-443.1019366794162,0.48884186921296297,0.49488389756944445
6,16,0.29678863286972046,0.2917095422744751,-465.26320658554266,-429.2205195109049,0.5018669222608024,0.5090549045138889
6,17,0.287550687789917,0.2826768457889557,-450.7203671961655,-415.9049975925022,0.5138219762731482,0.5152018229166667
6,18,0.2786857485771179,0.27400508522987366,-436.82311060399184,-403.1211246066623,0.5182978877314814,0.5191134982638889
6,19,0.270175039768219,0.26568150520324707,-423.407906793665,-390.8502990722656,0.5216290509259259,0.5205620659722222
6,20,0.2620028257369995,0.257685124874115,-410.81679695977107,-379.06140492757163,0.5211980372299383,0.5205620659722222
6,21,0.25414976477622986,0.2500007152557373,-398.3133243607886,-367.7321968926324,0.5223421826774691,0.5206271701388889
6,22,0.24660280346870422,0.24261480569839478,-386.3474950531383,-356.8427764892578,0.5219069492669753,0.520654296875
6,23,0.23934805393218994,0.23551318049430847,-374.97259742831005,-346.3721846686469,0.5225423177083334,0.5223687065972222
6,24,0.23237097263336182,0.22868160903453827,-364.1104983765402,-336.2994650946723,0.5234091676311728,0.5228515625
6,25,0.22565945982933044,0.2221105843782425,-353.59495131881147,-326.6106694539388,0.5249674479166667,0.5233778211805555
6,26,0.21920111775398254,0.21578466892242432,-343.4722836529767,-317.28297381930884,0.525682388117284,0.5246310763888888
6,27,0.2129831463098526,0.20969411730766296,-333.56991149525584,-308.30209884643557,0.5262502411265432,0.5255913628472222
6,28,0.20699647068977356,0.20382903516292572,-324.2272716569312,-299.65344865587025,0.5264123987268519,0.5249077690972223
6,29,0.20122858881950378,0.19817644357681274,-315.19455626687886,-291.3178788079156,0.5261821228780864,0.5246907552083333
6,30,0.19567082822322845,0.19272902607917786,-306.6099535435806,-283.28463677300346,0.525709514853395,0.5227810329861111
6,31,0.19031216204166412,0.18747809529304504,-298.0428771407516,-275.5409036424425,0.523485122492284,0.5208658854166667
6,32,0.18514829874038696,0.1824151873588562,-289.74439396799346,-268.0743086920844,0.5230070891203704,0.5220648871527778
6,33,0.1801666021347046,0.17753133177757263,-281.94728841899354,-260.8714931064182,0.5230547116126543,0.5216091579861111
6,34,0.17536196112632751,0.1728186011314392,-274.47204862053013,-253.92091310289172,0.5227653597608025,0.5206271701388889
6,35,0.17072296142578125,0.16826872527599335,-267.2571340678651,-247.21028459337023,0.5218460648148148,0.5203884548611111
6,36,0.16624608635902405,0.16387677192687988,-260.1842673925706,-240.73236923217775,0.5222107687114198,0.5209038628472222
6,37,0.16192200779914856,0.1596345156431198,-253.4495457354887,-234.4750974867079,0.5220383632330247,0.5196994357638889
6,38,0.1577450931072235,0.15553662180900574,-246.8771735391499,-228.43055029975042,0.5203987027391975,0.5184950086805555
6,39,0.15371033549308777,0.15157587826251984,-240.5452581005332,-222.588143157959,0.5204204041280864,0.5182671440972222
6,40,0.149811252951622,0.14774933457374573,-234.4800483279758,-216.9435132344564,0.5198224103009259,0.5177897135416667
6,41,0.14604023098945618,0.14404642581939697,-228.57652551156502,-211.4811048719618,0.5195481288580247,0.5170789930555556
6,42,0.14239302277565002,0.14046652615070343,-222.77857444198042,-206.19998253716363,0.5185468508873456,0.5166395399305556
6,43,0.13886576890945435,0.13700240850448608,-217.1921162687702,-201.08949627346462,0.5187723042052469,0.5173773871527778
6,44,0.13545280694961548,0.13365063071250916,-211.90491626880788,-196.1446184794108,0.5183063271604939,0.5163953993055556
6,45,0.13214989006519318,0.13040687143802643,-206.54650404659318,-191.3589227464464,0.5177951388888888,0.5151909722222222
6,46,0.128952294588089,0.127265065908432,-201.61927625868054,-186.7234903971354,0.5165147569444445,0.5142144097222222
6,47,0.12585502862930298,0.12422235310077667,-196.70495306886272,-182.2341433207194,0.5153923128858025,0.5127766927083334
6,48,0.12285538017749786,0.1212741807103157,-192.05909834967719,-177.8841189066569,0.5141878858024691,0.5120768229166667
6,49,0.11994931101799011,0.11841920018196106,-187.48563940260146,-173.671490266588,0.5135476948302469,0.5106499565972222
6,50,0.11713369190692902,0.11565153300762177,-183.0148053769712,-169.5875592973497,0.5119068287037037,0.5101779513888889
6,51,0.11440425366163254,0.11296825855970383,-178.7262815028061,-165.6279965294732,0.5122028115354939,0.5106770833333333
6,52,0.11175762116909027,0.11036674678325653,-174.5755047739288,-161.7890042199029,0.5125632957175926,0.5106879340277778
6,53,0.1091909259557724,0.10784241557121277,-170.55116937896352,-158.06375359429254,0.5119158709490741,0.5092393663194444
6,54,0.10670081526041031,0.10539433360099792,-166.66417646996769,-154.450921842787,0.5108760127314815,0.5090060763888888
6,55,0.10428563505411148,0.10301893949508667,-162.87741412410028,-150.94526600307887,0.5108760127314815,0.5090060763888888
6,56,0.10194125771522522,0.10071299225091934,-159.1861183025219,-147.54199053446453,0.5097372926311728,0.5070638020833333
6,57,0.09966579079627991,0.09847501665353775,-155.5653953458056,-144.2389087677002,0.5083393614969136,0.5063368055555556
6,58,0.09745701402425766,0.09630216658115387,-152.09222901897667,-141.0318425072564,0.5077763310185185,0.5058213975694444
6,59,0.09531110525131226,0.09419001638889313,-148.78468683030871,-137.9142699347602,0.5076123649691358,0.5053493923611111
6,60,0.09322778880596161,0.09214064478874207,-145.52469871426806,-134.88925675286188,0.5065092110339506,0.5036512586805556
6,61,0.0912034884095192,0.09014876931905746,-142.28535841953607,-131.9490144941542,0.5050503954475308,0.5024197048611111
6,62,0.08923642337322235,0.08821219205856323,-139.21421852111817,-129.09029930962456,0.5040147569444444,0.5012261284722223
6,63,0.08732378482818604,0.08633005619049072,-136.16390621514967,-126.3118643866645,0.5028428819444445,0.5009874131944444
6,64,0.08546432107686996,0.08449964225292206,-133.2379856062524,-123.60966394212511,0.5015528549382716,0.4990451388888889
6,65,0.08365659415721893,0.08271946758031845,-130.42869241267076,-120.98157641092936,0.5007010754243827,0.49832356770833336
6,66,0.08189797401428223,0.08098781108856201,-127.63150076925018,-118.42500724792481,0.49909035011574077,0.49638671875
6,67,0.08018742501735687,0.07930367439985275,-124.974829096853,-115.93849555121528,0.4984953703703704,0.4961480034722222
6,68,0.0785229355096817,0.07766412943601608,-122.40809076803701,-113.51774944729276,0.49748625578703703,0.4949544270833333
6,69,0.07690328359603882,0.07606960833072662,-119.76383963455389,-111.16340747409397,0.4967357494212963,0.49472113715277777
6,70,0.07532694935798645,0.07451674342155457,-117.29898317831534,-108.87050535413954,0.4960714457947531,0.4935112847222222
6,71,0.07379261404275894,0.07300472259521484,-114.95482123339617,-106.63777436150446,0.49519917052469137,0.49326171875
6,72,0.07229846715927124,0.0715332105755806,-112.56439649087412,-104.46482912699382,0.49496949749228397,0.492529296875
6,73,0.07084329426288605,0.0700996145606041,-110.28431085421715,-102.34779612223308,0.4941333912037037,0.4920464409722222
6,74,0.06942589581012726,0.06870277225971222,-108.05587850970987,-100.28494639926487,0.49326111593364197,0.4906032986111111
6,75,0.0680454671382904,0.06734246015548706,-105.87496767161805,-98.2759969499376,0.4920621141975309,0.4893880208333333
6,76,0.06670000404119492,0.06601664423942566,-103.7368995124911,-96.31791848076715,0.49127121913580246,0.4891493055555556
6,77,0.06538920104503632,0.06472469866275787,-101.6801586881096,-94.40975960625542,0.49048695505401235,0.4881781684027778
6,78,0.06411073356866837,0.06346417218446732,-99.71744259021901,-92.5479696061876,0.48954294463734566,0.48650173611111114
6,79,0.06286460161209106,0.06223614141345024,-97.73702168876743,-90.73409271240234,0.48832947530864196,0.4862521701388889
6,80,0.06164977699518204,0.06103837862610817,-95.83097650268931,-88.9648662990994,0.4875958478009259,0.48528645833333334
6,81,0.06046512722969055,0.059870898723602295,-93.93842596360194,-87.24031045701769,0.4867826485339506,0.48479275173611114
6,82,0.05930998921394348,0.05873166769742966,-92.14275348804615,-85.55742509629991,0.4857204861111111,0.48284505208333334
6,83,0.058182165026664734,0.057619620114564896,-90.36197597833328,-83.91461573706732,0.48414231288580245,0.48189019097222224
6,84,0.05708238482475281,0.056535061448812485,-88.6347653683321,-82.31235330369738,0.48317961516203706,0.4804144965277778
6,85,0.05600892752408981,0.0554763600230217,-86.94702617739453,-80.74825043148465,0.4813187210648148,0.47822265625
6,86,0.05496099591255188,0.05444261059165001,-85.32787099061188,-79.22093251546224,0.47992983217592594,0.47749565972222224
6,87,0.05393872782588005,0.05343443900346756,-83.68540868170467,-77.73137368096246,0.4791419511959877,0.477001953125
6,88,0.052940040826797485,0.05244944244623184,-82.10692329406739,-76.27597726186117,0.4784686053240741,0.47578667534722224
6,89,0.05196564644575119,0.0514882430434227,-80.60561273598377,-74.85571568806967,0.4770586178626543,0.47479383680555554
6,90,0.051014065742492676,0.05054967850446701,-79.08956519232856,-73.46882027520074,0.47587287808641976,0.47332899305555554
6,91,0.05008438602089882,0.049632228910923004,-77.6246580335829,-72.11310070885553,0.4751374421296296,0.47308485243055554
6,92,0.049176331609487534,0.0487363263964653,-76.19862626864587,-70.78915254804824,0.4751519097222222,0.4733344184027778
6,93,0.048288751393556595,0.04786016419529915,-74.82681938689431,-69.49430198669434,0.47475887345679013,0.4723578559027778
6,94,0.04742146283388138,0.04700450599193573,-73.43551305841517,-68.22972588009304,0.473633415316358,0.47139214409722224
6,95,0.04657424986362457,0.046168942004442215,-72.10010217972744,-66.99480681949191,0.47291847511574076,0.47065972222222224
6,96,0.04574630409479141,0.04535131901502609,-70.81533989141016,-65.78634323543973,0.47192201967592595,0.46944444444444444
6,97,0.044936615973711014,0.04455218091607094,-69.52726853924032,-64.60515632629395,0.4711058063271605,0.46846788194444444
6,98,0.04414501413702965,0.04377109557390213,-68.26871463869824,-63.45061096615262,0.4697808159722222,0.46724717881944444
6,99,0.04337116330862045,0.04300699755549431,-67.07579484868933,-62.321111085679796,0.46900981385030865,0.46675347222222224
6,100,0.04261443763971329,0.04225997254252434,-65.86707842556046,-61.21681601206462,0.46814718364197533,0.4660101996527778
6,101,0.04187440127134323,0.04152965545654297,-64.69182825677188,-60.13716773986816,0.46795729648919754,0.46577690972222224
6,102,0.04115057736635208,0.0408148318529129,-63.5681436020651,-59.08039790259467,0.4673852237654321,0.46433919270833335
6,103,0.040442731231451035,0.04011615365743637,-62.462325828458056,-58.04745934804281,0.4660939911265432,0.46385091145833335
6,104,0.03974975645542145,0.03943176940083504,-61.36677187813653,-57.03559691111247,0.46577992380401234,0.4635959201388889
6,105,0.03907199203968048,0.03876267373561859,-60.30644258216575,-56.04630162980821,0.4655249324845679,0.46359049479166664
6,106,0.038408637046813965,0.03810752555727959,-59.24973453356896,-55.07758274078369,0.46534830729166665,0.46239149305555555
6,107,0.037759579718112946,0.03746688365936279,-58.22586584915349,-54.1303009668986,0.46414207175925926,0.461669921875
6,108,0.037124402821063995,0.03683950752019882,-57.245671583105015,-53.20257127549913,0.4632306134259259,0.4611870659722222
6,109,0.03650259971618652,0.03622535243630409,-56.248851769058795,-52.29439055124919,0.4630563994984568,0.4606987847222222
6,110,0.03589358180761337,0.03562364727258682,-55.30022410993223,-51.404541163974336,0.463011791087963,0.460693359375
6,111,0.035297222435474396,0.03503453731536865,-54.3629844877455,-50.533292304144965,0.4622709297839506,0.45997178819444445
6,112,0.03471344709396362,0.0344582125544548,-53.42404684726103,-49.680922508239746,0.4612955729166667,0.45875651041666665
6,113,0.03414131700992584,0.03389278054237366,-52.54451669881373,-48.84460057152642,0.46071686921296295,0.45875651041666665
6,114,0.03358110785484314,0.03333952650427818,-51.648088028990195,-48.02629901038276,0.4599241657021605,0.4580295138888889
6,115,0.033032432198524475,0.032797444611787796,-50.796304854640255,-47.2244571685791,0.45999951774691356,0.4577853732638889
6,116,0.032495398074388504,0.03226722031831741,-49.94071705782855,-46.44016041225857,0.4595920138888889,0.4573025173611111
6,117,0.031968854367733,0.03174667805433273,-49.11743566724989,-45.67010188632541,0.45904646508487656,0.4568088107638889
6,118,0.031453102827072144,0.03123725950717926,-48.29814199282799,-44.916475762261285,0.45880292727623456,0.4568088107638889
6,119,0.030947554856538773,0.03073766455054283,-47.51065152603903,-44.17737886640761,0.45869261188271604,0.4565700954861111
6,120,0.03045223467051983,0.030248627066612244,-46.70846648392854,-43.45385053422716,0.4580596547067901,0.455615234375
6,121,0.02996659278869629,0.02976822853088379,-45.967520998731075,-42.74306668175591,0.45704993730709875,0.4548882378472222
6,122,0.029490873217582703,0.029298480600118637,-45.19828466250573,-42.0480252371894,0.4560962818287037,0.45392795138888886
6,123,0.029024239629507065,0.028837300837039948,-44.46773530936535,-41.36560368008084,0.4557984905478395,0.4534450954861111
6,124,0.028566841036081314,0.028385084122419357,-43.76275484179273,-40.69644592073229,0.4551872347608025,0.4529568142361111
6,125,0.028118200600147247,0.027941733598709106,-43.05511856314577,-40.04034996032715,0.4547453703703704,0.4522243923611111
6,126,0.027678653597831726,0.02750770002603531,-42.3518821162942,-39.398025353749595,0.45416184413580246,0.4519802517361111
6,127,0.027247505262494087,0.027081359177827835,-41.67229782387062,-38.767059018876814,0.4536030333719136,0.4514919704861111
6,128,0.026824703440070152,0.0266634039580822,-41.019741829530695,-38.14848787519667,0.45332151813271604,0.4510036892361111
6,129,0.026409689337015152,0.02625318616628647,-40.36497413729444,-37.541304927402074,0.45268434124228396,0.4502712673611111
6,130,0.02600274235010147,0.02585100382566452,-39.71931995109276,-36.94600233501858,0.45190067997685185,0.4492947048611111
6,131,0.025603657588362694,0.025456514209508896,-39.09178254516036,-36.36206862131755,0.45121527777777776,0.4488064236111111
6,132,0.025211840867996216,0.02506912127137184,-38.470182840323744,-35.78858787748549,0.45084997106481484,0.4483235677083333
6,133,0.024827487766742706,0.024689385667443275,-37.86329863630695,-35.226429292890764,0.4500512393904321,0.4478352864583333
6,134,0.024450335651636124,0.02431638538837433,-37.276027634703084,-34.67422241634793,0.4497636959876543,0.4478298611111111
6,135,0.02408008463680744,0.023950356990098953,-36.69718979494071,-34.13231580522325,0.4495967158564815,0.4470974392361111
6,136,0.02371700294315815,0.02359136752784252,-36.113618350323335,-33.60080516603258,0.44875337577160496,0.4466091579861111
6,137,0.0233607217669487,0.023239310830831528,-35.54393649160126,-33.079518201616075,0.44786844135802467,0.4451443142361111
6,138,0.023010684177279472,0.02289307862520218,-35.00086561721048,-32.56683236228095,0.4471752025462963,0.44489474826388886
6,139,0.02266708016395569,0.022553354501724243,-34.46594432665978,-32.06375821431478,0.4469286506558642,0.44465060763888886
6,140,0.02233000099658966,0.02222021296620369,-33.92071427121574,-31.570423486497667,0.4462577160493827,0.44367404513888886
6,141,0.021998943760991096,0.02189265564084053,-33.40450221403145,-31.085324849022758,0.4457290461033951,0.4434353298611111
6,142,0.021673820912837982,0.021571239456534386,-32.90595000467183,-30.609286053975424,0.4454306520061728,0.4431911892361111
6,143,0.021354880183935165,0.021255990490317345,-32.39153060088923,-30.14239484998915,0.444701847029321,0.4424641927083333
6,144,0.021041642874479294,0.020946331322193146,-31.901543487737207,-29.68373466067844,0.4443021797839506,0.4419759114583333
6,145,0.020734164863824844,0.020642079412937164,-31.412361122649394,-29.23305673599243,0.4439983603395062,0.4419759114583333
6,146,0.020431876182556152,0.020343247801065445,-30.93718013763428,-28.79041091071235,0.44413218557098766,0.4422200520833333
6,147,0.020135313272476196,0.020050130784511566,-30.46120394129812,-28.356213823954263,0.4440453800154321,0.44198676215277777
6,148,0.019844096153974533,0.01976192742586136,-30.006333315813983,-27.92925649219089,0.4438771942515432,0.44174262152777777
6,149,0.019557807594537735,0.019478850066661835,-29.55069480472141,-27.509854221343993,0.4435317804783951,0.4410210503472222
6,150,0.019276324659585953,0.01920034922659397,-29.114700024216262,-27.09722130033705,0.44314055266203706,0.441015625
7,1,0.49899759888648987,0.48951849341392517,-775.6886399634091,-780.4432881673177,0.17627073688271605,0.19008246527777778
7,2,0.4810469448566437,0.47196972370147705,-748.0582945647063,-752.4434855143229,0.20233410493827161,0.21595052083333333
7,3,0.4638723134994507,0.4552084803581238,-721.2797501552252,-725.6996358235677,0.22887731481481483,0.24083116319444445
7,4,0.44746795296669006,0.4391968250274658,-695.7341649938513,-700.1513651529948,0.25203510802469137,0.2632921006944444
7,5,0.43180230259895325,0.4239066541194916,-671.3591589845257,-675.7538536919487,0.2772352430555556,0.29034830729166666
7,6,0.4168367385864258,0.4092954397201538,-648.5571050573278,-652.4392188178168,0.30216652199074073,0.3155110677083333
7,7,0.4025326371192932,0.395327627658844,-625.745096936638,-630.1508331298828,0.32412109375,0.3357693142361111
7,8,0.38885697722435,0.38196977972984314,-604.6304302262671,-608.8352810329861,0.34810414255401234,0.36163194444444446
7,9,0.3757754862308502,0.36918967962265015,-584.1352371969341,-588.4412892659506,0.37302155671296294,0.3845486111111111
7,10,0.3632584810256958,0.35695818066596985,-564.9624491562078,-568.922314622667,0.39546682098765434,0.40597330729166664
7,11,0.35127508640289307,0.3452461361885071,-545.9633481437777,-550.2319039238823,0.4154809268904321,0.4257758246527778
7,12,0.3398005962371826,0.33403006196022034,-528.2028682944216,-532.3326487223308,0.43612015335648147,0.44505208333333335
7,13,0.3288112282752991,0.32328563928604126,-511.02869032871575,-515.185688442654,0.45576051311728394,0.4638454861111111
7,14,0.3182799816131592,0.31298592686653137,-494.5887675155828,-498.7481374104818,0.47311137635030864,0.48311089409722224
7,15,0.3081839084625244,0.3031112551689148,-478.9909773367423,-482.98860422770184,0.49070396894290125,0.49873589409722224
7,16,0.2984994649887085,0.29363763332366943,-463.6268364988727,-467.86873338487413,0.504273365162037,0.5090006510416667
7,17,0.2892129421234131,0.2845499515533447,-449.40674376311125,-453.3645573933919,0.5143681278935185,0.5182725694444444
7,18,0.2802996337413788,0.2758255898952484,-435.5525891810288,-439.43995005289713,0.520824893904321,0.5210069444444444
7,19,0.27174222469329834,0.2674490809440613,-422.08291688142,-426.07028130425346,0.5235454041280864,0.5236870659722223
7,20,0.26352447271347046,0.2594038248062134,-409.3673443735382,-413.2290052625868,0.5258746865354939,0.5271375868055556
7,21,0.25562870502471924,0.251670241355896,-397.1629725044156,-400.88496839735245,0.5279483748070988,0.5266872829861111
7,22,0.24803951382637024,0.24423816800117493,-385.24819392451536,-389.02185991075305,0.5281690055941358,0.5279405381944444
7,23,0.2407466620206833,0.23709291219711304,-374.0231002242477,-377.61635233561196,0.5282678674768518,0.5267957899305555
7,24,0.2337327003479004,0.23022055625915527,-363.03995129620586,-366.64625430636937,0.5278567467206791,0.5282769097222222
7,25,0.22698327898979187,0.2236059606075287,-352.4845218705542,-356.08731926812067,0.5298213252314815,0.5302571614583333
7,26,0.22048918902873993,0.21724006533622742,-342.37921460940515,-345.92517717149525,0.5316285686728395,0.5312120225694444
7,27,0.2142355740070343,0.2111091911792755,-332.5849025208273,-336.1379960801866,0.5323995707947531,0.5305501302083333
7,28,0.2082158625125885,0.20520678162574768,-323.33195470174155,-326.7153013441298,0.5321397569444445,0.531298828125
7,29,0.20241636037826538,0.1995190978050232,-314.1700176945439,-317.6352111816406,0.5314374758873457,0.5293674045138889
7,30,0.1968262791633606,0.19403526186943054,-305.54150080739714,-308.88034506903756,0.5301456404320988,0.5284342447916667
7,31,0.1914403736591339,0.18875166773796082,-297.21358334576644,-300.444970703125,0.5289942611882716,0.5279893663194445
7,32,0.18624630570411682,0.1836550533771515,-289.2190888958213,-292.30794957478844,0.5290617766203703,0.5267957899305555
7,33,0.18123632669448853,0.17873816192150116,-281.27518038337615,-284.4576349046495,0.5276656539351852,0.525341796875
7,34,0.17640277743339539,0.17399409413337708,-273.731566488007,-276.8830668979221,0.5253948447145061,0.5236490885416667
7,35,0.17173820734024048,0.1694144606590271,-266.51463709701727,-269.57092564900717,0.5242844569830247,0.5236653645833333
7,36,0.1672353893518448,0.1649930626153946,-259.46982187341763,-262.5112097846137,0.5249125916280865,0.5234212239583333
7,37,0.16288644075393677,0.1607222557067871,-252.61553099361467,-255.69182137383356,0.5253508391203704,0.5244303385416667
7,38,0.1586848944425583,0.15659531950950623,-246.1549671785331,-249.10197965833876,0.524315200617284,0.5220431857638889
7,39,0.15462619066238403,0.1526082307100296,-239.86473789450562,-242.73528764512804,0.5232090326003086,0.5210828993055555
7,40,0.1507030874490738,0.14875376224517822,-233.74356186007276,-236.5802314758301,0.5222668306327161,0.5206163194444444
7,41,0.14691142737865448,0.14502809941768646,-227.77033082938487,-230.63069881863063,0.5211552372685185,0.5189290364583333
7,42,0.14324375987052917,0.14142301678657532,-222.1349203792619,-224.87361034817167,0.5204408998842592,0.519677734375
7,43,0.13969653844833374,0.13793641328811646,-216.60630147486557,-219.30561998155383,0.5207597897376544,0.519677734375
7,44,0.1362643837928772,0.1345626264810562,-211.17211116272725,-213.9176006740994,0.5193733121141976,0.5181966145833333
7,45,0.13294291496276855,0.13129636645317078,-206.0784933914373,-208.70117009480794,0.518872371720679,0.5167371961805556
7,46,0.12972606718540192,0.12813208997249603,-201.10228214970343,-203.6475090874566,0.5173424238040123,0.5152994791666666
7,47,0.12661153078079224,0.12506943941116333,-196.2514895968967,-198.75606858995226,0.516819782021605,0.5148111979166666
7,48,0.12359486520290375,0.12210200726985931,-191.45891316731772,-194.0165273030599,0.5162459008487654,0.5145670572916666
7,49,0.12067139148712158,0.11922575533390045,-186.9949340160982,-189.42254053751628,0.5159022955246914,0.51455078125
7,50,0.11783919483423233,0.11643927544355392,-182.57546105561434,-184.97179556952582,0.5155375916280864,0.5130805121527777
7,51,0.11509356647729874,0.11373703926801682,-178.29871539834105,-180.65549511379666,0.5138756269290123,0.5116156684027777
7,52,0.11243253946304321,0.11111783981323242,-174.1379739737805,-176.47176445855035,0.5125681182484568,0.51015625
7,53,0.10985018312931061,0.1085757315158844,-170.12175584957924,-172.41104473537868,0.5111183449074074,0.5091796875
7,54,0.10734550654888153,0.10611036419868469,-166.18059630217377,-168.4728006998698,0.5099766107253086,0.5077202690972222
7,55,0.10491617769002914,0.1037183552980423,-162.43892440324947,-164.65166719224717,0.5095154562114198,0.5077419704861111
7,56,0.10255853831768036,0.10139630734920502,-158.74281091572325,-160.94219131469725,0.508544319058642,0.5057942708333333
7,57,0.10026901215314865,0.09914125502109528,-155.20834849793235,-157.33960630628798,0.5065887827932098,0.5040907118055555
7,58,0.09804746508598328,0.09695354104042053,-151.7225230322944,-153.84455697801377,0.5053819444444444,0.503369140625
7,59,0.09588903933763504,0.09482701122760773,-148.33782281286923,-150.44712982177734,0.5033968701774691,0.5002115885416667
7,60,0.09379323571920395,0.0927620381116867,-145.0806288495476,-147.14797155592177,0.500950641396605,0.4982693142361111
7,61,0.09175649285316467,0.09075505286455154,-141.91524274849598,-143.9413791656494,0.4998963155864197,0.4987575954861111
7,62,0.08977712690830231,0.08880454301834106,-138.85391269259983,-140.824921713935,0.49984989872685187,0.49779188368055555
7,63,0.08785297721624374,0.08690795302391052,-135.8556199344588,-137.79454544915095,0.49902524594907405,0.4975368923611111
7,64,0.08598242700099945,0.0850643515586853,-132.94889557449906,-134.8487267812093,0.49851466049382714,0.496826171875
7,65,0.08416382223367691,0.08327136933803558,-130.07088682151135,-131.98374095492892,0.497827449845679,0.4956271701388889
7,66,0.08239465951919556,0.08152702450752258,-127.3428038208573,-129.1964065975613,0.49700520833333334,0.49537760416666665
7,67,0.08067397773265839,0.07983095943927765,-124.61794473859999,-126.48611195882161,0.4953956886574074,0.4927029079861111
7,68,0.07900045812129974,0.07818013429641724,-122.00031295823462,-123.84805374145508,0.4942195939429012,0.49198133680555556
7,69,0.07737058401107788,0.076572485268116,-119.49981120545188,-121.27890904744466,0.49287169656635804,0.49150390625
7,70,0.0757848471403122,0.07500874996185303,-117.01605597601997,-118.77989137437609,0.49269145447530865,0.4905327690972222
7,71,0.07424157112836838,0.073486328125,-114.61332589137702,-116.34683816697863,0.49199098186728396,0.49003363715277776
7,72,0.07273904979228973,0.07200416922569275,-112.26666411882566,-113.97803018358019,0.49063042534722223,0.488330078125
7,73,0.07127539813518524,0.0705593153834343,-110.01506618923611,-111.66880815294054,0.48981843171296297,0.4878472222222222
7,74,0.06984974443912506,0.06915319710969925,-107.77897169560562,-109.42146678500706,0.4893771701388889,0.48736436631944446
7,75,0.06846088171005249,0.0677824318408966,-105.59043925485493,-107.23050944010417,0.4887110580632716,0.4866536458333333
7,76,0.06710757315158844,0.06644617021083832,-103.49643079498668,-105.0946422153049,0.4873360339506173,0.4849392361111111
7,77,0.06578844040632248,0.06514457613229752,-101.44569386376276,-103.01411471896701,0.4865131896219136,0.48422309027777777
7,78,0.06450282037258148,0.06387557089328766,-99.42459462954675,-100.98564970228406,0.48461009837962965,0.4818033854166667
7,79,0.06324942409992218,0.06263808161020279,-97.49396058541757,-99.0074951171875,0.4830132378472222,0.4803331163194444
7,80,0.062027569860219955,0.06143179535865784,-95.55881890190972,-97.07918065388998,0.4812385464891975,0.4786404079861111
7,81,0.06083523482084274,0.06025409698486328,-93.719163774561,-95.19647903442383,0.4802414882330247,0.4779079861111111
7,82,0.05967261269688606,0.05910630151629448,-91.90954065440613,-93.36155251397027,0.4788923852237654,0.4764539930555556
7,83,0.05853878706693649,0.05798620730638504,-90.1261222862903,-91.57083998786078,0.47806592399691356,0.4757161458333333
7,84,0.05743193253874779,0.05689266696572304,-88.43219440836965,-89.8225170135498,0.4770411361882716,0.47476128472222223
7,85,0.05635228008031845,0.055826976895332336,-86.70762336401292,-88.11871388753255,0.4754533179012346,0.4733072916666667
7,86,0.055299051105976105,0.05478609353303909,-85.0674094988976,-86.45450091891819,0.47514045621141976,0.4733072916666667
7,87,0.05427006632089615,0.05376898869872093,-83.49099815980888,-84.82822354634602,0.4741825810185185,0.47234157986111114
7,88,0.05326581746339798,0.05277763307094574,-81.87155952453614,-83.24310544331868,0.4732747395833333,0.4713595920138889
7,89,0.052285581827163696,0.051808588206768036,-80.36557921185906,-81.6936282687717,0.4726194782021605,0.47038845486111114
7,90,0.05132739618420601,0.05086171627044678,-78.88531837227904,-80.17951969570584,0.4713113667052469,0.4689181857638889
7,91,0.05039229989051819,0.04993749409914017,-77.42979513568643,-78.7015815311008,0.4704668209876543,0.4689181857638889
7,92,0.04947877675294876,0.04903479665517807,-75.99460018299244,-77.25804869333903,0.47020339023919755,0.4681857638888889
7,93,0.0485864095389843,0.04815254732966423,-74.59685846258093,-75.8471639421251,0.46937270929783953,0.46721462673611114
7,94,0.047714125365018845,0.04729025065898895,-73.24805073443754,-74.46811686621771,0.4689308449074074,0.46697048611111114
7,95,0.04686162620782852,0.04644737392663956,-71.91278917524549,-73.1201338450114,0.46882776331018516,0.46673719618055554
7,96,0.04602833092212677,0.04562315344810486,-70.61763415866427,-71.80189726087782,0.46792534722222223,0.46552734375
7,97,0.04521377384662628,0.04481831565499306,-69.35351564619276,-70.51465492248535,0.46648280767746914,0.46429578993055554
7,98,0.04441824555397034,0.04403160512447357,-68.10667940775554,-69.25636090172662,0.4655104648919753,0.4633246527777778
7,99,0.04363993555307388,0.043261826038360596,-66.89347013779629,-68.0251050737169,0.46427529417438274,0.46187608506944444
7,100,0.042878635227680206,0.042508888989686966,-65.71219346552719,-66.82074305216472,0.463818359375,0.46163194444444444
7,101,0.042134471237659454,0.04177280515432358,-64.55174111731259,-65.64329399532743,0.46249216338734567,0.46017252604166664
7,102,0.04140661284327507,0.041052985936403275,-63.3937176739728,-64.49185884263781,0.46184413580246914,0.4594455295138889
7,103,0.04069436341524124,0.04034837707877159,-62.29674054134039,-63.36470765007867,0.46096824363425926,0.4589626736111111
7,104,0.03999780863523483,0.03965957462787628,-61.21448589136571,-62.26279072231716,0.46053361304012347,0.45872395833333335
7,105,0.0393163338303566,0.03898492455482483,-60.144387913927616,-61.18347490098741,0.4601236979166667,0.4580078125
7,106,0.03864871338009834,0.03832443803548813,-59.10480914998938,-60.126793183220755,0.45971860532407405,0.45751953125
7,107,0.03799581527709961,0.037678539752960205,-58.075562377034885,-59.09345546298557,0.459227912808642,0.45751953125
7,108,0.037356775254011154,0.037046223878860474,-57.08799477212223,-58.08178713056776,0.4583508150077161,0.4558322482638889
7,109,0.036731138825416565,0.03642728924751282,-56.089820572181985,-57.09148612552219,0.45736279899691357,0.45533854166666665
7,110,0.03611858934164047,0.035820648074150085,-55.158177916208906,-56.120792113410104,0.456616512345679,0.45460611979166665
7,111,0.03551870584487915,0.03522717207670212,-54.21077436517786,-55.171159807840986,0.45581898630401235,0.4536349826388889
7,112,0.034931257367134094,0.03464558348059654,-53.29916963224058,-54.24052431318495,0.4549949363425926,0.45265299479166665
7,113,0.03435575217008591,0.034075602889060974,-52.401207782604075,-53.32842678493924,0.4542299623842593,0.4521538628472222
7,114,0.03379230946302414,0.033518318086862564,-51.50495222468435,-52.4365911271837,0.45371515721450617,0.4519097222222222
7,115,0.03324034810066223,0.03297169879078865,-50.66331373732767,-51.561813799540204,0.453418571566358,0.4514377170138889
7,116,0.032699793577194214,0.032436542212963104,-49.8272911813524,-50.70535971323649,0.4529025607638889,0.4509494357638889
7,117,0.03216993436217308,0.03191199526190758,-49.00170630231316,-49.865881284077965,0.45245466820987656,0.4502170138888889
7,118,0.03165122866630554,0.03139832243323326,-48.17757894845656,-49.0437401453654,0.4513207706404321,0.44925130208333336
7,119,0.03114258125424385,0.03089449554681778,-47.387233438609556,-48.237329186333554,0.4511773003472222,0.44925130208333336
7,120,0.030644161626696587,0.03040125034749508,-46.62228847786232,-47.4478423860338,0.45067214023919755,0.4487575954861111
7,121,0.03015594556927681,0.029917610809206963,-45.84654249379664,-46.673700184292265,0.45045753761574076,0.4482693142361111
7,122,0.029677042737603188,0.029443174600601196,-45.09812751699377,-45.914240985446504,0.4497980565200617,0.4477810329861111
7,123,0.029207460582256317,0.028978032991290092,-44.363217356175554,-45.16964132520888,0.4492283950617284,0.4470486111111111
7,124,0.02874685265123844,0.02852177619934082,-43.65774159608064,-44.43925009833442,0.4484224295910494,0.44632161458333336
7,125,0.028295692056417465,0.028075115755200386,-42.93983761469523,-43.72419706980387,0.4475977768132716,0.44559461805555556
7,126,0.027853336185216904,0.027636827901005745,-42.24879212909275,-43.022498808966745,0.44717098283179013,0.44486219618055556
7,127,0.027419373393058777,0.027207039296627045,-41.5747905448631,-42.33440096113417,0.44662483121141977,0.4448459201388889
7,128,0.026994194835424423,0.026785816997289658,-40.90630684369876,-41.66000949011909,0.4464819637345679,0.44459635416666665
7,129,0.02657691016793251,0.026372283697128296,-40.25838506368943,-40.99788875579834,0.4460081500771605,0.4441134982638889
7,130,0.026167692616581917,0.02596689760684967,-39.61241372426351,-40.34879565768772,0.44578510802469135,0.4436252170138889
7,131,0.025766074657440186,0.025568697601556778,-38.98815385206246,-39.711174180772566,0.44525221836419754,0.4431369357638889
7,132,0.02537195011973381,0.025178156793117523,-38.37162422604031,-39.08579165140788,0.4445746527777778,0.4424099392361111
7,133,0.02498513273894787,0.024794775992631912,-37.77312104025005,-38.471847979227704,0.4442069347993827,0.44241536458333336
7,134,0.024605996906757355,0.02441936917603016,-37.17490102626659,-37.87068379720052,0.44389769000771606,0.44168294270833336
7,135,0.024233955889940262,0.02405058965086937,-36.594505896391695,-37.28009711371528,0.4432810088734568,0.44143880208333336
7,136,0.023868676275014877,0.02368837781250477,-36.02022931369734,-36.700001600053575,0.4431465808256173,0.44119466145833336
7,137,0.023510092869400978,0.02333289384841919,-35.45995182932159,-36.13068210813734,0.44271616994598767,0.44070638020833336
7,138,0.023158026859164238,0.02298402599990368,-34.91637216850563,-35.571892250908746,0.44249734760802467,0.44070638020833336
7,139,0.022812632843852043,0.022641610354185104,-34.36758090360665,-35.0234462208218,0.4424967447916667,0.44071723090277776
7,140,0.02247374877333641,0.02230585366487503,-33.846401868043124,-34.485630978478326,0.4423948688271605,0.44022894965277776
7,141,0.022140929475426674,0.021975506097078323,-33.33004852342017,-33.95644097858005,0.4420126832561728,0.44022352430555556
7,142,0.02181408926844597,0.02165180817246437,-32.80228050961907,-33.43793826633029,0.4419831452546296,0.43997938368055556
7,143,0.02149325981736183,0.021333761513233185,-32.30417121722375,-32.92841120825874,0.4412929205246914,0.43925238715277776
7,144,0.021178031340241432,0.02102081850171089,-31.818032975844396,-32.42705704371134,0.44085527584876544,0.4387749565972222
7,145,0.02086825668811798,0.02071385830640793,-31.337759432380583,-31.935296779208713,0.440479118441358,0.4387749565972222
7,146,0.020564600825309753,0.020412936806678772,-30.864310263410026,-31.453177568647597,0.4398298852237654,0.43779296875
7,147,0.020266218110919,0.02011679857969284,-30.3857952259205,-30.97867710325453,0.43953571084104937,0.43755967881944446
7,148,0.019972726702690125,0.01982593908905983,-29.928787550514127,-30.512627029418944,0.43915412808641974,0.43707139756944446
7,149,0.01968475803732872,0.01954016275703907,-29.48157338389644,-30.054721355438232,0.43888708043981484,0.43707139756944446
7,150,0.019401967525482178,0.019259866327047348,-29.041272589601117,-29.605546686384415,0.4388466917438272,0.43682725694444446
8,1,0.49905121326446533,0.48941725492477417,-770.8847478984314,-826.9364844428169,0.18980396412037037,0.2045193142361111
8,2,0.48108798265457153,0.47186100482940674,-742.7936681488413,-797.2531036376953,0.2150270061728395,0.22357313368055556
8,3,0.4638996124267578,0.45508772134780884,-715.8806734815056,-768.8929090711806,0.2336498119212963,0.24623480902777778
8,4,0.4474889934062958,0.43907278776168823,-691.3128860473632,-741.8144480387369,0.2583345389660494,0.2691786024305556
8,5,0.43181443214416504,0.42377418279647827,-667.0502159212842,-715.9465118408203,0.27885440779320986,0.290185546875
8,6,0.4168362617492676,0.4091549515724182,-643.4014072371118,-691.2268476698134,0.30248601466049385,0.3133517795138889
8,7,0.40252548456192017,0.39518171548843384,-621.3121859703535,-667.5989983452691,0.3243145978009259,0.3352810329861111
8,8,0.3888434171676636,0.3818206489086151,-600.2696157008041,-645.0057661268446,0.34480673707561726,0.35675455729166666
8,9,0.3757535219192505,0.3690339922904968,-579.7079794424551,-623.3833367241754,0.3673484519675926,0.3777886284722222
8,10,0.36323419213294983,0.356801837682724,-560.9672723464024,-602.698196750217,0.3888069058641975,0.39901258680555557
8,11,0.35124731063842773,0.3450883626937866,-542.3905839331356,-582.8897254096137,0.4107331452546296,0.42221137152777777
8,12,0.33977019786834717,0.3338715136051178,-524.702392709991,-563.9206227620442,0.43488196855709876,0.44488932291666666
8,13,0.328773558139801,0.32312196493148804,-507.64313380865406,-545.7414606730143,0.45542956693672837,0.46444227430555557
8,14,0.3182365298271179,0.31282076239585876,-490.99669827119806,-528.3200803968641,0.47340434510030865,0.4803548177083333
8,15,0.30814117193222046,0.3029457926750183,-475.8618880283685,-511.61920250786676,0.4901903694058642,0.4972059461805556
8,16,0.29845738410949707,0.2934749722480774,-460.6773787039298,-495.6013988918728,0.503126205632716,0.5069607204861111
8,17,0.28916752338409424,0.2843853831291199,-446.5031758814682,-480.22798631456163,0.5139443479938272,0.5181694878472223
8,18,0.2802507281303406,0.2756606340408325,-432.50592174765507,-465.47142011854385,0.5213264371141976,0.5208821614583333
8,19,0.2716924548149109,0.2672843337059021,-419.07914018042294,-451.3037923177083,0.5210973668981481,0.5202039930555555
8,20,0.2634715139865875,0.259236216545105,-406.5301461396394,-437.6909278021918,0.5225272472993827,0.5211968315972222
8,21,0.25557559728622437,0.25150537490844727,-394.41360018694843,-424.614414469401,0.5233084972993827,0.5234320746527777
8,22,0.24798744916915894,0.24407356977462769,-382.8247493979372,-412.04339311387804,0.524365837191358,0.5239637586805556
8,23,0.2406906932592392,0.23692739009857178,-371.47264290326905,-399.95525224473744,0.525487678433642,0.5247178819444445
8,24,0.23367391526699066,0.23005430400371552,-360.39213061862523,-388.32875484890405,0.5265667197145062,0.5252604166666667
8,25,0.22692537307739258,0.2234409600496292,-350.09195889131524,-377.1413940429687,0.526756606867284,0.52578125
8,26,0.22042880952358246,0.21707502007484436,-339.84970738917224,-366.37228427463106,0.526295452353395,0.525048828125
8,27,0.21417587995529175,0.21094663441181183,-330.146785792598,-356.00474734836155,0.5261146074459877,0.5241048177083333
8,28,0.20815515518188477,0.20504307746887207,-321.03257266386055,-346.01732347276476,0.5254412615740741,0.5243598090277778
8,29,0.2023555189371109,0.19935661554336548,-312.0754963156618,-336.3969835069444,0.5255244502314815,0.5241482204861111
8,30,0.19676648080348969,0.19387567043304443,-303.4693956445765,-327.12408481174043,0.5248649691358025,0.5229817708333333
8,31,0.19138093292713165,0.1885928213596344,-295.109639325554,-318.1861165364583,0.5248040846836419,0.5237250434027778
8,32,0.1861858367919922,0.18349650502204895,-287.03674757215714,-309.5635062323676,0.5251663773148149,0.5247178819444445
8,33,0.18117496371269226,0.1785804182291031,-279.33188217539845,-301.24563954671225,0.5258475597993827,0.5249945746527778
8,34,0.17634163796901703,0.1738370954990387,-271.8195843449345,-293.21985507541234,0.5261127989969135,0.52451171875
8,35,0.17167776823043823,0.16925913095474243,-264.7045909269356,-285.47369113498263,0.5253080391589506,0.5230848524305556
8,36,0.16717442870140076,0.16483905911445618,-257.59430083757564,-277.9944765726725,0.5235411844135802,0.5214246961805555
8,37,0.1628267765045166,0.1605703979730606,-250.91584099192679,-270.7712842305501,0.5229142554012346,0.5212131076388888
8,38,0.15862706303596497,0.15644574165344238,-244.4031413513937,-263.79160936143666,0.521998577353395,0.5202365451388888
8,39,0.15456844866275787,0.15246005356311798,-238.1539874465377,-257.0468768649631,0.5215422453703704,0.5202528211805556
8,40,0.15064692497253418,0.14860767126083374,-232.12740192177856,-250.52759373982747,0.5215910734953704,0.5200412326388889
8,41,0.14685435593128204,0.14488184452056885,-226.21361971254703,-244.22226876152885,0.5215693721064815,0.52001953125
8,42,0.14318716526031494,0.14127883315086365,-220.49638229181738,-238.12472559611004,0.5213915412808642,0.5200846354166667
8,43,0.13964062929153442,0.13779278099536896,-215.125140555111,-232.22487733629015,0.5214277102623457,0.5198567708333334
8,44,0.1362081915140152,0.13441938161849976,-209.80237666000554,-226.5155370924208,0.5204053337191358,0.5174424913194444
8,45,0.13288645446300507,0.13115432858467102,-204.6390466619421,-220.98944820827907,0.5189863040123457,0.5174479166666667
8,46,0.12967079877853394,0.1279933750629425,-199.61275164757245,-215.6393413119846,0.5182779947916667,0.5170030381944445
8,47,0.12655752897262573,0.12493204325437546,-194.74314568602009,-210.45779037475586,0.5172797309027778,0.5152994791666666
8,48,0.12354111671447754,0.12196560204029083,-190.0835740548593,-205.43667695787218,0.5162079234182099,0.5145941840277778
8,49,0.12061883509159088,0.1190912276506424,-185.59063003445848,-200.5712567647298,0.515846836419753,0.5143825954861111
8,50,0.11778673529624939,0.11630470305681229,-181.28695352813344,-195.85441903008356,0.5157835407021605,0.5141547309027777
8,51,0.1150425374507904,0.11360573768615723,-176.94532530984762,-191.28567208184137,0.515625602816358,0.5144476996527778
8,52,0.11238135397434235,0.11098672449588776,-172.84446574552558,-186.85212597317167,0.5150704089506173,0.5120551215277778
8,53,0.10980017483234406,0.10844682902097702,-168.87658631124614,-182.5524173312717,0.5136863425925926,0.512060546875
8,54,0.10729631781578064,0.10598227381706238,-165.02701597802434,-178.38011771308052,0.5125217013888889,0.5103461371527778
8,55,0.10486742854118347,0.1035912036895752,-161.28976585011424,-174.33210864596896,0.5114951051311728,0.5103352864583334
8,56,0.10250981152057648,0.10127104818820953,-157.53432255026735,-170.40407240125867,0.5106035397376543,0.5088758680555555
8,57,0.10022198408842087,0.09901823103427887,-154.03654861921146,-166.589894273546,0.5102074893904321,0.508154296875
8,58,0.09799982607364655,0.09682999551296234,-150.6289140018416,-162.88497085571288,0.5094075520833333,0.5079155815972223
8,59,0.09584257006645203,0.0947057455778122,-147.23262759550119,-159.2882837931315,0.5088342737268519,0.5069552951388889
8,60,0.09374678879976273,0.09264114499092102,-144.03366763267988,-155.7924925910102,0.5078932773919753,0.5055013020833333
8,61,0.09171032160520554,0.09063510596752167,-140.89914628488046,-152.3957743326823,0.5069185233410494,0.505029296875
8,62,0.08973172307014465,0.08868612349033356,-137.8161340077718,-149.09553654988608,0.5058220003858025,0.5038140190972222
8,63,0.08780866861343384,0.08679136633872986,-134.82931098937988,-145.88705105251736,0.5041546103395061,0.5023491753472222
8,64,0.08593911677598953,0.08494894206523895,-131.9160119374593,-142.76708518134222,0.503489703896605,0.501611328125
8,65,0.0841214507818222,0.08315744996070862,-129.1323809447112,-139.7332534790039,0.5024462287808642,0.50087890625
8,66,0.08235301077365875,0.08141475915908813,-126.42484774648408,-136.78200954861111,0.5019808545524691,0.49941948784722223
8,67,0.08063297718763351,0.0797191932797432,-123.7396727597272,-133.91048639085557,0.5003339602623457,0.4982096354166667
8,68,0.07895991206169128,0.0780700296163559,-121.16419619101065,-131.11745902167425,0.4988751446759259,0.49699978298611114
8,69,0.0773315504193306,0.07646442949771881,-118.61182640216968,-128.39816436767578,0.49827534239969135,0.49676649305555554
8,70,0.07574675977230072,0.07490202784538269,-116.17495566474066,-125.75191485087076,0.4974133150077161,0.4953070746527778
8,71,0.07420440018177032,0.07338069379329681,-113.80416673259971,-123.17515712314182,0.49710346739969136,0.49577907986111114
8,72,0.0727018415927887,0.07189877331256866,-111.45793072264871,-120.66506991916232,0.4971492814429012,0.49505750868055554
8,73,0.0712391659617424,0.07045677304267883,-109.17217493881414,-118.22252913581,0.4962366174768518,0.4943305121527778
8,74,0.06981444358825684,0.06905102729797363,-107.0064565093429,-115.84130562676324,0.49534505208333335,0.49361436631944444
8,75,0.06842593103647232,0.06768108904361725,-104.81390352131407,-113.5206884596083,0.4945005063657407,0.49239366319444444
8,76,0.06707295775413513,0.0663461834192276,-102.7565571019679,-111.25930188496908,0.49378918306327163,0.49239908854166664
8,77,0.06575436145067215,0.06504523009061813,-100.69162616729736,-109.05544802347819,0.4932725694444444,0.49095052083333335
8,78,0.06446966528892517,0.06377769261598587,-98.69198647251835,-106.90808109707302,0.49151234567901236,0.48899739583333335
8,79,0.06321662664413452,0.06254087388515472,-96.76874243889326,-104.81269743177626,0.49034408757716047,0.48900282118055555
8,80,0.06199491024017334,0.06133497133851051,-94.8787622075022,-102.76961135864258,0.4897436824845679,0.48707139756944445
8,81,0.06080332398414612,0.06015890836715698,-93.04714175801219,-100.7770437028673,0.4883029513888889,0.4865668402777778
8,82,0.059641700237989426,0.0590125136077404,-91.22170825063446,-98.83466377258301,0.4875681182484568,0.4856174045138889
8,83,0.058508485555648804,0.05789405480027199,-89.45194252390921,-96.93958117167155,0.48597969714506173,0.4839138454861111
8,84,0.05740268900990486,0.056801654398441315,-87.75218306411932,-95.08856820000543,0.48507125289351855,0.482958984375
8,85,0.056323256343603134,0.055736035108566284,-86.09244452346991,-93.28287561204698,0.4837088879243827,0.48199869791666666
8,86,0.05526995658874512,0.05469576269388199,-84.45890699786905,-91.52006581624349,0.48317298418209875,0.48151041666666666
8,87,0.05424167215824127,0.0536801740527153,-82.87575598587225,-89.79903759426541,0.4826340663580247,0.4805447048611111
8,88,0.05323756858706474,0.05268869549036026,-81.31848143589349,-88.1188348558214,0.48104383680555557,0.47906901041666666
8,89,0.05225790664553642,0.05172133445739746,-79.78946774800619,-86.47944649590386,0.48002628279320986,0.47809244791666666
8,90,0.05130087211728096,0.05077540501952171,-78.32690401665958,-84.87628864712185,0.47921187789351855,0.47711588541666666
8,91,0.05036581680178642,0.049851931631565094,-76.87684296737483,-83.3111619313558,0.47805025077160496,0.47590060763888886
8,92,0.04945260286331177,0.0489494726061821,-75.4415254569348,-81.78159849378798,0.4768416039737654,0.47469618055555557
8,93,0.048560090363025665,0.04806800186634064,-74.05781728720959,-80.2875776078966,0.47550395447530863,0.4737141927083333
8,94,0.04768829792737961,0.047206275165081024,-72.72152521109875,-78.82694121466743,0.4749819155092593,0.472998046875
8,95,0.04683626815676689,0.046364374458789825,-71.38484439143429,-77.3998673333062,0.47431459780092594,0.4725368923611111
8,96,0.04600371792912483,0.04554154723882675,-70.10501739125193,-76.00508592393663,0.4729721257716049,0.4703396267361111
8,97,0.045189760625362396,0.04473699629306793,-68.86092248610508,-74.64122776455349,0.4713818962191358,0.4696234809027778
8,98,0.04439398646354675,0.043950632214546204,-67.60939867467056,-73.30817396375868,0.470922550154321,0.4693684895833333
8,99,0.04361572116613388,0.04318130761384964,-66.39281824841912,-72.00394694010417,0.47039388020833334,0.4686414930555556
8,100,0.042854733765125275,0.042429037392139435,-65.2297464300085,-70.72858857048882,0.46989595389660493,0.468408203125
8,101,0.04211053252220154,0.04169347137212753,-64.07057589307243,-69.48149820963542,0.4698224103009259,0.4681640625
8,102,0.04138285294175148,0.040974199771881104,-62.94864362316367,-68.26201428307428,0.4694999035493827,0.46767578125
8,103,0.040670983493328094,0.04027000442147255,-61.84692863652736,-67.06802099015978,0.4686909239969136,0.46669921875
8,104,0.03997458890080452,0.039581626653671265,-60.75835382908951,-65.90081562466092,0.4679060570987654,0.46597222222222223
8,105,0.039293259382247925,0.03890799731016159,-59.688760518439025,-64.7585885365804,0.46718086902006173,0.465234375
8,106,0.038626477122306824,0.03824828565120697,-58.659915508458646,-63.639925723605685,0.46623324170524694,0.46376953125
8,107,0.03797347843647003,0.03760231286287308,-57.667595361780236,-62.54448504977756,0.46514756944444446,0.46304796006944443
8,108,0.0373348593711853,0.03697102516889572,-56.65756363103419,-61.473966132269965,0.46435366030092595,0.46231553819444443
8,109,0.03670947998762131,0.03635227680206299,-55.687461916605635,-60.424639489915634,0.4637514467592593,0.4620768229166667
8,110,0.03609733283519745,0.03574693202972412,-54.74370654777244,-59.39798255496555,0.4633620273919753,0.4615885416666667
8,111,0.03549787774682045,0.03515376150608063,-53.803866032023485,-58.39197586907281,0.4631010079089506,0.4613444010416667
8,112,0.034910980612039566,0.03457340970635414,-52.89808381633994,-57.40767063564724,0.4624927662037037,0.4608561197916667
8,113,0.034336306154727936,0.034004759043455124,-52.01769801128058,-56.4431424246894,0.46169765142746916,0.4598849826388889
8,114,0.033773452043533325,0.03344759717583656,-51.13880477245943,-55.49810242123074,0.461302806712963,0.4593967013888889
8,115,0.03322174400091171,0.03290196508169174,-50.27806586041863,-54.57257370418972,0.4604594666280864,0.4584201388888889
8,116,0.03268149495124817,0.032367222011089325,-49.4550021889769,-53.66546758015951,0.45947265625,0.45770399305555554
8,117,0.03215231001377106,0.031843774020671844,-48.62570533163753,-52.77753630744086,0.4580644772376543,0.45576714409722224
8,118,0.03163345903158188,0.03132994472980499,-47.83347775965561,-51.905851893954804,0.45699568383487654,0.45527886284722224
8,119,0.031125091016292572,0.030827175825834274,-47.03984701368544,-51.05290828280979,0.45652006172839504,0.45478515625
8,120,0.030626969411969185,0.030333926901221275,-46.2643364859216,-50.216094228956436,0.4556676793981482,0.45406358506944444
8,121,0.030138878151774406,0.029851140454411507,-45.495377950315124,-49.3969937854343,0.4551299672067901,0.45332573784722224
8,122,0.029660258442163467,0.029377032071352005,-44.76168077845632,-48.59258475833469,0.454491584683642,0.45259874131944444
8,123,0.029191097244620323,0.028912682086229324,-44.03462040630388,-47.804681057400174,0.4540840808256173,0.45189344618055555
8,124,0.028730928897857666,0.02845695987343788,-43.31452910811813,-47.03140269385444,0.4532154224537037,0.45164388020833335
8,125,0.028279898688197136,0.028010718524456024,-42.62175367143419,-46.27417721218533,0.452979118441358,0.45116102430555555
8,126,0.027838151901960373,0.027573388069868088,-41.94043378829956,-45.53205640580919,0.45230818383487653,0.45018446180555555
8,127,0.02740454114973545,0.02714397758245468,-41.26792037869677,-44.80335152943929,0.45164388020833335,0.44994032118055555
8,128,0.026979312300682068,0.02672305330634117,-40.61105560962065,-44.08900786505805,0.4511845341435185,0.4494574652777778
8,129,0.0265624038875103,0.026310281828045845,-39.95182083859856,-43.38847170935737,0.45096812307098766,0.448974609375
8,130,0.026153238490223885,0.02590489573776722,-39.316445456610786,-42.700436147054035,0.4505154079861111,0.44895833333333335
8,131,0.0257519893348217,0.02550758421421051,-38.704975329505075,-42.02611815134684,0.45026825327932096,0.44847005208333335
8,132,0.025358062237501144,0.02511742152273655,-38.08684301847293,-41.36388092041015,0.44966664255401234,0.4479763454861111
8,133,0.024971667677164078,0.02473483234643936,-37.4838059083915,-40.71446664598253,0.4496431327160494,0.44771592881944444
8,134,0.024592652916908264,0.02435953915119171,-36.894752233999746,-40.077420743306476,0.44900294174382716,0.4472384982638889
8,135,0.02422073483467102,0.02399112656712532,-36.3286232665733,-39.452024184332956,0.4486291956018518,0.4469943576388889
8,136,0.023855721578001976,0.02362941950559616,-35.758029374958554,-38.83796049753825,0.4481318721064815,0.4462619357638889
8,137,0.02349734678864479,0.023274563252925873,-35.19731664893068,-38.23551375071208,0.4478841145833333,0.4460177951388889
8,138,0.02314583584666252,0.022926291450858116,-34.65827983926844,-37.64425205654568,0.44711612654320987,0.4448025173611111
8,139,0.02280067652463913,0.022584252059459686,-34.11900397995372,-37.063510449727374,0.4461401668595679,0.44408094618055555
8,140,0.02246180921792984,0.022248677909374237,-33.601466625119436,-36.49372075398763,0.4453938802083333,0.44337565104166665
8,141,0.022129083052277565,0.021919161081314087,-33.082730984393464,-35.934211052788626,0.4447928722993827,0.4433648003472222
8,142,0.021802552044391632,0.021595485508441925,-32.5648256148821,-35.38459235297309,0.4446729118441358,0.4426323784722222
8,143,0.021481556817889214,0.02127736248075962,-32.07643540111589,-34.84437300364176,0.4442027150848765,0.44263780381944445
8,144,0.021166548132896423,0.02096533589065075,-31.587076204794425,-34.314507548014326,0.44390552662037036,0.4421440972222222
8,145,0.020857281982898712,0.020658859983086586,-31.099424833132897,-33.79403010474311,0.44361496913580245,0.4419216579861111
8,146,0.02055344358086586,0.020357834175229073,-30.63383406886348,-33.282790650261774,0.4431869695216049,0.4414279513888889
8,147,0.020255189388990402,0.020062312483787537,-30.168280913506024,-32.78087677425808,0.4425931954089506,0.4409396701388889
8,148,0.019962217658758163,0.019771985709667206,-29.70939243575673,-32.28776382870144,0.4424195842978395,0.4407009548611111
8,149,0.01967436447739601,0.019486375153064728,-29.26475164036692,-31.802648745642767,0.4421091338734568,0.4404568142361111
8,150,0.01939130201935768,0.019206175580620766,-28.829289211461575,-31.326686329311794,0.442041015625,0.4404568142361111
9,1,0.4999259114265442,0.4902452528476715,-771.6241447731301,-833.5244584825303,0.18033673321759258,0.19655490451388888
9,2,0.48193782567977905,0.472665935754776,-744.0885461501133,-803.6192576090494,0.20587504822530864,0.21556532118055555
9,3,0.46472257375717163,0.4558701515197754,-716.8249157564139,-775.046228366428,0.22392156153549383,0.23384874131944444
9,4,0.44829005002975464,0.43983709812164307,-691.926510205681,-747.7700931125217,0.24478865258487653,0.2573513454861111
9,5,0.43260014057159424,0.42452365159988403,-667.8786304050021,-721.71748046875,0.27077968267746916,0.2819552951388889
9,6,0.4175989031791687,0.40988075733184814,-644.2532920931592,-696.8050950792101,0.2957959587191358,0.30977647569444444
9,7,0.40326446294784546,0.39588773250579834,-622.0855878665124,-672.9976304796007,0.3195463204089506,0.33197157118055554
9,8,0.3895609378814697,0.38250547647476196,-601.1872569708177,-650.2287753634982,0.34468074845679014,0.356640625
9,9,0.3764536678791046,0.3697042167186737,-580.9639911227756,-628.4478739420573,0.36683605806327163,0.37740885416666664
9,10,0.36391326785087585,0.35745489597320557,-561.4858720002351,-607.6054880777995,0.3883276668595679,0.4001247829861111
9,11,0.35190969705581665,0.345725953578949,-542.7644604341483,-587.6480648464627,0.41129497010030863,0.422119140625
9,12,0.34041494131088257,0.33449071645736694,-525.2754016829126,-568.5302066379123,0.43101249035493827,0.44141710069444445
9,13,0.3294013738632202,0.3237253725528717,-508.18082038973586,-550.211359998915,0.45222077546296297,0.461181640625
9,14,0.3188466429710388,0.3134075403213501,-491.65487549393265,-532.6535074869792,0.47068986304012345,0.47725151909722224
9,15,0.30872833728790283,0.30351415276527405,-475.954300247004,-515.817525906033,0.4869514371141975,0.49478624131944443
9,16,0.29902809858322144,0.29402631521224976,-461.0682576685776,-499.6711710611979,0.5024920428240741,0.5071885850694444
9,17,0.2897208034992218,0.2849213480949402,-446.70254502473057,-484.17605404324,0.5142174238040124,0.5167534722222222
9,18,0.28078821301460266,0.27618223428726196,-433.06722413993174,-469.30309092203777,0.5203137056327161,0.5197319878472222
9,19,0.2722153961658478,0.2677922546863556,-419.75325992725516,-455.02391933865016,0.5204776716820988,0.5197374131944444
9,20,0.2639816105365753,0.2597336769104004,-407.07377394687984,-441.30838572184246,0.5215555073302469,0.5207356770833333
9,21,0.25607049465179443,0.25198858976364136,-394.8361456882806,-428.1260301378038,0.5220992476851852,0.5209526909722222
9,22,0.24846726655960083,0.24454417824745178,-383.0156902642898,-415.455054558648,0.5219075520833333,0.5212185329861111
9,23,0.24115796387195587,0.23738613724708557,-371.6328005190249,-403.27118631998695,0.5215072820216049,0.5195421006944444
9,24,0.23412901163101196,0.23050130903720856,-360.76725718180336,-391.55199076334634,0.5213071469907408,0.520263671875
9,25,0.22736668586730957,0.2238757312297821,-350.5032097051173,-380.2737730238173,0.5227406442901235,0.5224609375
9,26,0.22086051106452942,0.21750161051750183,-340.20606298564394,-369.42325473361547,0.5238667052469136,0.5229817708333333
9,27,0.21459625661373138,0.21136121451854706,-330.6532303515776,-358.9703021579319,0.523802806712963,0.5225151909722222
9,28,0.20856508612632751,0.20545005798339844,-321.3568192658601,-348.90730624728735,0.5242054880401235,0.5232747395833334
9,29,0.20275430381298065,0.1997530460357666,-312.5138971587758,-339.20860951741537,0.5242549189814815,0.5225911458333333
9,30,0.19715486466884613,0.1942632496356964,-303.80955013699,-329.862348429362,0.5238492235725308,0.5226128472222222
9,31,0.19175946712493896,0.1889713704586029,-295.43555823432075,-320.852789984809,0.5238305362654321,0.5221408420138889
9,32,0.18655525147914886,0.18386724591255188,-287.2915487218786,-312.16261511908635,0.5233434606481482,0.5209364149305555
9,33,0.18153633177280426,0.17894285917282104,-279.6610727098253,-303.7781736585829,0.5215175298996914,0.5201931423611111
9,34,0.17669357359409332,0.17419171333312988,-272.12877671041605,-295.6884538438585,0.5213035300925926,0.5197211371527778
9,35,0.17202019691467285,0.16960561275482178,-264.93235395455065,-287.87953694661456,0.5209774064429012,0.5190266927083333
9,36,0.16750967502593994,0.16517825424671173,-257.9847206445388,-280.3406625535753,0.5203227478780864,0.518115234375
9,37,0.1631535291671753,0.16090178489685059,-251.21176256250453,-273.0584988064236,0.5198621961805555,0.5186197916666667
9,38,0.1589447259902954,0.15676972270011902,-244.758837028786,-266.0219963921441,0.5196120273919753,0.5181315104166667
9,39,0.1548784226179123,0.15277744829654694,-238.39735935823418,-259.22338740030926,0.5191370081018518,0.5174370659722223
9,40,0.15094919502735138,0.14891764521598816,-232.32932174588427,-252.65008409288194,0.5189501350308642,0.516943359375
9,41,0.14714978635311127,0.14518630504608154,-226.42264264895593,-246.29542855156794,0.5181990258487654,0.5167100694444444
9,42,0.1434757560491562,0.14157608151435852,-220.84053753511407,-240.14677573310004,0.5183792679398148,0.5162489149305556
9,43,0.13992109894752502,0.13808408379554749,-215.31356170560107,-234.19931428697373,0.5180043161651234,0.5165093315972222
9,44,0.13648220896720886,0.1347053200006485,-209.95541364881728,-228.44454311794703,0.5174738377700617,0.5157606336805556
9,45,0.13315396010875702,0.13143332302570343,-204.94142249778466,-222.8714157104492,0.5172628520447531,0.5150173611111111
9,46,0.12993234395980835,0.1282670497894287,-199.9202858960187,-217.4781746758355,0.5162591628086419,0.5140733506944445
9,47,0.1268121600151062,0.125199556350708,-195.11338789198135,-212.25303955078124,0.5156599633487654,0.5133897569444444
9,48,0.12379056215286255,0.12222887575626373,-190.34749102180388,-207.19265696207682,0.5157588252314815,0.5143608940972222
9,49,0.12086255848407745,0.1193494126200676,-185.86829115314248,-202.2875112745497,0.5155116705246914,0.5136447482638888
9,50,0.11802466958761215,0.11655887216329575,-181.41509302398305,-197.5336690266927,0.5152470341435185,0.5131727430555556
9,51,0.11527477204799652,0.11385378986597061,-177.17691759180138,-192.9252409193251,0.5149823977623457,0.5134114583333333
9,52,0.11260885000228882,0.11123112589120865,-173.06107816813903,-188.45709008110893,0.5148829330632716,0.5131673177083333
9,53,0.11002279818058014,0.10868647694587708,-169.059543383563,-184.12167273627387,0.5150053047839506,0.5126790364583333
9,54,0.10751429200172424,0.10621900111436844,-165.13347057295434,-179.9176368713379,0.5139467592592593,0.5119466145833333
9,55,0.10507985949516296,0.10382232815027237,-161.49154021180706,-175.83404668172201,0.5130172164351852,0.5109592013888888
9,56,0.10271795094013214,0.10149810463190079,-157.75995937394507,-171.87380379570854,0.512232349537037,0.5092502170138888
9,57,0.10042597353458405,0.0992414802312851,-154.27102430367177,-168.0286107381185,0.510426311728395,0.5075303819444444
9,58,0.0981992781162262,0.09704972803592682,-150.80141768278898,-164.29382900661892,0.5090301890432098,0.5070692274305556
9,59,0.09603749215602875,0.09492150694131851,-147.45401791702082,-160.66719241672092,0.5085093557098765,0.5063422309027777
9,60,0.09393800050020218,0.09285422414541245,-144.19785839598856,-157.14426896837023,0.5070662133487654,0.5044162326388889
9,61,0.09189785271883011,0.09084445238113403,-141.10635048195167,-153.7192131890191,0.5058443045910493,0.5037000868055556
9,62,0.0899147316813469,0.08889103680849075,-138.0205748287248,-150.39006695217557,0.5052113474151234,0.50322265625
9,63,0.0879875123500824,0.0869932770729065,-135.00596464180651,-147.15568322075737,0.5042311680169753,0.5017632378472222
9,64,0.08611445128917694,0.08514818549156189,-132.09119777914918,-144.01093300713433,0.5034270109953703,0.5012641059027778
9,65,0.08429288864135742,0.08335298299789429,-129.2664476465296,-140.95108337402343,0.5029525945216049,0.5010308159722222
9,66,0.08252126723527908,0.08160775899887085,-126.52871805591347,-137.97635464138455,0.5022527247299383,0.5000596788194445
9,67,0.08079735189676285,0.07990826666355133,-123.8878198293992,-135.07947137620715,0.5019886911651235,0.49981553819444446
9,68,0.07912074029445648,0.07825654745101929,-121.26623159102452,-132.26393597920736,0.5004448784722222,0.49716254340277777
9,69,0.07748885452747345,0.07664796710014343,-118.74910514972828,-129.52179662916396,0.49746455439814813,0.4949924045138889
9,70,0.07590039819478989,0.07508191466331482,-116.30193079489248,-126.85207625495063,0.49648738908179013,0.49423285590277777
9,71,0.07435408234596252,0.07355755567550659,-113.92222793484912,-124.25334112379286,0.49507921006944444,0.4920572916666667
9,72,0.07284870743751526,0.07207350432872772,-111.57377667368195,-121.72323371039496,0.49235146604938274,0.4898491753472222
9,73,0.07138264924287796,0.07062776386737823,-109.28187245969418,-119.2583435482449,0.49121696566358025,0.4891221788194444
9,74,0.06995408982038498,0.06921876966953278,-107.09621438862365,-116.85597597757975,0.4905152874228395,0.4879069010416667
9,75,0.06856289505958557,0.0678468868136406,-104.95182197947561,-114.5168251461453,0.489258415316358,0.4871799045138889
9,76,0.06720714271068573,0.06650969386100769,-102.8682745097596,-112.23677469889323,0.4890727478780864,0.4871744791666667
9,77,0.06588589400053024,0.0652063637971878,-100.82549167444677,-110.01433029174805,0.48897328317901234,0.4869357638888889
9,78,0.0645979717373848,0.06393598020076752,-98.81794877228913,-107.84801199171278,0.4886284722222222,0.4869520399305556
9,79,0.06334275007247925,0.06269747018814087,-96.91249402364095,-105.73595343695746,0.4886284722222222,0.4862250434027778
9,80,0.06211899220943451,0.061490193009376526,-94.97511903503795,-103.67709566752116,0.48796778549382713,0.4859809027777778
9,81,0.060925424098968506,0.060312144458293915,-93.1232170222718,-101.66798621283637,0.4875759548611111,0.48525390625
9,82,0.05976070463657379,0.059162817895412445,-91.32877376933156,-99.7078019036187,0.4864161361882716,0.48404405381944443
9,83,0.05862483009696007,0.05804165452718735,-89.56337119208442,-97.79555875990125,0.4856620129243827,0.48355577256944443
9,84,0.05751631781458855,0.056947652250528336,-87.86677078670925,-95.92959382798936,0.48530394000771604,0.48355577256944443
9,85,0.05643465369939804,0.05587964132428169,-86.19620317294275,-94.10785196092394,0.48519663869598767,0.48331163194444443
9,86,0.055378932505846024,0.05483750253915787,-84.58406862094078,-92.33018078274198,0.48454921392746914,0.48233506944444443
9,87,0.05434888228774071,0.05382106825709343,-82.93273861732013,-90.59632725185818,0.4840892650462963,0.48184678819444443
9,88,0.053342804312705994,0.05282716080546379,-81.40995596426505,-88.90078252156576,0.4832869164737654,0.4808810763888889
9,89,0.052361153066158295,0.05185861140489578,-79.89197375921556,-87.24848052130805,0.48226514274691357,0.48015407986111114
9,90,0.0514025017619133,0.05091159790754318,-78.3866094895351,-85.63283233642578,0.4810601128472222,0.47868923611111114
9,91,0.050465427339076996,0.049985893070697784,-76.9419230543537,-84.05347256130642,0.4803379388503086,0.47820095486111114
9,92,0.04955001920461655,0.04908203333616257,-75.52758506256858,-82.51130828857421,0.479322193287037,0.47625325520833334
9,93,0.048656124621629715,0.048199012875556946,-74.14600289898154,-81.00468198988173,0.47798213252314814,0.47576497395833334
9,94,0.04778244346380234,0.04733586311340332,-72.80225414699979,-79.5318610297309,0.47770785108024694,0.47552083333333334
9,95,0.046928681433200836,0.04649260640144348,-71.47495062792743,-78.09293903774686,0.4763286072530864,0.47357313368055554
9,96,0.046093910932540894,0.04566776007413864,-70.1960808718646,-76.68536656697592,0.47528392650462964,0.47285698784722224
9,97,0.045278094708919525,0.04486188292503357,-68.92693092675857,-75.31012094285754,0.4743700569058642,0.47163628472222224
9,98,0.04448068141937256,0.044074248522520065,-67.69581411149767,-73.96592784457737,0.47346824363425927,0.47139214409722224
9,99,0.04370148479938507,0.04330442100763321,-66.45518582426472,-72.65208971235487,0.4728413146219136,0.469677734375
9,100,0.04293908551335335,0.04255069047212601,-65.29551422919756,-71.3656566619873,0.47155249324845677,0.46943359375
9,101,0.042192988097667694,0.041813354939222336,-64.1389405215228,-70.10715126461453,0.4710961612654321,0.46895616319444444
9,102,0.04146359860897064,0.04109279811382294,-63.00438810042393,-68.8772732840644,0.4698121624228395,0.46726888020833335
9,103,0.04075015336275101,0.04038712754845619,-61.93138518863254,-67.67269331614176,0.4691671489197531,0.46702473958333335
9,104,0.04005197063088417,0.03969736769795418,-60.83366662720103,-66.49525555504692,0.468505859375,0.46629231770833335
9,105,0.03936944901943207,0.03902272880077362,-59.773741381845355,-65.3435667461819,0.46768602912808643,0.4650824652777778
9,106,0.03870151564478874,0.038362398743629456,-58.726398197221165,-64.2162772072686,0.4666720920138889,0.4643500434027778
9,107,0.03804749250411987,0.037715643644332886,-57.71310857254782,-63.11212897830539,0.4661060474537037,0.4641167534722222
9,108,0.03740730136632919,0.037082821130752563,-56.73187110806689,-62.03169926537408,0.46589566454475306,0.46339518229166665
9,109,0.03678058832883835,0.03646315634250641,-55.75767387460779,-60.97370775010851,0.4651668595679012,0.46290690104166665
9,110,0.03616698458790779,0.035856664180755615,-54.805153047302625,-59.93812582227919,0.4644121334876543,0.4616970486111111
9,111,0.03556624799966812,0.03526250272989273,-53.87868935384868,-58.92358144124349,0.4638304157021605,0.4612033420138889
9,112,0.03497809171676636,0.03468065708875656,-52.96503007441391,-57.9300021065606,0.4622733410493827,0.4602593315972222
9,113,0.03440201282501221,0.034111104905605316,-52.06701651208195,-56.95737419128418,0.46172055844907406,0.4595269097222222
9,114,0.033837415277957916,0.03355253487825394,-51.20083397759332,-56.00347120496962,0.46078559027777777,0.458056640625
9,115,0.033284664154052734,0.03300575166940689,-50.34089234787741,-55.06961962381999,0.45985423900462963,0.45733506944444446
9,116,0.0327429473400116,0.03246992081403732,-49.51443182038672,-54.15445461273193,0.45903199749228396,0.45685221354166666
9,117,0.03221229836344719,0.031945355236530304,-48.679639943440755,-53.25851766798231,0.45849488811728395,0.4561360677083333
9,118,0.03169233724474907,0.03143071383237839,-47.883692454114374,-52.37947300804986,0.45787037037037037,0.4553982204861111
9,119,0.0311826691031456,0.030926749110221863,-47.095869787239735,-51.51859491136339,0.45705717110339505,0.4546712239583333
9,120,0.030683472752571106,0.030432842671871185,-46.312474859496696,-50.674865616692436,0.4562397521219136,0.4536946614583333
9,121,0.03019408881664276,0.02994861826300621,-45.55887370874852,-49.84764703114828,0.45541389371141977,0.45296766493055557
9,122,0.02971440739929676,0.029474016278982162,-44.81287510012403,-49.036848089430066,0.4544650607638889,0.4520128038194444
9,123,0.029244255274534225,0.029008755460381508,-44.08395370907254,-48.24195410410563,0.4538134162808642,0.4517686631944444
9,124,0.028783109039068222,0.028552614152431488,-43.36370783676336,-47.46260454389784,0.45291401427469136,0.4505533854166667
9,125,0.028331175446510315,0.028105301782488823,-42.66772024248853,-46.69831025865343,0.4521701388888889,0.4498263888888889
9,126,0.02788764238357544,0.02766609564423561,-41.99132163200849,-45.94782532585992,0.45162398726851855,0.4495822482638889
9,127,0.027452701702713966,0.027235984802246094,-41.316075547536215,-45.21284342871772,0.45149558738425927,0.4495822482638889
9,128,0.02702665887773037,0.026814423501491547,-40.64328790829506,-44.492458788553876,0.45093918788580245,0.4486165364583333
9,129,0.02660880796611309,0.02640065923333168,-40.00255693035361,-43.78532577090793,0.44992525077160495,0.4476399739583333
9,130,0.02619871124625206,0.02599494159221649,-39.36006967285533,-43.09195590549045,0.44942009066358024,0.4473958333333333
9,131,0.02579621784389019,0.02559617906808853,-38.74004314446155,-42.410415204366046,0.4491837866512346,0.4471516927083333
9,132,0.02540142834186554,0.02520565688610077,-38.1198948542277,-41.74292833540175,0.44865330825617283,0.4464246961805556
9,133,0.02501450479030609,0.024822693318128586,-37.51652140793977,-41.08837710486518,0.448022762345679,0.4456922743055556
9,134,0.024634458124637604,0.024446221068501472,-36.944225061675645,-40.44482154846192,0.4474657600308642,0.445458984375
9,135,0.024261578917503357,0.02407705783843994,-36.36262547292827,-39.813733927408855,0.447583912037037,0.445703125
9,136,0.023896001279354095,0.023715348914265633,-35.79690874594229,-39.195389090643985,0.4472282503858025,0.44522569444444443
9,137,0.023537153378129005,0.023359883576631546,-35.23251642651028,-38.5876880645752,0.4469557773919753,0.4447482638888889
9,138,0.023184536024928093,0.023010767996311188,-34.686764475740034,-37.990792232089575,0.4466121720679012,0.44476453993055554
9,139,0.022838374599814415,0.0226680226624012,-34.15461297211824,-37.40475822024875,0.4462004484953704,0.44403211805555554
9,140,0.022498566657304764,0.02233166992664337,-33.627935124620976,-36.82963415781657,0.4458942177854938,0.44404296875
9,141,0.02216520719230175,0.022001581266522408,-33.1083024283986,-36.26520108116998,0.4457441165123457,0.4435546875
9,142,0.021837880834937096,0.021677374839782715,-32.59030995192351,-35.71078737046984,0.44530164930555555,0.443310546875
9,143,0.021516311913728714,0.021358944475650787,-32.09943934546577,-35.166222455766466,0.4451340663580247,0.44307725694444444
9,144,0.02120053768157959,0.021046195179224014,-31.613967519924966,-34.63134664959378,0.4444239486882716,0.44258897569444444
9,145,0.02089044637978077,0.020738933235406876,-31.13866793314616,-34.10580908457438,0.4444763937114197,0.44233940972222224
9,146,0.02058582566678524,0.020437326282262802,-30.65933327027309,-33.5899416923523,0.4439724392361111,0.44209526909722224
9,147,0.02028728276491165,0.020141903311014175,-30.19369666017132,-33.08465016682943,0.4439067322530864,0.44209526909722224
9,148,0.019993789494037628,0.019850902259349823,-29.738749696001594,-32.586870755089656,0.44391215760030867,0.44185112847222224
9,149,0.019705167040228844,0.01956501230597496,-29.29877244219368,-32.09776862462362,0.44355046778549384,0.44136284722222224
9,150,0.019421905279159546,0.01928463950753212,-28.854680369812765,-31.618115923139783,0.44322253568672837,0.44136284722222224
10,1,0.49676692485809326,0.48726558685302734,-777.3752634307484,-732.7638593885633,0.18179554880401236,0.19653862847222223
10,2,0.478887140750885,0.46978759765625,-749.3895738012997,-706.4548536512586,0.20640793788580247,0.216845703125
10,3,0.4617767632007599,0.45308804512023926,-722.6313227712373,-681.3171685112848,0.2273775077160494,0.23785264756944444
10,4,0.44543468952178955,0.43714338541030884,-696.9703278153031,-657.3154608832465,0.24848753375771604,0.25958658854166666
10,5,0.42983362078666687,0.42191505432128906,-672.4635705830138,-634.3917236328125,0.27205222800925927,0.28472764756944446
10,6,0.4149248003959656,0.40736082196235657,-648.9858424622336,-612.4823594835069,0.2969214168595679,0.31058485243055556
10,7,0.40067917108535767,0.39344945549964905,-626.8163918389214,-591.5403472900391,0.3206645447530864,0.33185763888888886
10,8,0.387056827545166,0.3801470994949341,-605.1647407060788,-571.5148081461589,0.3425027729552469,0.3538791232638889
10,9,0.37403222918510437,0.3674222230911255,-585.591502286181,-552.3583133273654,0.36472740644290125,0.3773274739583333
10,10,0.3615674376487732,0.3552439212799072,-565.5183195514444,-534.024328274197,0.38924455054012347,0.3997721354166667
10,11,0.34963691234588623,0.3435845375061035,-547.0880500887647,-516.471280585395,0.4110960407021605,0.4234212239583333
10,12,0.33821266889572144,0.33241862058639526,-529.2564847027814,-499.6608601888021,0.4342200761959877,0.44513346354166666
10,13,0.3272697627544403,0.32171908020973206,-511.9267007333261,-483.55227627224394,0.45491596739969137,0.46102430555555557
10,14,0.3167833089828491,0.3114652931690216,-495.6355305236063,-468.11453704833986,0.47094063464506175,0.48151584201388886
10,15,0.30673351883888245,0.3016357421875,-479.75139841150354,-453.3152757432726,0.487109977816358,0.4922688802083333
10,16,0.29709288477897644,0.29220494627952576,-464.70264926486544,-439.11609225802954,0.4975393036265432,0.5021213107638889
10,17,0.28784626722335815,0.28315794467926025,-450.2434595649625,-425.49449327256946,0.5076841001157407,0.5113986545138889
10,18,0.2789722979068756,0.2744733691215515,-436.14814526593244,-412.41840091281466,0.5138659818672839,0.5141059027777778
10,19,0.2704540491104126,0.2661351263523102,-422.9128887694559,-399.8635257297092,0.5152940538194445,0.51484375
10,20,0.26227349042892456,0.25812608003616333,-410.1893307532793,-387.80411105685766,0.5174666039737654,0.5177680121527778
10,21,0.25441259145736694,0.25042885541915894,-397.77575477317527,-376.21399383544923,0.5194426359953703,0.5192328559027778
10,22,0.24685974419116974,0.24303093552589417,-386.0457209928536,-365.0743299696181,0.5206506799768519,0.5211859809027778
10,23,0.239596888422966,0.23591700196266174,-374.5671902691876,-354.36213751898873,0.5221655574845679,0.5210177951388889
10,24,0.23261518776416779,0.22907578945159912,-363.7271267643681,-344.0603741115994,0.5214265046296296,0.5200900607638889
10,25,0.22589530050754547,0.2224918007850647,-353.0323346267512,-334.1458204481337,0.5215488763503087,0.5208441840277778
10,26,0.2194303423166275,0.21615415811538696,-343.07100427886587,-324.60201670328775,0.5219925491898149,0.5198947482638889
10,27,0.21320724487304688,0.2100546658039093,-333.22483460226175,-315.41668802897135,0.5206446518132716,0.5194064670138889
10,28,0.20721495151519775,0.20417895913124084,-323.79749702171046,-306.56817593044707,0.520240162037037,0.5184407552083333
10,29,0.20144064724445343,0.1985170841217041,-314.74517091350793,-298.04153018527563,0.5198260271990741,0.5191677517361111
10,30,0.19587790966033936,0.19306117296218872,-305.92043668016976,-289.8248916625977,0.5213487413194444,0.5201605902777777
10,31,0.19051653146743774,0.18780097365379333,-297.6924101935493,-281.90284949408635,0.5218575183256173,0.5216037326388889
10,32,0.18534697592258453,0.18272927403450012,-289.6404194207839,-274.2645729912652,0.5231577932098765,0.5218478732638889
10,33,0.1803607940673828,0.17783556878566742,-281.7373952606578,-266.8941908094618,0.5231053481867284,0.5218804253472222
10,34,0.17554901540279388,0.17311283946037292,-274.291795151322,-259.78119303385415,0.5234815055941358,0.5223524305555556
10,35,0.170905202627182,0.1685553342103958,-266.85480713079005,-252.9168699476454,0.5233115113811728,0.5218858506944445
10,36,0.16642531752586365,0.16415633261203766,-260.01460265642334,-246.29120296902127,0.5231348861882716,0.5216579861111111
10,37,0.16209694743156433,0.15990668535232544,-253.06681502542378,-239.8903574625651,0.5222089602623456,0.5207248263888888
10,38,0.15791714191436768,0.15580105781555176,-246.5807022565677,-233.7062984890408,0.5222137827932098,0.5204969618055556
10,39,0.15387843549251556,0.15183351933956146,-240.2150345272488,-227.73011322021483,0.5221233603395061,0.5204969618055556
10,40,0.1499733030796051,0.1479973942041397,-234.0911597357856,-221.95176671346027,0.5204806857638888,0.5185546875
10,41,0.14619940519332886,0.1442892998456955,-228.18592213760186,-216.36614888509115,0.5196602527006173,0.5183322482638889
10,42,0.14254996180534363,0.14070284366607666,-222.52548529542523,-210.96363711886937,0.5196958188657408,0.5176323784722222
10,43,0.13901960849761963,0.13723304867744446,-216.9759179951232,-205.73675969441732,0.518699966242284,0.5171657986111111
10,44,0.13560357689857483,0.133874773979187,-211.5876983595483,-200.67780549791124,0.5175974151234568,0.5156901041666667
10,45,0.1322976052761078,0.13062435388565063,-206.395955667378,-195.78119710286458,0.5166980131172839,0.5140082465277778
10,46,0.12909752130508423,0.12747734785079956,-201.3902116469395,-191.04024437798395,0.5165870949074074,0.5140082465277778
10,47,0.12599721550941467,0.1244286522269249,-196.51863003012573,-186.44733530680338,0.5151511863425926,0.5135470920138889
10,48,0.1229952797293663,0.12147625535726547,-191.83147374376838,-181.99939092000326,0.5143156828703703,0.5120822482638889
10,49,0.12008751928806305,0.11861620843410492,-187.25465279567388,-177.69053565131293,0.5137098524305556,0.511376953125
10,50,0.117269366979599,0.11584275960922241,-182.8310424098262,-173.51201604207355,0.5125217013888889,0.510400390625
10,51,0.1145373284816742,0.11315460503101349,-178.55295440297067,-169.4619189792209,0.5108048804012346,0.5087131076388889
10,52,0.1118883267045021,0.11054698377847672,-174.45928637186685,-165.5330825805664,0.5099012586805556,0.5075141059027778
10,53,0.10931918770074844,0.10801900178194046,-170.38649134694793,-161.72414406670464,0.5087233555169753,0.506787109375
10,54,0.10682834684848785,0.10556821525096893,-166.3917552853808,-158.0314697265625,0.5084544994212963,0.5065483940972222
10,55,0.10441102832555771,0.10318706929683685,-162.66342614727256,-154.44358342488607,0.5082839023919753,0.5072916666666667
10,56,0.10206383466720581,0.10087597370147705,-159.0177000398989,-150.96121080186632,0.5087323977623457,0.5072916666666667
10,57,0.09978629648685455,0.09863288700580597,-155.46494047376845,-147.58122126261392,0.5072229456018519,0.5046440972222223
10,58,0.09757459163665771,0.0964544266462326,-151.98375848369835,-144.29856499565972,0.5056495949074075,0.5034288194444444
10,59,0.09542699158191681,0.0943392962217331,-148.59056129926518,-141.11126708984375,0.5046205873842593,0.5022352430555556
10,60,0.09334055334329605,0.09228384494781494,-145.34468788335352,-138.01384701199,0.5037633825231481,0.5017469618055556
10,61,0.09131470322608948,0.09028808027505875,-142.16851299898124,-135.00625915527343,0.503026740933642,0.5012586805555556
10,62,0.08934524655342102,0.08834714442491531,-139.04051708174342,-132.0812491522895,0.5023781105324074,0.5002983940972222
10,63,0.08743110299110413,0.08646152913570404,-136.06280423388068,-129.23953721788195,0.5012068383487654,0.49957139756944446
10,64,0.08557063341140747,0.08462749421596527,-133.12982342096024,-126.4755239698622,0.5002284673996914,0.49787326388888886
10,65,0.08376088738441467,0.08284321427345276,-130.31385535251948,-123.78642145792644,0.4991717303240741,0.49765625
10,66,0.08200082182884216,0.08110873401165009,-127.53202370773127,-121.1723153008355,0.49895290798611114,0.4974175347222222
10,67,0.08028961718082428,0.07942157983779907,-124.82421492823848,-118.62949265374078,0.4989625530478395,0.4969401041666667
10,68,0.07862403243780136,0.07777886092662811,-122.26550632052951,-116.15356195237902,0.49800166377314814,0.4964572482638889
10,69,0.07700265944004059,0.07617975771427155,-119.66654225102177,-113.74333250257703,0.4976514274691358,0.49526909722222223
10,70,0.0754244476556778,0.0746237188577652,-117.17808005486006,-111.3979370964898,0.4972698447145062,0.4954861111111111
10,71,0.07388792932033539,0.07310767471790314,-114.82523954650502,-109.11278923882378,0.49566273630401236,0.49404839409722223
10,72,0.07239231467247009,0.0716327652335167,-112.46646637386746,-106.88955959743923,0.4957302517361111,0.49404839409722223
10,73,0.07093571126461029,0.07019548118114471,-110.20980277120331,-104.72302563985188,0.4946922019675926,0.49210069444444443
10,74,0.06951665878295898,0.06879545748233795,-107.94598792747215,-102.61258578830295,0.49330873842592593,0.4909125434027778
10,75,0.06813491880893707,0.06743230670690536,-105.78406968999792,-100.55770484076606,0.49188790027006174,0.48946397569444444
10,76,0.0667884349822998,0.06610335409641266,-103.68412644421613,-98.55433281792534,0.4905719521604938,0.4887424045138889
10,77,0.06547565758228302,0.06480801850557327,-101.59615453790735,-96.60158610873752,0.48949833622685185,0.4875271267361111
10,78,0.06419679522514343,0.06354568898677826,-99.59202040448601,-94.69853579203287,0.4886387201003086,0.4865451388888889
10,79,0.06294955313205719,0.06231417879462242,-97.6461936880041,-92.84192513359918,0.48744454089506173,0.48556315104166664
10,80,0.06173320487141609,0.06111343204975128,-95.72415604061551,-91.03163113064237,0.48675190489969133,0.48509114583333335
10,81,0.06054696440696716,0.05994221195578575,-93.87277526384518,-89.26579216851128,0.4862720630787037,0.48411458333333335
10,82,0.059390146285295486,0.058800145983695984,-92.05855122554449,-87.54388042026096,0.4850507571373457,0.48289930555555555
10,83,0.05826132744550705,0.05768556892871857,-90.28390308898172,-85.86336792839899,0.4842598620756173,0.4821560329861111
10,84,0.057160258293151855,0.05659810081124306,-88.5384974397259,-84.22369694179959,0.4837112991898148,0.4811957465277778
10,85,0.056085821241140366,0.055536843836307526,-86.8637303105107,-82.6235171424018,0.4824417679398148,0.48046875
10,86,0.0550370067358017,0.05450073629617691,-85.21856895258398,-81.06120325724284,0.48162434895833334,0.47947591145833335
10,87,0.05401292443275452,0.05348896235227585,-83.61073971972053,-79.53554996914333,0.48092628761574074,0.4782660590277778
10,88,0.05301366373896599,0.05250202864408493,-82.06281847070764,-78.04730724758572,0.4794524016203704,0.4772732204861111
10,89,0.05203797668218613,0.05153828114271164,-80.51844584147135,-76.59401435852051,0.47798695505401234,0.475830078125
10,90,0.05108553171157837,0.050596944987773895,-79.0270975889983,-75.17446560329861,0.4767228491512346,0.4746148003472222
10,91,0.050155673176050186,0.049678534269332886,-77.56398031682144,-73.78945592244466,0.4755419319058642,0.4736273871527778
10,92,0.04924692586064339,0.04878055676817894,-76.12473686359547,-72.43522440592447,0.47500060281635803,0.47264539930555555
10,93,0.04835887998342514,0.047902584075927734,-74.74791291554769,-71.11113658481175,0.47395953896604937,0.47215169270833335
10,94,0.047491222620010376,0.047044940292835236,-73.3818801385385,-69.81765721638997,0.4732801649305556,0.47093098958333335
10,95,0.04664325714111328,0.046206697821617126,-72.02124750113782,-68.55341987609863,0.47198350694444446,0.4697265625
10,96,0.04581405967473984,0.04538704454898834,-70.7374892152386,-67.31718855963813,0.4712016541280864,0.46923828125
10,97,0.04500386863946915,0.044586099684238434,-69.46679121888714,-66.10913458930122,0.47043306327160495,0.46827256944444445
10,98,0.04421167075634003,0.04380279406905174,-68.23545656086486,-64.92764752705892,0.4697952835648148,0.46778971354166665
10,99,0.04343701899051666,0.04303674399852753,-67.01010505064035,-63.772177124023436,0.4687307098765432,0.46656901041666665
10,100,0.042679741978645325,0.04228817671537399,-65.83660305635429,-62.643025461832686,0.46774992766203705,0.4653537326388889
10,101,0.041939638555049896,0.041556552052497864,-64.65836276301631,-61.53940870496962,0.46644603587962963,0.4643771701388889
10,102,0.04121554270386696,0.0408400297164917,-63.512904821796184,-60.45855797661675,0.4659354504243827,0.4641330295138889
10,103,0.04050672799348831,0.040139008313417435,-62.40197298144117,-59.40104925367567,0.4653694058641975,0.4631618923611111
10,104,0.039813295006752014,0.039452940225601196,-61.322167118684746,-58.366068267822264,0.46440550250771606,0.46243489583333336
10,105,0.039135247468948364,0.038782618939876556,-60.24308234438484,-57.35481798383925,0.46333791473765434,0.46097005208333336
10,106,0.03847136348485947,0.038125596940517426,-59.224057363580776,-56.36357290479872,0.4620382426697531,0.45951605902777776
10,107,0.03782166913151741,0.03748294711112976,-58.19063689149456,-55.394031058417426,0.4608983169367284,0.458544921875
10,108,0.0371854342520237,0.036853447556495667,-57.205093773500415,-54.444304423862036,0.4601044077932099,0.4583062065972222
10,109,0.036562927067279816,0.036237865686416626,-56.20767739025163,-53.515529017978245,0.45941538869598764,0.45732421875
10,110,0.03595350310206413,0.03563453257083893,-55.25377021601171,-52.60520496368408,0.45876133294753085,0.457080078125
10,111,0.03535670414566994,0.0350438728928566,-54.32212997483619,-51.71398724450005,0.45859314718364197,0.4565972222222222
10,112,0.03477197512984276,0.03446533903479576,-53.39614356594321,-50.841035249498155,0.4579903308256173,0.45611979166666666
10,113,0.03419942781329155,0.03389865905046463,-52.50260105250794,-49.98594512939453,0.45708670910493826,0.45514865451388886
10,114,0.03363870456814766,0.033343471586704254,-51.62224679405307,-49.14818865458171,0.45677625868055555,0.45466037326388886
10,115,0.033089637756347656,0.03280027210712433,-50.7596776102796,-48.3284833908081,0.456348259066358,0.4541775173611111
10,116,0.03255198150873184,0.03226805478334427,-49.90349488434968,-47.52532880571153,0.4557249469521605,0.45345594618055557
10,117,0.03202483803033829,0.0317462757229805,-49.07650587764787,-46.737917794121635,0.45472909432870373,0.45272352430555557
10,118,0.031508252024650574,0.031234627589583397,-48.28227829167872,-45.96576502058241,0.45452051986882713,0.45223524305555557
10,119,0.031002068892121315,0.030733376741409302,-47.47047173064432,-45.209279505411786,0.4539611062885803,0.4519856770833333
10,120,0.030505992472171783,0.030242441222071648,-46.69780645959171,-44.468352444966634,0.4530876253858025,0.45078125
10,121,0.030019961297512054,0.029761262238025665,-45.921198853151296,-43.74210073682997,0.45216471354166665,0.4505425347222222
10,122,0.029543660581111908,0.029289599508047104,-45.1776871987331,-43.0302062564426,0.45147147472993826,0.4495659722222222
10,123,0.029076620936393738,0.028827015310525894,-44.44170609580146,-42.33199823167589,0.451318359375,0.4495713975694444
10,124,0.0286187082529068,0.028373457491397858,-43.72463826897704,-41.64740623897976,0.4507173514660494,0.4488389756944444
10,125,0.028169747442007065,0.027929134666919708,-43.03146304377803,-40.97674043443468,0.45009102527006173,0.4483561197916667
10,126,0.02772972360253334,0.02749304473400116,-42.333604034376734,-40.31844757927789,0.4496256510416667,0.4471354166666667
10,127,0.02729795314371586,0.02706538513302803,-41.65382222540585,-39.67286807166205,0.4485743393132716,0.4466525607638889
10,128,0.02687446027994156,0.026646070182323456,-40.98295935407097,-39.03988206651476,0.4484079619984568,0.4461642795138889
10,129,0.02645900659263134,0.026234319433569908,-40.34870271918214,-38.418290540907115,0.44775028935185185,0.4454427083333333
10,130,0.026051826775074005,0.025831250473856926,-39.68714682143411,-37.80978613959418,0.4469630111882716,0.4449544270833333
10,131,0.02565217763185501,0.025434955954551697,-39.067690338323146,-37.21147997114394,0.44680085358796295,0.4451877170138889
10,132,0.025260314345359802,0.025047041475772858,-38.442352119492895,-36.62583906385634,0.44625590760030864,0.4439615885416667
10,133,0.02487550489604473,0.024665478616952896,-37.84492194917467,-36.04972994062636,0.4450044608410494,0.4429850260416667
10,134,0.02449803054332733,0.0242917500436306,-37.24943632314235,-35.48545585208469,0.44462770061728396,0.4427463107638889
10,135,0.024127431213855743,0.023924317210912704,-36.67491631802218,-34.93065085940891,0.4444643373842593,0.4425021701388889
10,136,0.023764263838529587,0.023564498871564865,-36.09641475912965,-34.38732969495985,0.44378014081790124,0.4417751736111111
10,137,0.02340756729245186,0.023211218416690826,-35.53201034569446,-33.85388505723741,0.4432659384645062,0.4415147569444444
10,138,0.023057274520397186,0.022863835096359253,-34.981745487966656,-33.329301897684736,0.4428927951388889,0.4410319010416667
10,139,0.02271340787410736,0.022523052990436554,-34.448583290900714,-32.81469853719076,0.44278850790895063,0.4410373263888889
10,140,0.022376032546162605,0.022188693284988403,-33.9132275381206,-32.30974979400635,0.4427505304783951,0.4410210503472222
10,141,0.022044647485017776,0.021860428154468536,-33.38487506089387,-31.81399540371365,0.44232735339506174,0.4405327690972222
10,142,0.02171924337744713,0.021537648513913155,-32.88025182323691,-31.326504770914713,0.44235267168209874,0.4407769097222222
10,143,0.02139979787170887,0.021221119910478592,-32.38082247840033,-30.848473400539824,0.4420271508487654,0.4400444878472222
10,144,0.02108623832464218,0.020910315215587616,-31.878837948080935,-30.379029846191408,0.4415225935570988,0.4395562065972222
10,145,0.020778371021151543,0.020605087280273438,-31.39728948569592,-29.918007469177248,0.4414996865354938,0.4398003472222222
10,146,0.020475763827562332,0.02030489593744278,-30.923169708251955,-29.46458928849962,0.4412736304012346,0.4393120659722222
10,147,0.02017899975180626,0.02001112513244152,-30.45812602337496,-29.02085206773546,0.44105239679783953,0.4393120659722222
10,148,0.019887346774339676,0.01972155086696148,-29.996528853899168,-28.583443938361274,0.44100778838734567,0.4390733506944444
10,149,0.0196006428450346,0.019437383860349655,-29.54379131058116,-28.154176457722983,0.4407847463348765,0.4388346354166667
10,150,0.019318806007504463,0.01915777660906315,-29.105396603949277,-27.731769402821858,0.4403483072916667,0.4385904947916667
