Fold,Epoch,Train_MSE,Val_MSE,Train_R2,Val_R2,Train_AuxAcc,Val_AuxAcc
1,1,0.046444348990917206,0.012053150683641434,-79.03203370011883,-16.15973097483317,0.9450038580246913,0.9941243489583333
1,2,0.008773081004619598,0.006112799048423767,-12.445483825236192,-7.535898123847113,0.993749397183642,0.9932345920138889
1,3,0.005055141169577837,0.004131577908992767,-6.370944585034876,-4.526118871900771,0.9914388020833333,0.9905327690972222
1,4,0.0035355212166905403,0.002955209231004119,-4.01097405133424,-2.829287272029453,0.9901945891203704,0.9901150173611111
1,5,0.002804947318509221,0.0029675825498998165,-2.779761892777902,-2.613222010930379,0.9891137393904321,0.9845540364583333
1,6,0.002381946425884962,0.0018809569301083684,-2.1103588021831747,-1.2924302683936224,0.9863667052469136,0.9844943576388889
1,7,0.0019722627475857735,0.0018747698049992323,-1.5023786662537375,-1.1727625475989447,0.9846559124228395,0.9694607204861111
1,8,0.0016962614608928561,0.0021329703740775585,-1.1188140670458475,-1.3532426410251193,0.9827088155864198,0.9823567708333333
1,9,0.0015155738219618797,0.0013781004818156362,-0.8547347093805855,-0.5772067533599006,0.9826931423611112,0.9887098524305555
1,10,0.0013079465134069324,0.0012749468442052603,-0.5608447985884584,-0.42967330747180515,0.9820402922453704,0.9815538194444444
1,11,0.0011951804626733065,0.0012633445439860225,-0.38835649799417565,-0.37335343625810413,0.9813036506558642,0.9867241753472222
1,12,0.0011150161735713482,0.0013527064584195614,-0.27181011879885636,-0.44594543245103624,0.9816008391203703,0.9839735243055555
1,13,0.0010685782181099057,0.0009232247830368578,-0.20663176701392658,-0.010471423467000326,0.9808515383873457,0.9869574652777777
1,14,0.000994690228253603,0.0013005731161683798,-0.09873152559186206,-0.3011080821355184,0.9808009018132716,0.9795301649305556
1,15,0.000944527389947325,0.0011597672710195184,-0.03158103772151617,-0.1757017665439182,0.9800919897762346,0.9859320746527778
1,16,0.0009076875867322087,0.0010603269329294562,0.014600623978508843,-0.07866545915603637,0.9804783950617284,0.9792588975694444
1,17,0.0008551845094189048,0.0012384632136672735,0.07710812253716551,-0.24835541513231066,0.9798466435185185,0.9812662760416667
1,18,0.0008816357585601509,0.0009001097059808671,0.07251447041829427,0.08473538557688395,0.9799340518904321,0.9828559027777778
1,19,0.0008211887907236814,0.0006427441257983446,0.14609453545676337,0.33883725272284615,0.9796591676311729,0.9828179253472222
1,20,0.0007885525701567531,0.0009133630082942545,0.1741642897511706,0.08192519479327731,0.9793927228009259,0.9867621527777778
1,21,0.0007548508001491427,0.0006873619859106839,0.2133085356818305,0.31384699079725475,0.979760440779321,0.9798068576388889
1,22,0.0007482406217604876,0.0007010994595475495,0.22942410133503102,0.30716398027208114,0.9783353829089506,0.9836263020833333
1,23,0.0006917748833075166,0.0010040902998298407,0.28899779246177204,0.014578240447574192,0.9794355227623457,0.9790581597222222
1,24,0.0007030816632322967,0.0006181068602018058,0.2923210910808893,0.38279147148132325,0.9793619791666667,0.9805067274305556
1,25,0.0006841479334980249,0.0005973855732008815,0.3022322584081579,0.4169103039635552,0.9794554157021605,0.9783474392361111
1,26,0.0006781602278351784,0.0008149025961756706,0.32638124698474086,0.18629539145363702,0.9792052469135802,0.9775824652777778
1,27,0.0006371858180500567,0.0006305023562163115,0.35546127219259005,0.37315935558742946,0.9795078607253086,0.9851345486111112
1,28,0.0006510483799502254,0.0006161305936984718,0.34424396473684427,0.3974995705816481,0.9794246720679012,0.9775010850694444
1,29,0.0006203360389918089,0.0006938320584595203,0.3737930296379843,0.3147754814889696,0.9785789207175926,0.9834689670138889
1,30,0.0006039215950295329,0.000683888210915029,0.3982561857612045,0.32965479029549494,0.979833984375,0.9806369357638889
1,31,0.0005821795202791691,0.0006648155394941568,0.42156057990627527,0.3474233349164327,0.9792438271604939,0.9810709635416667
1,32,0.0005593545502051711,0.0006841291906312108,0.44216534635167065,0.3466021219889323,0.9796422887731482,0.9791178385416667
1,33,0.0005655409768223763,0.0006230053259059787,0.43939268221089867,0.38080224461025663,0.9791377314814815,0.9833604600694444
1,34,0.0005364228854887187,0.0005967523320578039,0.4616207081594585,0.431624182065328,0.9798810040509259,0.9818413628472222
1,35,0.0005050548352301121,0.0006721316021867096,0.4995086309350567,0.3473931484752231,0.9800950038580247,0.9823079427083333
1,36,0.0004930061404593289,0.0006596673629246652,0.5053148437429358,0.3539819426006741,0.9801058545524691,0.9802625868055556
1,37,0.0004953350289724767,0.0005705984076485038,0.5026121096846498,0.44703102509180703,0.9801468460648148,0.981201171875
1,38,0.0004815892898477614,0.0005642393371090293,0.5154617143265995,0.4480591230922275,0.980151065779321,0.983349609375
1,39,0.00047250278294086456,0.0006697799544781446,0.5304417786774812,0.36172155406739975,0.9807171103395061,0.980908203125
1,40,0.00047125137643888593,0.0005627293139696121,0.5346776572274573,0.47082365221447414,0.9800944010416667,0.9836371527777777
1,41,0.0004517597844824195,0.0005314089357852936,0.5513002929864106,0.49404340320163304,0.9808135609567902,0.9817274305555556
1,42,0.0004549384175334126,0.0006070939125493169,0.5482942353060216,0.42542934285269846,0.9804295669367284,0.9831488715277777
1,43,0.0004453301662579179,0.00059370172675699,0.5607410528041699,0.42876559628380667,0.9809889805169754,0.9819498697916667
1,44,0.00043678059591911733,0.0005101776914671063,0.5697810707268891,0.5230501426590813,0.9812168451003086,0.9804741753472223
1,45,0.0004359539016149938,0.0006259690271690488,0.5697410439267571,0.40632605287763807,0.9806489920910494,0.9830403645833333
1,46,0.0004325913614593446,0.000546277267858386,0.5652464408933381,0.4812304576237996,0.9814838927469136,0.9807834201388889
1,47,0.0004271258367225528,0.0005496898666024208,0.5796204715599248,0.4841914693514506,0.981272907021605,0.983349609375
1,48,0.00041638751281425357,0.0005541355349123478,0.588685198036241,0.4759714404741923,0.981274112654321,0.9839680989583334
1,49,0.00041612001950852573,0.000554365455172956,0.5847727481229805,0.4810769293043349,0.9816430362654321,0.9825792100694445
1,50,0.0003976388252340257,0.0005750291747972369,0.6068889373614464,0.4538263731532627,0.9820222077546297,0.9823676215277778
1,51,0.00040037569124251604,0.0005008002044633031,0.5957813402752817,0.5395814114146762,0.9817232108410494,0.9858778211805556
1,52,0.0003923701588064432,0.000510208192281425,0.6061660985887787,0.5293091058731079,0.9822940779320988,0.9856011284722223
1,53,0.00037987009272910655,0.0006708816508762538,0.6248971138471439,0.36231108374065824,0.9822711709104939,0.9828287760416666
1,54,0.00039516043034382164,0.0006265029078349471,0.6060246235058632,0.40434695879618326,0.9819739824459877,0.9832194010416667
1,55,0.00038401014171540737,0.0005184074398130178,0.6141546795397629,0.5060054421424866,0.9821349344135802,0.9852810329861111
1,56,0.0003651321749202907,0.000578261271584779,0.6373896436926759,0.4543245196342468,0.9828329957561729,0.986083984375
1,57,0.00035142048727720976,0.00058406637981534,0.650751033682882,0.46010667085647583,0.9827721113040123,0.9838595920138888
1,58,0.00035561592085286975,0.0005446975119411945,0.6448352723945806,0.4884489390585158,0.9828601224922839,0.9839518229166667
1,59,0.0003499000449664891,0.0005707021337002516,0.6508539457380036,0.4603406985600789,0.9829240210262346,0.9850206163194445
1,60,0.00032473611645400524,0.0004924805252812803,0.6773899887814934,0.5501784510082669,0.9832007137345679,0.9859212239583334
1,61,0.0003120412875432521,0.0004899305058643222,0.687442120357796,0.5569469968477885,0.9837721836419753,0.9858561197916667
1,62,0.0002955149975605309,0.0004810975515283644,0.7060587055889177,0.5628884964519076,0.9840494791666666,0.986279296875
1,63,0.00029339862521737814,0.0005202512256801128,0.7073495477805903,0.5172855496406555,0.9842833719135803,0.9866373697916667
1,64,0.00029258488211780787,0.000511512509547174,0.7040402993743802,0.5274272587564256,0.9844401041666667,0.9860677083333333
1,65,0.0002818417560774833,0.0004878599429503083,0.7184415793713228,0.5607988980081346,0.9843315972222222,0.9880045572916667
1,66,0.0002862921101041138,0.0005076989764347672,0.7134300817678004,0.5465350720617507,0.9844859182098765,0.9876573350694444
1,67,0.000277484068647027,0.0006117369048297405,0.7213776057149157,0.43367120424906414,0.9845630787037037,0.9860568576388888
1,68,0.00028486637165769935,0.0005177239654585719,0.71498060344178,0.530961008866628,0.9845805603780864,0.9865234375
1,69,0.00027423453866504133,0.0004948406713083386,0.724369372703411,0.5386880755424499,0.9848301263503086,0.9862467447916666
1,70,0.0002736664901021868,0.0005596952978521585,0.7210739940772822,0.4899128900633918,0.9848964361496914,0.9861002604166667
1,71,0.0002569406060501933,0.0005192109965719283,0.7407714456687738,0.5336930923991733,0.9850188078703703,0.9878526475694445
1,72,0.0002493350475560874,0.0004941389779560268,0.7475749015808105,0.5563355127970377,0.9853346836419753,0.988232421875
1,73,0.0002430290769552812,0.0005338334012776613,0.7515033805811847,0.5203982538647122,0.9855263792438271,0.9882269965277778
1,74,0.00024246830435004085,0.000537016661837697,0.7549738717667851,0.5149932026863098,0.9855233651620371,0.9879774305555555
1,75,0.00023881110246293247,0.0005083309370093048,0.7566696280314599,0.5485598961512248,0.9855752073688272,0.9882921006944444
1,76,0.00023401489306706935,0.0005332393338903785,0.7617473225534698,0.5224207189348009,0.9857367621527777,0.9879937065972222
1,77,0.0002315990423085168,0.0005067936726845801,0.7643788980848996,0.5509448806444804,0.9857729311342592,0.9888400607638889
1,78,0.00023000896908342838,0.0005378004279918969,0.764393656047774,0.5217942582236396,0.9859121817129629,0.9883409288194445
1,79,0.00022561533842235804,0.0005322653451003134,0.7697636208416503,0.5274279289775424,0.9859079619984568,0.9888237847222222
1,80,0.00022251345217227936,0.000530904857441783,0.7728921036661407,0.5308167060216268,0.9859815055941358,0.9888454861111111
1,81,0.00022039009490981698,0.0005335150635801256,0.7740586848906529,0.5263265331586202,0.9860466097608025,0.9887369791666667
1,82,0.00021995681163389236,0.0005473037017509341,0.7743236273895076,0.5157532917128669,0.9860731336805556,0.9886501736111111
2,1,0.047875646501779556,0.02149069309234619,-77.09429151040537,-31.365456432766386,0.9749770929783951,0.9911078559027777
2,2,0.01565946638584137,0.011209165677428246,-23.018097216994676,-15.41168565220303,0.9909083236882716,0.9903537326388889
2,3,0.008679601363837719,0.006887657567858696,-12.003180174768707,-8.817765225304498,0.990526740933642,0.9877658420138888
2,4,0.005748942028731108,0.004826880060136318,-7.389258319360239,-5.668828222486708,0.9889732831790123,0.9897623697916667
2,5,0.004270893055945635,0.003670999314635992,-5.059605928703591,-4.025591611862183,0.9884415991512345,0.9817979600694444
2,6,0.003342424053698778,0.003158946055918932,-3.641582853411451,-3.244904277059767,0.9849301938657408,0.9779079861111111
2,7,0.002758835442364216,0.002322296379134059,-2.7711484535240833,-2.0645455678304034,0.9834484712577161,0.9847873263888889
2,8,0.0022901021875441074,0.0022133570164442062,-2.0762082878454233,-1.8581543736987645,0.9838535638503086,0.9811252170138889
2,9,0.002033507451415062,0.001954075414687395,-1.6758071721335988,-1.4849717881944444,0.9831205391589506,0.9741482204861112
2,10,0.0017887388821691275,0.0016267359023913741,-1.3180168169516104,-1.0258732106950548,0.981614703896605,0.9837999131944445
2,11,0.001642335206270218,0.0014393031597137451,-1.092119014410325,-0.7629245241483052,0.9819540895061728,0.980078125
2,12,0.001513053895905614,0.0014418154023587704,-0.8931172425364271,-0.7149598201115926,0.9812753182870371,0.9820041232638889
2,13,0.0013449004618451,0.0015439607668668032,-0.6650212626398345,-0.869328957133823,0.9815266927083334,0.9761773003472223
2,14,0.001310015912167728,0.0011625291081145406,-0.586254240701228,-0.35791128873825073,0.9806827498070988,0.9751030815972223
2,15,0.0011825349647551775,0.0012358042877167463,-0.42424419308886113,-0.43410162263446384,0.9802330488040123,0.9777235243055555
2,16,0.0011150140780955553,0.001191600225865841,-0.3188321759671341,-0.3589553170733982,0.9805507330246913,0.9767035590277777
2,17,0.0010495925089344382,0.0013924239901825786,-0.23927692616427387,-0.5075422922770182,0.9799696180555556,0.9776095920138889
2,18,0.0010208671446889639,0.0009988103993237019,-0.17329977279827918,-0.11128402021196153,0.9806019724151235,0.9755750868055556
2,19,0.0009521241881884634,0.0009956173598766327,-0.10058240463704239,-0.08867877854241266,0.979662784529321,0.9779405381944445
2,20,0.0009213149314746261,0.000973494490608573,-0.04836049933492401,-0.07726887729432848,0.9796591676311729,0.979443359375
2,21,0.0008675606804899871,0.0009049600921571255,0.021032368842466377,0.029904398653242324,0.9801818094135802,0.9783637152777778
2,22,0.000843003042973578,0.0009266177075915039,0.06283098179617046,-0.02107634014553494,0.9798369984567902,0.9788302951388889
2,23,0.0008275075233541429,0.0007669416372664273,0.07856744998767053,0.19950057400597465,0.9798436294367284,0.983642578125
2,24,0.0008018602966330945,0.000815404811874032,0.11764573565235845,0.13951687547895644,0.9798460407021605,0.9779296875
2,25,0.0007944375392980874,0.0008997960831038654,0.13091682960957657,0.05844790538152059,0.9797471788194444,0.9740017361111111
2,26,0.0007409434183500707,0.000712648849003017,0.19374964281364723,0.27516457107332015,0.9792793933256173,0.9769422743055556
2,27,0.0007206088048405945,0.0007672784267924726,0.21687266105487024,0.21159913539886474,0.9795373987268519,0.9806260850694445
2,28,0.00070937693817541,0.0007434365106746554,0.24467228297834043,0.26787101957533094,0.9801974826388888,0.9682779947916667
2,29,0.0006740512326359749,0.000679147255141288,0.2845331412774545,0.3247895823584663,0.9794843508873456,0.9741102430555556
2,30,0.0006859231507405639,0.0006919793086126447,0.27273311379515097,0.2949872136116028,0.9796501253858024,0.9775065104166667
2,31,0.0006559736793860793,0.0007397854351438582,0.30871388912200926,0.20887186527252197,0.9802438994984568,0.9769965277777778
2,32,0.000658156699500978,0.0006630356656387448,0.30578129482857974,0.3574800981415643,0.9796368634259259,0.977880859375
2,33,0.0006111218826845288,0.0006550197722390294,0.35799162608605845,0.34636085828145347,0.9797459731867284,0.9759874131944445
2,34,0.0006300101522356272,0.0007092293817549944,0.33938112567972256,0.31234522925482855,0.9799081307870371,0.9708767361111111
2,35,0.0005825542029924691,0.0007063577650114894,0.39463734950548335,0.2841694924566481,0.979979865933642,0.9766330295138889
2,36,0.0005990184145048261,0.0006297251093201339,0.37478065888086953,0.41833731333414714,0.9799527391975309,0.9797743055555556
2,37,0.0005916672525927424,0.0006166613893583417,0.37923355293862615,0.4215220676528083,0.9796591676311729,0.9796657986111111
2,38,0.0005674169515259564,0.0006697997450828552,0.41569416213918614,0.35644422239727447,0.9800937982253086,0.974951171875
2,39,0.0005464122514240444,0.000683100544847548,0.4382389607252898,0.3472782439655728,0.9803240740740741,0.9760199652777778
2,40,0.0005409648874774575,0.0005699722096323967,0.4468166591208658,0.4597966035207113,0.9800588348765432,0.9822916666666667
2,41,0.000541514833457768,0.0006200573407113552,0.44083676794428883,0.386360580391354,0.9808189863040123,0.97529296875
2,42,0.0005355524481274188,0.0005788197740912437,0.4452450516783161,0.4539172132809957,0.9800359278549383,0.9758680555555556
2,43,0.0005267662345431745,0.0006470998632721603,0.45369372102949357,0.37976303233040704,0.9806471836419753,0.974853515625
2,44,0.0005463965353555977,0.0006510696257464588,0.43140500327687203,0.38480895360310874,0.980126953125,0.9726888020833333
2,45,0.000519677996635437,0.0005705136572942138,0.4731239301187021,0.4744913366105821,0.9803849585262345,0.9760145399305555
2,46,0.0004859364125877619,0.0006651676958426833,0.5014188875386745,0.35670856237411497,0.9809479890046297,0.9762261284722222
2,47,0.0005109518533572555,0.0005554636009037495,0.4803140454822116,0.49362365404764813,0.9808159722222223,0.9768880208333334
2,48,0.00048847496509552,0.0005509060574695468,0.503806749832483,0.48112511105007594,0.981223476080247,0.9788899739583333
2,49,0.0004826228541787714,0.0005458933301270008,0.5054227144629867,0.4995516459147135,0.9807882426697531,0.9777506510416667
2,50,0.00047969078877940774,0.0005502935964614153,0.5112125471786216,0.47581481006410387,0.9808521412037037,0.9796169704861111
2,51,0.0004674275405704975,0.0005270661786198616,0.5232426778769788,0.520863574080997,0.9813145013503086,0.9793294270833334
2,52,0.0004389045643620193,0.0005127704353071749,0.5552438737433634,0.5355863293011983,0.9814814814814815,0.9757541232638889
2,53,0.00044005451491102576,0.0006162365898489952,0.5561464147803225,0.4088793648613824,0.9813826195987654,0.9781629774305556
2,54,0.00043763284338638186,0.0005056912777945399,0.5479066748677949,0.5384720471170213,0.9815833574459877,0.9799750434027777
2,55,0.00042675991426222026,0.0005537604447454214,0.5646291258894367,0.46086396243837147,0.9814838927469136,0.9787543402777777
2,56,0.00042025145376101136,0.0005058915121480823,0.5715297332516422,0.5325322628021241,0.9820656105324074,0.9796278211805556
2,57,0.00041600281838327646,0.0005495677469298244,0.578139653765125,0.47480887836880153,0.9820728443287037,0.9792751736111112
2,58,0.000417757430113852,0.0005548191256821156,0.5713816084979493,0.4835127274195353,0.9818389515817901,0.9797200520833333
2,59,0.00039948284393176436,0.000492480699904263,0.5962194408899472,0.5608123103777568,0.9822651427469136,0.9801595052083333
2,60,0.0004012080025859177,0.0005848957225680351,0.5907189008630352,0.4512364559703403,0.9821084104938271,0.9778049045138889
2,61,0.0003888669307343662,0.0005038489471189678,0.6030485525543308,0.5559357285499573,0.9822440441743827,0.9801920572916667
2,62,0.0003988214011769742,0.0005311529384925961,0.5928523814236676,0.4970979226960076,0.9823609905478395,0.9785101996527777
2,63,0.00037838544812984765,0.0004942993400618434,0.6111197108103905,0.5587590561972724,0.9826358748070988,0.97802734375
2,64,0.0003841043799184263,0.0004982734681107104,0.6074707552238747,0.5540263679292466,0.9824851707175926,0.9803059895833334
2,65,0.0003573958820197731,0.00047458618064410985,0.6384063884064003,0.5734019968244765,0.9829065393518519,0.9806043836805556
2,66,0.0003423584857955575,0.0005256959120742977,0.6500949206175628,0.5161829789479574,0.9832073447145062,0.9805935329861111
2,67,0.0003464005421847105,0.0005391742452047765,0.6476009130477905,0.5135212739308676,0.9835521556712963,0.978955078125
2,68,0.00034955580485984683,0.0005419940571300685,0.644482410395587,0.5062726868523492,0.9832851080246914,0.9796820746527778
2,69,0.0003426455077715218,0.0004797315923497081,0.6499934960294653,0.5611475785573323,0.9834484712577161,0.9811252170138889
2,70,0.0003366654273122549,0.00048375094775110483,0.6609630374260891,0.5691155234972636,0.9834828317901234,0.9841145833333333
2,71,0.00031814415706321597,0.0005012231413275003,0.678537063392592,0.5550220025910272,0.9835033275462963,0.9819498697916667
2,72,0.00033103511668741703,0.00048808121937327087,0.6581087677567093,0.5786279320716858,0.9835382908950617,0.9833279079861111
2,73,0.0003183324006386101,0.00048372114542871714,0.6782932577309785,0.5642938137054443,0.983690803433642,0.9798122829861111
2,74,0.00028835813282057643,0.00046940581523813307,0.7075341302671551,0.5956081377135383,0.983983772183642,0.9832845052083333
2,75,0.00026482660905458033,0.00047684734454378486,0.7285906177979928,0.5828396413061354,0.984862075617284,0.9818901909722222
2,76,0.00025862036272883415,0.000473592197522521,0.7328820761339164,0.5896288063791063,0.9852551118827161,0.9834201388888889
2,77,0.0002454959903843701,0.0004665705200750381,0.74616679644879,0.6018712215953403,0.9853696469907407,0.9851019965277777
2,78,0.00024038765695877373,0.0004717092670034617,0.752069882551829,0.5908073412047492,0.9857849874614197,0.983935546875
2,79,0.00023792599677108228,0.0004985766718164086,0.7544355129018242,0.5625047551261054,0.9858223620756172,0.9826551649305556
2,80,0.0002361856313655153,0.00048413517652079463,0.7561841131728373,0.5744328657786052,0.9858675733024691,0.983740234375
2,81,0.00023655536642763764,0.00046982913045212626,0.7553254841286459,0.6011140240563286,0.9859212239583334,0.9845323350694445
2,82,0.0002383686660323292,0.0004814631538465619,0.7522379398345947,0.585517762766944,0.9860315393518518,0.9847059461805555
2,83,0.00022952033032197505,0.0004613292985595763,0.7629588312572904,0.6086177534527248,0.986106288580247,0.9835666232638889
2,84,0.00022547485423274338,0.0004622224369086325,0.7657010191752587,0.6066622919506497,0.9862075617283951,0.9848090277777778
2,85,0.00022191699827089906,0.00046331470366567373,0.7705908242567086,0.6014090193642511,0.9863739390432099,0.9859646267361111
2,86,0.00021545551135204732,0.00044684120803140104,0.7751669824859242,0.6312033534049988,0.986596378279321,0.9855848524305556
2,87,0.0002129843196598813,0.00045991296065039933,0.7782743083106147,0.6153828077846103,0.9865807050540123,0.9854871961805556
2,88,0.00021158020535949618,0.00047480323701165617,0.7790475289026896,0.5861314614613851,0.9867651668595679,0.985302734375
2,89,0.00020529729954432696,0.0004965623957104981,0.7868411042072155,0.5602843324343364,0.9866916232638889,0.9849717881944444
2,90,0.00020315253641456366,0.0004673351068049669,0.7895465837584601,0.6026226229137844,0.9869448061342593,0.9854926215277777
2,91,0.00020345073426142335,0.00045932791545055807,0.7866103537288713,0.610776444276174,0.9869460117669753,0.9856011284722223
2,92,0.00020956213120371103,0.0004661415296141058,0.7824007371325552,0.6060341318448385,0.9869900173611111,0.9849609375
2,93,0.0002081359561998397,0.0004566024290397763,0.784953690899743,0.6119479656219482,0.9868127893518519,0.9850151909722222
2,94,0.00020450841111596674,0.0004709184868261218,0.7879278185926838,0.5975771983464558,0.9868947723765432,0.9834798177083334
2,95,0.00018689002899918705,0.00046815333189442754,0.8047950070581319,0.5985931926303439,0.9872365692515432,0.9857421875
2,96,0.00017402628145646304,0.00045579817378893495,0.8191050283702803,0.613862869474623,0.98759765625,0.9858669704861112
2,97,0.00016903021605685353,0.00046490697422996163,0.8222797666066959,0.6037794748942057,0.9878351658950617,0.9867621527777778
2,98,0.00016435844008810818,0.0004714934038929641,0.8264651741510556,0.5989299403296576,0.9879436728395061,0.9866482204861111
2,99,0.00016172757023014128,0.00046123634092509747,0.8291888975802763,0.6117716087235345,0.9881022135416667,0.9867784288194444
2,100,0.00015909512876532972,0.00046714331256225705,0.8307867784558991,0.6077096819877624,0.9881811824845679,0.9868977864583334
2,101,0.00015713160973973572,0.00047071982407942414,0.8333118946463973,0.6009907245635986,0.9882969232253086,0.9865993923611112
2,102,0.00015623372746631503,0.0004701901343651116,0.8341206596221453,0.6042144126362271,0.9883795090663581,0.9867621527777778
2,103,0.0001531211892142892,0.00046676569036208093,0.8375524122038005,0.6108652472496032,0.9884837962962963,0.9870768229166667
2,104,0.00015077376156114042,0.00047419959446415305,0.8400581813152925,0.5990707225269741,0.9885965229552469,0.9868869357638889
2,105,0.0001481788931414485,0.00048000679817050695,0.8420725921053945,0.5911031776004367,0.9886326919367284,0.9872287326388889
2,106,0.00014723726781085134,0.00046819524141028523,0.8429218186272516,0.6092604570918613,0.9886845341435185,0.9871039496527778
3,1,0.04092634469270706,0.013244911096990108,-65.5732013590542,-18.984758218129475,0.9144609616126543,0.9934244791666667
3,2,0.009683769196271896,0.006931370589882135,-13.735758002010392,-9.10925137731764,0.990917365933642,0.98984375
3,3,0.005314487963914871,0.0041467295959591866,-6.867865018785736,-4.853049453099569,0.9897919077932099,0.9883843315972223
3,4,0.0035511257592588663,0.0027793487533926964,-4.027404534080882,-2.8134898556603325,0.9885567370756173,0.9879503038194445
3,5,0.002647446934133768,0.002748541533946991,-2.6119539708267023,-2.5391943481233383,0.987474078896605,0.989111328125
3,6,0.0021555516868829727,0.0021114028058946133,-1.7977031829916401,-1.6420939842859903,0.9856819058641976,0.9778049045138889
3,7,0.0017638889839872718,0.0016169317532330751,-1.2358094623059401,-1.0098777625295852,0.9843315972222222,0.9876139322916667
3,8,0.0015733331674709916,0.0014601647853851318,-0.9309290613657163,-0.7383229401376512,0.9840681664737654,0.9828396267361111
3,9,0.0013870581751689315,0.001234343508258462,-0.66021521003158,-0.46658294995625815,0.9829433111496914,0.9822211371527778
3,10,0.0012599986512213945,0.001283810706809163,-0.47669197541696057,-0.455959685643514,0.9820125626929013,0.9871365017361111
3,11,0.001163943437859416,0.001079166540876031,-0.32981944422662995,-0.24279996554056804,0.9824851707175926,0.9836480034722223
3,12,0.0010494503658264875,0.0011491866316646338,-0.1918849809670154,-0.276905185646481,0.9814284336419753,0.9816677517361111
3,13,0.0010046105599030852,0.0009262320818379521,-0.10160328444139458,-0.032684303654564754,0.9815194589120371,0.985009765625
3,14,0.0009251948213204741,0.001048826496116817,-0.007564278885170266,-0.1721318589316474,0.9810842255015432,0.9829481336805556
3,15,0.0009082392789423466,0.0012828396866098046,0.017724828955567914,-0.3731033484141032,0.9805157696759259,0.9751681857638889
3,16,0.000878098071552813,0.0009316072682850063,0.06231623078569954,0.006201334794362386,0.9802517361111112,0.98203125
3,17,0.0008240625029429793,0.0009904175531119108,0.13305815369994553,-0.035918909973568384,0.9797881703317901,0.9837022569444445
3,18,0.0008121432038024068,0.0007796241552568972,0.14520501295725505,0.1710387865702311,0.9801595052083333,0.9839138454861112
3,19,0.0007555573247373104,0.0006731219473294914,0.21527963508794337,0.2894193172454834,0.9797429591049382,0.9876790364583333
3,20,0.0007264396408572793,0.0007677298272028565,0.25694662671030305,0.18237506283654106,0.9793854890046296,0.9773003472222223
3,21,0.0007507458794862032,0.0006734721246175468,0.2259386387872107,0.2956433826022678,0.9793800636574074,0.9821668836805556
3,22,0.0006905478076077998,0.0007024396909400821,0.3039255830976698,0.26107680797576904,0.979443962191358,0.9842122395833334
3,23,0.0006690786685794592,0.0009908403735607862,0.3270601000314877,-0.07443493472205268,0.9792763792438272,0.9781792534722222
3,24,0.000688508152961731,0.0006630447460338473,0.30539379546671735,0.31774884859720864,0.9795572916666667,0.97392578125
3,25,0.0006625442765653133,0.0005497912643477321,0.3329280806176456,0.4577365265952216,0.9783414110725308,0.9808810763888889
3,26,0.0006302797701209784,0.0007457371102645993,0.3692237021010599,0.24256188207202486,0.9796832802854938,0.9831108940972222
3,27,0.0006457320414483547,0.0007993448525667191,0.35427768833843276,0.1473299132453071,0.9796193817515432,0.9795030381944444
3,28,0.0006244600517675281,0.0005697055603377521,0.3803987079196506,0.4249212013350593,0.9790961371527778,0.98681640625
3,29,0.0005995398387312889,0.0007395459106191993,0.404922749672407,0.23671826786465114,0.9793384693287037,0.9826226128472222
3,30,0.0005984896561130881,0.000685632461681962,0.412836953887233,0.3012423011991713,0.979296272183642,0.9847330729166667
3,31,0.0005827716086059809,0.0005672787083312869,0.43465174672044354,0.45224791897667777,0.9794180410879629,0.9817545572916667
3,32,0.0005663727642968297,0.0006306738941930234,0.4499177126236904,0.39032515287399294,0.9792860243055556,0.9789225260416666
3,33,0.0005576045368798077,0.0005464268615469337,0.45482005499027395,0.4643766231007046,0.979126880787037,0.9830783420138889
3,34,0.0005350876599550247,0.0006071287207305431,0.4732231937808755,0.40920520491070217,0.9794632523148148,0.9809516059027777
3,35,0.0005400612717494369,0.000835552578791976,0.4655837032530043,0.19196038908428617,0.9798008294753087,0.9757541232638889
3,36,0.0005587482592090964,0.0007245604647323489,0.4523893744857223,0.2836532089445326,0.9788061824845679,0.98115234375
3,37,0.0005209632217884064,0.0006808144389651716,0.49601117490250385,0.32068347930908203,0.9796175733024691,0.9802137586805556
3,38,0.0005174751277081668,0.0005670419195666909,0.4962285503929044,0.43442451688978406,0.9799925250771605,0.9845431857638889
3,39,0.0004967075074091554,0.0005093830404803157,0.5165189111674273,0.5104222893714905,0.9797911844135803,0.9796332465277777
3,40,0.0004876977764070034,0.0006302781403064728,0.5322242454246239,0.3687772207789951,0.9795500578703704,0.9803114149305555
3,41,0.0004904087400063872,0.000639129604678601,0.5215579992459144,0.3732317354944017,0.980149860146605,0.9782389322916667
3,42,0.0004838547029066831,0.000547392584849149,0.5272175958127151,0.4717069665590922,0.9798315731095679,0.9811414930555555
3,43,0.00045643380144611,0.000782589428126812,0.5604346621183701,0.22380702098210653,0.9801365981867284,0.9798556857638889
3,44,0.0004777755821123719,0.0008173583773896098,0.5294026763350875,0.1452497402826945,0.9799201871141975,0.9800618489583334
3,45,0.000468927260953933,0.0005028476007282734,0.534305065796699,0.522019977039761,0.9803994261188271,0.9818630642361111
3,46,0.00045262527419254184,0.0005795959150418639,0.5614090399977602,0.43070886135101316,0.9801402150848766,0.9839463975694445
3,47,0.00043637771159410477,0.0006297353538684547,0.5691100288320471,0.38612178961435956,0.9804368007330246,0.9801161024305556
3,48,0.0004196078807581216,0.0005470484029501677,0.5928056082607788,0.46799993250105115,0.9809546199845679,0.9807400173611112
3,49,0.00041242415318265557,0.0005884465062990785,0.5962738811233897,0.43419304688771565,0.9805055217978395,0.9828776041666667
3,50,0.0004170035244897008,0.0004891487769782543,0.5924545782583731,0.5348404460483127,0.9805959442515432,0.9846733940972222
3,51,0.0004099825455341488,0.0005034032510593534,0.6010562200605133,0.5294190804163615,0.9806731047453704,0.9838487413194444
3,52,0.0003913436958100647,0.0005465574795380235,0.6204000169848218,0.4681861321131388,0.9813054591049383,0.9834906684027778
3,53,0.0003843286249320954,0.0007953027379699051,0.6188629781758344,0.23782306512196857,0.9812198591820988,0.9828830295138888
3,54,0.00040243822149932384,0.0005732513382099569,0.6151584282333469,0.4227475881576538,0.9814272280092593,0.9801649305555555
3,55,0.00037690435419790447,0.0004823231720365584,0.6300495756997002,0.5394638088014391,0.9813265576774691,0.9852756076388889
3,56,0.00037263950798660517,0.0004998780786991119,0.6417469501495361,0.5095647083388435,0.9814832899305556,0.9835666232638889
3,57,0.00037825878825969994,0.0005438493099063635,0.6257484003349587,0.4641000813908047,0.9815779320987654,0.9833550347222222
3,58,0.00035070860758423805,0.0005345165845938027,0.6612176568419845,0.48956004910998874,0.9817961516203704,0.9834526909722222
3,59,0.00035777734592556953,0.000515999854542315,0.6469283644063973,0.5055844373173184,0.9817889178240741,0.9830674913194445
3,60,0.0003666882694233209,0.0004889382980763912,0.6423768676357505,0.5400145186318291,0.981981819058642,0.9833279079861111
3,61,0.0003342708805575967,0.0005255763535387814,0.67669928294641,0.4986011611090766,0.9820782696759259,0.9838270399305555
3,62,0.00033973160316236317,0.0004894928424619138,0.6720105468490978,0.5391915056440565,0.982347125771605,0.9824273003472223
3,63,0.0003123783098999411,0.00043671263847500086,0.6979998984454591,0.5957203282250298,0.9826069396219136,0.9850423177083333
3,64,0.0003179588820785284,0.0005520081613212824,0.6879320508168068,0.45798251231511433,0.9821698977623456,0.9850314670138889
3,65,0.0003183068474754691,0.000451158732175827,0.6883207098937328,0.5797407931751675,0.9825352044753086,0.9853352864583333
3,66,0.0003100758767686784,0.0005099074332974851,0.6972720901171366,0.5181578265296088,0.982764877507716,0.9857367621527777
3,67,0.0002895127690862864,0.0005226753419265151,0.7166112468566423,0.5112259215778775,0.9832308545524692,0.9867621527777778
3,68,0.0002833863836713135,0.0005534295924007893,0.7195745284174695,0.4817180726263258,0.9834593219521605,0.9863715277777778
3,69,0.0002799665089696646,0.0005400356603786349,0.7247997376653883,0.4930449022187127,0.9837058738425926,0.9859375
3,70,0.00027804472483694553,0.0005534572410397232,0.7268858696207589,0.47233883407380844,0.9836136429398148,0.9875271267361111
3,71,0.00027486897306516767,0.0004358635051175952,0.7301017911345871,0.6043670190705194,0.983765552662037,0.9860243055555555
3,72,0.0002697450399864465,0.0005168161587789655,0.7353938026192748,0.5007162729899088,0.983910831404321,0.9862413194444445
3,73,0.0002767734695225954,0.0005441319081000984,0.7213309366026043,0.4915964312023587,0.9839674961419753,0.9863172743055556
3,74,0.00028027890948578715,0.0004739603609777987,0.7253712551093395,0.5579881164762709,0.9841591917438272,0.9868001302083333
3,75,0.00025485377409495413,0.0004927884438075125,0.7508345508281096,0.5280989196565417,0.9843098958333333,0.9870334201388888
3,76,0.00026500760577619076,0.0005020842654630542,0.7359701113936342,0.5351388547155592,0.9844057436342593,0.9864040798611111
3,77,0.0002447366714477539,0.0005181807791814208,0.7615311780093629,0.5141748203171624,0.984523292824074,0.9878255208333333
3,78,0.00023485266137868166,0.0005094771040603518,0.7686375877003611,0.5212290287017822,0.9850236304012345,0.9869032118055555
3,79,0.0002551722282078117,0.0004352869582362473,0.7474789635634717,0.6078319443596734,0.9847312644675926,0.9862467447916666
3,80,0.0002470514737069607,0.000517932465299964,0.7571131997638278,0.5087414211697049,0.9847891348379629,0.9853841145833333
3,81,0.00024580874014645815,0.0005482297856360674,0.7562580732651699,0.48104042344623144,0.9847276475694444,0.9858940972222222
3,82,0.0002391889865975827,0.00046440077130682766,0.7660628621960863,0.5667136271794637,0.9847559799382716,0.9871527777777778
3,83,0.00023679324658587575,0.00042911525815725327,0.7650992525948419,0.6069308890236749,0.9849096981095679,0.9877821180555556
3,84,0.00022562925005331635,0.0004953735042363405,0.7736788776185778,0.5337064054277209,0.9853099681712963,0.98798828125
3,85,0.0002389755827607587,0.0004909904091618955,0.7638028420047995,0.5402243243323432,0.985498046875,0.9873969184027778
3,86,0.0002301110653206706,0.00046652054879814386,0.7734970549006521,0.5667637652821012,0.9854721257716049,0.9877549913194444
3,87,0.00021890134667046368,0.00047619189717806876,0.7835676577356127,0.5610853062735663,0.9857620804398148,0.9871744791666667
3,88,0.00020681862952187657,0.00046204385580495,0.7967343071360647,0.5780300974845887,0.9860303337191358,0.9876681857638889
3,89,0.00020439602667465806,0.0004695718234870583,0.7959815369711982,0.5653871827655368,0.9864082995756173,0.9876953125
3,90,0.00019224190327804536,0.00044653640361502767,0.809687766911071,0.5957786546813117,0.9864697868441358,0.9888454861111111
3,91,0.0001904389209812507,0.0005462612025439739,0.8108536409743038,0.4968306263287862,0.9866898148148148,0.9880967881944445
3,92,0.0001772581017576158,0.00043888951768167317,0.8228167694291951,0.6031126274002923,0.9870882764274691,0.9898383246527778
3,93,0.00015489112411160022,0.00044331009848974645,0.8456687083950749,0.5972644951608446,0.9878243152006173,0.9895833333333334
3,94,0.00014849175931885839,0.0004717300762422383,0.8507427474598825,0.5673286729388767,0.9881245177469136,0.9900336371527778
3,95,0.00014354835730046034,0.0004646556335501373,0.8546157938462716,0.5705652846230401,0.9882535204475309,0.99033203125
3,96,0.00014251511311158538,0.0004743761382997036,0.8568665979821005,0.5663662791252136,0.9884223090277777,0.9902289496527777
3,97,0.00014157238183543086,0.0004461813368834555,0.8558090338000545,0.5962526347902086,0.9886061680169753,0.9902723524305556
3,98,0.00013779476284980774,0.00047222129069268703,0.8609795284859928,0.57229915327496,0.9887062355324074,0.9903211805555555
3,99,0.00014075424405746162,0.0004644866567105055,0.8567557823510817,0.5697389350997077,0.9888002748842593,0.9905056423611112
3,100,0.00013376798597164452,0.00046041206223890185,0.8639914104967942,0.5827139046457078,0.9889998070987654,0.990869140625
3,101,0.00012461724691092968,0.00048211929970420897,0.8733741070017402,0.5565005381902058,0.9892638406635802,0.9908474392361111
3,102,0.00012163762585259974,0.00045481149572879076,0.8749866595974675,0.5851626025305854,0.9895345052083333,0.9909993489583333
3,103,0.00011777120380429551,0.00047278456622734666,0.8790646716400429,0.5662637141015795,0.989599006558642,0.9912000868055556
4,1,0.08116636425256729,0.03468482941389084,-117.64916055938345,-50.4853934817844,0.7605125144675926,0.9940755208333333
4,2,0.024745173752307892,0.016770441085100174,-37.75964438473737,-23.700306606292724,0.9932605131172839,0.9925618489583333
4,3,0.013136964291334152,0.010070804506540298,-19.201922908830053,-13.591977734035916,0.9911940586419753,0.9907118055555556
4,4,0.008391357026994228,0.006868772208690643,-11.609706437146222,-8.827192290623982,0.9911006221064815,0.991796875
4,5,0.006092466413974762,0.005246268119663,-7.979857642562301,-6.321067751778497,0.9897424768518519,0.9900119357638889
4,6,0.0047238171100616455,0.004351628944277763,-5.812418975947816,-4.944477311770121,0.9887164834104938,0.9894748263888888
4,7,0.003828083397820592,0.003566053695976734,-4.443078826680596,-3.807796825302972,0.9865234375,0.9854817708333333
4,8,0.003180841449648142,0.002891739597544074,-3.4462563879695938,-2.8362301694022283,0.9841760706018519,0.9830078125
4,9,0.0027010967023670673,0.002636148128658533,-2.7318313183607876,-2.4325557629267376,0.9832151813271605,0.9822319878472222
4,10,0.002341021317988634,0.002189943566918373,-2.201355803601536,-1.8341103143162198,0.9826340663580246,0.9886555989583333
4,11,0.0021034502424299717,0.0019113316666334867,-1.8285555177264743,-1.4514621019363403,0.9824291087962963,0.9811957465277777
4,12,0.0018645144300535321,0.002025371417403221,-1.468655651881371,-1.4992009427812365,0.9811891155478395,0.987060546875
4,13,0.001722919987514615,0.0016823920886963606,-1.239469983695466,-1.0771911925739712,0.9817201967592593,0.9817925347222223
4,14,0.0015802993439137936,0.0013748777564615011,-1.030385359717004,-0.6863604611820645,0.9805314429012346,0.9858506944444444
4,15,0.0014338535256683826,0.0017879654187709093,-0.8174102780259686,-1.1204209367434184,0.981395881558642,0.9730848524305555
4,16,0.0013731725048273802,0.0014232280664145947,-0.7279209774217488,-0.6909418145815531,0.9809069974922839,0.9814453125
4,17,0.0012831083731725812,0.0012297999346628785,-0.5852149891264644,-0.4538593610127767,0.9812548225308642,0.9739800347222223
4,18,0.0012055913684889674,0.0013689107727259398,-0.4725253562868377,-0.5931763874159919,0.9804337866512346,0.98330078125
4,19,0.0011662852484732866,0.0012606325326487422,-0.4116568993639063,-0.42119551499684654,0.9806936005015432,0.9810221354166667
4,20,0.0011017066426575184,0.0015275741461664438,-0.31450452627959075,-0.6710172891616821,0.9803421585648148,0.9809787326388889
4,21,0.001074046827852726,0.0011347001418471336,-0.2665677966894927,-0.2556936025619507,0.9805832851080247,0.9786512586805556
4,22,0.0010322830639779568,0.0009440411813557148,-0.20771208810217587,-0.060890874597761366,0.9807761863425926,0.9737467447916667
4,23,0.0009870221838355064,0.0008674080017954111,-0.15116948433864263,0.046806621551513675,0.9800612461419753,0.9830783420138889
4,24,0.0009578109020367265,0.0008760127238929272,-0.10585770960207339,0.043110946814219155,0.9797242717978395,0.9862955729166667
4,25,0.0009346846491098404,0.0009812432108446956,-0.07194341215086572,-0.0779683099852668,0.9809648678626544,0.9795518663194445
4,26,0.0008850545855239034,0.0007772500393912196,-0.010975031205165534,0.1679095639122857,0.9796573591820987,0.9820963541666666
4,27,0.0008331675780937076,0.0010568032739683986,0.056919685705208486,-0.13730619351069132,0.9799901138117284,0.9797146267361111
4,28,0.0008735036826692522,0.0008877553627826273,0.012152439135092277,0.06560420195261638,0.9801305700231482,0.9804361979166667
4,29,0.000797791697550565,0.000839530024677515,0.11053563268096359,0.10765576097700331,0.9803252797067902,0.9798068576388889
4,30,0.0007913371664471924,0.0007574106566607952,0.12555960137167094,0.20682873725891113,0.9801836178626543,0.9779839409722222
4,31,0.0007503862725570798,0.0007841078913770616,0.16984725410555615,0.17294383578830294,0.9798400125385802,0.9729329427083333
4,32,0.0007488274131901562,0.0007882292848080397,0.17282325750515784,0.19686108827590942,0.9799014998070987,0.9799533420138888
4,33,0.0007198567618615925,0.0007916016620583832,0.21358362274405396,0.1644401576783922,0.9804265528549383,0.9757378472222222
4,34,0.0007077985210344195,0.0007824203930795193,0.23010722325171953,0.2103452165921529,0.9799346547067901,0.9808919270833333
4,35,0.000703057274222374,0.0008160951547324657,0.23799274688885536,0.1720446202490065,0.9805260175540124,0.9804904513888889
4,36,0.000667998509015888,0.0006871790392324328,0.27765665775463905,0.30429336229960124,0.9803023726851852,0.9778374565972222
4,37,0.0006647045956924558,0.0006403916049748659,0.2782802446388904,0.3648226539293925,0.9800883728780864,0.9807671440972222
4,38,0.0006616243626922369,0.0008465325809083879,0.27867538928985597,0.12440189388063219,0.9801426263503087,0.97958984375
4,39,0.0006590774864889681,0.0007492882432416081,0.2966948178079393,0.24118513001335992,0.9801239390432098,0.9743598090277777
4,40,0.0006239176727831364,0.0007566402200609446,0.33956716060638426,0.20295025640063816,0.9799997588734568,0.9774739583333333
4,41,0.000625437474809587,0.0007958663045428693,0.3331350341255282,0.18202394511964587,0.9801004292052469,0.9762532552083333
4,42,0.0005960104754194617,0.0007591774920001626,0.36377509228977156,0.21765156851874456,0.9803505979938272,0.9751085069444444
4,43,0.0005939234979450703,0.0006782133132219315,0.36312703291575116,0.3266971098052131,0.980346378279321,0.97666015625
4,44,0.0005564469611272216,0.0007074697059579194,0.40774615340762665,0.28626098102993436,0.9801631221064815,0.9826714409722223
4,45,0.0005427836440503597,0.0006908646319061518,0.4249678070162549,0.30246529579162595,0.9808232060185185,0.9790635850694445
4,46,0.0005195396952331066,0.0006222936208359897,0.44861477613449097,0.37442703776889374,0.981153549382716,0.9797580295138889
4,47,0.0004966211272403598,0.00062612968031317,0.4725138147672017,0.38678141434987384,0.9814917293595679,0.9809299045138888
4,48,0.00048621351015754044,0.0006244898540899158,0.4810101367809154,0.3896677573521932,0.9816707658179012,0.9821451822916667
4,49,0.00047588348388671875,0.0007000732584856451,0.49225502911909125,0.30313044521543714,0.9817075376157407,0.9806586371527778
4,50,0.0004826366202905774,0.0006476838607341051,0.4816288575714017,0.365044289165073,0.9819655430169754,0.9800564236111111
4,51,0.00047471554717049,0.0005828553112223744,0.5002527875664794,0.43522997697194415,0.9817358699845679,0.9792643229166667
4,52,0.00046649627620354295,0.000623985193669796,0.5048126988940769,0.3857271869977315,0.982152416087963,0.9792371961805556
4,53,0.00044808172970078886,0.0005812402814626694,0.5229097932945063,0.44145585695902506,0.9822066695601852,0.9823187934027777
4,54,0.00043608114356175065,0.000650891859550029,0.5344732141789095,0.37454954783121747,0.9823838975694444,0.981298828125
4,55,0.00044096147757954895,0.0005767549155279994,0.5299560542459841,0.44963091876771716,0.982568359375,0.9821397569444444
4,56,0.0004282635636627674,0.0005713113350793719,0.5480524411907902,0.46113792260487874,0.9827287085262346,0.9825629340277777
4,57,0.0004247247416060418,0.0005762600339949131,0.5461096227904897,0.45380686256620617,0.982688319830247,0.9827202690972222
4,58,0.00042301250505261123,0.0005978247500024736,0.5455437000886894,0.42884277635150486,0.9829167872299382,0.9817057291666667
4,59,0.0004187841259408742,0.0006323049892671406,0.5583286207399251,0.41257916688919066,0.9828938802083333,0.9810763888888889
4,60,0.00040930614341050386,0.0005708178505301476,0.5684166225386255,0.4614170392354329,0.9829752604166667,0.9843858506944444
4,61,0.0004017550963908434,0.0006109206005930901,0.5746286181756007,0.4053575820393033,0.9831567081404321,0.9818088107638889
4,62,0.0003878668649122119,0.0006621713982895017,0.5903389358226164,0.33921619521247015,0.9833363474151234,0.9798448350694444
4,63,0.0003936182474717498,0.0005448037409223616,0.5835050141369855,0.48879526058832806,0.9833526234567901,0.9832302517361111
4,64,0.00039768844726495445,0.0005410695448517799,0.5830633557873007,0.5001269578933716,0.9832839023919753,0.9855197482638889
4,65,0.0003839172422885895,0.0006012103403918445,0.5934544987148709,0.42636839283837213,0.9834321952160494,0.9849555121527778
4,66,0.0003730952739715576,0.0005779595230706036,0.6053207535802582,0.4476398335562812,0.9837432484567902,0.9811469184027778
4,67,0.00036370730958878994,0.0006171239074319601,0.615851174607689,0.39372356467776826,0.9836461950231481,0.9832248263888889
4,68,0.0003661559894680977,0.0005725508090108633,0.6132739318741692,0.449617952770657,0.9839403694058642,0.9810655381944444
4,69,0.00036380862002260983,0.0005717579042539,0.6126347965664334,0.46067674027548894,0.984056110146605,0.983837890625
4,70,0.00035897892666980624,0.0005680302856490016,0.6236891954033463,0.4681818723678589,0.9839572482638889,0.9851291232638889
4,71,0.00034913828130811453,0.0005377661436796188,0.6289574414123723,0.49757501549190947,0.9841182002314814,0.9874565972222222
4,72,0.0003413080994505435,0.0005568250780925155,0.6373803238809844,0.4792607069015503,0.9842417775848765,0.9837565104166667
4,73,0.00032645196188241243,0.000584312598221004,0.6545042201324746,0.44250920083787704,0.98447265625,0.9848578559027777
4,74,0.00032148449099622667,0.0005798401543870568,0.6596870922747954,0.4496203263600667,0.9845251012731482,0.9840549045138889
4,75,0.00031824735924601555,0.0005578097188845277,0.6643988571049254,0.47957719299528334,0.9847457320601852,0.9858235677083333
4,76,0.0003084474883507937,0.0005824539111927152,0.6761199524373184,0.4363998956150479,0.9848982445987654,0.9852376302083333
4,77,0.0003005140752065927,0.000550805707462132,0.6786717057228089,0.48410902553134494,0.9851815682870371,0.9856174045138889
4,78,0.00030498887645080686,0.0005705977091565728,0.6792020915467062,0.4678168720669217,0.9851604697145062,0.9853569878472223
4,79,0.0002992527442984283,0.0005437533836811781,0.6835976097318861,0.4943333797984653,0.9853093653549383,0.9858723958333333
4,80,0.0002788920537568629,0.0005471575423143804,0.7069992561399201,0.4899347278806898,0.9854377652391976,0.9877170138888889
4,81,0.00026612519286572933,0.0005444909329526126,0.7178995388525503,0.49486807982126874,0.9858573254243828,0.9862141927083333
4,82,0.00025734177324920893,0.0005427319556474686,0.724603706230352,0.5024697409735785,0.9860496238425925,0.9869086371527778
4,83,0.00025297541287727654,0.0005363262607716024,0.7298844653883098,0.5099830614195929,0.9862232349537037,0.9881184895833334
4,84,0.00024767208378762007,0.0005640654126182199,0.7363210570665053,0.46939907073974607,0.9863016010802469,0.9884060329861111
4,85,0.00024235594901256263,0.0005898259114474058,0.7399917448008502,0.4413758529557122,0.986522834683642,0.9875
4,86,0.0002452376647852361,0.0005460284883156419,0.7368009255256182,0.4866222765710619,0.986546947337963,0.9879340277777777
4,87,0.0002452619082760066,0.0005417916690930724,0.7385202703652558,0.4995909253756205,0.9864185474537037,0.9877983940972223
4,88,0.0002411122404737398,0.0005508550675585866,0.7447498147870287,0.4829761968718635,0.9864607445987654,0.9873914930555555
4,89,0.00024278383352793753,0.0005905012949369848,0.7389619290092845,0.4308712879816691,0.9865077642746913,0.9881401909722223
4,90,0.0002336360194021836,0.0005623978795483708,0.7505430223029337,0.4681924303372701,0.9867699893904321,0.9879286024305556
4,91,0.0002263048809254542,0.0005411332240328193,0.7547299907531267,0.5002393921216329,0.9867971161265432,0.9875651041666667
4,92,0.00022263775463216007,0.0005540337297134101,0.7609753564552024,0.48536795642640856,0.9869755497685185,0.9883626302083334
4,93,0.00021424147416837513,0.0005795398610644042,0.7680683135986328,0.45011407799190944,0.9870918933256173,0.9881781684027777
4,94,0.00021102672326378524,0.0005618050345219672,0.7699988758122479,0.4722212963634067,0.9871931664737654,0.9888237847222222
4,95,0.00020824056991841644,0.000566796981729567,0.7732125021793225,0.4637351605627272,0.9873420621141975,0.988818359375
4,96,0.0002048767637461424,0.0005690806428901851,0.7766300700328969,0.46179456313451134,0.9873432677469136,0.9889431423611111
4,97,0.00020420359214767814,0.0005727879470214248,0.7773205904313075,0.4571109493573507,0.9874348958333333,0.9887478298611111
4,98,0.0002030494506470859,0.0005801569204777479,0.7784353422529904,0.44300784667332965,0.9874915605709876,0.9889051649305556
4,99,0.00020109872275497764,0.0005868113948963583,0.7801171673668755,0.44326629638671877,0.9875325520833333,0.9887966579861112
4,100,0.00019823567708954215,0.0005797056946903467,0.7833225959612999,0.4477670484118991,0.9875626929012346,0.9891981336805555
4,101,0.00019594264449551702,0.0005875347414985299,0.7855857874140327,0.43770722018347846,0.9876898871527777,0.9889594184027778
4,102,0.00019584715482778847,0.0005833985051140189,0.7853217101391451,0.443047473165724,0.9876922984182098,0.9891059027777778
4,103,0.0001944385439855978,0.0005830432055518031,0.7865015545009095,0.44322113593419393,0.9877007378472222,0.9892632378472223
5,1,0.12480100989341736,0.05431468039751053,-198.72831159050082,-89.2031610276964,0.26733760127314815,0.9583930121527777
5,2,0.04073694348335266,0.028438255190849304,-61.99921861577917,-45.89198147455851,0.9861502941743827,0.9923936631944444
5,3,0.02198496088385582,0.016261866316199303,-32.80960532058904,-25.593184084362456,0.992528694058642,0.9928982204861111
5,4,0.013500135391950607,0.010763447731733322,-19.59364711031502,-16.409547164705064,0.9926667390046297,0.9923611111111111
5,5,0.009372923523187637,0.007878500036895275,-13.125148165667499,-11.571977620654636,0.9922043788580247,0.9919379340277777
5,6,0.007062413729727268,0.006408172659575939,-9.42902652864103,-8.974967442618476,0.992039207175926,0.9896213107638889
5,7,0.005710110999643803,0.004916616249829531,-7.224343741970298,-6.61783799065484,0.9896882233796296,0.9900987413194444
5,8,0.004698170814663172,0.004330948926508427,-5.68130205972695,-5.538999512460497,0.9883270640432099,0.9869683159722222
5,9,0.003946601878851652,0.0035200058482587337,-4.549167042897071,-4.338223338127136,0.986548152970679,0.9842068142361111
5,10,0.0033483710139989853,0.0036308527924120426,-3.6847884828661694,-4.364983047379388,0.9857837818287037,0.9734266493055556
5,11,0.0029673147946596146,0.0032873565796762705,-3.1088730812072756,-3.737135884496901,0.9850007233796296,0.9780436197916667
5,12,0.002639439422637224,0.0024383757263422012,-2.593286782429542,-2.596707248687744,0.9832857108410494,0.981591796875
5,13,0.002377148950472474,0.0022222264669835567,-2.2003005498721278,-2.206205810440911,0.9836992428626543,0.9720486111111111
5,14,0.0021476983092725277,0.0019704755395650864,-1.8231570641199748,-1.8431192106670804,0.982399570794753,0.9768717447916667
5,15,0.0019734089728444815,0.0016775960102677345,-1.5647564468560395,-1.405826038784451,0.9817003038194444,0.9861924913194444
5,16,0.001800993224605918,0.0016044238582253456,-1.327240467954565,-1.2610738502608405,0.9811577690972222,0.9819932725694445
5,17,0.0016769451322034001,0.0014001268427819014,-1.1201251527409495,-0.9920552108022902,0.9813524787808642,0.9812879774305555
5,18,0.0015768385492265224,0.0013671405613422394,-0.9892345502052778,-0.9046615468131172,0.980248722029321,0.97998046875
5,19,0.0014691866235807538,0.0014040835667401552,-0.8330301963252785,-0.8965227259529962,0.9806712962962963,0.9850531684027778
5,20,0.0014038181398063898,0.001521519385278225,-0.7277276992797852,-1.0525514973534478,0.9802903163580247,0.9800835503472223
5,21,0.0013451084960252047,0.001122866990044713,-0.6393169261791088,-0.48786708778805205,0.9800461757330247,0.9865559895833333
5,22,0.0012642096262425184,0.0011649113148450851,-0.5207686237346979,-0.5827332999971178,0.981178867669753,0.980712890625
5,23,0.0012147888774052262,0.0012786848237738013,-0.459907411351616,-0.6796943571832444,0.9798291618441358,0.973779296875
5,24,0.001162536209449172,0.001249408582225442,-0.3815289172125451,-0.6348473800553216,0.9802541473765433,0.97275390625
5,25,0.0010989493457600474,0.0010001813061535358,-0.29353370931413436,-0.317152460416158,0.9799617814429012,0.9826714409722223
5,26,0.0010376342106610537,0.0010079664643853903,-0.2201334355789938,-0.3107260637813144,0.9795988859953704,0.9777126736111111
5,27,0.0010418014135211706,0.0008606487535871565,-0.20618459398363842,-0.11322868135240342,0.9800130208333333,0.9806477864583333
5,28,0.000980898505076766,0.0007804654305800796,-0.11975832294534754,-0.005270375145806206,0.979761646412037,0.9851888020833334
5,29,0.0009578249300830066,0.0007897239411249757,-0.10357654182999222,-0.007022755675845676,0.9796254099151235,0.9811360677083333
5,30,0.0009117233566939831,0.0008796240435913205,-0.045437008804745146,-0.12798489464653862,0.9798189139660494,0.9765787760416667
5,31,0.0009035425609908998,0.001084780553355813,-0.025671033800384144,-0.36218220790227257,0.9796332465277777,0.9730143229166667
5,32,0.0008639069856144488,0.0008880685782060027,0.019052004814147948,-0.04344048897425334,0.9792432243441358,0.9806586371527778
5,33,0.0008645651396363974,0.0007626013248227537,0.03047391970952352,0.07037485705481636,0.9792926552854938,0.9820421006944444
5,34,0.0008281802292913198,0.000676765397656709,0.0757268699598901,0.171413869327969,0.9798219280478395,0.9827473958333334
5,35,0.0007905168458819389,0.0007922881050035357,0.12078920485060891,0.037550584475199385,0.979566936728395,0.9750271267361111
5,36,0.0007700697751715779,0.0007801530882716179,0.14733332115926862,0.06586934063169692,0.9791654610339506,0.9814887152777778
5,37,0.000757519737817347,0.0007213910575956106,0.1669384542806649,0.148256516456604,0.9795675395447531,0.9793023003472222
5,38,0.0007279625278897583,0.0008301733760163188,0.2031675218064108,0.026180426279703777,0.979639274691358,0.9805826822916667
5,39,0.000754184031393379,0.0006523819174617529,0.17085433388933724,0.22142583661609225,0.979859302662037,0.9810221354166667
5,40,0.0007032405119389296,0.0006856386316940188,0.23370711597395533,0.19391826656129624,0.9798303674768518,0.9761447482638889
5,41,0.000683549209497869,0.0005845600389875472,0.251020410620136,0.33254086706373426,0.9793143566743827,0.9814724392361112
5,42,0.0006624775705859065,0.0006850649369880557,0.280751105002415,0.2082526723543803,0.9800100067515433,0.9768120659722223
5,43,0.0006605102680623531,0.0006086732028052211,0.282768322803356,0.30157307783762616,0.9797049816743827,0.9806640625
5,44,0.0006422119913622737,0.0006782349664717913,0.30957384359689405,0.20132876502143013,0.9800660686728395,0.9763726128472222
5,45,0.0006097190780565143,0.0005523132858797908,0.34284169335424164,0.3790179981125726,0.9799756462191358,0.9786783854166666
5,46,0.0006249044090509415,0.0006376191740855575,0.32269050236101504,0.27032242880927193,0.9800986207561728,0.981640625
5,47,0.0005965411546640098,0.0006578313186764717,0.36329722345611193,0.23637088669670953,0.980590518904321,0.9795572916666667
5,48,0.0005952116334810853,0.000635226140730083,0.36255800753463935,0.2795675383673774,0.9800455729166667,0.9798719618055556
5,49,0.0005846935091540217,0.0005944116273894906,0.378058225578732,0.3235543409983317,0.9804717640817902,0.977197265625
5,50,0.0005943825817666948,0.0006267137359827757,0.36758538160795046,0.2743501729435391,0.9800708912037037,0.9785319010416667
5,51,0.0005687573575414717,0.0005419196677394211,0.3874565835352297,0.3998562905523512,0.9804832175925926,0.9768771701388889
5,52,0.0005377898341976106,0.0005317090544849634,0.42473254763049845,0.42025143173005847,0.9809112172067901,0.9820203993055555
5,53,0.0005153416423127055,0.0006792725762352347,0.45585659595183387,0.2407051788436042,0.9814501350308642,0.9732150607638889
5,54,0.0005361441290006042,0.000547469942830503,0.42823607627256416,0.395908776919047,0.9806212625385803,0.9834201388888889
5,55,0.0005119489505887032,0.0005275985458865762,0.45966133732854586,0.42777402665879993,0.9810492621527778,0.9802842881944445
5,56,0.0005019498057663441,0.0005042892880737782,0.47624411788987525,0.4527981175316705,0.9812680844907408,0.9819444444444444
5,57,0.0004901663633063436,0.0005429413286037743,0.4846853925858015,0.41190875503751967,0.9816460503472222,0.9803168402777778
5,58,0.0004727026098407805,0.0005476183723658323,0.49974004927976634,0.4084900259971619,0.9816810136959877,0.9786838107638889
5,59,0.0004718081618193537,0.0005583842867054045,0.5037568504427686,0.3840642929077148,0.9816141010802469,0.9811631944444444
5,60,0.0004567141877487302,0.0005685207433998585,0.5199678281207144,0.3780605342653063,0.981858844521605,0.9746853298611111
5,61,0.00045215076534077525,0.0004989430890418589,0.52582996862906,0.4639764428138733,0.9820017119984568,0.9845865885416667
5,62,0.0004414610448293388,0.0005863773985765874,0.5347648504339618,0.3769047737121582,0.9821349344135802,0.9772243923611111
5,63,0.0004487175028771162,0.0005883093690499663,0.5318681322498086,0.3705434732966953,0.9815212673611111,0.9763888888888889
5,64,0.0004360276507213712,0.0005017463699914515,0.5431073085761364,0.4667789551946852,0.9822319878472222,0.9789008246527777
5,65,0.0004147074359934777,0.0005914571229368448,0.5666030885260782,0.3372366295920478,0.9823344666280864,0.9809787326388889
5,66,0.0004196345980744809,0.0004521061491686851,0.5575462088172818,0.527760546737247,0.982910759066358,0.98125
5,67,0.00041055300971493125,0.0005659827147610486,0.5737176942236629,0.3940780931048923,0.9826262297453704,0.9787923177083333
5,68,0.00038910575676709414,0.0005248561501502991,0.5918530506852232,0.41166843440797596,0.9828667534722222,0.9817057291666667
5,69,0.00038556073559448123,0.0005037295049987733,0.5917001107592642,0.4722519728872511,0.9831892602237654,0.9838650173611111
5,70,0.000372563285054639,0.0005080268601886928,0.6128740663881656,0.4644616140259637,0.9836389612268519,0.985791015625
5,71,0.00038231065263971686,0.0005256113945506513,0.5955719749132792,0.44932972457673814,0.9835575810185185,0.979736328125
5,72,0.0003671561134979129,0.000480109010823071,0.622115672223362,0.49466375907262167,0.983374927662037,0.9809136284722222
5,73,0.000359432800905779,0.0005015553906559944,0.6267386295177318,0.4658285843001472,0.9837420428240741,0.9824490017361112
5,74,0.00036614458076655865,0.00046157932956703007,0.6215310045230535,0.5176246947712368,0.9838240258487654,0.9845106336805556
5,75,0.00035048596328124404,0.000507685705088079,0.6347256227775856,0.45882435507244534,0.9840422453703703,0.9841796875
5,76,0.00031289568869397044,0.00045795453479513526,0.6738481292018184,0.5241699536641439,0.9849277826003087,0.9852267795138889
5,77,0.00029412246658466756,0.00047064051614142954,0.6919954592798963,0.5115491761101617,0.9852985146604938,0.9855360243055555
5,78,0.00028310390189290047,0.00048044309369288385,0.7032086709399282,0.5025569584634569,0.9854347511574074,0.9853407118055556
5,79,0.00027748773572966456,0.0004745209007523954,0.7079761924567046,0.5136010103755527,0.9856734664351852,0.9857421875
5,80,0.0002672816044650972,0.0004619514802470803,0.7207818980570193,0.5342986080381605,0.9860212914737654,0.9864529079861111
5,81,0.00026310927933081985,0.00046452891547232866,0.7241792721512877,0.530587210920122,0.9860405815972222,0.9855577256944444
5,82,0.00026433076709508896,0.00043852601083926857,0.7234937113008382,0.5653660933176676,0.9860496238425925,0.9867838541666667
5,83,0.0002656279248185456,0.00046380370622500777,0.720661719787268,0.5310940848456489,0.9862883391203704,0.9864095052083334
5,84,0.0002631654206197709,0.0004941641818732023,0.7247707608305378,0.4880555338329739,0.9862467447916666,0.9859375
5,85,0.00025692948838695884,0.00047507925773970783,0.7280709157755345,0.5174170401361253,0.9864221643518518,0.98671875
5,86,0.000249844859354198,0.00045181834138929844,0.7396606393802313,0.5448288705613878,0.9866066261574075,0.9858018663194444
5,87,0.0002416400529909879,0.00045118859270587564,0.7467134182835803,0.5512356678644816,0.9867091049382716,0.9866536458333334
5,88,0.0002434802008792758,0.00044438341865316033,0.7445295008612268,0.561389422416687,0.9866904176311728,0.9872016059027777
5,89,0.00024474208476021886,0.0004588779993355274,0.7454718906202434,0.536378812789917,0.9867332175925926,0.9876573350694444
5,90,0.00023685106134507805,0.0004380017635412514,0.7504916470727803,0.5644004517131381,0.9868917582947531,0.9879774305555555
5,91,0.00024162321642506868,0.0004694624221883714,0.7475220385892891,0.5268365144729614,0.9869472173996914,0.9867621527777778
5,92,0.0002303309884155169,0.0004401958722155541,0.7574979478930249,0.5632515139049954,0.9869285300925926,0.9870551215277777
5,93,0.00023006013361737132,0.0004736916453111917,0.7603108746034127,0.5312956651051839,0.9869544511959877,0.9867730034722222
5,94,0.00022558224736712873,0.0004529694269876927,0.7637299394901887,0.5519755866792467,0.987207634066358,0.9861436631944445
5,95,0.00022421643370762467,0.0004344182088971138,0.7663719867482598,0.5832394308514065,0.9872371720679012,0.9877712673611111
5,96,0.00022060496849007905,0.0004748977371491492,0.770154869409255,0.514435597260793,0.9873637635030864,0.9870713975694444
5,97,0.00024301529629155993,0.0005464174901135266,0.7495475158279324,0.4207373725043403,0.9873366367669754,0.9836968315972222
5,98,0.00025917767197825015,0.0004113389877602458,0.730833124672925,0.5924232734574212,0.9865638261959877,0.9869737413194445
5,99,0.00023043621331453323,0.0004092514282092452,0.757426936979647,0.6040873620245192,0.9869671103395061,0.9879177517361111
5,100,0.00021877497783862054,0.00047056828043423593,0.7716890770712016,0.5184181597497728,0.9873685860339506,0.9867458767361111
5,101,0.0002071909693768248,0.00048260862240567803,0.7825209648520858,0.5107654823197258,0.9876193576388889,0.9867838541666667
5,102,0.0002051566552836448,0.0004685063904616982,0.7820940682917465,0.5243249495824178,0.9879171489197531,0.9855305989583333
5,103,0.00020768532704096287,0.0004506261320784688,0.7810415222321028,0.5521752728356255,0.9877176167052469,0.9869900173611111
5,104,0.00019879241881426424,0.00043804990127682686,0.7936416985076151,0.5698707977930705,0.9880093798225309,0.9867567274305555
5,105,0.00020337209571152925,0.00043200902291573584,0.7866184183108954,0.5764939056502448,0.9878526475694445,0.987890625
5,106,0.0001986428105738014,0.0004396247095428407,0.7927149629887239,0.5684613916609023,0.9880208333333333,0.9874674479166666
5,107,0.0001962599199032411,0.00042268296238034964,0.7940809575127966,0.5898599359724257,0.9880515769675926,0.9883409288194445
5,108,0.00018033001106232405,0.0004228140751365572,0.8106779913843414,0.5844802922672696,0.9885199652777777,0.9877278645833333
5,109,0.0001703598245512694,0.00042023538844659925,0.8189516126373668,0.5916070832146538,0.988817153742284,0.9883897569444444
5,110,0.00016403564950451255,0.0004357936268206686,0.8242909828821818,0.5692540619108412,0.9890323591820988,0.9886935763888889
5,111,0.00016243488062173128,0.00042171587119810283,0.8255594946719982,0.5886173605918884,0.9892222463348765,0.9891818576388889
5,112,0.00015760853420943022,0.00043649907456710935,0.8306262317998909,0.5683833625581529,0.9892975983796296,0.9886664496527777
5,113,0.0001565692073199898,0.00043974805157631636,0.8310337174085923,0.5662671049435933,0.9894838686342593,0.9887098524305555
5,114,0.00015649152919650078,0.0004297685227356851,0.8311783521263688,0.5797163354025947,0.9895405333719136,0.9893120659722222
5,115,0.00015521649038419127,0.00043502976768650115,0.832443427156519,0.5734028564559088,0.989551384066358,0.9890082465277777
5,116,0.00015093479305505753,0.00043000892037525773,0.8365909307091325,0.5803974774148729,0.9896918402777778,0.9892415364583333
5,117,0.00014683508197776973,0.00043180258944630623,0.8409267457914941,0.577953040599823,0.9897979359567901,0.989404296875
5,118,0.00014541452401317656,0.00043086567893624306,0.8411016528989061,0.5799497471915351,0.98994140625,0.989501953125
5,119,0.00014415456098504364,0.00044142152182757854,0.8428179815963462,0.564402022626665,0.9900173611111112,0.9894097222222222
6,1,0.032439831644296646,0.010346710681915283,-50.76534285251005,-13.884608088599311,0.9929494598765433,0.9951171875
6,2,0.007676235865801573,0.005767134018242359,-10.630435480306177,-6.884074801868863,0.9940375434027777,0.993505859375
6,3,0.00458687637001276,0.004121815785765648,-5.6719679876610085,-4.307951558960808,0.9925401475694444,0.9909342447916667
6,4,0.0032891035079956055,0.0029380260966718197,-3.5773603477595763,-2.7046300066841975,0.990552059220679,0.9905598958333334
6,5,0.002578378189355135,0.002295861253514886,-2.4370947505220957,-1.8108777046203612,0.9891872829861111,0.9890299479166667
6,6,0.0021194666624069214,0.002488504396751523,-1.7496133898511346,-1.7854936493767632,0.9877772955246914,0.9834852430555555
6,7,0.001780262216925621,0.001989079639315605,-1.2388816012276544,-1.1852748685412937,0.9859929591049382,0.9841037326388888
6,8,0.0015384153230115771,0.0013445219956338406,-0.8911404424243503,-0.49610899289449056,0.9844033323688272,0.9846299913194444
6,9,0.0013382856268435717,0.001305229845456779,-0.6162930694627173,-0.40451466772291395,0.9827974295910494,0.9830891927083333
6,10,0.0012007940094918013,0.0013098756317049265,-0.41862851587342625,-0.38799485233094955,0.9824996383101852,0.9758626302083333
6,11,0.0011298255994915962,0.001295248162932694,-0.29172765060707373,-0.30970336861080594,0.9816008391203703,0.9809841579861112
6,12,0.0010533989407122135,0.00123275863006711,-0.2008280222798571,-0.22873648802439372,0.9817732445987655,0.9771213107638889
6,13,0.0009834676748141646,0.0010726145701482892,-0.09603362289475806,-0.07673136393229167,0.9812765239197531,0.9718207465277777
6,14,0.0009394484222866595,0.001216817181557417,-0.05321846376230687,-0.170029702451494,0.981078197337963,0.9775065104166667
6,15,0.0009094204287976027,0.0008925407310016453,0.007753992080688476,0.1280827310350206,0.9803976176697531,0.9771755642361111
6,16,0.0008590718498453498,0.0009986402001231909,0.061528286816161355,0.035605976316663956,0.9815104166666667,0.9731065538194444
6,17,0.00079293642193079,0.0009857936529442668,0.15536074962145016,0.05777078602049086,0.9799232011959876,0.977734375
6,18,0.0007714148377999663,0.0007948583806864917,0.17536628158004194,0.2704186227586534,0.9805085358796296,0.9803385416666667
6,19,0.0007574781193397939,0.0010948642157018185,0.2031196149778955,-0.05013529724544949,0.9807249469521605,0.9708875868055555
6,20,0.0007890526903793216,0.0006937564467079937,0.1562907079119741,0.37677344746059843,0.9799629870756172,0.9780815972222222
6,21,0.0007211873307824135,0.0007235627854242921,0.2442491700619827,0.34295815494325427,0.9803596402391975,0.9780327690972223
6,22,0.0006837770342826843,0.0010048693511635065,0.29153869564150586,0.08414047956466675,0.9798369984567902,0.9780870225694445
6,23,0.0006627176189795136,0.0008307149400934577,0.3196301973896262,0.24839152759975858,0.9798882378472222,0.9770724826388889
6,24,0.0006362762651406229,0.0007155421189963818,0.3451601737811242,0.37038832240634495,0.9800190489969136,0.9816786024305556
6,25,0.0006214514141902328,0.0007505500689148903,0.3657777687649668,0.3307725919617547,0.9801359953703703,0.978466796875
6,26,0.0006113976705819368,0.0006920193554833531,0.3793160210421056,0.3927216649055481,0.979858699845679,0.9816840277777777
6,27,0.0006136499578133225,0.0007489429553970695,0.37603970206814047,0.3389219019148085,0.9795247395833333,0.9816134982638889
6,28,0.0005761657375842333,0.0007958289934322238,0.4200039232218707,0.29376040432188244,0.9799268180941358,0.9742024739583334
6,29,0.0005895093199796975,0.0006413813680410385,0.40942577447420286,0.4491359657711453,0.9798128858024692,0.9753363715277777
6,30,0.0005698772729374468,0.0006698835641145706,0.42724143163657485,0.4284973528650072,0.9797501929012346,0.97939453125
6,31,0.0005537726683542132,0.001034337910823524,0.44795298988436477,0.08480425013436212,0.9796712239583333,0.9779676649305555
6,32,0.0005555019015446305,0.0006683813990093768,0.4516042506253278,0.42839303414026897,0.9802408854166667,0.9781467013888889
6,33,0.0005061561823822558,0.0007104837568476796,0.49168250266416574,0.3932551436954074,0.9795470437885803,0.9809841579861112
6,34,0.0005299004260450602,0.0006947906804271042,0.47407493973955694,0.4063278118769328,0.9798297646604939,0.9803493923611111
6,35,0.000515389780048281,0.0007504015811719,0.4904540705092159,0.36009601884418063,0.9799720293209877,0.9787923177083333
6,36,0.000505921256262809,0.000592375872656703,0.4974640363528405,0.5070185740788777,0.9796664014274692,0.9819498697916667
6,37,0.0004945080145262182,0.0007870661793276668,0.50922828839149,0.2757595101992289,0.9804398148148148,0.9746202256944444
6,38,0.0005020450334995985,0.0006778075476177037,0.5025485227137436,0.42392612165874904,0.9799033082561729,0.9712293836805556
6,39,0.00046432908857241273,0.0008106671739369631,0.5401350680692696,0.30727370844946966,0.9800919897762346,0.9733018663194445
6,40,0.0004935774486511946,0.0006006549810990691,0.5111736627272617,0.49988521999782987,0.9800130208333333,0.9797743055555556
6,41,0.0004399644094519317,0.0006182831712067127,0.562999755806393,0.48579477734035914,0.98046875,0.9780978732638889
6,42,0.00044452640577219427,0.0005994839011691511,0.564864389984696,0.5046648806995816,0.9805019048996914,0.9761013454861112
6,43,0.00043766008457168937,0.000771195103880018,0.5610976300121825,0.33944729699028864,0.9803445698302469,0.9777235243055555
6,44,0.0004374078707769513,0.0005955290398560464,0.56655396355523,0.5175054881307813,0.9803047839506173,0.9801812065972222
6,45,0.0003986095543950796,0.0006409044144675136,0.6049490394415679,0.47163852983050875,0.9812777295524692,0.9791829427083333
6,46,0.0003811288042925298,0.0005721065099351108,0.6239963525607262,0.5361558159192403,0.9814959490740741,0.9828721788194444
6,47,0.00036570336669683456,0.0006042126333341002,0.6400819782857542,0.5078773485289679,0.9819305796682098,0.9763400607638889
6,48,0.0003669247089419514,0.0006178253097459674,0.63472444716795,0.4898155199156867,0.9816942756558642,0.9815104166666667
6,49,0.0003513566334731877,0.0006382209830917418,0.6549724718670786,0.4730374534924825,0.9817774643132716,0.9822916666666667
6,50,0.0003516839351505041,0.0006076223216950893,0.6540880953824079,0.4976737274063958,0.9820427035108025,0.9832573784722223
6,51,0.0003603282675612718,0.0006124302162788808,0.6443369404769238,0.4820419152577718,0.9821572386188272,0.9822862413194444
6,52,0.00034297426464036107,0.0006328187882900238,0.6568136229927157,0.4968371748924255,0.9823254243827161,0.9844401041666667
6,53,0.0003398323315195739,0.0006435472168959677,0.6627211301415055,0.479509875509474,0.9827793451003086,0.9810546875
6,54,0.0003281417884863913,0.0006147830281406641,0.6769765371157799,0.5018767091963027,0.9827112268518519,0.9814507378472223
6,55,0.0003092406550422311,0.0005793849122710526,0.6929123285375995,0.533535103003184,0.9831163194444444,0.9835177951388889
6,56,0.0002971133217215538,0.0005975851672701538,0.705797372923957,0.5114376293288336,0.9833176601080247,0.9835177951388889
6,57,0.00029057482606731355,0.0005676139262504876,0.7106861610471467,0.5440623574786716,0.9835822964891975,0.9854600694444444
6,58,0.0002883548731915653,0.0005774438614025712,0.7122806641790602,0.531533396244049,0.9838638117283951,0.9840494791666666
6,59,0.0002829163277056068,0.0005793149466626346,0.7166220095422533,0.5292630540000067,0.9838728539737654,0.9846788194444445
6,60,0.0002758739283308387,0.0005911374464631081,0.7254326699692526,0.5126705646514893,0.9839397665895062,0.9839572482638889
6,61,0.0002783148956950754,0.0005706129595637321,0.7201797600145693,0.5374956925710043,0.9840060763888889,0.9845703125
6,62,0.0002703441132325679,0.000571452546864748,0.7299322259278945,0.5359759410222371,0.9842731240354938,0.9850857204861111
6,63,0.0002690001856535673,0.0006245854310691357,0.7277923307301085,0.496563458442688,0.9842839747299382,0.9833550347222222
6,64,0.00027019286062568426,0.0005802949890494347,0.7305008545333956,0.5304540475209554,0.9843828366126544,0.985107421875
6,65,0.00026205580797977746,0.0005962002323940396,0.7372456781658125,0.508962627251943,0.984497974537037,0.9845594618055555
6,66,0.0002510037156753242,0.000563968438655138,0.7486306297926255,0.551210798157586,0.9847035349151234,0.9857476128472222
6,67,0.00024403157294727862,0.0005758638144470751,0.754957929952645,0.5337709519598219,0.984912109375,0.985791015625
6,68,0.00024130157544277608,0.0005584009923040867,0.7569332855719108,0.5515863974889119,0.985109230324074,0.9858723958333333
6,69,0.0002368849382037297,0.0005773746524937451,0.760197126571043,0.5356701307826572,0.985082103587963,0.9868869357638889
6,70,0.0002379596553510055,0.0005801049992442131,0.7606424771709207,0.5319893227683173,0.9852177372685185,0.9856879340277778
6,71,0.00023262223112396896,0.0005895117647014558,0.7652052605593646,0.5191392050849066,0.9852394386574074,0.986376953125
6,72,0.0002336087345611304,0.0005655963905155659,0.7640697770648532,0.5437386896875169,0.9853847173996914,0.9859971788194445
6,73,0.0002310991840204224,0.0005770223797298968,0.7665521883670194,0.5302338865068223,0.985448615933642,0.9858072916666667
6,74,0.0002296323364134878,0.0005704208742827177,0.7666178054279751,0.5394599888059828,0.9854281201774692,0.9870768229166667
6,75,0.00022569387510884553,0.0005794419557787478,0.7714963592128989,0.5327949669626024,0.985499855324074,0.9870876736111112
6,76,0.0002224187774118036,0.0005724611692130566,0.7739830410038984,0.5450269063313802,0.9856535734953704,0.9863009982638888
6,77,0.00021738692885264754,0.0005772027652710676,0.7796525747687728,0.5349569572342767,0.9856608072916667,0.9871202256944445
6,78,0.00021618518803734332,0.0005708759417757392,0.7799965377207155,0.5385214421484206,0.9858084972993827,0.9871799045138889
6,79,0.00021339915110729635,0.0005769300041720271,0.7826990146695831,0.5306303911738925,0.9859007282021605,0.9867784288194444
6,80,0.00021216896129772067,0.0005810188595205545,0.7835893798757483,0.5310977300008138,0.9859290605709876,0.987060546875
6,81,0.00021034502424299717,0.000573363562580198,0.7851609146153485,0.5401667780346341,0.9859718605324074,0.9872938368055556
6,82,0.0002086219028569758,0.0005723263020627201,0.7868229293528898,0.5420001652505663,0.9860044126157408,0.9871636284722223
6,83,0.00020862631208729,0.0005791413132101297,0.7873262116938462,0.5302957031461928,0.9860243055555555,0.9870930989583333
6,84,0.00020666993805207312,0.0005721072666347027,0.7884142239888509,0.5406640277968513,0.9860713252314814,0.987353515625
6,85,0.00020442769164219499,0.0005761519423685968,0.7906189930291824,0.5357435729768542,0.9861261815200617,0.9873752170138889
6,86,0.00020414224127307534,0.0005737603059969842,0.7911378067216756,0.5382124543190002,0.9861551167052469,0.9874077690972223
6,87,0.00020273748668842018,0.0005755480378866196,0.7925642675823635,0.5360101620356242,0.9862081645447531,0.9873969184027778
6,88,0.00020344161021057516,0.0005730404518544674,0.7914698543371977,0.5385459476047092,0.9861918885030864,0.9875054253472222
7,1,0.06156503036618233,0.01753392443060875,-94.30252169267631,-26.573151874542237,0.7848325376157408,0.9930989583333333
7,2,0.012652367353439331,0.008695258758962154,-18.124696911117177,-12.421707714928521,0.9928801359953704,0.9917697482638889
7,3,0.006960116792470217,0.005610957276076078,-9.314761640113076,-7.3115125841564605,0.9916811342592593,0.9906087239583333
7,4,0.004644806496798992,0.003906351048499346,-5.653725322676293,-4.64338575998942,0.9914285542052469,0.9890353732638889
7,5,0.003547476837411523,0.00323371565900743,-3.904186706189756,-3.5441108889049953,0.9903477044753086,0.9873914930555555
7,6,0.0028279349207878113,0.0024599493481218815,-2.7894791417651708,-2.429573693540361,0.9888762297453704,0.991455078125
7,7,0.0024211574345827103,0.0019261883571743965,-2.1756948471069335,-1.633562179406484,0.9883138020833333,0.9906629774305555
7,8,0.0020259739831089973,0.0017156257526949048,-1.6205602198471258,-1.3015203105078803,0.9866506317515432,0.9841037326388888
7,9,0.0018034615786746144,0.001903800992295146,-1.2902873002452615,-1.4502597239282395,0.9854498215663581,0.9859809027777777
7,10,0.0016503850929439068,0.001453057280741632,-1.0447153769893411,-0.8628966848055521,0.9842435860339506,0.9845377604166666
7,11,0.0014743045903742313,0.001413965132087469,-0.8028630789415336,-0.7807370146115621,0.9837824315200617,0.9797634548611112
7,12,0.0013656474184244871,0.0012790241744369268,-0.6472979343967673,-0.5531229045655992,0.982151813271605,0.9863715277777778
7,13,0.0012476695701479912,0.0011598782148212194,-0.4849562705299001,-0.37911391920513576,0.9820408950617284,0.986083984375
7,14,0.0011556725949048996,0.0011364639503881335,-0.33657608252984506,-0.3680070757865906,0.9824068045910493,0.9806043836805556
7,15,0.0011138382833451033,0.001630320562981069,-0.28863707574797265,-0.789310716258155,0.9813428337191358,0.9856553819444445
7,16,0.0010621448745951056,0.0010811756365001202,-0.22401795814066758,-0.26343222591612075,0.9816816165123456,0.98056640625
7,17,0.0010003044735640287,0.001217659329995513,-0.12785491045610403,-0.4042125397258335,0.981028766396605,0.9827419704861111
7,18,0.000944318831898272,0.001158545259386301,-0.05344522102379504,-0.26587383084827,0.9806134259259259,0.9845974392361111
7,19,0.0009328618762083352,0.00077972182771191,-0.022786643770005967,0.10193470848931206,0.9815236786265432,0.9818305121527777
7,20,0.000917303841561079,0.0009506077039986849,-0.013914114163245684,-0.07743661138746473,0.9803946035879629,0.9793782552083333
7,21,0.0008877653162926435,0.000941385340411216,0.032685106771963617,-0.053797384103139244,0.9805320457175926,0.97685546875
7,22,0.0008464994025416672,0.0008772109868004918,0.09047004690876713,0.027357179588741728,0.9800389419367284,0.982958984375
7,23,0.0008281901245936751,0.0008118069963529706,0.10885539967336773,0.1169321722454495,0.9803548177083333,0.9844780815972223
7,24,0.0007713171071372926,0.0011431716848164797,0.18013691681402702,-0.23417293230692546,0.9797568238811728,0.9769856770833333
7,25,0.0007890532724559307,0.0008444698178209364,0.16911029565481492,0.07933916383319431,0.9801932629243827,0.9800075954861112
7,26,0.000757716887164861,0.0007903710356913507,0.19332512396353263,0.16814053720898098,0.9801552854938271,0.9863009982638888
7,27,0.0007189449388533831,0.0007094631437212229,0.25187050898869834,0.24350813494788276,0.9801402150848766,0.9879828559027778
7,28,0.0006965934298932552,0.0010906998068094254,0.28076440537417374,-0.17421097225613064,0.9806435667438271,0.9750868055555556
7,29,0.0007184497662819922,0.0007861454505473375,0.24671528118628042,0.19363746245702107,0.9789996865354939,0.9846625434027778
7,30,0.0006935657002031803,0.0007832003175280988,0.2856736417169924,0.18118158049053615,0.9803994261188271,0.9785427517361112
7,31,0.0006571733392775059,0.000653369352221489,0.32338776294096017,0.32257245779037474,0.9793463059413581,0.9857476128472222
7,32,0.0006532237166538835,0.0007971113082021475,0.32966268018439965,0.1720959054099189,0.9803264853395062,0.9826605902777777
7,33,0.0006514651468023658,0.0007023911457508802,0.32928055230482123,0.26708852450052895,0.9801167052469136,0.9795952690972223
7,34,0.0006092418334446847,0.0006799155380576849,0.3759077497470526,0.3181467546357049,0.9795946662808642,0.98603515625
7,35,0.0005885316641069949,0.0007947112899273634,0.40326732617837413,0.20326233175065783,0.9795542775848766,0.9823893229166667
7,36,0.0005996893160045147,0.0007332851528190076,0.3940836195592527,0.2768644134203593,0.9801998939043209,0.9823838975694444
7,37,0.0005781847285106778,0.0007216109079308808,0.42428946804117273,0.25624647272957696,0.9801546826774692,0.9817437065972222
7,38,0.0005700050969608128,0.0008016256615519524,0.4199691935821816,0.18386484384536744,0.9795928578317902,0.9842122395833334
7,39,0.0005835933843627572,0.0006707484135404229,0.3966904897748688,0.3319586462444729,0.9799165702160494,0.9828342013888889
7,40,0.0005289054242894053,0.0006567881209775805,0.46924535183259,0.33966452810499403,0.9802698206018519,0.9817437065972222
7,41,0.0004944090615026653,0.0008212574757635593,0.5009025210215722,0.1869814157485962,0.9806230709876543,0.9806206597222222
7,42,0.0005069972248747945,0.0006004961906000972,0.48887116747137943,0.40065423515107895,0.9805597752700618,0.982421875
7,43,0.0004774451954290271,0.0006741265533491969,0.5180065171218212,0.32282285160488555,0.9804964795524691,0.9819552951388889
7,44,0.0004706435138359666,0.000760394730605185,0.5223702061323472,0.24263626601960925,0.9804259500385802,0.9842827690972222
7,45,0.00048409757437184453,0.000606450077611953,0.5062540353080373,0.3965100540055169,0.980639949845679,0.9829752604166667
7,46,0.0004748192732222378,0.0006680935039184988,0.518215110125365,0.33243541717529296,0.9807285638503086,0.9827962239583333
7,47,0.0004658200778067112,0.000914722855668515,0.5303110343438607,0.0739663283030192,0.9808587721836419,0.9787272135416667
7,48,0.0004953173920512199,0.000722670229151845,0.4924807029005922,0.28075466818279693,0.9803053867669753,0.9807942708333334
7,49,0.00045979622518643737,0.0006009756471030414,0.5331395609879199,0.4045602348115709,0.9808846932870371,0.9821668836805556
7,50,0.00044406624510884285,0.0005563689046539366,0.5524589198606985,0.43520656824111936,0.9809323157793209,0.9828938802083333
7,51,0.0004457304021343589,0.0006909638759680092,0.5469959108917801,0.32858506970935397,0.9811782648533951,0.9804633246527777
7,52,0.00042852561455219984,0.0006825710297562182,0.5690087642198728,0.33679256041844685,0.981423008294753,0.9828504774305555
7,53,0.00041523738764226437,0.0006248721620067954,0.5789926754103767,0.38260655800501503,0.9813066647376543,0.9834689670138889
7,54,0.00042768794810399413,0.00059650803450495,0.5665936662827009,0.4129268964131673,0.9813012393904321,0.9833170572916666
7,55,0.00042935070814564824,0.000626398716121912,0.563061092812338,0.3797144148084852,0.9812771267361111,0.98466796875
7,56,0.0004248447949066758,0.0005619942676275969,0.5742846636124599,0.4218001286188761,0.9813771942515432,0.98125
7,57,0.00041283341124653816,0.0005908617749810219,0.5814580334557428,0.41328327655792235,0.9816786024305556,0.9814778645833333
7,58,0.00039936284883879125,0.0005775962490588427,0.5955638857535374,0.4219139059384664,0.981223476080247,0.9850314670138889
7,59,0.0003713213955052197,0.0006303154514171183,0.626817579181106,0.3661917236116197,0.9822946807484568,0.9834689670138889
7,60,0.00036179658491164446,0.00063309445977211,0.6308045789047524,0.3767351587613424,0.9826256269290123,0.98349609375
7,61,0.0003549083776306361,0.0006061880849301815,0.6372749013665282,0.4023407883114285,0.982543041087963,0.9830023871527778
7,62,0.0003522898186929524,0.0005810090806335211,0.6418945749600729,0.42283582952287463,0.9828251591435185,0.983740234375
7,63,0.00034781600697897375,0.0006057413993403316,0.6481572140882045,0.39604755242665607,0.982691936728395,0.9847873263888889
7,64,0.0003401740686967969,0.0006286845309659839,0.6512633799034873,0.3794400148921543,0.983104865933642,0.9839246961805556
7,65,0.0003361385897733271,0.0006135771982371807,0.6535350525820697,0.3899265872107612,0.9830578462577161,0.9847873263888889
7,66,0.00033737666672095656,0.000616703589912504,0.654077356244311,0.37720138099458483,0.9830469955632716,0.98427734375
7,67,0.0003235952463001013,0.0005812005838379264,0.6688869507224472,0.4234416643778483,0.9833845727237654,0.9854329427083334
7,68,0.0003114286810159683,0.0005583744496107101,0.6787839490690349,0.4512606634034051,0.9836118344907407,0.9853949652777778
7,69,0.00031186570413410664,0.0005955143715254962,0.6779023950482592,0.408679817782508,0.9837836371527777,0.985498046875
7,70,0.0003039086004719138,0.0006034339894540608,0.6854624390602112,0.40290213955773246,0.9838686342592593,0.9850694444444444
8,1,0.03427077457308769,0.012503803707659245,-51.41252305772569,-19.76341127819485,0.987109977816358,0.9931749131944444
8,2,0.009088967926800251,0.006341786589473486,-12.597657833570315,-9.227810849083795,0.9924069251543209,0.991650390625
8,3,0.005288455169647932,0.003972422331571579,-6.724992158383499,-5.158136410183377,0.9901162229938272,0.9905978732638889
8,4,0.00367905106395483,0.0031263367272913456,-4.111491625985981,-3.569542082150777,0.9877700617283951,0.9914388020833333
8,5,0.0028556587640196085,0.0025168671272695065,-2.8398253231872745,-2.6342163483301797,0.9873113184799382,0.9853895399305556
8,6,0.0023334992583841085,0.0018705821130424738,-2.0748933724415157,-1.6516462432013617,0.9841103636188272,0.9879828559027778
8,7,0.001993594691157341,0.0014781035715714097,-1.564760971510852,-1.076610357231564,0.9832049334490741,0.9900065104166667
8,8,0.0017176447436213493,0.00129392568487674,-1.161511258137079,-0.7818618999587165,0.9821132330246913,0.9852701822916666
8,9,0.0015138182789087296,0.0011826892150565982,-0.8530022404812,-0.5781643854247199,0.9817039207175926,0.9849446614583334
8,10,0.0013575111515820026,0.0012262817472219467,-0.6248167704652857,-0.5405918757120768,0.981178867669753,0.9892035590277778
8,11,0.0012908419594168663,0.0011436126660555601,-0.5242120516153029,-0.4036606232325236,0.9817551601080247,0.9848578559027777
8,12,0.0011638798750936985,0.000972779409494251,-0.3398684036584548,-0.20750311877992417,0.9807810088734568,0.9772569444444444
8,13,0.0010759809520095587,0.001068662852048874,-0.21911062237657147,-0.21868128909005058,0.9799660011574074,0.9832682291666667
8,14,0.001029139501042664,0.0008554079104214907,-0.14638875649299152,-0.021750032901763916,0.9806212625385803,0.9812879774305555
8,15,0.000973314163275063,0.0009508198127150536,-0.08337279307989427,-0.07472060388988919,0.9805561583719136,0.9796223958333333
8,16,0.0009378709364682436,0.0007796469144523144,-0.028889395866864995,0.10635890298419529,0.9800980179398148,0.9829047309027777
8,17,0.0009185274830088019,0.0008550051134079695,0.0018882876561011797,-0.01034749878777398,0.9808798707561729,0.9753092447916667
8,18,0.0008740262128412724,0.0007068602135404944,0.06187014255994632,0.22701695230272081,0.9798966772762345,0.981298828125
8,19,0.0008245176868513227,0.0006888367352075875,0.1219756782790761,0.24067592091030546,0.9799183786651234,0.9808213975694444
8,20,0.0007901875069364905,0.0005958188557997346,0.166239364500399,0.3383880694707235,0.979712215470679,0.9839246961805556
8,21,0.0007946991827338934,0.0007446730742231011,0.171162290337645,0.1984031120936076,0.9802131558641975,0.9755154079861111
8,22,0.0007524510147050023,0.0006771574262529612,0.21473051721667066,0.28774567047754923,0.9795235339506173,0.97705078125
8,23,0.0007389886886812747,0.0006834134692326188,0.24111257953408324,0.28268489440282185,0.9793722270447531,0.9816623263888888
8,24,0.000738103233743459,0.0005496540106832981,0.2390076259036123,0.427224071820577,0.9797333140432098,0.9807725694444445
8,25,0.0006935239071026444,0.0007434594444930553,0.2853117443897106,0.29102947844399346,0.9801637249228395,0.9787000868055555
8,26,0.0006986234802752733,0.0006485854391939938,0.286857920958672,0.36109608941608007,0.9798828125,0.9812554253472222
8,27,0.0006706073763780296,0.0005773095181211829,0.32778152654200426,0.39484149085150827,0.9798231336805555,0.9721950954861112
8,28,0.0006607252289541066,0.0005735640879720449,0.3282102780577577,0.40326685110727944,0.9795313705632716,0.9794053819444445
8,29,0.0006458279676735401,0.0006111685070209205,0.3465751615571387,0.36229564083947075,0.9800088011188272,0.9767686631944444
8,30,0.0006268052384257317,0.0005251596448943019,0.3631062793143002,0.4543006526099311,0.9793649932484568,0.9754286024305555
8,31,0.0006012617377564311,0.00047490274300798774,0.38743452996383476,0.5163130508528815,0.9800745081018518,0.9805881076388889
8,32,0.000596734753344208,0.0005197402788326144,0.4080192844072978,0.474855199125078,0.9799629870756172,0.9775065104166667
8,33,0.0005683308118022978,0.0005738598993048072,0.4325996968481276,0.4189902875158522,0.9799557532793209,0.9753797743055556
8,34,0.0006000171415507793,0.000522791815456003,0.4012329070656388,0.45495706531736585,0.9799165702160494,0.9771430121527778
8,35,0.0005554460221901536,0.0004959675716236234,0.4448180919812049,0.49247935348086885,0.9794403452932099,0.9791612413194445
8,36,0.0005748506519012153,0.0005286987870931625,0.4184224100760472,0.4893797596295675,0.9800823447145062,0.9760036892361111
8,37,0.0005372533341869712,0.00045049155596643686,0.4569583227604996,0.5504575663142734,0.980054012345679,0.9811469184027778
8,38,0.0005440037930384278,0.000492538558319211,0.4605208079020182,0.5348179658253988,0.9801739728009259,0.9816351996527778
8,39,0.0005176501581445336,0.00045244224020279944,0.486297411830337,0.5506449553701612,0.9801468460648148,0.9824978298611111
8,40,0.0004995133494958282,0.0004027841496281326,0.5041357006555722,0.6031052205297682,0.9803560233410494,0.9792697482638889
8,41,0.000479837239254266,0.0004580775566864759,0.5278990011156341,0.5276328828599718,0.9802306375385802,0.97978515625
8,42,0.0004844513605348766,0.0005305985687300563,0.5190670449056743,0.46893084976408217,0.9804271556712963,0.978515625
8,43,0.00048705990775488317,0.0004778530856128782,0.5162361162680167,0.5102969487508138,0.9806785300925925,0.9765299479166667
8,44,0.00046645401744171977,0.0003828332992270589,0.5411487558741629,0.6332883238792419,0.980687572337963,0.9808865017361111
8,45,0.0004652681527659297,0.0004134858609177172,0.5327482488420274,0.588156713379754,0.9809401523919753,0.9816786024305556
8,46,0.0004486742545850575,0.00042804458644241095,0.5517497847109665,0.5874805317984687,0.9807882426697531,0.9780002170138888
8,47,0.0004389676032587886,0.0004522457893472165,0.5641980328677613,0.5721295224295722,0.9808244116512346,0.9801812065972222
8,48,0.00041664220043458045,0.000516209751367569,0.5896273664486261,0.5031987812783983,0.9813518759645061,0.9765028211805555
8,49,0.00043141667265444994,0.0004638532118406147,0.5702828678084009,0.5463591588868035,0.9813597125771605,0.9794216579861111
8,50,0.00042609876254573464,0.0004265515017323196,0.5735415308563797,0.5978705551889207,0.9810341917438271,0.98037109375
8,51,0.00039533234667032957,0.0004368517256807536,0.6068772731003937,0.579175599416097,0.9816424334490741,0.979443359375
8,52,0.0004034313606098294,0.0004012653371319175,0.5964347811392796,0.6229635198911031,0.9816472559799383,0.9770128038194444
8,53,0.0003547096566762775,0.0003959462628699839,0.6463744303326547,0.6284286167886523,0.9822771990740741,0.980322265625
8,54,0.00034688549931161106,0.00040381430881097913,0.6545455037811656,0.6247438642713758,0.9824743200231482,0.9821017795138889
8,55,0.0003381867427378893,0.00042269352707080543,0.66114265491933,0.6041961961322361,0.9829469280478395,0.979150390625
8,56,0.0003250148438382894,0.0004209059407003224,0.6752993334958582,0.6026638865470886,0.9831380208333333,0.9811631944444444
8,57,0.00031803749152459204,0.0003820207784883678,0.6805343542569949,0.6459690743022495,0.9833116319444445,0.9833875868055556
8,58,0.0003257132484577596,0.0003887623024638742,0.6656323273976644,0.6370068656073676,0.9834683641975308,0.9832953559027777
8,59,0.0003135913284495473,0.00042631791438907385,0.6821454024609225,0.5966520812776354,0.9834653501157408,0.9836100260416667
8,60,0.0003043205360881984,0.00038946987478993833,0.690731935000714,0.6313717908329434,0.9837106963734568,0.9824164496527777
8,61,0.0002969481283798814,0.0003878572315443307,0.7028816012688625,0.6383919477462768,0.9838348765432099,0.9852159288194444
8,62,0.0003049873630516231,0.00038791008410044014,0.6892827955293067,0.6387079199155171,0.983790870949074,0.9817220052083333
8,63,0.00030848028836771846,0.00040736875962466,0.6884554782031495,0.6118121173646714,0.983643783757716,0.982568359375
8,64,0.0003075207641813904,0.0004072764713782817,0.6892882345635214,0.617384856277042,0.983814983603395,0.9829752604166667
9,1,0.043951474130153656,0.01320004090666771,-63.37950154528206,-21.064465459187826,0.9119797694830247,0.9917697482638889
9,2,0.009829101152718067,0.00698433630168438,-13.832289175928375,-10.196872440973918,0.9886531876929012,0.9868489583333333
9,3,0.00564319035038352,0.004518435336649418,-7.218488338552875,-5.883189174864027,0.9885898919753087,0.9886610243055556
9,4,0.003917988855391741,0.0036850785836577415,-4.505345113483476,-4.3009983751508924,0.988038315007716,0.984326171875
9,5,0.003026491729542613,0.0026614724192768335,-3.135704184167179,-2.734367428885566,0.9860701195987654,0.9857801649305555
9,6,0.0024719638749957085,0.00212465925142169,-2.2909907302738706,-1.9403515577316284,0.9839994454089506,0.9805826822916667
9,7,0.0021008013281971216,0.001770423143170774,-1.7126788087833076,-1.3794778399997287,0.9836220823688272,0.980224609375
9,8,0.0018146885558962822,0.001697159605100751,-1.3201445482395313,-1.196593211756812,0.9828697675540123,0.9763617621527778
9,9,0.0016052862629294395,0.0012798190582543612,-1.008091241047706,-0.6437873668140836,0.9820999710648148,0.987353515625
9,10,0.0014299642061814666,0.0012137566227465868,-0.7536623386689174,-0.5127365152041118,0.9815055941358025,0.9833279079861111
9,11,0.0013049193657934666,0.0014186155749484897,-0.5786273372026137,-0.5748576243718465,0.9811161747685185,0.9873426649305556
9,12,0.001234486815519631,0.0012101468164473772,-0.4463207577481682,-0.42203617758221096,0.9814597800925926,0.9764973958333333
9,13,0.0011278546880930662,0.001022834563627839,-0.31053406721279947,-0.18912575112448798,0.9802438994984568,0.9876573350694444
9,14,0.001061613205820322,0.0010687063913792372,-0.21540235428162563,-0.23914175828297932,0.9803077980324074,0.9840549045138889
9,15,0.0009887060150504112,0.0010776121634989977,-0.1318254001346635,-0.15390829377704196,0.9804964795524691,0.9845052083333333
9,16,0.0009624180383980274,0.0009724120027385652,-0.09060339765784181,-0.05883607864379883,0.9803005642361111,0.9802680121527778
9,17,0.0009187118848785758,0.0013145527336746454,-0.029323254249714038,-0.28461117347081505,0.9806821469907407,0.9806532118055555
9,18,0.000896529876627028,0.0008968153269961476,0.0032360533137380343,0.07462590667936538,0.9795621141975308,0.9840603298611111
9,19,0.0008707793895155191,0.0008913346100598574,0.04113102562633562,0.10234439902835422,0.9801010320216049,0.9869520399305556
9,20,0.0008424106054008007,0.0008410180453211069,0.08485715330382924,0.13403100040223864,0.9806899836033951,0.9792154947916667
9,21,0.0008114275988191366,0.0008573042578063905,0.12531634436713324,0.09413023524814182,0.9802613811728395,0.9792046440972222
9,22,0.0008021757239475846,0.0007979142828844488,0.1372613028243736,0.1990817070007324,0.979736328125,0.9843153211805555
9,23,0.0007656876696273685,0.000739866984076798,0.18509353870227013,0.26474002732170954,0.9800666714891976,0.9830512152777777
9,24,0.0007340091397054493,0.0007568569853901863,0.22223763407012562,0.26315554247962103,0.9796302324459877,0.9866048177083333
9,25,0.0007481579086743295,0.000806339317932725,0.20747028324339126,0.169708874490526,0.9801221305941358,0.980810546875
9,26,0.0007069443236105144,0.0008216564310714602,0.26236741881311676,0.19724200434154934,0.9799002941743827,0.9771701388888889
9,27,0.0007054103189148009,0.000729992229025811,0.26357972739655294,0.3081029216448466,0.9798152970679013,0.98203125
9,28,0.0006621811189688742,0.0009317611111328006,0.31273448452537445,0.17222012943691678,0.9800823447145062,0.9765028211805555
9,29,0.0006559260655194521,0.0007649384206160903,0.32846218126791493,0.2677918579843309,0.9795856240354939,0.9753200954861111
9,30,0.0006542452611029148,0.0006610956625081599,0.32676791394198385,0.3828046295377943,0.9795199170524691,0.9772569444444444
9,31,0.000624452717602253,0.0007924813544377685,0.36294645085746857,0.24175020456314086,0.979907527970679,0.9761881510416667
9,32,0.0006422875449061394,0.0006727707805112004,0.3416691057475997,0.33925780455271404,0.9794373312114197,0.9786024305555555
9,33,0.0006192042492330074,0.0007343614706769586,0.36832096370649925,0.3298594011200799,0.9796567563657408,0.9825466579861111
9,34,0.0006041903397999704,0.0006888759671710432,0.3816040751374798,0.3712119658788045,0.9800757137345679,0.9765353732638888
9,35,0.0005907370359636843,0.0006997667951509356,0.40701522179591804,0.3310817003250122,0.9795946662808642,0.9823350694444445
9,36,0.0005832501919940114,0.0006554658757522702,0.4111626317471634,0.376553557978736,0.979493393132716,0.9771321614583334
9,37,0.0005793042946606874,0.00078681850573048,0.41062807816046254,0.26089480453067354,0.9797134211033951,0.98154296875
9,38,0.0005548474728129804,0.0007082816446200013,0.43657241000069513,0.3492822541130914,0.9804114824459876,0.9761773003472223
9,39,0.0005614901310764253,0.0006753894267603755,0.43054886394076874,0.33441913392808703,0.9794300974151234,0.9794650607638888
9,40,0.0005342799704521894,0.0008954055374488235,0.46411611636479694,0.10215655697716607,0.9800624517746913,0.9793728298611111
9,41,0.0005459045059978962,0.0007838348974473774,0.44296068218019274,0.29178356329600014,0.9805881076388889,0.9721733940972223
9,42,0.0005528550827875733,0.000945204112213105,0.45783836061571853,-0.015686053699917265,0.9797905815972222,0.9775282118055556
9,43,0.0005489076720550656,0.0006521120667457581,0.4450507702650847,0.4178061882654826,0.9796639901620371,0.9832573784722223
9,44,0.0005164628964848816,0.0005513716023415327,0.48579684775552634,0.47698385450575087,0.9803162374614197,0.9821126302083333
9,45,0.0004994836053811014,0.000607689784374088,0.49308391279644437,0.41813658475875853,0.9803524064429012,0.9801052517361111
9,46,0.0004922752850688994,0.0006022969610057771,0.5116960788950508,0.4594520794020759,0.9803759162808642,0.979541015625
9,47,0.0004741832090076059,0.0006376385572366416,0.5306123271400546,0.4271644949913025,0.9806098090277777,0.9813313802083333
9,48,0.0004701802972704172,0.0005732800927944481,0.5276000633651827,0.5073759039243062,0.9804410204475309,0.9828559027777778
9,49,0.00046085199574008584,0.0005854102200828493,0.5380641712082757,0.5106786357031928,0.9804627218364198,0.9794542100694444
9,50,0.000456392765045166,0.0006515323766507208,0.5432787589084955,0.3855860431989034,0.9810353973765432,0.9747612847222222
9,51,0.0004426942905411124,0.0005271437694318593,0.5531868450435591,0.5385410057173835,0.9809039834104938,0.9763943142361111
9,52,0.000454951252322644,0.0006047564093023539,0.5512327815279549,0.45108912256028916,0.9802921248070988,0.9811414930555555
9,53,0.0004338507424108684,0.0005953381769359112,0.566672431981122,0.4869462251663208,0.9811957465277777,0.979541015625
9,54,0.00041986157884821296,0.0005963416188023984,0.5838371633011618,0.4368491676118639,0.9814742476851852,0.9803114149305555
9,55,0.00042171229142695665,0.0005401810049079359,0.5809682392779691,0.5026662296719021,0.981493537808642,0.9755099826388889
9,56,0.0004158805822953582,0.0005681755137629807,0.5863336747075305,0.4540130747689141,0.9811885127314814,0.978125
9,57,0.0004009190306533128,0.0004917734768241644,0.6054935077090322,0.5557412187258403,0.9815598476080247,0.9814615885416667
9,58,0.00038320187013596296,0.000494132109452039,0.6232372930020462,0.5630736125840081,0.9818534191743827,0.9790798611111111
9,59,0.0003853958332911134,0.0004885064554400742,0.619424757545377,0.5849048654238383,0.9818528163580247,0.9819607204861112
9,60,0.0003738765371963382,0.0005695180152542889,0.6310611296583105,0.4998148070441352,0.9821602527006172,0.9835394965277777
9,61,0.00038083712570369244,0.0004998816875740886,0.6247056194293646,0.5708882742457919,0.9822458526234568,0.9829644097222222
9,62,0.00035377079620957375,0.0008767647668719292,0.6490558156260737,0.15405643648571438,0.9825267650462963,0.9789225260416666
9,63,0.00038369843969121575,0.0005511346971616149,0.6238242549660765,0.5017435285780165,0.9821861738040123,0.9821831597222223
9,64,0.0003653915482573211,0.0005399584188126028,0.6312885687675005,0.5419752319653829,0.9824797453703704,0.9825412326388889
9,65,0.00034597047488205135,0.0005371507722884417,0.6611953454253114,0.4745644357469347,0.9829143759645061,0.9834309895833333
9,66,0.0003662424860522151,0.0005393546307459474,0.6366297761599223,0.4956994387838576,0.9824845679012346,0.9823187934027777
9,67,0.0003418297856114805,0.00045955285895615816,0.6643947565997088,0.5703122271431817,0.9827214747299383,0.9830186631944444
9,68,0.00033527237246744335,0.00043879880104213953,0.6657482713828852,0.6051292326715257,0.982887852044753,0.9849555121527778
9,69,0.0003162409702781588,0.00048019946552813053,0.6906976011064317,0.5764251020219591,0.9835666232638889,0.9830132378472223
9,70,0.0002926500455942005,0.00045690423576161265,0.7112864728327151,0.6138841721746656,0.9839463975694445,0.9838650173611111
9,71,0.0003001811564899981,0.00046623387606814504,0.6985850056012471,0.5911730527877808,0.9840217496141975,0.9840060763888889
9,72,0.0003014846588484943,0.0004919142811559141,0.7018681562977073,0.5639836351076762,0.9841061439043209,0.9834092881944444
9,73,0.0002916419762186706,0.0004962411476299167,0.7086251163188322,0.5423341168297662,0.9842646846064815,0.9833767361111111
9,74,0.0003091370454058051,0.00047776615247130394,0.6961844146987538,0.5510423209932115,0.9841278452932098,0.9840766059027778
9,75,0.00029133347561582923,0.00044123129919171333,0.7104713139710603,0.6077493018574185,0.984156177662037,0.9834689670138889
9,76,0.0002855696075130254,0.000426312763011083,0.7110534750385049,0.6426906996303134,0.9843792197145061,0.9859266493055555
9,77,0.00029993007774464786,0.000486345641547814,0.6998867834055865,0.548232188489702,0.9842019917052469,0.9847276475694444
9,78,0.0002769194543361664,0.00044710258953273296,0.7261700510978699,0.6121269636683994,0.9846330054012346,0.9851182725694444
9,79,0.0002621746389195323,0.0004974829498678446,0.7357537613974677,0.5742485735151502,0.9848668981481481,0.9836588541666667
9,80,0.00025713746435940266,0.00047896281466819346,0.7469741175204148,0.5586468511157565,0.9849965036651235,0.9858669704861112
9,81,0.0002569449134171009,0.0004330099036451429,0.7435133857491576,0.6200718747244941,0.985129726080247,0.9839246961805556
9,82,0.0002533024817239493,0.00044497987255454063,0.7470703732820205,0.623327891031901,0.9851369598765433,0.985302734375
9,83,0.00027194651192985475,0.0005012613837607205,0.7277868747711181,0.5259643634160359,0.9848777488425926,0.9843424479166667
9,84,0.0002592457749415189,0.0004678101104218513,0.7413239355440493,0.5867621594005161,0.9851357542438272,0.9836208767361111
9,85,0.00023692575632594526,0.0004262804868631065,0.7637645524225117,0.6236635327339173,0.9854208863811729,0.987646484375
9,86,0.00020286827930249274,0.00043664383701980114,0.7988756699326598,0.5903078860706753,0.9863311390817902,0.9877604166666667
9,87,0.00019161764066666365,0.0004413585993461311,0.807900075117747,0.5801744328604804,0.986598186728395,0.9879503038194445
9,88,0.00018695654580369592,0.0004302810993976891,0.8109916429460785,0.617905068397522,0.9869610821759259,0.9879448784722222
9,89,0.00018532798276282847,0.00043252637260593474,0.8115302256595941,0.6146844943364461,0.9869906201774692,0.98828125
9,90,0.00017948372988030314,0.00042866228614002466,0.8188842258335631,0.5986761106385126,0.987159408757716,0.9885525173611112
9,91,0.00017834530444815755,0.0004327965434640646,0.8193140285986441,0.6088333487510681,0.9872546537422839,0.9884874131944444
9,92,0.0001748632494127378,0.00042917620157822967,0.8225531338173666,0.6083079271846348,0.9874746817129629,0.9886935763888889
9,93,0.00016142454114742577,0.0004340570012573153,0.8358731980677004,0.6094054487016466,0.9876368393132716,0.9887803819444444
9,94,0.0001574263151269406,0.00042421865509822965,0.8397990073686764,0.6293328457408481,0.9878140673225309,0.9892306857638888
9,95,0.0001545562845421955,0.0004333753022365272,0.841574764104537,0.6056175841225518,0.9880160108024691,0.9892198350694444
9,96,0.0001514982432126999,0.00043237104546278715,0.844658836317651,0.6150142603450351,0.9881136670524692,0.9894314236111111
9,97,0.00015137428999878466,0.000438098912127316,0.8444695677286312,0.6064462039205764,0.9881890190972222,0.9891438802083333
9,98,0.00014771940186619759,0.00044904096284881234,0.8478993833800893,0.5925908048947652,0.9882679880401235,0.9893391927083334
9,99,0.00014704003115184605,0.00043614977039396763,0.848395484317968,0.6098073085149129,0.9883620273919753,0.9896484375
9,100,0.00014499519602395594,0.00045291881542652845,0.8500256483937487,0.5807504879103766,0.9884168836805556,0.9898220486111111
9,101,0.00014383351663127542,0.00043910069507546723,0.8512151690176976,0.6090859598583646,0.9885296103395061,0.9897894965277778
9,102,0.00014273397391662002,0.00043644511606544256,0.8522736543490563,0.6218612048361036,0.9886158130787037,0.9898763020833333
9,103,0.00013823891640640795,0.0004453155561350286,0.8571325474315219,0.5993780401017931,0.9886447482638889,0.9898763020833333
9,104,0.0001358546142000705,0.0004504448443185538,0.8590788549847073,0.6024528013335334,0.988791835455247,0.9900499131944445
9,105,0.00013529103307519108,0.00045337481424212456,0.8596200313097165,0.5933861851692199,0.9888099199459877,0.9899848090277777
9,106,0.00013427340309135616,0.0004496112815104425,0.8604776149914588,0.6052141507466634,0.9888864776234568,0.9897840711805556
9,107,0.000133254419779405,0.00045795401092618704,0.8612875131913174,0.5925899810261197,0.9889666521990741,0.9898817274305556
9,108,0.00013239888357929885,0.00046030987869016826,0.8621439561431791,0.5912002828386095,0.9889533902391975,0.9899576822916667
9,109,0.00013161648530513048,0.00045688735553994775,0.8629350980122884,0.5883423858218723,0.989015480324074,0.9900933159722223
9,110,0.00013107054110150784,0.00045648153172805905,0.8633721572381479,0.599183111720615,0.9890721450617284,0.9902018229166667
9,111,0.00012840557610616088,0.0004615148645825684,0.8663684965651712,0.5887664278348287,0.9891215760030864,0.9900336371527778
9,112,0.0001279516873182729,0.00046184114762581885,0.8665990747051474,0.5891775833235846,0.9891728153935185,0.9900770399305555
9,113,0.00012724805856123567,0.0004606839211191982,0.8672201415638865,0.5929361396365695,0.9892119984567901,0.9902452256944444
9,114,0.0001269747590413317,0.00046259548980742693,0.8675990165015798,0.5868752453062269,0.9892312885802469,0.9902235243055556
10,1,0.0557527020573616,0.020698746666312218,-85.52679407920367,-30.0600861231486,0.8753562644675926,0.9948784722222223
10,2,0.014891267754137516,0.010103367269039154,-22.0341980357229,-13.920871045854357,0.9933509355709876,0.9924696180555556
10,3,0.007941672578454018,0.006268518976867199,-10.905987247125601,-8.04445578787062,0.992016300154321,0.9919650607638889
10,4,0.005240130238234997,0.004413244780153036,-6.69763022352148,-5.196116203731961,0.9912031008873456,0.9914713541666667
10,5,0.003920832648873329,0.0036820643581449986,-4.548792123500212,-3.931036689546373,0.9906063126929012,0.9899739583333333
10,6,0.003187834285199642,0.0026788697578012943,-3.3490246266494563,-2.6132451057434083,0.9896399980709877,0.990478515625
10,7,0.0026012728922069073,0.002490395912900567,-2.50772788921992,-2.2592418326271906,0.9885929060570988,0.9875
10,8,0.002235750202089548,0.0018276798073202372,-1.959162136360451,-1.4241123808754814,0.9868947723765432,0.976025390625
10,9,0.001927982084453106,0.0017672069370746613,-1.527008431929129,-1.2808574544058906,0.9839632764274692,0.9836100260416667
10,10,0.0016520703211426735,0.001467857975512743,-1.1178578354694224,-0.8773098654217191,0.9837751977237654,0.9765462239583333
10,11,0.0014721781481057405,0.001619073562324047,-0.8394902909243548,-0.9465234571033054,0.9822114920910494,0.9783962673611111
10,12,0.0013566913548856974,0.0016623797127977014,-0.6652258531546887,-0.9863568703333537,0.9815893856095679,0.9758409288194444
10,13,0.0013233607169240713,0.0013290157075971365,-0.581859004497528,-0.6189484755198161,0.982055362654321,0.9760633680555556
10,14,0.0012025393079966307,0.001031327061355114,-0.4354604019059075,-0.24604003296958077,0.9808250144675926,0.9847873263888889
10,15,0.0010976390913128853,0.0011648099170997739,-0.2823488264908025,-0.37254288196563723,0.9815622588734568,0.9744683159722223
10,16,0.0010619140230119228,0.0010121006052941084,-0.22832763724856905,-0.19053093592325845,0.9812373408564815,0.9754123263888889
10,17,0.0010158042423427105,0.0009325403370894492,-0.15609996289382747,-0.09662995073530409,0.9810366030092592,0.9780924479166667
10,18,0.0009586799424141645,0.0008883497212082148,-0.08197175337944501,-0.0383643560939365,0.9808406876929012,0.9746636284722222
10,19,0.0009215555619448423,0.0008043527486734092,-0.024894170702239614,0.0811108218299018,0.979908733603395,0.9863389756944444
10,20,0.0009146850788965821,0.0008642436005175114,-0.010491160257363024,0.023165512084960937,0.980686969521605,0.9791341145833333
10,21,0.0008821434457786381,0.0007815052522346377,0.032843458063808485,0.1046216540866428,0.9806718991126543,0.9783040364583333
10,22,0.0008261094335466623,0.0008537419489584863,0.10657635618139197,0.02873302035861545,0.9804006317515432,0.979833984375
10,23,0.0008067272137850523,0.001070384867489338,0.129171606052069,-0.16957795355055066,0.9800739052854939,0.9739529079861111
10,24,0.0008064826251938939,0.0007465606322512031,0.13738648626539443,0.1474684609307183,0.9798448350694444,0.9772406684027778
10,25,0.0007790325907990336,0.0008090040064416826,0.17085967284661752,0.10831523338953654,0.9792697482638889,0.9853135850694444
10,26,0.0007413704879581928,0.0008876904612407088,0.2177344183862945,6.540616353352864e-05,0.9804934654706791,0.9720757378472222
10,27,0.000744403398130089,0.0007299393764697015,0.21753423552454254,0.18284378316667343,0.9798508632330247,0.9791883680555555
10,28,0.0007093565072864294,0.0006483913166448474,0.25184271409187786,0.28700359397464326,0.9801203221450617,0.9825358072916667
10,29,0.0006880987202748656,0.0006299890810623765,0.2803427154635206,0.3158640543619792,0.9804241415895062,0.9822916666666667
10,30,0.0006684403051622212,0.0007442501373589039,0.3075988016010803,0.20285177495744494,0.9804229359567901,0.9805067274305556
10,31,0.0006913074757903814,0.0007167971925809979,0.28436912460091673,0.20989730623033312,0.9799593701774691,0.9825358072916667
10,32,0.0006522612529806793,0.0007603461854159832,0.3256020709320351,0.18040316767162748,0.9804886429398149,0.9743435329861111
10,33,0.0006499430164694786,0.0006283927941694856,0.3361698818795475,0.3209979189766778,0.9799913194444444,0.9802951388888889
10,34,0.0006222699303179979,0.0005931988125666976,0.36128429262726397,0.3677511347664727,0.9799051167052469,0.9821831597222223
10,35,0.000624488340690732,0.0005697541637346148,0.36478900776969064,0.3881053672896491,0.980419921875,0.9776258680555555
10,36,0.0005970259662717581,0.0006178254261612892,0.39513840410444473,0.3190419952074687,0.9799129533179012,0.9806423611111111
10,37,0.0005982007714919746,0.0006672580493614078,0.3829169510323324,0.271335138214959,0.9803433641975309,0.9780870225694445
10,38,0.0005843044491484761,0.0005669501260854304,0.41771453251073387,0.3869888530837165,0.980272834683642,0.9793891059027777
10,39,0.0005759472260251641,0.0005679239984601736,0.4131614219995193,0.4026522543695238,0.9799647955246914,0.983935546875
10,40,0.0005711141275241971,0.0007127001881599426,0.4294753944432294,0.21887632343504165,0.9801540798611111,0.9806369357638889
10,41,0.0005633084801957011,0.0005320119671523571,0.426865651725251,0.4321459823184543,0.9805000964506173,0.9779893663194444
10,42,0.000526183401234448,0.0005447251023724675,0.4709087062765051,0.4151274734073215,0.9806598427854938,0.9807562934027778
10,43,0.0005285964580252767,0.0005474844947457314,0.470716956809715,0.41327036486731633,0.9807376060956791,0.9758409288194444
10,44,0.0005070999031886458,0.0006793999345973134,0.4923877889727369,0.26397073136435617,0.9800003616898149,0.9819173177083333
10,45,0.0005214016418904066,0.0005024867714382708,0.4736709210607741,0.4669965042008294,0.980591724537037,0.9795084635416667
10,46,0.0004895736929029226,0.000602415413595736,0.5096867736474967,0.33592029809951784,0.9810245466820988,0.9786078559027778
10,47,0.0005028697196394205,0.000505274860188365,0.4959558149914683,0.449629094865587,0.9799690152391975,0.9813639322916666
10,48,0.0005052224732935429,0.0005124660674482584,0.49548303845487995,0.46268764071994356,0.9809148341049383,0.9813205295138889
10,49,0.00046255887718871236,0.000482527248095721,0.5462748364165977,0.49159288936191137,0.9808177806712963,0.9807888454861111
10,50,0.00047486298717558384,0.0005101584829390049,0.5274947022214348,0.46635143094592624,0.9811933352623456,0.9804850260416667
10,51,0.00045972276711836457,0.0005774515448138118,0.5439578661212214,0.39480805529488455,0.981102309992284,0.9762966579861111
10,52,0.00044001988135278225,0.0005562590667977929,0.5642064806855756,0.4188852734035916,0.9807828173225308,0.9809407552083333
10,53,0.00045016378862783313,0.0005586874904111028,0.5515908189761786,0.4073768893877665,0.9814392843364198,0.9791829427083333
10,54,0.000457212096080184,0.00048645123024471104,0.5469279134715045,0.4951663017272949,0.9813072675540123,0.9795247395833333
10,55,0.00045672725536860526,0.0006100964383222163,0.5517581144968668,0.3375031563970778,0.9813325858410494,0.9775553385416667
10,56,0.0004383824416436255,0.0005321336211636662,0.5654933465851678,0.4399518039491441,0.9806936005015432,0.979443359375
10,57,0.00042168330401182175,0.0005900758551433682,0.5871342558919648,0.38629761669370866,0.9813488618827161,0.9816731770833333
10,58,0.00038845589733682573,0.0004999669617973268,0.6152041530903475,0.47128938833872475,0.9815266927083334,0.9817925347222223
10,59,0.0003707015421241522,0.0004774327389895916,0.6307417148425255,0.49796919425328573,0.9822874469521605,0.9823133680555556
10,60,0.0003516498254612088,0.00046013458631932735,0.65297448311323,0.5098592241605123,0.982617790316358,0.983349609375
10,61,0.00034580883220769465,0.00047241352149285376,0.6549195093873107,0.5020759463310241,0.9828721788194444,0.98330078125
10,62,0.00033682293724268675,0.0004721258010249585,0.6647205544106755,0.5054527839024862,0.9830674913194445,0.9829969618055555
10,63,0.00032769079552963376,0.0004967835266143084,0.6697186371426523,0.4663004106945462,0.983276668595679,0.9829155815972223
10,64,0.0003278374788351357,0.0004972362658008933,0.6722813036706713,0.46650125450558133,0.983423755787037,0.9819281684027777
10,65,0.00031536773894913495,0.0004974448238499463,0.6850136743651496,0.46793914238611856,0.9834882571373457,0.9839246961805556
10,66,0.0003171570715494454,0.00048420147504657507,0.6801116301689619,0.4910839994748433,0.9836196711033951,0.9820855034722222
10,67,0.0003206645487807691,0.0005935790250077844,0.6781593393396448,0.3506131649017334,0.9836938175154321,0.9823621961805555
10,68,0.0003218181955162436,0.000456136476714164,0.6766699916050758,0.51766117811203,0.9836558400848765,0.9842447916666667
10,69,0.00031092361314222217,0.00044406921369954944,0.6864149009739912,0.5257992996109857,0.984033203125,0.9848578559027777
10,70,0.00030178489396348596,0.00043761334381997585,0.6954954771347988,0.5415656738811069,0.9836829668209877,0.9875054253472222
10,71,0.00029709760565310717,0.0004484782402869314,0.6987032010231489,0.5373424212137858,0.9841814959490741,0.9849717881944444
10,72,0.0002845086855813861,0.0005261299666017294,0.7154089993900723,0.4415906892882453,0.9845281153549382,0.9834526909722222
10,73,0.0002950633643195033,0.00045377458445727825,0.7008204914905407,0.519644566377004,0.9842496141975309,0.9861002604166667
10,74,0.000278397579677403,0.00041971763130277395,0.7215773398493543,0.5526937855614557,0.9845630787037037,0.9855414496527778
10,75,0.0002818419015966356,0.0004546992713585496,0.7164362006717258,0.5252597093582153,0.9846595293209877,0.9868381076388889
10,76,0.0002858766238205135,0.0004808104131370783,0.7096547510888841,0.4854415747854445,0.9846107011959877,0.9853135850694444
10,77,0.0002762145595625043,0.00044025483657605946,0.7222787464106525,0.5294869780540467,0.9845992476851851,0.9865288628472222
10,78,0.0002681793412193656,0.0004066822584718466,0.7295545819364948,0.5850294099913703,0.9850483458719136,0.9866102430555556
10,79,0.0002577697450760752,0.00043864717008545995,0.7388950833567867,0.5394444465637207,0.9852111062885802,0.9856391059027778
10,80,0.0002624357584863901,0.00045493588550016284,0.7315460807011451,0.5108018385039436,0.985350356867284,0.9832845052083333
10,81,0.00025369125069119036,0.00042392723844386637,0.7425690478748745,0.554719254705641,0.9851984471450618,0.9859537760416667
10,82,0.0002495864755474031,0.0004416584561113268,0.7501004042448821,0.5280096001095242,0.9855101032021605,0.9847601996527777
10,83,0.00027001084527000785,0.0004484661330934614,0.726285179308903,0.5352824277347988,0.9851357542438272,0.9857638888888889
10,84,0.00025008615921251476,0.0004444459336809814,0.7467552834086948,0.5348791440327962,0.9854112413194445,0.9850206163194445
10,85,0.0002365886903135106,0.0005022215191274881,0.760228705259017,0.46188194221920437,0.9857216917438272,0.9841254340277777
10,86,0.00023700496240053326,0.0004150265594944358,0.7586218164290911,0.5738964782820808,0.9855691792052469,0.9875108506944444
10,87,0.00021606468362733722,0.0004334703553467989,0.7807343987771023,0.5484749780760871,0.9861213589891975,0.9868272569444444
10,88,0.00020200446306262165,0.00044179786345921457,0.7920312860865651,0.5413292646408081,0.9863950376157408,0.9873155381944444
10,89,0.00019656727090477943,0.00044451787834987044,0.7980557665412809,0.5304100765122308,0.9865590036651235,0.9878363715277778
10,90,0.00019523472292348742,0.00044666515896096826,0.7984510190692948,0.5326506813367208,0.9868507667824075,0.9874294704861111
10,91,0.0001924934476846829,0.00046103488421067595,0.8005773279401991,0.5131863620546129,0.9867850597993827,0.987939453125
10,92,0.00019331723160576075,0.0004342340398579836,0.799416368390307,0.5484106130070157,0.9870207609953704,0.9870876736111112
10,93,0.00018928907229565084,0.00043841294245794415,0.805417459099381,0.5396375563409593,0.987061752507716,0.9873914930555555
10,94,0.00018900781287811697,0.0004545164993032813,0.8041809934156913,0.5246298564804925,0.9870358314043209,0.9874620225694445
10,95,0.00018075999105349183,0.0004483188095036894,0.8127038782025561,0.5321135534180536,0.9871714650848765,0.9884385850694445
10,96,0.00017491934704594314,0.0004392685950733721,0.8188285349327841,0.5438745591375563,0.9874125916280864,0.9880099826388888
10,97,0.00017130481137428433,0.00044196113594807684,0.8212007245899718,0.5394977688789367,0.9875391830632716,0.9881293402777778
10,98,0.00016905422671698034,0.0004585566639434546,0.8235071607577948,0.5216387854682074,0.9875620900848765,0.9882215711805555
