Fold,Epoch,Train_Loss,Val_Loss,Train_R2,Val_R2
1,1,0.0676619442064821,0.0059450772694415515,-107.10767282085654,-8.498559602101643
1,2,0.015037269432695559,0.002578496648412612,-21.752319630281423,-2.957302509413825
1,3,0.01164912959261809,0.000980606090484394,-16.513329633076985,-0.3089634339014689
1,4,0.009575758145455224,0.0008555389682037963,-13.326808429647375,-0.1064272854063246
1,5,0.008106067022423686,0.0007747714136106272,-11.115514023510027,0.021770197815365263
1,6,0.006823936696911667,0.0007465147840169569,-9.098289469436363,0.06558852328194512
1,7,0.00571686803581722,0.0007481908089377814,-7.424350133059937,0.056795414288838705
1,8,0.004786752797893168,0.0007258305597739915,-5.987490951279064,0.09532717731263902
1,9,0.003989156363187013,0.0007144289750916263,-4.768774217146414,0.10758345789379543
1,10,0.003352899444691929,0.0007061090798945063,-3.7804515420654674,0.1262268000178867
1,11,0.002849384561686972,0.0007146080063345531,-2.9880268026281285,0.1102781958050198
1,12,0.0024460150250866087,0.000696299911942333,-2.371972901438489,0.1373591144879659
1,13,0.0021670637727013707,0.0007149019446741375,-1.9517122348149618,0.10756287707222832
1,14,0.0019492748618861776,0.0006950299863496589,-1.6041648926558318,0.1392664697435167
1,15,0.001783804579373495,0.0006885663140565157,-1.351905510602174,0.14813280370500354
1,16,0.0016500886759640257,0.0006805084516397781,-1.149715996377262,0.1613484197192722
1,17,0.0015430300358544897,0.0006807507028699749,-0.9862795859207342,0.16179532210032146
1,18,0.001447063760349044,0.0006710263305447167,-0.8384663053500799,0.17481729984283448
1,19,0.0013668864243951292,0.0006679040353952183,-0.7145926263597276,0.18244777652952407
1,20,0.0013084321029852202,0.0006586775597598818,-0.6261125126002748,0.19690531624688043
1,21,0.001251473232678333,0.000661444129784488,-0.536371831982224,0.1915813989109463
1,22,0.0012074325544138749,0.0006601861212402582,-0.4700840864652469,0.1936332768864102
1,23,0.0011661469439090586,0.0006535872829974526,-0.40800730137177454,0.20480541785558065
1,24,0.0011304035429256381,0.0006542478481100665,-0.35367941311848017,0.20128793583975899
1,25,0.0010965890377575968,0.0006463970174081623,-0.29988351383326967,0.21558222108417088
1,26,0.0010679806092535548,0.0006460245142483877,-0.25506184969419315,0.21657320261001586
1,27,0.0010403958172249942,0.0006439223950211372,-0.21369153261184692,0.220246328247918
1,28,0.001014454334249927,0.0006391397379856143,-0.17532902779402557,0.22668148676554362
1,29,0.000995668139377678,0.0006448699433046083,-0.14811555397363357,0.21722944445080228
1,30,0.0009754232461506754,0.0006347446482525104,-0.11826566501900002,0.23314474556181167
1,31,0.0009543727851978698,0.0006339235140735076,-0.08889529116359758,0.23568709823820327
1,32,0.0009398689952012106,0.0006333527491531438,-0.06434791043952659,0.2354407760832045
1,33,0.0009261144582400628,0.0006283911371914049,-0.044758827450834676,0.2458630813492669
1,34,0.0009095252339187779,0.0006286794151593414,-0.02015934799924309,0.2451379590564304
1,35,0.0008960981117446482,0.0006218733524696694,0.003054484614619502,0.2553212642669678
1,36,0.0008830840564275414,0.0006318164769456619,0.02131894885757823,0.239113806353675
1,37,0.0008731538632505193,0.0006211078880975644,0.03627106304521914,0.25713400575849743
1,38,0.0008619979055552387,0.0006193522040525244,0.05259580273687103,0.25732095374001396
1,39,0.0008532799633771733,0.000618987379129976,0.06548914968231578,0.2602567195892334
1,40,0.0008440241769508079,0.0006181103319654035,0.07796455842477304,0.26117833587858413
1,41,0.0008316374040369726,0.0006146864344676336,0.09477832155463137,0.2653871019681295
1,42,0.0008246160218676115,0.0006125606001458234,0.10403529273139106,0.2700545695092943
1,43,0.0008175710191731743,0.0006085345974295504,0.11664728176446608,0.2750976363817851
1,44,0.0008072008531149707,0.0006084159624555873,0.13131205564663734,0.2762134697702196
1,45,0.0008029032267204681,0.0006092400199526714,0.13791201202957717,0.27579250468148125
1,46,0.0007942831951457961,0.0006021443043007619,0.14973108165058088,0.2836577561166551
1,47,0.0007864119788275365,0.000603652903292742,0.15854552542721784,0.28298229376475015
1,48,0.0007821446836546616,0.0005996494385827746,0.16400226060255074,0.29080628951390586
1,49,0.0007773948169347865,0.0005980975641351607,0.17616131349846167,0.2934927172131009
1,50,0.0007701098793876116,0.0005949900550250378,0.1850234736630946,0.29628147681554157
1,51,0.0007675589936107029,0.0005977862605100704,0.18779829769958684,0.2914045108689202
1,52,0.0007594596679368412,0.0005916010316771766,0.19848438295317286,0.3031109571456909
1,53,0.0007520453170815736,0.0005925538535747263,0.2100259875073845,0.3011452661620246
1,54,0.0007503811865010195,0.0005882560805831518,0.2099293334984485,0.3069443583488464
1,55,0.0007468059900458213,0.0005877628327450818,0.2162204611448594,0.3086130340894063
1,56,0.0007396692027809259,0.0005865052885686358,0.22462916330054955,0.30978950659434
1,57,0.0007387526466994098,0.0005874673628972636,0.22578692171308729,0.31091323296229045
1,58,0.0007338276704957271,0.0005853693712399238,0.23350869431907748,0.31451911396450466
1,59,0.0007273935707125031,0.0005847331214075287,0.24316031299991372,0.31566357877519396
1,60,0.0007222013923132585,0.0005868631324523853,0.24712272897178744,0.3108841339747111
1,61,0.0007201766565062658,0.0005785457712287704,0.25047143476980704,0.32261523405710857
1,62,0.0007152655940893807,0.0005844565224833786,0.26007065302059973,0.31822905672921076
1,63,0.000714908471836904,0.0005796442674990329,0.2604753369166527,0.3207774122556051
1,64,0.0007092546629949392,0.0005799710750579834,0.26812214718924626,0.32293293211195206
1,65,0.000710050440048454,0.0005739771696324978,0.2665089429160695,0.330882461865743
1,66,0.0007031494936974789,0.0005762064299132261,0.27550270292494033,0.32794597678714327
1,67,0.000698268506532236,0.0005796475775746836,0.27854538169907933,0.3267924427986145
1,68,0.0006983550896373703,0.0005743902267163827,0.28146232969966933,0.33294951915740967
1,69,0.0006977936727236266,0.0005688200368442469,0.28162430142178946,0.33902910020616317
1,70,0.0006897625402708388,0.0005665959001311825,0.2908680643564389,0.3435417095820109
1,71,0.000685492151181133,0.0005695280864731305,0.2961555566316769,0.34110355377197266
1,72,0.0006800703784841815,0.0005671850340958271,0.3050189152175998,0.3459597190221151
1,73,0.0006777403959544536,0.0005624997778795659,0.31025317995636553,0.35110977755652534
1,74,0.000677747777260748,0.0005604484480702215,0.3070612935372341,0.35297048621707494
1,75,0.000671915427269989,0.000562613484604905,0.3138368210674804,0.3505055454042223
1,76,0.0006677480533799548,0.0005587494000792503,0.32075023709991834,0.35797496769163345
1,77,0.0006674302537799066,0.0005566927798402806,0.3194441620214486,0.3591628286573622
1,78,0.0006636899312452217,0.0005571440560743213,0.32510223476975053,0.36004739867316354
1,79,0.0006578323461494788,0.0005529107124958602,0.33185802286053884,0.3662515944904751
1,80,0.0006560037772021728,0.000555138489127987,0.3376084373321062,0.36622114049063786
1,81,0.0006509459285743902,0.0005533970504378279,0.338784521744575,0.36803032557169596
1,82,0.0006494438479780967,0.0005543143501401776,0.34475232966152236,0.36654549042383827
1,83,0.0006456178007216227,0.0005497094554205735,0.35031037183455477,0.3715108460850186
1,84,0.0006431703467243983,0.0005495156277902424,0.35107428895102605,0.3748846822314792
1,85,0.0006393613402996166,0.0005421089681072368,0.35449021098054484,0.38269749217563204
1,86,0.0006411487572929926,0.0005470430038662421,0.35526862173904605,0.37858942747116087
1,87,0.0006374551124157913,0.0005450544930580589,0.3548402937842004,0.37983197503619726
1,88,0.0006363452805988031,0.0005420843734302455,0.35866318116953344,0.3857432934972975
1,89,0.0006297915032058725,0.0005419937609177497,0.36525528651696665,0.3831846131218804
1,90,0.0006276014972374671,0.0005431089110465513,0.36884950163923663,0.38360259930292767
1,91,0.0006217681623155964,0.0005423882057786816,0.37459059203112566,0.38702321185006033
1,92,0.0006225167707551593,0.0005404112847625382,0.37312029555991844,0.38826104270087347
1,93,0.0006209689850723486,0.0005389634907866518,0.3781858107190073,0.3906447397338019
1,94,0.0006184283820739775,0.0005408996974842415,0.3783575255193828,0.3869316127565172
1,95,0.0006221650017390924,0.0005346358689065608,0.3767546310836886,0.39665868547227645
1,96,0.0006139948708292695,0.0005326497795370718,0.3823253231284059,0.3983793748749627
1,97,0.0006117832739147599,0.0005324860853660438,0.38651349559242343,0.4001087850994534
1,98,0.0006117033099548684,0.0005346409795391891,0.38987099962469973,0.3974435806274414
1,99,0.0006074144992184032,0.0005298511564938559,0.3950488089043417,0.4020682732264201
1,100,0.0006083169050894126,0.0005302973712484042,0.39311036077546485,0.4050807197888692
1,101,0.0006044476488490163,0.000529082336773475,0.3950983987914191,0.403971979353163
1,102,0.000600260818509362,0.0005360393047643204,0.39855317024537074,0.3990405042966207
1,103,0.0006068302519665457,0.0005272975165603889,0.39243047266830633,0.40855632623036703
1,104,0.0006046912305195022,0.0005276310568054517,0.39210499554504585,0.409519006146325
1,105,0.0005977220718323448,0.0005322455001684526,0.4008034349959574,0.4028261873457167
1,106,0.0005876682646986511,0.0005326157991981341,0.4093960007031759,0.40636465152104695
1,107,0.0005913751104984571,0.0005249506302384867,0.4102499265729645,0.4136768102645874
1,108,0.0005890154222279419,0.00053513409026588,0.4108933248637635,0.40324805312686496
1,109,0.0005884025965955246,0.0005413706556686924,0.41160637243294423,0.4007912821239895
1,110,0.0005842832060829725,0.0005260578447228505,0.4141615049338635,0.4105753156873915
1,111,0.0005792396551251044,0.0005226609685147802,0.420868961163509,0.4171590884526571
1,112,0.0005769073415582103,0.0005226133585286637,0.4269108221854693,0.41712522241804334
1,113,0.0005754401007621192,0.0005232163679061664,0.42644338799111636,0.41682639519373577
1,114,0.0005827427600268965,0.0005153818120662537,0.41972164622059577,0.4252587768766615
1,115,0.0005752257426430322,0.0005210289175415205,0.4274572609383383,0.42331658866670396
1,116,0.000570875442483359,0.0005192336768636273,0.4299244256667149,0.4224147028393216
1,117,0.0005713566593728086,0.0005158550804480911,0.43150388090698805,0.4282740659183926
1,118,0.0005681629104390281,0.00052821126818243,0.43216238875447965,0.41654506391949125
1,119,0.0005625273957618593,0.0005270321348992487,0.44202477284419683,0.41825183629989626
1,120,0.0005637404950117164,0.0005193161157270273,0.438435525364346,0.42568921115663316
1,121,0.0005636793371565916,0.0005173094687052071,0.4370830363697476,0.43009065919452244
1,122,0.0005599195370450616,0.0005254455842077732,0.4452764884925183,0.4198402629958259
1,123,0.0005583109694854988,0.0005259038143170376,0.4465565810968846,0.42047392659717137
1,124,0.0005628325352675201,0.0005280630882932908,0.4377088861700929,0.4148037526342604
1,125,0.0005583734215628126,0.0005162548875280967,0.4468129574516673,0.4345267017682393
1,126,0.000552938852953598,0.0005125520149401078,0.45003950066036646,0.4359234558211433
1,127,0.0005541426527750805,0.0005165374378621993,0.45285821314211244,0.4281155533260769
1,128,0.0005513547809024192,0.0005104964909454187,0.4563092088993685,0.43590078088972306
1,129,0.0005510700356364711,0.0005095918184249765,0.449730126063029,0.43940495517518785
1,130,0.0005455318313770364,0.0005090874652119561,0.45897259653350453,0.4383572922812568
1,131,0.0005458937121417235,0.0005224221955156988,0.4562932004163295,0.4289915667639838
1,132,0.000546767927683246,0.0005191683044864072,0.45832127435707753,0.4298465066485935
1,133,0.0005353494633541063,0.0005129537254106254,0.47215263416737685,0.4379133211241828
1,134,0.000534128857759276,0.0005075070256781247,0.4687890622350905,0.44203446573681304
1,135,0.0005358284393204721,0.0005076060724806869,0.4706845736797945,0.4404384520318773
1,136,0.0005305109502471708,0.0005018501115652423,0.46952741190239233,0.44993912511401707
1,137,0.0005314112847877873,0.0005090487124915752,0.4754382572056335,0.4410677446259393
1,138,0.0005278727982515171,0.0005042295961175114,0.4752393431133694,0.4499301618999905
1,139,0.000527387249921621,0.0005147279822267592,0.47529506904107555,0.4365144650141398
1,140,0.0005238017005512467,0.0005037490297884991,0.4784696873323417,0.4460872252782186
1,141,0.0005201439654891506,0.000506587149316652,0.48428139009593446,0.44217764801449244
1,142,0.0005257099567924017,0.0005103235107122196,0.48003995845347275,0.4416456037097507
1,143,0.0005236833540285811,0.0005150220951893263,0.4813737592579406,0.43563984102673003
1,144,0.0005173252086316086,0.0005025059424547685,0.4855647563934326,0.4550891982184516
1,145,0.0005157850625246395,0.0005084274989914977,0.489470139697746,0.44500515460968015
1,146,0.0005104812692827833,0.0005125493684317916,0.49158784651461945,0.4420668244361877
1,147,0.0005085651159148526,0.0005029846745957103,0.4943902560222296,0.4505334986580743
1,148,0.000510589448005007,0.0005173214103302194,0.49150693446029853,0.43675201601452296
1,149,0.0005100677731262957,0.0005119929963257163,0.4932775581324542,0.4428921421368917
1,150,0.0005026675282868293,0.0005038089558689131,0.5041556427508225,0.45187502834531995
1,151,0.000502594360322864,0.0004999898134782497,0.5038646783357785,0.4580361419253879
1,152,0.0005025812526762393,0.0005120572659911381,0.5012902280430734,0.43897987471686467
1,153,0.0005029039507743293,0.0005114162715876268,0.5034837463755667,0.4417810559272766
1,154,0.000501156338479048,0.0005016934786302348,0.5007870968477226,0.45698340468936494
1,155,0.0004981234635191935,0.000498169057795571,0.5054316950433049,0.462436134285397
1,156,0.0005010187638820045,0.0005157068384707802,0.5062303590185848,0.4371751599841648
1,157,0.000494375938900321,0.0005027472487806032,0.5073023877026123,0.45406761434343124
1,158,0.0004946801022419499,0.0005070430724622889,0.5099815421634251,0.44656410614649455
1,159,0.0004912036130446251,0.0005040752817876637,0.5126727868009496,0.4543496661716037
1,160,0.0004883186750826829,0.0005115275180691646,0.516831949757941,0.4464866320292155
1,161,0.00048673019290292334,0.0005033277123907788,0.515452657069689,0.451943568388621
1,162,0.0004860241575465526,0.0004922088002786041,0.5210329288317833,0.47048467927508886
1,163,0.00048530110967184566,0.0005006312890650912,0.5191078449472969,0.45673978990978664
1,164,0.00048189587103501883,0.00050534790304179,0.5218494269582961,0.45008970896402994
1,165,0.0004795409072863145,0.0004956096747062272,0.521690931290756,0.4683881958325704
1,166,0.00047137015211729357,0.0004986992662048174,0.5327930482817285,0.4631803923183017
1,167,0.00047261555855921295,0.0005086417788536184,0.5333568110878085,0.4492839707268609
1,168,0.00046961957539926155,0.0005037352998947932,0.5349984423613843,0.45579418341318767
1,169,0.0004726509386846037,0.0004990599654977107,0.5278360316782822,0.46116284396913315
1,170,0.0004722228155896803,0.0004985336570017453,0.5337417596652184,0.46057735284169515
1,171,0.00047009298836605417,0.0005037191886610042,0.5363212753225256,0.4591127090983921
1,172,0.0004660578857084023,0.0004968210343374974,0.5353756604371247,0.46882878277036877
1,173,0.00046731636206975873,0.000492180718962724,0.5376717409969848,0.47138596375783287
1,174,0.0004609578142494515,0.0004897160908310778,0.5411938336160448,0.4754765576786465
1,175,0.0004575078027828792,0.00048610975823572115,0.5432000907850855,0.48097657759984336
1,176,0.00046249633528476145,0.0004955698238013105,0.5379358010527528,0.47136582665973237
1,177,0.0004642066291395437,0.00048824208077146775,0.5385701494452394,0.48129778967963327
1,178,0.00046023823368294097,0.0004882018657452944,0.5433603245535015,0.4767230139838325
1,179,0.0004673144288568033,0.0004928770863140623,0.5396529441998329,0.47190263403786553
1,180,0.0004595550954957021,0.000499122601468116,0.5444769510516414,0.46713831689622665
1,181,0.00045292190050441817,0.00050728979986161,0.5489499393804573,0.45794020493825277
1,182,0.00045435085064835017,0.0004922080526335372,0.5432391930509497,0.46990592744615345
1,183,0.00044820660058362985,0.0004845186738142123,0.557763613300559,0.4797752539316813
1,184,0.00044709125664487575,0.0004981132049579173,0.5571298413806491,0.46969020631578234
1,185,0.0004435266251675785,0.0004925819450161523,0.5596416101043606,0.4763482981257968
1,186,0.00044167138669168413,0.0005009994408788366,0.5580947736163199,0.4607037716441684
1,187,0.0004416721049454753,0.0005037218364628239,0.558026111125946,0.4631703747643365
1,188,0.0004428467342492055,0.0004950675356667489,0.5596673604882794,0.472127898534139
1,189,0.00043758903845661767,0.0004958073990160806,0.5685184232982589,0.4710024807188246
1,190,0.0004356190488231081,0.00048415072572728,0.5688670162801389,0.4839083578851488
1,191,0.0004442502692037113,0.0005101522747685926,0.5600336364757867,0.4541045970386929
1,192,0.00044125303623186035,0.0004980597593304183,0.5595821256990786,0.46478071610132854
1,193,0.00043128965829246113,0.0004941032300444526,0.5670936431413816,0.47707324690288966
1,194,0.00042928344495364546,0.000488507584668696,0.5775357662895579,0.4787724163797167
1,195,0.0004269867007229707,0.0004981312247562326,0.5741337175722475,0.4650771074824863
1,196,0.0004276758769130403,0.0004854167300638639,0.5752769545272545,0.48210181262758045
1,197,0.00041834920886214133,0.0004990394363024582,0.5842627980090954,0.46442677709791397
1,198,0.00041796804239030606,0.00048446811593344643,0.5848350685319783,0.4823166463110182
1,199,0.00041972283104342627,0.0005009330931999203,0.5853654815826888,0.46419457064734565
1,200,0.00042474217178231036,0.00048960286205531,0.5762373669647877,0.47718544403711954
1,201,0.00041767006235507627,0.00048397086534856094,0.5835617080146884,0.48349864615334404
1,202,0.00041917807380898776,0.0004926428211749428,0.5822379461041203,0.474449168311225
1,203,0.000414226149039251,0.000490969358684702,0.5863428401358334,0.4764485451910231
1,204,0.00041145356795980516,0.00047939374732474484,0.5906691944157636,0.48402203056547377
1,205,0.00041616977836338826,0.0004903257552844783,0.5835884796248542,0.473492341571384
1,206,0.00040945663522170097,0.0005078054408335851,0.5953644205022741,0.45420553816689385
1,207,0.0004106999753635193,0.00048702788513360753,0.5909538258740932,0.47912914752960206
1,208,0.00040600917986191717,0.0004802439006097201,0.593032607767317,0.48857482539282904
1,209,0.0004077998994573675,0.0005007021762948069,0.5933482670489653,0.46386141644583806
1,210,0.00040008850448856843,0.0005050196008394576,0.6001134339674019,0.45561605294545493
1,211,0.0003990009478810761,0.0004986282140533958,0.5969925321178672,0.4657184508111742
1,212,0.000402016924150909,0.00048325108687600327,0.5958731392283498,0.4876473347345988
1,213,0.00040199511036288316,0.0004922360349963936,0.5971171530676477,0.4734417200088501
1,214,0.00039756287738715334,0.0004888239866381305,0.6057596604029337,0.47529853185017906
1,215,0.0003929957231495207,0.0004941482187455727,0.6069873675887967,0.46801794899834526
1,216,0.00038796043494877255,0.0004898019658867269,0.6122862849706485,0.4788586179415385
1,217,0.0003988373799703693,0.0005028238138442652,0.6036446110701855,0.4561411526468065
1,218,0.00039410129869299265,0.0005048343006314503,0.6084331790606181,0.4549136585659451
1,219,0.0003956291851886537,0.0004900706149378999,0.6034274973987062,0.4765585316552056
1,220,0.00038736861171833253,0.0004893226775392476,0.6132415824466282,0.4755332973268297
1,221,0.00039113248686915565,0.0004993414163537738,0.6069118521831653,0.4651788804266188
1,222,0.00039468622467492097,0.0004815974356865303,0.6042483100184688,0.4806012749671936
1,223,0.0003881166018631861,0.0004911662021186203,0.6128643970430633,0.47523677349090576
1,224,0.00039394823518110276,0.0004801206297189411,0.6041076520342886,0.48918061123953926
1,225,0.0003770435721193797,0.0004943306538431595,0.6221897326869729,0.4703507794274224
1,226,0.00038563394451939306,0.0004900681947927094,0.6144855153413467,0.4782236999935574
1,227,0.00038136065941890356,0.0004920437957884536,0.6169683419627908,0.478724737962087
1,228,0.00038278476352354994,0.0004914280098293805,0.6143444850121016,0.47983418967988756
1,229,0.00037722753419793773,0.0004872732491801596,0.623565337098675,0.4848573035664029
2,1,0.08290390072873345,0.011023591293228998,-126.62266845703125,-14.346395005120172
2,2,0.016591194784843628,0.003184518259432581,-24.499317407019344,-3.118090526262919
2,3,0.011751754653214673,0.0012773062775118483,-16.993514596680065,-0.34543280071682403
2,4,0.009807320015022047,0.0010321430577379133,-13.988318857734585,-0.03743324279785156
2,5,0.008327433802647355,0.0009889952993641297,-11.65823300326312,0.01737695402569241
2,6,0.0070039688931479134,0.0009722362427661816,-9.576897562286,0.03613310787412855
2,7,0.005896502050260702,0.0009635483186381558,-7.855326895066249,0.061163001590304904
2,8,0.004961775201890204,0.0009579459567450815,-6.393018623634621,0.05488648944430881
2,9,0.004178800920231475,0.000941617542412132,-5.164314050144619,0.0646506600909763
2,10,0.0035278473716275193,0.0009407771660739349,-4.1447746656559135,0.08036450412538317
2,11,0.003016997045940823,0.0009330870881159273,-3.344496688725036,0.08732480340533787
2,12,0.002607834558175118,0.0009292869647550914,-2.705659453957169,0.09014085001415677
2,13,0.0022880056257831094,0.0009084638790227473,-2.2040182669957478,0.11726017660564847
2,14,0.00204981953986449,0.000914881673331062,-1.8299042969574164,0.10706832276450264
2,15,0.0018793220545544667,0.0008912110106191701,-1.56655004127526,0.13918373054928249
2,16,0.0017322740744638407,0.0008716234406973753,-1.3340449826216991,0.1650144510798984
2,17,0.0016176582337069658,0.0008761390759092238,-1.155862322854407,0.15928138494491578
2,18,0.00152766139269519,0.0008567694678074784,-1.0134143365754023,0.18381918536292183
2,19,0.0014430388081013972,0.0008541012506207658,-0.882698905467987,0.18645833333333334
2,20,0.0013763648434829564,0.0008589601635725962,-0.7810642171789098,0.17811458905537922
2,21,0.0013220153593768676,0.0008564829994510445,-0.6976772044911796,0.18192812071906195
2,22,0.0012675623328965387,0.0008560695685446262,-0.615866008658468,0.18390160269207426
2,23,0.0012270468540121744,0.0008404174418602553,-0.5485609569667298,0.20467838711208766
2,24,0.001184190762873141,0.0008294471720647481,-0.4840560425946742,0.21830682224697537
2,25,0.0011433660912177996,0.0008358262091254195,-0.41886761056052313,0.20817011727227105
2,26,0.0011177309213873045,0.0008267770366122326,-0.38048157427046037,0.2217912130885654
2,27,0.0010875772768171666,0.000823838856174714,-0.3348114561151575,0.22485664950476753
2,28,0.001067162918812239,0.0008263123674421675,-0.300509535824811,0.22103426191541883
2,29,0.0010434997727933489,0.0008271487313322723,-0.26656997203826904,0.22415554655922784
2,30,0.0010256740554914247,0.0008178155739895171,-0.23667108865431796,0.23245639801025392
2,31,0.0010044846289940638,0.0008154984162602988,-0.20502869229257842,0.23575431638293795
2,32,0.0009825960234278975,0.0008059668923831648,-0.17419354753729738,0.24682738648520575
2,33,0.0009606136453199994,0.0008047858136706054,-0.13897413059517189,0.2501702149709066
2,34,0.0009507612216021912,0.0008002934679906402,-0.12601455023259292,0.25767865313424004
2,35,0.0009341176064616001,0.0008032635733899143,-0.09829284114602171,0.24954340987735324
2,36,0.0009239239286182932,0.0008001236490801805,-0.08288115763369902,0.25450056923760306
2,37,0.0009096440698169632,0.0007978210510272119,-0.06384943929719336,0.2575395491388109
2,38,0.0008992053717834714,0.0007925001412837042,-0.04505864028577451,0.2641887863477071
2,39,0.0008865758643002698,0.0007935088955693775,-0.03128117911609603,0.2632978399594625
2,40,0.0008773266905516294,0.000785214664776706,-0.007280576964955271,0.27331226136949327
2,41,0.0008672831108632647,0.0007831492034407954,0.001750171184539795,0.27546009090211654
2,42,0.0008565052948535685,0.000781039087774439,0.01740233736273683,0.27894047366248237
2,43,0.0008469738408256277,0.0007827801979146898,0.031203214916182154,0.2756538324885898
2,44,0.0008418839486649283,0.000781079953432911,0.03819947654818311,0.2774821360905965
2,45,0.0008304368444419477,0.0007731238315399322,0.054765250947740346,0.28738700681262547
2,46,0.0008170583042500103,0.0007719825280623303,0.07400781828680156,0.28936926656299167
2,47,0.000810445656131861,0.0007693558116443455,0.08264324915261916,0.29290708435906304
2,48,0.000802678645324008,0.0007728603164044519,0.09669743849907392,0.2862012200885349
2,49,0.0007942466325425531,0.0007649854265360369,0.1055436568495668,0.29603510432773167
2,50,0.0007903446341335866,0.0007635282236151397,0.111541689325262,0.29820800489849514
2,51,0.0007847900979542806,0.0007597659740390049,0.11867293855290353,0.3024264375368754
2,52,0.0007763085442733157,0.0007571165359372066,0.13080951784863884,0.30398341947131685
2,53,0.0007718227780711504,0.0007654005558126503,0.13617362166628424,0.29621115922927854
2,54,0.000767377005274879,0.0007522081012009747,0.14399207550802348,0.3130749808417426
2,55,0.0007580072940959607,0.000752828531484637,0.15873856515060236,0.3130913628472222
2,56,0.0007568862802280044,0.0007529325369331572,0.1599852603158833,0.31354246934254965
2,57,0.0007472869572172194,0.0007475851465844446,0.17216205096539156,0.31964248418807983
2,58,0.0007508461344929665,0.0007458068947825166,0.16867340273327297,0.31877200073666045
2,59,0.000738903016490103,0.0007417800577564372,0.18532583625228316,0.3254315005408393
2,60,0.0007321865164191911,0.0007418399275694456,0.19368521961165064,0.3246473842196994
2,61,0.0007318847177458215,0.0007362489342792994,0.19618790959134513,0.3296744465827942
2,62,0.0007274971347888587,0.0007401151466183365,0.19878104145144238,0.3277538299560547
2,63,0.000719913490616751,0.000743070090862198,0.2091217635590353,0.3213434987597995
2,64,0.0007187002390209172,0.0007290290668606758,0.21285213261474797,0.33820046848720975
2,65,0.0007126651804917204,0.0007281104995248218,0.22245473390744055,0.3417402082019382
2,66,0.0007054287628385664,0.0007276503640847901,0.23106710425129642,0.3404745366838243
2,67,0.0006983815111725786,0.0007275902019399736,0.2399218609303604,0.3414273076587253
2,68,0.0007039880365662185,0.0007292735571455624,0.23000174981576424,0.3396194338798523
2,69,0.0006985041331557304,0.0007203752446609239,0.24416212520481628,0.3502392676141527
2,70,0.0006942168156972822,0.0007223775817288292,0.25056710728892573,0.3469238016340468
2,71,0.0006894657402701768,0.0007166877932225664,0.25482381229047424,0.35492012633217707
2,72,0.0006863371240561484,0.0007159063890058962,0.2607778950973793,0.35518842538197837
2,73,0.0006838155515135531,0.0007168126189046436,0.259299792330942,0.35437684059143065
2,74,0.000677347306397824,0.0007169334567151964,0.26803864490838697,0.3520111123720805
2,75,0.0006767289477319997,0.0007151569045769671,0.27443084746231267,0.3572595026757982
2,76,0.0006735712843142265,0.0007046335790720251,0.27718833405294535,0.36657606495751277
2,77,0.0006697204695543113,0.0007030397912280427,0.28051366320362797,0.3693462822172377
2,78,0.0006664018159628743,0.0007043946624940468,0.28423780217582795,0.3674116373062134
2,79,0.000660719177082043,0.0007076723371735878,0.293739969642074,0.3637003739674886
2,80,0.0006596370033896816,0.0007059242990281847,0.2952388951807846,0.3665447155634562
2,81,0.0006576821634856363,0.0007018600202475985,0.2995145078058596,0.37158613337410823
2,82,0.0006542854331560249,0.000698976798190011,0.30411999475808793,0.3715756244129605
2,83,0.0006460240821463321,0.0006971012050699856,0.3103140838352251,0.37226367394129434
2,84,0.0006423542110743806,0.0006916592544358637,0.3153782170495869,0.379200271765391
2,85,0.0006422351364529243,0.0006900657459886538,0.3136606005974758,0.38611609670850966
2,86,0.0006392496353429225,0.0006935075779135029,0.3200073446756528,0.38185931046803795
2,87,0.0006351328556954769,0.0006814057330807878,0.3233647593745479,0.3945681823624505
2,88,0.0006357151207249657,0.0006876935419212613,0.3230288119963658,0.3832108775774638
2,89,0.0006399722624696607,0.0006847079455231627,0.32510766997749424,0.38994762500127156
2,90,0.0006296953266158837,0.0006816551115156876,0.336279856717145,0.3893889904022217
2,91,0.0006243762748465402,0.0006757442322042253,0.33969140567897277,0.402749854988522
2,92,0.0006224171173712813,0.0006801655399613082,0.3416768000449663,0.3938996275266012
2,93,0.0006244765843241763,0.0006810918075239493,0.3411268203346818,0.39882053666644623
2,94,0.0006155742671524668,0.0006735466562935875,0.35216158937524866,0.4017111486858792
2,95,0.0006124913744214508,0.0006756031678782569,0.354803388648563,0.4029106378555298
2,96,0.0006119327955982751,0.0006714746356010437,0.35573446780075263,0.4060783174302843
2,97,0.0006048512988562846,0.0006697006213168303,0.36361751629982464,0.4049772765901354
2,98,0.0006080703028006318,0.0006697311208376454,0.3623591701189677,0.4097521954112583
2,99,0.0006047643637744549,0.0006692123120754129,0.3659387587029257,0.41063131888707477
2,100,0.0006039931083868407,0.0006669472178651227,0.36830858757466445,0.4099724041091071
2,101,0.0006039147542640107,0.0006630254404929777,0.36756997182045453,0.41551840172873605
2,102,0.0005969873157381598,0.0006640733724149565,0.3743507171854561,0.4150710105895996
2,103,0.0005939628793800503,0.0006586240423429343,0.3824898116382552,0.4196656558248732
2,104,0.0005873795787021978,0.0006603990875494977,0.3844202268270799,0.41806964079538983
2,105,0.0005926013366537697,0.0006581980359947516,0.37867209955498027,0.42198930978775023
2,106,0.0005910182314246525,0.0006610036336092486,0.38289572074089523,0.41921185784869724
2,107,0.0005898355749251758,0.000659271796596133,0.38408449049349186,0.4200952582889133
2,108,0.000585213216326349,0.0006576014734390709,0.38938562281337785,0.42159629265467324
2,109,0.0005821876278877213,0.0006567857111804187,0.3935288402769301,0.4224890285068088
2,110,0.0005807645935105321,0.0006472902799335619,0.39436526798907623,0.43180983463923134
2,111,0.0005805672919607641,0.0006499232284517751,0.392794531657372,0.4270803438292609
2,112,0.0005737944050508057,0.0006512430703474415,0.3981777675357866,0.4272805995411343
2,113,0.0005753292752441341,0.0006522636795933876,0.39922092770352774,0.4276543564266629
2,114,0.0005722899356408528,0.0006479139776072568,0.4023918025287581,0.43348099258210926
2,115,0.0005722795236556802,0.0006544007803313435,0.4043307369137988,0.4292993916405572
2,116,0.0005676032352997105,0.0006510672987335258,0.4112928208009696,0.4307185146543715
2,117,0.0005672341315391945,0.0006509005945796768,0.40901356729460353,0.4276764922671848
2,118,0.0005627217141330748,0.0006414887482403881,0.4158230310604896,0.44132044580247665
2,119,0.0005596270669757584,0.0006457264884375036,0.414884348710378,0.4357085929976569
2,120,0.0005597126563827013,0.0006419228066483306,0.4197082712326521,0.4394158641497294
2,121,0.0005560653235326395,0.0006452660115125278,0.42261447921211337,0.4404454615381029
2,122,0.0005576737298354231,0.0006385162175219092,0.42097038987242147,0.4428948640823364
2,123,0.0005527767180292694,0.0006468756745258967,0.4277166095780738,0.43563608196046616
2,124,0.0005545789778324556,0.0006451467892879413,0.4244976268874274,0.4393052511745029
2,125,0.0005514228913392642,0.0006457428008110987,0.42860918000892356,0.43859101136525475
2,126,0.0005469858445181155,0.0006423106223034362,0.4269000929078938,0.44125186072455513
2,127,0.0005455548001200329,0.0006596452207304537,0.43119546719539315,0.42836453782187567
2,128,0.0005478071929875439,0.0006385917102711068,0.4331836850554855,0.44538253413306345
2,129,0.0005425182961640351,0.0006420286566329499,0.43703873613734306,0.4435503866937425
2,130,0.0005458201107821991,0.0006369333740116821,0.4368921104772591,0.4499446471532186
2,131,0.0005411812462154086,0.0006465150366744233,0.4437475473792465,0.4400014903810289
2,132,0.0005422863781590153,0.0006344086322416034,0.4376999928627485,0.44755732748243543
2,133,0.0005420681724416804,0.0006425033996088637,0.43713270160886974,0.44041379822625054
2,134,0.0005353590516649463,0.0006368476483556959,0.44552327276747905,0.4482732852300008
2,135,0.0005312780700164076,0.0006400472872580091,0.451745965598542,0.4451003736919827
2,136,0.0005295185842206357,0.0006351366923708054,0.4521720708152394,0.4506743060217963
2,137,0.000527352666810017,0.0006412492327702542,0.4538310988449756,0.4451716515753004
2,138,0.0005302427928710793,0.000637484776477019,0.4516814480593175,0.44729394647810194
2,139,0.0005300311639008147,0.0006438894650071032,0.4504317104080577,0.4440855741500854
2,140,0.0005232711405964729,0.0006343251611623499,0.45682690879445015,0.4510537531640795
2,141,0.0005215957094656511,0.0006329281992899874,0.46043094720369504,0.4532524360550774
2,142,0.0005212952332559651,0.0006244187644268903,0.4628600229451686,0.4571687075826857
2,143,0.0005205887458200946,0.000623378437012434,0.4609970086886559,0.4608403073416816
2,144,0.0005128572716515649,0.0006253970373007986,0.4696608147503417,0.458666996161143
2,145,0.000516735384510945,0.00063096844824031,0.4647603420563686,0.45459631548987495
2,146,0.0005126197499016093,0.0006266593402769003,0.4691276069040652,0.4578181160820855
2,147,0.0005160474666842708,0.0006270868587307632,0.4636258123833456,0.4540707098113166
2,148,0.000509146764230581,0.0006227783845841057,0.4733435211358247,0.46220072905222576
2,149,0.0005043986477647666,0.0006248491091860666,0.4817653826725336,0.4625136958228217
2,150,0.0005021844241756624,0.0006210859282873571,0.4792668358779248,0.46759114530351426
2,151,0.0004991621422196198,0.0006188932224176824,0.4837982133582786,0.4656473120053609
2,152,0.0004976665303628477,0.0006253981134957738,0.48644450888221646,0.46201134390301174
2,153,0.0005004023548135143,0.0006198795007852216,0.4826555057808205,0.4622940937678019
2,154,0.0004989929783249987,0.0006159304744667477,0.48436310718088976,0.46658663749694823
2,155,0.0005003970964340333,0.0006149713260432085,0.4804375963446535,0.4673336876763238
2,156,0.0005009367408081429,0.0006144797274221977,0.484719917067775,0.4686690820588006
2,157,0.0004925234660069332,0.0006204775055973894,0.4935357483816736,0.4643788867526584
2,158,0.0004901241303427306,0.0006121597912472983,0.49743130104041394,0.4732195191913181
2,159,0.0004937943150892991,0.000628382509522554,0.48904359340667725,0.45550067027409874
2,160,0.0004896075390049337,0.0006247072196048167,0.49740538700127307,0.46337889697816637
2,161,0.0004870743736521237,0.0006250383810968035,0.49773726139539554,0.4641648941569858
2,162,0.00048547824169221666,0.0006243366360043485,0.4997350308630202,0.46679557032055324
2,163,0.00048738905964534223,0.0006254087409211529,0.5006639545346484,0.4636782831615872
2,164,0.0004918344084598859,0.0006173368090660208,0.49547197745170124,0.4664061056243049
2,165,0.0004790727006714147,0.0006174733370749487,0.5035731224366177,0.4698098103205363
2,166,0.0004795609913007529,0.0006132605614968472,0.5047785463156523,0.47247657510969376
2,167,0.00047783241923438546,0.000605668721254915,0.5048426591319802,0.4815129664209154
2,168,0.00047090471000698063,0.0006214683862506515,0.5135951420407237,0.46329331398010254
2,169,0.00047515507343363157,0.0006163466243176824,0.5090836775155715,0.469857919216156
2,170,0.0004728206423295225,0.0006205220460995203,0.5113164441085156,0.4700772841771444
2,171,0.00047917438607754896,0.0006086453484992186,0.5038231268341159,0.4777739405632019
2,172,0.0004777131547553488,0.0006133843898876673,0.5095162091431794,0.4736104329427083
2,173,0.0004746557079703995,0.0006139098821828763,0.5081474994435723,0.47476662397384645
2,174,0.0004696313436947947,0.0006113845945542885,0.5185798277089625,0.47816000647015044
2,175,0.0004695980812503416,0.0006148211153534552,0.5139028247491813,0.47388337718115914
2,176,0.00046247371485353344,0.0006119959405623376,0.5240725025718594,0.4812687913576762
2,177,0.00046558189241755984,0.0006138531491160393,0.5181618026745172,0.4737060268719991
2,178,0.00046072589782538055,0.0006112198759284284,0.5220727206748209,0.4786822941568163
2,179,0.000453297790415861,0.0006048089294280443,0.5329654759830899,0.48325467109680176
2,180,0.0004595767900658151,0.0006102942227799859,0.5250934833361779,0.4777846058209737
2,181,0.0004562356880072642,0.0006147137843072415,0.5319527951287635,0.47833468119303385
2,182,0.0004587028649877067,0.0006059162551537156,0.5308846403051306,0.48280007971657646
2,183,0.00045470150876042925,0.0006060810876078904,0.5291450363618356,0.48370154168870716
2,184,0.0004458110105464764,0.0006051179396712945,0.5419925376220985,0.48361386855443317
2,185,0.0004497422259674626,0.000607000851434552,0.5342558472244828,0.4827554013994005
2,186,0.00044739639219816454,0.000612481920203815,0.5403462824998079,0.48188101053237914
2,187,0.0004429456312209368,0.0005989113887254563,0.5431931163057869,0.4915315349896749
2,188,0.0004428345282464346,0.0006094547143826883,0.5445668756225963,0.4840772814220852
2,189,0.0004415730758926567,0.0006124625034216377,0.5441220847176916,0.4834154526392619
2,190,0.00044482260810234294,0.0006107196599865953,0.544390356246336,0.48245340983072915
2,191,0.00044215269793503357,0.0006112829096511835,0.5454443631348787,0.48371178044213187
2,192,0.00043822717328302933,0.0005994989640182919,0.5485018917071967,0.4949258049329122
2,193,0.00043850808654463403,0.0006007334489064912,0.5472409101180088,0.48908636967341107
2,194,0.0004340861323232084,0.0006030505613630844,0.5537856977662923,0.48885129160351226
2,195,0.00043398668467826035,0.0006080135004594922,0.551531594918098,0.4808424790700277
2,196,0.00044109977891001805,0.0005976628421598838,0.5409789936042126,0.4932723085085551
2,197,0.0004345356112340304,0.0006044888299786383,0.5517394335181625,0.49120501677195233
2,198,0.0004300643680588469,0.0006028348916313714,0.5535383704267902,0.4909311917093065
2,199,0.0004317754672633277,0.0006042405109231671,0.5570855087704129,0.4919172896279229
2,200,0.00042448235211468496,0.0006123469715627531,0.5660047572336079,0.48508152431911894
2,201,0.00042462010535894445,0.0005979794245730671,0.5612710854153574,0.49804578887091744
2,202,0.0004267581335389642,0.0006100960606191721,0.5607721743760286,0.48440718783272635
2,203,0.0004213942471391487,0.000594635310375856,0.5635843549245669,0.49545069138209025
2,204,0.00041923334866612687,0.00061109196782733,0.5669952318992144,0.48718117740419176
2,205,0.00041684300479203186,0.0006056328110086421,0.5716467870606317,0.4876809080441793
2,206,0.0004168982315739548,0.0005989874312136736,0.5687343369295568,0.4908224662144979
2,207,0.0004177300263782618,0.0006033217430942588,0.5677844241813377,0.492751853995853
2,208,0.000417958474703662,0.0006040177217477725,0.5708822666862865,0.490620051489936
2,209,0.00041682897092498565,0.0006010554006530179,0.567629701561398,0.4932568470637004
2,210,0.00041781516004077814,0.0005984501615684066,0.5682943198415968,0.49724037514792546
2,211,0.0004171505328957681,0.0006135566147147781,0.5710150652461582,0.4858630485004849
2,212,0.0004166269470811074,0.0006048270552936527,0.5675550781650308,0.4916337860955132
2,213,0.0004110531583227171,0.0005964309779099293,0.5786408308111591,0.49638322989145917
2,214,0.0004034590078115371,0.0006051217568003469,0.5818162027700448,0.49317330519358316
2,215,0.00040362778056504916,0.0005926124247101446,0.581540541295652,0.5022655672497219
2,216,0.0004059335655233834,0.0006025697622034285,0.5814545964017327,0.49460191196865505
2,217,0.0004021118941895066,0.0006196947794200646,0.5861697407416355,0.4822942852973938
2,218,0.00040469321840511704,0.0006022605734566848,0.5830948348398561,0.4965845889515347
2,219,0.00040388739887728457,0.0006014834520303541,0.58318257920536,0.49768215285407175
2,220,0.00039980086820619754,0.0006022559543554153,0.5847745475945649,0.4968474494086372
2,221,0.00039947434748166506,0.0006004687398672104,0.5890309307310316,0.4984346893098619
2,222,0.00039633947746529256,0.0006022583719135986,0.5885486370251503,0.49524726072947184
2,223,0.0003982410368072674,0.0006215179765907427,0.5879986983758432,0.48114553689956663
2,224,0.0003987029865297868,0.0006105357574092017,0.5887805064519246,0.49312760565016006
2,225,0.00039135318840164004,0.0005972636721303893,0.5958476696485354,0.5025646448135376
2,226,0.0003917935220984581,0.000599417455183963,0.5943986262804196,0.4939256138271756
2,227,0.00039006746287837074,0.000602074783657574,0.5937703101723283,0.49722317192289567
2,228,0.0003890839421885939,0.0005870566923274762,0.6008583410286609,0.5107403053177728
2,229,0.00038714420257343184,0.00061043277512201,0.5974245914706477,0.48993802865346275
2,230,0.0003841506129699863,0.0006182645201786524,0.6015932376002088,0.48447276486290825
2,231,0.000386756594956818,0.0005952538954766674,0.5987535026338365,0.5061930868360731
2,232,0.0003857458868339934,0.0006184125707174341,0.5980908463030685,0.48248983754052055
2,233,0.00038177236091104097,0.0006126498169679609,0.6044967748500683,0.48925741248660615
2,234,0.00038349019301721804,0.0005996358943068319,0.6027114459026007,0.4995243986447652
2,235,0.000384743617384775,0.0006007120543573465,0.5980152486283102,0.49986120329962835
2,236,0.00037526550615079885,0.0005929111645350026,0.6132616341849904,0.5081375333997938
2,237,0.0003781689931696028,0.000601696362072188,0.6113393895420027,0.4981624576780531
2,238,0.0003792843725359826,0.0006021389601907382,0.6063807483072634,0.4979821032947964
2,239,0.00037309775692353277,0.0006028697800098194,0.6132931628344972,0.5000654088126288
2,240,0.00037217090972756716,0.0005983580673475646,0.6134110980563694,0.503079558743371
2,241,0.000371622818990691,0.0005953167591037021,0.6159575777289308,0.5082247376441955
2,242,0.0003749615410745236,0.0005958033182347814,0.614360115851885,0.5065425488683912
2,243,0.0003721341671836045,0.0006038109370921221,0.6153711424933539,0.5000201000107659
2,244,0.00036879234033188334,0.0005977702521098156,0.6200341056894373,0.504629894097646
2,245,0.0003682745665162342,0.000607368166351484,0.6188136411301883,0.4938927941852146
2,246,0.0003713594826461494,0.0006109812969548835,0.6136681611155286,0.49137961864471436
2,247,0.00036498755058503627,0.000594728487259191,0.6207048973919432,0.5083133869700962
2,248,0.0003655355892224628,0.0006048808365853297,0.6227088333647928,0.5046270079082913
2,249,0.0003645426534794639,0.0006020160948133303,0.621723324281198,0.4985693481233385
2,250,0.00036520024101870753,0.0006164289622878035,0.6226148743688324,0.49079603883955214
2,251,0.00036994375498321507,0.0006037307269353833,0.6146726920280927,0.49857283300823635
2,252,0.0003610154087827713,0.0006011453515384346,0.6271161782888719,0.4997475862503052
2,253,0.00035837317384308044,0.0006094794293555121,0.6287351421367975,0.49702057705985175
3,1,0.09110279358279558,0.010494938534167077,-143.3059359267906,-15.225301339891221
3,2,0.016266764031240232,0.0029553660346815984,-23.465486771383404,-3.2329457388983833
3,3,0.011683327136676252,0.001349602189535896,-16.649340010278017,-0.6543502701653374
3,4,0.009788317024063917,0.00100881558480776,-13.785976291585852,-0.12396629121568468
3,5,0.008465602136228555,0.0009443812188692391,-11.746254099739922,-0.026975258191426595
3,6,0.007286427240174862,0.0009306681756344106,-9.930906690197226,0.002219484912024604
3,7,0.006285419745117794,0.0009360216014708082,-8.334680983460979,-0.026515131526523166
3,8,0.005436440435364658,0.0009230644830192129,-7.013403041568803,0.011108528243170844
3,9,0.004742869785354461,0.000891449638745851,-5.944326375443258,0.044585776329040525
3,10,0.0041281397235982216,0.0008900640829880204,-4.999110736081629,0.043173089292314316
3,11,0.003586223470851963,0.0008824608146419955,-4.168116754367028,0.06004301971859402
3,12,0.0031345788763123164,0.0008695079298276041,-3.4686341635974838,0.07298587295744154
3,13,0.0027759835118266905,0.0008573745532582203,-2.916090312416171,0.08762068483564589
3,14,0.0024808077687788524,0.0008755834811987976,-2.4507778409086627,0.061601807011498345
3,15,0.0022409485888747888,0.0008739717783302896,-2.0919472971080264,0.0505444433954027
3,16,0.0020713502000787374,0.000879134145927512,-1.824917573399014,0.04363252719243368
3,17,0.0019151860928553859,0.0008368238535088798,-1.5830663401403544,0.10992050833172268
3,18,0.0017884643291364666,0.0008333290060464707,-1.3891138324031123,0.11707067224714492
3,19,0.0016896352807151867,0.0008353419097450872,-1.241567144864871,0.11048894325892131
3,20,0.0016048533853465392,0.0008162155501647956,-1.1109377747700537,0.14036303096347386
3,21,0.0015386357616035292,0.0008135665790177882,-1.0074103736583098,0.14458600282669068
3,22,0.0014736837379772355,0.0008270493540395465,-0.91004556476334,0.12021292183134291
3,23,0.0014245860275731962,0.0008280885768019491,-0.8280650107948868,0.12098784579171075
3,24,0.001377559994795808,0.0008092670041757326,-0.7635167324984515,0.14880902767181398
3,25,0.0013342587007094682,0.0008108595877678858,-0.6935989560904327,0.1459195653597514
3,26,0.0012976857873806616,0.0007980549513983229,-0.6391705462962021,0.16711059014002483
3,27,0.0012686518598692836,0.0008126514317053887,-0.5915589700510473,0.1417504496044583
3,28,0.0012416091146821408,0.0007986047641477651,-0.5542145717291185,0.1634692562950982
3,29,0.0012164728371081529,0.0008062089495878252,-0.5096770385165273,0.14953873422410752
3,30,0.0011860504125555356,0.0007941248231670922,-0.4670652390998087,0.17241623136732315
3,31,0.001165355786819149,0.0007933794947651525,-0.43335401202425544,0.17344461414549087
3,32,0.0011395385566477974,0.0007858402212150394,-0.39329679865895967,0.18483591609530978
3,33,0.0011215987253106303,0.0007882836507633328,-0.3668949905736947,0.18082732094658746
3,34,0.0011039436531805054,0.0007864738581702113,-0.3381441738870409,0.18308301501803928
3,35,0.0010875497550853056,0.0007830224944175118,-0.3162811757605753,0.1860548946592543
3,36,0.0010679034350934312,0.0007811198062780831,-0.2853299036438082,0.19314200745688545
3,37,0.0010522233057813145,0.0007883673753692872,-0.26312482769106643,0.1774669845898946
3,38,0.0010384878755926533,0.0007681636618346804,-0.24180976299592005,0.2103325989511278
3,39,0.0010265463337957583,0.0007665502230843736,-0.22310197235625467,0.2130921933386061
3,40,0.0010136718039665325,0.0007666176288492149,-0.20415982552516607,0.2154601256052653
3,41,0.001001384239040177,0.0007675081776041124,-0.18332587509979437,0.21024163034227158
3,42,0.0009907087365763239,0.0007769299890949494,-0.16911972569830624,0.19550435145696005
3,43,0.000979715639748323,0.0007740237271516687,-0.1493284413843979,0.20002100732591416
3,44,0.0009668855476595553,0.0007703955052420497,-0.13231118343494558,0.20594067043728298
3,45,0.0009552227632131106,0.0007597199641168117,-0.11758692485314828,0.2250737918747796
3,46,0.0009433851518415282,0.0007570816410912408,-0.09877057310975629,0.22737729416953192
3,47,0.0009375631355071142,0.0007532949093729258,-0.08771841526031494,0.23402786917156643
3,48,0.000926481855366333,0.0007642146678537959,-0.07416547492698387,0.2144706620110406
3,49,0.0009177925504951014,0.0007509724625075856,-0.06176843113369412,0.23742231527964275
3,50,0.000907257603291698,0.0007546960841864347,-0.04650377064575384,0.2285313540034824
3,51,0.0009031114385486293,0.0007483793694215516,-0.037317287333217666,0.24020445346832275
3,52,0.0008932599741793065,0.0007479766319091949,-0.02418413559595744,0.23999724785486856
3,53,0.0008793783090997165,0.0007503250536198418,-0.005843508243560791,0.23731772237353854
3,54,0.0008722961476406105,0.0007411326747387648,0.006062068909774592,0.25095138549804685
3,55,0.0008634719414130589,0.0007355430551494161,0.015097379390104318,0.2600314630402459
3,56,0.0008570873783613889,0.0007341904048290518,0.029687288072374134,0.2613692469067044
3,57,0.0008528222157447426,0.000738418353204098,0.0336004767888858,0.25844650798373753
3,58,0.0008446685439493093,0.0007320157485082746,0.04372606027273484,0.2639141082763672
3,59,0.0008395938405387656,0.0007282629014096326,0.05478586664906254,0.2703301151593526
3,60,0.0008353547323897573,0.0007254126999113295,0.0592541151576572,0.2773864984512329
3,61,0.0008322774837897332,0.0007293378533278074,0.06484102172616088,0.2696038352118598
3,62,0.0008225496210169369,0.0007276598907386263,0.07870215604334702,0.272997522354126
3,63,0.0008182018499441997,0.0007257210297716988,0.08281750369954992,0.278552774588267
3,64,0.0008147072377557188,0.0007265850629967948,0.0901802036497328,0.2770283818244934
3,65,0.0008061349091556981,0.0007199962623417377,0.10323941324963981,0.2851417859395345
3,66,0.0007980819915156857,0.0007212265226472583,0.1136428576928598,0.28572092983457775
3,67,0.0007930932634073183,0.0007134485679368178,0.12002380585964816,0.2976269496811761
3,68,0.0007874890953520841,0.0007200164241819746,0.1284761396455176,0.29058466619915435
3,69,0.0007832340680545679,0.0007218414089745945,0.13342783568817893,0.28431471188863117
3,70,0.000779796327194084,0.000713610321852482,0.1391239395848027,0.29611360364490086
3,71,0.0007713741974985618,0.0007131487402754525,0.14878995683458116,0.29809545940823023
3,72,0.0007693422758480373,0.0007109171646233234,0.15524060932206518,0.30226852496465045
3,73,0.0007699719772467183,0.0007088750342114104,0.15356669617287907,0.30498931672838
3,74,0.000763747225843232,0.0007092781791773936,0.16215010557645632,0.3077780154016283
3,75,0.0007590137013912569,0.0007190467181822492,0.16862025864330338,0.2895755198266771
3,76,0.0007578906787122473,0.0007086000120681193,0.1719048669308792,0.30879642698499893
3,77,0.0007495802138748084,0.000703119124389357,0.18229526767024287,0.3146517541673448
3,78,0.0007416929737779737,0.000706999420395328,0.19260066880120172,0.30899547073576183
3,79,0.0007383911559979121,0.000705518066469166,0.19821899172700483,0.31268857452604504
3,80,0.0007360615484404987,0.0007013144838209782,0.20118963909737858,0.32041860818862916
3,81,0.0007356582708185378,0.0006980714362321629,0.20362020245304815,0.32507150305642024
3,82,0.0007291047859729992,0.0006995246719775928,0.21040504493831116,0.3275825275315179
3,83,0.0007274468067205614,0.0007013214583922591,0.2134521920004009,0.32419617573420206
3,84,0.0007221467699568121,0.0007028000894933939,0.2193400725906278,0.31942751407623293
3,85,0.000717955801555496,0.000701450234434257,0.2247386404025702,0.32279758983188206
3,86,0.000716369954817411,0.0006938512825096647,0.22711571528587812,0.334371198548211
3,87,0.0007106439213348944,0.0006918891139018039,0.2386288211669451,0.33941279649734496
3,88,0.000710022316981153,0.0006989060720014903,0.23821303373501623,0.3250291201803419
3,89,0.0007030471242435368,0.0006973211989841527,0.24559289599642342,0.3305272897084554
3,90,0.0007016070365307875,0.0006920913505988817,0.24911212494343887,0.33674058781729804
3,91,0.0006957990629023608,0.0006923326291143894,0.2564884618476585,0.3403589129447937
3,92,0.0006957559142100774,0.0006889702687557373,0.25666076798497894,0.3428124321831597
3,93,0.0006959402470929939,0.000684468304583182,0.2603108940301118,0.35092360311084325
3,94,0.0006856333526184806,0.0006832666177716521,0.26856766394626946,0.3487007975578308
3,95,0.0006826789184461958,0.0006859915537966622,0.27553096685880496,0.34982456101311576
3,96,0.0006777382833756691,0.0006881925432632367,0.2791764278470734,0.34492932822969224
3,97,0.0006814267309555025,0.0006806986936781969,0.2772611438492198,0.35628284083472356
3,98,0.0006732651567155565,0.000687993615348306,0.28410236129054317,0.3518868909941779
3,99,0.0006677398853360411,0.0006962571629426545,0.2914043413268195,0.33771083884769015
3,100,0.0006677650316204461,0.0006936656155933936,0.2907694179334758,0.3430534548229641
3,101,0.0006719315037947654,0.0006830872062386738,0.2868523240089417,0.3561910311381022
3,102,0.0006647347400746779,0.000686644083665063,0.29798004730248157,0.3507041401333279
3,103,0.000661860434424684,0.0006907858523643679,0.30073045521606634,0.3499111082818773
3,104,0.0006614767716346699,0.0006890941721697648,0.30312034274324956,0.35280209514829847
3,105,0.0006571027789448882,0.0006810006620879802,0.30381491478578543,0.3551877922481961
3,106,0.000653715750898154,0.0006825875581449105,0.3125680128733317,0.35664982265896267
3,107,0.000647304843634045,0.0006882039041051434,0.3186635458910907,0.3520838565296597
3,108,0.0006478323726224955,0.0006798383081331849,0.31954790000562316,0.3615235898229811
3,109,0.000644549214206406,0.0006800002767704428,0.3239516967608605,0.3626425531175401
3,110,0.0006392112579541626,0.0006825917853145963,0.3273237496246526,0.3582548313670688
3,111,0.000637925866657845,0.000683308200031105,0.33105844612474794,0.3583965910805596
3,112,0.0006338972295059558,0.0006849796537102924,0.3362092383113908,0.35875036716461184
3,113,0.0006300359672613809,0.0006778853156396912,0.3404278210651727,0.3650412254863315
3,114,0.0006276044716489398,0.0006849365671061807,0.3422822627020471,0.36052821742163765
3,115,0.0006242767807073247,0.0006801570571648578,0.34792697253050625,0.36428844266467625
3,116,0.0006260576599024604,0.0006898411045161386,0.3464805594197026,0.3575462685690986
3,117,0.0006239300954477562,0.0006798202922153804,0.3468451377786236,0.3698564794328478
3,118,0.0006208455408520904,0.0006811213226885431,0.3531791607538859,0.36683868832058375
3,119,0.0006202028922012283,0.0006857996237360769,0.3515338456189191,0.36608261929617986
3,120,0.00061703426360992,0.0006916305334824655,0.3565889024440153,0.3571361449029711
3,121,0.0006157936045417079,0.0006871648766617808,0.3583465701268043,0.3681736893124051
3,122,0.0006094431030322556,0.000677762926918351,0.36674523559617406,0.377816277080112
3,123,0.000608382095657519,0.0006802263799019986,0.36793249507009246,0.3754434559080336
3,124,0.0006030103502174219,0.0006806892381670574,0.3718944158083127,0.37638511260350543
3,125,0.000604967687158259,0.000684187615600725,0.3704442075741144,0.3737811009089152
3,126,0.0005966625281287656,0.0006778661821347972,0.3822636766198241,0.38104336261749266
3,127,0.0005976782804125069,0.0006966568671891259,0.3776248400593981,0.35733002026875815
3,128,0.0005988248287596636,0.0006793644951863421,0.3736501779085324,0.3773941569858127
3,129,0.0005919225168282189,0.000677243683538917,0.38567961395522693,0.38361128568649294
3,130,0.0005933937599399575,0.0006716098920959566,0.3853423117119589,0.3886447747548421
3,131,0.0005905402177530858,0.0006731373658921155,0.38576486684657907,0.3899928463829888
3,132,0.0005861525694741925,0.0006718547911279732,0.3906624247998367,0.3849203904469808
3,133,0.0005945332414459115,0.0006755464244633913,0.38005759922074683,0.3825198252995809
3,134,0.000585472279653689,0.0006688148261875742,0.39036930004755654,0.3902831514676412
3,135,0.000586294504687374,0.0006763510651782983,0.3927923465952461,0.3833870424164666
3,136,0.0005769435553466556,0.0006839990111378332,0.4043509642283122,0.38355320427152845
3,137,0.0005769655016469367,0.0006717190275796586,0.40084613282003523,0.3915139291021559
3,138,0.0005787679353544925,0.0006689096503477129,0.40176682678269754,0.39246258073382906
3,139,0.0005766778610888179,0.0006708936908075379,0.4057322711120417,0.39104288021723427
3,140,0.0005716933019424754,0.0006754563073627651,0.40656410926654013,0.39002429246902465
3,141,0.0005690163948550176,0.0006746741671425601,0.41255065423470955,0.3858781072828505
3,142,0.0005701980815142578,0.0006670774762622184,0.4105756585980639,0.3970133927133348
3,143,0.0005670777578079315,0.0006738136742367513,0.417349061112345,0.3948996596866184
3,144,0.0005642543464933556,0.0006735870006701185,0.41845457436125955,0.39484988848368324
3,145,0.000564688882779008,0.0006741215035112368,0.4159413785110285,0.39742380645540026
3,146,0.0005634572312385303,0.000671975647047576,0.4166878042397676,0.3988705661561754
3,147,0.0005576081956265333,0.0006778614323896666,0.42637212968166965,0.39261222812864516
3,148,0.0005524980174492539,0.000673413076179309,0.4288715107941333,0.3975474317868551
3,149,0.0005553766359994763,0.0006717222083049516,0.4279011376110124,0.4036425934897529
3,150,0.0005576892845752293,0.0006701038037944171,0.4243461573565448,0.3995114313231574
3,151,0.0005596980037897779,0.0006781812408007681,0.4205705801645915,0.39609388642840915
3,152,0.0005523690036900433,0.0006818482432410949,0.4276567069100745,0.39309071169959175
3,153,0.0005513152468340172,0.0006764950023757087,0.4286322581915208,0.39905447430080837
3,154,0.0005476166355498365,0.0006778582633059058,0.4350469406740165,0.4001432736714681
3,155,0.0005423933306398491,0.0006753342976379725,0.4370576932106489,0.4004644950230916
3,156,0.0005407303584636085,0.0006746929061288635,0.44657592449659184,0.4048334585295783
3,157,0.000539583138788096,0.0006813189364038407,0.44346548421883286,0.3984273698594835
3,158,0.0005405053231192546,0.0006730949751929277,0.44469531524328537,0.40630506012174816
3,159,0.0005358924056593052,0.0006794567957210044,0.4466810186704,0.3972669932577345
3,160,0.0005355736610111722,0.0006835458269860181,0.4511521594023999,0.39674073457717896
3,161,0.0005305975597972671,0.0006656167045649555,0.4533877777464596,0.41526401307847766
3,162,0.0005351942831673372,0.0006726457957281835,0.4465310658937619,0.4071562727292379
3,163,0.0005281897143886229,0.0006809372467816704,0.4546745320897044,0.39970559146669177
3,164,0.0005271671528146131,0.0006754950529688763,0.4582000003920661,0.4118560367160373
3,165,0.0005251592190441802,0.0006770396734484368,0.45925346509909926,0.3995531148380703
3,166,0.0005262579985917258,0.0006743211829517451,0.45635951360066734,0.4067716810438368
3,167,0.0005251340294274053,0.0006750086865698298,0.4605448914162907,0.408544299337599
3,168,0.0005238958449752565,0.00067813189751986,0.46094145863144487,0.407606303691864
3,169,0.0005157910168090444,0.0006753065985523992,0.46716175417841216,0.41189760631985134
3,170,0.000512381500484031,0.0006760680103778011,0.4725680239406633,0.4103785607549879
3,171,0.0005153275523219763,0.0006773644760768447,0.47347699035832913,0.4106484373410543
3,172,0.0005116078970999813,0.0006848166877817777,0.4751802999296306,0.4028187341160244
3,173,0.0005066478698238455,0.0006818250921140942,0.4794838312231464,0.40797583262125653
3,174,0.0005109855613418292,0.0006701620929460559,0.4747082906004823,0.4162977589501275
3,175,0.0005093856512016997,0.0006775382401732107,0.4812642561064826,0.408123963409
3,176,0.0005065615316220547,0.0006713881597129835,0.4793942709027985,0.4193280630641513
3,177,0.0005037111057727426,0.0006665283697657287,0.4851551506254408,0.41929890314737955
3,178,0.0005067154382108308,0.0006768699101586308,0.47715795937879585,0.4153077377213372
3,179,0.0004988650176214215,0.0006762225788811015,0.4858271922594235,0.4179807980855306
3,180,0.0005020445469985313,0.0006886178355974456,0.4850289280031934,0.4064875695440504
3,181,0.0005023488026819434,0.0006863966700620949,0.48227296081590065,0.40781431330574885
3,182,0.0005023404767587321,0.0006755446096778744,0.4866178631782532,0.4143636465072632
3,183,0.0004930260558871346,0.0006746035806524257,0.49206503953462766,0.4176504598723518
3,184,0.0004924069683320452,0.000683161166186134,0.49535724233697964,0.41195451153649226
3,185,0.0004970858620198007,0.000697986773836116,0.4898928180152987,0.3968138933181763
3,186,0.0004894882548358981,0.0006778882945784264,0.49638258307068434,0.41178333891762625
4,1,0.07694887050232034,0.01050770611812671,-120.55585630911368,-13.8868079662323
4,2,0.016295380796087378,0.002052363313527571,-24.02396729787191,-1.5910738786061605
4,3,0.011888054657129594,0.0012875750764376587,-17.19748540042359,-0.4962867882516649
4,4,0.009924863324857052,0.0009880847840880354,-14.174235016033974,-0.06650862693786622
4,5,0.008294712294490985,0.0009179754868253238,-11.585351349394998,0.029909239874945745
4,6,0.0068875971422703176,0.0009266169651204513,-9.427695171332653,0.01433221631579929
4,7,0.005782581733562696,0.0008880033364726437,-7.626137042634281,0.07265527248382568
4,8,0.0048812952766447894,0.0008896805100246436,-6.248337607324859,0.0694174263212416
4,9,0.004200925018040486,0.0008520634689678749,-5.190378341557067,0.12111210028330485
4,10,0.003641031613504445,0.0008558525134705835,-4.3041196758364455,0.11279221110873752
4,11,0.0031740948615342746,0.0008478006477364235,-3.5748567672423373,0.12440878682666355
4,12,0.002805193394054601,0.0008369778593381246,-3.0033859485461387,0.13684478733274671
4,13,0.0024957880987153376,0.0008390466799028217,-2.5107345701735695,0.13018061849806045
4,14,0.002265418070816883,0.0008186864239784578,-2.1565147394015467,0.16225390169355605
4,15,0.002070118799046786,0.000812073097202099,-1.8534519828396079,0.1692200356059604
4,16,0.0019260712048429767,0.0008131867313447098,-1.6239570417521911,0.16727989779578314
4,17,0.0017988539953359666,0.0008067324162564344,-1.4305433383694401,0.17609760098987157
4,18,0.001692534876803373,0.0007921777303434081,-1.2651856345894896,0.19516587124930487
4,19,0.0015941004182591482,0.0007919007006825672,-1.1132994616473162,0.1926161805788676
4,20,0.0015186935004973669,0.0007922462730978926,-0.995981032907227,0.19647877348793877
4,21,0.0014472413785111757,0.0007778727061425647,-0.8842336782702693,0.21563105318281386
4,22,0.0013874399674090522,0.000772863557924413,-0.7862432023625315,0.22187797890769112
4,23,0.0013363860720009715,0.0007674807410997649,-0.7096695630638687,0.2303500877486335
4,24,0.001301793672753797,0.0007938655442558229,-0.6584379977650112,0.19681924713982477
4,25,0.0012579282441027002,0.0007708285042705636,-0.5886481243887065,0.2256107727686564
4,26,0.0012104804851804619,0.0007654105364862415,-0.5164797944787108,0.23212272723515828
4,27,0.001178200477676719,0.000764442371049275,-0.4674356852048709,0.2321294281217787
4,28,0.001148535145941064,0.0007615653177102407,-0.41962569142565315,0.23857872088750204
4,29,0.001122097959626972,0.0007574024390325778,-0.37581977594045946,0.24219293196996053
4,30,0.0010907682176265452,0.0007455970290013486,-0.3313258539011449,0.2592742323875427
4,31,0.001071870635137146,0.0007465235604387191,-0.29999136600965337,0.259924230310652
4,32,0.0010506717278334645,0.0007510819084321459,-0.26798882749345565,0.25308003028233844
4,33,0.0010278746379355406,0.000747533816482044,-0.23726979655984007,0.25667445527182686
4,34,0.001011835096725895,0.0007431366610237294,-0.21117138936195845,0.2639650543530782
4,35,0.0009902737206882901,0.00073611214886316,-0.17822078201505873,0.2748617092768351
4,36,0.0009725084111531392,0.0007374468815719916,-0.15074493252200843,0.2711517122056749
4,37,0.000959462426993766,0.0007378984656598833,-0.1296745388596146,0.2699558072619968
4,38,0.0009433567817150443,0.0007313965224764413,-0.10814938295034715,0.2747482657432556
4,39,0.000924683996780925,0.0007259991175184648,-0.08109167931992331,0.28432258235083685
4,40,0.0009135769197234401,0.0007275910142602192,-0.0586726971614508,0.2828894045617845
4,41,0.000904404290917295,0.0007265059911232027,-0.04436286761436933,0.2827559550603231
4,42,0.000891180010225026,0.000723869921380861,-0.027629565751111067,0.28888578679826526
4,43,0.000876473668060139,0.0007196089550335374,-0.005055736906734514,0.29172643158170913
4,44,0.0008668114165315565,0.0007225846664773093,0.009783080477773407,0.28541548252105714
4,45,0.0008538148153205344,0.0007251377062251171,0.030679451536249232,0.2819353010919359
4,46,0.0008481064554085426,0.0007226986396643851,0.035564069541884055,0.2829031507174174
4,47,0.0008368438099694933,0.0007089565236431857,0.05110523097309065,0.30027764240900673
4,48,0.000824899880796165,0.000710171637021833,0.06895185458807297,0.3006131384107802
4,49,0.0008155687325519084,0.0007041993059424891,0.08441561504646584,0.31000405682457816
4,50,0.0008059763220242328,0.0007011808868911531,0.09806005660398506,0.3121630483203464
4,51,0.0007965459084471711,0.0007037402880895469,0.11085855931411555,0.30651913616392346
4,52,0.0007889967276657253,0.0006972512579523027,0.11874155865775214,0.31820109155442977
4,53,0.0007812857948370094,0.0006980012119230296,0.1319851064387663,0.3137642714712355
4,54,0.00077517659900664,0.0006986077241082158,0.14195898241466945,0.3140828159120348
4,55,0.0007677149579480842,0.0006959770418082674,0.15193002312271683,0.3180002397961087
4,56,0.0007621807950249884,0.0006965877811631395,0.15772524306803573,0.315009617805481
4,57,0.0007584326808559306,0.0006920982346249123,0.16944140166412164,0.3197631624009874
4,58,0.0007512646916977786,0.0006947593659990364,0.1786646682539104,0.3145055611928304
4,59,0.000743201924028036,0.0006879288806683488,0.18695309309311856,0.3323296348253886
4,60,0.0007397895341129674,0.0006890306391546296,0.19441751433007512,0.32854422330856325
4,61,0.0007304354215811156,0.0006877977944289644,0.2033963828911016,0.3343937953313192
4,62,0.0007212322396456184,0.0006847932572580046,0.2191835684540831,0.33171491622924804
4,63,0.0007176781895306008,0.0006824775780033734,0.22531658278571234,0.33794543345769246
4,64,0.0007150000770415329,0.0006867989056950642,0.22648823997120798,0.3319615602493286
4,65,0.0007105421135489495,0.0006850450467835698,0.23339460528927086,0.3337260312504239
4,66,0.0007031772261266999,0.0006796130897580749,0.24511513224354498,0.34065458642111884
4,67,0.000702624721740039,0.0006823375420127478,0.24847830946062818,0.34145669009950425
4,68,0.0006966131385760727,0.0006815405058053632,0.2529120783746978,0.340782364209493
4,69,0.0006934695471837013,0.0006827845018253559,0.25604564245836237,0.3408345725801256
4,70,0.0006870300378248003,0.0006794652177227868,0.26664832962883844,0.3466346873177422
4,71,0.0006794361537034956,0.000686742374414785,0.2759445829156004,0.34130161073472765
4,72,0.0006805754189069072,0.0006798163897150921,0.27585101510271615,0.34617478317684597
4,73,0.0006787833212989808,0.000681612393560095,0.278042283470248,0.3471533417701721
4,74,0.0006735158852807442,0.0006753622761203183,0.2849595412795926,0.3498362766371833
4,75,0.0006706991810696545,0.0006749672427152594,0.2905269037058324,0.35070502228207057
4,76,0.0006651169501164537,0.0006750053635591434,0.294397740010862,0.34709425899717544
4,77,0.0006597685906461175,0.0006730366627582245,0.3042401587521588,0.3534430808491177
4,78,0.000654967768508711,0.0006714912338389291,0.30847550292073944,0.35365310774909126
4,79,0.0006542003719297088,0.0006677560534121262,0.3106116630412914,0.35945272313223947
4,80,0.0006480646368553057,0.0006660579664943118,0.32036919049274776,0.3606119645966424
4,81,0.000648547393085872,0.0006704590917151008,0.31846566656489433,0.35972001155217487
4,82,0.0006434542435957234,0.0006710057961754501,0.324343615549582,0.3633745471636454
4,83,0.0006380430427034972,0.0006660092453886238,0.33123470839158986,0.36456841892666286
4,84,0.0006355535575292176,0.0006648984207357797,0.33537349980554465,0.3679309023751153
4,85,0.0006315892819533654,0.0006686178876811431,0.34376532472210164,0.3600352750884162
4,86,0.000631184104749542,0.0006631504472655555,0.34396780376081115,0.36798894008000693
4,87,0.000628441072034615,0.0006621094355877075,0.3443275981479221,0.36897101004918414
4,88,0.0006244239313987854,0.0006618758560054832,0.3527193546295166,0.373279963599311
4,89,0.0006230410506063497,0.0006633146769470639,0.35042147400938434,0.3705520616637336
4,90,0.0006205338343724977,0.0006571006301480035,0.35498722968278107,0.3794216023551093
4,91,0.000612314304129945,0.0006597109643432001,0.3647944672608081,0.37487803432676525
4,92,0.0006168733957442053,0.0006604373222216964,0.3563764039381051,0.3761984798643324
4,93,0.0006085408315418955,0.0006585482094022963,0.3690496783197662,0.37682057354185317
4,94,0.0006048539018885084,0.0006598378195323878,0.3773059724289694,0.3745087914996677
4,95,0.0006066500222206944,0.0006535239168442786,0.36916169928915704,0.3837921606169807
4,96,0.0006036451222938428,0.0006581270394639836,0.3747924948916023,0.37750922706392076
4,97,0.0005988734648534223,0.000657267521859871,0.38452032333538855,0.3799078623453776
4,98,0.0005957637176228066,0.0006568861814836661,0.3852338233111817,0.3789213591151767
4,99,0.0005974653416980104,0.0006522294832393527,0.3859328689398589,0.38546997441185843
4,100,0.0005922034778057333,0.0006537852485457228,0.38940229106832436,0.3860651201672024
4,101,0.0005922596691820172,0.0006489876179128057,0.39187093075410817,0.38996206521987914
4,102,0.0005825244353072327,0.0006536035216413438,0.40150975577625225,0.38472640646828543
4,103,0.0005791037761675263,0.0006499878790539999,0.40280474718706105,0.3868379275004069
4,104,0.0005808956869360473,0.0006484326402035852,0.4024341252115038,0.38958632151285805
4,105,0.0005833691461759126,0.0006459237606678572,0.402910315843276,0.3947386172082689
4,106,0.0005766530275448328,0.000645440827227301,0.4081513429865425,0.3932908415794373
4,107,0.0005744671204736755,0.0006469688223054011,0.41034935079974894,0.39375370211071437
4,108,0.0005742439291623916,0.000645777132983009,0.40999305115805734,0.3901179141468472
4,109,0.0005727710133349454,0.0006458719649041693,0.41075583622779377,0.39149977233674793
4,110,0.0005703051256901228,0.0006491355481557548,0.4137974818547567,0.3881592141257392
4,111,0.0005692441572642161,0.000650728403383659,0.416389560405119,0.38579407533009846
4,112,0.0005637660670025206,0.000645241885083831,0.42381269917076014,0.395200260480245
4,113,0.0005595878959506934,0.0006452682272841533,0.4246720166853917,0.39733339018291897
4,114,0.0005564511859973456,0.0006433069731833207,0.43096635032583164,0.39654646184709336
4,115,0.0005608898458174534,0.0006455155542223818,0.4270540711320477,0.39316616588168674
4,116,0.0005553097081842062,0.0006415048627079361,0.43268175890416277,0.40040471686257256
4,117,0.0005562809099052331,0.0006415206926046974,0.43269100969220387,0.4051874081293742
4,118,0.0005529186043767603,0.0006419395316495664,0.43541909588707817,0.4010281417104933
4,119,0.0005527597601973901,0.0006369868629715509,0.43261390321048687,0.4056319620874193
4,120,0.0005484122824625193,0.0006404183817923897,0.44120757108853187,0.40355872180726793
4,121,0.0005463894233136311,0.0006376806374949714,0.4446949648268429,0.4020265221595764
4,122,0.0005412217930971105,0.0006364841234042412,0.44596171614564495,0.4082897835307651
4,123,0.0005414965858591007,0.0006360779684554371,0.44934637826166035,0.4046551929579841
4,124,0.0005376822494809735,0.0006384545613804625,0.4538671964480553,0.40356335375044083
4,125,0.0005361118333782127,0.0006362018925655219,0.4520485813235059,0.4087164216571384
4,126,0.0005334479258579697,0.0006385848146035439,0.4563210441742414,0.40618133544921875
4,127,0.0005366091886650265,0.0006360559672531154,0.4522975993745121,0.41402623653411863
4,128,0.0005339421061683952,0.0006364160825291441,0.4574829144242369,0.4023580153783162
4,129,0.0005334110165957683,0.0006376115398274528,0.45620444777571123,0.4060456289185418
4,130,0.0005341495564034968,0.000633578772087478,0.4534765895502067,0.41287022034327187
4,131,0.0005279761197240909,0.000635855791107234,0.4646627593923498,0.41000008450614084
4,132,0.0005230059723634226,0.0006337114027701318,0.4698204019923269,0.408651171790229
4,133,0.000520813209435868,0.0006358959155881571,0.473234917205057,0.41061285071902803
4,134,0.0005226575628635876,0.0006321343295793567,0.4706098931807059,0.4130596227116055
4,135,0.0005153086378503545,0.0006391971527288357,0.4785858523698501,0.4060806618796455
4,136,0.0005162318855851751,0.0006351011999261876,0.4744753412258478,0.4164199166827732
4,137,0.0005165731410760386,0.0006326145013897783,0.4751326004664103,0.41194894578721786
4,138,0.0005232750739971245,0.0006293872591211564,0.4714279848852275,0.4143467320336236
4,139,0.000510209460777265,0.0006312447160275446,0.4838299455466094,0.4154419541358948
4,140,0.0005105171885117198,0.0006347698392346502,0.4773110135101978,0.41546762651867336
4,141,0.0005106186558906403,0.0006357576051313017,0.4807184859558388,0.40658384296629163
4,142,0.0005084030271973461,0.0006372419082456165,0.4842496297977589,0.4121013747321235
4,143,0.0005043128419834201,0.0006335603888146579,0.4867488584400695,0.4121058834923638
4,144,0.0005008793690379847,0.0006318884733546939,0.49350634960480677,0.41521330542034574
4,145,0.0004998764337937313,0.000629861529968265,0.4915172491544559,0.4181136237250434
4,146,0.0005034589595276357,0.0006292578634909458,0.49191593240808557,0.42003692123625014
4,147,0.0004998581785777653,0.0006402843347233203,0.49042361179987587,0.40470326873991225
4,148,0.0004989790350032028,0.0006296074108427598,0.49443277370782546,0.42137544552485146
4,149,0.0004936528309495591,0.0006313713784846995,0.5003125096544807,0.41111250585979886
4,150,0.0004949983343033602,0.0006350245857093897,0.4937656658667105,0.416773702038659
4,151,0.0004963311590225562,0.0006321037692638735,0.4993602579022631,0.41583045456144546
4,152,0.0004913037230352652,0.0006259878670486311,0.497514068050149,0.4254549874199761
4,153,0.00048672556891508494,0.0006265917262579831,0.5080364433335669,0.4222044150034587
4,154,0.0004860424897978427,0.0006378451556277772,0.508374145001541,0.40615406698650786
4,155,0.0004835672819567269,0.0006297891998353104,0.5101729419496325,0.4224587228563097
4,156,0.00048572069578689097,0.0006349058524291549,0.5073247665240441,0.4140234642558628
4,157,0.0004847981223986013,0.0006338291090085275,0.512238590364103,0.41120006640752155
4,158,0.00047920381989514016,0.0006351761390558547,0.5106897979606817,0.4190271549754673
4,159,0.00048357606089363496,0.0006304187920048005,0.509756835596061,0.42369562255011667
4,160,0.00047832668951517087,0.0006307971430942416,0.5140570104858022,0.42079910304811263
4,161,0.0004747542428329909,0.0006267206432918707,0.5196155511302712,0.4242997248967489
4,162,0.0004760829349519846,0.0006386749239431488,0.5137382616231471,0.4122298187679715
4,163,0.00047361001754639507,0.0006347602647211817,0.5176471776432461,0.4168871733877394
4,164,0.00047403887995047336,0.0006272717197943065,0.5127262105176478,0.42760165135065714
4,165,0.00046588630734563423,0.0006253555016074744,0.5295729782846239,0.4271674580044217
4,166,0.0004664572358223391,0.0006312999822613266,0.527216903515804,0.4148922827508714
4,167,0.0004721958660894292,0.0006291030789725482,0.5191011895368128,0.4202290124363369
4,168,0.0004628131484446104,0.0006323611079197791,0.5303680678944529,0.41701264911227753
4,169,0.0004638981253748047,0.0006311778302511408,0.529175779848923,0.4159280485577054
4,170,0.00046556729774485217,0.0006259333613949518,0.527517158013803,0.4306500832239787
4,171,0.0004638091934827605,0.0006264366041351523,0.5262695964471793,0.42787096500396726
4,172,0.00046106421519473287,0.0006447693190744354,0.5320834866276494,0.4051129579544067
4,173,0.0004663052309712648,0.0006383925262424681,0.5251518299550186,0.4145573337872823
4,174,0.0004538040464445029,0.0006332408455717894,0.5392262394045606,0.4184628340933058
4,175,0.0004590227271510679,0.000630010960675362,0.5311583037729617,0.41994349691602917
4,176,0.000453333467544045,0.0006372241445610093,0.536229384239809,0.4179996993806627
4,177,0.0004471435977640435,0.0006245185556407604,0.5446144305629494,0.4258619639608595
4,178,0.00045185624068476443,0.0006275286367680463,0.5441708494115759,0.42222632434633045
4,179,0.0004496899789866106,0.0006266922082027627,0.5385334072289644,0.4187995155652364
4,180,0.00044778803116239516,0.000629495355921487,0.5420360712357509,0.42374909851286147
4,181,0.00044716539214951573,0.0006349370284523401,0.5473977088928222,0.42099607123268973
4,182,0.0004477183239672471,0.0006256277595336238,0.5473260779439667,0.4258451263109843
4,183,0.00043987317778239094,0.0006368778012175527,0.5526996425640436,0.4196839769681295
4,184,0.0004443920374830702,0.0006349309075934192,0.5475622667206659,0.4159284273783366
4,185,0.0004362338920336585,0.0006355098086512751,0.555884740087721,0.41891394986046687
4,186,0.00043740155804833326,0.0006268939714775318,0.5569485109529377,0.4219871573978
4,187,0.0004402241666002176,0.0006406678947516614,0.5520570116278566,0.4161795073085361
4,188,0.00044068027902854445,0.0006291220236259202,0.5511470787319136,0.41963629987504747
4,189,0.00043611465320910934,0.0006384717468689713,0.5538066070756794,0.4149071110619439
4,190,0.0004337103446704094,0.0006314003115726842,0.5517462218249286,0.42963549031151665
4,191,0.00043500837565250234,0.0006209152673060695,0.5560311311556969,0.4322259200943841
4,192,0.0004315882348484233,0.000641120644286275,0.5616954111758573,0.4123132679197523
4,193,0.00042874753434946875,0.0006360906409099698,0.5608623445769887,0.42139645285076566
4,194,0.0004294759912968234,0.0006246407348145214,0.5613263186113334,0.4298715379503038
4,195,0.00042732383173396004,0.0006353400725250443,0.5674040639841998,0.4200469281938341
4,196,0.0004323883733804119,0.0006271320718547537,0.5568305025866003,0.4281676822238498
4,197,0.00042220558942422084,0.0006220503011718393,0.5689551661043991,0.4334017581409878
4,198,0.0004213081823696417,0.0006299240734531648,0.567996166959221,0.4270539866553413
4,199,0.0004232741871498019,0.0006366058886568579,0.5704116582870483,0.4149170531166924
4,200,0.00041953066642752584,0.0006361221480700705,0.5750459640114396,0.42237823804219565
4,201,0.00041552440580957926,0.0006414179793662495,0.5764255773873976,0.4131480124261644
4,202,0.00041465628173570205,0.0006253691390156746,0.574919049092281,0.4282346804936727
4,203,0.00042001537261473267,0.0006298499569917719,0.573522690784784,0.4256696105003357
4,204,0.0004161616392795824,0.0006360464328382578,0.5726169702447491,0.4192328757709927
4,205,0.0004140416959323633,0.0006294134409270352,0.5744783054163427,0.42322969834009805
4,206,0.00041095213863975654,0.0006271350029338565,0.5801185544626213,0.42419606314765085
4,207,0.0004102187790264042,0.000630403273842401,0.5795682531815988,0.42150169213612876
4,208,0.00040887097905700407,0.0006250516589110096,0.5821686974278203,0.4274980306625366
4,209,0.0004052858898864576,0.0006263217526591487,0.5876274104471559,0.4265320102373759
4,210,0.000401057237126853,0.0006377497403365043,0.5905767611515375,0.4168733596801758
4,211,0.00040690246258034474,0.0006250651579143273,0.5805394961510175,0.4298491451475355
4,212,0.00040446006517604364,0.000633537540367494,0.5869846710452327,0.42722578710979886
4,213,0.0004016724668075273,0.0006317679679745601,0.5892322229750362,0.42230574289957684
4,214,0.0004035954494431707,0.0006281761892346872,0.58913228114446,0.4273741364479065
4,215,0.0003976976612502318,0.0006454200613208943,0.5922472912588237,0.4005629473262363
4,216,0.0003966708577749676,0.0006388185196556151,0.59422911228957,0.4182456824514601
5,1,0.07427347462486338,0.008026596945193079,-114.27385686474082,-10.480390304989285
5,2,0.01560354455385679,0.002299072541710403,-22.949330752572894,-1.8001789940728081
5,3,0.01181861746734307,0.0014900823460064,-17.042313027087552,-0.6223781612184313
5,4,0.00972206484940317,0.0010948875724958876,-13.827621033750935,-0.042947276433308916
5,5,0.008153486072465226,0.0010334758851159778,-11.355575197125658,0.04754564894570245
5,6,0.006841258032040463,0.0010225425668371221,-9.33206100522736,0.055933790736728245
5,7,0.005794635862342002,0.0009922876501352422,-7.666699225814254,0.10225274165471394
5,8,0.004956136163278126,0.000998779450957146,-6.359063572059443,0.08776115046607123
5,9,0.004261596696336328,0.0010096824068265657,-5.288853670638285,0.07085310882992214
5,10,0.0036766922480806156,0.0009864866436045203,-4.383195193608602,0.10436702966690063
5,11,0.003204769251385221,0.000977142620831728,-3.624613983542831,0.11462431483798557
5,12,0.0028105588647088517,0.0009487708952898781,-3.0174590640597874,0.15273830360836452
5,13,0.002503121819600095,0.000951076032490366,-2.5443073678899695,0.14857600927352904
5,14,0.0022419600247370977,0.0009501992970601552,-2.136475595427148,0.14709599018096925
5,15,0.002045159716228092,0.0009297300026648574,-1.8281911552688221,0.17260369724697536
5,16,0.0018825517987464497,0.0009290138375945389,-1.577963024157065,0.17165181504355537
5,17,0.0017492326801458811,0.0009099933538689382,-1.3636041644178791,0.19524745941162108
5,18,0.0016442307377418067,0.0009288773380426897,-1.1984441153797103,0.16387167771657307
5,19,0.0015626989371131785,0.0009026202515492009,-1.0794655782205087,0.2044306755065918
5,20,0.001475624830381554,0.0009127422054815623,-0.9415332598450743,0.19205867846806843
5,21,0.001406242053978789,0.0008874928397643897,-0.8352563044171274,0.22291805346806845
5,22,0.0013454903811101376,0.0008968522578167419,-0.7396163671104996,0.20967211458418106
5,23,0.0013002839655166976,0.0008775193308894005,-0.6703619299111543,0.24157761335372924
5,24,0.001254860989542471,0.000882092089806166,-0.6031728634127864,0.22824781603283353
5,25,0.0012184952727783424,0.0008693670698752006,-0.5420903660632946,0.24213629961013794
5,26,0.0011816154866490835,0.0008719074307009578,-0.48826554071756056,0.2432504269811842
5,27,0.0011480649122623382,0.0008654829269895951,-0.43537539449738866,0.25207502709494695
5,28,0.0011199724034084307,0.0008562729098937577,-0.3902674407134821,0.26413488652971057
5,29,0.0010865555423668321,0.0008582530206897193,-0.3435732454429438,0.2590011133088006
5,30,0.0010652696397615436,0.0008687372539295918,-0.30807048200089254,0.24425472286012437
5,31,0.0010505985258790998,0.0008614444406703115,-0.28471418177639995,0.2522053082784017
5,32,0.0010251739585519204,0.0008499883399862383,-0.2472500753991398,0.2707219256295098
5,33,0.0009991350185620473,0.0008454670224131809,-0.2070152422528208,0.2747348189353943
5,34,0.0009824441819175802,0.0008482066655738486,-0.1809618995513445,0.26681537363264296
5,35,0.000964217333778463,0.0008371735651356479,-0.1525120852906027,0.2843260314729479
5,36,0.0009472791694771544,0.0008357885849869086,-0.1288450174861484,0.2831874344083998
5,37,0.0009275836615685235,0.0008365290278258424,-0.09881386874634543,0.2790089315838284
5,38,0.0009118668939113433,0.0008275810034117765,-0.07356094180801769,0.2908822231822544
5,39,0.0009003855108375442,0.0008322818437591195,-0.05449978024871261,0.28909647332297433
5,40,0.0008926176374065288,0.0008215887704864144,-0.044815232577147306,0.3008907318115234
5,41,0.0008758882451572536,0.0008188067068759766,-0.019262553880244126,0.3047259039349026
5,42,0.0008632238321926123,0.0008287561992700729,-0.0003959457079569499,0.2896964020199246
5,43,0.000845722486063792,0.0008183943780346049,0.024020772215760784,0.3066876252492269
5,44,0.0008382878931710657,0.0008186272888754804,0.03568655296608254,0.3043166438738505
5,45,0.0008273670057490192,0.0008081305293469793,0.05126610096590019,0.31243539916144475
5,46,0.0008188949978369989,0.0008095991150993439,0.06533887621797162,0.31581003798378837
5,47,0.0008039644972513212,0.0008102758386586275,0.08745226080034986,0.31096011930041845
5,48,0.0007959628964912285,0.0008082466510434945,0.09792550875816816,0.317016507519616
5,49,0.0007862959672225478,0.0008038111923572917,0.1135492585323475,0.31994936333762275
5,50,0.0007782900544964237,0.0008073313032380409,0.12468663615944944,0.31315041250652736
5,51,0.0007701720550863279,0.000797968572523031,0.13553359199453283,0.3252143555217319
5,52,0.0007573992797219551,0.0007924673871861563,0.1527512456163948,0.32788947025934856
5,53,0.000753298769618764,0.0007884257033260332,0.16304242934709715,0.33660690254635284
5,54,0.0007479238788091383,0.0007984843402583566,0.1693918706458292,0.3304443041483561
5,55,0.0007385632457257605,0.0007858282873510487,0.18415595970036072,0.3450499998198615
5,56,0.000731031702440462,0.0007880734525517457,0.19336826506956123,0.34373430411020917
5,57,0.0007217308796689283,0.0007815589585031072,0.20723790062798395,0.34060533046722413
5,58,0.0007157089691724123,0.000775640635078566,0.2150542875866831,0.35343077580134075
5,59,0.0007104517751154892,0.0007766424147929582,0.22311709383387623,0.349548692173428
5,60,0.0007022117622438129,0.0007719467989065581,0.2325913370391469,0.3536054770151774
5,61,0.0006943149477772323,0.0007661205509470569,0.24347798471097593,0.35822151766883004
5,62,0.0006945058385795557,0.0007670813188370731,0.24396004382474923,0.35878900157080756
5,63,0.0006864724189250005,0.0007679692430732151,0.25600949820177055,0.35865498118930395
5,64,0.0006800583678723117,0.0007650165003724396,0.2633176454791316,0.35938513543870715
5,65,0.0006761444659248271,0.0007636805259001752,0.27035866210490095,0.36788667837778727
5,66,0.0006700934826419402,0.0007619762224041753,0.2769841996240027,0.37124621205859715
5,67,0.0006651311233225796,0.0007646851564964487,0.2862520220838947,0.3710303028424581
5,68,0.0006594589527661878,0.0007626923486693866,0.2968401618945746,0.36945851776334976
5,69,0.0006543663834842543,0.0007516463093149166,0.3002146897492585,0.37980804708268906
5,70,0.000651953143303363,0.00074884144252994,0.30492482847637603,0.38868461714850533
5,71,0.0006455869501583094,0.0007416959748499923,0.31314461702181967,0.392648794915941
5,72,0.0006442309245122252,0.00074600407646762,0.31667231968891474,0.3910346931881375
5,73,0.0006419581033427406,0.0007482807772854964,0.3162663297888673,0.3902618673112657
5,74,0.0006366467534529942,0.0007407893310301006,0.3268347875571545,0.3914664255248176
5,75,0.0006347287483628334,0.0007402578782704141,0.32965885165296954,0.3987675017780728
5,76,0.0006295745202087234,0.0007388887758780684,0.33585533845571824,0.4041641526752048
5,77,0.0006284512325052034,0.0007368303460275962,0.335722060262421,0.40587108665042454
5,78,0.0006208635665430331,0.0007414332396971683,0.3476055183528382,0.40279139942593045
5,79,0.0006181341696553576,0.0007321970576109985,0.3494299556002205,0.4074777497185601
5,80,0.0006163110670541631,0.0007344618840660486,0.35108281138502523,0.4092237406306797
5,81,0.0006086071901437309,0.0007322822684525615,0.3625360107716219,0.41318059232499865
5,82,0.0006071605991980314,0.0007290996688728531,0.3668861002097895,0.41537224716610377
5,83,0.0006081968288650208,0.0007235547695826325,0.36400556328855915,0.4246474279297723
5,84,0.0006038574118132668,0.0007236494152392778,0.3707242562447065,0.41848397122489084
5,85,0.0005959311107828937,0.0007258569252573782,0.3783131399272401,0.41897305647532146
5,86,0.0005960373516930382,0.0007231836944508056,0.37952342327730154,0.42502544985877144
5,87,0.0005916350123035595,0.0007209214356003537,0.38389284757920256,0.4250184549225701
5,88,0.0005877605385009062,0.0007154507588388191,0.3891631765130125,0.43004431062274506
5,89,0.0005854350332182223,0.0007216758637999495,0.3921794024514563,0.42692449225319756
5,90,0.0005851743553109743,0.0007185888890590933,0.3924235308611834,0.4269229147169325
5,91,0.0005795258859080481,0.0007241436513140797,0.39704100629429756,0.4247943255636427
5,92,0.0005787158265629392,0.000715416371046255,0.400313127040863,0.43125336435106065
5,93,0.000576960296013657,0.0007128475143367217,0.40069841632136594,0.4361302826139662
5,94,0.0005739231734755046,0.0007193034475979705,0.4046701198742714,0.42630793650945026
5,95,0.0005717545952561691,0.0007067786878906191,0.4084422775256781,0.4368852138519287
5,96,0.0005686630719099883,0.0007159114543658991,0.4114811614707664,0.43751437664031984
5,97,0.0005653127997734204,0.000713246441187544,0.4136954494464545,0.43524725834528605
5,98,0.0005641915868496362,0.0007141063287336793,0.41251082111288,0.4369893060790168
5,99,0.0005655800491100016,0.0007078953798756832,0.4143220465860249,0.4456307954258389
5,100,0.0005571581847264351,0.0007008804784466823,0.4246845030490263,0.44634084833992854
5,101,0.0005558659035114594,0.00070812011965447,0.4259923403645739,0.4466333097881741
5,102,0.0005544011595365764,0.0007034415081660781,0.4253701130549113,0.4481013298034668
5,103,0.0005526223070459602,0.000700061593670398,0.4277354704009162,0.44786023961173166
5,104,0.0005499154784900631,0.0007035765900380082,0.4293900607544699,0.4498816649119059
5,105,0.0005476449352522369,0.0006983984119465781,0.4358913592350336,0.45257514317830405
5,106,0.0005426420393273418,0.0007028094893838797,0.43958074237093514,0.4537527600924174
5,107,0.0005425591819436737,0.0006999035288269321,0.44255944784776663,0.4583998560905457
5,108,0.0005366668763375024,0.0006940336872099175,0.45097907413671046,0.4618953651852078
5,109,0.0005327728701278245,0.0007020399659975535,0.45300426880518596,0.45362440480126276
5,110,0.0005373555523009948,0.0006934132737418016,0.44678960435184434,0.46097216738594904
5,111,0.0005338884467534997,0.0006939855856924421,0.4515258680155248,0.4635131186909146
5,112,0.0005279850653073762,0.0006923063839268354,0.4581327322088642,0.46218674182891845
5,113,0.0005300542111882227,0.0006958921142439876,0.4565636590675071,0.4559166232744853
5,114,0.0005262488466227588,0.0006927429685472614,0.45866772495670083,0.4627315084139506
5,115,0.0005246133315032003,0.0006907262865246998,0.4630243686982143,0.4599563201268514
5,116,0.0005232301746196125,0.0006918803969812062,0.46166595617930095,0.46459228065278796
5,117,0.0005159554122027331,0.0006905700726848509,0.46933098898993597,0.46376746628019544
5,118,0.0005184550109940271,0.0006835579445275167,0.4672295223047704,0.47002711958355375
5,119,0.0005138144797478791,0.000690305251110759,0.4717804320064592,0.4662328256501092
5,120,0.0005099799391313422,0.0006957272921378414,0.4772558898101618,0.4634059031804403
5,121,0.0005089480680683742,0.0006853567927868829,0.48088178296148043,0.47183638546201917
5,122,0.0005077116336547023,0.0006820012026259468,0.48240881834501104,0.4761248853471544
5,123,0.0005055728962035551,0.0006816836410305566,0.4832527787597091,0.47152689297993977
5,124,0.0005103593949446983,0.0006861234730523493,0.47927523645353903,0.47331895960701836
5,125,0.0005040572083089501,0.0006935521934388413,0.48312959685737705,0.4702723675303989
5,126,0.0004997893109382992,0.0006898520385018653,0.48775674605075225,0.47240974240832856
5,127,0.0005045969937468108,0.0006842788593429658,0.48368544195905144,0.475775236553616
5,128,0.0004956756031462624,0.0006804133170387811,0.49436929167052845,0.4808964212735494
5,129,0.0005005995413133253,0.0006798164220526814,0.48853267284087193,0.48065642913182577
5,130,0.0004936454866518393,0.0006707614210123817,0.4953081769707762,0.48527405394448175
5,131,0.0004943009381855114,0.0006905339684130417,0.4938807103368971,0.4770499520831638
5,132,0.0004927100192605989,0.0006781553771967689,0.4952606083434305,0.4817649430698819
5,133,0.0004886973690942942,0.0006884135875023074,0.5014975515412695,0.47784413629108
5,134,0.0004883245429897934,0.0006813015374872419,0.5002142249802013,0.48546371592415705
5,135,0.00048551067334806755,0.0006825881027099159,0.5030686691955284,0.48301606708102757
5,136,0.0004822588812439116,0.0006843973649665713,0.5062954113807208,0.47975554598702325
5,137,0.00048039575433645994,0.0006793262837972078,0.51313115608545,0.48178454240163165
5,138,0.00048052922486224107,0.0006758628309600883,0.5091541132809203,0.4881303800476922
5,139,0.0004824093872117867,0.0006820402017587589,0.50498066448871,0.4824263572692871
5,140,0.0004788012266802935,0.0006701304499680797,0.5114064343181657,0.4911348011758592
5,141,0.0004705926816605813,0.0006817460551650987,0.5129724470185645,0.4857087360488044
5,142,0.0004758469781257718,0.0006739264444655014,0.5131339336618965,0.48806809849209254
5,143,0.00046703875687168796,0.0006656327478898068,0.5226593919742255,0.4988230506579081
5,144,0.0004705016793723414,0.0006712333273349537,0.5220567289693856,0.4925054603152805
5,145,0.00046713387688483905,0.0006675341360581418,0.5226161072283615,0.49833837350209553
5,146,0.00046458356197417517,0.0006659760631413924,0.5261321643252431,0.49947226179970633
5,147,0.00046521230697068444,0.0006833073540797665,0.5277302232789405,0.48210432529449465
5,148,0.0004675559956798859,0.0006750857470453613,0.5218768640800758,0.49033004972669814
5,149,0.0004574393912471463,0.0006793589111314052,0.5314869147759896,0.4866984062724643
5,150,0.00046467429866301423,0.0006754191889841523,0.5216739997451688,0.4909306539429559
5,151,0.00046426011831499634,0.0006774266858378218,0.5253582916142028,0.48998291624916923
5,152,0.0004573312296279143,0.0006657981598335835,0.5361615072061986,0.49581436845991345
5,153,0.0004533133556474184,0.0006689790105964574,0.5398311638537748,0.4982617656389872
5,154,0.0004610865879918874,0.0006667404668405652,0.5284338584652654,0.5001915666792128
5,155,0.0004565975886056729,0.000680704466584656,0.5335538842059948,0.48730972210566204
5,156,0.0004541497567616817,0.0006698002042766246,0.5370464701711396,0.4996127406756083
5,157,0.0004534410085690058,0.0006722860413396524,0.535051010125949,0.5004050347540113
5,158,0.0004522779874538106,0.0006787015564946665,0.5377612767396149,0.4875533236397637
5,159,0.00045039556391629173,0.000674832771377017,0.5395743789496246,0.4961639483769735
5,160,0.00044480858321796046,0.0006698607053193781,0.5469590557946099,0.4996119128333198
5,161,0.0004436083207694515,0.0006771913742543095,0.548151050084903,0.4929019927978516
5,162,0.0004396851937700477,0.0006659983553820186,0.5515004965994094,0.49945089949501886
5,163,0.00044164297984407086,0.0006692227635843058,0.5493074774742126,0.5007753822538588
5,164,0.00044471554639231826,0.0006652946661536893,0.5472062052032094,0.5017259332868788
5,165,0.0004412723488869996,0.0006646369803800351,0.5475863290421756,0.5055108202828301
5,166,0.000438074627675599,0.0006746540169438554,0.5517969796686997,0.49606649080912274
5,167,0.00043816898559955993,0.0006781998931223319,0.5531196326385309,0.493096829785241
5,168,0.0004339585381123111,0.000671066680095262,0.5571319974498984,0.4991525212923686
5,169,0.0004353519991891068,0.000668727139580167,0.5583234982726014,0.4994699743058946
5,170,0.00043819910849525055,0.0006646788911893964,0.5556632080195862,0.5032088571124607
5,171,0.00043740795039928256,0.0006709987194173866,0.5554879796357802,0.500578248500824
5,172,0.0004346657107457703,0.0006741274303446213,0.5556706678720168,0.49777324199676515
5,173,0.00042286789099352413,0.0006765732645160622,0.5673546638017819,0.5021272208955553
5,174,0.0004329167976170594,0.0006666067146903111,0.5558265037006802,0.5031240940093994
5,175,0.0004275967632880273,0.0006709294109087851,0.5603469576364682,0.4988740536901686
5,176,0.0004262317983105917,0.0006728229837285148,0.5660661289721359,0.5028469602266947
5,177,0.00042843361102033083,0.000669503720322003,0.5627009455068612,0.5083612269825406
5,178,0.0004284121585509705,0.000670202534335355,0.5623202765429461,0.5063101318147447
5,179,0.0004310006882282503,0.000668768090609875,0.5581346569237886,0.5031766692797343
5,180,0.0004221518450692572,0.0006650954252108932,0.5689904009854352,0.5040715482499865
5,181,0.00042209670976678165,0.0006723027935044633,0.5675043768352932,0.4979323347409566
5,182,0.00041529453240254504,0.0006705938890162441,0.5754547428201746,0.5051212562455072
5,183,0.0004193393797412469,0.0006767490723480781,0.5731430821948581,0.5013739718331232
5,184,0.0004159153635285933,0.0006675637909211218,0.5763016041414237,0.5056845598750644
5,185,0.0004187277613069724,0.0006729532059075103,0.571095809082926,0.5036819484498766
5,186,0.0004144179837398783,0.0006697150594037441,0.5767180997648357,0.5036687678760953
5,187,0.0004129615712215273,0.0006773368119158678,0.5788527890487953,0.49788759019639756
5,188,0.0004111264447141209,0.0006680116135006149,0.5831095432057792,0.5083859059545729
5,189,0.000412260417116484,0.0006802865265247722,0.5795869865535218,0.49676842292149864
5,190,0.00041147741779432067,0.0006693944050413039,0.5774105835843969,0.507034789191352
6,1,0.07134598470120518,0.008921087802284294,-110.49832999264753,-10.936508258183798
6,2,0.01551122098563262,0.002455199468466971,-22.961733922840637,-1.9477329889933268
6,3,0.011129175480685117,0.001366438747694095,-16.14928692770593,-0.44784773058361477
6,4,0.009325961350106899,0.0010218018614169624,-13.250395373944883,0.01541620625389947
6,5,0.007835112617891512,0.0009848023247387675,-10.954358508263105,0.06024794843461778
6,6,0.006642621265793288,0.0009653343948432141,-9.022769101755118,0.08652424679862128
6,7,0.0056075138200856285,0.0009595217597153452,-7.418544707769229,0.09448673460218641
6,8,0.0048233967998789415,0.0009605645693631636,-6.193559823212801,0.09062459336386787
6,9,0.004169162150679363,0.0009615230063597361,-5.1647986208951036,0.08612169689602323
6,10,0.0036305889539006682,0.0009504597996258074,-4.317920142927288,0.09637035926183064
6,11,0.003166793106859665,0.0009510956859836976,-3.589227376749486,0.1000277148352729
6,12,0.0027986265874157348,0.0009284948813728988,-3.017709027690652,0.12425484789742364
6,13,0.0024957877727524364,0.0009264817823552423,-2.5317381770522505,0.12829601632224188
6,14,0.0022541493137171608,0.0008986756710025172,-2.1634970685582102,0.1631380359331767
6,15,0.0020505049918421807,0.0008918705590379735,-1.8388579141946486,0.17395991219414605
6,16,0.0018989083342783061,0.0008875597811614474,-1.6078739351696438,0.1762374785211351
6,17,0.001779943732774736,0.0008912726279555096,-1.4184585397626146,0.16730462312698363
6,18,0.0016804899060293848,0.0008911955312618779,-1.2598953406016031,0.16699798504511515
6,19,0.0015900695509633717,0.0008810798482348521,-1.1226742177833746,0.18468310832977294
6,20,0.00152326380075128,0.0008752959573434458,-1.0189291918719257,0.1880086170302497
6,21,0.0014600225456955808,0.0008720442303456366,-0.9155454878453855,0.19411729441748726
6,22,0.001408391020456214,0.0008684402448125184,-0.8339453027572161,0.19612689945432876
6,23,0.001359944158797095,0.0008768364942322175,-0.7622701322590864,0.18623924785190157
6,24,0.0013156613122303914,0.0008699090543410016,-0.6897075873834115,0.20148637957043117
6,25,0.0012727712830068706,0.000852385581108845,-0.6253076444437474,0.21597189240985445
6,26,0.0012328733158309335,0.0008604656180573834,-0.5623110058866901,0.2077942066722446
6,27,0.0012081834079444777,0.0008542049016493062,-0.5261520944995645,0.21855360799365572
6,28,0.0011852264536521685,0.0008476262006701695,-0.48885753095885853,0.22611431810590957
6,29,0.0011567200945092387,0.000849539773642189,-0.44327510595321656,0.2218893395529853
6,30,0.0011265429113359179,0.0008421919502628346,-0.39969447321361967,0.23347058031294082
6,31,0.001103707721721335,0.0008375639419278337,-0.3616785905979298,0.23970871766408283
6,32,0.0010865814995342567,0.0008390271285962727,-0.3370716356936796,0.23304665353563098
6,33,0.0010662010045906093,0.0008475793409161269,-0.3045451243718465,0.22467020087771947
6,34,0.001053008535462949,0.0008333816348264615,-0.2816120717260573,0.24074377881156073
6,35,0.0010311022671054542,0.0008320400737122529,-0.24878917667600844,0.24684907992680868
6,36,0.0010118106759532733,0.0008222199213277135,-0.21815838210376692,0.2554944700664944
6,37,0.0010006206174794998,0.0008314631762914359,-0.20246900526093847,0.24630609220928615
6,38,0.0009904019547522895,0.0008206565385787851,-0.1841190419079345,0.2588933878474765
6,39,0.000971882746922841,0.0008277237454118828,-0.1602597149801843,0.24900798930062187
6,40,0.0009657316598293866,0.0008185345847677026,-0.14479401994634558,0.2605559958351983
6,41,0.0009517450569726434,0.0008199825197354787,-0.1281721705271874,0.26058686574300133
6,42,0.0009376649382627672,0.0008153615972130662,-0.10586154048825487,0.2665258142683241
6,43,0.0009259031407167146,0.0008146335849434966,-0.0862537482638418,0.26499517891142105
6,44,0.0009182476981853446,0.000806208340347641,-0.07273036241531372,0.27764131095674305
6,45,0.0009056680611576195,0.00081186800962314,-0.055103174109517795,0.2715317514207628
6,46,0.0008979038734931821,0.0008031091355304751,-0.04447916054431303,0.27931010325749717
6,47,0.000888628082315403,0.0008059918013815251,-0.029354591575669654,0.27612091965145535
6,48,0.0008796434771890442,0.0008042223596324523,-0.015985960283397157,0.281195514731937
6,49,0.0008702004377235785,0.0008024466236949795,-0.0027479554400031947,0.2837871551513672
6,50,0.0008634868716062219,0.0007981582363653514,0.007149291921544958,0.28537200027041965
6,51,0.0008581077152529709,0.0008051120818385648,0.01600302443092252,0.277950472301907
6,52,0.0008462203337443004,0.0007988159104974733,0.03340599536895752,0.2850250760714213
6,53,0.0008420674871929266,0.0007967796034386588,0.03767832134976799,0.28982497453689576
6,54,0.0008348907717722066,0.0007871260737172431,0.052144912437156396,0.29977356725268894
6,55,0.0008240137775256126,0.0007945825294074085,0.06595244863886893,0.28841404252582126
6,56,0.0008261477192403909,0.0007904515097228189,0.06307504912953318,0.2955885688463847
6,57,0.0008166432850649235,0.0007876573764305148,0.0780001946437506,0.3000549700525072
6,58,0.0008077754616093489,0.0007830810875424909,0.0882751926963712,0.3020732813411289
6,59,0.0008028167449397806,0.0007834863745503956,0.09745663154272385,0.3049439787864685
6,60,0.0007982281321245763,0.0007735210315634807,0.10390887466477759,0.3131580882602268
6,61,0.0007862525675905708,0.0007743347371514473,0.12029796735740002,0.3127986616558499
6,62,0.0007864176360372868,0.000777511425419814,0.12051732687302577,0.3075863242149353
6,63,0.0007791846079383919,0.0007728574318914777,0.12967166459118878,0.31380812724431356
6,64,0.0007758966491868099,0.0007723988835803337,0.13598763309879067,0.31310157908333675
6,65,0.0007691499090144112,0.0007685080118891266,0.14564392861024833,0.3192090935177273
6,66,0.0007579306725493092,0.000764747463270194,0.15957542878610118,0.3226954499880473
6,67,0.0007539686463761753,0.0007630460442871683,0.16337895069593264,0.32745296822653874
6,68,0.0007541186700828006,0.0007678445376869705,0.16570496676880636,0.3225773149066501
6,69,0.0007496750367414436,0.0007696592611157232,0.17050929643489696,0.3145709315935771
6,70,0.0007448688336291615,0.0007595019324475692,0.17685810165640747,0.3299411296844482
6,71,0.0007416755051559044,0.0007556280341102845,0.18085438616481828,0.3342416591114468
6,72,0.0007374181235381575,0.0007554385009118252,0.18571698592032915,0.3312980108790927
6,73,0.000731811644854369,0.0007514139857246644,0.19396263449280352,0.3381137530008952
6,74,0.0007246913033376598,0.0007572698988951743,0.20532752098860563,0.33462093141343857
6,75,0.000723837883596849,0.0007415791430200139,0.20910588988551387,0.34805563026004366
6,76,0.000717843656807586,0.0007425924982979066,0.21178766194685006,0.34903834131028916
6,77,0.0007118254937346519,0.0007485873027083775,0.22492525062443297,0.3419493105676439
6,78,0.000706172655020369,0.0007414851661047174,0.2304683165785707,0.3504149052831862
6,79,0.000702235540073296,0.0007464833454125457,0.23715033442885788,0.34510467449824017
6,80,0.0007030616196757757,0.0007423617773585849,0.2392032406948231,0.348347552617391
6,81,0.0006996683555045797,0.0007407937237682442,0.240338193487238,0.34936628606584336
6,82,0.000695022839454957,0.0007330774290797611,0.24754228474181375,0.35800570249557495
6,83,0.0006904385039686329,0.0007338336668908596,0.2531759003062307,0.3598669581943088
6,84,0.0006872148054686409,0.000733275514923864,0.25632246526671043,0.3596867349412706
6,85,0.0006836058567623022,0.0007346933319543799,0.2592184193340349,0.3567208343082004
6,86,0.0006784812031302279,0.0007357172926680909,0.26478680313369374,0.3583763639132182
6,87,0.0006771165610975183,0.0007336921575996611,0.2709855209162206,0.3574620803197225
6,88,0.0006716149141954511,0.0007369597972784605,0.2763883172729869,0.35673152208328246
6,89,0.0006654051897104508,0.0007287697530248099,0.28571987843807833,0.3667464110586378
6,90,0.0006674707872954047,0.0007305804032108022,0.2807446516590354,0.3644104215833876
6,91,0.0006652105519157133,0.0007306943375927706,0.28554082726254876,0.36544069714016386
6,92,0.0006578422170189888,0.0007311129748510818,0.29318119213904864,0.3606288234392802
6,93,0.0006585699942302142,0.0007340176315564248,0.29373782328617426,0.3599009950955709
6,94,0.000659129921818313,0.0007393907419302397,0.2951444340340885,0.35125610960854425
6,95,0.000654702390153191,0.0007291968549705213,0.2986681584958677,0.36713554594251846
6,96,0.0006463482947215254,0.0007221151647778849,0.30707554199077464,0.37441302008099026
6,97,0.000645181596175664,0.0007176313187099166,0.3107062517860789,0.3790079130066766
6,98,0.0006398868650761376,0.0007158812277743386,0.3173337818663797,0.3818128983179728
6,99,0.0006399541699477,0.0007233998376048273,0.3171412495919216,0.37369434436162313
6,100,0.0006346570138164141,0.000719023541185177,0.32201418817779165,0.37885544300079343
6,101,0.0006313882325488476,0.0007165801323329409,0.3279234132648986,0.38214033974541556
6,102,0.0006297465247090584,0.0007196045325448115,0.3281921860612469,0.3784683492448595
6,103,0.0006241886386429362,0.0007199922874052492,0.3334520682876493,0.3799084133572049
6,104,0.0006198719769060888,0.0007279380457475782,0.3413128579104388,0.373336308532291
6,105,0.0006266841843126365,0.0007199979503639042,0.33084657045058263,0.3827813333935208
6,106,0.0006244391017524456,0.0007209743605926632,0.3354378632557245,0.38011378049850464
6,107,0.0006175100576293506,0.000718321366649535,0.34383434542903196,0.3836627629068163
6,108,0.0006131586273787199,0.0007225974268900852,0.349915537422086,0.37574680513805814
6,109,0.0006126857152852563,0.0007173681114282873,0.3488625857565138,0.3849611772431268
6,110,0.0006089569740629767,0.0007169282180257142,0.35236196885874244,0.38662666347291735
6,111,0.0006063183144390307,0.0007185777377647658,0.35474152094052164,0.3846749716334873
6,112,0.000603836599484454,0.0007226776810259455,0.3553810818695728,0.38204910225338407
6,113,0.0006042527077995517,0.0007139324973751273,0.35832836421919456,0.3882912145720588
6,114,0.0006007040077590464,0.0007173111714008782,0.3661751683847404,0.38577455944485134
6,115,0.0005976841312166257,0.0007109852753476137,0.36762545373704697,0.39376291301515365
6,116,0.0005935964921926274,0.000717251007962558,0.3713334791454268,0.3873391522301568
6,117,0.0005922770294372314,0.0007140095138715373,0.37027251602690897,0.39003504514694215
6,118,0.0005953393431012462,0.0007066775255629586,0.3673789159751233,0.3978632171948751
6,119,0.0005918770873298248,0.0007122008039409088,0.3695865008566115,0.3923819674385918
6,120,0.0005874603776905088,0.000717426059094982,0.37721289587609563,0.3874659326341417
6,121,0.0005832306182667337,0.0007175256032496691,0.3844283243756235,0.39097560776604545
6,122,0.0005821571998689093,0.0007176004751171503,0.38674834863639174,0.39034307267930773
6,123,0.0005814635799910275,0.000718654851273944,0.3837518387370639,0.38716808557510374
6,124,0.0005770127623870877,0.000721458225355794,0.39386143287022907,0.3860781020588345
6,125,0.0005774831566039795,0.0007133015379723576,0.3925706488114816,0.39418099721272787
6,126,0.000572252037567029,0.0007101216922617621,0.39343538769969233,0.3970177584224277
6,127,0.0005664454706956023,0.0007151191252180272,0.40235862172680137,0.3934284779760573
6,128,0.0005709627572803494,0.0007084772197736635,0.39865951037701264,0.4016428073247274
6,129,0.0005649317580528189,0.0007082486990839243,0.4023455884721544,0.3999774720933702
6,130,0.0005641761250265035,0.0007094516716380086,0.4049756169319153,0.40062484873665705
6,131,0.0005562213564257103,0.0007084318837668333,0.41590932151417676,0.40229307413101195
6,132,0.000558799415766434,0.0007046951252656678,0.41121762534718453,0.4059964431656731
6,133,0.0005565744384916292,0.0007023805545436011,0.4142758916925501,0.4074318117565579
6,134,0.0005539468817274879,0.0007076613643827537,0.4205604626808637,0.40280897352430556
6,135,0.0005493008948425636,0.0006999527440509862,0.422066499274454,0.4092870102988349
6,136,0.0005517720060859933,0.0007046089908625516,0.4197423662668393,0.4081936942206489
6,137,0.0005468508011638474,0.0006989821726973686,0.4301977413671988,0.41560984452565514
6,138,0.0005477526681468949,0.0007025510784135097,0.424545987005587,0.41277418931325277
6,139,0.0005456749414507714,0.0006983901154146426,0.42684722108605466,0.4156734175152249
6,140,0.0005415991225343105,0.0006994664293920828,0.4290702884579882,0.4153254522217645
6,141,0.0005358105189063483,0.0006959355151694682,0.4382600350144469,0.4176515221595764
6,142,0.0005384213700718074,0.0006951095057754881,0.4347735700783906,0.41911977529525757
6,143,0.0005381455575978315,0.0007020276453759936,0.43253463668587766,0.40891909731758963
6,144,0.0005322101166655804,0.000701200981469204,0.4411188464105865,0.4165394769774543
6,145,0.0005278799746093559,0.0007011924792701999,0.44841381900104477,0.41544231176376345
6,146,0.0005284260586191566,0.0007022039395653539,0.44833995044967273,0.41272951232062444
6,147,0.0005283366908882687,0.0007092165152749254,0.4456074970739859,0.40805549224217735
6,148,0.0005325751540101605,0.0006996576777762837,0.44313527684152865,0.41563890907499523
6,149,0.0005280555359570792,0.0007093591809583207,0.44797646955207543,0.40968613889482286
6,150,0.0005261846990497024,0.0006998630951986545,0.44459477486433807,0.420646067460378
6,151,0.0005176329334197497,0.0007024710441732573,0.4571551496599927,0.41846197843551636
6,152,0.0005155714238809859,0.0006975844942240251,0.46021022428700953,0.42047090265485976
6,153,0.0005117439194927337,0.0006967824857888951,0.4648522246031114,0.41775984234280056
6,154,0.000513279717846739,0.0006912665790878237,0.46284996300567816,0.42696041531032985
6,155,0.0005130435657733477,0.0006998449576915138,0.4635221816875316,0.42130479017893474
6,156,0.0005082864591702358,0.0007000291551877227,0.46832458001595956,0.41885705788930255
6,157,0.0005054133119245554,0.0006923184070425729,0.47260054585374434,0.42897679408391315
6,158,0.0005079325867736321,0.0006989640338967243,0.4675770382822296,0.42477610773510405
6,159,0.0005032319322596362,0.0007129615004588332,0.47131631904178195,0.4087156931559245
6,160,0.0005033601670422487,0.0006989275726179282,0.47595876072659904,0.42449210749732125
6,161,0.0005023512834062179,0.0006990154028042323,0.47216844382109463,0.42834681934780544
6,162,0.0004967001617460707,0.0006908716853811509,0.4830960835939572,0.43155244588851926
6,163,0.0005001320397297357,0.0006901861828130981,0.4783672335707111,0.4300046271748013
6,164,0.0004952435718740072,0.0006992816989724007,0.4795997953709261,0.4233574946721395
6,165,0.0004915929413803014,0.0006846943262240126,0.48549939335128406,0.43852479457855226
6,166,0.0004906956565618101,0.0006902120308950544,0.48569914956151705,0.4304332309299045
6,167,0.0004861436626172544,0.0006943422098023196,0.4910559043472196,0.4270783358150058
6,168,0.0004834342130638061,0.0006855568369953997,0.5009812697952176,0.434411527050866
6,169,0.00048723627890770633,0.0006835944394374059,0.4937771170227616,0.4374187575446235
6,170,0.0004826517409162113,0.0006842656914765636,0.4958428842050058,0.4403945247332255
6,171,0.0004830060416062213,0.0006841758266091346,0.49420485452369406,0.4400034096505907
6,172,0.0004815116113649658,0.000685503213511159,0.4957200276998826,0.4394679215219286
6,173,0.0004738794128054086,0.0006835218777673112,0.5059577064749635,0.43811608155568443
6,174,0.0004737417108701243,0.0006882580023051964,0.504771469257496,0.43955315351486207
6,175,0.00047535225978971997,0.000683143389566491,0.5064359525103628,0.44113694032033285
6,176,0.0004740714545384693,0.0006923015462234616,0.5009447186081498,0.4380302707354228
6,177,0.00046862459117776636,0.0006883481827874978,0.5072071692089976,0.4370152751604716
6,178,0.0004702080230165365,0.0006831881965303587,0.5134281223202929,0.4425680213504367
6,179,0.00046668272238385716,0.0006906462885025474,0.5142412140045637,0.43803171316782635
6,180,0.00046447969658334776,0.0006909734246114061,0.5158388764769942,0.43681317965189614
6,181,0.00046546288318989544,0.0006810114395597742,0.5157929283601267,0.4398920204904344
6,182,0.0004639104425470218,0.0006886156314673523,0.5142976729958145,0.43879924085405136
6,183,0.00046133222741097856,0.0006750448710388607,0.5185497275105229,0.44785369237264
6,184,0.0004587704752698357,0.0006862915108083851,0.5216485370824366,0.44029313855701024
6,185,0.00045697553949947985,0.0006769879915130635,0.5206466267138352,0.4471280402607388
6,186,0.00045774196688499715,0.0006798947837928103,0.5196529164726351,0.4485161648856269
6,187,0.00046153282286760247,0.000688141646484534,0.5168854613363006,0.43641385237375896
6,188,0.0004550450612980596,0.0006780992714791662,0.524272796548443,0.4480446696281433
6,189,0.00044991612020466064,0.0006882440402275986,0.5316113363077611,0.4391838113466899
6,190,0.00045688794394035216,0.0006892999246095618,0.5228863092116368,0.43852059311336944
6,191,0.000451712947005383,0.0006868353204077317,0.5282591185452026,0.4399525072839525
6,192,0.00044705747356523336,0.0006880233426474863,0.5333882745401359,0.4419401380750868
6,193,0.0004466665083726431,0.0006847025425587264,0.5322469034312683,0.44234477281570433
6,194,0.00044789229143111977,0.0006689464362959068,0.5312137580212252,0.4562501735157437
6,195,0.0004449309515306887,0.0006766900821175012,0.5358421802520752,0.4497379157278273
6,196,0.000440552277435882,0.00066965147982248,0.5395693350721289,0.4534669147597419
6,197,0.00044092776765471993,0.0006806324055004451,0.5380564513029875,0.44494493934843277
6,198,0.00043898635733596706,0.000674292107578367,0.5435710983511842,0.449349127875434
6,199,0.0004388523094045619,0.0006832014924536149,0.5415303264135196,0.44637568791707355
6,200,0.0004385356025275901,0.00067105041946181,0.5414438848142271,0.45236070156097413
6,201,0.00043392985811985935,0.0006812248805848261,0.540522375518893,0.44765663941701256
6,202,0.00042877170899710445,0.0006677164644416835,0.5546369451063651,0.458430638578203
6,203,0.0004332060339992843,0.0006899611455284887,0.5492641652071918,0.4378656175401476
6,204,0.00043034904864961625,0.0006762669357057247,0.5529883141870852,0.4483433379067315
6,205,0.0004316292520623976,0.0006730623970118662,0.5475816988650664,0.45530619886186385
6,206,0.0004254089492332926,0.0006757295755152073,0.5585866688210287,0.4503316799799601
6,207,0.00042245847734990587,0.0006776602408434781,0.5635802965105315,0.4518695486916436
6,208,0.0004291980301696853,0.0006808431663860877,0.5514380017916362,0.4456446872817145
6,209,0.0004275778143948381,0.0006725548352632258,0.5525024088812464,0.45348301596111723
6,210,0.0004244749547833186,0.0006820365670137107,0.5566797250582848,0.44541634056303236
6,211,0.0004211354091688761,0.0006683387599575023,0.5596174890612379,0.46019477976693046
6,212,0.00041904227547979924,0.0006809952966351476,0.5600570484443947,0.44712674617767334
6,213,0.00041967485089970316,0.0006680691588876976,0.564833735389474,0.4573898408148024
6,214,0.0004170900150374682,0.0006733504641387197,0.566703446853308,0.4540211412641737
6,215,0.000422607943340906,0.0006805019065116842,0.5590590837561054,0.4457779910829332
6,216,0.0004189401253465747,0.0006635903471356464,0.5618426271426825,0.46351130803426105
6,217,0.00041692237294980403,0.0007007694544477595,0.5627912786271837,0.42564937671025593
6,218,0.0004074753122691663,0.0006694881568869783,0.5733774971078943,0.4598074992497762
6,219,0.00040766960850709843,0.0006724981578170425,0.5749012390772502,0.4536909023920695
6,220,0.00040944769172239357,0.0006751101464033127,0.5709670190457945,0.4505847692489624
6,221,0.0004071579700663548,0.0006661524711590674,0.5744171871079339,0.4619597527715895
6,222,0.0004080939745490244,0.0006622431489328543,0.5783207244343228,0.4642974972724915
6,223,0.0004091155159080194,0.0006657297981695996,0.5676879194047716,0.46036604907777573
6,224,0.00040637011485990644,0.0006765483904422985,0.5752536165861436,0.45174582799275714
6,225,0.0004037631861721798,0.0006670745645856692,0.5774201697773403,0.4596968796518114
6,226,0.0003970091060856012,0.0006598050369777613,0.5838471452395121,0.46415453486972386
6,227,0.00040115326022108395,0.0006838456973330014,0.5819774436361995,0.44328663878970676
6,228,0.0004022236595097009,0.0006736295621117784,0.5737067795094148,0.4522721529006958
6,229,0.00039363824331236106,0.0006623347367470463,0.5839335675592776,0.4625443445311652
6,230,0.0003912726648577293,0.000669490564097133,0.5913447728863469,0.45821480088763766
6,231,0.0003929253319784263,0.0006696917931549251,0.5894623899165495,0.4572539170583089
6,232,0.0003964773458313703,0.0006665418661820392,0.5858520997895135,0.46362512906392417
6,233,0.0003956036410800377,0.0006761817791913118,0.5875320232944724,0.4530884636773003
6,234,0.00038918212485890605,0.0006725414487947193,0.5925664951771865,0.46116991175545585
6,235,0.0003912564540960263,0.0006779096076368458,0.5891112175988562,0.45095437897576224
6,236,0.00039355845505337195,0.0006661203832158611,0.5857645252604543,0.458427369594574
6,237,0.0003856688483480226,0.0006684430654988521,0.5957197886926157,0.4563108404477437
6,238,0.0003870547257570757,0.0006727172217021386,0.5921775093785039,0.4559497899479336
6,239,0.00038950408530065124,0.0006726875513171156,0.5878403822580973,0.45121825403637356
6,240,0.0003833479679155129,0.0006654010555292997,0.5967978879257485,0.4667064878675673
6,241,0.00038357200144134736,0.00067677301251226,0.6005621982209477,0.45357403887642755
6,242,0.00038229104283806165,0.0006763367538547351,0.5978557870711809,0.45649290482203164
6,243,0.0003789086364077427,0.0006640622534582185,0.6048989418112202,0.46180884970559016
6,244,0.0003776911213522616,0.0006655602909935017,0.60439542370078,0.4606078068415324
6,245,0.0003884598500681696,0.000684562978696906,0.5932626512315539,0.44209205044640437
6,246,0.0003856508083566793,0.0006689441429140667,0.5921066762488565,0.4607372721036275
6,247,0.00037813960031295814,0.0006690104608424007,0.6038135987740976,0.45972556935416325
6,248,0.0003710678310053032,0.0006810148427676823,0.6119210368321266,0.44881014823913573
6,249,0.00037581310097277627,0.0006708389652582506,0.6081130619402285,0.460353778468238
6,250,0.00036838619450946556,0.0006662441016588774,0.6127635657051463,0.46392114294899833
6,251,0.0003713141189008537,0.0006729135716644426,0.6095482895403732,0.4602828820546468
7,1,0.06883590903915004,0.004674164226485623,-105.46384926901924,-6.017566590838962
7,2,0.015157464102922399,0.0028902497918655476,-22.134155608989573,-3.188548829820421
7,3,0.011540309877859221,0.0011271420736900634,-16.514065422246485,-0.4507740232679579
7,4,0.009391767538532063,0.000911461405404326,-13.169338557749619,-0.11931503348880344
7,5,0.007921072180716344,0.0008220514644765192,-10.932015548517674,0.026336083147260877
7,6,0.006696776695043584,0.0008145170596738656,-8.98526414235433,0.03451584842469957
7,7,0.005692142056140267,0.0008066482298697034,-7.446386628680759,0.04759666124979655
7,8,0.004894454332275523,0.0008000153453192777,-6.190781598326601,0.055249892340766056
7,9,0.00422440683124242,0.0007799402396712038,-5.1574781988873895,0.0858999146355523
7,10,0.0036580836130191145,0.0007901772442791197,-4.290237889466463,0.0696542395485772
7,11,0.003194318992879104,0.000775548622995201,-3.545284765738028,0.09313048521677653
7,12,0.0028048553573036634,0.0007664067075691289,-2.9411063544544174,0.10637334320280287
7,13,0.002485448868232377,0.0008032558822176522,-2.460481686356627,0.044743888907962374
7,14,0.0022565645993583732,0.0007708164190666543,-2.106064737873313,0.09530918333265516
7,15,0.002047831467985187,0.0007657852450696131,-1.7805036780274945,0.10273247030046251
7,16,0.0018915332658331334,0.0007498578944553931,-1.534907727918507,0.12505513694551257
7,17,0.0017614946522416523,0.0007511552332693504,-1.3392508915912957,0.12177497148513794
7,18,0.0016687528879876122,0.0007492755578520397,-1.1917563597361247,0.124979923831092
7,19,0.0015839640117238886,0.0007337565275116099,-1.0612274320037276,0.15132195817099678
7,20,0.001513534882335843,0.0007358193022405935,-0.9567878486197672,0.1441891180144416
7,21,0.001455922916037157,0.0007197818356669612,-0.8668554333992946,0.17052984635035198
7,22,0.001390436088470857,0.0007226813869136903,-0.7680074154594798,0.16287024550967746
7,23,0.0013379308627918362,0.0007117343510294126,-0.6876559754948557,0.18114889992607963
7,24,0.0012991341469050558,0.0007058270741254092,-0.6235717064068641,0.18937376737594605
7,25,0.0012638212417332847,0.0007050087352076338,-0.569345599780848,0.19009521139992608
7,26,0.001229941320065179,0.0007070902592709495,-0.5189106427592995,0.18527735869089762
7,27,0.0011980768675444486,0.0006978912912826571,-0.4687025549971027,0.19965269168217978
7,28,0.0011709793099995564,0.0006960191996768117,-0.43142329940089474,0.20227832926644218
7,29,0.0011367577915712271,0.0006958587780698306,-0.379080742376822,0.20203807486428155
7,30,0.0011094752349890768,0.0006868968549598423,-0.33653663337966544,0.2161071949534946
7,31,0.0010889033306918947,0.0006904736562218103,-0.30339876428062534,0.21140246788660685
7,32,0.001064759589743191,0.0006969625000945395,-0.26704572395042137,0.2019565953148736
7,33,0.0010473989668865632,0.0006867767195217311,-0.24131996984835025,0.21655192772547405
7,34,0.001029157501294703,0.0006885845317608781,-0.21211260380568328,0.2129905038409763
7,35,0.0010174991755550842,0.0006964607021978332,-0.1924651097368311,0.2011747611893548
7,36,0.0009991477099879657,0.0006757866836980813,-0.16818658790470642,0.23262263933817545
7,37,0.0009849667623869063,0.0006793813844625321,-0.14449035503246166,0.22564697265625
7,38,0.0009708229501237288,0.0006699243819134103,-0.12411200985496426,0.24121136400434706
7,39,0.0009540705224441617,0.0006798201977896194,-0.09868131846557429,0.22373486227459377
7,40,0.0009402794596727616,0.0006784371721247832,-0.08034783160244977,0.2268767277399699
7,41,0.0009312380355334392,0.0006695266075742741,-0.06509181717295706,0.23923470311694675
7,42,0.0009246306124511232,0.0006603532005101442,-0.05143008364571466,0.2525611334376865
7,43,0.0009112771839064396,0.0006612515141670074,-0.03379994881005935,0.2520350972811381
7,44,0.0008959753434518697,0.000655631885294699,-0.011742121790662224,0.25985211663775976
7,45,0.0008890719513730778,0.0006552821219277878,-0.000375070689636984,0.25931384828355575
7,46,0.00087625886267626,0.0006513087350564699,0.017954804720701996,0.26415235731336806
7,47,0.0008712182085915112,0.0006456655346684986,0.02901409378758183,0.27269391616185507
7,48,0.0008598916798853028,0.0006473581060870654,0.04205316525918466,0.27037803332010907
7,49,0.0008531673232173938,0.0006472019569223954,0.0520142717125975,0.2701100746790568
7,50,0.0008454282898858282,0.00064329489832744,0.06275322922953853,0.2753298150168525
7,51,0.0008371985961545121,0.0006335252986496521,0.07606669399473402,0.28856742646959094
7,52,0.0008283777459938493,0.0006366908213951522,0.09105444219377305,0.28311381340026853
7,53,0.0008253923332732585,0.0006338049786993199,0.09652155078487631,0.2863612095514933
7,54,0.0008161751894038861,0.0006286681164056063,0.10743203266167346,0.29388231966230605
7,55,0.0008088272120976062,0.0006302117745185064,0.11778800752427843,0.29172392818662857
7,56,0.0008031572370479505,0.0006226066551688644,0.1256127303029284,0.30284423828125
7,57,0.0008007822039445149,0.000620869411310802,0.13179927814153977,0.3036609239048428
7,58,0.0007905316444251824,0.0006238453607592318,0.1446298321088155,0.29946901268429227
7,59,0.0007852211149041484,0.0006138571654446423,0.15091193855544668,0.31342036459181044
7,60,0.0007811651233135274,0.0006090925760670669,0.15716853509714573,0.3191640853881836
7,61,0.0007757343301538056,0.0006168500209848086,0.1662492412107962,0.30741171836853026
7,62,0.0007713727739260153,0.0006142198612603049,0.17274308263519664,0.31160432365205554
7,63,0.0007654643542834638,0.0006105583988957935,0.18058834178948108,0.3165992895762126
7,64,0.0007603566283015189,0.0006037372138558162,0.18880119176558507,0.32560189697477554
7,65,0.0007532847695983947,0.0006078422302380204,0.19702744601685324,0.32065708769692314
7,66,0.0007489268719736073,0.0006039564381353557,0.20443800305142815,0.3270383450720045
7,67,0.0007493112658805869,0.0005963924910045332,0.20232651969532908,0.33582712941699555
7,68,0.0007421791685722124,0.0005998194709213243,0.21339578451933683,0.33222873210906984
7,69,0.0007410867685843029,0.00058956243770404,0.21452235866475988,0.3452187524901496
7,70,0.000732269386306727,0.000591153466504895,0.22476819253262179,0.34286209344863894
7,71,0.000730593304902913,0.000588306003353662,0.22955175549895676,0.34717342721091377
7,72,0.0007236897442374884,0.000588684354443103,0.23649530248877443,0.3469636771414015
7,73,0.0007209270840430242,0.0005843390775327053,0.24053023391299777,0.35148545371161566
7,74,0.0007197885470821258,0.0005830385127208299,0.24222936689117808,0.35462288856506347
7,75,0.0007132118454283495,0.0005906282743025158,0.2505056459226726,0.3454205393791199
7,76,0.0007122562085795734,0.000579748483788636,0.24931235092657583,0.3581944399409824
7,77,0.0007060179860549576,0.0005809569834834999,0.259999011033847,0.35695032676060995
7,78,0.0007005480281939661,0.0005771336249179311,0.26623753485856233,0.36207277377446495
7,79,0.0006968968786460198,0.0005753859787041114,0.26845695575078327,0.36746412913004556
7,80,0.0006937280952654503,0.0005751168898617228,0.27338863478766545,0.36484712759653726
7,81,0.0006915687369240195,0.0005758794580793215,0.2783204760080502,0.36504145330852933
7,82,0.0006862366793355272,0.0005724217652136253,0.2869753145877226,0.3675956752565172
7,83,0.0006819562963497492,0.0005707750355617867,0.28972799513075087,0.3713372415966458
7,84,0.00067919498887258,0.0005731207344474064,0.2953365247926594,0.36873170402314925
7,85,0.0006774148633588612,0.0005669482466247347,0.29462705747580825,0.37674538294474286
7,86,0.0006740570388860817,0.0005688411093110012,0.3020951399096736,0.3747867928610908
7,87,0.0006744942453942825,0.0005627617705613374,0.3008590655562318,0.3837909698486328
7,88,0.0006687919235569827,0.0005603014452693363,0.3089807907740275,0.38722381326887345
7,89,0.0006612405431008449,0.0005620956873624689,0.31402758256888685,0.38735325601365833
7,90,0.0006602815589522598,0.0005599988624453544,0.3172589107795998,0.3911082757843865
7,91,0.0006648565892613045,0.0005621061026532617,0.31323853848892963,0.38587715095943875
7,92,0.0006599181370499234,0.0005605809054233962,0.32047168296060446,0.3878693620363871
7,93,0.0006519638351164758,0.0005591091079016527,0.3271605919908594,0.39080001380708485
7,94,0.0006529799073986295,0.000557058217883524,0.32633390838717236,0.39315099716186525
7,95,0.0006514754421566326,0.0005526175787154999,0.3282230924676966,0.3973769028981527
7,96,0.000649862464396628,0.0005538710716387464,0.33492111688778725,0.39799735016293
7,97,0.0006470598612429091,0.0005497241470341881,0.3331960291038325,0.40478920406765406
7,98,0.0006399757118125297,0.0005544800608832803,0.3415540686360112,0.39925123718049793
7,99,0.0006334598575730198,0.0005522477427600986,0.3501796183762727,0.4030020157496134
7,100,0.0006330673499492768,0.000552967973312156,0.3486587115276007,0.39966691467497084
7,101,0.0006340484801725841,0.0005538014164711866,0.350173631126498,0.40044642951753406
7,102,0.0006339961141175418,0.0005562994435119132,0.3494809883612174,0.40015688472323946
7,103,0.0006271036311604635,0.0005484435629720489,0.3573100248972575,0.4099017262458801
7,104,0.0006246559873056587,0.0005482190081642734,0.36160691961830044,0.41069616079330445
7,105,0.0006268705037296002,0.0005533850958777799,0.36017399275744405,0.40505755874845717
7,106,0.0006204577622774207,0.0005507629442339143,0.3653674849757442,0.4093421830071343
7,107,0.0006211091662228199,0.0005464666290208697,0.36635504092699217,0.4136380314826965
7,108,0.0006151760997319663,0.0005428862913201253,0.3702584856822167,0.4187077111668057
7,109,0.0006148846069046147,0.000542926206253469,0.3707114828957452,0.4209144155184428
7,110,0.0006104251608413495,0.0005405608176564177,0.3749773059362247,0.4189759135246277
7,111,0.0006059087187707148,0.0005373655740792553,0.38252326161773115,0.43046675125757855
7,112,0.0006067188577381549,0.0005418624922943611,0.3835596215577773,0.4210142029656304
7,113,0.0006055934759960683,0.0005379897128376695,0.37957837581634524,0.42750398450427585
7,114,0.0005988371923542869,0.000538532437187516,0.39278680557086143,0.4275884403122796
7,115,0.0005992984419320652,0.0005337845960942407,0.38715214493833944,0.4330497980117798
7,116,0.000599349269580188,0.0005379224105531143,0.3892806815512386,0.43205315934287175
7,117,0.0005934995903783007,0.0005396651595623957,0.394600228615749,0.4282082213295831
7,118,0.0005893120089442366,0.0005371746542449626,0.40253322772037836,0.43135073317421807
7,119,0.0005863601436700534,0.0005403866473999288,0.4048760654013834,0.4288800173335605
7,120,0.0005858287311527004,0.0005383273120969534,0.4052982231717051,0.4332682291666667
7,121,0.0005818008373341994,0.0005466788593265745,0.40943551843549,0.42399120065901014
7,122,0.000579772230502172,0.0005267550386229737,0.41182014014985824,0.4465390854411655
7,123,0.000581207230290467,0.000533355344992338,0.41044145101382407,0.43921711842219036
7,124,0.0005773110394251107,0.0005347002077744239,0.41349821179001417,0.44155461258358425
7,125,0.0005736911586014393,0.0005394707453281929,0.41600984511552036,0.4375909752315945
7,126,0.0005717221466410491,0.0005356825293145246,0.4209430918281461,0.4396444731288486
7,127,0.0005722141652914155,0.0005425705943101397,0.4205266912778219,0.4320769959025913
7,128,0.0005668171694398754,0.0005348937657092595,0.4268706761760476,0.4445788860321045
7,129,0.0005666277805389261,0.0005260699402747883,0.4245150879577354,0.45040534602271187
7,130,0.0005650994127880736,0.0005300687244420664,0.42806898164160456,0.44973928133646646
7,131,0.0005592200402055441,0.0005317208887491789,0.43315104098967566,0.45094108449088205
7,132,0.0005567403162404159,0.0005295887039715631,0.4408608932553986,0.4465697209040324
7,133,0.000560035544194649,0.0005293740645154483,0.435342886712816,0.45104980601204764
7,134,0.0005519070626627424,0.0005320246305523647,0.44169383696567865,0.4497059398227268
7,135,0.0005506780093397808,0.0005357787038923965,0.44285552972628744,0.4464949369430542
7,136,0.0005488980334413089,0.000531140654735888,0.4467819887914775,0.4504867884847853
7,137,0.0005449077272557734,0.0005245558180225393,0.448075611208692,0.46131917768054537
7,138,0.0005444580914717122,0.0005248717368683881,0.45287973836616235,0.4593556430604723
7,139,0.0005433342659581498,0.0005138022010214627,0.4528295194661176,0.4691411786609226
7,140,0.0005419790210133349,0.0005147822569900503,0.4535672555735082,0.4659791429837545
7,141,0.0005379158798691437,0.0005134460975467745,0.4577980293167962,0.4701563013924493
7,142,0.000544840285991445,0.000519468478159979,0.45020131711606626,0.46599726676940917
7,143,0.0005406118240954791,0.0005139103405074113,0.4529112840876167,0.4745994951989916
7,144,0.0005385516237260567,0.0005208621590605212,0.453958766107206,0.4617145604557461
7,145,0.0005372815631778428,0.0005220602454048478,0.45889081322116615,0.46490022076500787
7,146,0.0005336888406115274,0.0005216745206982726,0.4644347449879587,0.46684834029939437
7,147,0.0005319010095532846,0.0005226874788705673,0.46544850564297335,0.46359979841444227
7,148,0.0005282005828368352,0.0005169604620378879,0.46619397416526887,0.4712902585665385
7,149,0.0005256214427738738,0.0005051909900632584,0.4687039599006559,0.4808065626356337
7,150,0.0005221984965761226,0.0005007575621776697,0.47214003183223585,0.4869251290957133
7,151,0.0005196090097061968,0.0005111032715325968,0.47625817752178806,0.47816422780354817
7,152,0.0005246695119565652,0.0005187147348705265,0.47262137907522694,0.46813404824998645
7,153,0.000520266516185883,0.0005285066520122605,0.47305905686484445,0.4578547345267402
7,154,0.0005194534702128788,0.0005200258171599772,0.4772693258744699,0.4684508244196574
7,155,0.0005183855856389359,0.0005034933940300511,0.47697311757523336,0.4807392610443963
7,156,0.0005162739653404756,0.0004988524894643988,0.47770418326059977,0.4876703461011251
7,157,0.0005121029742395528,0.0005049712464420332,0.48418591228532204,0.48162331581115725
7,158,0.0005100998097605267,0.0005060745422573139,0.4841979185740153,0.4816857443915473
7,159,0.0005025198423004721,0.0005133579000054548,0.49136849538779553,0.47884538306130303
7,160,0.0005034682946710812,0.0005019644145957297,0.49545836566407003,0.48661147356033324
7,161,0.0005062744124895997,0.0005123560278055568,0.4907838513821731,0.4767975568771362
7,162,0.0005045496418865191,0.0005060938878967944,0.4909996225510114,0.4870326770676507
7,163,0.0005066837199940634,0.0005025249821806534,0.48609834968307875,0.48578423261642456
7,164,0.0005034799288734104,0.0005064038844365213,0.4959598466202065,0.48421356942918564
7,165,0.0005034570455016499,0.00050544246720771,0.48932532719623895,0.48423541254467434
7,166,0.0004924438461908542,0.0005024198080516523,0.502521871637415,0.48914350006315443
7,167,0.0004940131350052486,0.0005070785901302265,0.5043183793256312,0.48205006255043875
7,168,0.0004949820558483035,0.0005025834588903105,0.5026481454755053,0.48611477083630034
7,169,0.000490967907158106,0.0005114668624527338,0.507125527328915,0.48459962341520524
7,170,0.000488008030856971,0.000503306409680388,0.50755038143676,0.48664661513434515
7,171,0.0004913338963775954,0.0004963244389121731,0.5076815147458771,0.4951406796773275
7,172,0.0004878647520528807,0.0005164472942447497,0.5073954850067327,0.47519214153289796
7,173,0.0004894658799547656,0.0005069425963382754,0.5080882668495178,0.48534575038486055
7,174,0.0004854188708841433,0.0005023069311088572,0.5067529722496316,0.4911457644568549
7,175,0.00047916674664543,0.000497064817075928,0.5176608586016996,0.49881444109810724
7,176,0.0004803012053332763,0.0005149184674438503,0.5148594910715834,0.4720223413573371
7,177,0.0004856807322034405,0.0005149537762109604,0.5091095883169292,0.4776337279213799
7,178,0.00047874423060106274,0.0005098468171329134,0.5196973450389909,0.48338432444466484
7,179,0.00047985161712140215,0.00048780868334385253,0.5141278371398832,0.5001026696628994
7,180,0.00048014453905462115,0.0005240965479363997,0.515521165765362,0.4707883728875054
7,181,0.0004749717425129572,0.0005270836234558373,0.523129838337133,0.46524545351664226
7,182,0.0004740610815021267,0.000510385524507405,0.5229976090384119,0.4830411473910014
7,183,0.0004764053392091789,0.0004886223443059458,0.5194456902551062,0.5060785664452447
7,184,0.0004717471428002794,0.0004942207338495387,0.5240039104296838,0.49113390445709226
7,185,0.0004725439955457401,0.0004934360506013036,0.5222914036409354,0.500388949447208
7,186,0.0004657733693925871,0.0004929528578132805,0.5308956343450664,0.49878900316026475
7,187,0.0004623002345374797,0.0004945462588996937,0.5322048241709485,0.4990813891092936
7,188,0.00045997757891503476,0.0004957482496845639,0.5369300575903905,0.4942694107691447
7,189,0.00046605036455999924,0.0004893203492328111,0.5269465324319439,0.5062343014611138
7,190,0.0004603372526033149,0.0005026534225584732,0.537791853333697,0.4953388532002767
7,191,0.00045854768436976974,0.0004959998671741536,0.5390664901262449,0.49466739892959594
7,192,0.00045829150886102406,0.0004961367554238273,0.5358284913463357,0.49598728153440685
7,193,0.00045642523198492,0.0004978172325839599,0.5389639769071414,0.4975230654080709
7,194,0.00045311862709184673,0.00048282031720090244,0.5419012386121868,0.5136093086666531
7,195,0.00045385219998956644,0.0004939938339197801,0.5422036228356538,0.4959709723790487
7,196,0.0004537380823612581,0.0004945632303133607,0.5369202242957221,0.5066115829679702
7,197,0.000448279347009152,0.0004935691786360824,0.5457797821657158,0.5076950497097439
7,198,0.0004530736598772583,0.0004954922071192414,0.5428375962339802,0.49708931181165905
7,199,0.0004495987740494771,0.0004996125916174303,0.5466781414585349,0.4940857768058777
7,200,0.0004444069491360153,0.0005227526966741101,0.5534391838827251,0.470797782474094
7,201,0.00044755466551129003,0.0004888646990164286,0.5499880999694636,0.5125903460714553
7,202,0.00044052316368856456,0.00048649238370772867,0.5557711083212017,0.508947675757938
7,203,0.0004407202451271407,0.0004920301137543801,0.5569418225759342,0.5012597097290887
7,204,0.0004348870488257366,0.0004895782175784309,0.5608001775211758,0.5119813919067383
7,205,0.00043962880204443213,0.000496559520252049,0.5552250115959733,0.502359934647878
7,206,0.0004393441808111046,0.0005028755695093423,0.5537255587401213,0.4900998075803121
7,207,0.0004348048431522868,0.0004823333609642254,0.5600465073997591,0.5142044610447354
7,208,0.00043483517006223584,0.0004921632896487912,0.5551306936475966,0.5069075942039489
7,209,0.00043449074361921736,0.0004818503622017387,0.5607568776165998,0.5189435813162062
7,210,0.00043186144112827786,0.0004881964815366599,0.5634942694946572,0.510074065791236
7,211,0.0004389576786370189,0.00047958328246345953,0.5561053969241955,0.5168904900550843
7,212,0.0004339524558429135,0.0005013621949021602,0.5604581609184359,0.49242551724116007
7,213,0.00042890588333255347,0.0004891075640140722,0.5690394556080853,0.51045194334454
7,214,0.0004308681359462854,0.00048194700179414614,0.5692131644413795,0.5118950393464831
7,215,0.00041941557716244806,0.0004851537575531337,0.5748435263280516,0.5140785018603007
7,216,0.0004289134604609169,0.000476445406416638,0.5644161236138991,0.5224482072724237
7,217,0.0004228308939886636,0.0004844921595779144,0.5720116813977559,0.5176764779620701
7,218,0.00041933415729242067,0.0005047388420078076,0.5747891118497024,0.49793200625313655
7,219,0.00041790785171654947,0.00048780392066368627,0.5788508733113606,0.5158639656172859
7,220,0.0004175837528978095,0.0004658747173380107,0.5774509575631883,0.5343020108011034
7,221,0.0004159518095727918,0.0004810798977915612,0.5798622428635021,0.5202395253711276
7,222,0.00041307833492698403,0.0004946644657239732,0.5783350475040483,0.5095589293373955
7,223,0.0004125267136439589,0.00047853416439870165,0.5816608177291023,0.5272754708925883
7,224,0.000413652295447932,0.00046403762599867254,0.5817468541639822,0.5365724311934577
7,225,0.00041363997784454697,0.0004899991314030356,0.5819456462506895,0.5154638727506001
7,226,0.00041788973914528335,0.0004807740844423986,0.5763905494301408,0.5198270228173998
7,227,0.0004116523047236519,0.00048077279675958883,0.5831806596414543,0.5116495423846774
7,228,0.0004108929773792624,0.00047906917170621456,0.5816245090814285,0.5259104556507535
7,229,0.00040745546439099184,0.0004863076765711109,0.5868749580265563,0.511698575814565
7,230,0.0004025287210458407,0.0004735328088928428,0.5931381126980723,0.5278285026550293
7,231,0.00040688368680105074,0.00048008327527592577,0.5849704886660164,0.5250843101077609
7,232,0.00040207137073459173,0.0004906504596066144,0.5916633951811143,0.5124405688709683
7,233,0.00040403856762201976,0.0004978425859007984,0.5923109204680831,0.5064433733622233
7,234,0.00039862210454166304,0.0004879843702332841,0.5945815392482428,0.5083983487553067
7,235,0.00040240394315153454,0.0004733790669383274,0.589806122691543,0.5303776992691888
7,236,0.00039556746006034956,0.00047880787945662936,0.5954041199919619,0.5233965953191121
7,237,0.00039868721922422634,0.0004908003650295238,0.5944818926446231,0.5108736766709222
7,238,0.0003943114927366238,0.00046966767210202914,0.5997570550000226,0.5340398761961195
7,239,0.0003925273084961292,0.0004788813924986041,0.6012798531555835,0.52318963209788
7,240,0.0003915840118151894,0.0004775118975279232,0.6020182812655414,0.5239511873986986
7,241,0.00039688403348806374,0.0004698309814557433,0.5975669878500479,0.5384188479847378
7,242,0.0003971529783922489,0.0004653367886526717,0.59993418087194,0.5368320451842414
7,243,0.00039171383322366045,0.0004860717609214286,0.6016367460474555,0.5138310127788119
7,244,0.00039600186153418486,0.0004920919477525684,0.5955756877675469,0.5086574130588107
7,245,0.0003904329116289492,0.0004624087622182237,0.6063841690251857,0.5441497047742208
7,246,0.00037961154270710215,0.000470317624664555,0.6160520397586587,0.5338768574926588
7,247,0.00038296811463725235,0.0004731396549484796,0.6097767698911973,0.5273894455697802
7,248,0.00038444007528416903,0.00047158714215685094,0.6096184940985692,0.52928989066018
7,249,0.00038299348814711896,0.00047515659761201176,0.6126252813103759,0.5300556368298001
7,250,0.00037842992496285816,0.0004838423648228248,0.6136249555481805,0.5206540293163724
7,251,0.000381110048275096,0.0004758639940215896,0.6141794363657633,0.5270372271537781
7,252,0.00037674307463874605,0.00047631006455048917,0.6170335197154386,0.5268009569909837
7,253,0.0003756602401816413,0.0004851197765674442,0.6177278674679038,0.5175636106067234
7,254,0.000377691020530844,0.00048140458206439186,0.6168532471597931,0.5278431203630235
7,255,0.00038017942261146266,0.0004835029067989025,0.6122586766878764,0.5271853142314487
7,256,0.00037290074677137587,0.0004715294712999215,0.6190107619320905,0.5365203870667352
7,257,0.000374786344351086,0.0004761398278383745,0.6204083307289783,0.5298098895284865
7,258,0.0003731500769154755,0.00047621791858950424,0.6184599796930949,0.5233886612786187
7,259,0.00036813659581965135,0.0004789618154366811,0.6227101234742153,0.5284060332510206
7,260,0.0003621139876216788,0.0004777230335296028,0.6322324855827991,0.5304568158255683
7,261,0.0003687774444884264,0.0005080465570143941,0.6283315654154177,0.5004408756891886
7,262,0.00036562625282834986,0.0004616482862426589,0.6284986050040634,0.54620787302653
7,263,0.00036499988256068325,0.00046759548454752397,0.631506167517768,0.5384185353914896
7,264,0.0003644737171405857,0.0004840762509653966,0.6290344058731456,0.523785208331214
7,265,0.0003627130344228382,0.0004842258440071924,0.6314393601299804,0.5240017109447055
7,266,0.0003556698791389526,0.00048547037424416176,0.6378993628937522,0.5197902507252163
7,267,0.0003604091264819151,0.0004745667489866416,0.6344116840833499,0.532261073589325
7,268,0.0003613312403889902,0.00047753905140173933,0.6294644402868954,0.5346538186073303
7,269,0.000368509374567549,0.0004974750950673802,0.625523583094279,0.5096843441327413
7,270,0.00035992459046228987,0.0004628274001232866,0.6336073737085601,0.5444479121102227
7,271,0.0003590116582029028,0.0004912930857648866,0.6361720201409893,0.5114669998486837
7,272,0.0003558856618366446,0.00047620757832191887,0.6384214883969154,0.5316032568613688
7,273,0.0003593431055591798,0.00046635165280248556,0.6353406579406173,0.5452822698487176
7,274,0.00035287233768031,0.00048550923820585014,0.642886828346017,0.5240669276979234
7,275,0.0003519522011808959,0.00047178008373723263,0.6429527172335872,0.5399786194165548
7,276,0.000348600853567966,0.0004722646437585354,0.6437221906803272,0.5340924514664545
7,277,0.00035156819503754375,0.0004715056779483954,0.640105523886504,0.5380410287115309
7,278,0.00034799841282900744,0.0004674625938706514,0.6462809305132171,0.5396689388487074
7,279,0.00034912005354316883,0.0004627595312841651,0.6448783187218654,0.5474197930759854
7,280,0.00034669152997077705,0.00048563089739117355,0.64898456129027,0.5238333490159777
7,281,0.0003431967318052265,0.0004822042932371712,0.6487013264938637,0.5272566583421495
7,282,0.0003459442128789508,0.00046756789799676175,0.6468470279081369,0.5396497872140672
7,283,0.00034238414200781674,0.0004578214766095496,0.6503328566197996,0.548280848397149
7,284,0.00033861924283332936,0.00046337460128900905,0.6513850668330251,0.5448172397083706
7,285,0.00034512395195858436,0.00048595960963413945,0.6473887057951939,0.5245644595887926
7,286,0.00033656637468892664,0.0004759517750547578,0.6515752258124174,0.5325201325946384
7,287,0.00033803915915389855,0.0004778413173173451,0.6521304436671881,0.5310248732566833
7,288,0.0003374164369256224,0.0004689443565439433,0.6521025556105154,0.5447473208109538
7,289,0.00033414596670169243,0.00047632029875078135,0.6579369131429695,0.5318880279858907
7,290,0.00033828424373181696,0.0004779885477748596,0.6578482972251044,0.5367641899320814
7,291,0.0003357394357689047,0.0004704776711554991,0.6560477904331536,0.5388353374269274
7,292,0.0003312020488572019,0.0004795634556406488,0.661160945892334,0.5327198015318977
7,293,0.0003323041347436101,0.00047084298372889556,0.6613962645883913,0.5392029868231879
7,294,0.0003356941663775087,0.0004766833690357291,0.656709932692257,0.5329184148046705
7,295,0.00033488409596575815,0.00048775200589766933,0.6605456082909196,0.5235961861080594
7,296,0.0003294102603966301,0.0004891160080054154,0.6635366311779729,0.5213339580429925
7,297,0.0003310410958358351,0.0004643528023734689,0.6625464078820782,0.5448176225026449
7,298,0.00033026365944138373,0.0004601461838723885,0.6639688584539626,0.5492748353216383
7,299,0.00032820670943086344,0.0004916975947303904,0.6636868395923097,0.5143319673008389
7,300,0.00032212284190959677,0.00048181733582168816,0.6688326788537297,0.5290192710028754
8,1,0.061016329837802016,0.005367698706686496,-99.74326323874203,-7.246181970172458
8,2,0.014878105770014687,0.0022814166059510576,-21.723272842831083,-2.3886912875705297
8,3,0.011367325825087819,0.0009725190673230422,-16.141975970915805,-0.27986233896679347
8,4,0.009290948128442705,0.0008999935157286624,-12.977146197542732,-0.16664861175749038
8,5,0.007831854066225113,0.0007808970222767028,-10.679036717944674,0.0177072008450826
8,6,0.006601189239019597,0.0007667596607158581,-8.82991253476084,0.041949003272586396
8,7,0.00558925380838322,0.0007751862971215613,-7.259496736820833,0.03663308752907647
8,8,0.004731921108876482,0.0007422678935755458,-5.935453371059747,0.07699498732884726
8,9,0.004029124395714866,0.0007376361069165998,-4.820034131591703,0.08810938464270698
8,10,0.003447209685511979,0.0007436957947599391,-3.936006979883453,0.07610833909776475
8,11,0.00298332260105253,0.0007068498137717446,-3.2210385037057194,0.13000616762373182
8,12,0.002613965117797991,0.0007004435613958372,-2.650506457870389,0.1404353419939677
8,13,0.0023326013375211643,0.0006865677346164982,-2.211441133346087,0.16004587941699558
8,14,0.0021059426691751055,0.0006943339494884843,-1.865836046654501,0.14733660221099854
8,15,0.0019115023556406851,0.0006897169747389853,-1.559863454029884,0.15507305728064644
8,16,0.0017775344357676343,0.0006738846759415335,-1.3558413318645808,0.17887031767103406
8,17,0.0016588901790479818,0.0007041126929430498,-1.1715864024044556,0.12768155203925238
8,18,0.0015618873225456034,0.0006760301314190858,-1.0219140121966233,0.17429773410161337
8,19,0.0014807967779537042,0.0006599543861941331,-0.897564274440577,0.19950377411312528
8,20,0.001408572289172882,0.0006708728835090167,-0.7845914285859944,0.18279268874062432
8,21,0.0013511541288024113,0.0006686959338063995,-0.7019139919751957,0.18639635509914823
8,22,0.0013044884649714753,0.0006609825727840264,-0.6244028376944271,0.1970841778649224
8,23,0.0012527679944019994,0.0006486620973899132,-0.5488851245538688,0.21704621579911973
8,24,0.001225250206289836,0.000644085733478682,-0.503210918991654,0.22342004776000976
8,25,0.0011903304178382695,0.000638523461141934,-0.4513838450113932,0.2310987565252516
8,26,0.001161602393861998,0.0006421524294031163,-0.40807591926904374,0.2261250959502326
8,27,0.0011358854059060966,0.0006389286019839347,-0.36971356765723523,0.23109363582399156
8,28,0.0011106927499726967,0.0006346606545978123,-0.3301983141604765,0.23815193970998128
8,29,0.0010883770354184104,0.0006319184593545894,-0.294825162416623,0.2427493691444397
8,30,0.0010624991729855538,0.0006392833272305628,-0.2551077608708982,0.23037099308437772
8,31,0.0010439567420240721,0.0006350484702529179,-0.22849984286743918,0.23897052341037325
8,32,0.0010253536658660497,0.0006251171244204873,-0.201409164328634,0.2545364922947354
8,33,0.0010117975779360643,0.0006281010444379515,-0.1809033591070293,0.24925735394159954
8,34,0.0009923379230140537,0.0006296539549819297,-0.1548511622864523,0.24666881561279297
8,35,0.0009863891704927808,0.0006198051618412137,-0.1428046347182474,0.26201825539271034
8,36,0.0009712038530082798,0.0006139843129656381,-0.12046594869943313,0.2726142578654819
8,37,0.0009555596010299561,0.0006143479918440183,-0.09847446768372148,0.27222068707148234
8,38,0.0009427078071130831,0.0006190047586440212,-0.07721518072081202,0.2663303083843655
8,39,0.0009305955471332979,0.0006160647207353678,-0.06069532103008694,0.26938504775365196
8,40,0.000921124955466776,0.0006160852098320093,-0.0463137048262137,0.26922512186898123
8,41,0.0009139871208951521,0.0006139472527946863,-0.0362060801482495,0.2735706912146674
8,42,0.000897617060346184,0.0006165326327188975,-0.012569003340638714,0.2693166693051656
8,43,0.0008911251563314394,0.0006103179753861493,-0.003770848556801125,0.2791314032342699
8,44,0.0008812672602311697,0.0006038011465635565,0.011344855361514621,0.2898896336555481
8,45,0.0008765365556169899,0.0006232237792573869,0.019821615130813035,0.26182719204160904
8,46,0.0008664108924912634,0.0006094967933475144,0.03324056907936379,0.2818619238005744
8,47,0.0008569912573920539,0.0006147987713726858,0.04580468895994587,0.2740605235099792
8,48,0.0008500881927133894,0.0006016137078404427,0.057247933635005244,0.29346658256318836
8,49,0.000837447911064014,0.000600415094393409,0.07307322452097763,0.2962136957380507
8,50,0.0008342589280441587,0.0006028740084730088,0.08056063151653901,0.292294618818495
8,51,0.0008281865101135164,0.0005985328811220825,0.09078653638745532,0.29895841677983603
8,52,0.000821060098040803,0.0006032316738532649,0.0987214861092744,0.29469149112701415
8,53,0.0008211635385157057,0.0006107826652522716,0.09762554109832387,0.282018162144555
8,54,0.0008156025904391742,0.0006005429287648036,0.1050643860557933,0.2966516892115275
8,55,0.000804770867380509,0.0005952598734034432,0.122386634349823,0.30565790865156384
8,56,0.000796209166780758,0.000591884534029911,0.13306282655692395,0.30849260754055446
8,57,0.0007915558605339884,0.0005971290779093073,0.1397540338245439,0.30467650757895576
8,58,0.0007824366205130462,0.0005898165684710775,0.15420737325409312,0.31213322745429145
8,59,0.0007842831223064826,0.0005953509981433551,0.1478288345866733,0.3039571682612101
8,60,0.0007751209851078413,0.0005901120085683134,0.16421447300616607,0.31521361006630794
8,61,0.0007655453490219826,0.0005840843375254836,0.17459928842238437,0.3229376726680332
8,62,0.0007640090180319493,0.0005937448159481089,0.17803491604180985,0.310128645102183
8,63,0.0007617198165080706,0.0005883819475356075,0.1824111423374694,0.3176209542486403
8,64,0.000752565057022658,0.0005831094187063475,0.19597192605336508,0.32531890471776326
8,65,0.0007520701057841013,0.0005769986271237334,0.19592595644939093,0.3345574683613247
8,66,0.0007427263741933361,0.0005827504210174084,0.2072172619678356,0.3266643895043267
8,67,0.0007401680175709412,0.0005797553406510916,0.21463432944851157,0.3301238007015652
8,68,0.0007325636310629363,0.0005796712719731861,0.22359267193594096,0.33329682879977757
8,69,0.0007290222874647122,0.0005798586566622059,0.22757011858033546,0.3313688927226596
8,70,0.0007297005774568261,0.0005791756647845937,0.22306036551793415,0.33153093655904137
8,71,0.0007280240785388023,0.0005879412909659247,0.2294157686056914,0.31956089867485893
8,72,0.0007201469950320452,0.000571844853564269,0.23866777155134414,0.3413268632358975
8,73,0.0007182813963829827,0.0005781442120981713,0.24371265261261552,0.3333344644970364
8,74,0.0007146716159538446,0.0005680414447043505,0.2473716076509452,0.3465287314520942
8,75,0.0007096168629675643,0.0005703685481825636,0.2547995255317217,0.3455065369606018
8,76,0.0007075171109955804,0.0005732016728466583,0.25478102233674793,0.3364447368515862
8,77,0.0007020985138499075,0.0005667493303513361,0.2602905501554042,0.3471567710240682
8,78,0.0007008049269149333,0.0005698478121000032,0.26488773543157695,0.342382456196679
8,79,0.0006951683609068026,0.0005620485197545753,0.2723483889191239,0.354472549756368
8,80,0.0006934935865164906,0.0005705200433213678,0.2737094689298559,0.3405605223443773
8,81,0.0006859481159344683,0.000562936652244793,0.282995065200476,0.3547585023774041
8,82,0.0006835285633124043,0.0005647489736374054,0.2850057105959198,0.3532419999440511
8,83,0.0006772092826675945,0.0005581359417798619,0.2968888796406028,0.361948471599155
8,84,0.0006767650737059245,0.0005538578766087691,0.29868067694299016,0.36672175327936807
8,85,0.0006764611168936999,0.0005563850010124346,0.2983308207841567,0.363167319032881
8,86,0.0006695007558992523,0.0005510513179211153,0.3033315408377,0.37013469537099203
8,87,0.0006710764897389361,0.0005525521921097404,0.30262522314801626,0.3697852532068888
8,88,0.0006653461005987117,0.0005559186968538497,0.31008242766062416,0.363753174410926
8,89,0.0006628599890254806,0.0005528090418212944,0.31513256364398534,0.36513788965013294
8,90,0.0006576153053039754,0.000547070542557372,0.3217409994867113,0.3766953110694885
8,91,0.0006552507846478235,0.0005631294554202921,0.3213089519076877,0.35405191315544976
8,92,0.0006507556106504283,0.0005473742597839899,0.32907828445787785,0.37671593957477145
8,93,0.0006470145552741064,0.0005423530781020721,0.33387830080809416,0.3814973208639357
8,94,0.0006455309998767198,0.0005429821567506426,0.3377831947656325,0.3816049920188056
8,95,0.0006441869903039647,0.0005530602001171145,0.3370264639089137,0.3753268771701389
8,96,0.000639158599279867,0.0005434789267989497,0.34220988147052717,0.382318385442098
8,97,0.000642275129571373,0.0005443657631985843,0.33996791662993253,0.38019080956776935
8,98,0.0006353043531424101,0.0005481108324602247,0.34577353088944046,0.3750508626302083
8,99,0.0006304207999535181,0.0005467139287955231,0.3530168065318355,0.3795615752538045
8,100,0.0006335450033082362,0.0005494935321621597,0.34916982900949173,0.37993094126383464
8,101,0.0006297101663356578,0.0005360309254481561,0.3544672022631139,0.3919785605536567
8,102,0.0006235150735319397,0.0005459580428173972,0.35931312920134745,0.38732590675354006
8,103,0.000625672204029045,0.0005458420776348148,0.35734669970877375,0.3778539445665148
8,104,0.0006188393717079803,0.0005442439074007173,0.3656239371240875,0.3823574317826165
8,105,0.0006236274480923182,0.0005386761971749365,0.3630320135458016,0.3876896831724379
8,106,0.0006162160816372453,0.0005453595956270065,0.3678155796027478,0.3857139123810662
8,107,0.0006092409580302091,0.0005324149167993003,0.3773079876546507,0.3977398157119751
8,108,0.0006122697301404436,0.0005497606121934951,0.37721626861595814,0.3824637770652771
8,109,0.0006097633046684442,0.0005374882098597785,0.3760026318055612,0.3899046156141493
8,110,0.0006052951850888124,0.0005317319003451202,0.38124876140076436,0.4025987452930874
8,111,0.0005985933731103109,0.000534222735505965,0.38943090659600715,0.3977835032675001
8,112,0.0005953665737948024,0.0005394818248330719,0.3945844116034331,0.39149137602912054
8,113,0.0005922083512960392,0.0005305980707311796,0.3951636048010838,0.40345947477552624
8,114,0.0005967954290099442,0.0005343450893027087,0.3954712520410985,0.3995814932717217
8,115,0.0005875261819542006,0.0005490359617397189,0.40229513821778473,0.38785191509458755
8,116,0.0005889380185427949,0.0005291752219717536,0.40255029834347006,0.40500057538350426
8,117,0.0005820945474422641,0.0005340857612383034,0.41112177548585116,0.3994606150521172
8,118,0.0005827770376560726,0.0005619822044132484,0.40818912320666845,0.3718669573465983
8,119,0.0005821089425561144,0.000528389234871914,0.40970015481666283,0.4030707783169217
8,120,0.0005770812930688722,0.0005342611887802681,0.41084440961296176,0.39685112105475534
8,121,0.000577599280456334,0.0005344202250449194,0.4120875860437935,0.39949778185950385
8,122,0.0005758348368050784,0.0005213064581362737,0.41857864061991373,0.41089307996961805
8,123,0.0005718078813515603,0.0005213883265645968,0.4201912581184764,0.41266003714667426
8,124,0.00057769662170257,0.000528872650789304,0.41248991857340306,0.40129860904481673
8,125,0.0005689956101209477,0.0005285426275804638,0.42388419074776734,0.40295533736546835
8,126,0.0005647796432539406,0.0005219115021949013,0.42883895679756445,0.41469256612989636
8,127,0.0005603438451667719,0.0005251537491050032,0.4322969260039153,0.41089839802847966
8,128,0.0005575084884903957,0.0005200024797684616,0.4351258015926973,0.41597587135103015
8,129,0.0005552170714823369,0.0005316244477095703,0.43786656547475744,0.398400342464447
8,130,0.0005598857411022448,0.000526874771134721,0.43212372255914006,0.4079369650946723
8,131,0.0005535891740927818,0.0005149253669919239,0.4379224786051997,0.42059583928849964
8,132,0.000549143588423361,0.0005261402150305609,0.4430578393700682,0.41217812299728396
8,133,0.0005487617154111281,0.0005289400901852383,0.4468629514729535,0.4086435145801968
8,134,0.0005479654255553068,0.0005186411901377142,0.4457878134868763,0.41994408898883395
8,135,0.0005503950505459935,0.0005230204124624531,0.4438044807057322,0.41188522444831
8,136,0.0005447380233952707,0.0005255317703510324,0.4499860174861955,0.40820538335376316
8,137,0.000540630497544268,0.0005153535593611498,0.456424116646802,0.4221750219662984
8,138,0.0005408208871139559,0.0005208279963375794,0.451209459187072,0.42024944755766125
8,139,0.0005366806785955474,0.0005108667136583891,0.45964845963466316,0.42494653595818416
8,140,0.0005353422198778042,0.0004983314642837892,0.45891267443880623,0.4421617865562439
8,141,0.0005358849197948052,0.0005144500096018116,0.45556170719641226,0.42295464012357925
8,142,0.0005380142048967106,0.0005113114408838252,0.46093592555434615,0.4267253769768609
8,143,0.0005280034476459992,0.0005119855231088069,0.46806495837223383,0.4274734894434611
8,144,0.0005258437759173965,0.0005139783231748475,0.4701923095149758,0.42701038651996187
8,145,0.0005242409556098052,0.0005123852480513354,0.472393430898219,0.42844746510187787
8,146,0.0005231773161708757,0.0005171397261114584,0.4768577861197201,0.42282053894466826
8,147,0.0005205407064626523,0.0005193926096479926,0.47388538151611515,0.41991392506493463
8,148,0.0005255034788408214,0.0005138413165695965,0.47361754017111696,0.4252842757436964
8,149,0.000519427588140523,0.0004993436411799242,0.4797628543995045,0.4424974547492133
8,150,0.0005185026643843747,0.0005090792158929011,0.48044895860883924,0.431804707315233
8,151,0.0005136372199580993,0.00050977547135618,0.4809240233750991,0.4280487563874986
8,152,0.0005119971432981805,0.0005012063949834556,0.48573924523812756,0.43734468354119194
8,153,0.0005110376607914121,0.0004938805430558407,0.48486041522320406,0.44805443419350516
8,154,0.000509214803237284,0.0005137156294141379,0.48769260733215897,0.4280202945073446
8,155,0.0005142670008353889,0.0005067140665940112,0.479475157202026,0.4342959470219082
8,156,0.0005049571507023992,0.0005086510959598753,0.4931234262607716,0.43275887303882177
8,157,0.0005034329464521122,0.0005043745260789162,0.49530256074151874,0.44054886102676394
8,158,0.0004997493673322929,0.0005104482665451036,0.4922055830190211,0.4290847539901733
8,159,0.0005011403250485014,0.0005168193925379051,0.49645972266609284,0.42150464720196196
8,160,0.0004952467835715248,0.0005127037810679111,0.501257293165466,0.42860283454259235
8,161,0.0004935553865104822,0.0005068032433175379,0.503745534537751,0.4347006493144565
8,162,0.000490712480875376,0.000514211206852148,0.5030817031860352,0.42720810969670614
8,163,0.0004908764017688363,0.000506461475096229,0.5054693678278982,0.44012655549579194
8,164,0.0004896607515862051,0.000524997887098127,0.5065945423679588,0.4101755486594306
8,165,0.0004948183628270563,0.0005034356998900573,0.5018769552678237,0.43726726770401003
8,166,0.0004896060837415496,0.0005078791964074804,0.5067326444166678,0.4347966074943542
8,167,0.0004839387699317785,0.0005131932195379502,0.516038664917887,0.4294294012917413
8,168,0.0004828225068150111,0.0005136099540525012,0.5144335284645175,0.42818442185719807
8,169,0.0004796252310718697,0.0005050678724526531,0.5210387958420648,0.4399304575390286
8,170,0.00047761823890017874,0.0005158018553629518,0.5192828388861668,0.42704457309510974
8,171,0.00047786185664504217,0.0005124745929303269,0.5168880577440615,0.4305824597676595
8,172,0.0004711857738898906,0.0005073785070433385,0.5228103683318621,0.4388988031281365
8,173,0.0004714713719340018,0.0004986926758040985,0.5269900745815701,0.4477714657783508
8,174,0.0004732186321088653,0.0005075406852281755,0.5240478858535672,0.4385105609893799
8,175,0.0004706077917226027,0.000523242944230636,0.5224816029454455,0.41423056655459933
8,176,0.00047119461275913095,0.0005328631132013267,0.5266955176989238,0.40729722844229804
8,177,0.00046715149785288507,0.0004991065361537039,0.529031381930834,0.4443807522455851
8,178,0.0004675252814374772,0.0005024808019192682,0.5296320351553552,0.43910987774531046
9,1,0.09130181942457034,0.010118089305857817,-137.45151118996702,-15.198813978830973
9,2,0.016572552275510483,0.0028902581996387905,-24.01690771550308,-3.2617438713709515
9,3,0.01177831879000605,0.0014181475310275952,-16.824710241953532,-0.8256789260440403
9,4,0.009804932421280279,0.0009838120184010929,-13.762649968229693,-0.12142015828026666
9,5,0.008498837538983351,0.0008941311777258912,-11.70109741717209,0.017771059936947293
9,6,0.007421745023011793,0.0008922401919133133,-10.114017965764175,0.022150190671284993
9,7,0.0065095425755889325,0.0008786794600180454,-8.66744107729123,0.03909808264838325
9,8,0.005705745191669758,0.0008861818376721607,-7.4381458282470705,0.02585650682449341
9,9,0.005047778248281023,0.0008664774320398768,-6.410944188965692,0.06080930233001709
9,10,0.004429931866212024,0.0008580732650847898,-5.4634664921113005,0.06990472608142428
9,11,0.0039058455340794207,0.0008360177989945644,-4.649635756162949,0.09513247013092041
9,12,0.00345675204133178,0.0008330208559830984,-3.967218804065092,0.09683982928593954
9,13,0.003116656330494601,0.0008405489045091801,-3.4454381922144948,0.0848163366317749
9,14,0.002823415544619899,0.0008572150590933031,-2.984597827475748,0.060090816020965575
9,15,0.0025840790925064573,0.0008276211641107997,-2.610526016023424,0.10727878146701389
9,16,0.002363569210110991,0.0008134566402683655,-2.275466520992326,0.1274617142147488
9,17,0.002181186718452308,0.00081091886644976,-1.9868770048942095,0.13551051219304402
9,18,0.0020404627885853436,0.000810540338150329,-1.772162092173541,0.1311620102988349
9,19,0.0019095945422089211,0.0008038482357126971,-1.5745024536862786,0.14369017680486043
9,20,0.0018087493229864372,0.0008127533649611805,-1.4194073874273418,0.12455593744913737
9,21,0.001720365734173008,0.0007936965195565588,-1.2831155395802156,0.15706629223293728
9,22,0.0016379237565913318,0.0008002121557688548,-1.1555926166934731,0.14550485346052383
9,23,0.0015772039329426156,0.0008096359191565878,-1.0586066159201257,0.13211980925665961
9,24,0.0015142846461615445,0.0007873207020262877,-0.9644440602373194,0.17017552985085382
9,25,0.0014589706634136814,0.0007823883504089382,-0.881781263998997,0.17520396444532607
9,26,0.0014131341161160373,0.0007907756824149854,-0.8098371538115137,0.15870303048027887
9,27,0.0013739596304978118,0.0007900257103352083,-0.7487821985174108,0.15907938347922432
9,28,0.0013433057331928501,0.0007779838465568092,-0.7035695318822508,0.17856513261795043
9,29,0.0012996009022089433,0.000771604079960121,-0.6368383397290736,0.19044342041015624
9,30,0.001269685613554845,0.0007738103119966885,-0.5915302414952973,0.1852096504635281
9,31,0.0012430616864290687,0.0007628034748550918,-0.5515104963455671,0.2024870104259915
9,32,0.0012198486017569164,0.0007638461163474453,-0.5116495075049223,0.20025351179970635
9,33,0.0011902579007221868,0.000760224931097279,-0.46841802067226834,0.20440321101082695
9,34,0.001167043909304028,0.0007682745707117849,-0.43634933880817744,0.1931759026315477
9,35,0.0011465512759362658,0.0007588490546267066,-0.4035010156808076,0.2059538722038269
9,36,0.0011253746511000727,0.0007537693328534563,-0.37237718767589995,0.2124167111184862
9,37,0.001110470644916971,0.0007529174624424841,-0.3478385786951324,0.21403108570310805
9,38,0.0010871352354800445,0.0007578746842530867,-0.31369603018701814,0.20527912908130222
9,39,0.0010754491613579936,0.0007600842315393189,-0.29353620932425983,0.1989255706469218
9,40,0.0010611354107508597,0.0007471834684515165,-0.2756423264373968,0.22488267024358113
9,41,0.001043992941296533,0.0007407503538868494,-0.25163127478258107,0.23070255915323892
9,42,0.0010369663230246967,0.0007377379948997663,-0.23854280798523514,0.23397041161855062
9,43,0.0010188033597336875,0.0007345129166626268,-0.2085212395514971,0.24041010936101279
9,44,0.0009995481186189953,0.0007363677167126701,-0.18374778150040427,0.23545302549997965
9,45,0.0009888737862009877,0.0007416248774259455,-0.1667357193099128,0.22564510107040406
9,46,0.0009808637630079448,0.000733862695698109,-0.1544283316459185,0.2361258109410604
9,47,0.0009674337704056575,0.0007272277596510119,-0.13400664991802638,0.2466225610838996
9,48,0.000956223587890696,0.0007233527088020411,-0.12026087516619835,0.25297891166475084
9,49,0.0009399102612709006,0.0007326095533143315,-0.0964704891781748,0.24035885731379192
9,50,0.0009347706303046441,0.0007208693927774827,-0.0885818268045967,0.2541235499911838
9,51,0.0009219951065326179,0.000718941928870562,-0.06929782290517549,0.2575863560040792
9,52,0.000913473122385273,0.0007200333018166324,-0.05565769363332678,0.255668658680386
9,53,0.0009086148145056709,0.000727272915860845,-0.046567070189817455,0.24421952565511068
9,54,0.0008993843239789575,0.0007184042116730577,-0.0376660218945256,0.2602036370171441
9,55,0.0008921265369281172,0.0007166885382806262,-0.023090725769231348,0.26305462651782563
9,56,0.0008783965725106774,0.0007112462189979851,-0.006497833169536826,0.27016218105951945
9,57,0.0008735351958657028,0.0007095305003329284,0.003470166965767189,0.2741538948482937
9,58,0.0008652833780492254,0.0007082728591437141,0.015120156017350561,0.2749679538938734
9,59,0.0008608285482846384,0.0007040749704982671,0.02281873373337734,0.2796179095904032
9,60,0.0008474240387088539,0.0007022603738328649,0.03970785037970837,0.28138445880677965
9,61,0.0008458064689392937,0.0007023783245434363,0.04351185471923263,0.28295716842015584
9,62,0.0008390099543181283,0.0007033495801604456,0.052303528785705565,0.28206098609500463
9,63,0.0008303927668703743,0.0007103110417827136,0.06507691027205667,0.2673283206091987
9,64,0.0008257641576311011,0.0006950852098978228,0.07256727630709424,0.29370673100153605
9,65,0.0008300120868996062,0.0006989410858497852,0.06889015921839961,0.285850371254815
9,66,0.0008205412987642634,0.00070296823590373,0.08044746260584136,0.28080700635910033
9,67,0.0008086388739527284,0.0007040092217115065,0.09716041441316958,0.2771073367860582
9,68,0.0008021448096432896,0.0007057587253964609,0.10747623561341085,0.27484101984235976
9,69,0.0007980375964608457,0.00069862001368569,0.11287432217303618,0.28772992425494726
9,70,0.0007963215765531785,0.0006935663624770111,0.11713047130608265,0.294305055671268
9,71,0.000788008937911119,0.0006886011675103671,0.1266703165607688,0.30286440716849433
9,72,0.0007848293882691198,0.0006942954457675417,0.13107802073160807,0.29412449995676676
9,73,0.0007829285643557891,0.000688117578263498,0.13441267852429992,0.30781368414560956
9,74,0.0007730061303318282,0.0006885906603808204,0.14860713687943825,0.3098088237974379
9,75,0.0007746746752089189,0.0006857479689642787,0.1456434330822509,0.3114942669868469
9,76,0.0007666810152672783,0.0006900425081969136,0.16014325927805018,0.29852912293540107
9,77,0.0007575989368854573,0.000691533421114501,0.16761630052401696,0.2968833009401957
9,78,0.0007621179630887913,0.0006867438619438973,0.16391102620113043,0.3037063280741374
9,79,0.0007547806548874503,0.0006868947646580636,0.1733971326439469,0.31047457456588745
9,80,0.0007513526056743699,0.0006802209911661016,0.1773544833983904,0.3182730648252699
9,81,0.0007467472687202655,0.0006764253523821632,0.1857314555733292,0.321966728899214
9,82,0.0007394977644039893,0.0006812602449725899,0.19583702205139913,0.3151465548409356
9,83,0.0007380458218746899,0.0006752807724600037,0.20037222732732327,0.3256651348537869
9,84,0.0007338030102812214,0.0006863776051128904,0.20175505199550112,0.3031542619069417
9,85,0.0007275384298905178,0.0006756353398991955,0.20832468580316615,0.320564968056149
9,86,0.0007236189828369261,0.0006764053962089949,0.2167316472088849,0.32095794147915313
9,87,0.0007256583225867354,0.0006805315264500677,0.21352623730529974,0.3147195378939311
9,88,0.000719715493593227,0.0006765202774355809,0.22569926800551238,0.3226663298077054
9,89,0.0007136996292198698,0.000670706824813452,0.23158806253362585,0.33279332849714494
9,90,0.0007135889605032625,0.00067430424840293,0.23153162120301046,0.3241211030218336
9,91,0.0007119005037195704,0.0006760338256652984,0.23356187608506945,0.319909569952223
9,92,0.0007056023819188093,0.0006712337490171194,0.2396902511149277,0.32884302404191756
9,93,0.0007048072497486884,0.0006693008562756909,0.242006755316699,0.33372999562157524
9,94,0.0007033134089138957,0.0006680967131008704,0.24381488502761464,0.33498560190200805
9,95,0.0006949057834176922,0.0006624764129002062,0.25761118626888885,0.3441417482164171
9,96,0.0006907134424653594,0.0006649946082486874,0.2644285175535414,0.3419167598088582
9,97,0.0006901710215139629,0.0006632014863296516,0.26394069091773326,0.3416509575313992
9,98,0.0006861684240262818,0.0006603058531052537,0.26894119477566375,0.3471753425068326
9,99,0.0006854679214158728,0.0006589391656840841,0.2663101628974632,0.34828108681572806
9,100,0.0006848064882186368,0.000666119246226218,0.26981404813719384,0.3384608295228746
9,101,0.0006775222514629548,0.0006583879882883694,0.2793876318284023,0.348903316921658
9,102,0.0006803027444726063,0.0006781347652172877,0.2751832941432058,0.31848900185690987
9,103,0.0006797004031178392,0.000661148177459836,0.276006888313058,0.3487342635790507
9,104,0.0006745619828709298,0.0006557732109083897,0.2864802987487228,0.3554467797279358
9,105,0.0006736639797986474,0.000659846025519073,0.2825689022923693,0.34816957977082996
9,106,0.0006733672811224321,0.000650870389977677,0.28548650167606493,0.3594653288523356
9,107,0.0006682190657478331,0.0006594607968711191,0.2923582522957413,0.3501893679300944
9,108,0.0006626859966975947,0.000658553303219378,0.29750420487957235,0.3479324407047696
9,109,0.0006615202336422639,0.0006541101481868989,0.3010382541903743,0.3539451387193468
9,110,0.0006553640030037014,0.000650085017292036,0.30837390614144594,0.361784913804796
9,111,0.0006480738933106172,0.0006455066846683622,0.315451873967677,0.3683235685030619
9,112,0.0006520993738107522,0.0006606000889506605,0.31197545969927754,0.3503842963112725
9,113,0.000652051460929215,0.0006507364011162685,0.31543479995963014,0.3587476955519782
9,114,0.0006474530479560295,0.0006497740913699898,0.3187920751395049,0.3613776273197598
9,115,0.0006480003859456858,0.0006504396972660389,0.32088225535404535,0.3633294290966458
9,116,0.0006419614410131341,0.0006452036038455036,0.3225048870216181,0.3696346680323283
9,117,0.0006443765133699793,0.0006433170431086587,0.3250811404652066,0.3744560493363274
9,118,0.0006382808327835835,0.0006429085779624681,0.3308143127111741,0.3712354037496779
9,119,0.0006376641001954767,0.0006433346580403547,0.3287265502376321,0.3700830962922838
9,120,0.000635750044890346,0.0006498453181443943,0.3314459772757542,0.36172617541419133
9,121,0.0006364790442468667,0.0006433406392008894,0.33181528235659186,0.37242926756540934
9,122,0.000632742600929406,0.0006472876101421813,0.3363090591666139,0.3638356328010559
9,123,0.0006310908337997526,0.0006386880297213793,0.33753167464409345,0.37718698845969306
9,124,0.0006296878139471152,0.000640691207566609,0.3404481577284542,0.37569244967566595
9,125,0.0006237515890798359,0.000642107892781496,0.34619244660860227,0.37534345785776774
9,126,0.0006179096862777239,0.0006385843851603567,0.3540816536656132,0.3799377679824829
9,127,0.0006192482772202771,0.0006410823656349547,0.3520247362278126,0.37400602367189195
9,128,0.000619077963616561,0.0006340821286559933,0.3537130879767147,0.3852384434805976
9,129,0.000612532496481076,0.000643475448143565,0.3616869158214993,0.3733832981851366
9,130,0.0006178889471037245,0.0006365702746229039,0.35849900657747996,0.38274078369140624
9,131,0.0006106998988450218,0.0006300455230909089,0.3667308033248525,0.38787133826149833
9,132,0.0006073379156145232,0.0006304645729768607,0.3643567928561458,0.3909495724572076
9,133,0.0006110491348217805,0.0006335107053423093,0.3631775050987432,0.3849677350785997
9,134,0.000601181543984071,0.0006280666838089625,0.37150268539970305,0.3916561656528049
9,135,0.0006002490069533204,0.0006286071497015655,0.37549300605868113,0.39336684147516887
9,136,0.0006007626570077085,0.000628739058609224,0.37190048709327794,0.3921934339735243
9,137,0.0006004768167909832,0.0006259777699597179,0.37653593222300213,0.3976754254764981
9,138,0.0005966243453404326,0.0006369133479893208,0.3789801588764897,0.3849535041385227
9,139,0.0005956566408219069,0.0006341981533397403,0.38110437555077636,0.3796059118376838
9,140,0.0005948255821648571,0.000633621982867933,0.3800656967692905,0.3878718468878004
9,141,0.000595861128071484,0.000633202546224412,0.37969862281540295,0.3828960577646891
9,142,0.0005927469822819586,0.0006307055151814388,0.3865196893244614,0.3878160489930047
9,143,0.0005871272201787818,0.0006238475480737786,0.3913506323908582,0.39981429974238075
9,144,0.0005852330593898157,0.0006188604618526167,0.3945637973738305,0.4060325238439772
9,145,0.000587860519428634,0.0006348107475787401,0.3892130654535176,0.38466167582405936
9,146,0.0005798344322146824,0.0006192884110431704,0.39768545509856423,0.40663634803560045
9,147,0.0005804634280790242,0.0006198704074550834,0.39824701135541185,0.40682909621132746
9,148,0.0005767810292093566,0.0006285040678145984,0.40041587912006144,0.3989573425716824
9,149,0.0005753819319063131,0.000613761239219457,0.4059473931053538,0.4130120423105028
9,150,0.0005745637191769977,0.0006306400742485291,0.4058138488251486,0.3937696443663703
9,151,0.0005754954378511527,0.0006187854619282815,0.40477505642690775,0.40641697777642144
9,152,0.000575614184210146,0.0006207741460659438,0.40533089387564014,0.4069766547944811
9,153,0.0005687809125290333,0.000623615362888409,0.41048277969713565,0.4035039689805773
9,154,0.000565948834453054,0.0006175889452505443,0.41592201921674943,0.4100042621294657
9,155,0.0005658898358865652,0.0006192581547010276,0.4198378873460087,0.4079545153511895
9,156,0.0005637987633235753,0.0006124088695893686,0.4159017010971352,0.41757812632454766
9,157,0.0005635491653523741,0.0006229950205629899,0.4153193485589675,0.40071684254540335
9,158,0.0005633099777853967,0.0006171393816152381,0.4128303900177096,0.4074458294444614
9,159,0.0005616414367888169,0.0006107176912741528,0.42071787810619965,0.4175266252623664
9,160,0.0005563472176292612,0.000612109030286471,0.4204778958249975,0.417150792810652
9,161,0.0005584570242919856,0.0006141913149298893,0.4202847757457215,0.4113132437070211
9,162,0.0005548041444674226,0.000615222217877292,0.4243360317783591,0.4101229204071893
9,163,0.000550868388345856,0.0006083906240140399,0.43049864018404926,0.42009528875350954
9,164,0.0005509241926771255,0.0006081947177234623,0.4286367029319575,0.4247199376424154
9,165,0.0005478434306339441,0.0006117312560996248,0.4348956306775411,0.4150314145618015
9,166,0.0005443223636384686,0.0006090263176398973,0.433830283747779,0.41970077223247954
9,167,0.0005472226042507423,0.0006051463204332524,0.4322566972838508,0.4238288998603821
9,168,0.0005429984308940209,0.000608091194751776,0.4408890241458092,0.4210425469610426
9,169,0.0005417379347986922,0.000614308578790062,0.440906004405316,0.4117297715610928
9,170,0.0005443425596846889,0.0006118477076395518,0.43297518300421445,0.4172636349995931
9,171,0.0005406226288745708,0.0006032525251309077,0.4403445180551505,0.4283141546779209
9,172,0.0005326749239530828,0.0006044666050001978,0.4513810259324533,0.4244991302490234
9,173,0.0005347989621733166,0.0006048103018353383,0.45183782592231847,0.4292575452062819
9,174,0.0005334794903633955,0.0006077479402948585,0.4513391085612921,0.42177931865056356
9,175,0.0005326994655964275,0.000604179718842109,0.45117119565422154,0.42645890447828505
9,176,0.0005332909383592598,0.0005984856915246281,0.4482566452320711,0.4374017053180271
9,177,0.0005227853607294368,0.0006111619062721729,0.46052037948443564,0.42755691210428876
9,178,0.0005246558842496418,0.0006075302345885171,0.45773006868951116,0.42279877662658694
9,179,0.0005183372620700134,0.0006013205740600825,0.4665136697851581,0.43543197049034965
9,180,0.0005217159095789409,0.0006063039168818957,0.46146011499711026,0.428301383389367
9,181,0.000519057931119783,0.0006056450022798445,0.46340582606233194,0.4250918017493354
9,182,0.0005159322995933946,0.0006048035549206867,0.46616515627613775,0.4262452721595764
9,183,0.0005217671928277677,0.0006020808838204377,0.4621690926728425,0.429573294851515
9,184,0.0005136982986939221,0.0005997354384615189,0.4671386300781627,0.4348346643977695
9,185,0.0005075786593312651,0.000602003155897061,0.474454261785672,0.4316017442279392
9,186,0.0005110741511740388,0.000595705958807634,0.4718916369073185,0.44167591598298817
9,187,0.0005030723065166608,0.0006022399563031892,0.48155494884208394,0.4346408314175076
9,188,0.0004990654158187501,0.0005964016386618217,0.4861139510884697,0.4432653506596883
9,189,0.0005055311955166636,0.0006046654087387853,0.4798672985147547,0.4300351553493076
9,190,0.0004985236174737414,0.0005955933761369023,0.48595562054787156,0.4439791176054213
9,191,0.0005034257091558826,0.0005927752936258912,0.47800597423388635,0.44393829239739313
9,192,0.0005053053290962621,0.0005931490359620915,0.4796062256083076,0.4412013053894043
9,193,0.000503044342190993,0.000610543298535049,0.4839524123403761,0.42881479793124727
9,194,0.0005083785883875357,0.0006050863342049221,0.4751608794118151,0.4324454347292582
9,195,0.0004934573952786992,0.0005878182451447679,0.49099592044029705,0.45339488983154297
9,196,0.0004945513994984881,0.0005979700557266673,0.49205400973190494,0.43684896098242865
9,197,0.0004929390494470243,0.0006029940650074018,0.49142972260345646,0.4353431635432773
9,198,0.0004938147503618197,0.0005967331442257596,0.4899662503489742,0.4428104321161906
9,199,0.0004932554116052932,0.0005876688635908067,0.4918211591096572,0.4517362541622586
9,200,0.0004900573285003365,0.0005922083885201978,0.4966607327814455,0.4471223102675544
9,201,0.0004893887182985099,0.0005897262056047718,0.4939194623334908,0.4487280938360426
9,202,0.0004874384249158112,0.0005951581419342094,0.4979343894087238,0.4441941327518887
9,203,0.0004862081860249609,0.0006013690726831555,0.5001980104564149,0.4373284631305271
9,204,0.00048731109630431477,0.0006050949088401265,0.4989354466214592,0.4381914854049683
9,205,0.00048484059746296685,0.0005982149922702875,0.4978051562368134,0.4418185353279114
9,206,0.00048163685693267594,0.0005898862727917731,0.5053352146972845,0.45101038614908856
9,207,0.00047668889905096113,0.000589612266048789,0.5103587831979917,0.4477987170219421
9,208,0.00047525493399366554,0.0005865481617446575,0.5124722520510355,0.45302798880471123
9,209,0.0004754450958348627,0.00058780527777142,0.5083841260568596,0.453840888871087
9,210,0.00046929215989363046,0.0006058609384732941,0.5196061440456061,0.436827900674608
9,211,0.00048165598619775274,0.0006069259097178777,0.5029751615759767,0.4365170094701979
9,212,0.0004741190047359761,0.0005889415042474866,0.5117174512074317,0.45421810679965546
9,213,0.0004637745227003585,0.0005949476526843177,0.5217384924123316,0.44740869734022354
9,214,0.00047009518114206046,0.0005892662628967729,0.5148689171414317,0.44962886969248456
9,215,0.00046811807752632895,0.00058809961968412,0.5195102706367587,0.45626654360029434
9,216,0.0004644318524012227,0.0005959964059810671,0.5194593146995262,0.4488357252544827
9,217,0.00046206150788894313,0.0005905220905939738,0.522873733367449,0.4506645811928643
9,218,0.000460057815876042,0.0005900510496252941,0.5271748314669102,0.45373863644070095
9,219,0.00045929770200961716,0.0005996502858276169,0.527013146141429,0.4398857434590658
9,220,0.0004701261237597116,0.0006083827116526664,0.5120845940377977,0.4338359514872233
9,221,0.0004638825788990491,0.0005857643399698038,0.5182580984668967,0.4583989991082085
9,222,0.0004584322605184337,0.0005917219807290368,0.5257063238709061,0.45136835707558526
9,223,0.00045562742140006134,0.00059548772405833,0.5307628319587236,0.4485849751366509
9,224,0.00045641740607270213,0.0005864091786659426,0.5312751836246914,0.4575381623374091
9,225,0.00044854239892662954,0.0005903164028293556,0.5344505177603828,0.4520417822731866
9,226,0.0004508259138494822,0.000592018719503863,0.5354058459953025,0.45238145457373724
9,227,0.0004493214815918264,0.0005958336534806424,0.538574093801004,0.45051286220550535
9,228,0.00044822321757731704,0.0005939767075081666,0.5390813277091508,0.4499312493536207
9,229,0.0004474227031388171,0.0006010436892716421,0.5397091253304187,0.4403791308403015
9,230,0.0004482821864650849,0.0006085898429672751,0.5394859692196787,0.4351466125912137
9,231,0.00044650221653110174,0.0005928849503915343,0.540934940326361,0.45125892162323
9,232,0.00044282035338749854,0.0005901281683084865,0.5414744566988062,0.4586208383242289
9,233,0.0004459468303621965,0.0005897152858475844,0.5407062551121653,0.456080342663659
9,234,0.0004424614532862181,0.0005953643199366828,0.5427445218886858,0.45029890139897666
9,235,0.00043795029920192413,0.0005935992683387465,0.54785969801891,0.4510420083999634
9,236,0.0004357851099619573,0.0005909834095897774,0.549478030057601,0.4554499348004659
9,237,0.00043824301949230794,0.0005994536810451083,0.551823385262195,0.44291846487257214
9,238,0.00043561554292538833,0.0005899149031999211,0.5523790490480117,0.4569776349597507
9,239,0.00043260544081459996,0.0005996199117766487,0.5560365697483958,0.44990961419211495
9,240,0.00043065408345334876,0.0005961783450200326,0.5582579415521504,0.45090815358691744
9,241,0.00042838399143268666,0.0005973221139154501,0.5592333265292792,0.4548005713356866
9,242,0.0004351626947970578,0.0005883281727114485,0.5516697133028948,0.45759738551245793
9,243,0.0004365887982270646,0.0005893906293850806,0.550610120502519,0.45794711377885605
9,244,0.00042922758888223287,0.0005888121616509225,0.5566801621590132,0.4598518927892049
9,245,0.0004266669230685098,0.0005901542091224757,0.557833754427639,0.4598369267251756
9,246,0.00042178525817925455,0.0006023207524170478,0.5646995294241257,0.4476234873135885
10,1,0.0730052430090713,0.006284919577754206,-108.78083183029551,-8.893352418475681
10,2,0.014936707263099558,0.002159243785879678,-21.65231802434097,-2.225515201356676
10,3,0.011155447085606464,0.001078372091675798,-15.899303201392845,-0.49710568851894804
10,4,0.009220187561471522,0.0008034754984287753,-12.901052898830837,-0.04869399733013577
10,5,0.007676898446623926,0.0007428049756627944,-10.540053510077206,0.044642154375712076
10,6,0.006397720897731222,0.0007419785846852594,-8.515129148812942,0.048518629868825276
10,7,0.00536300949982287,0.0007206684405294557,-6.87101146703885,0.08122826549741957
10,8,0.00448738974576563,0.0007325453114592367,-5.531276607807771,0.05930457380082872
10,9,0.0038143589443032757,0.0007140944401423136,-4.5076013570950355,0.08596276574664646
10,10,0.0032772881088111504,0.0007060558987884885,-3.6753772732652266,0.09965210358301799
10,11,0.002852978836170133,0.0006966922923715578,-3.014086319193428,0.11076428492863973
10,12,0.0025190672929180256,0.0006722868032132586,-2.509217169844074,0.14848743809594048
10,13,0.002253148103431787,0.0006705838876465956,-2.0899019679905457,0.14978694518407185
10,14,0.0020588607860752093,0.0006908573624160555,-1.7923989872873565,0.11680053075154623
10,15,0.0018953974965246923,0.0006653932841598159,-1.5391109225190716,0.1557970537079705
10,16,0.001763890170848664,0.0006669928746608397,-1.3388805897147567,0.1517188376850552
10,17,0.001658863983301009,0.0006670078055726157,-1.1702999686017448,0.15282877021365696
10,18,0.001571811057259271,0.0006633125180895957,-1.0366795588422704,0.15765873193740845
10,19,0.001502360953995383,0.0006509142617384593,-0.9303330527411566,0.1796704332033793
10,20,0.0014328577946641564,0.0006525322510343459,-0.8290864706039429,0.17507236136330498
10,21,0.0013828556317790055,0.0006488042573134105,-0.7490193717273665,0.18158433304892646
10,22,0.0013372762186199794,0.000635656977020618,-0.6789983874485817,0.20379695892333985
10,23,0.00129251870798108,0.0006356683094054461,-0.6096664228557068,0.2038113276163737
10,24,0.0012630164838844428,0.0006363844511927002,-0.5637434876995322,0.20235375960667928
10,25,0.001226196666593077,0.000632530368036694,-0.5088716203783765,0.20895198318693373
10,26,0.001195036306011456,0.0006349020728117062,-0.45788608966050326,0.20540366437700058
10,27,0.0011662637018656106,0.0006373735377565026,-0.41302245560987494,0.20234023994869657
10,28,0.0011462558106875714,0.0006290452852327791,-0.3849337723520067,0.21453182697296141
10,29,0.0011214664496228468,0.0006260624711608721,-0.3491633344579626,0.21883196698294746
10,30,0.0010954698961642053,0.0006139440733628969,-0.30960375320764233,0.23846910927030776
10,31,0.001075384022673753,0.000619458416218145,-0.2784301721019509,0.2291701356569926
10,32,0.0010624150346021778,0.0006232635299157765,-0.26009260563202846,0.22357730203204684
10,33,0.0010391790891227163,0.0006063100015227165,-0.22387940074190682,0.25152665774027505
10,34,0.001021145690910886,0.0006059259473760095,-0.1981077257497811,0.2518074406517877
10,35,0.0010118837770143592,0.000600396686544021,-0.1849008972262159,0.26232476101981267
10,36,0.000994356155085067,0.000604474945511255,-0.15707700134795388,0.25453593598471747
10,37,0.000981120912524883,0.0006069638145466646,-0.13951694420826288,0.25108457141452367
10,38,0.000967598458274877,0.0005954121524054143,-0.11707355004769784,0.27000951104693943
10,39,0.0009616055614947353,0.0006003023526217374,-0.10810136294659273,0.26223471959431965
10,40,0.0009452428208825029,0.0005905203961042894,-0.08720343274834716,0.27748449908362494
10,41,0.0009316628423726393,0.0005770524239374532,-0.06753960479924709,0.29946710401111176
10,42,0.0009187082213890038,0.0005910934699285362,-0.04606837696499295,0.2769876095983717
10,43,0.000917231239217483,0.0005890297457679278,-0.04312688112258911,0.2793864369392395
10,44,0.0009007770727664508,0.0005759598570875823,-0.020429338054892457,0.30081062581804063
10,45,0.0008894229977518136,0.0005723175916096402,-0.003003923981278031,0.30609137614568077
10,46,0.0008783961745427439,0.0005726073001925316,0.01087122905401536,0.3071205576260885
10,47,0.0008763550102342793,0.0005695110393895043,0.01546792307017762,0.3111066434118483
10,48,0.0008620170782964078,0.0005611251237698727,0.03839287066165312,0.32465785609351266
10,49,0.0008568865517269315,0.0005709041970678502,0.046967984276053344,0.3087031986978319
10,50,0.0008489252096846884,0.0005607112711812887,0.05645748818362201,0.32524493402904936
10,51,0.0008420158332834641,0.0005556154000158939,0.06709079683562856,0.3343785100513034
10,52,0.00083579150830499,0.0005531402783364885,0.07445704554334098,0.33766331805123223
10,53,0.0008250660521702634,0.000553935735176007,0.08816147777769301,0.33855261140399506
10,54,0.000819590149079392,0.0005567604391318228,0.09980188048916099,0.3348076277308994
10,55,0.0008201148175565457,0.0005500798152449231,0.09901789235480038,0.3429721580611335
10,56,0.0008105105509188164,0.0005486875643125838,0.1143372518044931,0.34453985691070554
10,57,0.0008052195702610469,0.0005735285205042197,0.11484847260110172,0.3063831541273329
10,58,0.0007997167931961609,0.000548969271282355,0.12659591848467602,0.3446342123879327
10,59,0.000793341431122871,0.0005497536570247676,0.13835435737798243,0.34343643056021794
10,60,0.0007896148764965251,0.0005579199318567084,0.14242099788453844,0.3323892487419976
10,61,0.0007812006371728156,0.0005486964364536107,0.15319513141373056,0.34755146238538953
10,62,0.0007757757600672819,0.0005526679050591257,0.16181477749789203,0.33819892406463625
10,63,0.0007723845120369928,0.0005490238920578527,0.16475562048547063,0.3473897205458747
10,64,0.0007678871731457795,0.0005545882120107611,0.17067968433285938,0.33780611091189916
10,65,0.0007652905032349129,0.0005380097000549237,0.1753730709170118,0.36395241022109986
10,66,0.0007567913275798438,0.000543543032836169,0.18719795883437734,0.35843716197543674
10,67,0.0007539050294270302,0.0005500463975800408,0.19430481298470204,0.3457532789972093
10,68,0.0007488926724576747,0.0005352708808560339,0.1979562551886947,0.3711684611108568
10,69,0.000743524311972713,0.0005362315193956924,0.20485975874794854,0.3683585378858778
10,70,0.0007348262664666514,0.0005405668738401599,0.21552119814319376,0.3642836610476176
10,71,0.0007330351368305675,0.000536072523229652,0.21879048715403052,0.36956368817223445
10,72,0.000728114405474453,0.0005360361641376383,0.22658351321279266,0.37052394151687623
10,73,0.0007240527631415997,0.000548137994741814,0.23074031361827144,0.3520702838897705
10,74,0.0007251694611630138,0.000527657383483731,0.23042688193144623,0.3816356115871006
10,75,0.0007207649965471599,0.000531682862331056,0.23651837213539784,0.3777480443318685
10,76,0.000719023626556413,0.0005295596900396049,0.23644658503709015,0.37891786098480223
10,77,0.0007130614047824048,0.0005344365012004144,0.24711398769308018,0.37452171908484566
10,78,0.0007065037261108282,0.0005244647023371524,0.2531421854172224,0.3857328560617235
10,79,0.0007001664996848522,0.0005315139980262353,0.26280394468778445,0.3788631293508742
10,80,0.0007017344209066604,0.0005217731710419886,0.25833763119615155,0.3921606289015876
10,81,0.000694637468809055,0.0005278083094809619,0.2694971361278016,0.38537743621402315
10,82,0.0006910311423219096,0.0005282223431600465,0.27346857447683076,0.3835949672593011
10,83,0.0006915132704846284,0.0005249147277532352,0.2746033752406085,0.3873631676038106
10,84,0.0006858574877562071,0.0005339522328641679,0.2812007639143202,0.3730795383453369
10,85,0.0006884250296912167,0.0005246941026093231,0.2794261074360506,0.39083157777786254
10,86,0.0006808881334569535,0.0005174331405820946,0.28902357684241403,0.4010443422529433
10,87,0.0006794508328132424,0.0005197473685257137,0.28711468305116816,0.39576962656444975
10,88,0.0006765657508412353,0.0005269302896017001,0.290281233816971,0.387691150771247
10,89,0.0006749182140431654,0.0005219103341611724,0.2977079888920725,0.3941659172375997
10,90,0.000673377720558625,0.000527014918366654,0.2938581109046936,0.38568101326624554
10,91,0.0006677178658809467,0.0005266477677246762,0.30548159649342665,0.39134550359514025
10,92,0.0006661525392835891,0.0005234183213259611,0.30727473423804763,0.39289474354849924
10,93,0.0006619965771132689,0.0005177878153820833,0.31122457966392425,0.40424035125308566
10,94,0.0006574509548954666,0.0005199174758874708,0.3143302180148937,0.4008344292640686
10,95,0.0006553396691832646,0.0005107344800813331,0.32271694165688974,0.41112504535251193
10,96,0.0006515331651130116,0.0005264060895165635,0.3231627375991256,0.38798932366900973
10,97,0.0006513857446541941,0.0005174069807657765,0.3254884362220764,0.40355738136503433
10,98,0.0006503322666200499,0.0005183344215361609,0.32440749171339434,0.40151042408413357
10,99,0.0006485904729350206,0.0005089239527781805,0.3300838758916031,0.4176026622454325
10,100,0.0006488406283344016,0.0005109892446651227,0.3313632232171518,0.4111859573258294
10,101,0.0006401099395409319,0.000518809120532953,0.33777126912717464,0.4012863278388977
10,102,0.0006427544880554908,0.0005115289034114944,0.33725147026556507,0.41528127325905695
10,103,0.0006401335297405352,0.000519821483693603,0.339040642461659,0.39903834925757514
10,104,0.0006345599777651605,0.0005140090309497383,0.34644477588159067,0.41154824760225084
10,105,0.0006278384192329314,0.0005170377993231846,0.35020383331510757,0.40782334009806315
10,106,0.0006317910844644095,0.0005101224601579209,0.34822705969398404,0.4180305679639181
10,107,0.0006287261429760191,0.0005087023782026437,0.35255258333535844,0.4178495340877109
10,108,0.0006241660865518138,0.0005145283519393868,0.3530794050958421,0.4087784780396356
10,109,0.0006216900413108553,0.0005126534366152352,0.360195192731457,0.413156082895067
10,110,0.0006196255374550359,0.0005079356436100271,0.35804676126550744,0.41736927562289766
10,111,0.0006131382235095916,0.0005033683704419268,0.3712678267632002,0.42628958887524077
10,112,0.0006120287613471809,0.0005085289258406395,0.37073640043352857,0.4231331043773227
10,113,0.0006128127476844339,0.0005117795158488055,0.3701838967240887,0.41433633168538414
10,114,0.0006095974805281946,0.000504527147859335,0.37578923481482046,0.4253523098097907
10,115,0.0006046352916638609,0.0005042514375721414,0.38248214839417255,0.4270871678988139
10,116,0.0006043601696333491,0.0005017296230006549,0.38254950591075565,0.429217255115509
10,117,0.000599052775564983,0.000504250823157943,0.3843682687959553,0.42424919340345596
10,118,0.000598136274960398,0.0005118238468033572,0.3893210693641945,0.4174175474378798
10,119,0.000600754571819885,0.0005076703305045764,0.3858570066499121,0.41983223093880545
10,120,0.0005990258932550564,0.0005007443445113798,0.3861511068579591,0.43046049541897247
10,121,0.0005951476901378713,0.0005147997910777728,0.38852684291792505,0.4110133687655131
10,122,0.0005944847786097707,0.0005145138970369266,0.3912306676676244,0.40777522722880044
10,123,0.0005908574640210488,0.0005132879958384567,0.394800556294712,0.41585215330123904
10,124,0.0005835202327113092,0.0005069285191388594,0.4021938559449749,0.42197346025043064
10,125,0.0005856971447586001,0.0005060040702422459,0.40191355958397007,0.4260739723841349
10,126,0.0005821966044432311,0.0005058266688138247,0.4020544517187425,0.42586594157748753
10,127,0.0005817420258945613,0.0004997763097182744,0.4036406244760678,0.43242344193988375
10,128,0.0005822083178367236,0.0005040674586780369,0.40656787524988625,0.4265600283940633
10,129,0.0005778710789731301,0.0005073601793911722,0.40947878316596703,0.42529273960325453
10,130,0.0005752035609251004,0.0005045730827583207,0.4138571608213731,0.42464570734235974
10,131,0.0005760637209693223,0.0005008747025082509,0.4127880895579303,0.43299872080485025
10,132,0.0005705274027818239,0.0004984327178034517,0.41892933330418153,0.43529613945219253
10,133,0.0005649679143522164,0.0005040814246361454,0.4239601729828634,0.4302685923046536
10,134,0.00056455855841323,0.0005081445392635134,0.4207215635864823,0.421785130765703
10,135,0.0005600672371880968,0.000500721242537515,0.4313844409989722,0.4330714291996426
10,136,0.0005610394324635925,0.0005020275220481886,0.4255555968225738,0.4320572190814548
10,137,0.0005569115850246615,0.0005020140282188853,0.4344319037449213,0.43618123133977255
10,138,0.0005475491985253253,0.0004988169271705879,0.44266221876497625,0.43811666038301256
10,139,0.0005541327860735265,0.0004971222874398033,0.4374722613228692,0.4379166603088379
10,140,0.000551818500281553,0.0004992843799603482,0.4374176687664456,0.4351259258058336
10,141,0.0005467935268376252,0.0005032455121787886,0.4443825365584574,0.4325855533281962
10,142,0.000543421187242608,0.0005038101549467279,0.4492397298047572,0.43143606185913086
10,143,0.0005423386783890978,0.0004953474000406762,0.4457488027619727,0.4445639901691013
10,144,0.0005402330911350379,0.0005002100861424373,0.45125235186682805,0.4349631812837389
10,145,0.0005356986529803202,0.0005041781114414334,0.4550566445162267,0.43268841372595895
10,146,0.0005333688875436093,0.0005044046220266157,0.46014363530241414,0.43235054545932344
10,147,0.0005356435702803234,0.0004903475534067385,0.4564205076959398,0.44730558262930975
10,148,0.0005323787006394317,0.0005022053179952005,0.4583917888594262,0.43746091259850395
10,149,0.0005339572312494302,0.0004958789549871451,0.4589523521470435,0.43913798332214354
10,150,0.0005310693305894088,0.000497247184264577,0.4585867135613053,0.43948249419530233
10,151,0.0005291819336743634,0.0004966030531148944,0.4635171135266622,0.44421722491582233
10,152,0.0005261911843891865,0.0004979547229595482,0.4644147844962132,0.4415928562482198
10,153,0.0005284668581652237,0.0005035834529230164,0.4616931180895111,0.43401696152157254
10,154,0.0005283100577933644,0.00050484363325975,0.46371114092108645,0.43230018615722654
10,155,0.0005174135990486837,0.0005038500375424822,0.4725622352258659,0.4351359499825372
10,156,0.0005179594499403956,0.0005050457910531097,0.47537914750016763,0.4355281366242303
10,157,0.0005167875510789914,0.0005015494793446527,0.47726293610937803,0.4401711808310615
10,158,0.0005147557866610127,0.0004999443267782529,0.4790475496539363,0.438379795021481
10,159,0.0005148736094584528,0.0004991642406417263,0.47936174310283897,0.44063207308451335
10,160,0.0005171862243312515,0.0004984894146521886,0.4708541385921431,0.43948494063483345
10,161,0.0005106889113875819,0.0005056412955228653,0.4825203197973746,0.4330485926734077
10,162,0.0005096019514445445,0.0005019985734381609,0.48494467808876507,0.43404726187388104
10,163,0.0005130614235962707,0.0005075872655854457,0.4802411445864925,0.4344449480374654
10,164,0.0005131738279072315,0.0005096474507202705,0.4763493252389225,0.4300611721144782
10,165,0.0005109087305350436,0.0004917428117348916,0.4829314794069455,0.4493574089474148
10,166,0.0005055712676106918,0.00049133009225544,0.48722166691297364,0.4557246261172824
10,167,0.0004989082180538479,0.0004901817702274356,0.49430558578467665,0.4541975736618042
10,168,0.0004996054781382374,0.00048774841383823916,0.4932828554400691,0.45605625708897907
10,169,0.0004999650169428392,0.0004929443704895676,0.4905647528024367,0.4488454514079624
10,170,0.0005042406830959666,0.0004917113369123803,0.4925462167940022,0.4483689718776279
10,171,0.0004972605523365883,0.0004925280253195928,0.4994198105953358,0.4489633255534702
10,172,0.000496182719067337,0.0004992569777338455,0.496633733054738,0.43908961481518216
10,173,0.00048662540819036006,0.0004996435141139147,0.5087845937705334,0.4422740260759989
10,174,0.0004927097046517848,0.0005024036049791095,0.4989347047275967,0.44357409212324356
10,175,0.0004945922664504637,0.0004946469866101527,0.49549137427483075,0.4479963660240173
10,176,0.00048556082844619213,0.0004979019324916104,0.5048859413759208,0.44989926947487724
10,177,0.00048409124461209607,0.0004942485829815269,0.5093329244189793,0.45348936716715493
10,178,0.00048336912834740897,0.0004936013176726798,0.5116956819722682,0.45011324220233495
10,179,0.00048112768649675503,0.0004912249569315463,0.5131431759139637,0.4538581543498569
10,180,0.00047742916978205796,0.0004824774740781221,0.5154528286721971,0.45979903671476574
10,181,0.0004822027632380249,0.0004926874658041117,0.5112873583664129,0.4533739407857259
10,182,0.00047384971640659153,0.0004956826173131251,0.523620726885619,0.45274468660354616
10,183,0.00047961744267125555,0.000491278025502753,0.5167118381570887,0.4551724897490607
10,184,0.0004743610245008941,0.0004909636937857916,0.5216913098170434,0.4521163860956828
10,185,0.0004717946712238093,0.0004918195533617917,0.5243842408980852,0.45297383202446834
10,186,0.00047171390550728473,0.000487380575052359,0.5195887708369596,0.4584491663508945
10,187,0.00046821675388383923,0.0004893975895053396,0.528503621654746,0.4530761533313327
10,188,0.0004685607546204586,0.0004909946544406315,0.5257356698130384,0.4547493484285143
10,189,0.00046776591291375184,0.000494066477727352,0.5262818209918929,0.446405037244161
10,190,0.0004664741519746589,0.0004968480530401899,0.526694114708606,0.4449108746316698
10,191,0.00046491069930467614,0.0004920916360182067,0.5294950084921755,0.44889008469051783
10,192,0.00046032704204539366,0.0004883566321546419,0.534919219105332,0.45394643810060287
10,193,0.00045918063706154995,0.0004911839386396524,0.5376288215319316,0.45301343202590943
10,194,0.00046239655405961347,0.0004828042512397385,0.5329721571486673,0.46129696634080675
10,195,0.0004605773750140711,0.00048696117592044174,0.5368674916985594,0.45909740659925674
10,196,0.0004533505180051527,0.0004993464267398748,0.5407330127409947,0.44374499056074357
10,197,0.0004525906508386043,0.0004875242373802596,0.5452863928712445,0.4601680994033813
10,198,0.0004552942342814748,0.00048707782795342304,0.5428951883021697,0.46032760805553863
10,199,0.00045211179789880085,0.0004938569825349582,0.5403257960154686,0.45152543120914035
10,200,0.00045361589945070905,0.00048672745793333486,0.5431628858601606,0.460063276025984
10,201,0.00044478714310874543,0.0004795802491975741,0.5531968967414197,0.46916039784749347
10,202,0.0004461358783530922,0.0004736602170548091,0.5474976451308639,0.47400272422366674
10,203,0.00044416673546139563,0.0004925186920445412,0.5510047758067096,0.45348618427912396
10,204,0.0004440274936101043,0.000492686827460097,0.5526619594774128,0.4494417667388916
10,205,0.00044290199897389996,0.0004814448805215458,0.553841898765093,0.4653731160693698
10,206,0.00044028070097053306,0.0004847335648567726,0.5534473423604612,0.4631347166167365
10,207,0.00043506611937679996,0.00048132620738922723,0.5591516447655949,0.46291347874535455
10,208,0.0004432302620836798,0.0004946938470109469,0.548412275314331,0.4498109486367967
10,209,0.00043897705108076793,0.0004938364882643025,0.5579716045179485,0.4503146807352702
10,210,0.0004426293891429165,0.00048494097168764306,0.5543582055303785,0.45989138152864245
10,211,0.00044689246203267466,0.0005074645664232473,0.5489078869054347,0.43566373984018963
10,212,0.0004353716827923271,0.0004851837629555828,0.5609840744807396,0.4617677198515998
10,213,0.00043055245682976586,0.0005029691046931678,0.5632644236823658,0.4373337533738878
10,214,0.00044024436609578076,0.0004944400700171374,0.5568933569354776,0.4507489177915785
10,215,0.00043088806488401725,0.00047469471012138656,0.5655168384681514,0.47224752108256024
10,216,0.00042803279249239024,0.00047205264887048137,0.5699573438844563,0.4751608477698432
10,217,0.00042782742278592913,0.00047706809192378486,0.5683662037790558,0.47085478835635713
10,218,0.00042887648602050766,0.0004827420557073007,0.5683480081734834,0.4660587085617913
10,219,0.0004240683501982992,0.000477756420797151,0.5752598340128675,0.4663378331396315
10,220,0.0004169306893873224,0.00048650139748739697,0.5776352769062842,0.4594560556941562
10,221,0.0004231479486025134,0.00048160888901394277,0.5729080860997424,0.4656407263543871
10,222,0.00042596146734546364,0.00047810323756291635,0.5675496411912235,0.46825203895568845
10,223,0.00042282156682182335,0.0004886271089263674,0.5748118906845281,0.4508136683040195
10,224,0.00042349522880186544,0.0004864841046380914,0.5701691776146124,0.4628863493601481
10,225,0.00041617558475721766,0.00048118222621269525,0.5842615585268279,0.46536158588197496
10,226,0.00041348723073800404,0.00047498248556318383,0.5818467727413884,0.47534521023432413
10,227,0.00041664970534232757,0.0004751415367031263,0.5794336982715277,0.47339658207363555
10,228,0.00041114895893433305,0.0004784791911434796,0.5851923780676759,0.46669037209616765
10,229,0.00041103004750991126,0.0004804501219445633,0.5854228346436112,0.4733170164955987
10,230,0.00041111436425305813,0.00048030630698324075,0.5866930227220795,0.46927937534120345
10,231,0.0004108005864430725,0.0004745452735935234,0.5862961050904827,0.4686297019322713
10,232,0.00041130016066340936,0.00047207630317037307,0.584589123873063,0.4751175496313307
10,233,0.00040765365235001587,0.000477030565444794,0.5904063948878535,0.47532785601086086
10,234,0.00040510605652759106,0.00048025689967390566,0.5907363414764404,0.4652008440759447
10,235,0.0004094483608230489,0.0004825435384797553,0.5855308272220471,0.46137395434909395
10,236,0.0004047957155566065,0.0004812262182693101,0.5890156189600627,0.4683140714963277
10,237,0.00040443316691290634,0.0004934469722987463,0.5896703338917391,0.4500386330816481
10,238,0.00040796164618690073,0.0004765191490554975,0.5885779494120751,0.4718465394443936
10,239,0.0003996732365914885,0.00047099301979566615,0.5974885949382076,0.476780543062422
10,240,0.00039588233857001693,0.00048034319770522415,0.600717215920672,0.46886863708496096
10,241,0.00039911531213739955,0.0004745322311969681,0.5948421398798625,0.47471983432769777
10,242,0.00039232902474597926,0.0004907440969772222,0.6035661400100332,0.4556383146180047
10,243,0.00039708140366538256,0.00048097627780710657,0.5976360142966848,0.4732433478037516
10,244,0.00040009969969015613,0.0004927250737738278,0.5956931255481861,0.4563190672132704
10,245,0.0003959001855418822,0.0004817077702480472,0.6002584416189312,0.4669850865999858
10,246,0.00039320081561504877,0.0004792161635123193,0.6012244070017779,0.4695209092564053
10,247,0.0003877083554628225,0.00047136925600676073,0.6085533621870441,0.47978458007176716
10,248,0.00038801679491168924,0.00048321696877893475,0.608279162424582,0.46662633419036864
10,249,0.0003917038654851049,0.0004907986582515554,0.6073947900607262,0.45916522476408217
10,250,0.00038763898443488153,0.0004781006052831395,0.6054856390128901,0.4682197954919603
10,251,0.000391052246818112,0.00047232536728390387,0.6052917664433703,0.4739349444707235
10,252,0.0003935155670020591,0.00047229108943914376,0.6035033643981557,0.4785996543036567
10,253,0.0003868482117311178,0.00047528406786214974,0.6067672861946953,0.4746639635827806
10,254,0.00038183289019528915,0.00048721058863318627,0.6132240376354735,0.4629163569874234
10,255,0.00037970081586850645,0.0004678449147225668,0.6195262763235304,0.48606802092658147
10,256,0.0003806474754431595,0.00047306425985880194,0.6160346719953749,0.475990977552202
10,257,0.0003777737329702502,0.0004680672873898099,0.6192414779721954,0.4863610519303216
10,258,0.00037915522180911567,0.00047266432860245305,0.6165373740372835,0.48088571230570476
10,259,0.00038029702917822167,0.00047230741410102283,0.6154637787077162,0.4799238814247979
10,260,0.0003738664456407459,0.000471942087299087,0.6244103143244614,0.4788114441765679
10,261,0.0003726910186764773,0.00048224759003561406,0.6210012939241197,0.4669274952676561
10,262,0.00037613580812539125,0.0004864829741159661,0.6193202544141698,0.46122818258073595
10,263,0.0003756648227773653,0.00048099839542475013,0.6213338063086993,0.46878839333852135
10,264,0.0003693037719557775,0.00047031960825228856,0.6283267577489217,0.48594692283206514
10,265,0.0003737672478575719,0.00047259239363484085,0.6222550730646392,0.4793692191441854
10,266,0.0003749082144493536,0.0004817151800832815,0.6242589865201785,0.47187713649537827
10,267,0.0003711343909625286,0.00047963334816611473,0.6255683302879333,0.4699854042794969
10,268,0.00037556372253787646,0.00048348759106981256,0.6180238389674528,0.4667371140586005
10,269,0.0003668404890678501,0.0004761878996052676,0.6287714618223684,0.47451119555367366
10,270,0.0003713289980724868,0.00046497825274450914,0.625128440209377,0.49116800493664214
10,271,0.0003707264060654712,0.0004877309470127026,0.6242175612920596,0.4640644881460402
10,272,0.00036723171619491444,0.0004791422514244914,0.6287024125640774,0.4732826974656847
10,273,0.000368143319307516,0.0004909877749418633,0.6232600897918513,0.4599101212289598
10,274,0.0003664678391672809,0.0004733645234308723,0.6262494449262266,0.47780788871977065
10,275,0.0003629590660609581,0.0004810320983071708,0.6356146262015825,0.46631115410063
10,276,0.000363118013145724,0.0004762313283410751,0.6301858954959445,0.4741229388448927
10,277,0.00035712643193058026,0.00048323803283791575,0.6396826186297853,0.4674542824427287
10,278,0.00035985436083541976,0.00046907609858964054,0.6379553267985214,0.4882228785090976
10,279,0.0003526140484429988,0.00047586058757992253,0.6460778586658431,0.4767081565327115
10,280,0.0003556321258656681,0.0004951093177725044,0.6399254809191197,0.4513599673906962
10,281,0.00035990110733603804,0.0004893932776111696,0.6357916272716758,0.4622272041108873
10,282,0.0003638687030481244,0.00047384802924676074,0.6317597187595603,0.4763482477929857
10,283,0.00035723502378347385,0.00048482224293467074,0.6404874461668509,0.47212385733922324
10,284,0.00035489843145047347,0.0004778210979161991,0.6415341430240207,0.4750824040836758
10,285,0.0003528958163511606,0.0004774021443962637,0.6475735626102965,0.4729583528306749
10,286,0.0003537108850044509,0.0004908591373047481,0.6425162783375493,0.461786421140035
10,287,0.0003486287939638175,0.0004864664166234434,0.6491757410543936,0.4649335953924391
10,288,0.000353768449291058,0.00048627406164693335,0.6411199697741756,0.46818610959582857
10,289,0.00035026998325239547,0.0004828241990051336,0.6447786936053523,0.47538147502475314
10,290,0.00034753638348415677,0.00047382696906829046,0.6465273863003578,0.48132844103707206
10,291,0.0003486329877898557,0.0004830130143091083,0.6482631645084899,0.47085843351152207
10,292,0.0003446896499408018,0.00046262061417413257,0.6530697801966726,0.4946670823627048
10,293,0.00034688162340000734,0.0004701659025158733,0.6508110268616382,0.48443602323532103
10,294,0.0003529174460305108,0.0004927341347663766,0.6381773412963491,0.4644032875696818
10,295,0.00034508333364674065,0.00046916490860490333,0.6516170286837919,0.4942989336119758
10,296,0.00034432982203815086,0.00046802843377615014,0.6520884137094757,0.4884840197033352
10,297,0.0003379061310063404,0.0004819031940617909,0.6595986498726739,0.47104704512490164
10,298,0.00034533373014081594,0.0004679141443274501,0.6495519517380515,0.4887892961502075
10,299,0.0003468461055164858,0.0004766689315955672,0.646177496144801,0.4780674285358853
10,300,0.0003420254840791501,0.00048034181365639797,0.6525039118013264,0.47661418782340154
