Fold,Epoch,Train_MSE,Val_MSE,Train_R2,Val_R2
1,1,0.0009564649080857635,0.0009739281376823783,-0.02661833071414335,-0.02666583061218262
1,2,0.000936248165089637,0.0009535387507639825,-0.0003244014433872553,-0.0023538165622287326
1,3,0.0009359294199384749,0.0009534779819659889,1.654507201394917e-05,-0.002465973960028754
1,4,0.0009358284878544509,0.0009533453267067671,4.925948602181894e-05,-0.0022411545117696128
1,5,0.0009357401286251843,0.0009532435797154903,0.00021196250562314635,-0.002092876699235704
1,6,0.0009356845403090119,0.0009532095864415169,0.00027319634402239766,-0.0020647578769259984
1,7,0.0009356004884466529,0.0009530825773254037,0.0003990890067300679,-0.001907242668999566
1,8,0.0009354939684271812,0.0009529449744150043,0.0004973205519311222,-0.001802859041425917
1,9,0.0009353802888654172,0.0009528145310468972,0.0006324119038052029,-0.0016912950409783258
1,10,0.0009352605557069182,0.0009526749490760267,0.0007676252612361202,-0.001605081558227539
1,11,0.0009350494365207851,0.0009524627239443362,0.000998143207879714,-0.0014301233821445041
1,12,0.0009347579325549304,0.0009521280881017447,0.0012926181157430013,-0.0012049714724222818
1,13,0.0009342749253846705,0.0009515293058939278,0.0017829917095325612,-0.0007729053497314454
1,14,0.0009335139766335487,0.0009505376219749451,0.002547852786970727,-7.961061265733507e-05
1,15,0.0009323454578407109,0.0009489981457591057,0.003729402577435529,0.0010139889187282987
1,16,0.0009298953227698803,0.0009460140718147159,0.007017777142701326,0.004091935687594943
1,17,0.0009266557171940804,0.0009421547874808311,0.010744686627093656,0.0076806982358296715
1,18,0.0009240240324288607,0.0009389854967594147,0.012998499105006089,0.009986505243513319
1,19,0.0009220276260748506,0.0009366832673549652,0.014402534785094085,0.01142945819430881
1,20,0.0009203541558235884,0.0009349171305075288,0.015400381882985432,0.012448762522803412
1,21,0.0009188295807689428,0.000933521892875433,0.016229171223110624,0.013191311889224582
1,22,0.0009174425504170358,0.0009324006969109178,0.01689441645586932,0.013736034764183893
1,23,0.0009161958005279303,0.0009315793286077678,0.017432097446771315,0.014037674003177219
1,24,0.0009150883997790515,0.0009309335146099329,0.017900652208445986,0.014201180140177409
1,25,0.000914203526917845,0.0009306545834988356,0.01820902971573818,0.014109894964430067
1,26,0.0009135307627730072,0.0009306016145274043,0.01837807540540342,0.013828047116597493
1,27,0.0009129942045547068,0.0009307198924943805,0.0185421797964308,0.013502350118425157
1,28,0.000912558869458735,0.0009309525485150516,0.018689068894327424,0.01312426726023356
1,29,0.000912172719836235,0.0009311799658462405,0.01884743755246386,0.012818548414442275
1,30,0.0009118257439695299,0.0009314037743024528,0.019007194630893662,0.012571940157148574
1,31,0.000911485287360847,0.0009316846262663603,0.01919021621162509,0.012329550584157307
1,32,0.000911170500330627,0.0009319595992565155,0.019363018612802766,0.012098395824432373
1,33,0.000910857692360878,0.0009323304984718561,0.019538177384270564,0.011806922488742405
1,34,0.0009105608332902193,0.0009326883591711521,0.019695738362677302,0.011509331067403157
1,35,0.0009102735202759504,0.0009330701432190835,0.01985614240905385,0.011202520794338651
1,36,0.0009099994786083698,0.0009333359776064754,0.02001711071273427,0.010896388689676921
1,37,0.0009097171714529395,0.0009337369119748473,0.020220551520218084,0.010645752482944065
1,38,0.0009094581473618746,0.0009340446558780968,0.020351711173116425,0.010248594813876681
1,39,0.0009092255495488644,0.0009344959980808198,0.020506981272756318,0.009933703475528292
1,40,0.0009089699015021324,0.0009348170133307576,0.02064990025979501,0.009502598974439834
1,41,0.0009086679783649743,0.000935033371206373,0.020899083732086935,0.009314097298516167
1,42,0.0009084509219974279,0.000935338088311255,0.02103049593207277,0.009014480643802218
1,43,0.0009083536569960415,0.0009360674303025007,0.020974643877994865,0.008390192190806072
1,44,0.0009080275776796043,0.0009361269185319543,0.021222425243000925,0.008085103829701741
1,45,0.0009077927097678185,0.0009365511359646916,0.021412008191332405,0.007819357183244493
1,46,0.0009076960850507021,0.0009370394982397556,0.021406839070496737,0.007351370652516683
1,47,0.000907454639673233,0.0009372752392664552,0.021575028513684685,0.0069638941023084855
1,48,0.0009070737287402153,0.0009371766354888678,0.02190224285478945,0.006932055950164795
1,49,0.0009069726802408695,0.0009377257665619254,0.021871060206566328,0.0063129517767164444
1,50,0.0009068486397154629,0.0009380944538861513,0.02197663018732895,0.006067689259847005
1,51,0.0009067949140444398,0.0009384235600009561,0.021971762621844255,0.00574260155359904
1,52,0.0009063128381967545,0.0009381328709423542,0.022442290812362858,0.005948376655578613
1,53,0.0009061570162884891,0.0009387164609506726,0.022559696509514327,0.005458753638797336
1,54,0.0009062198223546147,0.000939150049816817,0.022410169354191534,0.005032169818878174
1,55,0.0009058843133971095,0.000939040444791317,0.022680612405141194,0.005081686708662245
1,56,0.0009058500290848315,0.0009395753149874508,0.02271901516266811,0.004718716939290365
1,57,0.0009055497357621789,0.0009396658279001713,0.02296172233275425,0.004515147209167481
1,58,0.0009055403061211109,0.0009399123955518007,0.023032394897790603,0.004426087273491753
1,59,0.0009054731926880777,0.0009404596639797091,0.022969730695088706,0.0038005272547403973
1,60,0.0009053683024831116,0.0009407484903931618,0.023042278230926135,0.003541213936275906
1,61,0.0009053107351064682,0.0009408592013642192,0.023074908904087397,0.00344545046488444
1,62,0.0009050164371728897,0.0009407438337802887,0.023333738909827338,0.0034214999940660263
1,63,0.0009047421626746655,0.0009412599029019475,0.0236849954098831,0.0030531525611877442
1,64,0.0009046468185260892,0.0009415234089829028,0.023617511178240364,0.0026279330253601075
1,65,0.0009046585182659328,0.0009420932037755847,0.02345510471014329,0.002045256561703152
1,66,0.0009047792409546673,0.0009423838346265256,0.02333547553898376,0.001817227734459771
1,67,0.0009045969927683473,0.0009425014723092318,0.023475647855688026,0.0016345355245802138
1,68,0.0009047504281625152,0.0009427168988622725,0.023406478210731788,0.0015290485488043892
1,69,0.0009046379709616303,0.0009431047947145998,0.02349800725042084,0.0010916484726799858
1,70,0.0009042304591275752,0.0009424396557733417,0.023866063871501406,0.001667487621307373
1,71,0.0009039398282766342,0.0009432265651412308,0.024230563787766446,0.0010329153802659777
1,72,0.0009039000724442303,0.0009436816326342523,0.024199160087255783,0.00038185384538438584
1,73,0.000903966196347028,0.0009445613250136375,0.02414760986963908,-0.00042713748084174263
1,74,0.0009039223659783602,0.0009449998615309596,0.023812939796918703,-0.0013861536979675293
1,75,0.0009038817370310426,0.000945023843087256,0.023960019335334683,-0.0012017024887932672
1,76,0.0009037113632075489,0.0009444954921491444,0.02412995938901548,-0.000742699040306939
1,77,0.0009037071140483022,0.0009450077777728438,0.024263042873806425,-0.0011118584209018284
1,78,0.0009035994880832732,0.000945278094150126,0.024106721230495124,-0.0016916539933946398
1,79,0.0009036232950165868,0.0009453730890527368,0.024106904753932245,-0.00174204773373074
1,80,0.000903576728887856,0.0009457125561311841,0.0240436730561433,-0.002306275897555881
1,81,0.0009034706745296717,0.0009455588879063725,0.02424902739348235,-0.0019744608137342665
1,82,0.000903216830920428,0.000945526291616261,0.02459307982597822,-0.0020121521419949003
1,83,0.0009032640373334289,0.0009459451539441943,0.024576642336668793,-0.0024320416980319554
1,84,0.0009033707901835442,0.0009466359042562544,0.024343828213067704,-0.003430227438608805
1,85,0.0009033100213855505,0.000946811749599874,0.02414698365293903,-0.004011698563893636
1,86,0.0009031397057697177,0.0009461566805839539,0.024605914104132005,-0.0031384322378370496
1,87,0.0009031107183545828,0.0009468450443819165,0.024598173153253248,-0.004014668199751112
1,88,0.0009032547241076827,0.0009467363124713302,0.024458753915480625,-0.0039861083030700685
1,89,0.0009031677036546171,0.0009470984223298728,0.0242672739205537,-0.004944965574476454
1,90,0.0009031521622091532,0.0009470485965721309,0.02439611914717121,-0.004584235615200467
1,91,0.0009029240463860333,0.000947170949075371,0.02481144107418296,-0.0045699901050991485
1,92,0.0009029427892528474,0.0009477529674768448,0.024744656056533625,-0.005143296718597412
1,93,0.0009030046057887375,0.0009482917375862598,0.024665595131155887,-0.005970023738013373
1,94,0.0009030890068970621,0.0009486042545177042,0.024240376625531985,-0.007048869132995605
1,95,0.0009029734064824879,0.0009487899951636791,0.02446717494799767,-0.00711419317457411
1,96,0.0009029723005369306,0.0009493879042565823,0.024466098532264616,-0.00814306338628133
1,97,0.0009028963395394385,0.0009497797000221908,0.024599960115220813,-0.008680824438730876
1,98,0.0009029180509969592,0.0009497177670709789,0.024584617879655626,-0.008476946089002822
1,99,0.0009035219554789364,0.0009496745769865811,0.023982507358362645,-0.008506429195404053
1,100,0.0009028573986142874,0.0009497497230768204,0.02439155446158515,-0.009331101841396756
1,101,0.0009030618239194155,0.0009496439597569406,0.024417424790653182,-0.009061998791164823
1,102,0.000902751344256103,0.0009496703278273344,0.024463469452328152,-0.009434955649905735
1,103,0.0009033264359459281,0.0009497743449173868,0.02398208953716137,-0.009445218245188396
1,104,0.0009026708430610597,0.0009492583340033889,0.02451569577794016,-0.00885849396387736
1,105,0.0009024834143929183,0.0009495669510215521,0.02493775317698349,-0.008796869383917914
1,106,0.0009031638037413359,0.0009496251586824656,0.024337855238973357,-0.009143510129716662
1,107,0.0009025587933138013,0.0009495906997472048,0.024628594039398946,-0.009280996852450901
1,108,0.0009026059415191412,0.0009496869170106947,0.024777327054812583,-0.009270075956980388
1,109,0.0009025732870213687,0.000949993496760726,0.024939950307210287,-0.009527479277716742
1,110,0.0009023406310006976,0.0009501429740339518,0.0248446829525041,-0.01001835134294298
1,111,0.0009027189807966352,0.0009499845327809453,0.024659373142101145,-0.009666823016272651
1,112,0.0009023614111356437,0.0009503148030489683,0.024767618267624466,-0.010366177558898926
1,113,0.0009026294574141502,0.0009510071249678731,0.02463968432979819,-0.011031517717573379
1,114,0.0009023394668474793,0.0009511294774711132,0.024944449501273072,-0.010816533035702175
1,115,0.0009022052981890738,0.000951445777900517,0.025091976589626735,-0.011441838741302491
1,116,0.000902264378964901,0.0009516815771348774,0.025025589966479644,-0.01168027189042833
1,117,0.0009022906306199729,0.0009518160950392485,0.0249782391536383,-0.012263557646009657
1,118,0.000902415718883276,0.0009505313355475664,0.02448439097698824,-0.01138212283452352
1,119,0.0009024337632581592,0.0009511380922049284,0.024655190073413612,-0.011612992816501194
1,120,0.0009022420272231102,0.0009519023587927222,0.024938223391403388,-0.011999403105841742
1,121,0.000902037019841373,0.0009517337311990559,0.02506036596533693,-0.012038763364156086
1,122,0.0009020755533128977,0.0009518219158053398,0.025024634084583802,-0.012507649262746175
1,123,0.0009020449360832572,0.0009509331430308521,0.02484264329627708,-0.011695950561099582
1,124,0.0009020967409014702,0.0009512555552646518,0.0248987517239135,-0.012125992774963379
1,125,0.0009020727593451738,0.0009519757586531341,0.024912187346705684,-0.012811979982588026
1,126,0.000901979801710695,0.0009519618470221758,0.02517498231228487,-0.012639745076497396
1,127,0.0009019075660035014,0.0009520475286990404,0.025247012833018362,-0.01267231305440267
1,128,0.0009019261924549937,0.0009521647589281201,0.025112302950870843,-0.013194620609283447
1,129,0.0009019866120070219,0.0009526880457997322,0.025013832987090687,-0.01354655424753825
1,130,0.0009020867291837931,0.0009526753565296531,0.024880527125464545,-0.013620756732092964
1,131,0.0009020990692079067,0.0009531637188047171,0.02460159946371008,-0.014535400602552626
1,132,0.0009019534336403012,0.0009530074894428253,0.024971574324148673,-0.014098032315572103
1,133,0.0009021886507980525,0.0009518868755549192,0.02428598212607113,-0.013613100846608479
1,134,0.0009020000579766929,0.0009517819853499532,0.024764258920410533,-0.01288447380065918
1,135,0.0009019741555675864,0.0009525202331133187,0.024878597406693445,-0.013486637009514702
1,136,0.0009019909193739295,0.0009514388511888683,0.02454850423483201,-0.012975198692745632
1,137,0.0009023183956742287,0.0009521432803012431,0.024198681042518145,-0.013375441233317057
1,138,0.0009019583812914789,0.0009514596313238144,0.02486952528541471,-0.012278883987002902
1,139,0.0009017817792482674,0.0009516936261206865,0.025208517357155128,-0.012484698825412326
1,140,0.0009018579730764031,0.0009522683685645461,0.025055305898925403,-0.012861108779907227
1,141,0.0009017074480652809,0.0009525668574497104,0.025279838067513924,-0.013144111633300782
1,142,0.0009018628625199199,0.0009526610374450684,0.024934147022388598,-0.013518798351287841
1,143,0.0009017037809826434,0.0009519716259092093,0.02517893800029048,-0.012637476126352945
1,144,0.0009017649572342634,0.0009519567829556763,0.02511784706586673,-0.013113358285692003
1,145,0.000902129802852869,0.0009525575442239642,0.02447270537600105,-0.013660742176903619
1,146,0.0009020048892125487,0.0009505468769930303,0.024561580022176108,-0.01191119220521715
1,147,0.000901907857041806,0.0009520070161670446,0.024798362490571574,-0.012983918190002441
1,148,0.0009017668198794127,0.0009511742973700166,0.024945488976843563,-0.01186774174372355
1,149,0.0009017741540446877,0.0009519223822280765,0.025036026371849908,-0.01291123628616333
1,150,0.0009018281707540154,0.0009525512577965856,0.02478258830529672,-0.0134830289416843
2,1,0.000952725182287395,0.0010144779225811362,-0.02725280287825031,-0.03029306199815538
2,2,0.0009316033683717251,0.0009940183954313397,0.0007557355327370726,-0.0038924217224121094
2,3,0.0009312212932854891,0.0009936044225469232,0.0014202525586257746,-0.003251471784379747
2,4,0.0009311881731264293,0.0009935774141922593,0.0013663581859918287,-0.0032336632410685223
2,5,0.0009311521425843239,0.000993521069176495,0.001424152026941747,-0.003172428078121609
2,6,0.0009310905588790774,0.000993475317955017,0.0014945932376531908,-0.003073916170332167
2,7,0.0009310258901678026,0.0009934320114552975,0.001545956841221562,-0.0030201448334587944
2,8,0.0009309611632488668,0.0009933640249073505,0.0016466112784397455,-0.0029337167739868163
2,9,0.0009308767621405423,0.0009933315450325608,0.0017462335986855588,-0.0029061264461941187
2,10,0.000930796202737838,0.0009932639077305794,0.0018201208408967948,-0.002835716141594781
2,11,0.000930677866563201,0.0009932273533195257,0.0019211493892434203,-0.002773500813378228
2,12,0.0009305505082011223,0.0009931446984410286,0.0020323119045775615,-0.0026818805270724826
2,13,0.0009303700062446296,0.0009930708911269903,0.0022714634000519174,-0.0025141768985324437
2,14,0.0009301063837483525,0.0009929236257448792,0.0025022790755754635,-0.0023560404777526857
2,15,0.000929713249206543,0.0009926891652867198,0.002913372016247408,-0.002044159836239285
2,16,0.0009290356538258493,0.0009922012686729431,0.0037309568605305237,-0.0013514426019456652
2,17,0.0009271497838199139,0.0009906137129291892,0.006481056743197971,0.0010121928320990668
2,18,0.0009250345174223185,0.0009888859931379557,0.008772868285944433,0.0029773592948913576
2,19,0.0009231723379343748,0.000987375620752573,0.010556606746014253,0.004483490520053439
2,20,0.0009216113248839974,0.0009860650170594454,0.011872370007597369,0.005611934926774767
2,21,0.0009204380912706256,0.0009851452196016908,0.012780539930602651,0.006338330109914144
2,22,0.0009194870362989604,0.0009844130836427212,0.013466929653544485,0.006863605976104736
2,23,0.00091865862486884,0.0009836354292929173,0.014111708858866751,0.007464742660522461
2,24,0.0009179514599964023,0.0009831672068685293,0.01449935480400368,0.007643069161309136
2,25,0.0009172316640615463,0.000982607831247151,0.014954142364454859,0.007969558238983154
2,26,0.0009165462688542902,0.0009822594001889229,0.01526947330545496,0.00796791050169203
2,27,0.0009157841559499502,0.0009816347155719995,0.01575277366755921,0.008334226078457303
2,28,0.00091500737471506,0.0009811914060264826,0.016173612041237913,0.008514730135599773
2,29,0.0009142091730609536,0.0009805620647966862,0.01666121217939589,0.008924775653415255
2,30,0.0009133933926932514,0.0009800281841307878,0.017033822889681215,0.009090409013960096
2,31,0.0009125206852331758,0.0009793075732886791,0.017544088098737927,0.009542638725704617
2,32,0.0009115819120779634,0.000978632946498692,0.018131417256814462,0.01009962691201104
2,33,0.0009106920333579183,0.000977971125394106,0.018658699959884454,0.010556226306491428
2,34,0.0009097844595089555,0.0009772294433787465,0.01916172018757573,0.011145092381371392
2,35,0.0009088985389098525,0.0009764139540493488,0.019797475985538812,0.011943862173292371
2,36,0.0009080532472580671,0.0009758573141880333,0.020334065843511513,0.012483526600731744
2,37,0.0009073175606317818,0.000975342292804271,0.020817868503523462,0.012901217407650418
2,38,0.000906560686416924,0.0009750232566148043,0.021394502969435705,0.013293394777509902
2,39,0.0009059059666469693,0.0009746298892423511,0.021825367874569363,0.013603128327263726
2,40,0.0009053590474650264,0.0009744268609210849,0.022194136807947983,0.013714669810401068
2,41,0.0009049297077581286,0.0009743162081576884,0.022493778629067502,0.013772359159257676
2,42,0.000904508400708437,0.0009741676622070372,0.02267101561581647,0.013802659511566163
2,43,0.000903916428796947,0.0009740558452904224,0.023339475525750053,0.014152761300404866
2,44,0.0009034834802150726,0.00097381736850366,0.023545074021374738,0.014234483242034912
2,45,0.0009033167734742165,0.0009738957742229104,0.02364730437596639,0.014113583829667833
2,46,0.0009026799816638231,0.0009737676591612399,0.024175297919614817,0.014233985212114122
2,47,0.0009020941215567291,0.0009738518856465816,0.024833727177278494,0.01433831188413832
2,48,0.000901987194083631,0.0009737540385685861,0.024735113720834992,0.014098680019378662
2,49,0.0009013533126562834,0.0009737061336636543,0.025439358787772096,0.01434327761332194
2,50,0.0009009522618725896,0.0009738539811223745,0.02572265363033907,0.014131567213270399
2,51,0.0009007336338981986,0.0009738036314956844,0.025937753400684875,0.014123141765594482
2,52,0.0009003797313198447,0.000974002992734313,0.026084093547161714,0.013828489515516493
2,53,0.0009001842699944973,0.0009741122485138476,0.026317903141916534,0.013692863782246907
2,54,0.0008997719269245863,0.0009742784895934165,0.02652005781362086,0.013414543204837375
2,55,0.0008996360702440143,0.0009744983399286866,0.02652131024702096,0.013159509499867756
2,56,0.000899298582226038,0.0009746990981511772,0.026909588148564468,0.012879029909769694
2,57,0.0008990776259452105,0.0009746515424922109,0.026886697315875396,0.012870416376325819
2,58,0.0008988342015072703,0.0009746523573994637,0.027140761451956666,0.01284678512149387
2,59,0.0008985692402347922,0.0009751224424690008,0.02752453029891591,0.012416709793938531
2,60,0.0008984302403405309,0.0009747183066792786,0.02760105383248977,0.012711507744259304
2,61,0.0008982178405858576,0.000975055037997663,0.027743585462923402,0.012230328718821208
2,62,0.0008982739527709782,0.0009752677869983017,0.027639572561523062,0.011904415819380018
2,63,0.0008978934492915869,0.000975443865172565,0.028184786843664853,0.01196909613079495
2,64,0.0008977768011391163,0.0009755955543369055,0.028182653586069743,0.011588675445980495
2,65,0.000897593388799578,0.0009759874083101749,0.028428223250824728,0.011344958676232232
2,66,0.000897485064342618,0.0009762399713508785,0.02875724972030263,0.01112852758831448
2,67,0.000897264457307756,0.0009760165703482926,0.028659879719769514,0.011095449659559461
2,68,0.0008971873903647065,0.0009767445735633373,0.029028015519365853,0.01059297588136461
2,69,0.0008971726638264954,0.0009764053393155336,0.02861739735544464,0.010391343964470758
2,70,0.0008967742323875427,0.0009767480660229921,0.029324121975604397,0.010219136873881022
2,71,0.0008970445487648249,0.0009765630820766091,0.028753278137725078,0.010229388872782389
2,72,0.0008965578745119274,0.0009771143086254597,0.029469054422260804,0.00984055863486396
2,73,0.0008966586901806295,0.0009768668096512556,0.02912268344266915,0.009658990965949164
2,74,0.000896370445843786,0.0009772994089871645,0.02943345426041403,0.009540437327490912
2,75,0.0008963647414930165,0.0009771990589797497,0.029544672848265847,0.009440015421973334
2,76,0.0008963841828517616,0.0009768570307642221,0.02953491343392266,0.009994281662835015
2,77,0.000897078076377511,0.0009772588964551687,0.028250848216775024,0.009057406584421794
2,78,0.0008961213752627373,0.0009773976635187864,0.029602986794930918,0.009263520770602756
2,79,0.0008963780128397048,0.000977313844487071,0.02904840913819678,0.00913505819108751
2,80,0.0008959814440459013,0.000977084506303072,0.029931721128063436,0.009660685062408447
2,81,0.0008961707353591919,0.0009765198337845504,0.029569123850928414,0.010218556722005208
2,82,0.0008959668921306729,0.0009773196652531624,0.029511694407757416,0.009132079283396403
2,83,0.0008958395919762552,0.0009770054602995515,0.029812733626660006,0.009497612052493625
2,84,0.0008957054233178496,0.0009771935874596238,0.030053771130832626,0.009308196438683403
2,85,0.0008958053076639771,0.000977294985204935,0.029648518120801007,0.008825357755025227
2,86,0.0008955516386777163,0.0009774926584213972,0.030287354522281224,0.009199783537122938
2,87,0.0008961138082668185,0.0009772226912900805,0.02922147438849932,0.009135819805992974
2,88,0.0008955355151556432,0.0009771210607141256,0.030057153436872694,0.009454454316033258
2,89,0.0008955177036114037,0.000977397314272821,0.03009645203013479,0.009171068668365479
2,90,0.0008962824940681458,0.000977986492216587,0.028762183513170406,0.008454326788584392
2,91,0.000896490877494216,0.0009782533161342144,0.028444946253741228,0.008397376537322998
2,92,0.0008965565357357264,0.0009784953435882926,0.028082905139452146,0.008059373166826036
2,93,0.000896268174983561,0.0009784514550119638,0.0286370328914972,0.008269094096289741
2,94,0.0008961580460891128,0.0009779746178537607,0.028556020171554,0.008735307057698568
2,95,0.000896601879503578,0.0009787729941308498,0.02776088508558862,0.008006146219041612
2,96,0.000896095356438309,0.0009778274688869715,0.02865919743055179,0.008815459410349528
2,97,0.0008959645638242364,0.0009766491129994392,0.02928792576730987,0.010487062401241726
2,98,0.0008960913401097059,0.0009773082565516233,0.029314334009900505,0.009171850151485868
2,99,0.0008949737530201674,0.0009763150010257959,0.03070875656457595,0.010777035024431017
2,100,0.0008951590862125158,0.0009774224599823356,0.030079270586555386,0.009295794698927138
2,101,0.0008949277689680457,0.0009773715864866972,0.030572002758214502,0.009147614902920194
2,102,0.0008948837057687342,0.0009771723998710513,0.030658842752009263,0.00925881067911784
2,103,0.0008952172356657684,0.0009777003433555365,0.029955642164489368,0.00867166386710273
2,104,0.0008949269540607929,0.000977321993559599,0.030236167230723816,0.009334597322675917
2,105,0.0008954692166298628,0.0009778273524716496,0.029420755527637624,0.009022067652808295
2,106,0.000895267236046493,0.0009785826550796628,0.02937250093177513,0.007439409361945259
2,107,0.0008954391232691705,0.0009789252653717995,0.029302235885902687,0.007623325453864203
2,108,0.0008946776506491005,0.0009776127990335226,0.03060044064933871,0.009337380197313097
2,109,0.0008952397620305419,0.0009776619262993336,0.029700677777514044,0.009176553620232477
2,110,0.0008951189229264855,0.000978042371571064,0.029441633930912724,0.008482823106977675
2,111,0.0008951879572123289,0.000978741329163313,0.02943028873867459,0.008323469426896837
2,112,0.0008948770118877292,0.0009784784633666277,0.030006360566174544,0.00859476195441352
2,113,0.0008949345792643726,0.000977594405412674,0.030223819944593642,0.009786978032853869
2,114,0.0008947961032390594,0.0009788733441382647,0.030202281327895177,0.008254991637335883
2,115,0.0008948664180934429,0.000979315722361207,0.030244867742797475,0.00764317512512207
2,116,0.0008948952308855951,0.0009786523878574371,0.02998900987483837,0.008565747737884521
2,117,0.0008946886518970132,0.0009788123425096273,0.03085427990666142,0.00840869082344903
2,118,0.0008945622248575091,0.0009781555272638798,0.030813632335191892,0.009268628226386176
2,119,0.0008944641449488699,0.0009796081576496363,0.030416197541319294,0.007278846369849311
2,120,0.0008945351582951844,0.0009781352709978819,0.030544750337247496,0.008967497613694933
2,121,0.0008949055336415768,0.0009788048919290304,0.029396616088019478,0.007853166262308756
2,122,0.0008949039038270712,0.000979311764240265,0.029752036230063734,0.008013474941253661
2,123,0.0008944852161221206,0.0009784428402781487,0.03078940400370845,0.00875389575958252
2,124,0.0008943779394030571,0.0009779541287571192,0.030623037579618855,0.00927433172861735
2,125,0.0008948257891461253,0.0009791674092411995,0.029420446466516564,0.008038189676072862
2,126,0.0008943383581936359,0.000978901982307434,0.03020306869789406,0.008102546797858344
2,127,0.0008947858586907387,0.0009794770739972591,0.030267167385713552,0.007296114497714572
2,128,0.000894785625860095,0.0009787494782358408,0.02984822208498731,0.008291441864437527
2,129,0.000894503784365952,0.0009800229454413056,0.030291596312581756,0.0068836172421773275
2,130,0.0008950133924372494,0.0009801900014281273,0.029231097374433353,0.0063967055744595
2,131,0.0008949106559157372,0.0009797306265681982,0.028952566929805426,0.007256417804294162
2,132,0.0008947206661105156,0.0009784188587218523,0.029865973967093007,0.008350351121690539
2,133,0.0008946951711550355,0.000978598720394075,0.030457188612149085,0.008712106280856662
2,134,0.0008947510505095124,0.0009784381836652756,0.029306250737037187,0.008170972930060492
2,135,0.0008944534347392619,0.0009793676435947418,0.029902189749258536,0.007599874337514242
2,136,0.0008943727007135749,0.000978041673079133,0.03048721757935889,0.009169113636016846
2,137,0.0008941933047026396,0.0009788332972675562,0.030405917874088993,0.00821730163362291
2,138,0.0008947850437834859,0.0009807527530938387,0.02939288365988084,0.006234792868296305
2,139,0.0008948392933234572,0.0009801597334444523,0.028943576636137787,0.005950285328759087
2,140,0.0008949284674599767,0.000978729221969843,0.03005035791868045,0.00801345772213406
2,141,0.0008945515146479011,0.0009787234012037516,0.03005459132017913,0.008431447876824273
2,142,0.0008943566353991628,0.0009790315525606275,0.02976868137901212,0.007316717836591932
2,143,0.0008945961017161608,0.0009785564616322517,0.03042820633193593,0.008858099248674181
2,144,0.000894160708412528,0.0009788719471544027,0.03069116671880086,0.007422931989034017
2,145,0.0008947518654167652,0.000978246214799583,0.03060799366162147,0.00873009893629286
2,146,0.0008939418476074934,0.0009787876624614,0.030799940044497265,0.007626391781700982
2,147,0.0008941857959143817,0.0009785674046725035,0.030581540678754265,0.008180344104766845
2,148,0.0008942440035752952,0.0009785494767129421,0.030567751107392488,0.008595613638559978
2,149,0.0008944142027758062,0.0009789250325411558,0.029837811876226354,0.0077334814601474336
2,150,0.0008942275308072567,0.0009785511065274477,0.0304577652318978,0.007862044705284966
3,1,0.0009582603233866394,0.0009558509336784482,-0.026842213412861766,-0.029555176364050972
3,2,0.0009379171533510089,0.0009371096966788173,-0.00016375647650824653,-0.004834845330980089
3,3,0.0009375451481901109,0.0009367770981043577,0.0004922463570112064,-0.004367082648807101
3,4,0.0009374733199365437,0.000936736585572362,0.0005639398539507831,-0.004385442203945584
3,5,0.0009374564397148788,0.000936844211537391,0.0005655159184962144,-0.004517956574757894
3,6,0.0009373398497700691,0.0009367341990582645,0.0007933900680071042,-0.004326911767323812
3,7,0.0009372567292302847,0.0009366677841171622,0.0009242355087657033,-0.004192173480987549
3,8,0.0009371603955514729,0.000936636293772608,0.0010476496484544543,-0.00408110088772244
3,9,0.0009370191837660968,0.000936618191190064,0.00123183403486087,-0.004014845689137777
3,10,0.0009368570754304528,0.0009365968289785087,0.0013944762724417228,-0.003940235243903266
3,11,0.0009366382728330791,0.0009366307058371603,0.0015811303515493133,-0.003926838768853081
3,12,0.0009363073040731251,0.0009365904261358082,0.0018122614165883004,-0.0038455645243326824
3,13,0.0009358165552839637,0.0009365002042613924,0.002176643595283414,-0.003674512439303928
3,14,0.0009351603221148252,0.0009363669669255614,0.0026956219732025524,-0.0034115221765306262
3,15,0.000934203271754086,0.0009361678967252374,0.003407780623730318,-0.0030780500835842555
3,16,0.000932547845877707,0.0009354758076369762,0.004856114917331272,-0.0020373450385199653
3,17,0.0009297501528635621,0.0009341256227344275,0.007253978134673319,-0.00022834804322984482
3,18,0.0009270203299820423,0.0009335164213553071,0.008942253795670874,0.00034363799624972875
3,19,0.0009250905131921172,0.0009332855115644634,0.009896967146131728,0.0003050923347473145
3,20,0.0009237605845555663,0.0009331991896033287,0.010477197317429531,0.00010577307807074653
3,21,0.0009227808332070708,0.0009330416796728969,0.010888618893093532,-7.104873657226563e-06
3,22,0.0009220542851835489,0.0009330480243079364,0.011174627586647317,-0.00022550953759087458
3,23,0.0009214672609232366,0.0009331234032288194,0.01139126103601338,-0.0004890600840250652
3,24,0.0009210705757141113,0.0009330760221928358,0.011514690923102108,-0.0006051950984530979
3,25,0.0009206713293679059,0.0009331295150332153,0.011641784361851069,-0.0007774617936876085
3,26,0.0009203697554767132,0.0009332813788205385,0.01171819692776527,-0.001022758748796251
3,27,0.0009200333734042943,0.0009334736387245357,0.011812694573108061,-0.0012970884641011556
3,28,0.0009197713807225227,0.0009336055954918265,0.011908270694591381,-0.001441392633650038
3,29,0.0009194379672408104,0.0009337663650512695,0.011990557335041188,-0.001635432243347168
3,30,0.0009192220168188214,0.0009339252137579024,0.01205998099880454,-0.001796600553724501
3,31,0.0009189102565869689,0.0009341095574200153,0.012138613359427746,-0.0020151482688056097
3,32,0.0009187019895762205,0.0009343503043055534,0.012168696485919717,-0.0022721343570285372
3,33,0.0009184674127027392,0.0009344173595309258,0.012169440734533616,-0.0023755881521436905
3,34,0.000918190460652113,0.0009347907616756856,0.012241732043984495,-0.0027121225992838543
3,35,0.000917924044188112,0.0009348831372335553,0.012319604997281675,-0.002831546465555827
3,36,0.0009176207240670919,0.0009348905878141522,0.012403569398102937,-0.0029141320122612847
3,37,0.0009173884755000472,0.0009349998435936868,0.012361053184226707,-0.003114004929860433
3,38,0.0009171142592094839,0.0009354601497761905,0.012401412004305992,-0.0035678333706325956
3,39,0.0009168499382212758,0.00093553785700351,0.012375630272759331,-0.0037052247259351944
3,40,0.0009165345109067857,0.000935695949010551,0.012470863630742202,-0.003935661580827501
3,41,0.0009163236827589571,0.0009357925155200064,0.012406467949902569,-0.0040549755096435545
3,42,0.0009160368354059756,0.0009361974662169814,0.01243684748072683,-0.004467209180196126
3,43,0.0009157132008112967,0.0009361892007291317,0.012546141647998197,-0.00455162525177002
3,44,0.0009155068546533585,0.0009363047429360449,0.012442439279438536,-0.004794167147742378
3,45,0.0009152486454695463,0.000936596654355526,0.0124512329513644,-0.0051169965002271865
3,46,0.0009149903198704123,0.0009366010781377554,0.012493884416274083,-0.005233939488728841
3,47,0.0009147837990894914,0.0009368904866278172,0.012407604117452363,-0.005591242843204074
3,48,0.0009145541116595268,0.0009369669714942575,0.012451485204107967,-0.005711487929026286
3,49,0.0009143403731286526,0.0009373864741064608,0.012432322678742586,-0.00617270204755995
3,50,0.0009141222108155489,0.000937111210078001,0.012395535133503102,-0.006094626585642497
3,51,0.0009139582398347557,0.0009373736684210598,0.012342605767426667,-0.006413563092549642
3,52,0.0009137585293501616,0.0009378341492265463,0.012276783107239522,-0.0069271710183885365
3,53,0.0009135636501014233,0.0009377870010212064,0.012325250660931623,-0.006993402375115289
3,54,0.0009134033462032676,0.00093806441873312,0.012254571914672852,-0.007427306969960531
3,55,0.0009132085251621902,0.0009382445132359862,0.012285076247321235,-0.0076062334908379445
3,56,0.0009130685357376933,0.000938349636271596,0.01220609023247236,-0.007923273245493571
3,57,0.0009129145182669163,0.0009386382298544049,0.01227014594607883,-0.008232303460439046
3,58,0.0009127605590038002,0.000938831246457994,0.012176182387787619,-0.008613708284166124
3,59,0.0009126333752647042,0.0009386836900375783,0.012198663788077272,-0.008587596151563856
3,60,0.0009125055512413383,0.0009392148349434137,0.012091275056203206,-0.009214622444576687
3,61,0.0009123857598751783,0.0009392008651047945,0.012157729084109083,-0.009307240115271674
3,62,0.0009122398914769292,0.0009396212990395725,0.0121053393976188,-0.009975567128923205
3,63,0.0009120696340687573,0.0009397582616657019,0.012221103685873527,-0.010168866316477457
3,64,0.000912024755962193,0.0009395576780661941,0.012053314550423327,-0.01018732123904758
3,65,0.0009118919260799885,0.0009399364935234189,0.012132987563992724,-0.010650214884016249
3,66,0.0009117809822782874,0.0009402274736203253,0.012130304177602132,-0.011080107423994276
3,67,0.0009116961737163365,0.0009404724696651101,0.012117967782197175,-0.011566719743940565
3,68,0.0009116064175032079,0.0009407666511833668,0.012048644931228073,-0.012014116181267633
3,69,0.0009115361608564854,0.0009404601878486574,0.01210564610398846,-0.011900556087493897
3,70,0.0009114695712924004,0.0009410115890204906,0.012004144103438766,-0.012611169285244412
3,71,0.0009114100830629468,0.0009409124031662941,0.012012340404369213,-0.01266311142179701
3,72,0.0009113196865655482,0.0009411170613020658,0.01200367874569363,-0.013018008073170979
3,73,0.0009113022824749351,0.0009416239918209612,0.012014725473192003,-0.013529980182647705
3,74,0.00091115094255656,0.0009411516948603094,0.012093793168480013,-0.013080962498982747
3,75,0.0009110727114602923,0.0009414583910256624,0.012162375891650165,-0.013562895192040337
3,76,0.0009109777165576816,0.0009414450032636523,0.012083882019843584,-0.013718652725219726
3,77,0.0009109818493016064,0.0009416405227966607,0.012072338881316008,-0.01407702234056261
3,78,0.0009110821411013603,0.0009423088049516082,0.01175990531473984,-0.014699557092454699
3,79,0.0009109122911468148,0.0009422475704923272,0.01196129689981908,-0.01481001509560479
3,80,0.0009108860976994038,0.0009418426780030131,0.011895374162697498,-0.014448258611891005
3,81,0.0009108549566008151,0.0009428185876458883,0.0120466325018141,-0.015516618887583414
3,82,0.0009108050726354122,0.0009427850600332022,0.011884762328348042,-0.015500499142540826
3,83,0.0009107530349865556,0.0009427740005776286,0.012003976033057695,-0.015739568074544272
3,84,0.0009107277728617191,0.0009426130563952029,0.011857991748385959,-0.015485746330685085
3,85,0.0009106312645599246,0.0009435956017114222,0.012151606583300932,-0.016590718428293863
3,86,0.0009106580982916057,0.0009422749280929565,0.01189307357058113,-0.015081000328063966
3,87,0.0009106014622375369,0.0009437968255952001,0.012008938671630106,-0.01680294805102878
3,88,0.0009103904594667256,0.0009422890725545585,0.012192862122147171,-0.015383852852715386
3,89,0.0009104755008593202,0.0009436139953322709,0.012158690411367534,-0.01706243885887994
3,90,0.0009103429038077593,0.000942456943448633,0.012101816542354631,-0.015824206670125327
3,91,0.0009103789925575256,0.0009443938615731895,0.012188027228838131,-0.01803914573457506
3,92,0.0009101649047806859,0.0009427733020856977,0.012332317564222548,-0.01635786294937134
3,93,0.000910076079890132,0.0009437846019864082,0.012445026415365714,-0.01760027673509386
3,94,0.0009099815506488085,0.0009436680702492595,0.012563658202136004,-0.01716012954711914
3,95,0.0009100391762331128,0.000943737686611712,0.012412567491884584,-0.017845205465952554
3,96,0.0009098650189116597,0.000943078426644206,0.012515063050352496,-0.017066556877560087
3,97,0.0009095760760828853,0.0009433904197067022,0.012892404603369443,-0.017684356371561686
3,98,0.0009097668807953596,0.0009438771521672606,0.012557490225191469,-0.018153109815385607
3,99,0.0009098282316699624,0.0009440963040105999,0.012454211859055507,-0.01868955029381646
3,100,0.0009097830043174326,0.0009441642323508859,0.01246699830632151,-0.018536996841430665
3,101,0.0009096056455746293,0.0009453132515773177,0.012697434572525966,-0.019833672046661376
3,102,0.0009094779379665852,0.000945255917031318,0.012798834877249636,-0.0197512772348192
3,103,0.0009095685090869665,0.0009451757650822401,0.012523931779979187,-0.019843187597062852
3,104,0.0009095045388676226,0.0009449014905840158,0.01259343064861533,-0.019827689064873588
3,105,0.0009093041298910975,0.0009439667919650674,0.012779166963365342,-0.019096418221791586
3,106,0.0009091808460652828,0.0009458983549848199,0.012923454060966585,-0.02076563305324978
3,107,0.0009096828289330006,0.0009439707500860095,0.012332781155904134,-0.018892204761505126
3,108,0.0009093427797779441,0.000944397586863488,0.012725291870258473,-0.019483915964762368
3,109,0.000909472000785172,0.0009450895595364273,0.012352347079618478,-0.02042530642615424
3,110,0.0009094820125028491,0.000944125815294683,0.01242407884126828,-0.01961666080686781
3,111,0.0009096604771912098,0.0009441154543310404,0.012151687675052219,-0.019490867190890843
3,112,0.0009096598369069397,0.0009452846134081483,0.012227676532886646,-0.02083318101035224
3,113,0.0009089084924198687,0.0009439928107894957,0.012963412867652045,-0.019315930207570393
3,114,0.0009088501101359725,0.0009447095217183232,0.013094926174776055,-0.020070678657955594
3,115,0.0009093452244997025,0.0009434295352548361,0.012508074442545572,-0.019111090236239962
3,116,0.0009092477848753333,0.0009444722672924399,0.012474902618078538,-0.020165489779578313
3,117,0.0009091586107388139,0.0009441544534638524,0.012412288895359745,-0.01987971067428589
3,118,0.0009094554698094726,0.0009451063815504313,0.012168620986703002,-0.020888164308336045
3,119,0.0009091543033719063,0.000944285886362195,0.01246967124350277,-0.020403946770562065
3,120,0.0009090981911867857,0.000945148232858628,0.012623907901622631,-0.021270766523149277
3,121,0.0009084672783501446,0.0009437742410227656,0.013343739803926445,-0.019873489273919
3,122,0.0009087328799068928,0.0009444972965866327,0.012933398176122594,-0.020682368013593886
3,123,0.0009084951598197222,0.0009446680196560919,0.01317617216227967,-0.020909739865197077
3,124,0.0009087948128581047,0.0009446354815736413,0.012625802593466677,-0.021404528617858888
3,125,0.0009088718798011541,0.0009449159260839224,0.012573871494811258,-0.02177086141374376
3,126,0.0009085452766157687,0.0009439736022613943,0.012883502024191397,-0.020663893222808837
3,127,0.0009084664052352309,0.0009451961959712207,0.012975637118021648,-0.022188566790686714
3,128,0.0009083187906071544,0.0009447705815546215,0.013054784138997395,-0.021762957837846545
3,129,0.000908360758330673,0.0009448141790926456,0.013068995946719323,-0.02186999453438653
3,130,0.0009085533092729747,0.0009446238400414586,0.012738984455297022,-0.021333775255415174
3,131,0.0009080894524231553,0.0009446264011785388,0.013267221862887158,-0.021488111548953585
3,132,0.0009078658767975867,0.000944261671975255,0.013580319027841826,-0.021187570359971788
3,133,0.0009080501040443778,0.0009449259378015995,0.013214669257034491,-0.021986489825778537
3,134,0.0009083066834136844,0.0009456884581595659,0.012751856850989072,-0.02309990988837348
3,135,0.0009082260658033192,0.0009453716338612139,0.012846502109810158,-0.022863282097710505
3,136,0.0009075211128219962,0.0009456982370465994,0.013886536492241754,-0.022866715325249566
3,137,0.0009078489383682609,0.0009446789626963437,0.013392157319151325,-0.021873340341779922
3,138,0.0009079447481781244,0.0009456467814743519,0.013198313448164198,-0.023153470622168645
3,139,0.000907924200873822,0.0009449429926462471,0.013139567551789461,-0.02232297791375054
3,140,0.0009074910776689649,0.0009451729129068553,0.013598231474558513,-0.02310401201248169
3,141,0.0009073762339539826,0.0009446901967749,0.01381458588588385,-0.022425246238708497
3,142,0.0009077299619093537,0.0009454407263547182,0.01336131610988099,-0.023363342550065783
3,143,0.0009077251888811588,0.0009458116837777197,0.013243839623015605,-0.023870836363898383
3,144,0.0009077476570382714,0.0009460840956307948,0.013008583033526385,-0.024490577644772
3,145,0.0009076653514057398,0.0009463192545808852,0.013289044815816997,-0.024806382921006946
3,146,0.0009071780368685722,0.0009456779225729406,0.013919258412019707,-0.023849761486053465
3,147,0.0009069205261766911,0.0009461456211283803,0.014146931671801909,-0.024331955115000407
3,148,0.0009070634259842336,0.0009455454419367015,0.013881897043298792,-0.023756557040744357
3,149,0.0009068940998986363,0.0009464106988161802,0.014046877401846427,-0.02470147477255927
3,150,0.0009075149428099394,0.0009452769882045686,0.013255491080107512,-0.024118537373012967
4,1,0.0009522248292341828,0.001017024740576744,-0.02733357776830226,-0.024706149101257326
4,2,0.000931291957385838,0.000995716080069542,0.00045341267997835887,0.002009802394443088
4,3,0.0009308747830800712,0.0009953428525477648,0.0010905404149750132,0.0026868992381625704
4,4,0.0009308496373705566,0.000995295005850494,0.0010190909291491097,0.0026178015602959528
4,5,0.0009307879954576492,0.0009952015243470669,0.0011433181939301668,0.0027887569533454047
4,6,0.0009307556902058423,0.000995115959085524,0.0011164395897476761,0.002919210327996148
4,7,0.0009306566207669675,0.0009950401727110147,0.0013018515374925402,0.003028898768954807
4,8,0.0009305627318099141,0.0009949846426025033,0.001417599489659439,0.0031004746754964194
4,9,0.000930468610022217,0.0009949024533852935,0.0015111493475643205,0.003208548492855496
4,10,0.0009303386905230582,0.0009948438964784145,0.001627270527827887,0.0032572388648986817
4,11,0.0009301254176534712,0.0009947747457772493,0.0017893563082188736,0.0032979210217793783
4,12,0.0009298486402258277,0.0009946363279595971,0.002194928534236955,0.0035841306050618488
4,13,0.0009291832102462649,0.0009943144395947456,0.0028341543527297033,0.003958982891506619
4,14,0.0009281340753659606,0.0009937315480783582,0.004098999353102695,0.004853937360975478
4,15,0.000926649256143719,0.0009929465595632792,0.0057897988660835925,0.005959897571139865
4,16,0.0009245021501556039,0.0009917579591274261,0.008276790895579774,0.00757591724395752
4,17,0.0009218166815117002,0.000989812659099698,0.011134980784522162,0.009648625055948894
4,18,0.0009195193997584283,0.0009881921578198671,0.01304191380371282,0.010964278380076091
4,19,0.0009175389423035085,0.0009867644403129816,0.014550751374091632,0.01186707682079739
4,20,0.0009159717592410743,0.000985769904218614,0.015632604522469604,0.012414022286732992
4,21,0.0009145635413005948,0.000984746147878468,0.01657576354933374,0.012902984354231093
4,22,0.0009134247666224837,0.00098381657153368,0.017251294041857306,0.013304617669847276
4,23,0.0009123662021011114,0.0009828899055719376,0.017825533578425277,0.013689870304531521
4,24,0.000911496696062386,0.0009820524137467146,0.018255490138206952,0.01404754983054267
4,25,0.0009107865043915808,0.000981301418505609,0.018560535966614146,0.01435670190387302
4,26,0.0009101307368837297,0.0009805194567888975,0.01891995197460975,0.014755664931403265
4,27,0.0009095856221392751,0.0009798912797123194,0.019217208138218634,0.015104360050625272
4,28,0.0009090607054531574,0.0009791284101083875,0.019464793028654875,0.015453914801279703
4,29,0.0009086927166208625,0.0009787844028323889,0.019758119848039414,0.0156846907403734
4,30,0.0009082664619199932,0.0009782147826626897,0.020123841438764407,0.016004537211524117
4,31,0.0009079147130250931,0.0009776646038517356,0.02029778869063766,0.016262568367852104
4,32,0.0009076267597265542,0.000977423507720232,0.020607672355793142,0.016469176610310873
4,33,0.000907357141841203,0.0009769957978278399,0.02089193323512136,0.01671311722861396
4,34,0.0009070057421922684,0.0009764618589542806,0.021032281422320706,0.01686645613776313
4,35,0.0009067486971616745,0.0009762134286575019,0.021298414689523204,0.017054205470614963
4,36,0.0009064466576091945,0.0009756790241226554,0.02172904662144037,0.017497746149698894
4,37,0.0009062340250238776,0.0009754950879141688,0.021898167515978402,0.017573463916778564
4,38,0.0009060443262569606,0.0009751261677592993,0.022170459046775913,0.017859156926472983
4,39,0.0009057279676198959,0.0009746925788931549,0.022400069383927333,0.017972413698832193
4,40,0.0009055479313246906,0.0009744611452333629,0.022533792036551016,0.018077635765075685
4,41,0.0009053386165760458,0.000974115333519876,0.022784746723410524,0.01830538378821479
4,42,0.0009050990920513868,0.0009738221997395158,0.022936467624004975,0.018378602133856878
4,43,0.0009049113723449409,0.0009736058418639004,0.023159918225841757,0.018594026565551758
4,44,0.0009047125931829214,0.0009733052575029433,0.02341026833027969,0.0187028169631958
4,45,0.0009045912884175777,0.0009731626487337053,0.02351998355653551,0.018764258755577936
4,46,0.0009045740007422864,0.0009727058350108564,0.023636802037556966,0.019153331385718453
4,47,0.0009043236495926976,0.0009726911666803062,0.02373826503753662,0.018876477082570394
4,48,0.000904204323887825,0.0009724143892526627,0.023864910043316125,0.019074861208597818
4,49,0.0009040767326951027,0.0009722791146486998,0.024077102137200625,0.01916963126924303
4,50,0.000903988373465836,0.0009721588576212525,0.02417402414628017,0.019388031959533692
4,51,0.0009038032148964703,0.0009719803929328918,0.024268246874397183,0.01923514207204183
4,52,0.0009038456482812762,0.0009718334185890853,0.024371869328581257,0.019402101304796006
4,53,0.0009036273695528507,0.0009716757922433317,0.0244080419893618,0.019252208868662517
4,54,0.0009035682305693626,0.0009715351043269038,0.024535378997708544,0.01949217716852824
4,55,0.0009032931411638856,0.0009711739839985967,0.024709666658330846,0.019518752892812092
4,56,0.0009032334201037884,0.0009710000013001263,0.024750001783724183,0.019505923324161106
4,57,0.0009031430818140507,0.0009709579171612859,0.02474265451784487,0.019391932752397326
4,58,0.0009031813824549317,0.0009709009900689125,0.024807433140130692,0.0196608304977417
4,59,0.000902965955901891,0.0009705397533252835,0.024857305303032016,0.019536864757537842
4,60,0.0009027390042319894,0.0009704750846140087,0.025050208009319543,0.01971974637773302
4,61,0.0009027911000885069,0.0009703596588224173,0.025072749014253968,0.01971912384033203
4,62,0.0009025268373079598,0.0009702431270852685,0.025172700852523617,0.019565694861941867
4,63,0.000902567058801651,0.0009701387025415897,0.025227126957457744,0.019730035463968912
4,64,0.0009023119928315282,0.0009698132635094225,0.0253398534692364,0.019804357157813177
4,65,0.0009022853337228298,0.0009700317168608308,0.02538699941870607,0.019611667262183295
4,66,0.0009021690348163247,0.0009697177447378635,0.025504899466479266,0.01974374850591024
4,67,0.0009021016885526478,0.0009695953922346234,0.025468744171990288,0.019684885607825386
4,68,0.0009021585574373603,0.0009695441694930196,0.025419093944408274,0.01963044802347819
4,69,0.0009022093145176768,0.0009694734471850097,0.025107309259014367,0.019323171509636774
4,70,0.0009020810248330235,0.0009691641898825765,0.02518974866396115,0.019518273406558567
4,71,0.0009019827703014016,0.0009689476573839784,0.025343109207388796,0.019587813483344183
4,72,0.0009021454607136548,0.0009690567967481911,0.024951607945524618,0.019244568877749973
4,73,0.0009016584372147918,0.0009686787379905581,0.02575661179460125,0.019591183132595485
4,74,0.0009017682168632746,0.0009691804298199713,0.02540656019140173,0.01909498506122165
4,75,0.0009015202522277832,0.0009689017897471786,0.0257766154077318,0.019442207283443876
4,76,0.0009015410905703902,0.0009688421851024032,0.025574193471743736,0.019042379326290555
4,77,0.0009014453971758485,0.0009688524296507239,0.02585406009061837,0.019591275850931802
4,78,0.0009013602393679321,0.000968329724855721,0.025741061605053184,0.019506936603122287
4,79,0.0009013158269226551,0.0009684343240223825,0.02607427541120553,0.01958952612347073
4,80,0.0009011834627017379,0.0009687172714620829,0.02596152549908485,0.01897876395119561
4,81,0.0009010584326460958,0.0009690194274298847,0.026288353660960256,0.018986101945241293
4,82,0.0009009972563944757,0.000968549691606313,0.026135397398913348,0.019128715991973876
4,83,0.000900847022421658,0.0009685370023362339,0.026176430413752425,0.01919735140270657
4,84,0.0009008581982925534,0.0009685240220278502,0.026161792396027363,0.01912511189778646
4,85,0.0009010178036987782,0.0009688202990218997,0.025780778166688518,0.01842466990152995
4,86,0.0009010220528580248,0.0009685747209005058,0.02554113320362421,0.018260622024536134
4,87,0.0009008825290948153,0.0009686790290288627,0.02584105082500128,0.018296111954583062
4,88,0.0009008420165628195,0.0009681894443929195,0.025817789854826752,0.01859269009696113
4,89,0.0009008419001474977,0.0009688081918284297,0.026278620001710492,0.018788251611921523
4,90,0.0009006308391690254,0.0009680532966740429,0.026493234987612125,0.019112792279985216
4,91,0.000900723272934556,0.0009685583645477891,0.026577160976551197,0.019189197487301298
4,92,0.0009004263556562364,0.00096807477530092,0.026773265850396803,0.019060676627688938
4,93,0.0009002733277156949,0.0009676603367552161,0.026802014421533654,0.01917953226301405
4,94,0.0009005173342302442,0.0009688548161648214,0.026898394837791537,0.018448898527357312
4,95,0.0009002720471471548,0.0009684301330707967,0.02699475376694291,0.018726642926534018
4,96,0.0009005001047626138,0.0009684954420663416,0.02682573515691875,0.018248179223802355
4,97,0.0009003813611343503,0.0009691290906630456,0.02690523480191643,0.018443858623504637
4,98,0.000900168321095407,0.0009674264001660049,0.027054458341480774,0.01873384051852756
4,99,0.0009000941645354033,0.0009678889764472842,0.02711426387598485,0.018467195828755698
4,100,0.0008999974234029651,0.0009682285017333925,0.02707161800360974,0.018187744087643093
4,101,0.0008999027195386589,0.000967189553193748,0.02719251682728897,0.018717866473727755
4,102,0.0008999803103506565,0.000968333100900054,0.02689085477664147,0.017983493540022107
4,103,0.0008998367702588439,0.0009677785565145314,0.027236556712492012,0.018570596641964383
4,104,0.0009001065045595169,0.000967896543443203,0.027050937840968004,0.018025812837812634
4,105,0.000899549457244575,0.0009669252322055399,0.02721936923486215,0.018554053041670057
4,106,0.0008996200049296021,0.0009674387983977795,0.027199602274247156,0.018037948343488906
4,107,0.0008993468363769352,0.0009686221019364893,0.0274859028098024,0.01748072041405572
4,108,0.0008994149975478649,0.0009678173228166997,0.027210604261468957,0.01775590048895942
4,109,0.0008995558600872755,0.0009679335635155439,0.027292893256670163,0.018608208497365317
4,110,0.0008993412484414876,0.0009685606346465647,0.027682899692912162,0.01814577447043525
4,111,0.0008994871750473976,0.0009682857198640704,0.027508733007642956,0.01802286042107476
4,112,0.0008992799557745457,0.00096855778247118,0.027618032473104973,0.01762900882297092
4,113,0.0008995309472084045,0.0009680968360044062,0.027469698588053384,0.017933450804816353
4,114,0.0008993567898869514,0.0009685502154752612,0.02759093502421438,0.0168605817688836
4,115,0.0008991298964247108,0.0009679432259872556,0.02769247793856962,0.017868716186947294
4,116,0.0008990633068606257,0.0009681667434051633,0.027897371186150446,0.018040337827470568
4,117,0.00089885457418859,0.0009671805892139673,0.027859964929980996,0.017726669046613904
4,118,0.0008988175541162491,0.0009681230876594782,0.027858766508691103,0.017246030436621772
4,119,0.0008991184877231717,0.0009689173894003034,0.027733769681718614,0.016398101382785375
4,120,0.0008993648225441575,0.000967768719419837,0.02752211638438849,0.017148163583543565
4,121,0.0008992357761599123,0.0009684464894235134,0.02787089509728514,0.017821019225650363
4,122,0.0008993601659312844,0.000967601896263659,0.027653581271936865,0.0179899361398485
4,123,0.000899547478184104,0.0009678472997620702,0.027584566451885083,0.017904023329416912
4,124,0.0008987083565443754,0.0009677482303231955,0.02799365476325706,0.017430214087168376
4,125,0.0008987094042822719,0.0009693663450889289,0.02800264682298825,0.016099794705708822
4,126,0.0008995233802124858,0.0009688728023320436,0.027707851668934764,0.016637350453270805
4,127,0.0008991185459308326,0.0009682527161203325,0.02791632310843762,0.017546211348639595
4,128,0.000899379956535995,0.0009675233741290867,0.02789359858006607,0.018364433447519937
4,129,0.0008995177922770381,0.0009690055157989264,0.027746508298096835,0.017171540525224474
4,130,0.0008988589979708195,0.0009672597516328096,0.028172680772381064,0.019080706437428794
4,131,0.0008993347873911262,0.0009685077820904553,0.02806064287821452,0.016842386457655165
4,132,0.0008991622598841786,0.0009689278085716069,0.027972112320087575,0.017039770550198025
4,133,0.0008993643568828702,0.0009669607388786972,0.027701312671472998,0.018624495135413276
4,134,0.0008986230241134763,0.0009684165706858039,0.02833582560221354,0.017503303951687282
4,135,0.0008986410102806985,0.000968114472925663,0.02819178619502503,0.01771339840359158
4,136,0.0008986173779703677,0.0009681828087195754,0.028236733984064174,0.017578823036617702
4,137,0.00089830975048244,0.0009680540533736348,0.02834573660367801,0.017436863316429987
4,138,0.0008985850145108998,0.0009684051037766039,0.028299634397765738,0.01649369928571913
4,139,0.0008985540480352938,0.0009679259965196252,0.028242034529462272,0.0170251104566786
4,140,0.0008986586472019553,0.0009683227981440723,0.028161563402340734,0.016716553105248347
4,141,0.0008988949120976031,0.000969013839494437,0.028077998573397413,0.016275137000613744
4,142,0.000898463767953217,0.0009686441626399755,0.027868141951384366,0.01591747204462687
4,143,0.0008983013103716075,0.0009676332119852304,0.028117337344605246,0.01722531451119317
4,144,0.0008985294261947274,0.0009691024897620082,0.028284696443581288,0.016183291541205513
4,145,0.000898212194442749,0.0009682085947133601,0.0284236138249621,0.01686563359366523
4,146,0.000899416278116405,0.0009688876452855766,0.027888735871256135,0.01668549378712972
4,147,0.0008986241300590336,0.0009680346702225506,0.028240029752990347,0.018236090077294244
4,148,0.0008985486347228289,0.0009690517908893526,0.028373193152156875,0.017008691363864476
4,149,0.0008985025924630463,0.0009694821201264858,0.02825659542907903,0.0158795608414544
4,150,0.0008986509637907147,0.0009700253140181303,0.02787754550392245,0.014779569043053522
5,1,0.000964289647527039,0.0009073175606317818,-0.026976521662723872,-0.033583160241444907
5,2,0.0009433908271603286,0.0008884104900062084,0.000445075535479887,-0.005557656288146973
5,3,0.0009429846541024745,0.0008881246321834624,0.001013015670540892,-0.005114326212141249
5,4,0.000942953338380903,0.0008881016401574016,0.0009725036444487395,-0.00518020126554701
5,5,0.0009429159108549356,0.000888214388396591,0.0009960906005200044,-0.005790898534986708
5,6,0.0009428423945792019,0.0008880695677362382,0.0010744988182444632,-0.005391044086880154
5,7,0.0009427596814930439,0.0008879778324626386,0.0011954622504151897,-0.005135288503434923
5,8,0.0009426672477275133,0.000887894828338176,0.0013106762627024709,-0.004929085572560628
5,9,0.0009425465832464397,0.0008878153748810291,0.001452342963513033,-0.0047795746061537
5,10,0.0009423956507816911,0.0008877326617948711,0.0015939569767610526,-0.004657170507642958
5,11,0.0009421556023880839,0.0008876391802914441,0.001801779682253614,-0.0045262032084994845
5,12,0.0009417625842615962,0.0008874803315848112,0.0021416642047740794,-0.00428609053293864
5,13,0.0009410630445927382,0.0008871451718732715,0.0028259164021338947,-0.0037550886472066244
5,14,0.000939787132665515,0.0008864389383234084,0.0039663227987878115,-0.0028089894188774956
5,15,0.0009377508540637791,0.0008853538311086595,0.005755358713644522,-0.001370451185438368
5,16,0.0009346222504973412,0.0008835813496261835,0.008720073582213602,0.0010556605127122667
5,17,0.0009304828126914799,0.0008812054875306785,0.012537697656655017,0.00400335258907742
5,18,0.0009270623559132218,0.0008798420894891024,0.015028288923663858,0.005312409665849473
5,19,0.0009246674017049372,0.0008792243315838277,0.016478433432402434,0.0056926449139912925
5,20,0.000922938110306859,0.0008790637948550284,0.017417096944502844,0.005584853225284152
5,21,0.0009216298931278288,0.0008790504653006792,0.0181338663454409,0.005430179172092014
5,22,0.0009205942624248564,0.0008791932486928999,0.018705455167793934,0.005113563272688124
5,23,0.0009197583422064781,0.0008792925509624183,0.019185802965988347,0.004929865731133355
5,24,0.0009190731798298657,0.000879446160979569,0.01959849507720382,0.004699393113454183
5,25,0.000918487785384059,0.000879645231179893,0.019973938259077662,0.0044812745518154565
5,26,0.0009179121698252857,0.000879732717294246,0.02035258846518434,0.004404490523868137
5,27,0.0009174405713565648,0.0008799200295470655,0.020665359497070313,0.004205097092522515
5,28,0.000916973571293056,0.0008800588548183441,0.021000505523917117,0.004060657819112142
5,29,0.0009165783412754536,0.0008801722433418036,0.021278808882207047,0.003914007875654432
5,30,0.0009160716435872018,0.0008801946532912552,0.021703542750558736,0.003922042581770155
5,31,0.0009156606392934918,0.0008803083328530192,0.02200147575802273,0.003835105895996094
5,32,0.0009152941638603806,0.000880416133441031,0.022297761028195605,0.0037324521276685925
5,33,0.0009149470133706927,0.0008805317338556051,0.022534446363095883,0.0036220100190904403
5,34,0.0009145863587036729,0.0008808406419120729,0.022769794787889645,0.003217552767859565
5,35,0.0009141886257566512,0.0008807944832369685,0.02308715287549996,0.003304755687713623
5,36,0.000913838914129883,0.0008808843558654189,0.023362388434233487,0.0031502670711941187
5,37,0.0009135028813034296,0.0008809870341792703,0.023602703324070683,0.003131568431854248
5,38,0.0009132297127507627,0.0008813056047074497,0.023768256917411898,0.0026626282268100315
5,39,0.0009129078825935721,0.000881118350662291,0.024053395235979998,0.002841786543528239
5,40,0.0009126203949563205,0.0008810400031507015,0.024235390145101666,0.0027969532542758517
5,41,0.0009123791824094951,0.0008812353480607271,0.024355324698083193,0.0024920039706759984
5,42,0.0009121211478486657,0.0008811043226160109,0.0245724751625532,0.00251691738764445
5,43,0.0009118429152294993,0.0008813235908746719,0.024711483349034814,0.0021433697806464303
5,44,0.000911622541025281,0.0008812749292701483,0.024839240974850126,0.0021107329262627494
5,45,0.0009114543790929019,0.0008814759785309434,0.024919461026603792,0.0017930838796827529
5,46,0.0009111067047342658,0.000881265033967793,0.02517552258055887,0.0019385668966505263
5,47,0.000910990231204778,0.0008816163172014058,0.025190265384721168,0.0014042841063605415
5,48,0.0009108572266995907,0.0008815936744213104,0.025283572850403963,0.0013212283452351888
5,49,0.000910708389710635,0.0008817175403237343,0.02542446336628478,0.0012490073839823404
5,50,0.0009105141507461667,0.0008815304026938975,0.02550432888078101,0.0013268311818440755
5,51,0.0009104355121962726,0.000881880521774292,0.02548369448861958,0.0007976969083150228
5,52,0.0009102633339352906,0.0008816779591143131,0.025644266016689347,0.0010336067941453721
5,53,0.0009100690367631614,0.0008819394279271364,0.025727753433180445,0.0006130642361111111
5,54,0.0009103011689148843,0.0008819443173706532,0.025571666381977224,0.0005305223994784886
5,55,0.0009098133305087686,0.0008816046756692231,0.025914217071768678,0.0009277621905008952
5,56,0.0009097434813156724,0.0008818974019959569,0.02589384052488539,0.0004811777008904351
5,57,0.000909669790416956,0.0008820468210615218,0.025948487682107054,0.0003340284029642741
5,58,0.0009095221757888794,0.000881846179254353,0.026093504458297917,0.0004745907253689236
5,59,0.0009093977860175073,0.0008822670206427574,0.026087640244283793,-8.873542149861654e-05
5,60,0.000909270194824785,0.0008820665534585714,0.026210060826054326,0.0001171323988172743
5,61,0.0009095001732930541,0.000882358115632087,0.025987358887990315,-0.00033664306004842123
5,62,0.0009090974926948547,0.0008821670198813081,0.026284152195777424,-0.00011057058970133463
5,63,0.0009089969098567963,0.0008822778472676873,0.026331741280025907,-0.0002903103828430176
5,64,0.0009089367231354117,0.0008823136449791491,0.026390715292942377,-0.0003431134753757053
5,65,0.0009090094827115536,0.0008826248813420534,0.026244570002143766,-0.0007355279392666287
5,66,0.0009089476661756635,0.000882341933902353,0.026418346534540622,-0.0004609028498331706
5,67,0.0009087490034289658,0.0008822980453260243,0.026438320566106725,-0.000536693467034234
5,68,0.0009085712372325361,0.0008823255775496364,0.026581858264075386,-0.0005161007245381673
5,69,0.0009085604106076062,0.0008822384988889098,0.026637453650250848,-0.00047011507882012264
5,70,0.0009085512720048428,0.0008827043347992003,0.02659235927793715,-0.0010196738772922092
5,71,0.0009085204801522195,0.0008824567194096744,0.026690112955776262,-0.0007676362991333007
5,72,0.0009085012716241181,0.0008821588126011193,0.026562354446929178,-0.00042900641759236656
5,73,0.0009083658223971725,0.0008824656833894551,0.026704311223677647,-0.0008149623870849609
5,74,0.0009085976635105908,0.0008827220881357789,0.026522174293612255,-0.0012391434775458443
5,75,0.0009083098266273737,0.0008824341930449009,0.02670877965880029,-0.0009370207786560059
5,76,0.0009081494063138962,0.0008821499068289995,0.02683680925840213,-0.000626830259958903
5,77,0.0009084109915420413,0.0008826573612168431,0.026576898568942225,-0.001264627774556478
5,78,0.0009082572651095688,0.0008821978117339313,0.026696049284051965,-0.0008114351166619195
5,79,0.0009081034222617745,0.0008825052645988762,0.026837737913484927,-0.0011688232421875
5,80,0.0009080617455765605,0.0008823366370052099,0.02683229696603469,-0.0010078681839836969
5,81,0.0009081531898118556,0.0008829851867631078,0.026657042532791327,-0.0020310123761494952
5,82,0.000907945679500699,0.000882577383890748,0.0267759409951575,-0.001529065767923991
5,83,0.000907798414118588,0.0008820371585898101,0.02700624171598458,-0.000711210568745931
5,84,0.0009082977776415646,0.0008831592858769,0.026378588028896,-0.002332656913333469
5,85,0.0009078047005459666,0.0008825127733871341,0.026854163776209326,-0.0015724658966064452
5,86,0.0009078152943402529,0.0008824625983834267,0.026939556628097723,-0.0013350327809651694
5,87,0.0009077282738871872,0.000882111897226423,0.026853649410200707,-0.000984905825720893
5,88,0.0009076219284906983,0.0008825865807011724,0.02706903263374611,-0.0015087154176500108
5,89,0.000907667214050889,0.0008825956610962749,0.02695786025789049,-0.0017148547702365451
5,90,0.0009075949201360345,0.0008825080585666001,0.026795372403698205,-0.0017428782251146106
5,91,0.0009076015558093786,0.0008828016580082476,0.02698817238395597,-0.0019003642929924858
5,92,0.0009074208792299032,0.0008822539239190519,0.02713975155795062,-0.0013526174757215713
5,93,0.0009073076071217656,0.0008821521187201142,0.027246645203343144,-0.0011298908127678766
5,94,0.0009074925910681486,0.0008827227866277099,0.027005715281875044,-0.0018398205439249674
5,95,0.0009074483532458544,0.0008818244095891714,0.02699695619536035,-0.0007325940661960178
5,96,0.0009071551030501723,0.0008818776113912463,0.027395501401689316,-0.000937342643737793
5,97,0.000907273031771183,0.0008825589320622385,0.027266859713895822,-0.001653428872426351
5,98,0.000907240784727037,0.0008823347161523998,0.027160404640951274,-0.0014737632539537219
5,99,0.0009072801913134754,0.0008829900762066245,0.027048762345019683,-0.002356221940782335
5,100,0.0009071325184777379,0.0008823758689686656,0.02730599053112077,-0.0015469365649753146
5,101,0.000906996545381844,0.0008824756368994713,0.027412923471427257,-0.0018713686201307508
5,102,0.0009068157523870468,0.0008822857635095716,0.027451085014107788,-0.0016869134373135037
5,103,0.0009073916007764637,0.0008832511957734823,0.0269165845564854,-0.0029893795649210612
5,104,0.0009069648222066462,0.0008821884403005242,0.027176034450531007,-0.001815917756822374
5,105,0.000906926637981087,0.0008823260432109237,0.027476438769587764,-0.0017353958553738063
5,106,0.0009067088249139488,0.0008818698115646839,0.027602622391265114,-0.001083034939236111
5,107,0.0009072133107110858,0.0008830942097119987,0.02699405793790464,-0.0030268404218885634
5,108,0.0009067155187949538,0.0008824802935123444,0.027416801746980645,-0.0022354549831814234
5,109,0.000906827743165195,0.0008824886754155159,0.027573394039530814,-0.0017539885309007432
5,110,0.0009068589424714446,0.0008829680155031383,0.027128938833872476,-0.002921103106604682
5,111,0.000906609755475074,0.0008822832605801523,0.0275835312443015,-0.0018241908815171983
5,112,0.0009070310043171048,0.0008836339111439884,0.027140982945760093,-0.0032648695839775934
5,113,0.0009064780315384269,0.0008818181231617928,0.027672996197217775,-0.0011643740865919325
5,114,0.0009064048645086586,0.0008826610865071416,0.027713294529620514,-0.0024338165918986
5,115,0.0009064266341738403,0.0008828999707475305,0.027651428146126828,-0.0026866290304395886
5,116,0.000906503526493907,0.0008829042781144381,0.027589236512596226,-0.0023947808477613663
5,117,0.0009064765181392431,0.0008830110309645534,0.02756480935179157,-0.0029860973358154298
5,118,0.0009062503231689334,0.0008821981609798968,0.02759285502963596,-0.0021101223097907173
5,119,0.0009062450844794512,0.0008817259222269058,0.02788467186468619,-0.0012473728921678332
5,120,0.000906178611330688,0.000882293563336134,0.027859792297269093,-0.002058303356170654
5,121,0.0009061300661414862,0.0008828204590827227,0.02772723318618021,-0.0027359260453118216
5,122,0.0009059053263626993,0.0008823210373520851,0.027891480334011124,-0.0023548854721917047
5,123,0.0009061503224074841,0.0008833418833091855,0.027685233693063995,-0.0032788144217597115
5,124,0.0009060350712388754,0.0008819498470984399,0.027660050804232374,-0.0019700262281629774
5,125,0.0009061380405910313,0.0008824599790386856,0.027794519471533503,-0.0025725894504123265
5,126,0.0009061341406777501,0.0008834007894620299,0.027762743278785987,-0.00331371095445421
5,127,0.0009059024159796536,0.0008828385034576058,0.027840724697819463,-0.0028254124853346082
5,128,0.0009057205752469599,0.0008826383855193853,0.027738243415031904,-0.0032888266775343154
5,129,0.0009057181887328625,0.0008819752256385982,0.02802469215275329,-0.001992287900712755
5,130,0.0009059244184754789,0.0008828689460642636,0.027790325070604867,-0.0032849086655510795
5,131,0.00090578175149858,0.000882658758200705,0.027846863681887404,-0.002889904710981581
5,132,0.0009056319831870496,0.0008820268558338284,0.02803735144344377,-0.0021998908784654405
5,133,0.0009056156850419939,0.0008829879807308316,0.027938995096418593,-0.0034294313854641386
5,134,0.000905618304386735,0.0008826474659144878,0.02792899314268136,-0.0028328816095987957
5,135,0.0009058318100869656,0.0008823927491903305,0.027828393011917304,-0.002808433108859592
5,136,0.0009056820999830961,0.0008824268006719649,0.027838151837572638,-0.002816621462504069
5,137,0.0009055762784555554,0.0008822414092719555,0.027980337466722655,-0.0028475893868340385
5,138,0.0009055726695805788,0.0008825842523947358,0.028034494541309497,-0.002579106224907769
5,139,0.0009057358838617802,0.000882545777130872,0.027887342741459976,-0.0030011243290371365
5,140,0.0009055367554537952,0.0008820055518299341,0.027928067283865845,-0.0022339211569892036
5,141,0.0009055329137481749,0.0008833515457808971,0.027990616692437065,-0.003983252578311496
5,142,0.0009052936220541596,0.0008827011333778501,0.027912493546803793,-0.003565539254082574
5,143,0.0009053722023963928,0.0008823907701298594,0.028128156102733847,-0.0026943325996398927
5,144,0.000905290013179183,0.0008818026981316507,0.028128345513049467,-0.002403940094841851
5,145,0.0009054515394382179,0.0008826088160276413,0.027981503363008853,-0.0031191998057895237
5,146,0.000905268476344645,0.0008823202806524932,0.02779566020141413,-0.0032609158092074923
5,147,0.0009052488603629172,0.0008820766815915704,0.028173389699723987,-0.0027258012029859756
5,148,0.000905269174836576,0.0008824760443530977,0.028080432061795835,-0.0031096816062927248
5,149,0.0009053091052919626,0.0008826061966829002,0.028021846288516197,-0.0034120665656195747
5,150,0.0009052250534296036,0.0008820618968456984,0.028043039786962817,-0.0027068985833062064
6,1,0.0009464084869250655,0.0010637310333549976,-0.02625923745426131,-0.0298553466796875
6,2,0.0009259830694645643,0.0010443388018757105,0.0008010708255532347,-0.004546960194905599
6,3,0.000925597152672708,0.0010441511403769255,0.001350840668619415,-0.004432510005103217
6,4,0.0009255735203623772,0.0010440483456477523,0.001351543414739915,-0.0040106349521213105
6,5,0.0009255327167920768,0.0010440368205308914,0.0014057403729285723,-0.004009192519717746
6,6,0.0009254309115931392,0.0010439809411764145,0.0015763209189897701,-0.0038889447848002114
6,7,0.0009253297466784716,0.001043916679918766,0.0017778939670986598,-0.003774710496266683
6,8,0.000925255473703146,0.0010438630124554038,0.001872294478946262,-0.0036555369695027667
6,9,0.0009251519804820418,0.0010437926976010203,0.0020158467469392,-0.0035179535547892253
6,10,0.0009250121656805277,0.0010437499731779099,0.0021773828400505914,-0.003442321883307563
6,11,0.0009248240385204554,0.0010437045712023973,0.0023511408287801862,-0.003345522615644667
6,12,0.0009245668188668787,0.0010436277370899916,0.0025983922275496117,-0.0032209886444939505
6,13,0.0009241494117304683,0.0010435102740302682,0.0030534046667593496,-0.0029243270556132
6,14,0.000923407671507448,0.0010432441486045718,0.0037800440081843622,-0.002503890461391873
6,15,0.0009223311208188534,0.0010428719688206911,0.004988425160631722,-0.0017562164200676813
6,16,0.0009203531080856919,0.0010419492609798908,0.0073527499481483745,-0.00011388328340318468
6,17,0.000917580327950418,0.0010409185197204351,0.010397367418548208,0.0016556077533298069
6,18,0.0009152985876426101,0.001040539238601923,0.01235782320116773,0.002098218599955241
6,19,0.0009135038126260042,0.0010405323700979352,0.013732291886835923,0.0021025498708089193
6,20,0.0009120947797782719,0.0010406160727143288,0.014747944290255322,0.0019251306851704915
6,21,0.0009108736994676292,0.001040714792907238,0.015581698770876284,0.0017260909080505371
6,22,0.0009097583242692053,0.0010408053640276194,0.016311843895617826,0.001451334688398573
6,23,0.0009087513317354023,0.001040913164615631,0.016950648360782198,0.0011979990535312228
6,24,0.0009078540606424212,0.0010409899987280369,0.017493305235733222,0.0009187605645921495
6,25,0.0009070457890629768,0.0010409543756395578,0.017989309481632562,0.0008097383711073133
6,26,0.0009063531178981066,0.0010410011745989323,0.018381346890955795,0.0005703952577379015
6,27,0.0009057873394340277,0.0010409840615466237,0.01870317311934483,0.00038731363084581165
6,28,0.0009052606183104217,0.0010410258546471596,0.019003751837177042,0.0001851744121975369
6,29,0.0009048185311257839,0.0010410798713564873,0.01924629432183725,2.3321310679117838e-05
6,30,0.0009044410544447601,0.0010411760304123163,0.019481478502720962,-0.00019587410820855034
6,31,0.0009041121229529381,0.0010411867406219244,0.019705790060537832,-0.000252019034491645
6,32,0.0009038131684064865,0.0010413392446935177,0.019898477454244355,-0.0005190716849433052
6,33,0.0009035305120050907,0.0010413785930722952,0.020098492834303115,-0.0005708985858493381
6,34,0.000903236388694495,0.0010415095603093505,0.020299634521390185,-0.0008391075664096408
6,35,0.0009030170040205121,0.001041462761349976,0.02048863231399913,-0.0007185551855299208
6,36,0.0009028313797898591,0.0010414405260235071,0.020679805013868544,-0.0006880415810479058
6,37,0.000902594649232924,0.001041346462443471,0.020885870044614063,-0.0005221909946865505
6,38,0.0009024073369801044,0.0010414158459752798,0.020996406196076192,-0.0007577141125996908
6,39,0.0009022370213642716,0.0010414845310151577,0.02112743663199154,-0.000731821854909261
6,40,0.0009021195583045483,0.001041832729242742,0.021044023242997534,-0.0013201528125339084
6,41,0.0009018798591569066,0.001041541458107531,0.021362720448293803,-0.0007763399018181695
6,42,0.0009018680430017412,0.001042012358084321,0.02119749563711661,-0.0014731857511732314
6,43,0.0009015973191708326,0.0010416918667033315,0.02157844540513592,-0.0008393579059176975
6,44,0.0009016207768581808,0.0010420784819871187,0.02142381270726522,-0.001523009936014811
6,45,0.000901348190382123,0.0010418806923553348,0.021698003933753495,-0.0010821210013495551
6,46,0.0009011977817863226,0.0010417236480861902,0.021990885410779787,-0.0009142398834228515
6,47,0.0009012864902615547,0.0010423199273645878,0.021672180552541474,-0.001732019583384196
6,48,0.0009010116918943822,0.0010421492625027895,0.021986777399793083,-0.001344099309709337
6,49,0.000901088526006788,0.001042504096403718,0.021773745248347152,-0.001855252848731147
6,50,0.0009008253109641373,0.0010422387858852744,0.02201964663870541,-0.0015436291694641113
6,51,0.0009008574998006225,0.0010424971114844084,0.022005701653751326,-0.0017697148852878148
6,52,0.0009007073240354657,0.0010424929205328226,0.022041841936700137,-0.001956091986762153
6,53,0.0009006278123706579,0.0010426598601043224,0.02219665977689955,-0.0018815570407443576
6,54,0.0009006455074995756,0.0010427325032651424,0.022000002419507062,-0.002415821287367079
6,55,0.0009006416657939553,0.0010425003711134195,0.02236939271291097,-0.0017394887076483832
6,56,0.0009004563326016068,0.0010426482185721397,0.02237859125490542,-0.0019836412535773383
6,57,0.0009003797313198447,0.0010423525236546993,0.0225745333565606,-0.0014968620406256782
6,58,0.0009003001032397151,0.0010427138768136501,0.022501347388750242,-0.0021971980730692547
6,59,0.0009001856669783592,0.001042490592226386,0.022700272224567556,-0.0016288889778984918
6,60,0.0009001736179925501,0.0010429418180137873,0.022537145055370567,-0.002380543284946018
6,61,0.0009002406732179224,0.0010426079388707876,0.022733311741440384,-0.0019430955251057943
6,62,0.000900027749594301,0.0010431238915771246,0.02275670928719603,-0.002303761906094021
6,63,0.0008999899146147072,0.0010429394897073507,0.022683560259548236,-0.0020776165856255424
6,64,0.0008999990532174706,0.0010430351831018925,0.022819125799485196,-0.0021951331032647025
6,65,0.0008999464334920049,0.001043848809786141,0.02249887902059673,-0.003299540943569607
6,66,0.0008996166288852692,0.0010432838462293148,0.023197966887627118,-0.0020854102240668404
6,67,0.0008996535325422883,0.001043220516294241,0.022989941820686245,-0.002456086211734348
6,68,0.0008995661046355963,0.001043561496771872,0.02300655753524215,-0.002843087249332004
6,69,0.0008994042291305959,0.001043387921527028,0.02320929338902603,-0.002594051096174452
6,70,0.0008997572003863752,0.0010435795411467552,0.023170246606991615,-0.002752517329321967
6,71,0.0008996088290587068,0.001042752992361784,0.023325208381370262,-0.0015146493911743163
6,72,0.0008997215772978961,0.0010437601013109088,0.02269209328992867,-0.0031519240803188748
6,73,0.0008994424715638161,0.001043324708007276,0.02310413666713385,-0.0026322775416904027
6,74,0.0008996198303066194,0.001043843338266015,0.022715646543620543,-0.0032149049970838757
6,75,0.0008995230891741812,0.0010433102725073695,0.02307890992105743,-0.0024051547050476076
6,76,0.0008995136013254523,0.0010435781441628933,0.02285722670731721,-0.0028913948271009657
6,77,0.0008992784423753619,0.0010439492762088776,0.023163437843322754,-0.0032847947544521754
6,78,0.0008991920039989054,0.0010430087568238378,0.02348047759797838,-0.0017885976367526585
6,79,0.0008992983493953943,0.0010438843164592981,0.023416534470923154,-0.002987672222985162
6,80,0.000899082631804049,0.001042911084368825,0.02375932372646567,-0.0016193482610914443
6,81,0.0008993102237582207,0.0010437255259603262,0.02288999483909136,-0.0032097525066799586
6,82,0.0008993383962661028,0.001044094329699874,0.022830873212696595,-0.0034267332818773057
6,83,0.0008990383357740939,0.0010435152798891068,0.023495464854770238,-0.002709967560238308
6,84,0.0008989787893369794,0.0010430074762552977,0.02350035376018948,-0.0019815590646531846
6,85,0.0008992499206215143,0.0010438007302582264,0.02329213442625823,-0.002860973940955268
6,86,0.0009002269944176078,0.0010428564855828881,0.02286113986262569,-0.0018774496184455025
6,87,0.0008998624980449677,0.0010427874512970448,0.023117513715484997,-0.0016516235139634875
6,88,0.0008999382262118161,0.0010428656823933125,0.022971637160689742,-0.0016929904619852703
6,89,0.000899251492228359,0.0010431344853714108,0.023629421069298263,-0.0013235860400729708
6,90,0.0008994367672130466,0.0010432858252897859,0.022968176117649786,-0.0019653280576070148
6,91,0.000899371923878789,0.0010428322711959481,0.023280813370221927,-0.0010834627681308323
6,92,0.0008989633060991764,0.0010426508961245418,0.023672629727257623,-0.0009055402543809679
6,93,0.000898882164619863,0.0010428100358694792,0.023540787637969594,-0.0013064490424262152
6,94,0.0008991087088361382,0.0010431651026010513,0.022999614550743574,-0.0020811133914523656
6,95,0.0008989829802885652,0.0010430343681946397,0.023594303337144264,-0.0015297558572557237
6,96,0.0008993097580969334,0.0010431625414639711,0.023590612558670985,-0.0016363965140448677
6,97,0.0008999451529234648,0.0010422785999253392,0.02316845272794182,-0.0006224327617221409
6,98,0.0008993383962661028,0.0010433539282530546,0.023594029597294182,-0.001317208343082004
6,99,0.0008989829802885652,0.001042599673382938,0.023715991296885924,-0.0011162387000189888
6,100,0.0008996293181553483,0.001042462419718504,0.023604858363116227,-0.0008263495233323839
6,101,0.0008990163914859295,0.0010433002607896924,0.02385804815056883,-0.0013419191042582195
6,102,0.0008989449124783278,0.0010426349472254515,0.023807008030973836,-0.0007757610744900174
6,103,0.0008989103371277452,0.0010434171417728066,0.02374786388726882,-0.0018349978658888076
6,104,0.0008989316411316395,0.0010430226102471352,0.02372933699760908,-0.0013785084088643392
6,105,0.0008988441550172865,0.0010431704577058554,0.02403674567187274,-0.001248229874504937
6,106,0.0008986630709841847,0.001042401185259223,0.024221092536125654,-0.00023180511262681748
6,107,0.0008987723849713802,0.0010433800052851439,0.023763622913831547,-0.0017732289102342393
6,108,0.0008986942702904344,0.0010435294825583696,0.023754829977765495,-0.0019433524873521592
6,109,0.000898582162335515,0.001042823540046811,0.0240161496915935,-0.0008337166574266222
6,110,0.000898787344340235,0.0010425946675240993,0.02414009968439738,-0.0006572749879625109
6,111,0.0008984382729977369,0.0010427770903334022,0.02422339239238221,-0.0006710463100009494
6,112,0.0008991622598841786,0.0010430634720250964,0.023842171533608143,-0.0015498956044514975
6,113,0.0008985690074041486,0.0010427488014101982,0.024261554376578627,-0.0005684971809387207
6,114,0.0008986049797385931,0.0010427436791360378,0.02406412171728817,-0.001078678501976861
6,115,0.0008991023059934378,0.0010424108477309346,0.023804335682480422,-0.0010951333575778537
6,116,0.0008986281463876367,0.0010433491552248597,0.02380777582710172,-0.0015684670872158474
6,117,0.0008984424057416618,0.0010432451963424683,0.024324309531553293,-0.0010529504881964789
6,118,0.0008986932807601988,0.0010441422928124666,0.023589810618647823,-0.0027650780147976347
6,119,0.0008985683089122176,0.0010434096911922097,0.02399123642179701,-0.0015541990598042807
6,120,0.0008986348984763026,0.00104297767393291,0.023874854894331943,-0.0017052862379286025
6,121,0.0008987827459350228,0.0010434688301756978,0.023983831464508432,-0.0017373853259616428
6,122,0.0008985281456261873,0.0010430910624563694,0.024121974427023053,-0.0009972519344753688
6,123,0.0008988804765976965,0.001042642630636692,0.02411883892836394,-0.0007083058357238769
6,124,0.0008985549211502075,0.0010437980527058244,0.024177262076625117,-0.0017319864696926542
6,125,0.0008985437452793121,0.0010435243602842093,0.02400487263997396,-0.0019526826010810004
6,126,0.0008983927546069026,0.001043390017002821,0.02434646435725836,-0.0015337189038594564
6,127,0.0008986643515527248,0.001043279655277729,0.024166729420791438,-0.0014459093411763508
6,128,0.0008984690066426992,0.0010436977026984096,0.024189981560648225,-0.0017784608734978569
6,129,0.0008984990417957306,0.0010442091152071953,0.024023337717409488,-0.0022853599654303657
6,130,0.0008984111482277513,0.0010438323952257633,0.024237061282734812,-0.0018933826022677952
6,131,0.0008988432236947119,0.0010432741837576032,0.024000225832432876,-0.0016383555200364854
6,132,0.0008984566666185856,0.001044081524014473,0.024213038256138932,-0.0022076394822862413
6,133,0.0008985077729448676,0.0010437368182465434,0.02413026256325804,-0.0016206781069437663
6,134,0.0008999942801892757,0.0010424000211060047,0.02347417495868824,-0.0009257502026028103
6,135,0.0008984594605863094,0.0010432281997054815,0.02436053267231694,-0.0010025209850735134
6,136,0.0008997648255899549,0.0010424082865938544,0.02352819531052201,-0.0003806749979654948
6,137,0.0008986570173874497,0.0010438357712700963,0.024195840623643664,-0.0014780190255906846
6,138,0.0008987393230199814,0.0010424363426864147,0.02431109039871781,-0.0005435930358039008
6,139,0.0008983638836070895,0.0010431495029479265,0.024309036761154364,-0.0012148168351915148
6,140,0.0008984837331809103,0.0010431831469759345,0.024274283279607324,-0.0009168386459350586
6,141,0.0008981816354207695,0.0010439269244670868,0.024356687363283135,-0.0016349924935234916
6,142,0.0008995526004582644,0.0010430378606542945,0.023813817530502508,-0.0014135784573025174
6,143,0.0008985724998638034,0.00104384811129421,0.02411180160663746,-0.0013133976194593642
6,144,0.0008997832192108035,0.0010423146886751056,0.023589571464208908,-0.0007583419481913249
6,145,0.0008993017254397273,0.001042405143380165,0.024057573006476884,-0.0005888515048556857
6,146,0.0008985899621620774,0.0010432007256895304,0.02440899419195858,-0.001008235083685981
6,147,0.0008981401333585382,0.0010444188956171274,0.024598289419103553,-0.0017869207594129774
6,148,0.0008990499190986156,0.0010430982802063227,0.024120954672495525,-0.0009016010496351454
6,149,0.0008993335068225861,0.0010433063143864274,0.02383597059014403,-0.001446251074473063
6,150,0.0008985982276499271,0.0010439439211040735,0.02435941622581011,-0.0012146049075656468
7,1,0.000963931845035404,0.0009148084791377187,-0.02702480230802371,-0.03267672724193997
7,2,0.0009424933232367039,0.0008954238728620112,0.00048395380561734423,-0.007961331473456488
7,3,0.0009421070571988821,0.0008951915660873055,0.0010691648648108966,-0.007489356729719374
7,4,0.0009421312715858221,0.0008951264899224043,0.0009604215621948243,-0.007505671183268229
7,5,0.0009420383139513433,0.0008950548944994807,0.0010751532919612932,-0.0073195086585150825
7,6,0.0009419132838957012,0.0008949865004979074,0.0012076916518034759,-0.007128243976169162
7,7,0.0009418317349627614,0.0008949191542342305,0.0013511225029274269,-0.006967046525743273
7,8,0.000941738486289978,0.0008948470349423587,0.0014588806364271376,-0.006793451309204101
7,9,0.0009415964595973492,0.0008947850437834859,0.0016321002701182425,-0.0066673477490743005
7,10,0.0009414121741428971,0.0008947253227233887,0.0017902194717783987,-0.006571543216705322
7,11,0.0009412280051037669,0.0008945860899984837,0.0019599340580127855,-0.006372694174448649
7,12,0.0009409174672327936,0.0008945985464379191,0.0021774505391532993,-0.006295716762542725
7,13,0.0009401775896549225,0.0008941584965214133,0.0027137409021824968,-0.00586023728052775
7,14,0.0009392779902555048,0.000893624615855515,0.0034091600665339715,-0.0053129434585571286
7,15,0.0009376695961691439,0.0008928788593038917,0.0045218004120720755,-0.0045973234706454804
7,16,0.0009354764479212463,0.0008919289102777839,0.006020742875558358,-0.003745216793484158
7,17,0.0009326830040663481,0.0008902901317924261,0.008017211343035286,-0.002418692906697591
7,18,0.000929689675103873,0.0008888182928785682,0.010077905066219377,-0.0014794177479214138
7,19,0.000927471206523478,0.0008874348131939769,0.01149920004385489,-0.0006612963146633572
7,20,0.0009258646168746054,0.0008869693847373128,0.012350467399314597,-0.0008127768834431966
7,21,0.000924702500924468,0.0008861387032084167,0.012954111746799798,-0.000440314080980089
7,22,0.0009237735066562891,0.0008861067472025752,0.013442595652592034,-0.0007405903604295518
7,23,0.0009230570867657661,0.0008856540662236512,0.013658524736946011,-0.0007182094785902235
7,24,0.0009224109817296267,0.0008858579094521701,0.013871032073173993,-0.0013773825433519152
7,25,0.000921812723390758,0.0008855898631736636,0.014043462570802665,-0.0014231324195861817
7,26,0.0009211687720380723,0.0008857275824993849,0.014463010982230858,-0.0017158402336968316
7,27,0.0009207116672769189,0.0008857735665515065,0.014384953033776932,-0.002229713069068061
7,28,0.0009201413486152887,0.000885685149114579,0.014752154880099826,-0.0022795134120517308
7,29,0.0009196284809149802,0.0008857334032654762,0.014789244569378135,-0.002579522132873535
7,30,0.0009191401186399162,0.0008855009218677878,0.015068202990072745,-0.0024218824174669054
7,31,0.0009187026880681515,0.0008857256034389138,0.015107893502270734,-0.00279258754518297
7,32,0.0009181959903798997,0.0008856862550601363,0.015371850979180984,-0.003138648139105903
7,33,0.0009177555330097675,0.0008856559870764613,0.015481240808227915,-0.003464863035413954
7,34,0.0009173298603855073,0.0008858524961397052,0.015684319425512242,-0.0038395033942328557
7,35,0.0009169724653474987,0.0008856409694999456,0.015634833883356163,-0.003794403870900472
7,36,0.000916540389880538,0.0008857944048941135,0.015825226130308928,-0.004521915647718641
7,37,0.0009160334011539817,0.0008856384665705264,0.016001440271919156,-0.004204273223876953
7,38,0.0009157491149380803,0.0008860803209245205,0.016003080797784123,-0.005288505554199218
7,39,0.000915277807507664,0.000886202382389456,0.01606434745553099,-0.005829289224412706
7,40,0.0009148899698629975,0.0008861011592671275,0.016357813941107857,-0.006048365434010824
7,41,0.0009144028299488127,0.0008861333481036127,0.01653838790493247,-0.0062055826187133786
7,42,0.0009140754118561745,0.0008862558752298355,0.016656178603937595,-0.006839458147684733
7,43,0.0009136006701737642,0.0008861240930855274,0.016923430230882434,-0.006834746731652154
7,44,0.0009132565464824438,0.0008860632660798728,0.01719857292410768,-0.0072093023194207085
7,45,0.00091285549569875,0.0008864123374223709,0.017243260365945322,-0.007848127683003744
7,46,0.0009123659692704678,0.0008861696114763618,0.01768104824019067,-0.00781369341744317
7,47,0.0009120642207562923,0.0008864435949362814,0.01773953820452278,-0.00849863953060574
7,48,0.0009116377914324403,0.0008863206021487713,0.01817132219856168,-0.008825418684217665
7,49,0.0009113280684687197,0.0008868142031133175,0.018079586382265443,-0.009797159830729167
7,50,0.0009108335361815989,0.0008862744434736669,0.01867531626312821,-0.009113772710164388
7,51,0.000910549599211663,0.0008864942356012762,0.018712560482967048,-0.0098888185289171
7,52,0.0009102258482016623,0.0008861857932060957,0.01895883701465748,-0.010049945778316922
7,53,0.0009098225273191929,0.0008868536679074168,0.019173334115817224,-0.011428754859500461
7,54,0.0009095045388676226,0.0008867168799042702,0.019350005079198766,-0.011330624421437582
7,55,0.0009088725782930851,0.0008873291662894189,0.01988864357088819,-0.012985254658593072
7,56,0.000908577989321202,0.000886326830368489,0.020178328031375085,-0.011140861776140001
7,57,0.0009081506868824363,0.0008869732264429331,0.020497923868673818,-0.012521480189429389
7,58,0.000907702196855098,0.000886041671037674,0.02095027882375835,-0.011408258808983697
7,59,0.0009075378766283393,0.0008870881283655763,0.020989233917660183,-0.013430731826358372
7,60,0.0009070734377019107,0.0008862306131049991,0.021407102949825334,-0.011919526259104411
7,61,0.0009066280908882618,0.000887529575265944,0.021831673162954826,-0.014585744010077582
7,62,0.0009063323959708214,0.0008863898692652583,0.021971336559013083,-0.012690863344404432
7,63,0.000905849039554596,0.0008874018676578999,0.022554822615635246,-0.014542105462816026
7,64,0.0009055917616933584,0.0008865518029779196,0.022633241724084926,-0.013459414905971951
7,65,0.0009053582325577736,0.0008872384205460548,0.02277677912770966,-0.015006714397006564
7,66,0.0009049201034940779,0.0008867580909281969,0.02309846951637739,-0.01505402988857693
7,67,0.0009047189960256219,0.0008875351049937308,0.023386108728102695,-0.016284783681233723
7,68,0.0009042813908308744,0.0008868027944117785,0.02368368351901019,-0.01489506165186564
7,69,0.0009040308650583029,0.0008872793987393379,0.02387322069686136,-0.015483979384104412
7,70,0.0009036564733833075,0.0008860547095537186,0.02407566927097462,-0.014127466413709853
7,71,0.0009033489623107016,0.0008878730586729944,0.02448701122660696,-0.01655720737245348
7,72,0.0009032326051965356,0.0008869608282111585,0.024578119648827446,-0.015959235032399495
7,73,0.0009028798085637391,0.0008876397623680532,0.025043758345238955,-0.017015221383836536
7,74,0.0009025736944749951,0.0008867938304319978,0.02505575227148739,-0.016001202000512017
7,75,0.0009023076272569597,0.0008872391190379858,0.025467458036210804,-0.017457621627383763
7,76,0.0009020265424624085,0.0008859664667397738,0.025510691419059848,-0.014738921324412029
7,77,0.0009016154799610376,0.0008869213052093983,0.02595155018347281,-0.016196771462758382
7,78,0.0009016261319629848,0.00088719860650599,0.02577271976588685,-0.01891644663280911
7,79,0.0009012306109070778,0.0008873362676240504,0.025999086580158752,-0.01843276156319512
7,80,0.000901063671335578,0.000888169975951314,0.025943947427066755,-0.020590402020348442
7,81,0.0009006712352856994,0.0008888828451745212,0.02633683975831962,-0.021570322248670788
7,82,0.0009002856095321476,0.0008889880264177918,0.026715908963003278,-0.022854079140557183
7,83,0.0008999657002277672,0.0008890010649338365,0.02690974591690817,-0.02238031095928616
7,84,0.0008994489326141775,0.000889634364284575,0.027658382757210435,-0.023752088016933865
7,85,0.0008993893279694021,0.0008890075841918588,0.027543492081724567,-0.022684763537512885
7,86,0.0008991201175376773,0.0008907109731808305,0.027839132444358167,-0.02626905706193712
7,87,0.0008987248293124139,0.0008895931532606483,0.02821168222545106,-0.023784694406721325
7,88,0.0008986049797385931,0.000891396077349782,0.02824547835338263,-0.027783241536882188
7,89,0.0008985308231785893,0.0008913681376725435,0.02824654652748579,-0.027568672762976754
7,90,0.0008981659193523228,0.0008921896805986762,0.028544857178205325,-0.02846063772837321
7,91,0.0008979130070656538,0.0008909410098567605,0.029029440291133926,-0.025676806767781574
7,92,0.0008979237172752619,0.0008912953780964017,0.02882220023944054,-0.027816201580895317
7,93,0.0008976230164989829,0.000891626812517643,0.029124774314739085,-0.027940894497765434
7,94,0.0008976629469543695,0.0008928704774007201,0.029023635534592616,-0.031083578533596463
7,95,0.0008975662058219314,0.0008936121012084186,0.029042356691242735,-0.0315300809012519
7,96,0.0008973674848675728,0.0008950765477493405,0.0291806294594282,-0.035844177669949004
7,97,0.0008974081138148904,0.0008956624660640955,0.02923532577208531,-0.036554037200080026
7,98,0.0008967819157987833,0.0008959478000178933,0.030029592837816404,-0.03757971525192261
7,99,0.0008966124150902033,0.00089794717496261,0.030213712910075248,-0.04000280698140462
7,100,0.0008961791172623634,0.0008975063683465123,0.030814226026888245,-0.038993623521592885
7,101,0.000896110781468451,0.0008970687631517649,0.03093261056476169,-0.039007288879818386
7,102,0.0008966761524789035,0.0008961418643593788,0.030025842601870315,-0.03909632629818387
7,103,0.0008958200924098492,0.0008976131211966276,0.031168717513849704,-0.03937170637978448
7,104,0.0008962471038103104,0.000897634366992861,0.03054332630133923,-0.04114656448364258
7,105,0.0008960944833233953,0.0008990862406790257,0.030893294752379993,-0.04168430036968655
7,106,0.0008962735300883651,0.0008986222092062235,0.03036817150351442,-0.04325806299845378
7,107,0.0008960030972957611,0.0008997061522677541,0.030993189193584302,-0.04250376754336887
7,108,0.0008955041412264109,0.0008998224511742592,0.03141962804912049,-0.045371584097544354
7,109,0.0008956609526649117,0.0008994502131827176,0.030915207627378864,-0.04375587436887953
7,110,0.0008955487865023315,0.000898142228834331,0.03126161245652187,-0.044066907299889456
7,111,0.0008952818461693823,0.0008994409581646323,0.031401862921538175,-0.045484904448191324
7,112,0.0008950487244874239,0.0009007921908050776,0.03144312184533955,-0.04782515234417385
7,113,0.0008952479693107307,0.0009004919556900859,0.031464515056139154,-0.0458354115486145
7,114,0.0008950622286647558,0.0009004489402286708,0.03140725765699222,-0.047880470752716064
7,115,0.000894616125151515,0.0008990560309030116,0.031910659943097906,-0.04305437008539836
7,116,0.0008950087940320373,0.0009006945183500648,0.03149520762172746,-0.04650439686245388
7,117,0.000894776894710958,0.0008986715693026781,0.031884813455887784,-0.041364910867479114
7,118,0.0008961950661614537,0.0009021223522722721,0.030647557017243938,-0.046498819192250566
7,119,0.0008946909802034497,0.000900406448636204,0.03150528684074496,-0.044650818241967094
7,120,0.0008948402246460319,0.0008989517809823155,0.03160654424149313,-0.042589293585883245
7,121,0.0008945956942625344,0.0008985614986158907,0.03180574561342781,-0.04279207521014743
7,122,0.0008948881295509636,0.0009005946340039372,0.03158799586472688,-0.04587441947725084
7,123,0.0008941917913034558,0.0008994031813926995,0.03208750692414649,-0.0429822219742669
7,124,0.0008939672261476517,0.0008997771656140685,0.032079183760984446,-0.04647903839747111
7,125,0.0008943295106291771,0.0009001370635814965,0.03176245865998445,-0.04629319773779975
7,126,0.0008939596591517329,0.0008997218683362007,0.03230675885706772,-0.04656863345040215
7,127,0.0008940394036471844,0.0009007200715132058,0.032193905041541584,-0.046699917316436766
7,128,0.0008944467408582568,0.0009004487656056881,0.031472883842609545,-0.046295218997531466
7,129,0.0008939499384723604,0.0009013842209242284,0.032096196251151,-0.04778704775704278
7,130,0.0008939332910813391,0.0009013457456603646,0.03201727410893381,-0.04841920534769694
7,131,0.0008938639657571912,0.0009013170492835343,0.03212466769748264,-0.04784069458643595
7,132,0.0008938289247453213,0.0009036024566739798,0.03197722199522419,-0.052346481217278376
7,133,0.0008939137333072722,0.0009008678025566041,0.03204987402315493,-0.046188565095265706
7,134,0.0008941355627030134,0.0009031691588461399,0.03175563517911935,-0.051149423917134604
7,135,0.0008949657203629613,0.000903961481526494,0.030528125350857957,-0.05237348344590929
7,136,0.0008942327694967389,0.0009040311560966074,0.03138377681190585,-0.052393015225728354
7,137,0.0008947887690737844,0.0009039879078045487,0.030945332256364234,-0.052689275476667616
7,138,0.0008944520377553999,0.0009055201662704349,0.031300074377177675,-0.05538637373182509
7,139,0.0008952025091275573,0.0009061847813427448,0.030405856209036745,-0.05596978664398193
7,140,0.0008948114118538797,0.0009057997376658022,0.03081356551912096,-0.056009523073832196
7,141,0.0008948786417022347,0.0009070047526620328,0.030471021157723887,-0.05738438765207927
7,142,0.0008948559407144785,0.0009072289103642106,0.030632563579229662,-0.05869796541002062
7,143,0.0008943050052039325,0.000906270113773644,0.031184982664791153,-0.05803306897481283
7,144,0.0008946323650889099,0.0009077213471755385,0.030838591669812614,-0.058854431576199004
7,145,0.0008946148445829749,0.0009081250755116343,0.030716618343635843,-0.059685595830281574
7,146,0.0008940319530665874,0.0009040479199029505,0.031507932256769254,-0.05514898697535197
7,147,0.0008936763624660671,0.0009050224907696247,0.03176189484419646,-0.05517876280678643
7,148,0.0008933964418247342,0.0009063434554263949,0.03197407707755948,-0.0550871663623386
7,149,0.0008943151915445924,0.0009065292542800307,0.0309087872505188,-0.05539824962615967
7,150,0.00089572265278548,0.0009047240600921214,0.02975997821784314,-0.051289317342970105
8,1,0.0009649458806961775,0.0008979158010333776,-0.026310852721885398,-0.03306803438398573
8,2,0.0009444095776416361,0.0008791455766186118,6.682887489413037e-05,-0.0066163288222418895
8,3,0.0009440688299946487,0.0008789017447270453,0.0007491356060828692,-0.006004683176676432
8,4,0.0009440698195248842,0.0008790097199380398,0.0005835115173716604,-0.006383286582099067
8,5,0.0009439485729672015,0.0008789569837972522,0.0008300414791813603,-0.006165623664855957
8,6,0.0009439278510399163,0.0008789051789790392,0.0008587229399033535,-0.006003353330824111
8,7,0.0009438163251616061,0.0008788782870396972,0.001046630335442814,-0.005844949351416694
8,8,0.0009437287226319313,0.000878836028277874,0.0011710657013787164,-0.0057964285214742025
8,9,0.0009436591644771397,0.0008787858532741666,0.0012869650934949333,-0.005663160483042399
8,10,0.0009435142856091261,0.0008786919643171132,0.0014377648447766716,-0.00553417338265313
8,11,0.0009433595696464181,0.0008786406833678484,0.001517369423383548,-0.0055322024557325575
8,12,0.0009430252248421311,0.0008784080855548382,0.0018926106853249633,-0.0051906055874294706
8,13,0.0009424955351278186,0.0008780641946941614,0.0024421104678401242,-0.00470515489578247
8,14,0.0009416235261596739,0.0008774194866418839,0.0035826506438078705,-0.003732895851135254
8,15,0.0009402511641383171,0.0008764599915593863,0.004806060408368523,-0.0028051998880174425
8,16,0.0009380015544593334,0.0008746024686843157,0.0075934246734336575,-0.0002903792593214247
8,17,0.0009350526961497962,0.0008723112987354398,0.010814379615548216,0.0024410883585611978
8,18,0.0009326220024377108,0.000870581017807126,0.012883876429663764,0.003941980997721354
8,19,0.0009307051659561694,0.0008692007977515459,0.014188909383467686,0.004710496796502007
8,20,0.0009291484602726996,0.0008680218597874045,0.015168932190647832,0.005191295676761203
8,21,0.000927816960029304,0.0008670483366586268,0.015924243573789243,0.00546464655134413
8,22,0.0009266198612749577,0.0008661311003379524,0.016609662256123106,0.005706041389041476
8,23,0.0009255153127014637,0.0008652082760818303,0.01724482583410946,0.006016614702012804
8,24,0.0009244661196134984,0.0008644495392218232,0.017819089801223188,0.0061915914217631025
8,25,0.0009235137258656323,0.0008637604769319296,0.018356142809361587,0.006393583615620931
8,26,0.0009226500405929983,0.0008632391691207886,0.018806692405983254,0.006441251436869303
8,27,0.0009218772174790502,0.0008627735078334808,0.019184307698850277,0.006497108936309814
8,28,0.0009211376309394836,0.0008623544708825648,0.019597989099997062,0.006626986132727729
8,29,0.0009205702226608992,0.0008621185552328825,0.019876846413553497,0.006580669350094265
8,30,0.0009200541535392404,0.0008618396823294461,0.020225938308386156,0.006722148259480794
8,31,0.0009195771999657154,0.0008616416598670185,0.020507871957472813,0.006664450963338216
8,32,0.000919127487577498,0.000861342647112906,0.02091282429518523,0.006905905405680339
8,33,0.0009188337717205286,0.0008611844386905432,0.0211553277792754,0.006864904032813178
8,34,0.0009183723013848066,0.000860928965266794,0.021564214317886916,0.007143949137793647
8,35,0.0009181132772937417,0.0008608321659266949,0.021811707225846657,0.0071205642488267685
8,36,0.0009177449392154813,0.0008608888601884246,0.021989678895031964,0.006871852609846327
8,37,0.0009174714214168489,0.0008606754709035158,0.02220733666125639,0.006882758935292562
8,38,0.0009171224082820117,0.0008605630719102919,0.022542167298587754,0.006979241636064317
8,39,0.0009168552933260798,0.0008604757022112608,0.022698867615358328,0.006846519311269125
8,40,0.0009166228119283915,0.0008602746529504657,0.022887869675954183,0.00704184373219808
8,41,0.0009163828799501061,0.0008600534638389945,0.023230993453367255,0.00727993647257487
8,42,0.0009160533081740141,0.0008601734298281372,0.023249738893391173,0.006771916813320584
8,43,0.0009159715846180916,0.0008600542787462473,0.02345110693095643,0.006844149695502387
8,44,0.0009156545856967568,0.0008601747103966773,0.023540167602491967,0.006516936090257433
8,45,0.0009155370062217116,0.0008599683060310781,0.023664628282005405,0.006646253003014459
8,46,0.0009153162827715278,0.0008600641740486026,0.02365296652287613,0.006307688024308946
8,47,0.0009151445119641721,0.0008599631837569177,0.0238715292494974,0.006353375646803114
8,48,0.0009149687830358744,0.0008599000284448266,0.02390948960810532,0.006307950284745958
8,49,0.0009149314137175679,0.0008600075962021947,0.023906295682177132,0.006075745158725315
8,50,0.0009147850796580315,0.0008598676067776978,0.02399798410910147,0.0061008863978915745
8,51,0.0009147097589448094,0.0008601190056651831,0.023884896878842956,0.0056228200594584145
8,52,0.000914654228836298,0.0008599626598879695,0.02383702125078366,0.005756213929918077
8,53,0.0009143975330516696,0.000860087457112968,0.024068832103117013,0.00542736185921563
8,54,0.0009144757059402764,0.000859931402374059,0.024021970489878714,0.00570424132876926
8,55,0.000914310512598604,0.0008600254659540951,0.02429928544126911,0.005383049117194282
8,56,0.0009142959024757147,0.0008600603323429823,0.024204442530502506,0.005526359875996908
8,57,0.0009141627815552056,0.0008599519496783614,0.024404693680045046,0.005477702617645264
8,58,0.0009141997434198856,0.0008603341411799192,0.02392772082929258,0.004747319221496582
8,59,0.0009137665620073676,0.0008599183056503534,0.024625594674805063,0.005419276820288764
8,60,0.0009138889145106077,0.0008598379790782928,0.024446273585896433,0.005315491888258192
8,61,0.000913744792342186,0.0008600690634921193,0.02442012892829047,0.004667470190260145
8,62,0.0009136933367699385,0.0008601076551713049,0.024545775372305033,0.004858684539794922
8,63,0.0009136254084296525,0.0008600568980909884,0.024512225168722646,0.004635948605007595
8,64,0.0009135435684584081,0.0008599653956480324,0.024695570822115296,0.004778590467241075
8,65,0.0009136529406532645,0.0008602990419603884,0.024335103859136134,0.004332277509901259
8,66,0.000913598109036684,0.0008598700514994562,0.0245981725645654,0.004855628808339437
8,67,0.0009137651650235057,0.0008600499131716788,0.02426938642690211,0.004160965813530816
8,68,0.0009134997380897403,0.0008599756401963532,0.024586161860713253,0.004176594151390924
8,69,0.0009133876301348209,0.0008602312300354242,0.024557301291713008,0.004312405321333143
8,70,0.0009133174899034202,0.0008596400730311871,0.02484548901334221,0.004954188399844699
8,71,0.0009133340208791196,0.0008596017141826451,0.02475016396722676,0.0047288404570685495
8,72,0.0009134805295616388,0.0008600042201578617,0.024340313893777353,0.00440295934677124
8,73,0.0009129774989560246,0.0008595032850280404,0.02516406597914519,0.0048256966802808976
8,74,0.0009132599225267768,0.0008596209227107465,0.024737677456420144,0.0045693185594346784
8,75,0.0009130353573709726,0.000859510968439281,0.02498878593798037,0.004831679662068685
8,76,0.0009130710968747735,0.0008593563688918948,0.024929789702097575,0.004985443751017253
8,77,0.0009130316902883351,0.0008593927486799657,0.024908392664826945,0.004849229918585884
8,78,0.0009129808750003576,0.0008594226674176753,0.02515656786200441,0.004801966084374322
8,79,0.0009127055527642369,0.000859326682984829,0.025487100195001673,0.005169861846499973
8,80,0.0009128815145231783,0.0008591708028689027,0.025309016822296897,0.005114731523725722
8,81,0.0009129499085247517,0.0008592185331508517,0.02534799016552207,0.005014187759823269
8,82,0.0009126674849539995,0.0008593359962105751,0.025597056488931916,0.005307111475202773
8,83,0.0009124636417254806,0.0008591908263042569,0.025768892559004417,0.005318615171644423
8,84,0.0009128621895797551,0.0008592375088483095,0.025610539353924034,0.005084110630883111
8,85,0.0009124185889959335,0.0008587872143834829,0.025815819369422066,0.0056412140528361
8,86,0.0009122566552832723,0.000858722603879869,0.025960892953990417,0.005635992685953776
8,87,0.0009121189941652119,0.0008588057244196534,0.02606621656888797,0.005656879478030735
8,88,0.0009120784234255552,0.0008589319186285138,0.025856638396227802,0.005346303515964084
8,89,0.0009121742332354188,0.0008589794160798192,0.02568111625718482,0.005287457836998834
8,90,0.0009119047899730504,0.0008588009513914585,0.02619184270317172,0.005577652984195285
8,91,0.0009122726041823626,0.0008585735340602696,0.025681799282262354,0.005794696013132731
8,92,0.0009119131718762219,0.0008589323842898011,0.026053457789950902,0.005461838510301378
8,93,0.0009119125315919518,0.0008589028147980571,0.025982005360685748,0.00536317163043552
8,94,0.0009120957693085074,0.0008588992641307414,0.02566949055518633,0.005435232321421305
8,95,0.000912135117687285,0.0008589649223722517,0.025427041524722253,0.00514969163470798
8,96,0.0009120141621679068,0.0008596661500632763,0.025794695336141704,0.0047342512342664934
8,97,0.0009117459994740784,0.0008593215607106686,0.02607089928638788,0.005084005991617838
8,98,0.0009118531015701592,0.0008592053200118244,0.025864858391844197,0.004947162999047174
8,99,0.000911858631297946,0.0008593903621658683,0.025789204938912097,0.004957486523522271
8,100,0.000911902985535562,0.0008591333753429353,0.02579341420420894,0.004978442192077636
8,101,0.0009119493770413101,0.0008596078841947019,0.025535142127378486,0.004501181178622775
8,102,0.000911737559363246,0.000860232044942677,0.026151534951763387,0.004275935226016574
8,103,0.00091168173821643,0.0008588836644776165,0.026343827335922807,0.005540400081210666
8,104,0.000912812422029674,0.0008600556757301092,0.02487390880231504,0.004106879234313965
8,105,0.0009116145083680749,0.0008582063601352274,0.026839915764184645,0.006771237320370145
8,106,0.0009127818048000336,0.0008603701135143638,0.02551487993310999,0.0046163241068522135
8,107,0.0009113600244745612,0.0008581510046496987,0.027229706446329754,0.007042519251505534
8,108,0.0009113866253755987,0.0008592671365477145,0.026900467607710095,0.006110294659932455
8,109,0.0009115026332437992,0.0008583540329709649,0.026500585785618536,0.006356041961246067
8,110,0.0009114580461755395,0.00085847033187747,0.026556072706057702,0.006033555666605631
8,111,0.000911228999029845,0.0008589737699367106,0.026767305385919263,0.005737406677669949
8,112,0.0009121764451265335,0.0008593362290412188,0.025526287526260186,0.00473420090145535
8,113,0.0009113587439060211,0.0008593893144279718,0.026596961933889506,0.005396682686275906
8,114,0.0009112557163462043,0.0008593206875957549,0.026461464828915066,0.00493776003519694
8,115,0.000911108567379415,0.0008594761602580547,0.02686637963777707,0.005006684197319878
8,116,0.0009112092666327953,0.0008589964127168059,0.026499009279557215,0.005218635665045844
8,117,0.0009110522223636508,0.0008591002551838756,0.026936669997227044,0.005299733744727241
8,118,0.0009114752756431699,0.0008594814571551979,0.025846839245454764,0.004442266623179118
8,119,0.0009111250983551145,0.0008595337858423591,0.026459765875781024,0.004604739613003201
8,120,0.0009113558335229754,0.0008596151019446552,0.026439484696329375,0.004552588197920058
8,121,0.0009109405800700188,0.0008595217950642109,0.027020118560320064,0.004760154088338216
8,122,0.0009109126403927803,0.0008592225494794548,0.026822243354938647,0.005142980151706272
8,123,0.0009110808605328202,0.0008591595105826855,0.026913484231925307,0.005125778251224094
8,124,0.0009110206738114357,0.0008590658544562757,0.02667988818368794,0.005098727014329698
8,125,0.0009110376704484224,0.0008599464781582355,0.027035118621072652,0.004831328656938341
8,126,0.0009109145612455904,0.0008591488003730774,0.02690250505635768,0.005141672823164198
8,127,0.0009110077517107129,0.0008592816302552819,0.026718761302806714,0.004972893661922878
8,128,0.0009109230595640838,0.0008594003738835454,0.0267663871800458,0.004831410778893365
8,129,0.0009110536193475127,0.0008594876853749156,0.026296162752457608,0.004507005214691162
8,130,0.0009110893588513136,0.0008588889031670988,0.026855834472326586,0.005197389920552572
8,131,0.0009110440732911229,0.0008596916450187564,0.02657274007797241,0.004743210474650065
8,132,0.0009107346413657069,0.0008595033432357013,0.02705997258056829,0.00527985758251614
8,133,0.0009124546777456999,0.0008598381537012756,0.02528054905526432,0.0043198810683356395
8,134,0.0009108477388508618,0.0008590412326157093,0.027433117083561272,0.006000947952270508
8,135,0.0009108661906793714,0.0008585455361753702,0.02694919021041305,0.006143189801110162
8,136,0.0009110780665650964,0.0008594139944761992,0.026733274813051575,0.005198264122009277
8,137,0.0009108467493206263,0.000858777784742415,0.02690473485876013,0.005760117371877035
8,138,0.0009109037346206605,0.0008597747655585408,0.026461617004724197,0.00481062200334337
8,139,0.0009107909863814712,0.0008588357595726848,0.027303528785705567,0.0060745159784952795
8,140,0.0009107756777666509,0.0008596234256401658,0.02710172438327177,0.0054287552833557125
8,141,0.0009109488455578685,0.0008590045035816729,0.02710691234211863,0.005659643809000651
8,142,0.0009106972720474005,0.0008592538069933653,0.02712225178141653,0.005506421460045708
8,143,0.0009108365629799664,0.0008594926912337542,0.027076866302961185,0.005233654710981581
8,144,0.0009107161313295364,0.0008595139952376485,0.027149360415376262,0.00534383323457506
8,145,0.000911096460185945,0.000859539199154824,0.02689142433213599,0.005122004614935981
8,146,0.0009107990772463381,0.0008590182987973094,0.0268149158101023,0.005638289451599121
8,147,0.000910840230062604,0.0008598648710176349,0.027322307780936913,0.005195181899600559
8,148,0.0009107129881158471,0.0008596657426096499,0.026880792923915535,0.00526349941889445
8,149,0.0009106929646804929,0.0008595641702413559,0.027139492682468742,0.005282702710893419
8,150,0.000910828122869134,0.0008598525309935212,0.02669526662355588,0.004748541778988308
9,1,0.000958206772338599,0.000960264471359551,-0.026122489387606397,-0.034058451652526855
9,2,0.0009373881621286273,0.0009417426190339029,0.000806402129891478,-0.006769292884402805
9,3,0.0009369914187118411,0.0009414713131263852,0.001499731746720679,-0.005945265293121338
9,4,0.0009369393228553236,0.0009416284156031907,0.0014767636487513414,-0.006616212262047662
9,5,0.0009369408944621682,0.0009416749235242605,0.0013986382955386316,-0.006397048632303874
9,6,0.0009368070168420672,0.0009415702661499381,0.0016316221084123777,-0.006244259410434299
9,7,0.0009367266902700067,0.0009414606029167771,0.0017526494132147894,-0.00594429439968533
9,8,0.0009366360027343035,0.0009413857478648424,0.001884581571743812,-0.0058535536130269366
9,9,0.0009365302976220846,0.0009413000079803169,0.002024642037756649,-0.005667289098103841
9,10,0.0009364060242660344,0.0009412216022610664,0.0021656954729998555,-0.0055305759112040205
9,11,0.0009362336131744087,0.0009411588544026017,0.0023331402260580183,-0.00545168055428399
9,12,0.0009359916439279914,0.0009410695056430995,0.0025526803216816465,-0.005349565876854791
9,13,0.0009356059599667788,0.000940905069001019,0.002828390951509829,-0.005225785573323568
9,14,0.0009348936146125197,0.0009405853925272822,0.0034221761020613306,-0.004834979110293918
9,15,0.0009338671225123107,0.0009401619900017977,0.004502877629833457,-0.0040187875429789225
9,16,0.0009317517979070544,0.0009388375328853726,0.007061880164676243,-0.001495206356048584
9,17,0.0009289372246712446,0.0009369773324579,0.010299664367864161,0.001663672924041748
9,18,0.0009267986752092838,0.0009356433874927461,0.01217502694071075,0.003124222490522597
9,19,0.0009250978473573923,0.0009345011203549802,0.013496345943874784,0.004178220695919461
9,20,0.0009235944598913193,0.0009332451736554503,0.014508635026437264,0.0050429211722479925
9,21,0.0009223025408573449,0.0009322086116299033,0.015277904787181336,0.00576577451494005
9,22,0.0009210703428834677,0.0009311559842899442,0.015963269015889108,0.006343233585357666
9,23,0.0009199508931487799,0.0009301863610744476,0.016538604689233096,0.00686831341849433
9,24,0.0009188655531033874,0.0009291513124480844,0.01710580234174375,0.007441103458404541
9,25,0.0009179648477584124,0.0009283866384066641,0.01744565698835585,0.007671226395501031
9,26,0.0009171206038445234,0.0009276909986510873,0.017826243977487822,0.007981250021192763
9,27,0.0009163932409137487,0.0009270989103242755,0.01817229309199769,0.008277127477857802
9,28,0.0009157794993370771,0.0009264177642762661,0.018400522661797793,0.008583894040849473
9,29,0.0009152279235422611,0.0009261397644877434,0.018630034393734403,0.008716383245256212
9,30,0.0009147810051217675,0.0009257246274501085,0.018900328948173995,0.009074959490034316
9,31,0.0009143949719145894,0.0009254025062546134,0.01902307007047865,0.009206500318315294
9,32,0.000914066331461072,0.000924987718462944,0.019273122446036635,0.009633220566643608
9,33,0.0009137005545198917,0.0009247558773495257,0.019485770184316752,0.009865217738681369
9,34,0.0009134570136666298,0.0009242655360139906,0.01972048591684412,0.010367902119954427
9,35,0.0009131440310738981,0.0009241275838576257,0.019948323714880294,0.01055615743001302
9,36,0.0009127984521910548,0.0009239763021469116,0.02021408846348892,0.010804490248362223
9,37,0.000912476796656847,0.0009236051118932664,0.020462926081669185,0.011157617304060194
9,38,0.0009122628252953291,0.0009231365984305739,0.020616092063762522,0.01156552897559272
9,39,0.0009119531023316085,0.0009230819996446371,0.020857528109609346,0.011724249521891276
9,40,0.000911718001589179,0.0009228104026988149,0.020974318480785983,0.011983496612972683
9,41,0.0009114475687965751,0.0009229512070305645,0.021270803610483804,0.012094706959194608
9,42,0.0009111502440646291,0.0009223190718330443,0.021367285869739672,0.012471020221710205
9,43,0.0009109250386245549,0.0009221601067110896,0.021648421846790077,0.012845403618282743
9,44,0.000910661299712956,0.0009220930514857173,0.021815651875955088,0.012947364648183187
9,45,0.0009104288765229285,0.0009218476479873061,0.021935948766308066,0.01312312020195855
9,46,0.0009101716568693519,0.000921775761526078,0.022145751376210908,0.013314467006259495
9,47,0.0009099349845200777,0.0009215775062330067,0.022195300202310822,0.013383583227793375
9,48,0.0009096590802073479,0.0009214752353727818,0.02246587188155563,0.013696376482645671
9,49,0.0009094121633097529,0.0009210901334881783,0.022593887646993,0.014067754480573865
9,50,0.0009092006366699934,0.0009210248244926333,0.022735799536292935,0.014147551854451497
9,51,0.0009089909726753831,0.0009208720875903964,0.022869086265563963,0.014301816622416178
9,52,0.000908822170458734,0.0009211221477016807,0.02284333779488081,0.01412225431866116
9,53,0.0009086639620363712,0.000920772785320878,0.02295410809693513,0.014221706655290392
9,54,0.0009084220509976149,0.0009206196409650147,0.023108028188163852,0.01429731051127116
9,55,0.0009082402684725821,0.00092059385497123,0.02314230821750782,0.014367773797776965
9,56,0.0009080020827241242,0.0009203798836097121,0.023265548988624856,0.014567830827501085
9,57,0.0009077962022274733,0.0009206669055856764,0.023360057671864828,0.014423576990763347
9,58,0.0009077034192159772,0.0009204247617162764,0.023383735285864935,0.014490959379408095
9,59,0.0009075069101527333,0.0009209411218762398,0.023452646055339296,0.01421744426091512
9,60,0.0009074707049876451,0.0009204862872138619,0.023412614398532445,0.01446628835466173
9,61,0.0009071828098967671,0.0009204695234075189,0.02359665941309046,0.014302162329355876
9,62,0.0009069606894627213,0.0009202673682011664,0.023679559613451546,0.014520916673872206
9,63,0.0009068154613487422,0.0009200923959724605,0.023787841384793507,0.014516900645362006
9,64,0.0009068100480362773,0.0009207557886838913,0.02365736284373719,0.014089004198710123
9,65,0.0009066314669325948,0.0009202194632962346,0.02378643324345718,0.014358344342973497
9,66,0.0009065761114470661,0.0009204574162140489,0.02379232350690865,0.014259056250254313
9,67,0.0009062462486326694,0.000920120335649699,0.023993878452866164,0.014393809106614855
9,68,0.0009062143508344889,0.0009199867490679026,0.023965302220097295,0.01442311339908176
9,69,0.0009061219170689583,0.0009203166700899601,0.02399363061528147,0.014228790336185031
9,70,0.000905779073946178,0.0009201312786899507,0.024228863068568855,0.014135902457767063
9,71,0.0009058172581717372,0.0009201226639561355,0.024215557840135363,0.01400431129667494
9,72,0.0009056874550879002,0.0009206536342389882,0.02414702221199318,0.013982082737816705
9,73,0.0009056733688339591,0.0009203152148984373,0.024172549188872915,0.013819792535569933
9,74,0.0009054755792021751,0.0009203162044286728,0.024264997170295243,0.01375704871283637
9,75,0.0009053990943357348,0.0009202399523928761,0.024347342090842165,0.014139082696702745
9,76,0.000905403052456677,0.0009197571780532598,0.024367024574750734,0.013982432418399388
9,77,0.0009052401874214411,0.0009202208602800965,0.02435803207350366,0.013692753844790989
9,78,0.0009050436201505363,0.0009199863998219371,0.024518985512815877,0.014072567886776395
9,79,0.0009049645159393549,0.000920087331905961,0.024597429198983275,0.0137142366833157
9,80,0.0009049841901287436,0.0009203061927109957,0.024422417157962,0.013510110643174913
9,81,0.0009051820961758494,0.0009196163155138493,0.024439572110588167,0.013910255167219374
9,82,0.0009048809879459441,0.0009207013645209372,0.0244630714993418,0.013101138008965386
9,83,0.0009046164923347533,0.0009202224900946021,0.02468359794145749,0.01346818208694458
9,84,0.0009045634069480002,0.0009199769701808691,0.02471591028166406,0.013817581865522597
9,85,0.0009045100305229425,0.0009205109672620893,0.024728970615952105,0.013234443134731717
9,86,0.000904554093722254,0.0009205553214997053,0.02467284541071197,0.01358527210023668
9,87,0.0009044580510817468,0.0009196350583806634,0.024647903000866927,0.013964263598124187
9,88,0.0009042989695444703,0.0009195690508931875,0.024888682806933366,0.014527065224117702
9,89,0.0009041674202308059,0.0009193980367854238,0.024923328852947846,0.014617478847503662
9,90,0.000904225162230432,0.0009207740658894181,0.024755415651533337,0.01354124943415324
9,91,0.0009044401231221855,0.0009190695127472281,0.024827757588139286,0.014611225657992893
9,92,0.0009041944285854697,0.000919533777050674,0.024684936470455592,0.014621966414981417
9,93,0.0009043055470101535,0.0009196515893563628,0.024768643467514603,0.01407237450281779
9,94,0.0009038610733114183,0.000919899670407176,0.024956149525112575,0.013811126020219592
9,95,0.0009036779520101845,0.0009207630064338446,0.025127182772130142,0.013430039087931315
9,96,0.0009037605486810207,0.0009199654450640082,0.024990451335906983,0.013594598240322537
9,97,0.0009037121781148016,0.0009199823834933341,0.025003737137641435,0.013706889417436387
9,98,0.0009036794072017074,0.0009192622965201735,0.02493634076766026,0.014595615863800048
9,99,0.0009039848810061812,0.0009207946714013815,0.024942513012591705,0.013432874944474963
9,100,0.0009034458780661225,0.0009202815126627684,0.02515756141992263,0.014098999235365126
9,101,0.0009041191078722477,0.0009204065427184105,0.024940045527469965,0.013794492350684272
9,102,0.0009034669492393732,0.0009198241168633103,0.02510095363781776,0.0141174938943651
9,103,0.0009036028059199452,0.0009212425211444497,0.02504164480868681,0.013006395763821073
9,104,0.0009033512324094772,0.0009198874467983842,0.025190037709695322,0.013723831706576877
9,105,0.0009033415117301047,0.000919827725738287,0.025275868250999922,0.013869016700320773
9,106,0.0009031458757817745,0.0009207279654219747,0.025257683977668668,0.012917633851369221
9,107,0.0009033430833369493,0.0009208940900862217,0.025110560434835928,0.01306780841615465
9,108,0.0009031794033944607,0.000919687794521451,0.02522786634939688,0.013745937082502577
9,109,0.0009029175853356719,0.000920337566640228,0.025349735183480344,0.013523908456166585
9,110,0.0009032855741679668,0.0009198475163429976,0.02510996218080874,0.013031419118245442
9,111,0.0009030161891132593,0.0009201515931636095,0.02502118246054944,0.01326080560684204
9,112,0.0009035080438479781,0.000921146129257977,0.024912352473647505,0.012440254953172471
9,113,0.0009028102504089475,0.0009201960638165474,0.025267465467806217,0.012909082571665446
9,114,0.0009034730610437691,0.0009207503171637654,0.02526195682125327,0.01284015973409017
9,115,0.000902685453183949,0.0009199061896651983,0.02537011025864401,0.013733122083875868
9,116,0.000903378939256072,0.0009198415209539235,0.02495659942980166,0.013618557982974582
9,117,0.0009026214247569442,0.000920229300390929,0.025373249289430216,0.013120252556271023
9,118,0.0009025381878018379,0.0009206237737089396,0.025453675823447146,0.013246556123097738
9,119,0.0009024630999192595,0.0009203088120557368,0.02540293725920312,0.013220553927951389
9,120,0.0009029216598719358,0.0009202325018122792,0.02524298252882781,0.013202644719017876
9,121,0.0009024408645927906,0.0009203935624100268,0.02537130352891522,0.012958073616027832
9,122,0.0009026164188981056,0.0009196528699249029,0.025618814833370255,0.013639569282531738
9,123,0.0009026700863614678,0.0009211085853166878,0.025029994087454713,0.012868663999769422
9,124,0.000902293249964714,0.0009202446672134101,0.02560177143709159,0.01343641546037462
9,125,0.0009023923776112497,0.0009195123566314578,0.025484886434343126,0.01379437976413303
9,126,0.0009023696184158325,0.0009205671958625317,0.02531678764908402,0.01289669672648112
9,127,0.000902314845006913,0.0009215175523422658,0.02545110708401527,0.012435268031226264
9,128,0.0009021277655847371,0.0009202963556163013,0.0254594075826951,0.013100249237484402
9,129,0.0009031143272295594,0.0009209237759932876,0.025180178218417698,0.013131308555603027
9,130,0.0009022309677675366,0.0009208109695464373,0.025255198537567514,0.012744682364993626
9,131,0.0009019238059408963,0.0009211116703227162,0.025600487067375655,0.012749107678731282
9,132,0.0009019720600917935,0.0009204622474499047,0.025577463779920415,0.013222177823384603
9,133,0.0009020492434501648,0.0009199961787089705,0.02567318457144278,0.013534091578589546
9,134,0.0009023917373269796,0.0009206095710396767,0.02496161240118521,0.013175573613908555
9,135,0.0009028222411870956,0.000921483151614666,0.025090951684080525,0.012725035349527994
9,136,0.0009020849829539657,0.000920476857572794,0.025489251554748158,0.013260689046647813
9,137,0.0009020844008773565,0.0009219464263878763,0.025441134711842478,0.012540337774488661
9,138,0.0009023677557706833,0.0009211985161527991,0.025004441208309598,0.012722607453664143
9,139,0.0009015105315484107,0.0009208674309775233,0.025860979233259036,0.013177255789438883
9,140,0.000901868159417063,0.0009210704010911286,0.025447253239007643,0.012993054919772679
9,141,0.0009017116390168667,0.000921183149330318,0.025319022602505153,0.01241067780388726
9,142,0.0009016476687975228,0.0009211123688146472,0.025593683749069403,0.012834375434451633
9,143,0.0009016040130518377,0.0009208964766003191,0.025907601986402348,0.013254634539286296
9,144,0.0009017586708068848,0.0009212721488438547,0.025653352119304515,0.01254337363772922
9,145,0.0009021677542477846,0.0009212198783643544,0.02502975360846814,0.012475122345818414
9,146,0.0009019554709084332,0.0009213673765771091,0.02512828391275288,0.012316208415561252
9,147,0.0009017594275064766,0.0009211816941387951,0.025314767566728003,0.012632359398735894
9,148,0.0009014260722324252,0.0009212930453941226,0.02552352922934073,0.012456938955518934
9,149,0.0009013450471684337,0.0009215555619448423,0.025797258777382932,0.012421859635247124
9,150,0.0009015630348585546,0.000920881109777838,0.025892822830765334,0.012808790471818711
10,1,0.0009641649085097015,0.0009060885640792549,-0.02696927771156217,-0.0253284043735928
10,2,0.0009434148669242859,0.0008871169411577284,-0.0007433099511228962,-0.00041055546866522897
10,3,0.0009431216749362648,0.0008868655422702432,-0.0003518591692418228,-8.314185672336155e-05
10,4,0.0009430344216525555,0.0008868152508512139,-0.0002836654215683172,-0.00010858376820882162
10,5,0.0009430014761164784,0.0008867991855368018,-0.000272464163509416,-4.8738055759006075e-05
10,6,0.0009428941993974149,0.0008867259020917118,-0.00010753134150563934,-5.7657559712727865e-06
10,7,0.000942817481700331,0.0008866200223565102,-1.7675352685245467e-07,0.00014590157402886284
10,8,0.0009427446639165282,0.0008865337586030364,0.000108692381117079,0.000266922844780816
10,9,0.0009426133474335074,0.000886443245690316,0.00027907321482528876,0.0003734548886617025
10,10,0.000942479760851711,0.0008863761322572827,0.00043930801344506534,0.00041775438520643446
10,11,0.0009423302835784853,0.0008862542454153299,0.0006095675774562506,0.0005953219201829699
10,12,0.0009421060094609857,0.0008860995294526219,0.0008257140347987046,0.0007315384017096625
10,13,0.0009417692199349403,0.0008858578512445092,0.0011391279138164756,0.0009780300988091362
10,14,0.000941275735385716,0.0008856087224557996,0.0016538830451023432,0.001257524225446913
10,15,0.0009405603632330894,0.0008850899175740778,0.002433879139982624,0.0018960939513312446
10,16,0.0009391718194819987,0.0008842447423376143,0.0042381806138121056,0.0029181440671284995
10,17,0.0009367574821226299,0.0008827748242765665,0.007099275530120473,0.00473684204949273
10,18,0.0009341630502603948,0.0008814082248136401,0.009664456049601236,0.0059660779105292425
10,19,0.0009319686214439571,0.0008800805080682039,0.011347316959757863,0.007390856742858887
10,20,0.0009302280377596617,0.0008791866130195558,0.012430081396927068,0.007943032847510443
10,21,0.0009289478766731918,0.0008784858509898186,0.013151325119866265,0.008455575837029352
10,22,0.000927886925637722,0.0008781874785199761,0.013758431834939085,0.00836458338631524
10,23,0.0009268734720535576,0.0008778976043686271,0.01427223226170481,0.008236731423272027
10,24,0.0009262036764994264,0.0008774289744906127,0.01462235333007059,0.00870665709177653
10,25,0.0009255045442841947,0.0008772903820499778,0.015001644028557672,0.008431393570370144
10,26,0.0009250424336642027,0.0008772698929533362,0.015356276211915192,0.00841247108247545
10,27,0.000924302963539958,0.0008770100539550185,0.01587021659921717,0.008441845575968424
10,28,0.0009236747864633799,0.0008766240789555013,0.016274152125841306,0.008550343248579237
10,29,0.0009231673320755363,0.0008761869394220412,0.016628304087085488,0.008765808741251628
10,30,0.0009228734415955842,0.0008757411851547658,0.016694645086924236,0.009207138750288222
10,31,0.0009225755929946899,0.0008755109738558531,0.016848760916862958,0.009232710467444526
10,32,0.0009219805942848325,0.000875512370839715,0.01754932521302023,0.00927226808336046
10,33,0.0009217095794156194,0.0008751448476687074,0.017595683350975132,0.009517836570739745
10,34,0.000921193859539926,0.000875237921718508,0.017933493631857412,0.009221511416965061
10,35,0.0009207022376358509,0.0008753755828365684,0.018499072392781576,0.009172652827368842
10,36,0.0009203084628097713,0.0008754450245760381,0.018700128720130448,0.008709902233547635
10,37,0.0009199752239510417,0.0008753275033086538,0.019026615295881108,0.008955523702833387
10,38,0.0009197123581543565,0.000875226513016969,0.01937431862324844,0.00899489720662435
10,39,0.0009193379664793611,0.0008752450812608004,0.01935583617952135,0.008590181668599447
10,40,0.0009191223070956767,0.0008751116693019867,0.019693990106935854,0.009089321560329862
10,41,0.000918575853575021,0.0008753475267440081,0.019946527039563216,0.008393769794040256
10,42,0.0009183796937577426,0.0008752045687288046,0.020159181400581642,0.008576167954338921
10,43,0.0009179648477584124,0.0008753992151468992,0.020594839107843092,0.008736174636416965
10,44,0.0009177105384878814,0.000875573605298996,0.02076348493128647,0.008212419350941975
10,45,0.0009175458690151572,0.0008751106215640903,0.02099660222913012,0.00879110230339898
10,46,0.0009173009311780334,0.0008756514289416373,0.021323062313927544,0.008517172601487901
10,47,0.0009176302701234818,0.0008751958375796676,0.020620149889110047,0.008504374821980795
10,48,0.0009170932462438941,0.0008755546296015382,0.021123325088877737,0.008287707964579264
10,49,0.0009168827091343701,0.0008755059679970145,0.021150908793932124,0.007981766594780816
10,50,0.0009168719407171011,0.0008754736045375466,0.021401855091989778,0.008106866147783068
10,51,0.0009165715309791267,0.0008759506745263934,0.021737970687724924,0.007661565144856771
10,52,0.000916477176360786,0.0008758596377447248,0.021750498995368864,0.00771791140238444
10,53,0.0009163067443296313,0.0008765636011958122,0.02201609479056464,0.007069656583997938
10,54,0.000916451564989984,0.000876000733114779,0.021648763285742865,0.007398651705847846
10,55,0.0009164178045466542,0.000876055855769664,0.021471435641065056,0.00673800441953871
10,56,0.0009163055219687521,0.0008748415857553482,0.021752463152379165,0.009048979812198215
10,57,0.0009164969669654965,0.0008752293651923537,0.021468771534201538,0.007923588487837049
10,58,0.0009158895118162036,0.0008747618412598968,0.022378449822649544,0.009676612748040093
10,59,0.0009157133172266185,0.0008762162178754807,0.02245494995588138,0.007622698942820231
10,60,0.0009160004556179047,0.0008751284331083298,0.021967223544179657,0.009439769056108263
10,61,0.0009158676257357001,0.0008767806575633585,0.021938303223362675,0.006196161111195882
10,62,0.0009154409635812044,0.0008769307751208544,0.022464242835103728,0.007031553321414524
10,63,0.0009163063950836658,0.0008763070218265057,0.02108014954460992,0.006958709822760688
10,64,0.000915556272957474,0.0008760544587858021,0.02251350614759657,0.008154163095686172
10,65,0.0009155584266409278,0.0008747837273404002,0.022223653763900567,0.009190727604760064
10,66,0.0009150790283456445,0.0008761523058637977,0.0226416951344337,0.008074368370903863
10,67,0.0009153058053925633,0.0008768921834416687,0.02214754128161772,0.006805161635080974
10,68,0.0009152646525762975,0.0008767103427089751,0.022484650288099123,0.0070843564139472116
10,69,0.0009151488775387406,0.0008778428891673684,0.022703349737473476,0.0061653203434414335
10,70,0.0009150324622169137,0.0008781612850725651,0.022750734841382063,0.005546557903289795
10,71,0.000915431824978441,0.0008789582061581314,0.021791458129882812,0.003926732805040148
10,72,0.0009152694838121533,0.000877696555107832,0.022341004271566132,0.00551198058658176
10,73,0.0009147194214165211,0.0008769434643909335,0.023419302775536055,0.0077256653043958875
10,74,0.000915074604563415,0.000877259997650981,0.022638172573513454,0.007018404536777072
10,75,0.0009145754156634212,0.0008790128631517291,0.02328508739118223,0.0051607145203484426
10,76,0.0009147374657914042,0.0008774648304097354,0.022976353580569042,0.006452776326073541
10,77,0.0009144310606643558,0.0008785591926425695,0.02318391270107693,0.004337541262308757
10,78,0.0009143258794210851,0.0008779361960478127,0.023417147000630696,0.0054870141877068415
10,79,0.0009146267548203468,0.0008786304388195276,0.022714290648330877,0.004116486178504096
10,80,0.0009141539339907467,0.0008774693706072867,0.023342409398820665,0.006043831507364909
10,81,0.0009143891511484981,0.0008787011611275375,0.02297077473299003,0.0046040283309088815
10,82,0.0009143122006207705,0.0008786576800048351,0.022816960458402282,0.003931221697065565
10,83,0.0009138188906945288,0.0008790601277723908,0.02373864562423141,0.004941687319013808
10,84,0.0009140998008660972,0.000880047504324466,0.023010762091036197,0.002088716295030382
10,85,0.0009141420014202595,0.0008802491938695312,0.023323186532950697,0.0036005258560180666
10,86,0.0009141849586740136,0.0008801624644547701,0.02249786662466732,0.0016038656234741212
10,87,0.0009140208130702376,0.0008797490736469626,0.023490167988671196,0.0037550634808010525
10,88,0.0009135392610915005,0.0008799878414720297,0.023777086940812476,0.003608862559000651
10,89,0.0009137556771747768,0.0008821884403005242,0.02317625814014011,-0.0009032130241394043
10,90,0.0009135802974924445,0.000879555766005069,0.023680861055115122,0.0032593448956807452
10,91,0.0009142385679297149,0.0008817834313958883,0.02261999992676723,-0.0006822612550523546
10,92,0.0009135718573816121,0.000880457810126245,0.023465982484228817,0.0018656876352098253
10,93,0.000914921285584569,0.0008823690004646778,0.023198181170004384,0.001158848073747423
10,94,0.0009133313433267176,0.000882899621501565,0.02363831099168754,-0.0011950559086269803
10,95,0.0009132593404501677,0.0008831843733787537,0.023926535064791456,-0.0010269628630744086
10,96,0.0009137077140621841,0.0008823644602671266,0.02288978894551595,-0.0016003396775987413
10,97,0.0009139350731857121,0.0008832769235596061,0.02334436943501602,-0.0018571125136481392
10,98,0.0009135077125392854,0.0008831544546410441,0.02281024411872581,-0.0030675464206271702
10,99,0.000912926159799099,0.0008832979947328568,0.02385955681035548,-0.002509968810611301
10,100,0.0009138309978879988,0.0008831698214635253,0.022396182572400128,-0.0030639290809631346
10,101,0.0009125632932409644,0.0008837616769596934,0.02401654514265649,-0.0029586235682169597
10,102,0.0009124105563387275,0.0008845964912325144,0.024386111306555477,-0.003690947426689996
10,103,0.0009126025252044201,0.0008845174452289939,0.023893759574419186,-0.003775901264614529
10,104,0.0009123149793595076,0.0008840609807521105,0.024482906306231463,-0.002305430836147732
10,105,0.0009126841905526817,0.0008847869466990232,0.023691064340096935,-0.004214300049675835
10,106,0.0009126152144744992,0.0008843925315886736,0.023356992815747674,-0.003833378685845269
10,107,0.0009122088085860014,0.0008856517961248755,0.024288136134912937,-0.004968359735276964
10,108,0.0009140657493844628,0.0008856069762259722,0.022400812013649646,-0.006267589992947049
10,109,0.0009120748727582395,0.0008845961419865489,0.024488022445160667,-0.003839706050025092
10,110,0.000912213756237179,0.0008851784514263272,0.024495520267957524,-0.004993167188432481
10,111,0.0009118284797295928,0.0008849414298310876,0.024667859813313424,-0.004433854420979818
10,112,0.0009119692258536816,0.0008851300226524472,0.023844337463378905,-0.005006555716196696
10,113,0.0009133823332376778,0.0008849630830809474,0.023896147145165338,-0.0042715655432807075
10,114,0.0009125231299549341,0.0008844526018947363,0.024729683222594084,-0.003087404039171007
10,115,0.0009116245782934129,0.0008854175102896988,0.024939126585736687,-0.0042694091796875
10,116,0.000912406132556498,0.0008861873648129404,0.023410489235395265,-0.006543911827935113
10,117,0.0009117685840465128,0.0008863538969308138,0.024025649936110886,-0.006572802861531575
10,118,0.0009125416981987655,0.0008844426483847201,0.023644556675428224,-0.006143968635135227
10,119,0.0009118098532781005,0.0008861281676217914,0.02460466711609452,-0.006693304909600152
10,120,0.000911846524104476,0.0008862866088747978,0.0239565775718218,-0.007404308848910862
10,121,0.0009132199920713902,0.0008875942439772189,0.023067499384467983,-0.00872595575120714
10,122,0.0009116191067732871,0.000887057336512953,0.0248303469316459,-0.007090932793087429
10,123,0.0009129931568168104,0.0008866784628480673,0.0231910910135434,-0.007910075452592638
10,124,0.0009122370393015444,0.0008833735482767224,0.024855488170812158,-0.004058934582604303
10,125,0.000912058399990201,0.000886887835804373,0.02410175344090403,-0.008204195234510634
10,126,0.0009119851747527719,0.0008866160060279071,0.024012759585439424,-0.007747415701548258
10,127,0.0009113042615354061,0.0008866651332937181,0.024598477357699548,-0.00790180762608846
10,128,0.0009161628549918532,0.0008844668045639992,0.021962117854459787,-0.0059813327259487575
10,129,0.0009132614359259605,0.0008840467780828476,0.02343015170391695,-0.0061302317513359916
10,130,0.0009127127123065293,0.0008854696643538773,0.02360121938917372,-0.006956740220387777
10,131,0.0009125079959630966,0.0008884345879778266,0.022738339282848217,-0.009875045882331
10,132,0.0009112447150982916,0.0008878143271431327,0.023789424513593133,-0.009537159072028265
10,133,0.0009113101987168193,0.000887818168848753,0.02408399729081142,-0.009408297803666857
10,134,0.0009113590349443257,0.000885631307028234,0.025219866964552137,-0.007202682230207655
10,135,0.000911475159227848,0.0008867766591720283,0.024074583583407933,-0.008286399311489528
10,136,0.0009107611258514225,0.0008889755699783564,0.024671863773722706,-0.010114880402882893
10,137,0.0009112771367654204,0.0008874890627339482,0.024911801020304363,-0.008633475833468967
10,138,0.0009120169561356306,0.0008866715943440795,0.02464206925144902,-0.007603122128380669
10,139,0.0009109200909733772,0.0008881557150743902,0.024523585814016837,-0.010065741009182401
10,140,0.0009106894140131772,0.0008885306306183338,0.024341323346267513,-0.010088355011410184
10,141,0.0009121362236328423,0.000890599621925503,0.023483228830643642,-0.012251464525858562
10,142,0.0009114115964621305,0.0008889046730473638,0.025034458107418483,-0.010511525472005208
10,143,0.0009110893006436527,0.0008856413187459111,0.02507458645620464,-0.007099594010247124
10,144,0.0009114455315284431,0.0008891348261386156,0.024323894948135187,-0.010828655295901829
10,145,0.0009107223013415933,0.0008882494876161218,0.025469841486142005,-0.008585853046841091
10,146,0.0009107796940952539,0.0008877726504579186,0.025149154368742013,-0.008096836672888862
10,147,0.0009123511263169348,0.0008893830818124115,0.02338539523842894,-0.011808072196112738
10,148,0.0009110624087043107,0.000887600181158632,0.025338606334026948,-0.007939379745059543
10,149,0.0009110167156904936,0.0008888640441000462,0.025011846901457985,-0.011071733633677165
10,150,0.0009107070509344339,0.0008892003679648042,0.025544602929809947,-0.011361716853247748
