Fold,Epoch,Train_MSE,Val_MSE,Train_R2,Val_R2,Train_AuxAcc,Val_AuxAcc
1,1,0.5174461603164673,0.46408286690711975,-814.4853981112257,-671.2719516330295,0.22174720293209876,0.2771050347222222
1,2,0.42870503664016724,0.38702505826950073,-674.9956331794644,-560.6420610215929,0.3210991753472222,0.3717719184027778
1,3,0.35586652159690857,0.32323306798934937,-559.7194596655575,-469.61597934299044,0.41845100308641975,0.46035698784722223
1,4,0.29732394218444824,0.2699771225452423,-466.96691735350055,-393.8034637451172,0.49638370466820986,0.5225965711805556
1,5,0.2474747598171234,0.22483813762664795,-386.90842750455124,-327.0173363579644,0.5496660397376543,0.5674045138888889
1,6,0.2042190432548523,0.18516503274440765,-319.51573613484703,-269.81686113145616,0.5829053337191358,0.5911024305555556
1,7,0.16734585165977478,0.1506996750831604,-262.56052820653093,-220.26469285753038,0.6023763020833334,0.6066514756944444
1,8,0.13644126057624817,0.12263920158147812,-214.46382467010875,-179.56467480129666,0.6175220630787037,0.6202745225694445
1,9,0.11091843992471695,0.09954188019037247,-174.1089727519471,-143.3136756049262,0.6278452932098766,0.6404513888888889
1,10,0.08955616503953934,0.08132034540176392,-139.4253914138417,-115.98232345581054,0.640110797646605,0.6464084201388889
1,11,0.07197028398513794,0.06921516358852386,-112.17943434774139,-104.72528784010146,0.6508330922067901,0.6170572916666667
1,12,0.06282208859920502,0.05733218044042587,-98.00359437966053,-84.453277375963,0.596094352816358,0.5840657552083334
1,13,0.051602259278297424,0.04746655374765396,-80.6542104203024,-69.80086352030436,0.5801848234953704,0.5807508680555555
1,14,0.04305988550186157,0.03980039432644844,-66.8481353065114,-58.68576995001899,0.5753707320601852,0.5762749565972223
1,15,0.0360676646232605,0.03365115448832512,-56.07439615579299,-49.703491825527614,0.5698133680555556,0.5711751302083333
1,16,0.030660323798656464,0.02872888557612896,-47.44965279897054,-42.48392802344428,0.5655617042824074,0.5652072482638889
1,17,0.02603869140148163,0.02476641535758972,-40.162700564773,-36.58428802490234,0.5643844039351852,0.5784613715277778
1,18,0.022248178720474243,0.021716730669140816,-34.16453384587794,-32.003837203979494,0.5804301697530864,0.5754503038194444
1,19,0.01962592452764511,0.019607048481702805,-29.93381149916001,-28.70858473247952,0.5756142698688271,0.5721354166666667
1,20,0.017241567373275757,0.017100416123867035,-26.056924377841714,-25.056225734286837,0.5682496624228395,0.5658474392361111
1,21,0.015383519232273102,0.014592612162232399,-23.282430592878367,-20.745395056406657,0.5616747444058642,0.5621039496527778
1,22,0.013562572188675404,0.012758651748299599,-20.213387517575864,-18.162163511912027,0.5562234760802469,0.5554361979166667
1,23,0.011962180957198143,0.011752687394618988,-17.768803639470796,-16.402029355367024,0.5496720679012346,0.5487141927083333
1,24,0.010880475863814354,0.011130975559353828,-15.934212611634054,-15.124009927113852,0.5436583719135802,0.5431315104166666
1,25,0.009873658418655396,0.009110687300562859,-14.350719306498398,-12.776233614815606,0.5389835310570987,0.5362575954861111
1,26,0.00872874166816473,0.008291012607514858,-12.634715992138709,-11.528898154364692,0.5361177420910493,0.5331814236111111
1,27,0.007938927039504051,0.007585376501083374,-11.332390399626744,-10.454882081349691,0.5335003134645062,0.5309461805555555
1,28,0.007264789193868637,0.006948944181203842,-10.268855998251173,-9.478484678268433,0.5312765239197531,0.5286512586805555
1,29,0.006554894149303436,0.006406010128557682,-9.05477428936664,-8.648682890997993,0.5277193045910494,0.5257975260416666
1,30,0.006015687715262175,0.005934546701610088,-8.198936025595959,-7.924081701702542,0.5260302131558642,0.5247287326388889
1,31,0.005575090646743774,0.005510437767952681,-7.506815714600646,-7.271405802832709,0.525047622492284,0.5241319444444444
1,32,0.0051792943850159645,0.005132943391799927,-6.877441555188026,-6.689329104953342,0.5243622202932099,0.5226725260416667
1,33,0.004824104253202677,0.004792992956936359,-6.317023445058752,-6.163228432337443,0.5234977816358025,0.5220648871527778
1,34,0.0045115286484360695,0.004490009509027004,-5.806411610120609,-5.692782992786832,0.5226417824074074,0.5207790798611112
1,35,0.004225702490657568,0.0042154137045145035,-5.35722591906418,-5.26429136329227,0.5223976417824074,0.521630859375
1,36,0.003970195539295673,0.0039679547771811485,-4.951207276038182,-4.877604651451111,0.5219931520061728,0.5205729166666667
1,37,0.0037390172947198153,0.003746837144717574,-4.582078508977537,-4.532617176903619,0.521118465470679,0.5195746527777778
1,38,0.0035333798732608557,0.003548682201653719,-4.251502504760836,-4.222133005989923,0.5205445842978395,0.5196017795138889
1,39,0.0033474883530288935,0.0033664549700915813,-3.958080952255814,-3.9348981486426458,0.5214138454861111,0.52080078125
1,40,0.00317961722612381,0.0032043433748185635,-3.68805056059802,-3.680626236067878,0.5223952305169753,0.5222113715277777
1,41,0.0030256088357418776,0.003052931744605303,-3.4444686866100924,-3.440964346461826,0.524098186728395,0.5231608072916667
1,42,0.002884787740185857,0.0029173726215958595,-3.2161258547394365,-3.2270931084950765,0.5241470148533951,0.5230902777777777
1,43,0.0027576424181461334,0.0027932203374803066,-3.0124762805891625,-3.029968762397766,0.5243091724537037,0.5238009982638889
1,44,0.0026408107951283455,0.0026779938489198685,-2.8246156342235613,-2.8472316635979547,0.5252236448688271,0.5252170138888889
1,45,0.0025331354700028896,0.002573329024016857,-2.6518909692764283,-2.68106586933136,0.5265329619984568,0.52578125
1,46,0.0024347351863980293,0.0024766135029494762,-2.4924749624581986,-2.526377889845106,0.5275999469521605,0.52783203125
1,47,0.002346242778003216,0.0023901592940092087,-2.348555311450252,-2.3881721364127264,0.5293915171682099,0.5291178385416667
1,48,0.0022642568219453096,0.00231001665815711,-2.2172823405560154,-2.260384464263916,0.5314736448688272,0.5318793402777777
1,49,0.0021867631003260612,0.002233626088127494,-2.0917286581463284,-2.137901298205058,0.5341754677854939,0.5345377604166667
1,50,0.0021174284629523754,0.002164756413549185,-1.9812934893148917,-2.027238670984904,0.5365415219907408,0.5370279947916666
1,51,0.0020530757028609514,0.0021016886457800865,-1.8769713504814807,-1.9264755990770128,0.5389268663194444,0.5394639756944445
1,52,0.001993332291021943,0.0020434088073670864,-1.7784780090237842,-1.8327573617299397,0.5411735628858024,0.5417317708333333
1,53,0.0019363730680197477,0.0019860356114804745,-1.6874238973782387,-1.7400800651974149,0.5437668788580247,0.5440700954861111
1,54,0.001884467899799347,0.0019369618967175484,-1.6016890346268078,-1.661347919040256,0.5456723813657407,0.5460503472222222
1,55,0.0018387294840067625,0.001890654442831874,-1.5285454676475054,-1.5865785545772977,0.5482536410108024,0.5490559895833333
1,56,0.0017952123889699578,0.0018472441006451845,-1.4587744341956244,-1.5166581710179647,0.5510422694830247,0.5515245225694444
1,57,0.0017532542115077376,0.0018061932642012835,-1.3910224879229511,-1.4501491943995157,0.5534233940972222,0.5543782552083333
1,58,0.0017158356495201588,0.001769383903592825,-1.3285789669295889,-1.3903408130009969,0.5559220679012346,0.5557834201388889
1,59,0.0016819542506709695,0.0017360900528728962,-1.2729417032665677,-1.3367793215645685,0.5576955536265432,0.5578504774305556
1,60,0.0016489140689373016,0.0017025931738317013,-1.2201446977662451,-1.2821871254179213,0.5595317322530864,0.5602973090277777
1,61,0.001618725247681141,0.0016734900418668985,-1.170160326545621,-1.235460270775689,0.5618019386574075,0.5619086371527777
1,62,0.0015890065114945173,0.001643759198486805,-1.1229987709610552,-1.1867308404710557,0.5638491030092593,0.5643717447916666
1,63,0.0015633082948625088,0.001618819311261177,-1.080887594635104,-1.1463832961188423,0.5665979456018518,0.5670301649305556
1,64,0.0015393487410619855,0.0015946655767038465,-1.040908228468012,-1.1071057028240627,0.5684696903935185,0.5687445746527777
1,65,0.0015149584505707026,0.0015703365206718445,-1.000828206686326,-1.0674403177367315,0.5705373505015432,0.5707194010416666
1,66,0.001493699150159955,0.001550481654703617,-0.9664227936002944,-1.0358609384960598,0.5724060812114198,0.5726399739583333
1,67,0.0014744158834218979,0.0015301508828997612,-0.9355421463648478,-1.0023742066489325,0.5742513020833333,0.5748806423611111
1,68,0.0014538306277245283,0.0015104736667126417,-0.9016937818056271,-0.9698071440060934,0.5759687258873457,0.5759819878472222
1,69,0.0014366405084729195,0.0014940358232706785,-0.8732806972515436,-0.943207609653473,0.5772249951774692,0.5775770399305555
1,70,0.0014203526079654694,0.0014780405908823013,-0.8463194203965458,-0.9172814554638333,0.5788664641203703,0.57861328125
1,71,0.0014045555144548416,0.0014618698041886091,-0.8209937319343472,-0.8904014534420437,0.579712215470679,0.5796820746527778
1,72,0.0013896167511120439,0.0014475963544100523,-0.7959892480461686,-0.8668938570552402,0.5808557581018519,0.5807888454861111
1,73,0.0013763217721134424,0.0014338407199829817,-0.7740369290481379,-0.8444845067130194,0.5820951485339506,0.5818901909722223
1,74,0.0013626792933791876,0.0014208052307367325,-0.751591087417838,-0.8232688188552857,0.5825376157407407,0.5822862413194444
1,75,0.0013506804825738072,0.001408565673045814,-0.7320439035509839,-0.8028190626038445,0.5830699025848766,0.5828342013888889
1,76,0.0013379058800637722,0.0013964069075882435,-0.7110304090711805,-0.7830087860425313,0.5836877893518518,0.5835286458333333
1,77,0.0013281245483085513,0.0013867809902876616,-0.6949633068508572,-0.7675985336303711,0.584204402970679,0.5841471354166666
1,78,0.0013177139917388558,0.001376589760184288,-0.6776109252446963,-0.7504502111011081,0.5848494164737654,0.5847113715277777
1,79,0.0013085168320685625,0.0013678476680070162,-0.662495262976046,-0.735739078786638,0.5851616753472222,0.5847873263888889
1,80,0.0013001521583646536,0.0013592371251434088,-0.6486646057646952,-0.721738957034217,0.5855396412037037,0.5854709201388889
1,81,0.001291723339818418,0.0013510120334103703,-0.6346282708792039,-0.708034712738461,0.5860906153549382,0.5860460069444444
1,82,0.0012834272347390652,0.0013431590050458908,-0.6210163758124834,-0.6949207941691081,0.5866488233024691,0.5865885416666666
1,83,0.0012764001730829477,0.0013367149513214827,-0.6095664749910802,-0.684218700726827,0.5870068962191358,0.5868815104166667
1,84,0.0012693156022578478,0.001329780905507505,-0.5977707550849444,-0.6726813329590692,0.5874813126929013,0.5874186197916667
1,85,0.0012632166035473347,0.0013230307959020138,-0.5876193111325487,-0.661742115020752,0.5878219039351852,0.5877495659722223
1,86,0.0012563234195113182,0.0013174641644582152,-0.5763125943548886,-0.6527218752437167,0.5880901572145062,0.5880750868055555
1,87,0.0012511275708675385,0.0013125017285346985,-0.5677558573675744,-0.6444539586702983,0.5886188271604939,0.588720703125
1,88,0.0012452742084860802,0.0013067027321085334,-0.558080126915449,-0.6349770983060201,0.5890625,0.5889214409722222
1,89,0.0012405102606862783,0.0013018875615671277,-0.5503266642123092,-0.6272440751393636,0.5892463589891975,0.58916015625
1,90,0.0012353521306067705,0.0012974459677934647,-0.5416727080757235,-0.6199892772568597,0.5894470968364197,0.5894585503472223
1,91,0.001230261754244566,0.0012920219451189041,-0.5330748412344191,-0.6108537409040663,0.5896315586419754,0.5895236545138889
1,92,0.0012260408839210868,0.0012880731374025345,-0.5262872982908178,-0.604369744989607,0.5896978684413581,0.5896647135416667
1,93,0.0012227478437125683,0.0012846824247390032,-0.520713397750148,-0.5986326535542806,0.5897900993441358,0.5897135416666667
1,94,0.0012186577077955008,0.0012816181406378746,-0.5139893300739335,-0.5932707322968377,0.5899082513503087,0.58994140625
1,95,0.0012160330079495907,0.0012789093889296055,-0.5095118391660997,-0.5886349942949083,0.5901210455246914,0.5902126736111111
1,96,0.0012118903687223792,0.0012751533649861813,-0.5027390069431729,-0.5829217301474677,0.5903549382716049,0.5904568142361111
1,97,0.0012086126953363419,0.001271675108000636,-0.4974304046159909,-0.5773291813002692,0.5904730902777777,0.5906087239583333
1,98,0.0012065030168741941,0.0012702675303444266,-0.4937828505480731,-0.5745556579695807,0.5905598958333333,0.5907335069444445
1,99,0.0012046860065311193,0.0012683557579293847,-0.4909392554082988,-0.5714486002922058,0.5906473042052469,0.590771484375
1,100,0.0012009062338620424,0.001264033606275916,-0.4845431669258777,-0.5638262139426338,0.5909324363425926,0.5911675347222223
1,101,0.001197130186483264,0.0012617374304682016,-0.47828897017019767,-0.56034334897995,0.5910536024305556,0.5912163628472222
1,102,0.0011957150418311357,0.0012605973752215505,-0.4759786173149391,-0.5583653741412693,0.5911385995370371,0.5913357204861112
1,103,0.0011940760305151343,0.001259570475667715,-0.4732927887528031,-0.5567702598041958,0.5912031008873457,0.5914279513888889
1,104,0.0011918540112674236,0.0012560414616018534,-0.4695264093669844,-0.5505079534318712,0.59130859375,0.5916069878472222
1,105,0.0011905399151146412,0.0012554648565128446,-0.467684719297621,-0.5504596882396274,0.5914731626157408,0.591796875
1,106,0.0011865034466609359,0.0012504211626946926,-0.4607509774926268,-0.5411047312948439,0.5915659963348765,0.5919108072916667
1,107,0.0011854710755869746,0.0012510927626863122,-0.45925854400352195,-0.5426857166820103,0.5916582272376543,0.5920193142361111
1,108,0.0011849927250295877,0.001251197187229991,-0.4584267879709785,-0.5426956070794,0.5917836130401235,0.5922200520833333
1,109,0.001184537773951888,0.0012512246612459421,-0.4571590397093031,-0.5426477471987406,0.5915280189043209,0.5924099392361111
1,110,0.0011825556866824627,0.0012489077635109425,-0.4535527018853176,-0.5388517883088854,0.5916528018904321,0.5924858940972222
1,111,0.0011815315810963511,0.0012476639822125435,-0.4516864922311571,-0.5366127676433987,0.5917691454475309,0.5925889756944445
1,112,0.001180781051516533,0.0012464046012610197,-0.4505555619428187,-0.5341607186529371,0.5918185763888889,0.5927029079861111
1,113,0.0011774851009249687,0.0012434169184416533,-0.44474155991165726,-0.5291934278276231,0.5919258777006173,0.5928059895833333
1,114,0.0011777670588344336,0.0012406634632498026,-0.4456660796094824,-0.5245046959982977,0.5934305073302469,0.5929633246527778
1,115,0.0011742694769054651,0.0012391782365739346,-0.4371601396136814,-0.5222207162115309,0.5931092062114197,0.5930338541666667
1,116,0.0011730294208973646,0.0012370761251077056,-0.4380968508897004,-0.5189174546135796,0.5936330536265432,0.5931911892361111
1,117,0.0011714115971699357,0.0012349362950772047,-0.4352010840251122,-0.5155123379495409,0.5937198591820988,0.5932888454861112
1,118,0.0011704418575391173,0.0012361615663394332,-0.4336661019442994,-0.5171172459920247,0.5937783323688272,0.5933539496527778
1,119,0.0011701888870447874,0.001235826639458537,-0.4330224268230391,-0.5164592067400614,0.5938277633101852,0.5934678819444444
1,120,0.001169677940197289,0.0012352624908089638,-0.4324509844367887,-0.5158894711070591,0.5939073350694445,0.5934787326388888
1,121,0.0011705036740750074,0.0012358656385913491,-0.4338709870974223,-0.516715505388048,0.5939001012731482,0.5935438368055556
1,122,0.0011681359028443694,0.0012331502512097359,-0.4298716749674008,-0.5117208083470662,0.5939724392361111,0.5936306423611111
1,123,0.001166901784017682,0.0012324715498834848,-0.4279972297173959,-0.5108947091632419,0.5940562307098766,0.5937391493055556
1,124,0.001165683032013476,0.001231072936207056,-0.42607283150708236,-0.5089274883270264,0.5941243489583333,0.5938530815972223
1,125,0.001165697118267417,0.0012311887694522738,-0.42603979772991607,-0.5087771402464972,0.5942177854938272,0.5939398871527778
1,126,0.0011650060769170523,0.00123019446618855,-0.42477092419141604,-0.5072514361805386,0.5942678192515433,0.5940049913194444
1,127,0.0011666294885799289,0.0012320569949224591,-0.4277236146691405,-0.5107155190573798,0.5943299093364197,0.5940863715277778
1,128,0.0011646831408143044,0.001230515306815505,-0.4245660098982446,-0.5076102481948005,0.5944155092592592,0.5942003038194444
1,129,0.0011630221270024776,0.0012281117960810661,-0.42180837319221026,-0.5033714811007182,0.5945499373070988,0.5945583767361111
1,130,0.001163103966973722,0.0012296761851757765,-0.4219365593827801,-0.5065642793973287,0.5948344666280864,0.5946614583333333
1,131,0.0011619494762271643,0.0012280087685212493,-0.42048253777586386,-0.5040642049577501,0.594895953896605,0.5948079427083334
1,132,0.0011609997600317001,0.0012273152824491262,-0.4189404767236592,-0.5029177096154954,0.5950273678626543,0.5949001736111111
1,133,0.001160466461442411,0.0012265273835510015,-0.4182543448459955,-0.5015232192145453,0.5950635368441358,0.5949761284722223
1,134,0.0011615452822297812,0.0012238109484314919,-0.4213534693659088,-0.4965620888604058,0.5960298514660494,0.6002061631944444
1,135,0.0011596106924116611,0.001222541555762291,-0.417913912255087,-0.49348240428500706,0.5960485387731481,0.6002549913194445
1,136,0.0011601030128076673,0.0012230905704200268,-0.418637090847816,-0.4942673881848653,0.5961666907793209,0.6004774305555556
1,137,0.0011596136027947068,0.0012217052280902863,-0.41789976005200985,-0.4922879311773512,0.5964186680169753,0.6006456163194445
1,138,0.001159994280897081,0.0012226197868585587,-0.4184133831365609,-0.49369319279988605,0.5964699074074075,0.6007378472222222
1,139,0.0011601869482547045,0.001222397550009191,-0.4187652863102195,-0.4934361974398295,0.5964819637345679,0.6006890190972223
1,140,0.0011583620216697454,0.0012228136183694005,-0.4156607894249904,-0.4942885279655457,0.5964693045910494,0.5956380208333333
1,141,0.001158243976533413,0.001222638413310051,-0.4151169581177794,-0.4935650878482395,0.5965494791666667,0.5957085503472223
1,142,0.0011582092847675085,0.0012224167585372925,-0.4151643083419329,-0.4933891640769111,0.5966218171296296,0.5957682291666667
1,143,0.0011570346541702747,0.0012222251389175653,-0.4130611741984332,-0.492874366707272,0.596630859375,0.5957682291666667
1,144,0.0011563035659492016,0.0012213706504553556,-0.4118827524008574,-0.49159934255811905,0.5966453269675925,0.5958279079861111
1,145,0.0011562551371753216,0.0012215826427564025,-0.4116163492202759,-0.4915148893992106,0.5967411747685185,0.5959581163194444
1,146,0.0011583630694076419,0.0012245425023138523,-0.4152848181901155,-0.4967713408999973,0.5967948254243827,0.5959635416666667
1,147,0.0011582509614527225,0.0012229715939611197,-0.41526854862401513,-0.4941775401433309,0.5968032648533951,0.5960123697916667
1,148,0.001158017897978425,0.0012235321337357163,-0.414947435443784,-0.4951662951045566,0.5968466676311729,0.596044921875
1,149,0.0011581333819776773,0.001223769155330956,-0.4155594790423358,-0.4954741319020589,0.5969286506558642,0.5961534288194444
1,150,0.0011586833279579878,0.0012241400545462966,-0.416220345320525,-0.4960258404413859,0.5969485435956791,0.5962022569444444
2,1,0.5209718346595764,0.4683932065963745,-814.3857463695385,-712.2095345391167,0.21797477816358024,0.25715060763888886
2,2,0.43471354246139526,0.3963581621646881,-680.4456316347475,-602.5641165839302,0.2992356288580247,0.3473904079861111
2,3,0.36898452043533325,0.33680763840675354,-574.996694795585,-511.93456573486327,0.3815013744212963,0.41947157118055556
2,4,0.31147897243499756,0.2821010649204254,-486.479719496362,-428.6409729851617,0.4525607638888889,0.48487955729166665
2,5,0.25938504934310913,0.23391708731651306,-405.1049009911808,-355.28418935139973,0.5043613763503086,0.524365234375
2,6,0.21430569887161255,0.19219446182250977,-333.80655759646567,-291.7495923360189,0.5333580488040124,0.5421766493055555
2,7,0.17529836297035217,0.1563466191291809,-273.7247367199556,-237.15143496195475,0.5463668258101851,0.5456705729166667
2,8,0.14221027493476868,0.12637393176555634,-221.8122203497239,-191.5042823791504,0.5475067515432098,0.5462944878472222
2,9,0.11486338078975677,0.10196183621883392,-178.84036254411862,-154.29321840074329,0.5491379726080247,0.5481228298611112
2,10,0.09281192719936371,0.08243428170681,-144.63569862930862,-124.52933989630804,0.5483295958719135,0.5465440538194445
2,11,0.07522328943014145,0.06696415692567825,-116.85202040731171,-100.94267512427436,0.5444293740354939,0.5407986111111112
2,12,0.061248309910297394,0.05476725846529007,-95.0918158872628,-82.34004539913602,0.5380642361111111,0.5326280381944445
2,13,0.05028579756617546,0.045167140662670135,-77.85998843628683,-67.69297133551703,0.5286422164351852,0.5229817708333333
2,14,0.041664302349090576,0.03760442137718201,-64.22328670172044,-56.14997831980387,0.5199200665509259,0.5149468315972222
2,15,0.03483518958091736,0.03158154338598251,-53.66245323228247,-46.95333219104343,0.5137647087191358,0.5081380208333334
2,16,0.029396653175354004,0.02676774561405182,-44.928558116488986,-39.59976963467068,0.5057237413194444,0.49871419270833334
2,17,0.025015443563461304,0.022880233824253082,-38.00592320642354,-33.65873911115858,0.4976200810185185,0.49238823784722224
2,18,0.02147386595606804,0.01972382515668869,-32.50094251985903,-28.832665581173366,0.4919282889660494,0.4861056857638889
2,19,0.01858418434858322,0.017145514488220215,-27.942524123486177,-24.888663313123914,0.4860737364969136,0.47977973090277776
2,20,0.016225527971982956,0.015028389170765877,-24.296381598343086,-21.64835547341241,0.479735725308642,0.4756618923611111
2,21,0.014261344447731972,0.013259196653962135,-21.161323864077346,-18.939546638064915,0.4741476176697531,0.46884223090277777
2,22,0.012627903372049332,0.01178454514592886,-18.599262224597695,-16.680476718478733,0.46998637635030865,0.4657009548611111
2,23,0.011257215403020382,0.010538975708186626,-16.4456978391718,-14.771485047870213,0.4645357108410494,0.4603407118055556
2,24,0.010098516009747982,0.009484710171818733,-14.623102640811307,-13.154742860794068,0.45945216049382714,0.4547526041666667
2,25,0.009111933410167694,0.008586354553699493,-13.064775072498087,-11.776468001471626,0.45381221064814814,0.4501410590277778
2,26,0.00826187338680029,0.007809429429471493,-11.725087657386874,-10.583638890584309,0.44936342592592593,0.4440646701388889
2,27,0.007536282762885094,0.007147171068936586,-10.576706667299623,-9.566462681028579,0.445921947337963,0.4423556857638889
2,28,0.006907889153808355,0.006567268166691065,-9.588793505857021,-8.6751573032803,0.44312367380401235,0.43919270833333335
2,29,0.006364618893712759,0.0060702357441186905,-8.71840277866081,-7.911017571555243,0.44029284818672837,0.436767578125
2,30,0.005884394980967045,0.005624842364341021,-7.963909467650049,-7.22577572133806,0.4362473476080247,0.4331271701388889
2,31,0.005464986898005009,0.005239247344434261,-7.3017275227440726,-6.632300758361817,0.43399462287808643,0.4307183159722222
2,32,0.005102756433188915,0.004905327223241329,-6.719702082798805,-6.118109748098585,0.4322006413966049,0.42902018229166666
2,33,0.00477500818669796,0.004597250372171402,-6.20065378524639,-5.643317813343472,0.4301197193287037,0.42731662326388886
2,34,0.00448181014508009,0.00432966835796833,-5.7425198137024305,-5.2308792087766856,0.4274558738425926,0.4246799045138889
2,35,0.004227363504469395,0.004092029295861721,-5.33521452156114,-4.864302137162951,0.4263798466435185,0.42392578125
2,36,0.003995861392468214,0.0038758148439228535,-4.9639082973386035,-4.530558819240994,0.42505545910493825,0.4215115017361111
2,37,0.003783497028052807,0.0036763898096978664,-4.625509861663536,-4.22257886727651,0.42314633969907406,0.42009548611111114
2,38,0.00359419290907681,0.003499687649309635,-4.323180889200281,-3.9495882007810805,0.4217092255015432,0.4181315104166667
2,39,0.0034235683269798756,0.0033413516357541084,-4.055649543985909,-3.704876642756992,0.4192292390046296,0.41545681423611114
2,40,0.003268582746386528,0.0031959055922925472,-3.809858430167775,-3.479777725537618,0.41751904899691356,0.4151801215277778
2,41,0.0031284340657293797,0.0030659206677228212,-3.5833867755936986,-3.278637507226732,0.4155785831404321,0.41326497395833334
2,42,0.0030018375255167484,0.0029470615554600954,-3.383202573988173,-3.094545865058899,0.4145290798611111,0.41110026041666664
2,43,0.00288670277222991,0.0028380993753671646,-3.1970114357677506,-2.925749079386393,0.41265311535493826,0.409619140625
2,44,0.0027791946195065975,0.0027368126902729273,-3.0266230094580004,-2.7687146266301474,0.41022376543209876,0.4074435763888889
2,45,0.002681710757315159,0.002646256238222122,-2.868632220633236,-2.6283596144782173,0.40825376157407406,0.4064724392361111
2,46,0.002592429518699646,0.0025625363923609257,-2.7288199056813744,-2.4984566450119017,0.40798490547839505,0.406005859375
2,47,0.0025084740482270718,0.0024835923686623573,-2.5942577959578714,-2.3758819023768107,0.4075466579861111,0.40572374131944444
2,48,0.002433554735034704,0.00241299020126462,-2.474721676626323,-2.266145780351427,0.40566707658179013,0.4030544704861111
2,49,0.002361447550356388,0.0023449878208339214,-2.359163204828898,-2.1605286810133193,0.40626868730709875,0.40455186631944445
2,50,0.002296103397384286,0.0022838907316327095,-2.2534652395012937,-2.0655331081814237,0.403784481095679,0.40088975694444445
2,51,0.002234449377283454,0.0022250062320381403,-2.154894858525123,-1.9739737616644966,0.4027331693672839,0.39942491319444445
2,52,0.0021782065741717815,0.0021732295863330364,-2.0655386618625973,-1.8934683084487915,0.4019754292052469,0.39970703125
2,53,0.00212455983273685,0.002121619414538145,-1.9784613167798077,-1.8130032142003378,0.40125747492283953,0.3987358940972222
2,54,0.0020753159187734127,0.0020760619081556797,-1.900026059150696,-1.7420502397749158,0.4017397280092593,0.3999240451388889
2,55,0.002029500203207135,0.0020325244404375553,-1.8270579829628084,-1.6742118014229668,0.40060462480709874,0.39804144965277777
2,56,0.001986089162528515,0.0019911350682377815,-1.755393389713617,-1.6096843481063843,0.39988425925925924,0.3975151909722222
2,57,0.0019447047961875796,0.0019532120786607265,-1.69005704043824,-1.5505191167195638,0.3997413917824074,0.39801432291666666
2,58,0.0019073233706876636,0.0019174348562955856,-1.6300111402699977,-1.4947694169150458,0.400146484375,0.39823133680555556
2,59,0.0018726433627307415,0.001884582219645381,-1.5746383837711664,-1.4435643752415974,0.4000855999228395,0.39776475694444446
2,60,0.0018388485768809915,0.0018529050284996629,-1.5198854358107956,-1.3940333313412137,0.3999885464891975,0.39753146701388886
2,61,0.001806870219297707,0.001823169644922018,-1.468426819789557,-1.3476402388678657,0.39900836709104937,0.39703776041666666
2,62,0.0017775199376046658,0.0017949672183021903,-1.4213466873875371,-1.303550163904826,0.39896436149691356,0.39682074652777777
2,63,0.0017494240310043097,0.0017681574681773782,-1.3771368753762894,-1.2616182936562432,0.3990813078703704,0.39677734375
2,64,0.0017214205581694841,0.0017414743779227138,-1.3309539085553017,-1.219761119948493,0.3988498263888889,0.39700520833333336
2,65,0.0016979206120595336,0.0017197171691805124,-1.2926833806214508,-1.1857297711902195,0.39898124035493826,0.39723307291666665
2,66,0.0016739165876060724,0.0016963309608399868,-1.254063809653859,-1.1490967167748345,0.39877809124228397,0.39703776041666666
2,67,0.0016501224599778652,0.0016747638583183289,-1.2154570276354566,-1.1153122981389363,0.3991554542824074,0.3970486111111111
2,68,0.0016280018026009202,0.0016537988558411598,-1.1793340647662127,-1.0823028034634061,0.39912229938271604,0.39679361979166666
2,69,0.0016079213237389922,0.001634865766391158,-1.1468009751520039,-1.0526187472873263,0.39876844618055557,0.39679904513888886
2,70,0.001588720828294754,0.0016167222056537867,-1.1160915304113317,-1.0242381069395277,0.3989776234567901,0.39679904513888886
2,71,0.0015706175472587347,0.0015998120652511716,-1.0867199032394974,-0.997567613919576,0.39883837287808643,0.39728732638888886
2,72,0.0015526904026046395,0.0015822532586753368,-1.0583697554505902,-0.9700165324740939,0.3988944347993827,0.3967827690972222
2,73,0.0015350785106420517,0.0015658780466765165,-1.029919100102083,-0.9442706531948514,0.39871178144290126,0.39678819444444446
2,74,0.0015185241354629397,0.0015504707116633654,-1.0021607902314928,-0.9200411293241713,0.39869731385030865,0.39679361979166666
2,75,0.0015029479982331395,0.0015360291581600904,-0.9778635292877386,-0.8972335735956828,0.3986936969521605,0.39679361979166666
2,76,0.0014896676875650883,0.0015243666712194681,-0.9559509662934291,-0.8790358702341715,0.3992012683256173,0.397265625
2,77,0.001476051053032279,0.001511101028881967,-0.9338885525126516,-0.8582623932096693,0.3995394483024691,0.3972927517361111
2,78,0.0014629694633185863,0.0014987874310463667,-0.9130988639078023,-0.8388728751076593,0.3989058883101852,0.3968098958333333
2,79,0.0014502687845379114,0.0014862605603411794,-0.8922432572753342,-0.819084742334154,0.3988624855324074,0.39681532118055557
2,80,0.0014375306200236082,0.001474210643209517,-0.8718396257471155,-0.800030075179206,0.3994978539737654,0.3980251736111111
2,81,0.0014250552048906684,0.001463191700167954,-0.8512138354925461,-0.782732735739814,0.39943033854166665,0.39681532118055557
2,82,0.001415824401192367,0.0014554833760485053,-0.8366076834407854,-0.7706572877036201,0.3990571952160494,0.39752061631944446
2,83,0.0014066013973206282,0.0014459695667028427,-0.8215689735648073,-0.7556756072574191,0.39997950424382717,0.39825303819444446
2,84,0.0013967828126624227,0.0014359471388161182,-0.8055126369735341,-0.7397793319490221,0.40006148726851853,0.3975423177083333
2,85,0.0013859965838491917,0.0014261052710935473,-0.7881161750098805,-0.7241676595475939,0.4003267264660494,0.39801432291666666
2,86,0.0013775371480733156,0.0014194215182214975,-0.774523260122464,-0.7136376566357083,0.40048285590277777,0.39799262152777776
2,87,0.0013686788734048605,0.0014100302942097187,-0.7603254056271211,-0.698808929655287,0.40041112075617286,0.39726019965277776
2,88,0.0013591040624305606,0.0014012804022058845,-0.7444754066290679,-0.684927503267924,0.39901258680555557,0.39701063368055556
2,89,0.0013513348530977964,0.0013946234248578548,-0.7319185688171858,-0.6745620674557156,0.40000964506172837,0.39848090277777776
2,90,0.0013433800777420402,0.0013862982159480453,-0.7188390260861244,-0.6613034857643976,0.39982940297067904,0.39725477430555556
2,91,0.0013350739609450102,0.0013791071251034737,-0.705547312748285,-0.6499560885959201,0.3996756847993827,0.39701605902777776
2,92,0.0013285556342452765,0.0013735175598412752,-0.6949806940408401,-0.6411963091956244,0.399244068287037,0.3970269097222222
2,93,0.0013221509288996458,0.0013664308935403824,-0.6846060930946727,-0.6300114684634739,0.39986677758487654,0.3980034722222222
2,94,0.0013157916255295277,0.0013607004657387733,-0.6742658741680192,-0.6209537373648749,0.39996262538580246,0.3970269097222222
2,95,0.0013084161328151822,0.001354479929432273,-0.6622297780013379,-0.6110883368386163,0.39900776427469137,0.39679361979166666
2,96,0.001302599674090743,0.001348977442830801,-0.6528142698017168,-0.6022995101081,0.39920066550925926,0.397021484375
2,97,0.0012978794984519482,0.0013444013893604279,-0.6451109240084518,-0.5951853195826212,0.3990584008487654,0.39703233506944446
2,98,0.0012906142510473728,0.001336808199994266,-0.6332847992579143,-0.5829772604836359,0.3990089699074074,0.39676649305555556
2,99,0.0012843754375353456,0.001331389881670475,-0.62330210297196,-0.5744487391577826,0.39906563464506173,0.397021484375
2,100,0.0012798340758308768,0.0013279614504426718,-0.6158747399294818,-0.5691611899269952,0.3997606819058642,0.39678819444444446
2,101,0.0012758865486830473,0.0013238540850579739,-0.609478955798679,-0.5625661611557007,0.39945927372685186,0.39774305555555556
2,102,0.0012703618267551064,0.0013185584684833884,-0.6004297697985613,-0.5541651195949978,0.39966182002314815,0.3977322048611111
2,103,0.0012657707557082176,0.001314644468948245,-0.5931526535823022,-0.5479474888907538,0.39907347125771603,0.39677191840277776
2,104,0.001260846620425582,0.0013100113719701767,-0.5850738593089728,-0.5404240581724379,0.3992506992669753,0.3969672309027778
2,105,0.001256560324691236,0.0013061336940154433,-0.5781475582240541,-0.5343532959620158,0.398974609375,0.39725477430555556
2,106,0.0012516570277512074,0.0013011302798986435,-0.5700728064701881,-0.5262459993362427,0.39911205150462964,0.3967230902777778
2,107,0.0012461517471820116,0.0012957672588527203,-0.5610690730589407,-0.5176149580213759,0.3988220968364197,0.39673936631944445
2,108,0.0012425377499312162,0.0012930218363180757,-0.5551516824298435,-0.5133606513341268,0.3989456741898148,0.396728515625
2,109,0.0012381928972899914,0.0012892240192741156,-0.5480403658784466,-0.5072158813476563,0.39939778645833335,0.3974609375
2,110,0.0012342467671260238,0.0012862852308899164,-0.5416677588297997,-0.5025755670335558,0.39908733603395063,0.396728515625
2,111,0.001231426722370088,0.001283138757571578,-0.5371379914107146,-0.4976177480485704,0.4000156732253086,0.3999077690972222
2,112,0.001228434732183814,0.001280767610296607,-0.5324451075659857,-0.4937503867679172,0.40034239969135804,0.3974826388888889
2,113,0.0012262379750609398,0.0012784413993358612,-0.5290186649487343,-0.49038017061021594,0.4004961178626543,0.39845377604166665
2,114,0.0012236518086865544,0.0012764772400259972,-0.5248921952129882,-0.4871351374520196,0.3993531780478395,0.3969997829861111
2,115,0.0012199128977954388,0.0012724301777780056,-0.5189090961291466,-0.48071564303504094,0.3991524402006173,0.3969780815972222
2,116,0.001216365024447441,0.00126952538266778,-0.5129686524838577,-0.47605089611477325,0.3994460117669753,0.39749348958333336
2,117,0.0012145451037213206,0.0012686100089922547,-0.5100799350090969,-0.4747363832261827,0.39980529031635803,0.39773763020833336
2,118,0.001211631461046636,0.0012649743584915996,-0.5053369136504186,-0.4689194255405002,0.39946409625771606,0.3972439236111111
2,119,0.0012095700949430466,0.0012639982160180807,-0.5021867947813905,-0.4673500246471829,0.3996799045138889,0.3970269097222222
2,120,0.0012066478375345469,0.0012611525598913431,-0.4973961250281628,-0.4626321527693007,0.40007957175925923,0.39676649305555556
2,121,0.0012043233728036284,0.001258469419553876,-0.49358351804591993,-0.4584827158186171,0.40021339699074077,0.39701063368055556
2,122,0.0012014301028102636,0.001256773597560823,-0.4889441516664293,-0.45580235852135553,0.3993453414351852,0.39728190104166666
2,123,0.0012005832977592945,0.0012557989684864879,-0.48780710167355007,-0.4543706999884711,0.39939778645833335,0.39681532118055557
2,124,0.001197636011056602,0.00125215295702219,-0.4829986400074429,-0.44845196670956083,0.39954849054783953,0.3972710503472222
2,125,0.0011946295853704214,0.0012501392047852278,-0.4782091389467687,-0.44524621168772377,0.3993423273533951,0.3968370225694444
2,126,0.0011931093176826835,0.0012486015912145376,-0.4758971686716433,-0.44276201195187037,0.39897159529320986,0.3968315972222222
2,127,0.0011902537662535906,0.0012462700251489878,-0.4712140538074352,-0.4389813502629598,0.39897581500771606,0.3968315972222222
2,128,0.0011884680716320872,0.0012443454470485449,-0.4682904608455705,-0.43585552639431424,0.39911506558641974,0.3968098958333333
2,129,0.0011852195020765066,0.0012418462429195642,-0.4630563834567129,-0.4319445186191135,0.39922718942901236,0.39679361979166666
2,130,0.0011830481234937906,0.0012403702130541205,-0.4592490767255242,-0.4295159022013346,0.39900294174382717,0.39678819444444446
2,131,0.0011809766292572021,0.0012377919629216194,-0.45589726662930147,-0.4254747125837538,0.39900595582561726,0.39679361979166666
2,132,0.0011797770857810974,0.0012366488808766007,-0.45402571963675226,-0.42359734111362035,0.39917655285493825,0.39679361979166666
2,133,0.001178757636807859,0.0012371474876999855,-0.452530837059021,-0.42424320644802516,0.3990571952160494,0.39678819444444446
2,134,0.0011767754331231117,0.0012341972906142473,-0.4492409689926807,-0.419612897766961,0.39901258680555557,0.39678819444444446
2,135,0.001175767625682056,0.0012341693509370089,-0.4476816911756257,-0.41976342731051974,0.39935860339506174,0.39749891493055556
2,136,0.001175844226963818,0.0012338889064267278,-0.44802695439185625,-0.41918722258673774,0.39952618634259257,0.39679361979166666
2,137,0.0011734907748177648,0.0012317451182752848,-0.4441846991762703,-0.4158406072192722,0.39923502604166666,0.39703233506944446
2,138,0.0011714990250766277,0.0012293360196053982,-0.4409519132272697,-0.4118213176727295,0.39947133005401236,0.3972927517361111
2,139,0.0011692694388329983,0.001227444619871676,-0.43714256271903895,-0.40885169241163466,0.39939537519290125,0.3968044704861111
2,140,0.0011673137778416276,0.0012254915200173855,-0.4339137746963972,-0.4057581239276462,0.39919825424382716,0.39679361979166666
2,141,0.0011658836156129837,0.001224953681230545,-0.43182379890371253,-0.4047852728101942,0.39951171875,0.3972710503472222
2,142,0.0011647496139630675,0.0012231313157826662,-0.4299350628146419,-0.40210053390926787,0.39956657503858023,0.39774305555555556
2,143,0.0011644507758319378,0.0012231403961777687,-0.4295365031854606,-0.4022463666068183,0.39993489583333336,0.397265625
2,144,0.0011626784689724445,0.0012210961431264877,-0.426550363316948,-0.39889372719658744,0.39931459780092593,0.39679361979166666
2,145,0.0011610505171120167,0.0012205846142023802,-0.4239710581155471,-0.3979716618855794,0.3993025414737654,0.39703233506944446
2,146,0.0011606346815824509,0.0012194125447422266,-0.4233777110959277,-0.3961278676986694,0.3995394483024691,0.39776475694444446
2,147,0.0011587629560381174,0.0012182439677417278,-0.4202614161703322,-0.39426503711276584,0.3995141300154321,0.39678819444444446
2,148,0.001183118438348174,0.0012170574627816677,-0.5185429364074895,-0.39235078493754066,0.3995388454861111,0.3972222222222222
2,149,0.0011554164811968803,0.0012156444136053324,-0.4148026547314208,-0.3900364504920112,0.4000554591049383,0.3972439236111111
2,150,0.0011561252176761627,0.0012165370862931013,-0.4160389461635072,-0.3915033181508382,0.3995545187114197,0.3967556423611111
3,1,0.5048666000366211,0.45363301038742065,-789.7149073094497,-689.4675113254124,0.22330910011574073,0.27078993055555556
3,2,0.4123585820198059,0.37187057733535767,-644.067120210624,-565.286966281467,0.3196662808641975,0.36909722222222224
3,3,0.34253448247909546,0.31135693192481995,-536.5829439610611,-473.17596605088977,0.414476634837963,0.4500542534722222
3,4,0.2870698571205139,0.2606431245803833,-448.060627661811,-395.9631486680773,0.47520254629629627,0.49830729166666665
3,5,0.2394227385520935,0.21616584062576294,-374.56283904652537,-328.2396484375,0.5139823254243827,0.5244032118055556
3,6,0.19756954908370972,0.17729449272155762,-308.81052527722017,-269.04278988308374,0.5324755256558642,0.5379231770833334
3,7,0.16138097643852234,0.14418262243270874,-251.80643940207398,-218.60911407470704,0.5413887683256173,0.5417100694444444
3,8,0.1309519112110138,0.11671450734138489,-204.23577458887925,-176.7639300028483,0.542432846257716,0.5412814670138889
3,9,0.10595102608203888,0.09438402950763702,-165.21500733928917,-142.73770718044705,0.5403175636574075,0.5352756076388889
3,10,0.08578699827194214,0.07654102146625519,-133.4975373491829,-115.54408916897243,0.5344395013503086,0.5298665364583334
3,11,0.06969144940376282,0.06234724074602127,-108.06901462696217,-93.90586064656576,0.528589771412037,0.5236002604166666
3,12,0.0569768026471138,0.05116898566484451,-88.52332904956958,-76.86000340779623,0.5233675733024692,0.5197482638888888
3,13,0.046947043389081955,0.04234682768583298,-72.61555561254053,-63.40315004984538,0.5178819444444445,0.5115125868055556
3,14,0.039012327790260315,0.03534865751862526,-60.21825684912411,-52.72495354546441,0.511472800925926,0.5048448350694444
3,15,0.032688263803720474,0.0297507606446743,-50.16965562914625,-44.1806948767768,0.5038296923225308,0.49959852430555557
3,16,0.027622688561677933,0.025259949266910553,-42.24214588212378,-37.32355501386854,0.49875397858796294,0.4930609809027778
3,17,0.023553278297185898,0.021630316972732544,-35.88526403285839,-31.779454697502985,0.49079981674382717,0.48578016493055554
3,18,0.02025792747735977,0.018691523000597954,-30.700147666460204,-27.288833385043674,0.48441116898148145,0.47872721354166664
3,19,0.017563192173838615,0.01626668870449066,-26.44441807122878,-23.582152059343127,0.47755051601080245,0.4724392361111111
3,20,0.015342235565185547,0.014265724457800388,-22.908563921775347,-20.52216165330675,0.4720666956018518,0.46658528645833336
3,21,0.013506252318620682,0.01260400377213955,-20.048274847901897,-17.980021646287707,0.4657069830246914,0.4610188802083333
3,22,0.011966251768171787,0.011208012700080872,-17.602390395270454,-15.843617820739746,0.46087540991512344,0.4564181857638889
3,23,0.010679490864276886,0.010037913918495178,-15.555114512973361,-14.051923084259034,0.4568479938271605,0.4532063802083333
3,24,0.009590435773134232,0.009041803888976574,-13.856831594749734,-12.526194736692641,0.4535686728395062,0.450341796875
3,25,0.008662885054945946,0.008190115913748741,-12.38533232535845,-11.220889467663236,0.44768699363425923,0.44281141493055554
3,26,0.007867669686675072,0.007461915723979473,-11.12754090214953,-10.10448932647705,0.4434932002314815,0.4403483072916667
3,27,0.007186456583440304,0.006833670660853386,-10.037867698551697,-9.140951569875082,0.4392487702546296,0.4357367621527778
3,28,0.0065909940749406815,0.006280375644564629,-9.088224862828667,-8.291764556037055,0.4369255160108025,0.43355577256944444
3,29,0.006074572913348675,0.005803977604955435,-8.269963074319156,-7.560455878575643,0.4342676986882716,0.43138020833333335
3,30,0.005625569727271795,0.005385441239923239,-7.5733093844519725,-6.917697016398112,0.4321952160493827,0.42918294270833335
3,31,0.005231680814176798,0.005020047537982464,-6.946520298204304,-6.3561172167460125,0.4308907214506173,0.4274848090277778
3,32,0.0048845019191503525,0.004695151932537556,-6.391731673699838,-5.8566686630249025,0.42806049864969137,0.42498914930555554
3,33,0.004571668803691864,0.004403835162520409,-5.891244449144528,-5.4086441198984785,0.42592050057870373,0.42261827256944445
3,34,0.004297909326851368,0.004147624596953392,-5.451881535847982,-5.014336559507582,0.4239468798225309,0.42237413194444445
3,35,0.004049831070005894,0.003914075903594494,-5.0571779383553395,-4.654828866322835,0.4224416473765432,0.41971028645833336
3,36,0.0038326578214764595,0.003710484132170677,-4.718460469481386,-4.341329741477966,0.4224886670524691,0.42042100694444445
3,37,0.003634662600234151,0.0035240259021520615,-4.394625085371512,-4.054223118888007,0.42041437596450615,0.41815321180555554
3,38,0.0034569944255053997,0.003357116598635912,-4.1142364628521015,-3.7968324290381537,0.41913881655092594,0.41649305555555555
3,39,0.0032966420985758305,0.0032063648104667664,-3.857111363057737,-3.5645660294426813,0.41692527488425923,0.41458333333333336
3,40,0.003152542281895876,0.003069341881200671,-3.630468801215843,-3.3531853410932753,0.4157443576388889,0.41241319444444446
3,41,0.0030210199765861034,0.0029463169630616903,-3.415996357835369,-3.163392602072822,0.4151746961805556,0.4131076388888889
3,42,0.0029028127901256084,0.0028337507974356413,-3.227690519521266,-2.9893679857254027,0.4129900896990741,0.40994466145833336
3,43,0.002793273888528347,0.0027293353341519833,-3.0530058398658846,-2.8283219734827676,0.41136610243055555,0.4089572482638889
3,44,0.0026909580919891596,0.0026320363394916058,-2.8904556615853014,-2.678065554300944,0.4095588589891975,0.4060329861111111
3,45,0.002601240761578083,0.002547953277826309,-2.7443284541000557,-2.547969277699788,0.40733868634259257,0.40458984375
3,46,0.0025161919184029102,0.0024657445028424263,-2.6087891081233083,-2.4208523750305178,0.4083068094135803,0.40579427083333336
3,47,0.0024376092478632927,0.0023910102900117636,-2.481948340674977,-2.305437461535136,0.4066743827160494,0.4041612413194444
3,48,0.0023641756270080805,0.002320965752005577,-2.36553391409509,-2.196914389398363,0.4051227334104938,0.4024631076388889
3,49,0.002296832390129566,0.0022577836643904448,-2.2571859595216353,-2.099241789182027,0.40427818769290125,0.4018608940972222
3,50,0.002235326450318098,0.002198467031121254,-2.1586456681475226,-2.007332687907749,0.4029748987268518,0.40023328993055557
3,51,0.0021778796799480915,0.00214383564889431,-2.064683639856032,-1.92276734246148,0.4032570167824074,0.4000054253472222
3,52,0.002124922815710306,0.002093477640300989,-1.9799032117113655,-1.8444450775782266,0.401342472029321,0.3992730034722222
3,53,0.0020740197505801916,0.002044245833531022,-1.8978220948466549,-1.7681979947619968,0.4010302131558642,0.3997938368055556
3,54,0.0020274827256798744,0.0020003654062747955,-1.823176928214085,-1.700172946188185,0.4019754292052469,0.3997884114583333
3,55,0.0019844865892082453,0.0019587490241974592,-1.7519642323623468,-1.635784347852071,0.4009645061728395,0.39899631076388886
3,56,0.0019454903667792678,0.0019217121880501509,-1.68989548271085,-1.5783446656333076,0.40082887249228394,0.3985188802083333
3,57,0.0019060883205384016,0.0018834688235074282,-1.6267066637674967,-1.5190618382559882,0.40022424768518516,0.3980631510416667
3,58,0.0018688185373321176,0.0018480141879990697,-1.565773998072118,-1.4638314565022787,0.4005756896219136,0.39861111111111114
3,59,0.001835766015574336,0.0018164293142035604,-1.5126263365333463,-1.4148863898383246,0.40079933449074073,0.3992838541666667
3,60,0.0018041585572063923,0.0017856068443506956,-1.4626912352479535,-1.3667084455490113,0.4005087770061728,0.3978515625
3,61,0.0017731119878590107,0.0017562333960086107,-1.411566373742657,-1.3210742606057062,0.3998022762345679,0.3975911458333333
3,62,0.001745129469782114,0.0017293811542913318,-1.3655660334928537,-1.2794499476750691,0.39966905381944445,0.3980794270833333
3,63,0.00171802775003016,0.0017035175114870071,-1.3222613823266678,-1.2392112678951688,0.39957622010030863,0.3975694444444444
3,64,0.0016925123054534197,0.0016785752959549427,-1.2813526389039593,-1.2003161933686999,0.39979564525462963,0.3978461371527778
3,65,0.0016682578716427088,0.0016554861795157194,-1.2424532999227076,-1.1642188575532701,0.3997998649691358,0.397314453125
3,66,0.0016454795841127634,0.0016340874135494232,-1.2047955383489162,-1.130938220024109,0.39945686246141976,0.3973253038194444
3,67,0.0016264349687844515,0.0016157638747245073,-1.1741520410702553,-1.1025545438130697,0.3996117862654321,0.3980685763888889
3,68,0.0016059022163972259,0.0015958125004544854,-1.1410594251420763,-1.0713427861531575,0.39971305941358026,0.3973524305555556
3,69,0.0015868099872022867,0.0015780311077833176,-1.109798072296896,-1.043559283680386,0.399682315779321,0.3975965711805556
3,70,0.0015689053107053041,0.0015605182852596045,-1.0811502397796253,-1.016221891509162,0.39975224247685187,0.39761284722222223
3,71,0.0015518867876380682,0.0015442916192114353,-1.053408055246612,-0.9908872895770603,0.39982277199074073,0.3985568576388889
3,72,0.0015359246172010899,0.0015284150140359998,-1.0269799562148105,-0.9661152071423,0.399584659529321,0.3975694444444444
3,73,0.0015188629040494561,0.001511873910203576,-0.999242024657167,-0.940538231531779,0.3993742766203704,0.3973361545138889
3,74,0.0015040019061416388,0.0014978833496570587,-0.9747910958749276,-0.9186680025524563,0.39960334683641974,0.3980685763888889
3,75,0.00148845708463341,0.0014825286343693733,-0.9497930894663305,-0.8946365674336751,0.40049551504629627,0.3982964409722222
3,76,0.001474933698773384,0.0014701543841511011,-0.9278262067724157,-0.8753989749484592,0.4002628279320988,0.3973198784722222
3,77,0.0014624004252254963,0.001458047772757709,-0.9075824549168716,-0.8562236944834392,0.39958887924382713,0.3973307291666667
3,78,0.0014506193110719323,0.0014473351184278727,-0.8883711423402951,-0.8396557410558064,0.3997673128858025,0.3980740017361111
3,79,0.001439691986888647,0.001436581020243466,-0.8706051467377462,-0.8227924797270033,0.4002718701774691,0.3990505642361111
3,80,0.0014279625611379743,0.0014245304046198726,-0.8514807862999999,-0.8039059771431817,0.40033034336419754,0.398046875
3,81,0.0014180063735693693,0.0014155205572023988,-0.8351373372254548,-0.7899009466171265,0.39948338638117287,0.3973253038194444
3,82,0.001407595002092421,0.0014059336390346289,-0.8183341353027909,-0.7746651464038425,0.39933449074074073,0.3973307291666667
3,83,0.001397831249050796,0.0013967454433441162,-0.8022409286028073,-0.7602847231758966,0.3992989245756173,0.3973307291666667
3,84,0.001389297773130238,0.0013885952066630125,-0.7883506542370643,-0.7476562897364298,0.3993700569058642,0.397509765625
3,85,0.0013811774551868439,0.0013802173780277371,-0.7752282119091646,-0.7345432466930814,0.3993971836419753,0.3977810329861111
3,86,0.0013703700387850404,0.0013696368550881743,-0.757756029676508,-0.7179995642768012,0.3994092399691358,0.397314453125
3,87,0.001361061236821115,0.0013611719477921724,-0.7421798120310277,-0.7046377844280667,0.3993350935570988,0.39730360243055557
3,88,0.0013528169365599751,0.0013532101875171065,-0.7288211857831036,-0.6922812408871121,0.3993429301697531,0.3973307291666667
3,89,0.0013452309649437666,0.0013460200279951096,-0.7160291677639808,-0.6808850897683038,0.39944239486882716,0.39755316840277777
3,90,0.001337386667728424,0.0013377300929278135,-0.7032929382206481,-0.6679705301920573,0.3993260513117284,0.397314453125
3,91,0.0013290393399074674,0.0013305179309099913,-0.6895642084839904,-0.6563846243752374,0.39930917245370373,0.3973415798611111
3,92,0.001322639174759388,0.0013243521098047495,-0.6791392776701185,-0.6469784339269002,0.3993423273533951,0.3973307291666667
3,93,0.0013171639293432236,0.0013193180784583092,-0.6702113693143115,-0.6389970196617974,0.39940260898919755,0.3973307291666667
3,94,0.0013107599224895239,0.001312925829552114,-0.6598408086800281,-0.6289253685209486,0.3996292679398148,0.3975640190972222
3,95,0.0013056615134701133,0.001308373175561428,-0.6513408448961046,-0.6218728012508816,0.3996461467978395,0.3980523003472222
3,96,0.001299841795116663,0.0013022181810811162,-0.6418110008592959,-0.6123446517520481,0.3994038146219136,0.3973415798611111
3,97,0.0012936880812048912,0.0012963754124939442,-0.6317087953473315,-0.6028779321246677,0.3999469521604938,0.3973361545138889
3,98,0.0012887946795672178,0.0012918850407004356,-0.6236510559364602,-0.5958756870693631,0.39971848476080246,0.3985405815972222
3,99,0.0012833054643124342,0.0012866668403148651,-0.6146734655639272,-0.5876273949940999,0.4000952449845679,0.3997612847222222
3,100,0.0012778365053236485,0.0012807605089619756,-0.6056516492808307,-0.5785912778642442,0.39964433834876545,0.3973253038194444
3,101,0.0012727249413728714,0.0012765966821461916,-0.5973252630528109,-0.5718269480599297,0.3997594762731482,0.3975694444444444
3,102,0.001269022817723453,0.001273864647373557,-0.591248197025723,-0.567801915274726,0.4011206356095679,0.3997721354166667
3,103,0.001265269354917109,0.0012695654295384884,-0.5850450462765164,-0.5608346356285943,0.4001513069058642,0.3973307291666667
3,104,0.0012609557015821338,0.0012655328027904034,-0.5779870015603524,-0.5545099231931898,0.39964674961419755,0.3973198784722222
3,105,0.001257385010831058,0.0012621213681995869,-0.5722996813279612,-0.5490680668089125,0.39999397183641977,0.39828559027777777
3,106,0.0012528121005743742,0.0012576833833009005,-0.5647137778776663,-0.5419977188110352,0.40120985243055557,0.39876844618055557
3,107,0.001249699736945331,0.0012547587975859642,-0.559725695774879,-0.5374818510479398,0.4009596836419753,0.3973307291666667
3,108,0.0012452567461878061,0.0012502891477197409,-0.5523306834844895,-0.530372232860989,0.40005726755401233,0.3985134548611111
3,109,0.0012469717767089605,0.0012474912218749523,-0.5557318975896011,-0.526204710536533,0.3998119212962963,0.39779730902777777
3,110,0.0012439088895916939,0.0012441077269613743,-0.5506481155937101,-0.520618658595615,0.39982518325617283,0.397314453125
3,111,0.0012396067613735795,0.0012400475097820163,-0.5434434065112361,-0.5141826470692953,0.3995316116898148,0.3973253038194444
3,112,0.0012354988139122725,0.0012363437563180923,-0.5366114401522978,-0.5084828191333347,0.3996268566743827,0.3973361545138889
3,113,0.0012326142750680447,0.0012335764477029443,-0.5318719647548816,-0.5042215638690525,0.39956597222222223,0.3973361545138889
3,114,0.001225384185090661,0.001231504837051034,-0.5194861348764396,-0.5011231581370036,0.39940562307098765,0.3973361545138889
3,115,0.0012222095392644405,0.0012283048126846552,-0.5142300226070263,-0.49604739083184135,0.3993965808256173,0.3973198784722222
3,116,0.0012231471482664347,0.0012244245735928416,-0.516237054489277,-0.48985472785101997,0.399535831404321,0.3973361545138889
3,117,0.0012199326884001493,0.0012212571455165744,-0.5108495871225993,-0.48484172821044924,0.3995454764660494,0.3973524305555556
3,118,0.0012179570039734244,0.0012201545760035515,-0.5075540788379717,-0.4830599864323934,0.3995478877314815,0.3973578559027778
3,119,0.0012158788740634918,0.0012181081110611558,-0.5041570004121757,-0.4798676119910346,0.3996997974537037,0.3975802951388889
3,120,0.0012126457877457142,0.0012141639599576592,-0.4986412790086534,-0.4737234009636773,0.3996636284722222,0.3973470052083333
3,121,0.0012092501856386662,0.0012110034003853798,-0.4929070254902781,-0.46869533591800266,0.39970100308641976,0.39736328125
3,122,0.0012069118674844503,0.001209659967571497,-0.48910395510402727,-0.46632653607262503,0.39959551022376544,0.39737413194444443
3,123,0.0012041835580021143,0.0012069279327988625,-0.48440954729362773,-0.4619997925228543,0.39957863136574073,0.39736870659722223
3,124,0.0012023152085021138,0.0012054978869855404,-0.48147540121902654,-0.45964031749301487,0.39959068769290124,0.3973795572916667
3,125,0.0011999697890132666,0.0012033332604914904,-0.4776417710162975,-0.45619133313496907,0.3995924961419753,0.3973524305555556
3,126,0.0011977264657616615,0.0012004387099295855,-0.4739204986595813,-0.4517079008950127,0.39960033275462964,0.39736870659722223
3,127,0.0011969358893111348,0.0012003789888694882,-0.47258368701110653,-0.45215222040812175,0.39961480034722224,0.3973524305555556
3,128,0.0011946833692491055,0.0011980377603322268,-0.46877012561868736,-0.44832198354932995,0.39966724537037035,0.3973524305555556
3,129,0.0011925246799364686,0.0011956379748880863,-0.46525899804668663,-0.4445416768391927,0.3996268566743827,0.3973578559027778
3,130,0.001190538634546101,0.0011949106119573116,-0.4618366501949452,-0.44314799573686386,0.39991379726080245,0.39786241319444443
3,131,0.0011895200004801154,0.0011935846414417028,-0.4602528221813249,-0.44122053252326116,0.4001247829861111,0.3983018663194444
3,132,0.001187116140499711,0.0011909336317330599,-0.4561473428467174,-0.43706389003329804,0.4003984616126543,0.3978407118055556
3,133,0.0011845732806250453,0.0011885224375873804,-0.451825679378745,-0.4330820719401042,0.3998046875,0.3973470052083333
3,134,0.0011827703565359116,0.00118748820386827,-0.44887391417114825,-0.43132021427154543,0.3997938368055556,0.3973253038194444
3,135,0.001180986175313592,0.0011854700278490782,-0.4457744223100168,-0.4282680855857001,0.3998143325617284,0.3973415798611111
3,136,0.0011812957236543298,0.0011865326669067144,-0.44643213469305154,-0.4298642608854506,0.3997462143132716,0.3975911458333333
3,137,0.0011794873280450702,0.0011843346292153,-0.44345271234159117,-0.42660630808936223,0.39969919463734566,0.3973470052083333
3,138,0.0011795838363468647,0.0011847025016322732,-0.4436836616492566,-0.42727288405100505,0.3998824508101852,0.3973415798611111
3,139,0.001177744590677321,0.0011821322841569781,-0.4405098993101238,-0.4230979389614529,0.3997944396219136,0.3973470052083333
3,140,0.0011760029010474682,0.0011812739539891481,-0.4374663373570383,-0.4217923190858629,0.399779972029321,0.3973198784722222
3,141,0.001174525124952197,0.001179600483737886,-0.4350417090050968,-0.4189369996388753,0.3997516396604938,0.39730360243055557
3,142,0.0011721141636371613,0.0011769862612709403,-0.4307913549152421,-0.41481070783403184,0.4001386477623457,0.3983018663194444
3,143,0.00117161450907588,0.0011770828859880567,-0.43014698293473985,-0.4149415122138129,0.4000198929398148,0.397314453125
3,144,0.0011697867885231972,0.0011754168663173914,-0.42714996735254923,-0.41233560509151884,0.39989089023919755,0.3973253038194444
3,145,0.0011692980770021677,0.001174958306364715,-0.4263168359980171,-0.4116924312379625,0.39983241705246914,0.39730902777777777
3,146,0.0011708063539117575,0.0011720310430973768,-0.4381142263059263,-0.406650964419047,0.4003484278549383,0.39803602430555557
3,147,0.0011650046799331903,0.001170740695670247,-0.4190092036753525,-0.4049350870980157,0.40013081114969135,0.3975640190972222
3,148,0.0011634109541773796,0.0011699150782078505,-0.41636340750588313,-0.4033453729417589,0.40016999421296295,0.3975694444444444
3,149,0.0011635697446763515,0.0011706134537234902,-0.41670154053487896,-0.4045617977778117,0.4001633632330247,0.3975802951388889
3,150,0.0011627376079559326,0.0011690284591168165,-0.41529907591548965,-0.40198101467556424,0.4001736111111111,0.3975802951388889
4,1,0.5161597728729248,0.46100813150405884,-808.2492376256872,-686.1356784396702,0.21240596064814815,0.2653049045138889
4,2,0.43672120571136475,0.39970099925994873,-684.3947393346716,-594.599728902181,0.29937608506944446,0.35721028645833336
4,3,0.3620382249355316,0.3228374421596527,-567.3596598872432,-480.3854483710395,0.41496371045524694,0.46626519097222224
4,4,0.2936384677886963,0.2630355954170227,-457.9744866453571,-391.89620107014974,0.4990523726851852,0.5272840711805555
4,5,0.23856203258037567,0.21277470886707306,-373.7534656571753,-317.1746302286784,0.5462510850694444,0.5582845052083333
4,6,0.19211462140083313,0.17062947154045105,-300.808947254699,-254.50965033637152,0.5630551938657408,0.5629177517361111
4,7,0.15347608923912048,0.13602811098098755,-240.4202442781425,-202.9968832227919,0.5651270736882716,0.5633355034722223
4,8,0.12220063805580139,0.10839361697435379,-190.80701716387713,-161.81043412950305,0.563401813271605,0.5583658854166667
4,9,0.09737203270196915,0.08746206760406494,-152.4218517444752,-129.82483774820963,0.5574930073302469,0.5542643229166667
4,10,0.07869032770395279,0.07130247354507446,-122.66570271386041,-105.83224538167318,0.5546025028935185,0.550048828125
4,11,0.06363183259963989,0.05801951512694359,-98.80419951309392,-85.97473157246908,0.5496515721450618,0.543701171875
4,12,0.05185024440288544,0.04765574634075165,-80.51373111348093,-70.46240757836236,0.5406075183256173,0.5340928819444445
4,13,0.042914774268865585,0.03954346105456352,-66.99345414432479,-58.3096113840739,0.5314664110725309,0.5250108506944444
4,14,0.03570415824651718,0.033149588853120804,-55.75357776335728,-48.72282290988498,0.5224874614197531,0.5176486545138889
4,15,0.029986616224050522,0.028029270470142365,-46.623972307605506,-41.03703399234348,0.5157757040895061,0.5096733940972222
4,16,0.025417638942599297,0.02392524853348732,-39.39805186825034,-34.86822686725193,0.507105396412037,0.5026909722222223
4,17,0.02175779454410076,0.02061256766319275,-33.65098308045187,-29.884116045633952,0.5011574074074074,0.4965277777777778
4,18,0.018800552934408188,0.017924044281244278,-28.878430322364526,-25.834083080291748,0.49414966724537035,0.48916015625
4,19,0.016380926594138145,0.015696018934249878,-25.12368186550376,-22.474165291256377,0.48725163966049384,0.48089735243055554
4,20,0.014371379278600216,0.013852283358573914,-21.888418125811917,-19.690710088941785,0.4790087287808642,0.47440863715277776
4,21,0.01270526833832264,0.012304509058594704,-19.26444309375904,-17.351028071509468,0.47272316261574077,0.467529296875
4,22,0.011308638378977776,0.011007880792021751,-17.030906511824806,-15.389327457216051,0.4674430941358025,0.46339518229166665
4,23,0.010137511417269707,0.009906481020152569,-15.155234903170738,-13.720536205503675,0.4638008777006173,0.46041666666666664
4,24,0.009136402979493141,0.00896271038800478,-13.59129625544136,-12.28909935421414,0.4592164592978395,0.45625
4,25,0.008290087804198265,0.008173421956598759,-12.227886769212322,-11.090915520985922,0.4558985580632716,0.4511990017361111
4,26,0.007569369859993458,0.0074762399308383465,-11.077529577267022,-10.031074211332534,0.45083610628858023,0.4469021267361111
4,27,0.006933373864740133,0.006880869157612324,-10.054487173056897,-9.125194321738348,0.44774727527006175,0.444384765625
4,28,0.006390652619302273,0.00635563675314188,-9.193939771475616,-8.325203519397311,0.44405381944444444,0.4411078559027778
4,29,0.005905832163989544,0.005894344300031662,-8.39141243269414,-7.621743705537584,0.44158769772376544,0.4383680555555556
4,30,0.005485541187226772,0.005484546534717083,-7.728548449940152,-6.99608170721266,0.43927408854166666,0.43683268229166666
4,31,0.005111787002533674,0.005124204326421022,-7.124102505931148,-6.445718961291843,0.43668499228395063,0.4334743923611111
4,32,0.004782737232744694,0.004806957207620144,-6.582640108061425,-5.96053224934472,0.4337818287037037,0.4312608506944444
4,33,0.004491665866225958,0.004527317360043526,-6.111775299060492,-5.532321047782898,0.430395809220679,0.4283420138888889
4,34,0.004234978463500738,0.004275541752576828,-5.699792249997457,-5.146347996923659,0.42861629533179013,0.42696397569444444
4,35,0.00400554807856679,0.004048739559948444,-5.325268276238147,-4.7983270247777305,0.4268916377314815,0.4242024739583333
4,36,0.0037971942219883204,0.003844680730253458,-4.986986391632645,-4.485044781366984,0.42439597800925927,0.42112630208333335
4,37,0.0036117276176810265,0.003663094015792012,-4.682386668817497,-4.206055278248257,0.42288411458333336,0.4199001736111111
4,38,0.003441545646637678,0.0034943977370858192,-4.404440626980346,-3.946387118763394,0.41995744116512346,0.4169704861111111
4,39,0.0032883728854358196,0.0033436082303524017,-4.151401837372486,-3.714239133728875,0.41751603491512346,0.41482747395833336
4,40,0.003149066586047411,0.0032067401334643364,-3.924555270760148,-3.5032558891508314,0.41529706790123455,0.41302625868055554
4,41,0.003023136407136917,0.003083718940615654,-3.715343524497232,-3.313532988230387,0.41307448398919755,0.41095377604166666
4,42,0.0029103681445121765,0.0029700924642384052,-3.530689264226843,-3.1380320257610745,0.4116409866898148,0.4099880642361111
4,43,0.0028041552286595106,0.0028640273958444595,-3.353532764352398,-2.9742050303353205,0.41000855999228397,0.40837673611111114
4,44,0.00270625832490623,0.0027683526277542114,-3.193603460288342,-2.826273308859931,0.40846595293209875,0.40658637152777777
4,45,0.002617696300148964,0.002679247874766588,-3.045955306806682,-2.6883364809883967,0.4085407021604938,0.4078179253472222
4,46,0.0025372845120728016,0.002600554609671235,-2.908491935553374,-2.566586218939887,0.4082863136574074,0.4073350694444444
4,47,0.0024615342263132334,0.0025237039662897587,-2.7864738941192626,-2.447465597258674,0.40641878858024694,0.40533311631944446
4,48,0.002391279209405184,0.0024541146121919155,-2.6651371796925862,-2.3395828511979846,0.4058967496141975,0.4051378038194444
4,49,0.0023272729013115168,0.0023891786113381386,-2.5618241257137724,-2.238779838879903,0.40634464216820987,0.4049479166666667
4,50,0.0022667311131954193,0.002329072915017605,-2.458512060141858,-2.1454121271769204,0.40583104263117287,0.4045464409722222
4,51,0.0022094796877354383,0.0022723525762557983,-2.361066366125036,-2.0574088043636745,0.4060866367669753,0.4056640625
4,52,0.0021579538006335497,0.0022198937367647886,-2.2742105119022322,-1.9758430348502265,0.4055447048611111,0.40426432291666664
4,53,0.002107226522639394,0.0021696649491786957,-2.1871583146813474,-1.897691419389513,0.4039339795524691,0.4024576822916667
4,54,0.0020643076859414577,0.0021266182884573936,-2.11873575758051,-1.8308714893129137,0.4035083912037037,0.4027126736111111
4,55,0.002019738545641303,0.0020819709170609713,-2.0398323326935004,-1.7613137722015382,0.4040081259645062,0.40303276909722224
4,56,0.0019798865541815758,0.0020420653745532036,-1.9743934154510498,-1.6989224725299412,0.4039960696373457,0.4041286892361111
4,57,0.0019415675196796656,0.0020037577487528324,-1.9080663922392291,-1.6392787668440076,0.40354335455246915,0.40186631944444445
4,58,0.0019062897190451622,0.001968428259715438,-1.8479846580528918,-1.5840927574369643,0.40240825135030867,0.401904296875
4,59,0.0018726509297266603,0.001933641149662435,-1.791009987725152,-1.5296467065811157,0.4024148823302469,0.40200737847222223
4,60,0.001840589800849557,0.0019026997033506632,-1.7339561951013258,-1.4815919637680053,0.40224910783179013,0.4018825954861111
4,61,0.0018105970229953527,0.0018729788716882467,-1.6824893559938596,-1.4352714035246108,0.40245105131172837,0.40194769965277777
4,62,0.0017819518689066172,0.001842555240727961,-1.6335587095331263,-1.3874728070365059,0.4023166232638889,0.40201280381944443
4,63,0.0017536614323034883,0.0018156279111281037,-1.5843542605270575,-1.345183300971985,0.40258427372685185,0.4023220486111111
4,64,0.001729367533698678,0.0017907557776197791,-1.5421852559219171,-1.3063113265567357,0.40260356385030865,0.4022189670138889
4,65,0.0017063419800251722,0.001767498441040516,-1.5025119278166028,-1.269985752635532,0.40310450424382716,0.4024739583333333
4,66,0.001681873807683587,0.001742857275530696,-1.4592150608698526,-1.2312294006347657,0.40356023341049385,0.403515625
4,67,0.001660016132518649,0.0017213807441294193,-1.4213927698724065,-1.1976942777633668,0.4036771797839506,0.40265299479166666
4,68,0.001639373367652297,0.0017013255273923278,-1.3847684721887847,-1.1662323978212146,0.4030243296682099,0.40267469618055557
4,69,0.0016191380564123392,0.0016817809082567692,-1.3491238944324446,-1.1355493439568414,0.4034981433256173,0.4035101996527778
4,70,0.001601692521944642,0.0016639049863442779,-1.3194888200288937,-1.1076042201783922,0.40316840277777777,0.4029134114583333
4,71,0.0015842675929889083,0.00164655945263803,-1.2878084789087743,-1.0803323189417522,0.40300142264660493,0.403173828125
4,72,0.001568639650940895,0.0016307579353451729,-1.2613438582714693,-1.0558197922176784,0.40312680844907406,0.4033257378472222
4,73,0.001551853260025382,0.0016149809816852212,-1.2299549768000473,-1.0309599002202352,0.4044722945601852,0.40550130208333335
4,74,0.0015363468555733562,0.0015985071659088135,-1.2033300270268947,-1.0051195356580946,0.4043342496141975,0.4036404079861111
4,75,0.0015212559374049306,0.0015845606103539467,-1.1761657661861844,-0.9829180611504449,0.40360966435185186,0.40439453125
4,76,0.0015075276605784893,0.0015701913507655263,-1.1519156126328456,-0.9606452014711168,0.40402199074074074,0.40433485243055556
4,77,0.0014946353621780872,0.001557366456836462,-1.1279114308180633,-0.9406644052929348,0.4037326388888889,0.4040310329861111
4,78,0.0014810654101893306,0.0015445355093106627,-1.1035983700811127,-0.9203167147106595,0.40428843557098765,0.4049262152777778
4,79,0.0014687899965792894,0.001532401074655354,-1.0826483340910924,-0.9014040946960449,0.40458140432098766,0.40528428819444445
4,80,0.001457007136195898,0.001520924735814333,-1.0602144306088672,-0.8837444146474203,0.40515890239197533,0.4062445746527778
4,81,0.0014457280049100518,0.0015097926370799541,-1.0392737802164054,-0.8659122970369127,0.404296272183642,0.40480143229166665
4,82,0.0014339531771838665,0.0014976657694205642,-1.019359200530582,-0.8466403073734707,0.4040798611111111,0.40517578125
4,83,0.0014228280633687973,0.0014878998044878244,-0.9978481325102441,-0.8313317683007982,0.40434268904320986,0.40536566840277777
4,84,0.001413482939824462,0.0014789673732593656,-0.9809486040362605,-0.8173938790957133,0.40456211419753085,0.40555013020833336
4,85,0.0014044181443750858,0.0014695078134536743,-0.9649611839541683,-0.8022220465872023,0.40517156153549383,0.40599500868055555
4,86,0.0013953275047242641,0.0014617512933909893,-0.9477907628188899,-0.7900526298416986,0.40473512249228394,0.4058430989583333
4,87,0.0013869693502783775,0.0014533534413203597,-0.9318091108475203,-0.7768720785776774,0.4046899112654321,0.4063910590277778
4,88,0.0013778336578980088,0.0014443360269069672,-0.9149904177512651,-0.7625510162777371,0.4051203221450617,0.4064995659722222
4,89,0.0013702473370358348,0.001437766244634986,-0.9007630866250874,-0.7525771352979872,0.4049780574845679,0.40678168402777776
4,90,0.0013632738264277577,0.0014297342859208584,-0.8884546918633544,-0.7397891865836249,0.40487196180555557,0.4067328559027778
4,91,0.0013549028662964702,0.001422263914719224,-0.8725915361333776,-0.7279173307948642,0.4051745756172839,0.4072265625
4,92,0.0013476662570610642,0.0014147089095786214,-0.8591608475755762,-0.7159671028455098,0.4053735050154321,0.407421875
4,93,0.0013404709752649069,0.0014083858113735914,-0.8451260136969295,-0.7062099681960212,0.40530598958333336,0.40750868055555556
4,94,0.0013337070122361183,0.0014018521178513765,-0.8324412420943931,-0.6959291709793939,0.4054271556712963,0.4078504774305556
4,95,0.0013271818170323968,0.00139565858989954,-0.8201586149356983,-0.6863391465610928,0.40557785976080246,0.4080132378472222
4,96,0.0013204214628785849,0.0013896690215915442,-0.8072091410189499,-0.6768508474032084,0.40567973572530863,0.408251953125
4,97,0.0013140379451215267,0.0013834924902766943,-0.7949308608785087,-0.667304723792606,0.40583405671296297,0.4085828993055556
4,98,0.0013077666517347097,0.0013773979153484106,-0.783808606053576,-0.6574557767974005,0.40609085648148147,0.40884331597222223
4,99,0.0013010173570364714,0.0013703888980671763,-0.7707538726889057,-0.6464398556285434,0.40620478877314814,0.4093207465277778
4,100,0.001295402878895402,0.001366256969049573,-0.7603089734360023,-0.6398553649584452,0.40632716049382717,0.4093098958333333
4,101,0.001290957792662084,0.0013617781223729253,-0.7509883103547272,-0.6328580419222514,0.4064181857638889,0.40965169270833335
4,102,0.0012864492600783706,0.001357191358692944,-0.7428587932645538,-0.625775314701928,0.4069215374228395,0.41061197916666664
4,103,0.0012804423458874226,0.001351924380287528,-0.7309108584015458,-0.6172824488745795,0.40679796006944446,0.41021592881944446
4,104,0.001275443471968174,0.0013480966445058584,-0.7210842697708695,-0.6113918119006687,0.406836540316358,0.41035698784722224
4,105,0.0012718262150883675,0.001345376716926694,-0.7143004789764499,-0.6073415372106764,0.40703004436728396,0.4110188802083333
4,106,0.001268033403903246,0.0013410476967692375,-0.7065579298101825,-0.600758695602417,0.40727478780864196,0.4113715277777778
4,107,0.0012636133469641209,0.0013373361434787512,-0.6981378321294431,-0.5949697838889227,0.40763044945987653,0.4115993923611111
4,108,0.0012599427718669176,0.001333169057033956,-0.691030666563246,-0.5888941208521525,0.40793788580246915,0.41226671006944443
4,109,0.0012551641557365656,0.0013284424785524607,-0.6819809295513012,-0.5813655932744344,0.40793366608796294,0.4127115885416667
4,110,0.00125119648873806,0.001325942575931549,-0.6739922552932928,-0.5771385855144925,0.40815007716049384,0.4131401909722222
4,111,0.0012472373200580478,0.0013226307928562164,-0.6662155030686179,-0.5718596272998386,0.40858953028549383,0.4134494357638889
4,112,0.001243234146386385,0.0013187089934945107,-0.6580721619688434,-0.5658253894911872,0.408715518904321,0.4140407986111111
4,113,0.0012398870894685388,0.0013158352812752128,-0.6517686553943305,-0.5612840957111782,0.40872938368055556,0.41437174479166666
4,114,0.0012369654141366482,0.0013138421345502138,-0.6455819915842127,-0.5582385116153293,0.40899823977623456,0.4147894965277778
4,115,0.0012339695822447538,0.0013109175488352776,-0.6396136539953726,-0.5536828504668342,0.40925925925925927,0.41529405381944445
4,116,0.001230357913300395,0.0013074865564703941,-0.6323273963398404,-0.5481503261460199,0.4094756703317901,0.4156358506944444
4,117,0.0012274482287466526,0.0013050609268248081,-0.625956400088322,-0.5444630967246161,0.4096390335648148,0.41600477430555555
4,118,0.0012241455260664225,0.0013022632338106632,-0.6193846531856207,-0.5404101093610127,0.4097945601851852,0.4163791232638889
4,119,0.0012210315326228738,0.0012996471486985683,-0.6129227234993452,-0.5362862984339396,0.4100610050154321,0.4169162326388889
4,120,0.0012187822721898556,0.0012975732097402215,-0.6084047183578397,-0.533159954018063,0.41070421006944446,0.4190266927083333
4,121,0.0012158551253378391,0.0012946930946782231,-0.6021660208702088,-0.5286159740553962,0.4113401813271605,0.4179470486111111
4,122,0.0012112860567867756,0.0012908012140542269,-0.5920403339244701,-0.5221575008498298,0.4107855902777778,0.41822374131944445
4,123,0.0012079608859494328,0.0012887592893093824,-0.5853648742039999,-0.5190587957700094,0.411255787037037,0.4192111545138889
4,124,0.0012050701770931482,0.0012855333043262362,-0.5793780070764047,-0.5141008840666876,0.41170367959104937,0.4196994357638889
4,125,0.001202343381009996,0.0012834238586947322,-0.57381360059903,-0.5109435876210531,0.41191345968364196,0.42063802083333335
4,126,0.0012000184506177902,0.0012816230300813913,-0.5687625771687355,-0.5079909960428873,0.412011115933642,0.4208170572916667
4,127,0.0011969793122261763,0.0012805332662537694,-0.5628159771730871,-0.506490785545773,0.4122329523533951,0.4211642795138889
4,128,0.0011957779061049223,0.0012788170715793967,-0.5595718486809437,-0.5038913673824734,0.41244032118055557,0.4217339409722222
4,129,0.0011935968650504947,0.0012765172868967056,-0.5552545091252268,-0.5001345594724019,0.4130093798225309,0.4231499565972222
4,130,0.0011920944089069963,0.0012771745678037405,-0.5517035329783404,-0.5014617562294006,0.4131148726851852,0.42307942708333335
4,131,0.001190072507597506,0.0012748849112540483,-0.5472748875617981,-0.4979816370540195,0.4134626977237654,0.4235080295138889
4,132,0.001190272392705083,0.0012762162368744612,-0.5471517247918212,-0.5004655453893874,0.4134614920910494,0.42381184895833335
4,133,0.001188869122415781,0.0012741723330691457,-0.5440413217485687,-0.4973020765516493,0.4137128665123457,0.424365234375
4,134,0.0011866642162203789,0.0012728015426546335,-0.5399822071746544,-0.4952112052175734,0.41399257330246914,0.42476128472222224
4,135,0.0011864039115607738,0.001273302361369133,-0.5382434900896049,-0.496312329504225,0.414233097029321,0.42520073784722223
4,136,0.0011837987694889307,0.001269813161343336,-0.5338787727885776,-0.4904960062768724,0.4145929783950617,0.4256727430555556
4,137,0.001181874074973166,0.0012688749702647328,-0.5293406259866409,-0.4891485902998183,0.4146942515432099,0.42603624131944445
4,138,0.001179270911961794,0.0012668396811932325,-0.5238228771421645,-0.48584971295462714,0.41500892168209874,0.42676866319444445
4,139,0.0011782068759202957,0.0012666801922023296,-0.5213452643818326,-0.48587681187523735,0.4151638454861111,0.4267306857638889
4,140,0.0011771651916205883,0.0012657525949180126,-0.5189207197707376,-0.48439147339926825,0.4154019579475309,0.4271158854166667
4,141,0.0011759302578866482,0.00126442511100322,-0.5160111489119353,-0.48271989027659096,0.4155008198302469,0.42750108506944445
4,142,0.001173902302980423,0.0012632312718778849,-0.5118136307339609,-0.4806072645717197,0.41592580536265433,0.4284450954861111
4,143,0.0011726069496944547,0.0012620615307241678,-0.5092804891091806,-0.4784073273340861,0.4158649209104938,0.42845594618055555
4,144,0.0011701869079843163,0.0012608165852725506,-0.5034692088762919,-0.47679033014509414,0.41602406442901235,0.42874348958333336
4,145,0.0011688403319567442,0.0012594480067491531,-0.5008994551352512,-0.4748087538613213,0.4162308304398148,0.4292534722222222
4,146,0.001166844042018056,0.0012579391477629542,-0.49655181640460166,-0.4725363400247362,0.41645628375771604,0.4296061197916667
4,147,0.0011660020099952817,0.0012580131879076362,-0.49461656426206047,-0.47258245150248207,0.4166467737268518,0.4298773871527778
4,148,0.0011654365807771683,0.0012571844272315502,-0.49341416476685324,-0.47139403025309246,0.41680350597993826,0.4302951388888889
4,149,0.0011649993248283863,0.001257032621651888,-0.4917622595657537,-0.47147623433007135,0.41701750578703706,0.43084309895833334
4,150,0.001163142267614603,0.0012554361019283533,-0.4878374582455482,-0.46890694432788427,0.4172212577160494,0.43121744791666666
5,1,0.5063419342041016,0.45554959774017334,-782.5547405855156,-753.293054707845,0.2220654899691358,0.2663519965277778
5,2,0.42224884033203125,0.3825293183326721,-654.5974607867959,-634.7411495632596,0.3107765480324074,0.35960286458333335
5,3,0.3524520993232727,0.3185587525367737,-546.4366321139865,-527.1687396579318,0.4030104648919753,0.44329969618055554
5,4,0.29649385809898376,0.26792478561401367,-459.87641341597947,-443.28647605048286,0.48102936921296297,0.5068956163194445
5,5,0.24807478487491608,0.22870361804962158,-385.2343756687494,-375.9532814025879,0.5225513599537037,0.5282063802083333
5,6,0.20247872173786163,0.1788654923439026,-312.0195348951552,-294.61753209431964,0.5369719328703704,0.5427029079861111
5,7,0.16235345602035522,0.143428236246109,-250.13866239948038,-235.9191522386339,0.5467610677083333,0.54619140625
5,8,0.12910866737365723,0.114402174949646,-200.40738865416728,-187.83548244900174,0.5471896701388889,0.5442328559027778
5,9,0.10305283218622208,0.0913679301738739,-159.3234612406036,-149.68542103237576,0.5435980902777777,0.5416612413194445
5,10,0.08249735832214355,0.07337146997451782,-127.61605331986038,-119.88963932461209,0.5422580295138889,0.5393663194444445
5,11,0.0664418488740921,0.059363409876823425,-102.33737872323871,-96.69980786641439,0.5373492959104939,0.5325737847222223
5,12,0.053966425359249115,0.04844988137483597,-82.95745822294259,-78.63830180697971,0.5284185715663581,0.5244086371527777
5,13,0.04415329173207283,0.039927005767822266,-67.8519230760174,-64.53593196868897,0.5244924286265432,0.5207139756944444
5,14,0.0364677757024765,0.033218055963516235,-55.95254569347994,-53.439242108662924,0.5186975549768519,0.513818359375
5,15,0.0304730162024498,0.027938084676861763,-46.44844791742019,-44.70710646311442,0.5107958381558642,0.5051703559027778
5,16,0.025719795376062393,0.023703698068857193,-39.11584474893264,-37.70742088953654,0.5036307629243827,0.49946831597222224
5,17,0.02192838117480278,0.020320281386375427,-33.26758221049368,-32.11485446294149,0.49808786651234566,0.49331597222222223
5,18,0.018854252994060516,0.017554065212607384,-28.403729231563617,-27.543108405007256,0.49132788387345677,0.48602430555555554
5,19,0.01634732075035572,0.015290929935872555,-24.414277607717633,-23.803445932600233,0.4846800250771605,0.48021375868055555
5,20,0.014278226532042027,0.013410516083240509,-21.236642347736122,-20.696617152955795,0.4778097270447531,0.47361653645833335
5,21,0.01257199328392744,0.011858961544930935,-18.50281211770611,-18.133815871344673,0.47239884741512345,0.46802842881944445
5,22,0.01115714106708765,0.01056751050055027,-16.294990967526847,-16.000939056608413,0.4653000819830247,0.46189778645833335
5,23,0.00997014157474041,0.009769009426236153,-14.394192872812718,-14.523913229836358,0.46052396797839507,0.45672743055555554
5,24,0.008957268670201302,0.008813703432679176,-12.83825101852417,-12.956613111495972,0.4548026379243827,0.4521430121527778
5,25,0.008096630685031414,0.008002005517482758,-11.462346122882984,-11.625592464870877,0.4499487606095679,0.4474555121527778
5,26,0.007329388987272978,0.007052367553114891,-10.199172806445464,-10.242485202683342,0.44654887635030865,0.4428439670138889
5,27,0.006698054261505604,0.006461148615926504,-9.210218514925169,-9.263922304577298,0.44320264274691357,0.44027235243055557
5,28,0.006174658425152302,0.005945628508925438,-8.375254455907845,-8.410703372955322,0.439379581404321,0.4359103732638889
5,29,0.005647067911922932,0.005499390885233879,-7.490733633217988,-7.672118009461297,0.4363088348765432,0.4340060763888889
5,30,0.005236403550952673,0.0051109567284584045,-6.842766874513508,-7.029148334927029,0.43446602527006173,0.4327473958333333
5,31,0.004855626728385687,0.004769441671669483,-6.261235673044935,-6.463677591747707,0.432690731095679,0.4307996961805556
5,32,0.004541486036032438,0.004468622617423534,-5.773777456048094,-5.965659475326538,0.42976948302469137,0.42793511284722224
5,33,0.004261239431798458,0.00419979402795434,-5.324903824299942,-5.5205649084515045,0.42804120852623456,0.42608506944444446
5,34,0.004009073134511709,0.003955799154937267,-4.938697338104248,-5.11645540661282,0.4261640383873457,0.4242404513888889
5,35,0.003787669353187084,0.003743564710021019,-4.580844736099243,-4.764985444810655,0.4241831838348765,0.42180447048611114
5,36,0.0035852070432156324,0.003547421656548977,-4.267911066538022,-4.440110275480483,0.42171826774691357,0.41993815104166665
5,37,0.0034044047351926565,0.003372523467987776,-3.980304545826382,-4.150382595592075,0.42152416087962963,0.41991102430555555
5,38,0.003242501989006996,0.0032155364751815796,-3.7215857558780248,-3.890398401684231,0.4190508053626543,0.41717664930555554
5,39,0.003094708314165473,0.0030706562101840973,-3.487990708410004,-3.6503784047232735,0.418091724537037,0.4172905815972222
5,40,0.0029602153226733208,0.0029397867619991302,-3.275681221337966,-3.4335291888978747,0.41571180555555554,0.41280381944444444
5,41,0.0028386691119521856,0.002821240806952119,-3.084685257629112,-3.2370332532458836,0.4130762924382716,0.41090494791666665
5,42,0.002729861531406641,0.0027167066000401974,-2.908061165574156,-3.063842166794671,0.4112985869984568,0.4087727864583333
5,43,0.0026304442435503006,0.002617692342028022,-2.749346031083001,-2.89980018403795,0.4110490210262346,0.4105685763888889
5,44,0.0025419655721634626,0.002531350590288639,-2.6090180105633207,-2.7566927433013917,0.40845811631944445,0.4069769965277778
5,45,0.0024570818059146404,0.002445935271680355,-2.4743633773591784,-2.615118882391188,0.4068359375,0.4061089409722222
5,46,0.0023792688734829426,0.002370682079344988,-2.353036649433183,-2.490457871225145,0.4063036506558642,0.40509440104166666
5,47,0.002308992203325033,0.0023014957550913095,-2.240052682676433,-2.375763196415371,0.40553084008487655,0.40450846354166664
5,48,0.0022448443342000246,0.0022377492859959602,-2.138111234005587,-2.270061810811361,0.4054060570987654,0.4051703559027778
5,49,0.0021852334029972553,0.002178044058382511,-2.041737433716103,-2.171095463964674,0.4052336516203704,0.40350477430555554
5,50,0.002128463936969638,0.002121672034263611,-1.9526625883432083,-2.0775637759102716,0.4025022907021605,0.4018825954861111
5,51,0.0020667503122240305,0.0020714926067739725,-1.84185387764448,-1.9943254126442804,0.40257221739969135,0.40218641493055557
5,52,0.002017226302996278,0.002020777203142643,-1.7649256962317008,-1.9102500518163046,0.4025710117669753,0.40243598090277777
5,53,0.00197117798961699,0.0019752944353967905,-1.6907168264742252,-1.8348464541965062,0.4018530574845679,0.4010416666666667
5,54,0.0019301280844956636,0.0019343445310369134,-1.6251676712507084,-1.7670195367601182,0.40167824074074077,0.40189344618055556
5,55,0.001891764928586781,0.0018958552973344922,-1.564212194489844,-1.7031642728381686,0.40117066936728396,0.4003960503472222
5,56,0.0018563150661066175,0.0018596767913550138,-1.5076319055792726,-1.6431841823789808,0.40115620177469136,0.40048285590277777
5,57,0.0018207633402198553,0.0018235549796372652,-1.4517372013610086,-1.583205074734158,0.4003315489969136,0.4
5,58,0.0017875060439109802,0.0017901392420753837,-1.3981164378884399,-1.5277681032816568,0.39909215856481484,0.3988498263888889
5,59,0.00175713119097054,0.0017589513445273042,-1.34953126259792,-1.4759774208068848,0.3990409191743827,0.39888780381944444
5,60,0.0017276615835726261,0.0017299385508522391,-1.3027326672165482,-1.4278415123621622,0.3987455391589506,0.39939778645833335
5,61,0.0017007043352350593,0.0017032951582223177,-1.2600171698464289,-1.3835032065709432,0.399608772183642,0.3999240451388889
5,62,0.0016759035643190145,0.0016769699286669493,-1.2203725755950552,-1.3399613459904989,0.3987774884259259,0.3995442708333333
5,63,0.0016517739277333021,0.0016537734773010015,-1.1818313077644065,-1.301356636153327,0.3988220968364197,0.39957139756944443
5,64,0.0016308081103488803,0.0016321745933964849,-1.1481270098391874,-1.2655395613776312,0.3985285252700617,0.3989203559027778
5,65,0.0016092841979116201,0.0016090607969090343,-1.1141359235033577,-1.2270794577068753,0.39853153935185187,0.39901258680555557
5,66,0.0015871661016717553,0.001586550148203969,-1.0786265349682467,-1.1897727648417156,0.39858519000771603,0.3990342881944444
5,67,0.001575889647938311,0.0015694531612098217,-1.0679834301089064,-1.1613478475146823,0.3988154658564815,0.3990505642361111
5,68,0.0015569576062262058,0.001549513079226017,-1.0380859377943439,-1.1281419356664022,0.3992048852237654,0.3992892795138889
5,69,0.0015404291916638613,0.001532563241198659,-1.0119123264595313,-1.1000578747855292,0.3990047501929012,0.3994900173611111
5,70,0.0015232039149850607,0.001515264855697751,-0.9842941805168435,-1.0712757666905721,0.3989456741898148,0.3993923611111111
5,71,0.0015076028648763895,0.0015002262080088258,-0.9589326699574788,-1.0463823212517633,0.39911687403549384,0.4000325520833333
5,72,0.0014929742319509387,0.0014848514692857862,-0.9355085057976805,-1.0208829879760741,0.3992561246141975,0.3997884114583333
5,73,0.0014791229041293263,0.0014720275066792965,-0.9130406282566211,-0.9995210356182522,0.39946168499228396,0.40035807291666664
5,74,0.0014659645967185497,0.001458244863897562,-0.8922023010842595,-0.9765137036641439,0.4001754195601852,0.40046115451388886
5,75,0.001452576252631843,0.0014436329947784543,-0.8704408660347079,-0.9523231426874796,0.3995099103009259,0.399853515625
5,76,0.0014397753402590752,0.0014313076389953494,-0.8499092305148089,-0.9317961851755778,0.3994092399691358,0.4000054253472222
5,77,0.0014278222806751728,0.0014194133691489697,-0.8304260742517166,-0.9121034304300945,0.39922055844907406,0.40005425347222223
5,78,0.001417114632204175,0.0014079686952754855,-0.8125523272855782,-0.8931898276011149,0.3991988570601852,0.4001519097222222
5,79,0.0014126576716080308,0.0013976225163787603,-0.809447047887025,-0.8761411110560099,0.3998143325617284,0.4003363715277778
5,80,0.0014059715904295444,0.0013902572682127357,-0.7989470452438167,-0.864522229300605,0.3999125916280864,0.4004720052083333
5,81,0.001394833903759718,0.0013845402281731367,-0.7806087886845624,-0.8557610405815972,0.40016517168209875,0.4013129340277778
5,82,0.0013899044133722782,0.001361239468678832,-0.7684434687649763,-0.815403487947252,0.4003936390817901,0.4008246527777778
5,83,0.0013527714181691408,0.0013534766621887684,-0.7006687800089518,-0.8026075681050618,0.39846342110339505,0.40084092881944444
5,84,0.0014009717851877213,0.0014416963094845414,-0.7928460852599438,-0.9991437832514445,0.40204415027006174,0.41019965277777776
5,85,0.0013824363704770803,0.0014766484964638948,-0.732387661786727,-1.0947030226389567,0.4030960648148148,0.4153645833333333
5,86,0.0013774150284007192,0.0014643770409747958,-0.7319163379845796,-1.0726783222622343,0.40379472897376545,0.41561414930555557
5,87,0.0013647840823978186,0.0014544958248734474,-0.71399405002594,-1.05448407597012,0.40300323109567904,0.4163140190972222
5,88,0.0013547141570597887,0.00144172552973032,-0.6981682591968112,-1.0317273590299818,0.4032298900462963,0.41730143229166666
5,89,0.0013465841766446829,0.0014316916931420565,-0.6848534456005803,-1.0137214289771186,0.4034764419367284,0.41789822048611114
5,90,0.0013382036704570055,0.001421399530954659,-0.6713845519371975,-0.9952128913667467,0.40358314043209875,0.418310546875
5,91,0.0013312632218003273,0.0014120617415755987,-0.6606139386141742,-0.978116496404012,0.4038254726080247,0.41993815104166665
5,92,0.0013260734267532825,0.0014077425003051758,-0.6523966939361007,-0.9703532271915012,0.40405454282407405,0.4196560329861111
5,93,0.0013221825938671827,0.00140294898301363,-0.6461894953692401,-0.9618821329540677,0.40395869502314813,0.4200358072916667
5,94,0.0013180940877646208,0.0013974577886983752,-0.639571879381015,-0.952070779270596,0.4040702160493827,0.4205783420138889
5,95,0.0013142774114385247,0.001392847509123385,-0.6334745998735781,-0.9437421851687962,0.40420283564814813,0.4209743923611111
5,96,0.0013105382677167654,0.0013880962505936623,-0.6274854554070367,-0.9352900664011637,0.40434510030864196,0.4215060763888889
5,97,0.0013072086730971932,0.0013839446473866701,-0.6222462755662423,-0.9277750227186415,0.4044692804783951,0.4217610677083333
5,98,0.00130358524620533,0.0013786579947918653,-0.616554942395952,-0.918345496389601,0.40453920717592595,0.42216254340277776
5,99,0.0012997647281736135,0.00137433223426342,-0.6103122468347902,-0.9105340825186835,0.4046694155092593,0.4226019965277778
5,100,0.0012969530653208494,0.0013721631839871407,-0.6059621191319124,-0.9066725863350762,0.4047676745756173,0.42276475694444443
5,101,0.001295283087529242,0.0013700069393962622,-0.6032496364028366,-0.9028011057111952,0.40480082947530865,0.4229058159722222
5,102,0.001293399604037404,0.0013676949311047792,-0.6002453846695982,-0.8986253473493788,0.40484483506944446,0.42305772569444444
5,103,0.0012915120460093021,0.0013651386834681034,-0.5972763803270128,-0.8940851953294542,0.40500337577160495,0.4234429253472222
6,1,0.5105909109115601,0.45646995306015015,-800.2820888001241,-671.9685821533203,0.22408793885030864,0.27703993055555554
6,2,0.4177241921424866,0.3776334822177887,-656.5139389791607,-555.7967337714301,0.31901644483024694,0.36678602430555557
6,3,0.348359078168869,0.31724584102630615,-547.9364622328017,-466.7953130086263,0.4039074556327161,0.4428493923611111
6,4,0.2932065725326538,0.2670058012008667,-459.21977345030984,-392.7363501654731,0.4723108362268518,0.49755859375
6,5,0.24601218104362488,0.22294527292251587,-385.53824998832044,-327.7751444498698,0.5166292920524691,0.5325141059027778
6,6,0.20443859696388245,0.18421052396297455,-321.04273584624866,-270.6558976915148,0.538915412808642,0.5404405381944445
6,7,0.168179452419281,0.15082679688930511,-262.0793032846333,-221.41814778645832,0.5442738474151234,0.5444064670138888
6,8,0.13729137182235718,0.12278791517019272,-214.62675319247776,-180.05512983534072,0.5465488763503087,0.5445529513888889
6,9,0.11160686612129211,0.09976653754711151,-173.48853123982747,-146.08586158752442,0.542796344521605,0.5395724826388889
6,10,0.09071490168571472,0.08117788285017014,-141.41658790965138,-118.65019501580133,0.539795524691358,0.5340386284722223
6,11,0.0739041417837143,0.06632329523563385,-114.91038237913155,-96.71912307739258,0.5339228877314814,0.53095703125
6,12,0.06056362763047218,0.05456919968128204,-93.86962570143335,-79.3602859708998,0.5296676070601852,0.5244737413194445
6,13,0.049962595105171204,0.04520654305815697,-77.45809503955606,-65.52838607364231,0.5240776909722222,0.5174153645833334
6,14,0.04153481870889664,0.03777160495519638,-64.26057315991248,-54.54038143157959,0.5162567515432098,0.5106011284722223
6,15,0.03483833372592926,0.031842708587646484,-53.65822927215953,-45.77498874664307,0.510521556712963,0.5057237413194444
6,16,0.029447808861732483,0.027047479525208473,-45.17895235720976,-38.6824636247423,0.5039502555941358,0.4982638888888889
6,17,0.025097355246543884,0.023179925978183746,-38.322079362987,-32.959669992658824,0.49673394097222223,0.49125434027777776
6,18,0.021588634699583054,0.020037364214658737,-32.77433202767078,-28.307470300462512,0.49091374903549384,0.4868435329861111
6,19,0.018709696829319,0.01745300553739071,-28.221121242899954,-24.480146227942573,0.48561861014660496,0.47988823784722223
6,20,0.016333498060703278,0.015307914465665817,-24.433488640961823,-21.301565594143337,0.47812921971450617,0.4728461371527778
6,21,0.014380650594830513,0.013546744361519814,-21.363162342707316,-18.69085519578722,0.4734284577546296,0.46800672743055555
6,22,0.01274144183844328,0.012051062658429146,-18.778870940502777,-16.472461689843072,0.4678644627700617,0.4624077690972222
6,23,0.011357486248016357,0.010793566703796387,-16.58899258978573,-14.6063874774509,0.4625952449845679,0.458251953125
6,24,0.010190282016992569,0.009725261479616165,-14.757925829475308,-13.020300738016765,0.4577461902006173,0.45270182291666666
6,25,0.009192725643515587,0.008813397027552128,-13.170930928359796,-11.665921449661255,0.4531123408564815,0.44955512152777777
6,26,0.008343181572854519,0.008028656244277954,-11.840753688341305,-10.499629322687785,0.4499433352623457,0.44662543402777777
6,27,0.007609901018440723,0.007355105131864548,-10.671593835618761,-9.498162576887342,0.4471408420138889,0.4432400173611111
6,28,0.006973501294851303,0.006763043813407421,-9.663269399713586,-8.61725376976861,0.44271858121141977,0.4391059027777778
6,29,0.006417316850274801,0.006247710436582565,-8.792258574933182,-7.850129848056369,0.44060390142746914,0.4376302083333333
6,30,0.005934072192758322,0.005800556391477585,-8.02641151216295,-7.1841376357608375,0.43725224247685185,0.4339680989583333
6,31,0.005511426366865635,0.00540602020919323,-7.3536396206161125,-6.596157315042284,0.4350194106867284,0.43205837673611114
6,32,0.005135554354637861,0.005055669695138931,-6.756487620612721,-6.073830774095323,0.43191490644290126,0.42889539930555554
6,33,0.004803659860044718,0.0047453329898417,-6.229434851658197,-5.610914693938361,0.42937343267746914,0.4264322916666667
6,34,0.004511579871177673,0.004472650587558746,-5.769359965677615,-5.203947888480292,0.4266215760030864,0.4232855902777778
6,35,0.004247143864631653,0.004222469870001078,-5.349817372545784,-4.830413577291701,0.42423382040895063,0.42109917534722224
6,36,0.004011259414255619,0.004003168549388647,-4.977392907790196,-4.502771947118971,0.4234525704089506,0.42081163194444443
6,37,0.003800226841121912,0.0038033556193113327,-4.6418501536051435,-4.204121502240499,0.42002857349537037,0.41647135416666664
6,38,0.0036086272448301315,0.003623331431299448,-4.334138816079975,-3.9348579565684,0.4185595100308642,0.4159613715277778
6,39,0.003441409906372428,0.0034665968269109726,-4.070999158458945,-3.700352920426263,0.4175142264660494,0.41429036458333335
6,40,0.0032855302561074495,0.0033173677511513233,-3.823663143464077,-3.4769976907306246,0.4163984133873457,0.414306640625
6,41,0.0031425959896296263,0.0031815567053854465,-3.5990533148800887,-3.2735593663321603,0.4149052372685185,0.4118598090277778
6,42,0.0030114720575511456,0.0030573387630283833,-3.38905261033847,-3.087339637014601,0.41382257908950615,0.41110026041666664
6,43,0.002893438097089529,0.002945096930488944,-3.200383694083602,-2.9190211878882515,0.4143042293595679,0.4128146701388889
6,44,0.0027862663846462965,0.002844319213181734,-3.0263440102706722,-2.767841185463799,0.41312391493055556,0.41038953993055555
6,45,0.002685477025806904,0.002748295199126005,-2.866930617226495,-2.6237801710764566,0.4124789014274691,0.4091579861111111
6,46,0.002592674223706126,0.00265901954844594,-2.7200962043102876,-2.4895957734849716,0.4107825761959877,0.40651041666666665
6,47,0.002509398851543665,0.002581006847321987,-2.5861748783676712,-2.3724350611368816,0.4087281780478395,0.4062771267361111
6,48,0.002432420616969466,0.0025077350437641144,-2.46347295296045,-2.2622830682330664,0.40657853491512347,0.4045464409722222
6,49,0.0023617579136043787,0.002440530341118574,-2.350201510205681,-2.1611551258299087,0.40576593846450615,0.40339084201388886
6,50,0.00229681096971035,0.0023792837746441364,-2.2463658694867736,-2.0690262105729844,0.4053252797067901,0.40362413194444446
6,51,0.002235440071672201,0.0023198560811579227,-2.1489486370557622,-1.9794769631491766,0.40476646894290125,0.40167643229166666
6,52,0.0021775993518531322,0.002263600006699562,-2.0569469387148636,-1.8948536766899957,0.4041805314429012,0.40263129340277776
6,53,0.0021242359653115273,0.0022137179039418697,-1.971351718902588,-1.8197336594263713,0.40376760223765434,0.40194227430555557
6,54,0.002074998803436756,0.0021664807572960854,-1.8920754744682784,-1.7484967470169068,0.40424623842592594,0.40219184027777777
6,55,0.002028167713433504,0.002121708355844021,-1.81770589498826,-1.6808454275131226,0.4037645881558642,0.4009874131944444
6,56,0.0019848477095365524,0.0020799306221306324,-1.74767242655342,-1.6178968535529243,0.4021930459104938,0.3994954427083333
6,57,0.0019431188702583313,0.0020401114597916603,-1.681918359980171,-1.5576362238989936,0.4019796489197531,0.3995225694444444
6,58,0.001904197852127254,0.0020033593755215406,-1.6204862359129353,-1.5022178941302828,0.40063898533950615,0.3987955729166667
6,59,0.0018696968909353018,0.001970455050468445,-1.5642292007987881,-1.4525485277175902,0.40082404996141974,0.3980902777777778
6,60,0.0018357933731749654,0.0019375584088265896,-1.5100569433636135,-1.4026902013354832,0.4004129292052469,0.3983127170138889
6,61,0.001802888698875904,0.0019060648046433926,-1.4572332479335643,-1.3549995793236627,0.40042136863425926,0.39853515625
6,62,0.0017731348052620888,0.0018777959048748016,-1.4093495686848958,-1.3122284015019734,0.39945264274691356,0.3973361545138889
6,63,0.001745227025821805,0.00185090908780694,-1.3644576358206477,-1.2715096606148615,0.3992947048611111,0.3971028645833333
6,64,0.0017186476616188884,0.0018263141391798854,-1.321530701201639,-1.2342889255947538,0.3992609471450617,0.3973307291666667
6,65,0.0016933840233832598,0.0018009009072557092,-1.281785250004427,-1.1957687934239705,0.4000747492283951,0.3985134548611111
6,66,0.00166911946143955,0.0017779889749363065,-1.241880433059033,-1.1610591332117717,0.3998070987654321,0.3970703125
6,67,0.0016465235967189074,0.0017554601654410362,-1.2060936895417578,-1.1269014755884805,0.39970823688271606,0.398291015625
6,68,0.0016248305328190327,0.0017357587348669767,-1.1712093936072456,-1.0970801803800794,0.3996292679398148,0.3970865885416667
6,69,0.0016047179233282804,0.0017154753440991044,-1.1392744373392176,-1.0661861949496798,0.3993923611111111,0.3970811631944444
6,70,0.0015831658383831382,0.0016950599383562803,-1.1045364356335299,-1.0351428164376153,0.39896375868055556,0.3970811631944444
6,71,0.0015633746515959501,0.0016764721367508173,-1.07222942687847,-1.0070247756110298,0.3997823832947531,0.39874674479166666
6,72,0.00154691725037992,0.0016606301069259644,-1.0459265835491227,-0.9829834832085503,0.39942973572530865,0.39779730902777777
6,73,0.0015302463434636593,0.001645012991502881,-1.0190422738039935,-0.9591139237085978,0.39912410783179014,0.3973415798611111
6,74,0.0015154185239225626,0.0016307276673614979,-0.9955788173793275,-0.9374677817026774,0.3990668402777778,0.3971137152777778
6,75,0.0015011648647487164,0.0016166300047188997,-0.9726661258273654,-0.9160593721601699,0.39950147087191357,0.39828016493055557
6,76,0.0014862718526273966,0.0016028617974370718,-0.9481284394676303,-0.8951119290457832,0.39958285108024694,0.39853515625
6,77,0.001472611678764224,0.0015896146651357412,-0.9264716095394558,-0.8749863412645128,0.40013985339506175,0.39706488715277777
6,78,0.0014602922601625323,0.0015770865138620138,-0.9067388443299281,-0.8559421671761407,0.39931640625,0.3978190104166667
6,79,0.0014477260410785675,0.0015655315946787596,-0.88668092297919,-0.8381432400809394,0.3997413917824074,0.39755859375
6,80,0.001435421290807426,0.0015535301063209772,-0.8669954005582833,-0.819962027337816,0.40035023630401234,0.39874674479166666
6,81,0.0014236806891858578,0.0015433537773787975,-0.8476939230789373,-0.8042946312162611,0.39983241705246914,0.3970703125
6,82,0.0014141314895823598,0.0015332936309278011,-0.8324740869027597,-0.78912443584866,0.3994803722993827,0.3982747395833333
6,83,0.0014032352482900023,0.0015221992507576942,-0.814592766173092,-0.7721505800882975,0.39915907118055555,0.3970865885416667
6,84,0.001391717465594411,0.0015111351385712624,-0.7961750174746102,-0.7552513705359565,0.39909276138117283,0.39730902777777777
6,85,0.0013806852512061596,0.0015007505426183343,-0.7784118878988572,-0.7392913420995076,0.39928686824845677,0.3970865885416667
6,86,0.0013722844887524843,0.0014933787751942873,-0.7648487276501126,-0.7281393660439386,0.39895109953703706,0.39705946180555557
6,87,0.001364665338769555,0.0014868201687932014,-0.7525441801106488,-0.7181398789087932,0.3995527102623457,0.3990288628472222
6,88,0.001357352128252387,0.0014789141714572906,-0.7408649111971443,-0.706039555867513,0.39955873842592593,0.3973307291666667
6,89,0.0013495374005287886,0.0014715595170855522,-0.7282263738137704,-0.6947847048441569,0.3993803047839506,0.39706488715277777
6,90,0.001340889954008162,0.0014621044974774122,-0.7144726333794771,-0.6804194450378418,0.39956114969135803,0.3990071614583333
6,91,0.001331922016106546,0.0014544049045071006,-0.6997892852182741,-0.6686455223295423,0.3991898148148148,0.3971028645833333
6,92,0.001324577839113772,0.0014476014766842127,-0.6878307012864101,-0.6581277211507162,0.3997444058641975,0.39925672743055557
6,93,0.001318015856668353,0.0014409448485821486,-0.6771518661652083,-0.648015390502082,0.39954366801697533,0.3973198784722222
6,94,0.001310618594288826,0.001433651545085013,-0.6651622042243863,-0.6368067132102119,0.39956114969135803,0.3992458767361111
6,95,0.001303215860389173,0.0014275249559432268,-0.6532179535171132,-0.6273391564687093,0.3991433979552469,0.397314453125
6,96,0.0012972161639481783,0.0014212994137778878,-0.6436071454742809,-0.6178333679835002,0.4004816502700617,0.3992241753472222
6,97,0.0012920411536470056,0.0014175185933709145,-0.6353463037514392,-0.6118696345223321,0.4010910976080247,0.39924045138888886
6,98,0.0012869732454419136,0.0014124077279120684,-0.6271511172070915,-0.6041783571243287,0.3999782986111111,0.39803602430555557
6,99,0.0012820016127079725,0.0014070449396967888,-0.61936289616573,-0.5959455993440416,0.3991669077932099,0.3970974392361111
6,100,0.0012774041388183832,0.0014027617871761322,-0.6119431522157457,-0.5895319408840604,0.3997263213734568,0.3980523003472222
6,101,0.0012717734789475799,0.0013969142455607653,-0.6027551293373108,-0.5806841982735528,0.4001633632330247,0.39875217013888886
6,102,0.0012670645955950022,0.001392468111589551,-0.5950312692442058,-0.5738185670640733,0.4008276668595679,0.3985134548611111
6,103,0.0012614286970347166,0.0013865421060472727,-0.5858523204002851,-0.5646175225575765,0.3999807098765432,0.39754774305555557
6,104,0.0012570061953738332,0.0013831965625286102,-0.5788831597493018,-0.5593155225118002,0.39985411844135804,0.3987630208333333
6,105,0.0012538814917206764,0.001380115165375173,-0.573890858962212,-0.5545819653405084,0.4001778308256173,0.3973198784722222
6,106,0.0012486124178394675,0.001374232117086649,-0.5653744400283437,-0.5457017845577664,0.3995406539351852,0.3970757378472222
6,107,0.0012454703683033586,0.0013729366473853588,-0.5602123078004814,-0.5437800725301106,0.3993127893518518,0.3973198784722222
6,108,0.0012422826839610934,0.0013688735198229551,-0.5551583934713293,-0.5374602980083889,0.3989703896604938,0.3970920138888889
6,109,0.0012383779976516962,0.0013657188974320889,-0.5488100600831303,-0.5325380404790242,0.399244068287037,0.3973307291666667
6,110,0.0012341099791228771,0.0013607610017061234,-0.5418391505877177,-0.5248500188191731,0.39923020351080246,0.39730902777777777
6,111,0.0012300246162340045,0.0013576527126133442,-0.5351480760692079,-0.519997959666782,0.3991066261574074,0.39706488715277777
6,112,0.0012273977044969797,0.00135511951521039,-0.5310226955531556,-0.5162115255991618,0.3992561246141975,0.3970865885416667
6,113,0.0012236498296260834,0.0013507087714970112,-0.5248327760048854,-0.5094181272718642,0.3991524402006173,0.3972981770833333
6,114,0.0012201395584270358,0.0013482968788594007,-0.5191576913551048,-0.5057170603010389,0.3995243778935185,0.3987630208333333
6,115,0.0012172367423772812,0.0013454279396682978,-0.5144244058632557,-0.501240521007114,0.4007776331018518,0.39945746527777776
6,116,0.001213819719851017,0.0013415649300441146,-0.5088449038105246,-0.49531598885854083,0.40085358796296294,0.3980631510416667
6,117,0.0012101829051971436,0.0013382782926782966,-0.5029778689513972,-0.49020389715830487,0.39966242283950615,0.3970920138888889
6,118,0.0012085284106433392,0.001336831832304597,-0.5003959046469795,-0.4878804233339098,0.40009886188271604,0.39853515625
6,119,0.0012053342070430517,0.0013334223767742515,-0.4952406022283766,-0.4827745702531603,0.4007764274691358,0.3985188802083333
6,120,0.001202380983158946,0.0013323414605110884,-0.490466257672251,-0.4809128416909112,0.4002652391975309,0.39850802951388886
6,121,0.0012007919140160084,0.0013293526135385036,-0.48787200862978714,-0.4765047947565714,0.39983181423611114,0.3982964409722222
6,122,0.0011987388134002686,0.0013283570297062397,-0.4846735762961117,-0.474952941470676,0.4002224392361111,0.3990342881944444
6,123,0.0011965238954871893,0.0013254371006041765,-0.4810955387574655,-0.4705312834845649,0.3998800395447531,0.39706488715277777
6,124,0.0011929916217923164,0.0013215381186455488,-0.4751685301462809,-0.4645418299569024,0.39901982060185187,0.39706488715277777
6,125,0.0011906716972589493,0.0013196077197790146,-0.47142333219080795,-0.46135536034901936,0.3990674430941358,0.3970974392361111
6,126,0.0011873806361109018,0.0013163738185539842,-0.4661075567021782,-0.45632641315460204,0.398950496720679,0.3970865885416667
6,127,0.0011860823724418879,0.0013161062961444259,-0.4640654641904949,-0.4559485885832045,0.3989547164351852,0.3970865885416667
6,128,0.0011850689770653844,0.0013151972088962793,-0.46248746816022895,-0.4545815441343519,0.3990439332561728,0.397314453125
6,129,0.0011822637170553207,0.0013120202347636223,-0.4578950227042775,-0.44971542888217503,0.39908010223765433,0.39712456597222223
6,130,0.0011809126008301973,0.001310823136009276,-0.45577755989851776,-0.44801916546291776,0.3995002652391975,0.3985134548611111
6,131,0.001179505605250597,0.0013100251089781523,-0.4536271145314346,-0.4467470725377401,0.3992862654320988,0.3970703125
6,132,0.001177891856059432,0.0013076469767838717,-0.45094730854034426,-0.44322977066040037,0.39920789930555556,0.3970811631944444
6,133,0.001174716162495315,0.0013042609207332134,-0.44564584684960634,-0.4379331297344632,0.3990342881944444,0.3973253038194444
6,134,0.001173319760710001,0.0013044499792158604,-0.44348198661097776,-0.43815214898851185,0.3990620177469136,0.39706488715277777
6,135,0.0011727155651897192,0.0013036353047937155,-0.4426461074087355,-0.436837813589308,0.39896375868055556,0.3970865885416667
6,136,0.001171113457530737,0.0013023086357861757,-0.4400605019227958,-0.4346812884012858,0.39915424864969135,0.3970703125
6,137,0.0011698571033775806,0.00130018824711442,-0.4380851196654049,-0.43137836191389295,0.39896195023148145,0.3970811631944444
6,138,0.0011677402071654797,0.0012986680958420038,-0.43454553021325004,-0.4291295369466146,0.3990867332175926,0.3970757378472222
6,139,0.0011652871035039425,0.0012953263940289617,-0.43038050260072874,-0.42376694414350724,0.3992145302854938,0.3980685763888889
6,140,0.001162586733698845,0.001293393550440669,-0.4259239935580595,-0.4209893650478787,0.399243465470679,0.3970757378472222
6,141,0.00116177077870816,0.0012927944771945477,-0.42452859260417797,-0.4199518150753445,0.3996069637345679,0.39755316840277777
6,142,0.0011609490029513836,0.0012919995933771133,-0.4232248273896582,-0.418701253996955,0.39902765721450617,0.3972981770833333
6,143,0.001160323154181242,0.0012909172801300883,-0.4222922088187418,-0.41707422733306887,0.39946952160493826,0.39730902777777777
6,144,0.001158194150775671,0.0012886588228866458,-0.41868616342544557,-0.4136935234069824,0.3992531105324074,0.3973253038194444
6,145,0.0011552590876817703,0.0012867085170000792,-0.4138487019656617,-0.41057958602905276,0.39910542052469133,0.3970757378472222
6,146,0.0011544867884367704,0.0012862503062933683,-0.4126908637859203,-0.4097091356913249,0.39894868827160496,0.3970703125
6,147,0.0011547047179192305,0.0012873171363025904,-0.41325380007425944,-0.4113527536392212,0.39915123456790125,0.3970703125
6,148,0.001153240678831935,0.0012845613528043032,-0.410769236382143,-0.40706352657741973,0.39914158950617284,0.3970703125
6,149,0.0011529226321727037,0.0012850514613091946,-0.41028037468592327,-0.4079774856567383,0.3990071614583333,0.3970757378472222
6,150,0.0011515503283590078,0.0012835515663027763,-0.4081190848056181,-0.40552235974205864,0.39898124035493826,0.3970757378472222
7,1,0.5126332640647888,0.4631858766078949,-797.9793665568034,-738.4531026204427,0.21782708815586418,0.26075303819444445
7,2,0.427309513092041,0.3933494985103607,-664.5799581457068,-630.5010616726346,0.30496178144290126,0.34912109375
7,3,0.3629940450191498,0.33212506771087646,-567.6245719815478,-530.1307913886176,0.3909842785493827,0.43746202256944444
7,4,0.3073466718196869,0.2805807590484619,-478.12247006451645,-447.92347056070963,0.471729118441358,0.5030056423611111
7,5,0.2582554519176483,0.23525619506835938,-401.1202693986304,-375.06058993869357,0.519775390625,0.5430935329861111
7,6,0.21582305431365967,0.19560810923576355,-334.8096338154357,-311.40236451890735,0.5496346932870371,0.5612738715277777
7,7,0.17863965034484863,0.1610689014196396,-277.665908752253,-256.4152109781901,0.5598656925154321,0.5642306857638889
7,8,0.14666998386383057,0.13184142112731934,-227.67108678464535,-209.7504049513075,0.5638394579475309,0.5703396267361112
7,9,0.11980476975440979,0.1076071634888649,-186.012147244112,-171.06332982381184,0.5669952015817902,0.5706922743055556
7,10,0.09769850969314575,0.08778984844684601,-151.61572928252045,-139.3861102634006,0.5654966001157408,0.5678331163194444
7,11,0.07979094982147217,0.07189345359802246,-123.22500784603166,-113.98596373664009,0.5636272665895061,0.5667209201388889
7,12,0.06542239338159561,0.0591423474252224,-100.90613021615111,-93.59293721516927,0.5603214216820988,0.5635904947916667
7,13,0.05395917594432831,0.048948753625154495,-83.14764241112603,-77.28487756517198,0.5566219376929012,0.5607204861111111
7,14,0.04519538953900337,0.041338250041007996,-69.47300979472973,-65.21296187506782,0.5698151765046297,0.5808810763888889
7,15,0.03795841336250305,0.03463984280824661,-58.280605740017364,-54.40977372063531,0.5770146122685185,0.5825358072916667
7,16,0.031886596232652664,0.029299907386302948,-48.69821838567287,-45.80932127634684,0.5699857735339506,0.580712890625
7,17,0.027095958590507507,0.024980323389172554,-40.99310473924802,-38.85447394053141,0.5675118152006173,0.5783799913194444
7,18,0.023197291418910027,0.021464189514517784,-35.06606535970429,-33.19461020363702,0.5658787856867284,0.5763617621527778
7,19,0.020025160163640976,0.01859532669186592,-30.083386072700407,-28.575266244676378,0.562207634066358,0.5728135850694445
7,20,0.017419643700122833,0.016230128705501556,-26.015116143520967,-24.77012046178182,0.557861328125,0.5685112847222222
7,21,0.01526372879743576,0.01425712089985609,-22.58589213218218,-21.591922770606146,0.5534288194444444,0.5659505208333333
7,22,0.013454029336571693,0.012601935304701328,-19.75061158368617,-18.92708052529229,0.5510959201388889,0.5633355034722223
7,23,0.011932497844099998,0.011205196380615234,-17.363326176301932,-16.677573235829673,0.5486677758487655,0.561279296875
7,24,0.010649990290403366,0.01002585981041193,-15.343075095871349,-14.777248271306355,0.5448754581404321,0.5561306423611111
7,25,0.009564029052853584,0.009023887105286121,-13.641516339337384,-13.164579974280464,0.5417408130787037,0.5541612413194444
7,26,0.008635799400508404,0.008164115250110626,-12.18793573791598,-11.77810066541036,0.538133559992284,0.5509168836805556
7,27,0.007839317433536053,0.007422924041748047,-10.929044030625143,-10.583078792360094,0.5359471450617284,0.5503851996527778
7,28,0.007152366917580366,0.006788926664739847,-9.839416136270687,-9.562443929248387,0.5345546392746914,0.548779296875
7,29,0.0065577588975429535,0.006233035586774349,-8.9124710291992,-8.666996659172906,0.5331289785879629,0.5472384982638889
7,30,0.006042663007974625,0.005754364654421806,-8.096684218924722,-7.8956294006771515,0.5321578414351852,0.5468695746527777
7,31,0.005588996224105358,0.005330448038876057,-7.389996556588161,-7.213191069497002,0.531787712191358,0.5469184027777778
7,32,0.005190981086343527,0.004957276396453381,-6.75730932612478,-6.611135482788086,0.5311662085262345,0.5463216145833333
7,33,0.0048383865505456924,0.004624525085091591,-6.209069809501554,-6.07529682583279,0.5305501302083333,0.5456325954861111
7,34,0.004524719901382923,0.00433209678158164,-5.7088433598294674,-5.603842359118992,0.5297200520833333,0.5450249565972223
7,35,0.004248944576829672,0.004071453586220741,-5.2769507461124,-5.183287771542867,0.5297676745756172,0.5453721788194444
7,36,0.00400244677439332,0.003839908167719841,-4.890489364553381,-4.809992885589599,0.5301498601466049,0.5468207465277778
7,37,0.003779533552005887,0.0036293226294219494,-4.542428163245872,-4.47094091044532,0.5306966145833333,0.5471788194444445
7,38,0.0035824731457978487,0.0034446369390934706,-4.232094466539077,-4.1732649511761135,0.5309118200231482,0.5465766059027778
7,39,0.0034052818082273006,0.003277840092778206,-3.951262111722687,-3.9047396394941543,0.5298689477237655,0.5460720486111111
7,40,0.003244048682972789,0.003125177463516593,-3.696217687924703,-3.6584782626893784,0.529956356095679,0.5461859809027778
7,41,0.0030978431459516287,0.0029872339218854904,-3.4661564735718717,-3.436283055941264,0.5294584297839506,0.5455837673611111
7,42,0.0029655166435986757,0.002860874403268099,-3.259634204558384,-3.2324899249606664,0.5292468412422839,0.5456705729166667
7,43,0.002844693372026086,0.002746991813182831,-3.0696421384811403,-3.048959824774,0.5287241994598766,0.5451931423611112
7,44,0.0027346862480044365,0.002642143052071333,-2.897962894263091,-2.8801133500205145,0.5290171682098765,0.5454318576388889
7,45,0.002633067313581705,0.0025453190319240093,-2.736426320782414,-2.7242894305123224,0.5291931905864198,0.5462944878472222
7,46,0.0025407555513083935,0.002458484610542655,-2.5913347494455032,-2.5844452142715455,0.529881004050926,0.5466959635416667
7,47,0.002457068534567952,0.002381213940680027,-2.4559016466140746,-2.4602655092875163,0.5303940007716049,0.5471571180555556
7,48,0.002381047932431102,0.0023073959164321423,-2.3400156995396557,-2.341062068939209,0.5304301697530864,0.5470540364583333
7,49,0.0023088455200195312,0.0022398962173610926,-2.222858997038853,-2.232789823744032,0.5306604456018519,0.5475477430555555
7,50,0.0022424370981752872,0.0021769641898572445,-2.120488257172667,-2.131396990352207,0.5312614535108025,0.5481174045138889
7,51,0.0021824692375957966,0.0021205805242061615,-2.0261846477602736,-2.0408210595448812,0.5314453125,0.5483235677083333
7,52,0.0021265523973852396,0.0020681098103523254,-1.9376720204765414,-1.9563389168845282,0.5316846305941358,0.5485785590277777
7,53,0.0020729494281113148,0.00201673386618495,-1.8530335853129258,-1.873890111181471,0.5320029176311728,0.5489854600694445
7,54,0.0020229252986609936,0.0019692755304276943,-1.7751345039885722,-1.7975262880325318,0.5323061342592592,0.5490397135416667
7,55,0.0019781962037086487,0.00192751525901258,-1.7039182642359791,-1.730240570174323,0.5325044608410494,0.5492241753472222
7,56,0.0019372067181393504,0.0018884766614064574,-1.6394294382613381,-1.6675587044821845,0.5327715084876543,0.549560546875
7,57,0.0018981641624122858,0.001850700587965548,-1.5781982324741506,-1.6068170123630099,0.5330536265432099,0.5498643663194445
7,58,0.0018610027618706226,0.0018168834503740072,-1.5199675346598214,-1.5527412758933172,0.5332724488811729,0.5499131944444444
7,59,0.0018259127391502261,0.0017829278949648142,-1.465406612702358,-1.4979769468307496,0.533203125,0.5499077690972223
7,60,0.001793551491573453,0.0017531360499560833,-1.412456230028176,-1.4502681705686782,0.5331976996527777,0.5497395833333333
7,61,0.0017648045904934406,0.001725603360682726,-1.3675782840928914,-1.406141644053989,0.5332073447145061,0.55009765625
7,62,0.0017362532671540976,0.001697874628007412,-1.323071367505156,-1.361768290731642,0.5332911361882716,0.5500108506944444
7,63,0.0017082211561501026,0.001671958016231656,-1.2794961124290656,-1.3200979550679526,0.533301986882716,0.5500813802083333
7,64,0.0016824917402118444,0.0016472155693918467,-1.2389065037538975,-1.2802341832054986,0.5333140432098765,0.5499782986111111
7,65,0.0016588190337643027,0.0016264724545180798,-1.2017331819475432,-1.247415378358629,0.533326099537037,0.5499782986111111
7,66,0.0016368728829547763,0.001605096971616149,-1.1680250579928175,-1.213093630472819,0.5333333333333333,0.5499674479166666
7,67,0.001614998560398817,0.0015847035683691502,-1.1330255760086907,-1.1802592012617323,0.5334798177083333,0.5501573350694444
7,68,0.0015958428848534822,0.001567667699418962,-1.1026336561014622,-1.1534874810112847,0.5335232204861111,0.5501573350694444
7,69,0.001577954739332199,0.0015497629065066576,-1.074880998664432,-1.1246783150566948,0.5333912037037037,0.5499945746527778
7,70,0.0015603071078658104,0.001533975126221776,-1.0472166889979515,-1.0994529061847262,0.5335123697916667,0.5501519097222223
7,71,0.001543987076729536,0.0015184935182332993,-1.0214251547683904,-1.0748867564731175,0.533423152970679,0.5499565972222222
7,72,0.001528073102235794,0.0015033360105007887,-0.996382514047034,-1.050719639990065,0.5333574459876543,0.5499674479166666
7,73,0.0015123585471883416,0.001488646725192666,-0.9717977029305918,-1.02707113954756,0.5333550347222222,0.5499674479166666
7,74,0.001498434110544622,0.0014755201991647482,-0.949835831589169,-1.0063386784659492,0.5333676938657408,0.5499728732638889
7,75,0.0014858432114124298,0.0014636244159191847,-0.9303397996926014,-0.9873775137795342,0.5334840374228395,0.5501302083333334
7,76,0.0014727222733199596,0.0014516854425892234,-0.9098321243568703,-0.9683952887852987,0.5335545669367284,0.5501519097222223
7,77,0.001460897852666676,0.0014398641651496291,-0.8909953835569782,-0.9495651457044814,0.5335720486111111,0.5501519097222223
7,78,0.0014487443258985877,0.0014293836429715157,-0.8717755110175521,-0.9326724343829684,0.533570240162037,0.5501139322916667
7,79,0.0014381934888660908,0.001419168896973133,-0.8552800799593513,-0.9167668528027004,0.5335768711419753,0.5501356336805555
7,80,0.0014264637138694525,0.0014079976826906204,-0.8369495004783442,-0.8985233518812391,0.5335810908564815,0.5501302083333334
7,81,0.001417059451341629,0.001398952677845955,-0.8218822323245767,-0.8842904223336114,0.5335865162037037,0.5501193576388889
7,82,0.0014056332875043154,0.0013874322175979614,-0.8042097918781234,-0.865464006529914,0.5335931471836419,0.5501139322916667
7,83,0.0013970931759104133,0.001379912719130516,-0.7909355338708854,-0.8538316991594103,0.5336027922453703,0.5501519097222223
7,84,0.001387815922498703,0.0013705589808523655,-0.7759388426203787,-0.8387278106477526,0.5336100260416666,0.5501410590277778
7,85,0.0013795089907944202,0.0013634797651320696,-0.7630403436260459,-0.8278697066836886,0.5337595244984568,0.5503146701388889
7,86,0.0013709866907447577,0.001354745589196682,-0.7493937872074269,-0.8134010685814752,0.5337999131944444,0.5503092447916667
7,87,0.0013641827972605824,0.0013497831532731652,-0.7390620706993857,-0.8065172592798869,0.5337981047453704,0.5503255208333333
7,88,0.0013586755376309156,0.0013442537747323513,-0.7310142196254966,-0.7977846410539415,0.5338035300925926,0.5503200954861112
7,89,0.0013510661665350199,0.0013365157647058368,-0.7190999516734371,-0.785286878214942,0.5338161892361111,0.5503200954861112
7,90,0.0013425068464130163,0.0013293081428855658,-0.7052232630458879,-0.773580531279246,0.5338186005015432,0.5503255208333333
7,91,0.0013372484827414155,0.0013251128839328885,-0.6974566518524546,-0.7671411924892002,0.5338101610725309,0.550341796875
7,92,0.001331137027591467,0.001318661728873849,-0.6878101893413214,-0.7567642052968343,0.5338222173996914,0.5503526475694445
7,93,0.0013250007759779692,0.001313410117290914,-0.6782522671016646,-0.7486247539520263,0.533812572337963,0.5503200954861112
7,94,0.001318395952694118,0.0013062548823654652,-0.667756622367435,-0.7368265721533034,0.5338053385416667,0.5503255208333333
7,95,0.0013117375783622265,0.0013003761414438486,-0.6567543896628015,-0.7270553231239318,0.5338173948688272,0.5503092447916667
7,96,0.0013084921520203352,0.0012979537714272738,-0.6519604117782027,-0.7236055824491713,0.5338258342978395,0.5503363715277778
7,97,0.001302878838032484,0.0012922328896820545,-0.6432580473982258,-0.7144252710872226,0.5338318624614198,0.5503363715277778
7,98,0.00129757821559906,0.0012867508921772242,-0.6349167516202102,-0.7055265718036228,0.5338270399305556,0.5503255208333333
7,99,0.0012932990211993456,0.0012843020958825946,-0.6279956822042112,-0.7022442923651802,0.5338336709104938,0.550341796875
7,100,0.0012897239066660404,0.0012805275619029999,-0.6228754892761325,-0.6965101838111878,0.5338360821759259,0.5503200954861112
7,101,0.0012863632291555405,0.0012766231084242463,-0.6178906926402339,-0.6901461468802558,0.5338276427469136,0.5503092447916667
7,102,0.0012795999646186829,0.001270532375201583,-0.6066114290260974,-0.6804273168245951,0.533836684992284,0.5503092447916667
7,103,0.0012765373103320599,0.0012683197855949402,-0.6020263062583076,-0.6771331429481506,0.5338439187885803,0.5503038194444444
7,104,0.0012716642813757062,0.0012625630479305983,-0.5942149090178219,-0.6676886161168416,0.5338421103395061,0.5502983940972223
7,105,0.001267902785912156,0.0012609713012352586,-0.5885110989029025,-0.6653686073091295,0.5338348765432098,0.5503038194444444
7,106,0.0012643472291529179,0.0012565014185383916,-0.5825734397511423,-0.6576957146326701,0.5338541666666666,0.5503146701388889
7,107,0.0012618437176570296,0.001254070084542036,-0.5787019098246539,-0.6541408207681444,0.5338415075231482,0.5503146701388889
7,108,0.0012570694088935852,0.0012495247647166252,-0.5709351514592583,-0.646551681889428,0.5338692370756173,0.5503146701388889
7,109,0.0012530824169516563,0.0012454430107027292,-0.564789816479624,-0.6404090391265022,0.533863811728395,0.5503146701388889
7,110,0.0012500915909186006,0.001243136590346694,-0.5600365735866405,-0.6368757830725775,0.5338595920138889,0.5503038194444444
7,111,0.0012487026397138834,0.001242606551386416,-0.5580924918622147,-0.6358315043979221,0.5338577835648148,0.5502983940972223
7,112,0.0012456272961571813,0.0012401808053255081,-0.5531082141546555,-0.6323559562365214,0.533862003279321,0.5503038194444444
7,113,0.0012440212303772569,0.001237603952176869,-0.5509914192152612,-0.6285618715816074,0.5338740596064815,0.5503092447916667
7,114,0.0012405720772221684,0.0012344757560640574,-0.5454186115735843,-0.6235026121139526,0.5338656201774692,0.5503092447916667
7,115,0.001236339216120541,0.0012305513955652714,-0.5384727242552204,-0.616930197344886,0.5338764708719136,0.5502875434027777
7,116,0.0012344947317615151,0.0012291413731873035,-0.5357006691120288,-0.614811823103163,0.5338788821373457,0.5502983940972223
7,117,0.0012312702601775527,0.0012263187672942877,-0.5307942893770006,-0.6100291278627183,0.5338674286265432,0.5502875434027777
7,118,0.0012298806104809046,0.0012253273744136095,-0.5286174590204968,-0.6089691347546048,0.5338794849537037,0.5502983940972223
7,119,0.0012291460298001766,0.0012254237663000822,-0.5279147589648211,-0.6093970682885912,0.5338782793209876,0.5503146701388889
7,120,0.0012263276148587465,0.0012216047616675496,-0.5230974549128685,-0.6025756319363912,0.53388671875,0.5503255208333333
7,121,0.0012233045417815447,0.0012189840199425817,-0.5181997572934186,-0.5980486220783657,0.5338939525462963,0.5503200954861112
7,122,0.0012221692595630884,0.001218736986629665,-0.5167314054053507,-0.5986923615137736,0.5339054060570988,0.5503526475694445
7,123,0.0012205276871100068,0.0012163750361651182,-0.5140609736795778,-0.5948358681466844,0.5338921440972222,0.5503255208333333
7,124,0.0012200800701975822,0.0012169663095846772,-0.513625482276634,-0.5961443649397956,0.5338939525462963,0.5503472222222222
7,125,0.0012173557188361883,0.0012130547547712922,-0.5091310420154054,-0.5896505607499016,0.5339017891589506,0.550341796875
7,126,0.0012161601334810257,0.001213001785799861,-0.5072759650371693,-0.589741665787167,0.5339084201388888,0.5503255208333333
7,127,0.0012132428819313645,0.0012093116529285908,-0.5023126362282553,-0.5830287973086039,0.5338993778935185,0.5503200954861112
7,128,0.0012116546276956797,0.0012089108349755406,-0.5000662123715436,-0.5832118325763278,0.5339023919753086,0.5503580729166667
7,129,0.0012102844193577766,0.0012066513299942017,-0.4980443671897606,-0.5794196685155233,0.5338903356481481,0.550341796875
7,130,0.0012098413426429033,0.0012080997694283724,-0.49749772843019463,-0.5823140621185303,0.5339168595679012,0.5503363715277778
7,131,0.0012092634569853544,0.0012073485413566232,-0.49719716281066706,-0.5815642184681362,0.5339108314043209,0.5503309461805556
7,132,0.0012087203795090318,0.0012050169752910733,-0.49664116185388446,-0.5779401408301459,0.5339017891589506,0.5503200954861112
7,133,0.0012052557431161404,0.001202498795464635,-0.4903159515357312,-0.5735138548745049,0.5339084201388888,0.5503092447916667
7,134,0.0012057293206453323,0.0012045979965478182,-0.491442448268702,-0.5767365535100301,0.5339029947916667,0.5502821180555556
7,135,0.0012046643532812595,0.0012024446623399854,-0.4898449651988936,-0.573533218436771,0.5339126398533951,0.5503255208333333
7,136,0.0012027407065033913,0.0012018370907753706,-0.48709775709811554,-0.5727518412801954,0.534936222029321,0.5503200954861112
7,137,0.0012019083369523287,0.001201191684231162,-0.4859644826547599,-0.5715636028183831,0.5349506896219136,0.5503255208333333
7,138,0.0011997707188129425,0.0011990189086645842,-0.4826915755683993,-0.5686262832747565,0.5349609375,0.5503309461805556
7,139,0.0011988903861492872,0.0011984664015471935,-0.48147307560767655,-0.568025897608863,0.5349627459490741,0.5503255208333333
7,140,0.0011974592925980687,0.0011817335616797209,-0.47323686605618326,-0.5223166558477613,0.5121238425925926,0.43840603298611114
7,141,0.0012218442279845476,0.0012163782957941294,-0.49657256397200217,-0.5794343405299717,0.4400896990740741,0.43838975694444443
7,142,0.0012605309020727873,0.001251730602234602,-0.5585800011952718,-0.6370108246803283,0.44008909625771603,0.4383734809027778
7,143,0.00128262210637331,0.0012666190741583705,-0.593336370256212,-0.6609539919429355,0.4402391975308642,0.4383734809027778
7,144,0.0012979214079678059,0.001280046533793211,-0.6174907357604416,-0.6823832591374716,0.44025245949074077,0.43862847222222223
7,145,0.0013084255624562502,0.0012873298255726695,-0.6336070599379363,-0.6936030719015334,0.44005835262345677,0.4379069010416667
7,146,0.0013111140578985214,0.0012869515921920538,-0.6368754815172266,-0.6921655535697937,0.43979431905864197,0.4386121961805556
7,147,0.0013129786821082234,0.0012923273025080562,-0.6391527847007469,-0.7006081144014994,0.43848500192901235,0.43523220486111114
7,148,0.0013551267329603434,0.0012741873506456614,-0.6772649848902667,-0.6708369202084011,0.45169873649691356,0.4321506076388889
7,149,0.001295955153182149,0.0012704678811132908,-0.610488822872256,-0.6646084520551894,0.43341169945987656,0.4306857638888889
7,150,0.001293995650485158,0.0012683707755059004,-0.6078462724332456,-0.6612481660313076,0.432250072337963,0.43020833333333336
8,1,0.5238878130912781,0.46927452087402344,-808.3756512865608,-793.3885603162978,0.20492621527777777,0.2537163628472222
8,2,0.4301067292690277,0.38837963342666626,-664.6378364280419,-657.4547553168403,0.29639576099537035,0.34310980902777777
8,3,0.35974910855293274,0.3293180763721466,-555.9636014208381,-556.0867470635308,0.38053566261574073,0.420654296875
8,4,0.30497997999191284,0.2787506580352783,-470.95126550933463,-470.56872507731117,0.4490879388503086,0.4775444878472222
8,5,0.2578470706939697,0.23466560244560242,-397.409661271837,-396.00163506401907,0.49707875192901235,0.5145833333333333
8,6,0.2164689302444458,0.1956712305545807,-333.60152615205743,-330.0398120456272,0.5265088493441358,0.5338324652777777
8,7,0.17987953126430511,0.1617431789636612,-277.74076918613764,-272.63783849080403,0.5413622444058642,0.5457411024305555
8,8,0.14829084277153015,0.13278602063655853,-228.5454584757487,-223.63855497572158,0.5485689139660493,0.5491644965277778
8,9,0.12155641615390778,0.10870224237442017,-187.20885257956422,-182.87763239542645,0.5516667872299382,0.5517523871527777
8,10,0.09957903623580933,0.0890006273984909,-153.2409513167393,-149.52660920884875,0.5539755738811728,0.5516330295138889
8,11,0.08165503293275833,0.07302619516849518,-125.22376353416914,-122.48194702996147,0.5521647135416666,0.5477756076388889
8,12,0.06719285994768143,0.06021451950073242,-102.70471156084979,-100.78636199103461,0.5493845244984568,0.5447428385416667
8,13,0.055702321231365204,0.04995594918727875,-85.06867040704797,-83.4124917348226,0.5458146460262345,0.5387424045138889
8,14,0.04637293890118599,0.041680753231048584,-70.52931984795464,-69.39440087212456,0.5400071132330246,0.5359483506944445
8,15,0.03883470967411995,0.03511552885174751,-59.02493544802254,-58.26876606411404,0.535328655478395,0.5294108072916667
8,16,0.03297264128923416,0.02975909784436226,-49.786157905908276,-49.19067047966851,0.5305754484953704,0.5242513020833334
8,17,0.028065502643585205,0.025464903563261032,-42.267365673441944,-41.90892028808594,0.5261284722222223,0.5194118923611111
8,18,0.024114815518260002,0.021940283477306366,-36.08775575543628,-35.931102413601344,0.5212902681327161,0.5151204427083333
8,19,0.019940361380577087,0.0180832426995039,-29.76866050414097,-29.402448993259007,0.4896104600694444,0.4809299045138889
8,20,0.01730043813586235,0.015835531055927277,-25.533741078553376,-25.584134599897595,0.4817611882716049,0.4766167534722222
8,21,0.01520892046391964,0.0139359375461936,-22.31886380807853,-22.35576780107286,0.4764564043209877,0.471044921875
8,22,0.013456316664814949,0.01235712319612503,-19.597440670154715,-19.671340942382812,0.47108953028549383,0.466455078125
8,23,0.011977811343967915,0.011023430153727531,-17.26592229207357,-17.402648385365804,0.4661524643132716,0.45962456597222223
8,24,0.010743466205894947,0.009896090254187584,-15.391065764132842,-15.483984205457899,0.46075122974537036,0.4559733072916667
8,25,0.009679492563009262,0.00893021933734417,-13.725917392306858,-13.839618407355415,0.4556001639660494,0.4496256510416667
8,26,0.00877402350306511,0.008100232109427452,-12.33290249388895,-12.42574044333564,0.45231541763117283,0.4476996527777778
8,27,0.007990500889718533,0.00738522969186306,-11.090321572621663,-11.207189787758722,0.4496413242669753,0.44475368923611114
8,28,0.007312956266105175,0.0067662731744349,-10.05054396405632,-10.151936467488607,0.44728853202160496,0.442822265625
8,29,0.006729152053594589,0.0062319813296198845,-9.127345871631011,-9.240621280670165,0.44435884452160496,0.43893229166666664
8,30,0.00622086226940155,0.005763886496424675,-8.33013547703072,-8.441672754287719,0.44014756944444444,0.43478190104166664
8,31,0.0057723927311599255,0.005353035405278206,-7.643488288514408,-7.740166351530287,0.43758439429012347,0.43257921006944444
8,32,0.005380133632570505,0.004991859197616577,-7.032477044470516,-7.123161204655966,0.4355197482638889,0.4313747829861111
8,33,0.005035259760916233,0.004672049544751644,-6.486180420569432,-6.576717217763265,0.43400004822530863,0.4294487847222222
8,34,0.004723516292870045,0.004386464133858681,-5.99567180239124,-6.0883222473992245,0.430908805941358,0.42579752604166665
8,35,0.004447886720299721,0.004128319211304188,-5.567975165814529,-5.646729426913791,0.4288140190972222,0.425048828125
8,36,0.004198456183075905,0.003899849485605955,-5.17521198031343,-5.255747652053833,0.4276415412808642,0.42286783854166665
8,37,0.003974433988332748,0.0036913668736815453,-4.8299856344858805,-4.898675147692362,0.4253514419367284,0.4204372829861111
8,38,0.003773922100663185,0.003506958484649658,-4.515144104427762,-4.58278525935279,0.42279911747685184,0.41728515625
8,39,0.0035925740376114845,0.003336725290864706,-4.227808284759521,-4.291025953822666,0.42040895061728395,0.4158257378472222
8,40,0.0034271185286343098,0.0031855874694883823,-3.9661739540688785,-4.031920282046,0.41962709780092594,0.4148220486111111
8,41,0.003279596334323287,0.0030484043527394533,-3.7393869644329873,-3.796663949224684,0.4181104118441358,0.412890625
8,42,0.0031440374441444874,0.0029216473922133446,-3.5256096713336897,-3.5790630367067124,0.4161108699845679,0.4109700520833333
8,43,0.0030201002955436707,0.002807535231113434,-3.327451204959257,-3.383165783352322,0.4152319637345679,0.40999891493055557
8,44,0.00290527381002903,0.0026990296319127083,-3.1507280508677167,-3.196667782465617,0.41353865258487654,0.4092610677083333
8,45,0.0027999768499284983,0.0026026922278106213,-2.984978475688416,-3.0312098079257543,0.4132312162422839,0.4073404947916667
8,46,0.002705202903598547,0.002515924395993352,-2.835497691307539,-2.882033758693271,0.4124469521604938,0.40755750868055557
8,47,0.0026180720888078213,0.002434259746223688,-2.6983872245859217,-2.741586372587416,0.4108934944058642,0.4051378038194444
8,48,0.0025339911226183176,0.0023554919753223658,-2.5694293281178417,-2.605972629123264,0.4101019965277778,0.4053873697916667
8,49,0.0024590431712567806,0.0022867994848638773,-2.4497661469895164,-2.487750691837735,0.408325496720679,0.4029405381944444
8,50,0.0023897013161331415,0.0022221533581614494,-2.3411438194321996,-2.376425944434272,0.4085431134259259,0.40341796875
8,51,0.0023250258527696133,0.002161421813070774,-2.239620292039565,-2.2718637651867337,0.4088987750771605,0.404150390625
8,52,0.0022639394737780094,0.0021042549051344395,-2.142482060856289,-2.173243602116903,0.4084056712962963,0.40365668402777777
8,53,0.00220834300853312,0.002053903415799141,-2.05473091043072,-2.0863624122407702,0.4076756606867284,0.402685546875
8,54,0.0021554064005613327,0.002004391746595502,-1.9718106308101135,-2.0009235991372,0.40607036072530867,0.40097113715277777
8,55,0.0021058889105916023,0.0019584146793931723,-1.8924492429803919,-1.9215340905719334,0.4056254822530864,0.3997612847222222
8,56,0.002059993799775839,0.001915843109600246,-1.8197980018309605,-1.8480403184890748,0.40585575810185187,0.40094401041666666
8,57,0.00201583094894886,0.0018745942506939173,-1.7502478790871892,-1.7767447339163887,0.4058569637345679,0.4007161458333333
8,58,0.0019758655689656734,0.0018389842007309198,-1.6872788346843954,-1.715368464257982,0.40547417534722224,0.39926215277777777
8,59,0.0019384883344173431,0.0018030002247542143,-1.6282122223465532,-1.6529577520158556,0.4043728298611111,0.3992838541666667
8,60,0.001901459414511919,0.0017689610831439495,-1.570308232307434,-1.5940961943732368,0.4048737702546296,0.40045572916666666
8,61,0.0018667362164705992,0.001737450365908444,-1.5156110095389095,-1.5395881679322985,0.40459165219907406,0.3982747395833333
8,62,0.001833927701227367,0.0017070104368031025,-1.4627570705649293,-1.486832274330987,0.40416485821759257,0.39901258680555557
8,63,0.0018041860312223434,0.001679952722042799,-1.4163686611034252,-1.4400403632058039,0.40368139949845677,0.39826388888888886
8,64,0.0017761095659807324,0.0016536079347133636,-1.3720838208257415,-1.3943944268756443,0.40380979938271605,0.3982964409722222
8,65,0.0017486230935901403,0.0016283616423606873,-1.3288428595036637,-1.3506787988874647,0.4039225260416667,0.39876844618055557
8,66,0.0017237027641385794,0.0016061679925769567,-1.2891427237310527,-1.3121395667394002,0.4036633150077161,0.3982747395833333
8,67,0.0016994255129247904,0.0015837328974157572,-1.2507954882986752,-1.273260513941447,0.4034565489969136,0.3980577256944444
8,68,0.0016770657384768128,0.0015623373910784721,-1.2153281347251232,-1.2360911501778498,0.4035108024691358,0.398779296875
8,69,0.001655293395742774,0.0015427378239110112,-1.1803435484568279,-1.2021756860944959,0.4037248022762346,0.39828016493055557
8,70,0.0016353406244888902,0.001524427905678749,-1.1489120757138287,-1.1704497416814168,0.4034191743827161,0.3980305989583333
8,71,0.001615953166037798,0.0015072016976773739,-1.1179616339412737,-1.1405222627851699,0.4035517939814815,0.39852973090277777
8,72,0.001599795650690794,0.001492080744355917,-1.092786134025197,-1.1144071658452352,0.4034806616512346,0.3980577256944444
8,73,0.0015822345158085227,0.00147583382204175,-1.0649876909491456,-1.0861287938223945,0.40361991222993826,0.3980251736111111
8,74,0.0015644403174519539,0.0014599990099668503,-1.0369555738237168,-1.0585224178102282,0.40340229552469137,0.39803602430555557
8,75,0.0015490908408537507,0.0014462161343544722,-1.0121237330966526,-1.0345331721835667,0.4036060474537037,0.3985622829861111
8,76,0.0015336042270064354,0.001431524520739913,-0.9873892651663886,-1.009002775616116,0.4034782503858025,0.3980685763888889
8,77,0.0015179116744548082,0.0014170723734423518,-0.962996859020657,-0.9839613517125447,0.40348668981481484,0.3980631510416667
8,78,0.0015040580183267593,0.001405159244313836,-0.9407647851072711,-0.9632411188549466,0.4035005545910494,0.3980631510416667
8,79,0.001488839858211577,0.001390495803207159,-0.9167161341066714,-0.9375977595647176,0.40350477430555554,0.3980577256944444
8,80,0.0014757472090423107,0.001379299908876419,-0.8957770818545494,-0.9179150952233208,0.403685619212963,0.3982964409722222
8,81,0.0014633232494816184,0.001367376185953617,-0.8757166185496766,-0.8972359551323785,0.4038164303626543,0.39828559027777777
8,82,0.0014525116421282291,0.001358121633529663,-0.8585788397141445,-0.8811220195558336,0.4037718219521605,0.3980902777777778
8,83,0.0014398705679923296,0.0013462257338687778,-0.8383514292446184,-0.8603376626968384,0.40366934317129627,0.3980523003472222
8,84,0.001429330208338797,0.0013368533691391349,-0.8216399516588376,-0.8439279874165853,0.40363920235339507,0.3983127170138889
8,85,0.001417849911376834,0.0013266443274915218,-0.8033764132746943,-0.8261347028944227,0.40372661072530863,0.3980848524305556
8,86,0.0014084451831877232,0.0013181278482079506,-0.7885874854193793,-0.8113640626271565,0.40353913483796294,0.3980794270833333
8,87,0.001399097964167595,0.0013100779615342617,-0.7737638179166817,-0.7972031540340847,0.40362473476080246,0.3980577256944444
8,88,0.0013901679776608944,0.00130158057436347,-0.7595334647614279,-0.7825648360782199,0.40373926986882713,0.3985405815972222
8,89,0.0013821125030517578,0.00129510008264333,-0.7467778232362535,-0.7710502703984579,0.40363498263888886,0.3980631510416667
8,90,0.0013733610976487398,0.0012861286522820592,-0.7328180441149958,-0.7554093254937067,0.4039641203703704,0.3988226996527778
8,91,0.0013661577831953764,0.0012800984550267458,-0.7214035315278136,-0.7449051645067003,0.4037302276234568,0.398095703125
8,92,0.0013589684385806322,0.001274047652259469,-0.7100084528510953,-0.7344381226433648,0.4037766444830247,0.398583984375
8,93,0.0013522026129066944,0.0012673179153352976,-0.6994092682261526,-0.7227285305658976,0.40371455439814813,0.3980848524305556
8,94,0.0013458958128467202,0.001262566540390253,-0.6893365687794155,-0.7145769516626994,0.40384717399691356,0.3980740017361111
8,95,0.0013385306810960174,0.001255083829164505,-0.6776340203520692,-0.7014719565709432,0.4035982108410494,0.3980577256944444
8,96,0.001332752639427781,0.001251113717444241,-0.6683439605030013,-0.6945245265960693,0.40361328125,0.3980902777777778
8,97,0.0013262872816994786,0.0012440914288163185,-0.6580784921292906,-0.6820495022667779,0.4036886332947531,0.3985622829861111
8,98,0.0013195107458159328,0.0012383048888295889,-0.6470445902259262,-0.6719309329986572,0.4040479118441358,0.39853515625
8,99,0.0013125673867762089,0.0012314838822931051,-0.6358596545678598,-0.6599449661042955,0.4036729600694444,0.39810655381944443
8,100,0.001306999707594514,0.0012276622001081705,-0.6270324247854727,-0.6534139553705851,0.404028018904321,0.3988009982638889
8,101,0.0013033451978117228,0.0012252361048012972,-0.6214178410577186,-0.648443775706821,0.40423418209876544,0.3983289930555556
8,102,0.001319343107752502,0.0012157125165686011,-0.6507805635899673,-0.6323289394378662,0.4161464361496914,0.3992784288194444
8,103,0.001281178672797978,0.0012110702227801085,-0.5908329517753036,-0.6241607639524672,0.4027464313271605,0.3980740017361111
8,104,0.0012843338772654533,0.0012071479577571154,-0.5909195579128501,-0.6172339889738295,0.4036723572530864,0.3980794270833333
8,105,0.0012794535141438246,0.0012022072914987803,-0.5830224667066409,-0.6084886895285713,0.404126277970679,0.3988172743055556
8,106,0.0012750182067975402,0.0011990030761808157,-0.5760158559422434,-0.6029330121146308,0.4036651234567901,0.3980848524305556
8,107,0.0012715766206383705,0.0011958564864471555,-0.5704806759033674,-0.5973582532670763,0.4037669994212963,0.3983289930555556
8,108,0.0012675526086241007,0.0011916232760995626,-0.5640993499461515,-0.5901236560609605,0.4039864245756173,0.3980848524305556
8,109,0.0012631259160116315,0.0011886062566190958,-0.5569887374654229,-0.5846939378314548,0.4039719569830247,0.39833984375
8,110,0.0012588263489305973,0.0011837240308523178,-0.5500955081280366,-0.5762163347668118,0.4041045765817901,0.3980848524305556
8,111,0.0012552989646792412,0.0011814080644398928,-0.5444476333665259,-0.5720717827479045,0.4039225260416667,0.398095703125
8,112,0.0012513871770352125,0.001177748548798263,-0.5382465714289818,-0.5656314982308281,0.4037278163580247,0.3980848524305556
8,113,0.0012485487386584282,0.0011755108134821057,-0.5337547102092225,-0.5617974546220568,0.4037422839506173,0.3980685763888889
8,114,0.0012465158943086863,0.0011741988128051162,-0.5305395338270399,-0.5595681322945489,0.4041136188271605,0.39926215277777777
8,115,0.0012422276195138693,0.001169577008113265,-0.5234984430266015,-0.5512588183085124,0.4038718894675926,0.3980577256944444
8,116,0.0012381940614432096,0.0011658179573714733,-0.5170139402519037,-0.5447030464808146,0.4041702835648148,0.3992730034722222
8,117,0.0012367498129606247,0.001165758352726698,-0.5148837538413059,-0.5445869949128893,0.40369164737654323,0.398046875
8,118,0.001233273884281516,0.0011612435337156057,-0.5092484602221736,-0.5367394420835707,0.40367898823302467,0.3980577256944444
8,119,0.0012300240341573954,0.001160081708803773,-0.5039406501216653,-0.5346061150232951,0.40378327546296294,0.3983072916666667
8,120,0.00122833251953125,0.0011579985730350018,-0.5013752672407362,-0.531087401178148,0.4036452305169753,0.3980740017361111
8,121,0.0012249830178916454,0.0011542860884219408,-0.4958796997129181,-0.5245468775431316,0.40364884741512347,0.3980685763888889
8,122,0.001222195802256465,0.0011523317079991102,-0.4914942485314828,-0.5212085048357645,0.40371214313271603,0.3980740017361111
8,123,0.001219806494191289,0.0011503167916089296,-0.4877072039945626,-0.5176019721561008,0.403686222029321,0.3980902777777778
8,124,0.0012167547829449177,0.0011473419144749641,-0.4826433184706135,-0.5124759925736322,0.4036572868441358,0.39810112847222223
8,125,0.0012145577929913998,0.001145471353083849,-0.4792730082700282,-0.5090412656466167,0.40398220486111114,0.3990288628472222
8,126,0.001212364761158824,0.0011439461959525943,-0.47577124745757493,-0.5063405685954624,0.4037229938271605,0.3980848524305556
8,127,0.001210133545100689,0.0011418911162763834,-0.47207528234999857,-0.5026737703217401,0.4039388020833333,0.3985568576388889
8,128,0.001208599773235619,0.0011412027524784207,-0.46969030536251305,-0.5015885339842903,0.4037935233410494,0.3980740017361111
8,129,0.001206478220410645,0.0011392796877771616,-0.46622087513958965,-0.4980292452706231,0.40366391782407407,0.3980794270833333
8,130,0.0012046991614624858,0.001137858722358942,-0.4635192756299619,-0.49574888944625856,0.4037525318287037,0.398095703125
8,131,0.0012048403732478619,0.0011384028475731611,-0.46392390154026175,-0.4965559813711378,0.4043023003472222,0.3987955729166667
8,132,0.0012018627021461725,0.001134598394855857,-0.45894024004170925,-0.4897610598140293,0.4039116753472222,0.3980523003472222
8,133,0.0011985392775386572,0.0011322791688144207,-0.4535611819337915,-0.4857507295078701,0.40422996238425923,0.3987847222222222
8,134,0.0012041707523167133,0.0011305265361443162,-0.4563661394295869,-0.4828070958455404,0.4039665316358025,0.3983018663194444
8,135,0.0011927838204428554,0.001128614298067987,-0.4456099354190591,-0.4794037659962972,0.40331850405092595,0.3985514322916667
8,136,0.0011921068653464317,0.0011288903187960386,-0.4447191304630703,-0.4799976468086243,0.40314308449074077,0.3980685763888889
8,137,0.0011905470164492726,0.0011273398995399475,-0.4421714847470507,-0.4771420889430576,0.40314067322530867,0.3980577256944444
8,138,0.0011879289522767067,0.0011244381312280893,-0.43796647831245705,-0.4719596995247735,0.4031961323302469,0.3980740017361111
8,139,0.0011881182435899973,0.0011261962354183197,-0.4382478075262941,-0.47505667209625246,0.40321059992283953,0.3980794270833333
8,140,0.0011865466367453337,0.0011237957514822483,-0.4358035228870533,-0.47091943555408056,0.40340711805555557,0.3987901475694444
8,141,0.001183964079245925,0.0011216928251087666,-0.4316173943472497,-0.4672502941555447,0.40327992380401234,0.3980631510416667
8,142,0.0011832405580207705,0.0011209863005205989,-0.4305065858511277,-0.4658566845787896,0.4032636477623457,0.3980577256944444
8,143,0.0011821473017334938,0.0011204387992620468,-0.4286876161893209,-0.4647367490662469,0.4032865547839506,0.3980685763888889
8,144,0.0011819943320006132,0.0011200385633856058,-0.42849069230350445,-0.4640767786237929,0.4034565489969136,0.3980523003472222
8,145,0.0011789595009759068,0.0011167229386046529,-0.42354826853599076,-0.45838269657558867,0.4033329716435185,0.3980631510416667
8,146,0.001177776139229536,0.001116897095926106,-0.4215372781694671,-0.4586765077379015,0.4034559461805556,0.3987955729166667
8,147,0.001177423633635044,0.0011160018621012568,-0.4210693034124963,-0.4570316327942742,0.40345956307870373,0.3980631510416667
8,148,0.001175928977318108,0.001114938291721046,-0.41852729099768177,-0.45509979327519734,0.40373324170524694,0.3980740017361111
8,149,0.0011752838036045432,0.0011151351500302553,-0.4176672449818364,-0.4555808411704169,0.40339325327932096,0.3980794270833333
8,150,0.001174649689346552,0.001113716745749116,-0.41660435170303156,-0.45304081704881455,0.4034065152391975,0.3980848524305556
9,1,0.5108084678649902,0.4587525725364685,-787.5980061660579,-779.8319563123915,0.2209593219521605,0.2723198784722222
9,2,0.42068904638290405,0.3816271722316742,-649.4754655437705,-648.2856408013238,0.3163495852623457,0.3688747829861111
9,3,0.35186293721199036,0.32043275237083435,-541.9178720262315,-544.4648846096462,0.40826039255401236,0.4519314236111111
9,4,0.2961363196372986,0.2699863314628601,-456.0143628815074,-458.60965050591363,0.48629255883487654,0.5184136284722223
9,5,0.24880380928516388,0.22582238912582397,-382.88286028261535,-383.4118811713325,0.5407817322530865,0.5608995225694444
9,6,0.20711585879325867,0.18691709637641907,-318.9546203613281,-317.19010450575087,0.5725302613811728,0.58369140625
9,7,0.17066338658332825,0.15329760313034058,-262.4588653658643,-259.95524546305336,0.593651138117284,0.5982964409722222
9,8,0.13956600427627563,0.1250007152557373,-215.1070790702914,-211.76949183146158,0.6040949315200618,0.6070149739583334
9,9,0.11363290250301361,0.10166113078594208,-174.97141810758615,-172.02392408582898,0.6123679832175926,0.6141710069444445
9,10,0.0924556702375412,0.0828031674027443,-141.6035875202697,-139.89829563564723,0.6182972849151235,0.6180989583333333
9,11,0.07539720088243484,0.06767227500677109,-115.6540566008768,-114.12498512268067,0.6209394290123457,0.6200792100694444
9,12,0.061667874455451965,0.055554285645484924,-94.05722480585545,-93.50118187798394,0.6171362606095679,0.6111707899305555
9,13,0.050731953233480453,0.04615870118141174,-77.77599906214961,-77.46851611667209,0.6082242235725308,0.606884765625
9,14,0.04227522015571594,0.03871903941035271,-64.50554328494601,-64.76881328158909,0.6010404610339506,0.6002495659722222
9,15,0.03750452399253845,0.03556186705827713,-56.80273438559638,-58.88485251532661,0.6284613715277778,0.6477213541666667
9,16,0.032657671719789505,0.030024399980902672,-49.75313040062233,-49.602580875820586,0.6360038097993828,0.6402235243055555
9,17,0.028178339824080467,0.025451784953475,-43.77922401428223,-42.01080322265625,0.626953125,0.6275607638888889
9,18,0.023999197408556938,0.02183820679783821,-36.76982606840723,-35.98397911919488,0.6157636477623457,0.6152452256944444
9,19,0.02067909575998783,0.01894121989607811,-31.343081707424588,-31.12439974678887,0.6055814766589506,0.6068793402777778
9,20,0.018022825941443443,0.01644948497414589,-27.148184452527836,-26.94731076558431,0.5974766107253087,0.5962727864583334
9,21,0.015852047130465508,0.014465132728219032,-23.738395281191224,-23.59383748372396,0.5892879533179012,0.5881944444444445
9,22,0.014017289504408836,0.01276605948805809,-20.895723029713572,-20.71855959362454,0.5798369984567902,0.5774142795138889
9,23,0.012440122663974762,0.011335086077451706,-18.436238594408387,-18.290383964114717,0.5713824990354939,0.5685546875
9,24,0.011128479614853859,0.010128770023584366,-16.33747535046236,-16.23476966222127,0.5642734857253087,0.5607801649305556
9,25,0.010033332742750645,0.009118358604609966,-14.635378772829785,-14.501544740464952,0.5569800106095679,0.5532172309027777
9,26,0.009045092388987541,0.008198541589081287,-13.067026880641043,-12.93230095439487,0.5504165461033951,0.5452311197916667
9,27,0.008188233710825443,0.007423861417919397,-11.72631441457772,-11.601115385691324,0.5432773919753087,0.5383029513888888
9,28,0.007466818206012249,0.006767524406313896,-10.585880147674937,-10.471425448523627,0.5377959828317901,0.5312608506944444
9,29,0.0068343812599778175,0.006192914210259914,-9.583063466166273,-9.476642370223999,0.5315706983024692,0.5251736111111112
9,30,0.006278485991060734,0.005685006268322468,-8.699205658465257,-8.596294090482925,0.5264202353395062,0.5170138888888889
9,31,0.005801546387374401,0.005258665885776281,-7.928195797955548,-7.851388104756674,0.5189398871527777,0.5101942274305555
9,32,0.005379789508879185,0.00487099215388298,-7.252886213785336,-7.175942209031847,0.5144006799768519,0.5061903211805555
9,33,0.005000459495931864,0.00452251173555851,-6.642996082776858,-6.567812336815728,0.5113992573302469,0.5024034288194444
9,34,0.004767990205436945,0.004310429096221924,-6.274107313744816,-6.131081157260471,0.5100688416280864,0.49998372395833335
9,35,0.0045774634927511215,0.0040280139073729515,-5.9569423254625296,-5.636136333147685,0.5107355565200618,0.498046875
9,36,0.0043211691081523895,0.003771731397137046,-5.525159399892077,-5.186892220709059,0.5105541087962963,0.49529622395833334
9,37,0.004058828577399254,0.0035485965199768543,-5.105407409314756,-4.794171044561598,0.508034336419753,0.4925347222222222
9,38,0.003830770030617714,0.0033528506755828857,-4.748168107904034,-4.446183326509264,0.5063404224537037,0.4890950520833333
9,39,0.0036199954338371754,0.003172143828123808,-4.408725140418535,-4.126056408882141,0.5066611207561729,0.4891330295138889
9,40,0.0034300137776881456,0.00304622296243906,-4.102062718073527,-3.9732187032699584,0.5067063319830247,0.4884223090277778
9,41,0.0033092466183006763,0.0029874127358198166,-3.8928517500559487,-3.8636361016167533,0.5091097608024692,0.49307725694444443
9,42,0.0031493576243519783,0.0028509139083325863,-3.6478187637564576,-3.6175328148735892,0.5088493441358025,0.49249131944444446
9,43,0.0030033057555556297,0.0027214414440095425,-3.4078119642940568,-3.3846704085667927,0.510206283757716,0.49212239583333334
9,44,0.0028727466706186533,0.0026105947326868773,-3.1992739907017462,-3.181396577093336,0.5110779562114197,0.4918077256944444
9,45,0.0027641106862574816,0.002507105702534318,-3.0111350506912045,-2.9917878442340426,0.513475356867284,0.49287109375
9,46,0.0026537468656897545,0.0024199075996875763,-2.838588769641923,-2.8235419538285997,0.5155381944444445,0.4946017795138889
9,47,0.0025486317463219166,0.0023230593651533127,-2.6662344302660155,-2.654021210140652,0.5189519434799382,0.49616427951388886
9,48,0.002454236149787903,0.002215389395132661,-2.5188679621543413,-2.4845941146214803,0.5215868537808642,0.49823133680555554
9,49,0.0023660175502300262,0.0021403604187071323,-2.3731258218671067,-2.3493458694881864,0.524635898919753,0.49952799479166665
9,50,0.0023135694209486246,0.0020696688443422318,-2.2932665863154846,-2.2162129508124457,0.5279869550540124,0.5012261284722223
9,51,0.0021769823506474495,0.0020078388042747974,-2.026791521060614,-2.100986909866333,0.5270598234953704,0.5039713541666667
9,52,0.002109984867274761,0.0019671053159981966,-1.9220770729912653,-2.0058488210042316,0.5295621141975309,0.5077528211805555
9,53,0.0020495117641985416,0.0019130356376990676,-1.8236230037830494,-1.9061878389782376,0.5324767312885802,0.5100640190972222
9,54,0.001991978846490383,0.001862362027168274,-1.733343365457323,-1.8125254233678183,0.5352177372685185,0.5121527777777778
9,55,0.0019401625031605363,0.0018163910135626793,-1.6512755299791877,-1.7266345977783204,0.5383716724537037,0.5122450086805556
9,56,0.0018920759903267026,0.00177468522451818,-1.5745403955012192,-1.6492296324835882,0.5397340374228395,0.5140570746527777
9,57,0.0018452575895935297,0.0017341921338811517,-1.4990496697249236,-1.5737081554200913,0.5420132860725309,0.5148003472222222
9,58,0.0018027356127277017,0.0016983285313472152,-1.4333476458066776,-1.506441667344835,0.5442859037422839,0.5165744357638888
9,59,0.0017637016717344522,0.0016640105750411749,-1.3714397412759287,-1.4422100093629626,0.547045597029321,0.5196560329861111
9,60,0.0017272179247811437,0.0016329098725691438,-1.3143104844623141,-1.3836595217386882,0.550291160300926,0.5222005208333333
9,61,0.001692510675638914,0.0016033697174862027,-1.2584587572533408,-1.3283307075500488,0.5531286168981482,0.524169921875
9,62,0.0016590214800089598,0.0015747651923447847,-1.2058226935657455,-1.2742272509468926,0.5558762538580246,0.5266004774305556
9,63,0.0016291876090690494,0.0015492537058889866,-1.1583103281480294,-1.2258340067333646,0.5586359471450617,0.5282769097222222
9,64,0.001600072719156742,0.0015249692369252443,-1.1131260907208478,-1.179841815100776,0.5607705198688272,0.5299099392361111
9,65,0.001574206631630659,0.0015035211108624935,-1.0719831575582057,-1.1389283286200629,0.5634440104166667,0.5315266927083333
9,66,0.0015493202954530716,0.0014824343379586935,-1.0325421904340202,-1.0988822009828356,0.5654996141975308,0.5333930121527778
9,67,0.0015258914791047573,0.0014616921544075012,-0.9955325609371986,-1.0593411710527207,0.5687554253472222,0.5363335503472222
9,68,0.0015032433439046144,0.0014433660544455051,-0.9594344424612729,-1.024440254105462,0.5719220196759259,0.5384060329861111
9,69,0.0014826366677880287,0.0014263116754591465,-0.9272919369332584,-0.991931594742669,0.5740662374614197,0.5391818576388889
9,70,0.0014637932181358337,0.0014093826757743955,-0.8981856223977642,-0.959453452958001,0.5765546633873457,0.5413411458333334
9,71,0.0014455897035077214,0.0013943728990852833,-0.8697070308673529,-0.9306972040070428,0.5790075231481482,0.542626953125
9,72,0.0014294886495918036,0.0013810079544782639,-0.8439055373639236,-0.9054946223894755,0.5808244116512346,0.544580078125
9,73,0.001413256279192865,0.0013676664093509316,-0.8184550023373263,-0.8798008773061964,0.5838342737268518,0.5466525607638889
9,74,0.0013987624552100897,0.0013553728349506855,-0.7952937942964059,-0.8564205262396071,0.5855547116126543,0.5475911458333333
9,75,0.001384165370836854,0.0013430893886834383,-0.7724784858432817,-0.8327290879355537,0.5864758150077161,0.5480740017361111
9,76,0.001371170044876635,0.0013326334301382303,-0.7519157127097801,-0.8124736905097961,0.5877754870756173,0.5489420572916667
9,77,0.0013581006787717342,0.0013218121603131294,-0.7310189915292057,-0.7917946139971416,0.5885687934027778,0.5490831163194444
9,78,0.0013462880160659552,0.0013119865907356143,-0.7123626090862133,-0.7733210775587294,0.5890534577546296,0.5494466145833333
9,79,0.0013352291425690055,0.0013032444985583425,-0.6949173794852362,-0.7563026269276937,0.5892789110725308,0.5498643663194445
9,80,0.001325205317698419,0.0012949336087331176,-0.6792114747895135,-0.7401404976844788,0.5900673948688272,0.5505967881944445
9,81,0.0013150544837117195,0.0012859562411904335,-0.6633575602814004,-0.7229856411616008,0.5912555459104938,0.5514322916666666
9,82,0.0013065674575045705,0.0012793060159310699,-0.6499077286249325,-0.7098837547832065,0.5921549479166667,0.5519856770833333
9,83,0.0012956676073372364,0.0012707285350188613,-0.632968705671805,-0.6933117522133722,0.5931073977623457,0.5527072482638888
9,84,0.0012881879229098558,0.0012650517746806145,-0.6209450499511059,-0.6824165635638767,0.5939121576003087,0.5531195746527777
9,85,0.0012801953125745058,0.001258324016816914,-0.6083017755437781,-0.6693656457795037,0.5944414303626543,0.5536458333333333
9,86,0.001273054862394929,0.001253065187484026,-0.5971019680117383,-0.6589904507001241,0.5956145109953703,0.5543674045138889
9,87,0.0012666976545006037,0.0012479661963880062,-0.5872171719868978,-0.6486996902359856,0.5960949556327161,0.5546549479166667
9,88,0.0012608477845788002,0.0012434418313205242,-0.5783348950338952,-0.6402053038279215,0.5966820987654321,0.5549207899305556
9,89,0.0012543217744678259,0.0012378704268485308,-0.5680012951662511,-0.6295443720287747,0.5971776138117284,0.5552897135416667
9,90,0.0012488632928580046,0.0012331532780081034,-0.5593873474333021,-0.6203191690974765,0.5975411120756173,0.555517578125
9,91,0.0012427563779056072,0.0012283331016078591,-0.5497304552867088,-0.6111581418249342,0.5980884693287037,0.55595703125
9,92,0.0012364012654870749,0.0012234493624418974,-0.5396195967992147,-0.6014640092849731,0.5985321421682098,0.5561306423611111
9,93,0.0012311070458963513,0.0012194439768791199,-0.5314319258854713,-0.5931746668285793,0.5987594039351852,0.5562934027777777
9,94,0.0012263167882338166,0.0012152299750596285,-0.5239454507827759,-0.5851158632172478,0.5992778260030864,0.556640625
9,95,0.0012219171039760113,0.0012116217985749245,-0.5169046568281856,-0.5786876519521077,0.5993815104166667,0.5564615885416667
9,96,0.001217331737279892,0.0012085266644135118,-0.5098179169643072,-0.5724795010354784,0.5996021412037037,0.5566026475694444
9,97,0.0012133638374507427,0.0012058117426931858,-0.5035657397022953,-0.5667275110880534,0.5997214988425926,0.5565483940972222
9,98,0.0012100960593670607,0.0012030245270580053,-0.49862912231021456,-0.5619510783089532,0.5997444058641975,0.5565863715277778
9,99,0.001206324202939868,0.0012008306803181767,-0.49262110745465315,-0.5573741806877984,0.5998908902391975,0.5566948784722222
9,100,0.001204809406772256,0.0011994584929198027,-0.4906759061931092,-0.5547987487581041,0.6000349633487654,0.5567111545138889
9,101,0.00120281963609159,0.0011982109863311052,-0.48790443164330943,-0.5517740421824985,0.6001922984182099,0.5568739149305556
9,102,0.0011995035456493497,0.0011944831348955631,-0.48245820704801584,-0.5449997425079346,0.6003864052854938,0.5569118923611112
9,103,0.001197499455884099,0.0011944602010771632,-0.4797534449600879,-0.5451526721318563,0.6004346305941358,0.5568467881944444
9,104,0.0011950477492064238,0.0011921962723135948,-0.4760523737212758,-0.5405265887578329,0.6004490981867284,0.5569118923611112
9,105,0.001191368093714118,0.00118885631673038,-0.47019794899740336,-0.5343674447801378,0.6005823206018519,0.5571072048611111
9,106,0.0011889857705682516,0.0011884758714586496,-0.4666040489703049,-0.5327134821150038,0.6006257233796296,0.5570692274305555
9,107,0.0011869048466905951,0.001186572713777423,-0.4634055448167118,-0.5288427379396227,0.6007752218364197,0.5572699652777777
9,108,0.0011847667628899217,0.0011858120560646057,-0.4600734872582518,-0.5272731277677748,0.600830680941358,0.5572645399305556
9,109,0.0011833300814032555,0.0011841002851724625,-0.4577906808735412,-0.5245358679029677,0.6008801118827161,0.5572808159722222
9,110,0.0011805127141997218,0.0011814276222139597,-0.45342821648091447,-0.519427314069536,0.6009470244984568,0.5574381510416667
9,111,0.001179396640509367,0.0011807489208877087,-0.45193216329739416,-0.5177212609185113,0.6011549961419753,0.5576171875
9,112,0.0011755386367440224,0.001177633530460298,-0.4455026501490746,-0.51217104461458,0.6010139371141975,0.5572536892361111
9,113,0.0011748658725991845,0.001177893253043294,-0.44469906047538477,-0.512342193391588,0.6012430073302469,0.5576877170138889
9,114,0.001174600562080741,0.0011770367855206132,-0.4445683549951624,-0.5106510506735907,0.6013774353780864,0.5577039930555555
9,115,0.001173251192085445,0.0011764531955122948,-0.44257805273856643,-0.5097641679975722,0.601417221257716,0.5577256944444444
9,116,0.0011716140434145927,0.0011752676218748093,-0.4401401107693896,-0.507660984992981,0.6014461564429012,0.5576931423611111
9,117,0.0011702701449394226,0.0011741860071197152,-0.4379521474426175,-0.5055999318758647,0.6014750916280864,0.5576877170138889
9,118,0.0011707671219483018,0.0011749318800866604,-0.43905400302675035,-0.5072550866338942,0.6015896267361112,0.5577690972222222
9,119,0.001168044051155448,0.0011727154487743974,-0.43467766223130405,-0.5028775493303935,0.6016197675540124,0.5577799479166666
9,120,0.001166103989817202,0.0011719405883923173,-0.43154418071111045,-0.5013958003785876,0.6016348379629629,0.5577582465277777
9,121,0.0011668005026876926,0.0011730627156794071,-0.43307460016674465,-0.5037079970041911,0.6016691984953704,0.5577799479166666
9,122,0.001166927395388484,0.0011727949604392052,-0.43356221634664655,-0.5033099664582147,0.6016800491898148,0.5577907986111111
9,123,0.0011645243503153324,0.0011710908729583025,-0.42969711930663496,-0.499629635281033,0.6017258632330247,0.5578125
9,124,0.0011627208441495895,0.0011703448835760355,-0.4268698893947366,-0.4979320420159234,0.6017306857638889,0.5577907986111111
9,125,0.001166585017926991,0.0011705216020345688,-0.43226870048193283,-0.4982339143753052,0.6018500434027778,0.5578125
9,126,0.0011614628601819277,0.0011690102983266115,-0.4249842063880261,-0.4956942902670966,0.601782527970679,0.5578667534722223
9,127,0.0011592768132686615,0.0011669208761304617,-0.42141055324931204,-0.4915654089715746,0.6018898292824074,0.557861328125
9,128,0.0011590278008952737,0.00116744264960289,-0.4212227100207482,-0.4924697306421068,0.6019181616512346,0.5578559027777777
9,129,0.001162090222351253,0.0011671044630929828,-0.42518490229123906,-0.49210601647694907,0.6020351080246914,0.5578667534722223
9,130,0.0011607264168560505,0.0011669639497995377,-0.42317886646882985,-0.4916268401675754,0.6020483699845679,0.5578721788194444
9,131,0.0011614267714321613,0.0011680715251713991,-0.4247100931626779,-0.49381273719999524,0.6020893614969136,0.5578667534722223
9,132,0.0011592856608331203,0.001165041932836175,-0.4211094054175012,-0.48790184656778973,0.602098403742284,0.5578721788194444
9,133,0.0011583289597183466,0.0011659006122499704,-0.4196187917097115,-0.4888540373908149,0.6021267361111111,0.5578776041666667
9,134,0.0011594865936785936,0.0011673206463456154,-0.42191296492093877,-0.4922039270401001,0.6021502459490741,0.5578559027777777
9,135,0.0011597501579672098,0.001169460010714829,-0.42250381266629256,-0.49500426318910384,0.6021659191743827,0.5578504774305556
9,136,0.0011622610036283731,0.001171700656414032,-0.42727040861859733,-0.4989880389637417,0.6021924430941358,0.5578504774305556
9,137,0.001161461928859353,0.0011694231070578098,-0.4260831247141332,-0.49527911610073516,0.6022111304012345,0.5578179253472222
9,138,0.0011588952038437128,0.001169083989225328,-0.42162648851488843,-0.4938640475273132,0.602221981095679,0.557861328125
9,139,0.0011587716871872544,0.0011679001618176699,-0.4215034552562384,-0.49131058322058785,0.6022346402391975,0.557861328125
9,140,0.0011586660984903574,0.0011685179779306054,-0.42157726641054505,-0.49314418103959823,0.6022635754243827,0.5578450520833333
9,141,0.0011573117226362228,0.0011670938692986965,-0.41957887793764653,-0.4908183217048645,0.6023057725694444,0.5578342013888888
9,142,0.0011571442009881139,0.0011674868874251842,-0.4193847910857495,-0.4915225492583381,0.6023244598765433,0.5578559027777777
9,143,0.0011572586372494698,0.001167586538940668,-0.41974264295012864,-0.4925620542632209,0.6023250626929012,0.5578776041666667
9,144,0.0011583365267142653,0.0011683315970003605,-0.42174759646992627,-0.4936603983243307,0.6023298852237654,0.557861328125
9,145,0.0011588139459490776,0.0011690647806972265,-0.42270299461152816,-0.49556914700402155,0.602343147183642,0.557861328125
9,146,0.0011595974210649729,0.0011698005255311728,-0.42413221892015435,-0.49740962982177733,0.6023612316743827,0.5578776041666667
9,147,0.0011597750708460808,0.001169794937595725,-0.4246049086252848,-0.4975312497880724,0.602367862654321,0.5578721788194444
9,148,0.0011587929911911488,0.0011683455668389797,-0.42296247688340555,-0.49509954982333715,0.6023750964506173,0.5578721788194444
9,149,0.0011581042781472206,0.0011686249636113644,-0.42198133247869984,-0.49550073279274837,0.6023883584104939,0.5578884548611112
9,150,0.001157538266852498,0.001167943119071424,-0.4210256254231488,-0.49419299099180436,0.6023961950231481,0.5578559027777777
10,1,0.5093689560890198,0.4601924419403076,-793.8942960385923,-691.9653442382812,0.22440984278549383,0.2664822048611111
10,2,0.4226115942001343,0.38251882791519165,-662.6651333279079,-575.0321387396918,0.3160560136959877,0.35860460069444444
10,3,0.3534802794456482,0.3211573362350464,-552.561124467261,-482.65748833550344,0.39455475983796295,0.4335394965277778
10,4,0.29623472690582275,0.26919662952423096,-463.67335052490233,-404.4256420559353,0.46254159432870373,0.48634440104166665
10,5,0.24753248691558838,0.22407802939414978,-386.9573269031666,-336.4879392835829,0.5053035783179012,0.5198838975694444
10,6,0.2049860805273056,0.18443185091018677,-320.41147483543114,-276.78282572428384,0.5265329619984568,0.5309678819444444
10,7,0.1679815948009491,0.1504310816526413,-262.01165469605246,-225.5726744757758,0.5351122444058642,0.5374131944444445
10,8,0.13664819300174713,0.1220361590385437,-212.85673768314314,-182.7996721903483,0.5402090567129629,0.5394802517361111
10,9,0.11071597039699554,0.09880241751670837,-173.04094948474273,-147.79589080810547,0.5413248697916667,0.539501953125
10,10,0.08968455344438553,0.08014810085296631,-139.85353007846408,-119.68637953864203,0.5396399980709876,0.5381293402777778
10,11,0.07290148735046387,0.0653240978717804,-113.43943737642265,-97.34435594346789,0.5376404562114198,0.5337836371527778
10,12,0.05959922820329666,0.053606659173965454,-92.39200077998785,-79.68047409057617,0.5325074749228395,0.5268174913194444
10,13,0.049097876995801926,0.044353727251291275,-75.72631534529322,-65.7285592397054,0.5251193576388888,0.520263671875
10,14,0.04075048863887787,0.03697815164923668,-62.81589357823501,-54.60485602484809,0.5188729745370371,0.5125379774305555
10,15,0.034130942076444626,0.031122945249080658,-52.52118889843976,-45.77182464599609,0.511228660300926,0.5045193142361111
10,16,0.028853675350546837,0.026430141180753708,-44.08660940594143,-38.690355724758575,0.5043782552083333,0.4991861979166667
10,17,0.02457842417061329,0.02260594069957733,-37.33327681223552,-32.91795902252197,0.4974350163966049,0.4926812065972222
10,18,0.021113479509949684,0.019509125500917435,-31.91541447698334,-28.24220790863037,0.4919017650462963,0.48737521701388886
10,19,0.018300727009773254,0.01698053441941738,-27.430647583361026,-24.423313564724392,0.4854697145061728,0.4806098090277778
10,20,0.01599467545747757,0.014891587197780609,-23.86941390449618,-21.267276700337728,0.4784041039737654,0.472607421875
10,21,0.014070497825741768,0.013144887052476406,-20.823705111020878,-18.627546988593206,0.47185390142746914,0.46732855902777776
10,22,0.012457011267542839,0.011676780879497528,-18.283112979818274,-16.407943058013917,0.4652132764274691,0.4605034722222222
10,23,0.011108038946986198,0.010442272759974003,-16.13885445712525,-14.541016811794705,0.46015625,0.45514865451388886
10,24,0.009961578994989395,0.009390970692038536,-14.329305124871524,-12.950707075330946,0.45353551793981484,0.45004340277777777
10,25,0.008990393951535225,0.008499925956130028,-12.811666502775969,-11.602233023113675,0.44911205150462963,0.4454264322916667
10,26,0.008163482882082462,0.007739309221506119,-11.51360152385853,-10.450745895173814,0.44636381172839507,0.4434841579861111
10,27,0.007453459315001965,0.007078854367136955,-10.393605985759217,-9.450628916422525,0.4427083333333333,0.43960503472222223
10,28,0.006837010383605957,0.006506253033876419,-9.41425675874875,-8.58313349617852,0.4404170283564815,0.4366644965277778
10,29,0.006294872611761093,0.006000861059874296,-8.555249280988434,-7.817293575074937,0.4377146026234568,0.4354275173611111
10,30,0.005825696978718042,0.005564169958233833,-7.81641627388236,-7.155386469099256,0.43483494888117286,0.4315646701388889
10,31,0.00541019719094038,0.005173519719392061,-7.160214559531506,-6.562900204128689,0.43266480999228396,0.4303656684027778
10,32,0.005046841688454151,0.004833174869418144,-6.588119976608842,-6.0466947608523895,0.4305609809027778,0.42718641493055554
10,33,0.00472259521484375,0.004528472200036049,-6.068304144011604,-5.584335576163398,0.4287772472993827,0.4264594184027778
10,34,0.004433669149875641,0.00425628712400794,-5.6117243690255245,-5.171026855044895,0.4271008150077161,0.42400173611111114
10,35,0.004178292118012905,0.004015577957034111,-5.202134917400501,-4.805563232633802,0.4248342255015432,0.42256401909722224
10,36,0.003949747420847416,0.0037998713087290525,-4.846815621705703,-4.477898470560709,0.42281539351851855,0.419384765625
10,37,0.003748069517314434,0.0036095743998885155,-4.524429478174374,-4.188741972711351,0.4187843605324074,0.41670464409722224
10,38,0.003560073906555772,0.0034294140059500933,-4.22919519447986,-3.9148312462700736,0.42023594232253086,0.417431640625
10,39,0.003393065184354782,0.003273187205195427,-3.9591282488387307,-3.6773266580369737,0.4180748456790123,0.41427408854166664
10,40,0.0032429066486656666,0.0031296624802052975,-3.7239109030476323,-3.4590157985687258,0.4150245949074074,0.4115939670138889
10,41,0.0031048045493662357,0.0029972847551107407,-3.5034302290575003,-3.2576836559507583,0.4135103202160494,0.4106228298611111
10,42,0.002978680655360222,0.0028769508935511112,-3.3032629316235766,-3.074507278866238,0.4121979890046296,0.41058485243055554
10,43,0.0028638732619583607,0.0027665302623063326,-3.12435172016238,-2.9062883668475683,0.4121117862654321,0.41014539930555555
10,44,0.002762352582067251,0.0026714641135185957,-2.958388090428011,-2.7615908702214558,0.4111478829089506,0.409130859375
10,45,0.0026654875837266445,0.002576714614406228,-2.8060664371207906,-2.6171650065316094,0.40878845968364197,0.4055121527777778
10,46,0.002576978877186775,0.002492886269465089,-2.6634905211719464,-2.489427751964993,0.4076334635416667,0.404052734375
10,47,0.002495306544005871,0.002413475885987282,-2.5323094144279574,-2.368381881713867,0.40534396701388886,0.40358072916666665
10,48,0.0024196598678827286,0.0023408043198287487,-2.412664396085857,-2.2574915170669554,0.4046398775077161,0.4013400607638889
10,49,0.0023494751658290625,0.002272970974445343,-2.3018606135874617,-2.1540562603208753,0.4039496527777778,0.4008734809027778
10,50,0.002285657450556755,0.002212297869846225,-2.2004532949424083,-2.061438284979926,0.40244562596450617,0.39918077256944445
10,51,0.002225516363978386,0.002153489738702774,-2.103562566380442,-1.9717407200071546,0.40189646026234566,0.40037977430555555
10,52,0.0021702332887798548,0.0021012763027101755,-2.0160267152903995,-1.8920787413915,0.40025860821759257,0.39772135416666665
10,53,0.0021201283670961857,0.002051054034382105,-1.9350872760937539,-1.8154243972566393,0.39959852430555554,0.39847005208333336
10,54,0.0020697093568742275,0.002002345398068428,-1.8556221594045192,-1.7410137467914157,0.39940984278549385,0.39676649305555556
10,55,0.002024334389716387,0.0019598337821662426,-1.7822190743905526,-1.676253374417623,0.4004328221450617,0.39871419270833336
10,56,0.001982301939278841,0.001918469206430018,-1.7155542656227394,-1.613106918334961,0.40041594328703706,0.39820963541666665
10,57,0.0019448826787993312,0.001882944954559207,-1.6553241632602833,-1.558836613761054,0.3989330150462963,0.396533203125
10,58,0.0019075610907748342,0.001845348160713911,-1.5965712361865574,-1.501214361190796,0.398731071566358,0.39649522569444445
10,59,0.0018716391641646624,0.0018108871299773455,-1.538903577828113,-1.4483832041422526,0.39970642843364196,0.39847005208333336
10,60,0.0018380649853497744,0.0017775783780962229,-1.4853858838846654,-1.397601506445143,0.39934413580246914,0.3969943576388889
10,61,0.0018071152735501528,0.0017480305396020412,-1.4357903745439318,-1.3523928642272949,0.400025318287037,0.39773763020833336
10,62,0.001776466378942132,0.001717336941510439,-1.3876286418349655,-1.30536490811242,0.3990288628472222,0.39606662326388886
10,63,0.0017469760496169329,0.0016889579128473997,-1.3383949173821343,-1.2618527677324083,0.3985086323302469,0.39601236979166665
10,64,0.0017207132186740637,0.001663861214183271,-1.2972206368858432,-1.223453860812717,0.3973801601080247,0.39606119791666666
10,65,0.0016956047620624304,0.0016398308798670769,-1.2569272694764313,-1.186483367284139,0.3975736641589506,0.39461805555555557
10,66,0.0016723681474104524,0.00161677913274616,-1.2192438608334388,-1.1513657093048095,0.3970244984567901,0.3953396267361111
10,67,0.00164966587908566,0.0015948854852467775,-1.1835325991665875,-1.1177425066630045,0.39786964699074073,0.39578993055555556
10,68,0.0016287053003907204,0.0015742102405056357,-1.1501254587997625,-1.0859671884112887,0.397630931712963,0.39484049479166666
10,69,0.0016082200454548001,0.0015541324391961098,-1.116718907120787,-1.0553022411134507,0.39802939332561726,0.39605577256944446
10,70,0.0015884323511272669,0.001535662217065692,-1.0850741095013088,-1.0269598325093587,0.39726743344907406,0.39511176215277777
10,71,0.0015707381535321474,0.0015175879234448075,-1.0563440364084127,-0.9992700576782226,0.396972053433642,0.3946072048611111
10,72,0.0015535305719822645,0.0015005848836153746,-1.0289225360493601,-0.9730317937003241,0.39691538869598764,0.3941243489583333
10,73,0.0015367510495707393,0.0014846096746623516,-1.002248423482165,-0.9487552775277032,0.3955867814429012,0.3938802083333333
10,74,0.0015211987774819136,0.0014697315637022257,-0.9768044707215863,-0.9258960909313626,0.39669053819444444,0.39532877604166666
10,75,0.0015070000663399696,0.0014554952504113317,-0.9542918549643622,-0.9040061712265015,0.396435546875,0.3946072048611111
10,76,0.0014925658470019698,0.0014414414763450623,-0.9309914477077531,-0.8824417273203532,0.3956832320601852,0.3938747829861111
10,77,0.001478733029216528,0.0014278511516749859,-0.9090498111866139,-0.8614327828089396,0.3956838348765432,0.393896484375
10,78,0.0014658765867352486,0.001416025566868484,-0.8880414895069452,-0.8433211220635308,0.3963812934027778,0.3945855034722222
10,79,0.0014546223683282733,0.0014040881069377065,-0.870063586882603,-0.8249823967615764,0.39670018325617284,0.39606662326388886
10,80,0.0014427851419895887,0.0013927340041846037,-0.8511507296267851,-0.8075881269243028,0.3969829041280864,0.39389105902777777
10,81,0.0014325045049190521,0.0013826850336045027,-0.8346547412283627,-0.7920956982506646,0.39631558641975306,0.3953179253472222
10,82,0.0014215154806151986,0.0013715397799387574,-0.8167146950592229,-0.7749488486184014,0.3961124373070988,0.3938747829861111
10,83,0.0014114929363131523,0.0013620782410725951,-0.800709851877189,-0.7604196866353353,0.3955837673611111,0.39389105902777777
10,84,0.0014021776150912046,0.0013527378905564547,-0.7856848919833148,-0.7461976104312473,0.3960895302854938,0.39389105902777777
10,85,0.0013918838230893016,0.0013431678526103497,-0.7691570570439468,-0.7314370685153537,0.3958767361111111,0.39386393229166666
10,86,0.0013838581508025527,0.0013358406722545624,-0.7562466009163562,-0.7201270580291748,0.3958634741512346,0.39462348090277777
10,87,0.0013751888182014227,0.0013267515460029244,-0.7424287286805518,-0.7060631857977973,0.396240234375,0.3946072048611111
10,88,0.001366527983918786,0.001318057649768889,-0.7282428647265022,-0.692726296848721,0.396190803433642,0.39412977430555557
10,89,0.001358315465040505,0.001310137566179037,-0.7149216916826037,-0.6804823557535807,0.39568262924382713,0.3939127604166667
10,90,0.0013512701261788607,0.0013031327398493886,-0.7035645258279495,-0.6697285228305393,0.3957001109182099,0.39388563368055557
10,91,0.0013433803105726838,0.0012947452487424016,-0.6909727991363148,-0.656700152821011,0.3956139081790123,0.3939019097222222
10,92,0.0013357969000935555,0.0012877925764769316,-0.6787538999392663,-0.6459981759389242,0.39561451099537037,0.39384765625
10,93,0.0013287266483530402,0.001280824188143015,-0.6672581516666177,-0.6352338605456882,0.3960425106095679,0.39435763888888886
10,94,0.0013220630353316665,0.0012744213454425335,-0.6564911394943426,-0.6254774252573649,0.3957549672067901,0.39413519965277777
10,95,0.00131616136059165,0.001268946100026369,-0.6471052169799805,-0.6170118782255385,0.3956253616898148,0.3938802083333333
10,96,0.0013117119669914246,0.001264472957700491,-0.6398384883079999,-0.610100327597724,0.39590446566358023,0.39386935763888886
10,97,0.001305311918258667,0.0012580236652866006,-0.6294217114095335,-0.6000379800796509,0.3960039303626543,0.3938530815972222
10,98,0.001299663563258946,0.0012526874197646976,-0.6205256357605075,-0.591821649339464,0.3958110291280864,0.39457465277777776
10,99,0.0012948177754878998,0.001248292624950409,-0.6126183855680771,-0.5851768175760905,0.3960479359567901,0.39407552083333336
10,100,0.001290006097406149,0.00124319177120924,-0.6049590590559406,-0.5772925509346856,0.3962914737654321,0.39476453993055555
10,101,0.0012844346929341555,0.0012375942897051573,-0.5959053804844986,-0.5684466944800483,0.3967158564814815,0.395068359375
10,102,0.001280205324292183,0.001233835006132722,-0.5891543797504755,-0.5629209227032131,0.3964029947916667,0.394091796875
10,103,0.0012748813023790717,0.0012286456767469645,-0.5805494741157249,-0.5548102113935682,0.39637767650462963,0.39459092881944446
10,104,0.0012708508875221014,0.0012243841774761677,-0.5741232630647259,-0.5482584264543321,0.39570191936728394,0.3940972222222222
10,105,0.0012667529517784715,0.0012205279199406505,-0.5676054742601183,-0.5424287133746677,0.39650728202160496,0.3945855034722222
10,106,0.001262368750758469,0.0012158239260315895,-0.5603498729658716,-0.5350501457850139,0.3969533661265432,0.3950412326388889
10,107,0.0012578043388202786,0.00121122389100492,-0.5530660283418349,-0.5278325955073039,0.3965452594521605,0.39527994791666665
10,108,0.0012527313083410263,0.0012065258342772722,-0.5445848420814231,-0.5205541001425849,0.3962547019675926,0.3938530815972222
10,109,0.0012495744740590453,0.0012042279122397304,-0.5396315652647136,-0.5170429335700141,0.39669777199074074,0.3953125
10,110,0.0012466881889849901,0.0012010382488369942,-0.5350559096277496,-0.5120314439137776,0.3966157889660494,0.39460177951388886
10,111,0.00124455732293427,0.0011995532549917698,-0.5316857033305697,-0.5098088979721069,0.39689248167438274,0.39555121527777776
10,112,0.0012413766235113144,0.0011951799970120192,-0.5265774169085938,-0.5031184381908841,0.3962625385802469,0.39410807291666666
10,113,0.0012374132638797164,0.00119233806617558,-0.5201475021279889,-0.4986638651953803,0.39601960358796295,0.3941189236111111
10,114,0.001235172851011157,0.0011898926459252834,-0.5165326799875424,-0.49494275252024333,0.3961389612268518,0.39437391493055557
10,115,0.0012315115891397,0.0011854292824864388,-0.510481494150044,-0.48798963493771025,0.3961642795138889,0.3950954861111111
10,116,0.0012283141259104013,0.001182334846816957,-0.5053181983806468,-0.4833300643497043,0.3962938850308642,0.3938747829861111
10,117,0.0012249511200934649,0.0011794290039688349,-0.49969352822244906,-0.4787343899408976,0.3957224151234568,0.393896484375
10,118,0.001222053193487227,0.0011765117524191737,-0.49502495762742593,-0.4741226726108127,0.39616548514660493,0.39460177951388886
10,119,0.0012204162776470184,0.0011754801962524652,-0.492541421637123,-0.4726591507593791,0.3961938175154321,0.3953396267361111
10,120,0.0012181242927908897,0.0011730545666068792,-0.4889457289083504,-0.4690103530883789,0.3966603973765432,0.3946072048611111
10,121,0.0012153811985626817,0.0011697933077812195,-0.4844926326363175,-0.46382904052734375,0.39619140625,0.39386935763888886
10,122,0.0012128152884542942,0.0011675417190417647,-0.48032081186035536,-0.4603370216157701,0.39556809413580246,0.393896484375
10,123,0.0012095720740035176,0.0011642745230346918,-0.47500611528938197,-0.45537401040395104,0.3957326630015432,0.393896484375
10,124,0.0012095855781808496,0.0011643966427072883,-0.47522860103183323,-0.45564650429619685,0.39558557581018516,0.39389105902777777
10,125,0.0012065812479704618,0.0011612880043685436,-0.47032797778094254,-0.4506675508287218,0.3955668885030864,0.39388563368055557
10,126,0.0012052134843543172,0.0011599285062402487,-0.46818054811454113,-0.44876086711883545,0.39604853877314816,0.3948567708333333
10,127,0.001202498679049313,0.0011570958886295557,-0.4636223363287655,-0.4442913982603285,0.39572603202160495,0.39389105902777777
10,128,0.0012041949667036533,0.001154978759586811,-0.4677244089267872,-0.44105496141645645,0.3958134403935185,0.39388563368055557
10,129,0.0012154903961345553,0.0011514858342707157,-0.480608872425409,-0.43538724846310084,0.39663206500771603,0.39509006076388886
10,130,0.0012113305274397135,0.001148126320913434,-0.47361576203946715,-0.43002686235639787,0.39681351273148147,0.3948513454861111
10,131,0.0012071370147168636,0.0011446223361417651,-0.46686291812378683,-0.42449561225043403,0.39645182291666664,0.3938802083333333
10,132,0.0012047943891957402,0.00114278809633106,-0.463001846825635,-0.42172945075564916,0.3963312596450617,0.393896484375
10,133,0.0012025150936096907,0.0011403977405279875,-0.4591875171955721,-0.4178527063793606,0.396630859375,0.39389105902777777
10,134,0.001200845348648727,0.0011390418512746692,-0.45661012729008993,-0.41597248713175455,0.3969159915123457,0.3938747829861111
10,135,0.0011992254294455051,0.0011373211164027452,-0.4540239777094052,-0.41329890886942544,0.3970865885416667,0.3938747829861111
10,136,0.0011972365900874138,0.0011356475297361612,-0.45086096672364223,-0.41059912045796715,0.39706187307098767,0.3938747829861111
10,137,0.0011949434410780668,0.0011336683528497815,-0.4470390723075396,-0.40761302842034236,0.39764238522376544,0.394580078125
10,138,0.0011926298029720783,0.001131311058998108,-0.44335466270093565,-0.40396805736753677,0.3975947627314815,0.3938802083333333
10,139,0.001190377864986658,0.001129447715356946,-0.43972611177114795,-0.40094044208526614,0.3978009259259259,0.39410807291666666
10,140,0.0011893149930983782,0.001128884614445269,-0.43816824047653763,-0.40036948654386734,0.39794741030092595,0.3938530815972222
10,141,0.001187710789963603,0.0011275641154497862,-0.4357078088654412,-0.39830037222968206,0.3982500241126543,0.3941189236111111
10,142,0.001185020781122148,0.0011246239300817251,-0.4313850086412312,-0.3937411626180013,0.3987774884259259,0.39533420138888886
10,143,0.001184122171252966,0.0011248806258663535,-0.42998771608611686,-0.39408351845211453,0.3986002604166667,0.39386935763888886
10,144,0.0011839329963549972,0.0011247795773670077,-0.4298168620945495,-0.3938136524624295,0.3988226996527778,0.39386393229166666
10,145,0.001183065352961421,0.001123854424804449,-0.42844320138295494,-0.3923568765322367,0.3991036120756173,0.39385850694444446
10,146,0.0011814936297014356,0.0011224846821278334,-0.4259804750666206,-0.3901406407356262,0.39957079475308643,0.3938530815972222
10,147,0.0011785324895754457,0.001119702821597457,-0.42101976106196276,-0.3856613039970398,0.39974983121141977,0.39412977430555557
10,148,0.001177363097667694,0.0011198158608749509,-0.4191957985913312,-0.38578753074010214,0.399877628279321,0.39386935763888886
10,149,0.0011762101203203201,0.0011185703333467245,-0.41742180482840835,-0.38385668992996214,0.4003050250771605,0.3938530815972222
10,150,0.00117472093552351,0.0011169025674462318,-0.41517297279687576,-0.38127252128389144,0.4004424672067901,0.39388563368055557
