Fold,Epoch,Train_Loss,Val_Loss,Train_R2,Val_R2
1,1,0.0676619442064821,0.0059450772694415515,-107.10767282085654,-8.498559602101643
1,2,0.015037269432695559,0.002578496648412612,-21.752319630281423,-2.957302509413825
1,3,0.01164912959261809,0.000980606090484394,-16.513329633076985,-0.3089634339014689
1,4,0.009575758145455224,0.0008555389682037963,-13.326808429647375,-0.1064272854063246
1,5,0.008106067022423686,0.0007747714136106272,-11.115514023510027,0.021770197815365263
1,6,0.006823936696911667,0.0007465147840169569,-9.098289469436363,0.06558852328194512
1,7,0.00571686803581722,0.0007481908089377814,-7.424350133059937,0.056795414288838705
1,8,0.004786752797893168,0.0007258305597739915,-5.987490951279064,0.09532717731263902
1,9,0.003989156363187013,0.0007144289750916263,-4.768774217146414,0.10758345789379543
1,10,0.003352899444691929,0.0007061090798945063,-3.7804515420654674,0.1262268000178867
1,11,0.002849384561686972,0.0007146080063345531,-2.9880268026281285,0.1102781958050198
1,12,0.0024460150250866087,0.000696299911942333,-2.371972901438489,0.1373591144879659
1,13,0.0021670637727013707,0.0007149019446741375,-1.9517122348149618,0.10756287707222832
1,14,0.0019492748618861776,0.0006950299863496589,-1.6041648926558318,0.1392664697435167
1,15,0.001783804579373495,0.0006885663140565157,-1.351905510602174,0.14813280370500354
1,16,0.0016500886759640257,0.0006805084516397781,-1.149715996377262,0.1613484197192722
1,17,0.0015430300358544897,0.0006807507028699749,-0.9862795859207342,0.16179532210032146
1,18,0.001447063760349044,0.0006710263305447167,-0.8384663053500799,0.17481729984283448
1,19,0.0013668864243951292,0.0006679040353952183,-0.7145926263597276,0.18244777652952407
1,20,0.0013084321029852202,0.0006586775597598818,-0.6261125126002748,0.19690531624688043
1,21,0.001251473232678333,0.000661444129784488,-0.536371831982224,0.1915813989109463
1,22,0.0012074325544138749,0.0006601861212402582,-0.4700840864652469,0.1936332768864102
1,23,0.0011661469439090586,0.0006535872829974526,-0.40800730137177454,0.20480541785558065
1,24,0.0011304035429256381,0.0006542478481100665,-0.35367941311848017,0.20128793583975899
1,25,0.0010965890377575968,0.0006463970174081623,-0.29988351383326967,0.21558222108417088
1,26,0.0010679806092535548,0.0006460245142483877,-0.25506184969419315,0.21657320261001586
1,27,0.0010403958172249942,0.0006439223950211372,-0.21369153261184692,0.220246328247918
1,28,0.001014454334249927,0.0006391397379856143,-0.17532902779402557,0.22668148676554362
1,29,0.000995668139377678,0.0006448699433046083,-0.14811555397363357,0.21722944445080228
1,30,0.0009754232461506754,0.0006347446482525104,-0.11826566501900002,0.23314474556181167
1,31,0.0009543727851978698,0.0006339235140735076,-0.08889529116359758,0.23568709823820327
1,32,0.0009398689952012106,0.0006333527491531438,-0.06434791043952659,0.2354407760832045
1,33,0.0009261144582400628,0.0006283911371914049,-0.044758827450834676,0.2458630813492669
1,34,0.0009095252339187779,0.0006286794151593414,-0.02015934799924309,0.2451379590564304
1,35,0.0008960981117446482,0.0006218733524696694,0.003054484614619502,0.2553212642669678
1,36,0.0008830840564275414,0.0006318164769456619,0.02131894885757823,0.239113806353675
1,37,0.0008731538632505193,0.0006211078880975644,0.03627106304521914,0.25713400575849743
1,38,0.0008619979055552387,0.0006193522040525244,0.05259580273687103,0.25732095374001396
1,39,0.0008532799633771733,0.000618987379129976,0.06548914968231578,0.2602567195892334
1,40,0.0008440241769508079,0.0006181103319654035,0.07796455842477304,0.26117833587858413
1,41,0.0008316374040369726,0.0006146864344676336,0.09477832155463137,0.2653871019681295
1,42,0.0008246160218676115,0.0006125606001458234,0.10403529273139106,0.2700545695092943
1,43,0.0008175710191731743,0.0006085345974295504,0.11664728176446608,0.2750976363817851
1,44,0.0008072008531149707,0.0006084159624555873,0.13131205564663734,0.2762134697702196
1,45,0.0008029032267204681,0.0006092400199526714,0.13791201202957717,0.27579250468148125
1,46,0.0007942831951457961,0.0006021443043007619,0.14973108165058088,0.2836577561166551
1,47,0.0007864119788275365,0.000603652903292742,0.15854552542721784,0.28298229376475015
1,48,0.0007821446836546616,0.0005996494385827746,0.16400226060255074,0.29080628951390586
1,49,0.0007773948169347865,0.0005980975641351607,0.17616131349846167,0.2934927172131009
1,50,0.0007701098793876116,0.0005949900550250378,0.1850234736630946,0.29628147681554157
1,51,0.0007675589936107029,0.0005977862605100704,0.18779829769958684,0.2914045108689202
1,52,0.0007594596679368412,0.0005916010316771766,0.19848438295317286,0.3031109571456909
1,53,0.0007520453170815736,0.0005925538535747263,0.2100259875073845,0.3011452661620246
1,54,0.0007503811865010195,0.0005882560805831518,0.2099293334984485,0.3069443583488464
1,55,0.0007468059900458213,0.0005877628327450818,0.2162204611448594,0.3086130340894063
1,56,0.0007396692027809259,0.0005865052885686358,0.22462916330054955,0.30978950659434
1,57,0.0007387526466994098,0.0005874673628972636,0.22578692171308729,0.31091323296229045
1,58,0.0007338276704957271,0.0005853693712399238,0.23350869431907748,0.31451911396450466
1,59,0.0007273935707125031,0.0005847331214075287,0.24316031299991372,0.31566357877519396
1,60,0.0007222013923132585,0.0005868631324523853,0.24712272897178744,0.3108841339747111
1,61,0.0007201766565062658,0.0005785457712287704,0.25047143476980704,0.32261523405710857
1,62,0.0007152655940893807,0.0005844565224833786,0.26007065302059973,0.31822905672921076
1,63,0.000714908471836904,0.0005796442674990329,0.2604753369166527,0.3207774122556051
1,64,0.0007092546629949392,0.0005799710750579834,0.26812214718924626,0.32293293211195206
1,65,0.000710050440048454,0.0005739771696324978,0.2665089429160695,0.330882461865743
1,66,0.0007031494936974789,0.0005762064299132261,0.27550270292494033,0.32794597678714327
1,67,0.000698268506532236,0.0005796475775746836,0.27854538169907933,0.3267924427986145
1,68,0.0006983550896373703,0.0005743902267163827,0.28146232969966933,0.33294951915740967
1,69,0.0006977936727236266,0.0005688200368442469,0.28162430142178946,0.33902910020616317
1,70,0.0006897625402708388,0.0005665959001311825,0.2908680643564389,0.3435417095820109
1,71,0.000685492151181133,0.0005695280864731305,0.2961555566316769,0.34110355377197266
1,72,0.0006800703784841815,0.0005671850340958271,0.3050189152175998,0.3459597190221151
1,73,0.0006777403959544536,0.0005624997778795659,0.31025317995636553,0.35110977755652534
1,74,0.000677747777260748,0.0005604484480702215,0.3070612935372341,0.35297048621707494
1,75,0.000671915427269989,0.000562613484604905,0.3138368210674804,0.3505055454042223
1,76,0.0006677480533799548,0.0005587494000792503,0.32075023709991834,0.35797496769163345
1,77,0.0006674302537799066,0.0005566927798402806,0.3194441620214486,0.3591628286573622
1,78,0.0006636899312452217,0.0005571440560743213,0.32510223476975053,0.36004739867316354
1,79,0.0006578323461494788,0.0005529107124958602,0.33185802286053884,0.3662515944904751
1,80,0.0006560037772021728,0.000555138489127987,0.3376084373321062,0.36622114049063786
1,81,0.0006509459285743902,0.0005533970504378279,0.338784521744575,0.36803032557169596
1,82,0.0006494438479780967,0.0005543143501401776,0.34475232966152236,0.36654549042383827
1,83,0.0006456178007216227,0.0005497094554205735,0.35031037183455477,0.3715108460850186
1,84,0.0006431703467243983,0.0005495156277902424,0.35107428895102605,0.3748846822314792
1,85,0.0006393613402996166,0.0005421089681072368,0.35449021098054484,0.38269749217563204
1,86,0.0006411487572929926,0.0005470430038662421,0.35526862173904605,0.37858942747116087
1,87,0.0006374551124157913,0.0005450544930580589,0.3548402937842004,0.37983197503619726
1,88,0.0006363452805988031,0.0005420843734302455,0.35866318116953344,0.3857432934972975
1,89,0.0006297915032058725,0.0005419937609177497,0.36525528651696665,0.3831846131218804
1,90,0.0006276014972374671,0.0005431089110465513,0.36884950163923663,0.38360259930292767
1,91,0.0006217681623155964,0.0005423882057786816,0.37459059203112566,0.38702321185006033
1,92,0.0006225167707551593,0.0005404112847625382,0.37312029555991844,0.38826104270087347
1,93,0.0006209689850723486,0.0005389634907866518,0.3781858107190073,0.3906447397338019
1,94,0.0006184283820739775,0.0005408996974842415,0.3783575255193828,0.3869316127565172
1,95,0.0006221650017390924,0.0005346358689065608,0.3767546310836886,0.39665868547227645
1,96,0.0006139948708292695,0.0005326497795370718,0.3823253231284059,0.3983793748749627
1,97,0.0006117832739147599,0.0005324860853660438,0.38651349559242343,0.4001087850994534
1,98,0.0006117033099548684,0.0005346409795391891,0.38987099962469973,0.3974435806274414
1,99,0.0006074144992184032,0.0005298511564938559,0.3950488089043417,0.4020682732264201
1,100,0.0006083169050894126,0.0005302973712484042,0.39311036077546485,0.4050807197888692
1,101,0.0006044476488490163,0.000529082336773475,0.3950983987914191,0.403971979353163
1,102,0.000600260818509362,0.0005360393047643204,0.39855317024537074,0.3990405042966207
1,103,0.0006068302519665457,0.0005272975165603889,0.39243047266830633,0.40855632623036703
1,104,0.0006046912305195022,0.0005276310568054517,0.39210499554504585,0.409519006146325
1,105,0.0005977220718323448,0.0005322455001684526,0.4008034349959574,0.4028261873457167
1,106,0.0005876682646986511,0.0005326157991981341,0.4093960007031759,0.40636465152104695
1,107,0.0005913751104984571,0.0005249506302384867,0.4102499265729645,0.4136768102645874
1,108,0.0005890154222279419,0.00053513409026588,0.4108933248637635,0.40324805312686496
1,109,0.0005884025965955246,0.0005413706556686924,0.41160637243294423,0.4007912821239895
1,110,0.0005842832060829725,0.0005260578447228505,0.4141615049338635,0.4105753156873915
1,111,0.0005792396551251044,0.0005226609685147802,0.420868961163509,0.4171590884526571
1,112,0.0005769073415582103,0.0005226133585286637,0.4269108221854693,0.41712522241804334
1,113,0.0005754401007621192,0.0005232163679061664,0.42644338799111636,0.41682639519373577
1,114,0.0005827427600268965,0.0005153818120662537,0.41972164622059577,0.4252587768766615
1,115,0.0005752257426430322,0.0005210289175415205,0.4274572609383383,0.42331658866670396
1,116,0.000570875442483359,0.0005192336768636273,0.4299244256667149,0.4224147028393216
1,117,0.0005713566593728086,0.0005158550804480911,0.43150388090698805,0.4282740659183926
1,118,0.0005681629104390281,0.00052821126818243,0.43216238875447965,0.41654506391949125
1,119,0.0005625273957618593,0.0005270321348992487,0.44202477284419683,0.41825183629989626
1,120,0.0005637404950117164,0.0005193161157270273,0.438435525364346,0.42568921115663316
1,121,0.0005636793371565916,0.0005173094687052071,0.4370830363697476,0.43009065919452244
1,122,0.0005599195370450616,0.0005254455842077732,0.4452764884925183,0.4198402629958259
1,123,0.0005583109694854988,0.0005259038143170376,0.4465565810968846,0.42047392659717137
1,124,0.0005628325352675201,0.0005280630882932908,0.4377088861700929,0.4148037526342604
1,125,0.0005583734215628126,0.0005162548875280967,0.4468129574516673,0.4345267017682393
1,126,0.000552938852953598,0.0005125520149401078,0.45003950066036646,0.4359234558211433
1,127,0.0005541426527750805,0.0005165374378621993,0.45285821314211244,0.4281155533260769
1,128,0.0005513547809024192,0.0005104964909454187,0.4563092088993685,0.43590078088972306
1,129,0.0005510700356364711,0.0005095918184249765,0.449730126063029,0.43940495517518785
1,130,0.0005455318313770364,0.0005090874652119561,0.45897259653350453,0.4383572922812568
1,131,0.0005458937121417235,0.0005224221955156988,0.4562932004163295,0.4289915667639838
1,132,0.000546767927683246,0.0005191683044864072,0.45832127435707753,0.4298465066485935
1,133,0.0005353494633541063,0.0005129537254106254,0.47215263416737685,0.4379133211241828
1,134,0.000534128857759276,0.0005075070256781247,0.4687890622350905,0.44203446573681304
1,135,0.0005358284393204721,0.0005076060724806869,0.4706845736797945,0.4404384520318773
1,136,0.0005305109502471708,0.0005018501115652423,0.46952741190239233,0.44993912511401707
1,137,0.0005314112847877873,0.0005090487124915752,0.4754382572056335,0.4410677446259393
1,138,0.0005278727982515171,0.0005042295961175114,0.4752393431133694,0.4499301618999905
1,139,0.000527387249921621,0.0005147279822267592,0.47529506904107555,0.4365144650141398
1,140,0.0005238017005512467,0.0005037490297884991,0.4784696873323417,0.4460872252782186
1,141,0.0005201439654891506,0.000506587149316652,0.48428139009593446,0.44217764801449244
1,142,0.0005257099567924017,0.0005103235107122196,0.48003995845347275,0.4416456037097507
1,143,0.0005236833540285811,0.0005150220951893263,0.4813737592579406,0.43563984102673003
1,144,0.0005173252086316086,0.0005025059424547685,0.4855647563934326,0.4550891982184516
1,145,0.0005157850625246395,0.0005084274989914977,0.489470139697746,0.44500515460968015
1,146,0.0005104812692827833,0.0005125493684317916,0.49158784651461945,0.4420668244361877
1,147,0.0005085651159148526,0.0005029846745957103,0.4943902560222296,0.4505334986580743
1,148,0.000510589448005007,0.0005173214103302194,0.49150693446029853,0.43675201601452296
1,149,0.0005100677731262957,0.0005119929963257163,0.4932775581324542,0.4428921421368917
1,150,0.0005026675282868293,0.0005038089558689131,0.5041556427508225,0.45187502834531995
1,151,0.000502594360322864,0.0004999898134782497,0.5038646783357785,0.4580361419253879
1,152,0.0005025812526762393,0.0005120572659911381,0.5012902280430734,0.43897987471686467
1,153,0.0005029039507743293,0.0005114162715876268,0.5034837463755667,0.4417810559272766
1,154,0.000501156338479048,0.0005016934786302348,0.5007870968477226,0.45698340468936494
1,155,0.0004981234635191935,0.000498169057795571,0.5054316950433049,0.462436134285397
1,156,0.0005010187638820045,0.0005157068384707802,0.5062303590185848,0.4371751599841648
1,157,0.000494375938900321,0.0005027472487806032,0.5073023877026123,0.45406761434343124
1,158,0.0004946801022419499,0.0005070430724622889,0.5099815421634251,0.44656410614649455
1,159,0.0004912036130446251,0.0005040752817876637,0.5126727868009496,0.4543496661716037
1,160,0.0004883186750826829,0.0005115275180691646,0.516831949757941,0.4464866320292155
1,161,0.00048673019290292334,0.0005033277123907788,0.515452657069689,0.451943568388621
1,162,0.0004860241575465526,0.0004922088002786041,0.5210329288317833,0.47048467927508886
1,163,0.00048530110967184566,0.0005006312890650912,0.5191078449472969,0.45673978990978664
1,164,0.00048189587103501883,0.00050534790304179,0.5218494269582961,0.45008970896402994
1,165,0.0004795409072863145,0.0004956096747062272,0.521690931290756,0.4683881958325704
1,166,0.00047137015211729357,0.0004986992662048174,0.5327930482817285,0.4631803923183017
1,167,0.00047261555855921295,0.0005086417788536184,0.5333568110878085,0.4492839707268609
1,168,0.00046961957539926155,0.0005037352998947932,0.5349984423613843,0.45579418341318767
1,169,0.0004726509386846037,0.0004990599654977107,0.5278360316782822,0.46116284396913315
1,170,0.0004722228155896803,0.0004985336570017453,0.5337417596652184,0.46057735284169515
1,171,0.00047009298836605417,0.0005037191886610042,0.5363212753225256,0.4591127090983921
1,172,0.0004660578857084023,0.0004968210343374974,0.5353756604371247,0.46882878277036877
1,173,0.00046731636206975873,0.000492180718962724,0.5376717409969848,0.47138596375783287
1,174,0.0004609578142494515,0.0004897160908310778,0.5411938336160448,0.4754765576786465
1,175,0.0004575078027828792,0.00048610975823572115,0.5432000907850855,0.48097657759984336
1,176,0.00046249633528476145,0.0004955698238013105,0.5379358010527528,0.47136582665973237
1,177,0.0004642066291395437,0.00048824208077146775,0.5385701494452394,0.48129778967963327
1,178,0.00046023823368294097,0.0004882018657452944,0.5433603245535015,0.4767230139838325
1,179,0.0004673144288568033,0.0004928770863140623,0.5396529441998329,0.47190263403786553
1,180,0.0004595550954957021,0.000499122601468116,0.5444769510516414,0.46713831689622665
1,181,0.00045292190050441817,0.00050728979986161,0.5489499393804573,0.45794020493825277
1,182,0.00045435085064835017,0.0004922080526335372,0.5432391930509497,0.46990592744615345
1,183,0.00044820660058362985,0.0004845186738142123,0.557763613300559,0.4797752539316813
1,184,0.00044709125664487575,0.0004981132049579173,0.5571298413806491,0.46969020631578234
1,185,0.0004435266251675785,0.0004925819450161523,0.5596416101043606,0.4763482981257968
1,186,0.00044167138669168413,0.0005009994408788366,0.5580947736163199,0.4607037716441684
1,187,0.0004416721049454753,0.0005037218364628239,0.558026111125946,0.4631703747643365
1,188,0.0004428467342492055,0.0004950675356667489,0.5596673604882794,0.472127898534139
1,189,0.00043758903845661767,0.0004958073990160806,0.5685184232982589,0.4710024807188246
1,190,0.0004356190488231081,0.00048415072572728,0.5688670162801389,0.4839083578851488
1,191,0.0004442502692037113,0.0005101522747685926,0.5600336364757867,0.4541045970386929
1,192,0.00044125303623186035,0.0004980597593304183,0.5595821256990786,0.46478071610132854
1,193,0.00043128965829246113,0.0004941032300444526,0.5670936431413816,0.47707324690288966
1,194,0.00042928344495364546,0.000488507584668696,0.5775357662895579,0.4787724163797167
1,195,0.0004269867007229707,0.0004981312247562326,0.5741337175722475,0.4650771074824863
1,196,0.0004276758769130403,0.0004854167300638639,0.5752769545272545,0.48210181262758045
1,197,0.00041834920886214133,0.0004990394363024582,0.5842627980090954,0.46442677709791397
1,198,0.00041796804239030606,0.00048446811593344643,0.5848350685319783,0.4823166463110182
1,199,0.00041972283104342627,0.0005009330931999203,0.5853654815826888,0.46419457064734565
1,200,0.00042474217178231036,0.00048960286205531,0.5762373669647877,0.47718544403711954
1,201,0.00041767006235507627,0.00048397086534856094,0.5835617080146884,0.48349864615334404
1,202,0.00041917807380898776,0.0004926428211749428,0.5822379461041203,0.474449168311225
1,203,0.000414226149039251,0.000490969358684702,0.5863428401358334,0.4764485451910231
1,204,0.00041145356795980516,0.00047939374732474484,0.5906691944157636,0.48402203056547377
1,205,0.00041616977836338826,0.0004903257552844783,0.5835884796248542,0.473492341571384
1,206,0.00040945663522170097,0.0005078054408335851,0.5953644205022741,0.45420553816689385
1,207,0.0004106999753635193,0.00048702788513360753,0.5909538258740932,0.47912914752960206
1,208,0.00040600917986191717,0.0004802439006097201,0.593032607767317,0.48857482539282904
1,209,0.0004077998994573675,0.0005007021762948069,0.5933482670489653,0.46386141644583806
1,210,0.00040008850448856843,0.0005050196008394576,0.6001134339674019,0.45561605294545493
1,211,0.0003990009478810761,0.0004986282140533958,0.5969925321178672,0.4657184508111742
1,212,0.000402016924150909,0.00048325108687600327,0.5958731392283498,0.4876473347345988
1,213,0.00040199511036288316,0.0004922360349963936,0.5971171530676477,0.4734417200088501
1,214,0.00039756287738715334,0.0004888239866381305,0.6057596604029337,0.47529853185017906
1,215,0.0003929957231495207,0.0004941482187455727,0.6069873675887967,0.46801794899834526
1,216,0.00038796043494877255,0.0004898019658867269,0.6122862849706485,0.4788586179415385
1,217,0.0003988373799703693,0.0005028238138442652,0.6036446110701855,0.4561411526468065
1,218,0.00039410129869299265,0.0005048343006314503,0.6084331790606181,0.4549136585659451
1,219,0.0003956291851886537,0.0004900706149378999,0.6034274973987062,0.4765585316552056
1,220,0.00038736861171833253,0.0004893226775392476,0.6132415824466282,0.4755332973268297
1,221,0.00039113248686915565,0.0004993414163537738,0.6069118521831653,0.4651788804266188
1,222,0.00039468622467492097,0.0004815974356865303,0.6042483100184688,0.4806012749671936
1,223,0.0003881166018631861,0.0004911662021186203,0.6128643970430633,0.47523677349090576
1,224,0.00039394823518110276,0.0004801206297189411,0.6041076520342886,0.48918061123953926
1,225,0.0003770435721193797,0.0004943306538431595,0.6221897326869729,0.4703507794274224
1,226,0.00038563394451939306,0.0004900681947927094,0.6144855153413467,0.4782236999935574
1,227,0.00038136065941890356,0.0004920437957884536,0.6169683419627908,0.478724737962087
1,228,0.00038278476352354994,0.0004914280098293805,0.6143444850121016,0.47983418967988756
1,229,0.00037722753419793773,0.0004872732491801596,0.623565337098675,0.4848573035664029
2,1,0.08290390072873345,0.011023591293228998,-126.62266845703125,-14.346395005120172
2,2,0.016591194784843628,0.003184518259432581,-24.499317407019344,-3.118090526262919
2,3,0.011751754653214673,0.0012773062775118483,-16.993514596680065,-0.34543280071682403
2,4,0.009807320015022047,0.0010321430577379133,-13.988318857734585,-0.03743324279785156
2,5,0.008327433802647355,0.0009889952993641297,-11.65823300326312,0.01737695402569241
2,6,0.0070039688931479134,0.0009722362427661816,-9.576897562286,0.03613310787412855
2,7,0.005896502050260702,0.0009635483186381558,-7.855326895066249,0.061163001590304904
2,8,0.004961775201890204,0.0009579459567450815,-6.393018623634621,0.05488648944430881
2,9,0.004178800920231475,0.000941617542412132,-5.164314050144619,0.0646506600909763
2,10,0.0035278473716275193,0.0009407771660739349,-4.1447746656559135,0.08036450412538317
2,11,0.003016997045940823,0.0009330870881159273,-3.344496688725036,0.08732480340533787
2,12,0.002607834558175118,0.0009292869647550914,-2.705659453957169,0.09014085001415677
2,13,0.0022880056257831094,0.0009084638790227473,-2.2040182669957478,0.11726017660564847
2,14,0.00204981953986449,0.000914881673331062,-1.8299042969574164,0.10706832276450264
2,15,0.0018793220545544667,0.0008912110106191701,-1.56655004127526,0.13918373054928249
2,16,0.0017322740744638407,0.0008716234406973753,-1.3340449826216991,0.1650144510798984
2,17,0.0016176582337069658,0.0008761390759092238,-1.155862322854407,0.15928138494491578
2,18,0.00152766139269519,0.0008567694678074784,-1.0134143365754023,0.18381918536292183
2,19,0.0014430388081013972,0.0008541012506207658,-0.882698905467987,0.18645833333333334
2,20,0.0013763648434829564,0.0008589601635725962,-0.7810642171789098,0.17811458905537922
2,21,0.0013220153593768676,0.0008564829994510445,-0.6976772044911796,0.18192812071906195
2,22,0.0012675623328965387,0.0008560695685446262,-0.615866008658468,0.18390160269207426
2,23,0.0012270468540121744,0.0008404174418602553,-0.5485609569667298,0.20467838711208766
2,24,0.001184190762873141,0.0008294471720647481,-0.4840560425946742,0.21830682224697537
2,25,0.0011433660912177996,0.0008358262091254195,-0.41886761056052313,0.20817011727227105
2,26,0.0011177309213873045,0.0008267770366122326,-0.38048157427046037,0.2217912130885654
2,27,0.0010875772768171666,0.000823838856174714,-0.3348114561151575,0.22485664950476753
2,28,0.001067162918812239,0.0008263123674421675,-0.300509535824811,0.22103426191541883
2,29,0.0010434997727933489,0.0008271487313322723,-0.26656997203826904,0.22415554655922784
2,30,0.0010256740554914247,0.0008178155739895171,-0.23667108865431796,0.23245639801025392
2,31,0.0010044846289940638,0.0008154984162602988,-0.20502869229257842,0.23575431638293795
2,32,0.0009825960234278975,0.0008059668923831648,-0.17419354753729738,0.24682738648520575
2,33,0.0009606136453199994,0.0008047858136706054,-0.13897413059517189,0.2501702149709066
2,34,0.0009507612216021912,0.0008002934679906402,-0.12601455023259292,0.25767865313424004
2,35,0.0009341176064616001,0.0008032635733899143,-0.09829284114602171,0.24954340987735324
2,36,0.0009239239286182932,0.0008001236490801805,-0.08288115763369902,0.25450056923760306
2,37,0.0009096440698169632,0.0007978210510272119,-0.06384943929719336,0.2575395491388109
2,38,0.0008992053717834714,0.0007925001412837042,-0.04505864028577451,0.2641887863477071
2,39,0.0008865758643002698,0.0007935088955693775,-0.03128117911609603,0.2632978399594625
2,40,0.0008773266905516294,0.000785214664776706,-0.007280576964955271,0.27331226136949327
2,41,0.0008672831108632647,0.0007831492034407954,0.001750171184539795,0.27546009090211654
2,42,0.0008565052948535685,0.000781039087774439,0.01740233736273683,0.27894047366248237
2,43,0.0008469738408256277,0.0007827801979146898,0.031203214916182154,0.2756538324885898
2,44,0.0008418839486649283,0.000781079953432911,0.03819947654818311,0.2774821360905965
2,45,0.0008304368444419477,0.0007731238315399322,0.054765250947740346,0.28738700681262547
2,46,0.0008170583042500103,0.0007719825280623303,0.07400781828680156,0.28936926656299167
2,47,0.000810445656131861,0.0007693558116443455,0.08264324915261916,0.29290708435906304
2,48,0.000802678645324008,0.0007728603164044519,0.09669743849907392,0.2862012200885349
2,49,0.0007942466325425531,0.0007649854265360369,0.1055436568495668,0.29603510432773167
2,50,0.0007903446341335866,0.0007635282236151397,0.111541689325262,0.29820800489849514
2,51,0.0007847900979542806,0.0007597659740390049,0.11867293855290353,0.3024264375368754
2,52,0.0007763085442733157,0.0007571165359372066,0.13080951784863884,0.30398341947131685
2,53,0.0007718227780711504,0.0007654005558126503,0.13617362166628424,0.29621115922927854
2,54,0.000767377005274879,0.0007522081012009747,0.14399207550802348,0.3130749808417426
2,55,0.0007580072940959607,0.000752828531484637,0.15873856515060236,0.3130913628472222
2,56,0.0007568862802280044,0.0007529325369331572,0.1599852603158833,0.31354246934254965
2,57,0.0007472869572172194,0.0007475851465844446,0.17216205096539156,0.31964248418807983
2,58,0.0007508461344929665,0.0007458068947825166,0.16867340273327297,0.31877200073666045
2,59,0.000738903016490103,0.0007417800577564372,0.18532583625228316,0.3254315005408393
2,60,0.0007321865164191911,0.0007418399275694456,0.19368521961165064,0.3246473842196994
2,61,0.0007318847177458215,0.0007362489342792994,0.19618790959134513,0.3296744465827942
2,62,0.0007274971347888587,0.0007401151466183365,0.19878104145144238,0.3277538299560547
2,63,0.000719913490616751,0.000743070090862198,0.2091217635590353,0.3213434987597995
2,64,0.0007187002390209172,0.0007290290668606758,0.21285213261474797,0.33820046848720975
2,65,0.0007126651804917204,0.0007281104995248218,0.22245473390744055,0.3417402082019382
2,66,0.0007054287628385664,0.0007276503640847901,0.23106710425129642,0.3404745366838243
2,67,0.0006983815111725786,0.0007275902019399736,0.2399218609303604,0.3414273076587253
2,68,0.0007039880365662185,0.0007292735571455624,0.23000174981576424,0.3396194338798523
2,69,0.0006985041331557304,0.0007203752446609239,0.24416212520481628,0.3502392676141527
2,70,0.0006942168156972822,0.0007223775817288292,0.25056710728892573,0.3469238016340468
2,71,0.0006894657402701768,0.0007166877932225664,0.25482381229047424,0.35492012633217707
2,72,0.0006863371240561484,0.0007159063890058962,0.2607778950973793,0.35518842538197837
2,73,0.0006838155515135531,0.0007168126189046436,0.259299792330942,0.35437684059143065
2,74,0.000677347306397824,0.0007169334567151964,0.26803864490838697,0.3520111123720805
2,75,0.0006767289477319997,0.0007151569045769671,0.27443084746231267,0.3572595026757982
2,76,0.0006735712843142265,0.0007046335790720251,0.27718833405294535,0.36657606495751277
2,77,0.0006697204695543113,0.0007030397912280427,0.28051366320362797,0.3693462822172377
2,78,0.0006664018159628743,0.0007043946624940468,0.28423780217582795,0.3674116373062134
2,79,0.000660719177082043,0.0007076723371735878,0.293739969642074,0.3637003739674886
2,80,0.0006596370033896816,0.0007059242990281847,0.2952388951807846,0.3665447155634562
2,81,0.0006576821634856363,0.0007018600202475985,0.2995145078058596,0.37158613337410823
2,82,0.0006542854331560249,0.000698976798190011,0.30411999475808793,0.3715756244129605
2,83,0.0006460240821463321,0.0006971012050699856,0.3103140838352251,0.37226367394129434
2,84,0.0006423542110743806,0.0006916592544358637,0.3153782170495869,0.379200271765391
2,85,0.0006422351364529243,0.0006900657459886538,0.3136606005974758,0.38611609670850966
2,86,0.0006392496353429225,0.0006935075779135029,0.3200073446756528,0.38185931046803795
2,87,0.0006351328556954769,0.0006814057330807878,0.3233647593745479,0.3945681823624505
2,88,0.0006357151207249657,0.0006876935419212613,0.3230288119963658,0.3832108775774638
2,89,0.0006399722624696607,0.0006847079455231627,0.32510766997749424,0.38994762500127156
2,90,0.0006296953266158837,0.0006816551115156876,0.336279856717145,0.3893889904022217
2,91,0.0006243762748465402,0.0006757442322042253,0.33969140567897277,0.402749854988522
2,92,0.0006224171173712813,0.0006801655399613082,0.3416768000449663,0.3938996275266012
2,93,0.0006244765843241763,0.0006810918075239493,0.3411268203346818,0.39882053666644623
2,94,0.0006155742671524668,0.0006735466562935875,0.35216158937524866,0.4017111486858792
2,95,0.0006124913744214508,0.0006756031678782569,0.354803388648563,0.4029106378555298
2,96,0.0006119327955982751,0.0006714746356010437,0.35573446780075263,0.4060783174302843
2,97,0.0006048512988562846,0.0006697006213168303,0.36361751629982464,0.4049772765901354
2,98,0.0006080703028006318,0.0006697311208376454,0.3623591701189677,0.4097521954112583
2,99,0.0006047643637744549,0.0006692123120754129,0.3659387587029257,0.41063131888707477
2,100,0.0006039931083868407,0.0006669472178651227,0.36830858757466445,0.4099724041091071
2,101,0.0006039147542640107,0.0006630254404929777,0.36756997182045453,0.41551840172873605
2,102,0.0005969873157381598,0.0006640733724149565,0.3743507171854561,0.4150710105895996
2,103,0.0005939628793800503,0.0006586240423429343,0.3824898116382552,0.4196656558248732
2,104,0.0005873795787021978,0.0006603990875494977,0.3844202268270799,0.41806964079538983
2,105,0.0005926013366537697,0.0006581980359947516,0.37867209955498027,0.42198930978775023
2,106,0.0005910182314246525,0.0006610036336092486,0.38289572074089523,0.41921185784869724
2,107,0.0005898355749251758,0.000659271796596133,0.38408449049349186,0.4200952582889133
2,108,0.000585213216326349,0.0006576014734390709,0.38938562281337785,0.42159629265467324
2,109,0.0005821876278877213,0.0006567857111804187,0.3935288402769301,0.4224890285068088
2,110,0.0005807645935105321,0.0006472902799335619,0.39436526798907623,0.43180983463923134
2,111,0.0005805672919607641,0.0006499232284517751,0.392794531657372,0.4270803438292609
2,112,0.0005737944050508057,0.0006512430703474415,0.3981777675357866,0.4272805995411343
2,113,0.0005753292752441341,0.0006522636795933876,0.39922092770352774,0.4276543564266629
2,114,0.0005722899356408528,0.0006479139776072568,0.4023918025287581,0.43348099258210926
2,115,0.0005722795236556802,0.0006544007803313435,0.4043307369137988,0.4292993916405572
2,116,0.0005676032352997105,0.0006510672987335258,0.4112928208009696,0.4307185146543715
2,117,0.0005672341315391945,0.0006509005945796768,0.40901356729460353,0.4276764922671848
2,118,0.0005627217141330748,0.0006414887482403881,0.4158230310604896,0.44132044580247665
2,119,0.0005596270669757584,0.0006457264884375036,0.414884348710378,0.4357085929976569
2,120,0.0005597126563827013,0.0006419228066483306,0.4197082712326521,0.4394158641497294
2,121,0.0005560653235326395,0.0006452660115125278,0.42261447921211337,0.4404454615381029
2,122,0.0005576737298354231,0.0006385162175219092,0.42097038987242147,0.4428948640823364
2,123,0.0005527767180292694,0.0006468756745258967,0.4277166095780738,0.43563608196046616
2,124,0.0005545789778324556,0.0006451467892879413,0.4244976268874274,0.4393052511745029
2,125,0.0005514228913392642,0.0006457428008110987,0.42860918000892356,0.43859101136525475
2,126,0.0005469858445181155,0.0006423106223034362,0.4269000929078938,0.44125186072455513
2,127,0.0005455548001200329,0.0006596452207304537,0.43119546719539315,0.42836453782187567
2,128,0.0005478071929875439,0.0006385917102711068,0.4331836850554855,0.44538253413306345
2,129,0.0005425182961640351,0.0006420286566329499,0.43703873613734306,0.4435503866937425
2,130,0.0005458201107821991,0.0006369333740116821,0.4368921104772591,0.4499446471532186
2,131,0.0005411812462154086,0.0006465150366744233,0.4437475473792465,0.4400014903810289
2,132,0.0005422863781590153,0.0006344086322416034,0.4376999928627485,0.44755732748243543
2,133,0.0005420681724416804,0.0006425033996088637,0.43713270160886974,0.44041379822625054
2,134,0.0005353590516649463,0.0006368476483556959,0.44552327276747905,0.4482732852300008
2,135,0.0005312780700164076,0.0006400472872580091,0.451745965598542,0.4451003736919827
2,136,0.0005295185842206357,0.0006351366923708054,0.4521720708152394,0.4506743060217963
2,137,0.000527352666810017,0.0006412492327702542,0.4538310988449756,0.4451716515753004
2,138,0.0005302427928710793,0.000637484776477019,0.4516814480593175,0.44729394647810194
2,139,0.0005300311639008147,0.0006438894650071032,0.4504317104080577,0.4440855741500854
2,140,0.0005232711405964729,0.0006343251611623499,0.45682690879445015,0.4510537531640795
2,141,0.0005215957094656511,0.0006329281992899874,0.46043094720369504,0.4532524360550774
2,142,0.0005212952332559651,0.0006244187644268903,0.4628600229451686,0.4571687075826857
2,143,0.0005205887458200946,0.000623378437012434,0.4609970086886559,0.4608403073416816
2,144,0.0005128572716515649,0.0006253970373007986,0.4696608147503417,0.458666996161143
2,145,0.000516735384510945,0.00063096844824031,0.4647603420563686,0.45459631548987495
2,146,0.0005126197499016093,0.0006266593402769003,0.4691276069040652,0.4578181160820855
2,147,0.0005160474666842708,0.0006270868587307632,0.4636258123833456,0.4540707098113166
2,148,0.000509146764230581,0.0006227783845841057,0.4733435211358247,0.46220072905222576
2,149,0.0005043986477647666,0.0006248491091860666,0.4817653826725336,0.4625136958228217
2,150,0.0005021844241756624,0.0006210859282873571,0.4792668358779248,0.46759114530351426
2,151,0.0004991621422196198,0.0006188932224176824,0.4837982133582786,0.4656473120053609
2,152,0.0004976665303628477,0.0006253981134957738,0.48644450888221646,0.46201134390301174
2,153,0.0005004023548135143,0.0006198795007852216,0.4826555057808205,0.4622940937678019
2,154,0.0004989929783249987,0.0006159304744667477,0.48436310718088976,0.46658663749694823
2,155,0.0005003970964340333,0.0006149713260432085,0.4804375963446535,0.4673336876763238
2,156,0.0005009367408081429,0.0006144797274221977,0.484719917067775,0.4686690820588006
2,157,0.0004925234660069332,0.0006204775055973894,0.4935357483816736,0.4643788867526584
2,158,0.0004901241303427306,0.0006121597912472983,0.49743130104041394,0.4732195191913181
2,159,0.0004937943150892991,0.000628382509522554,0.48904359340667725,0.45550067027409874
2,160,0.0004896075390049337,0.0006247072196048167,0.49740538700127307,0.46337889697816637
2,161,0.0004870743736521237,0.0006250383810968035,0.49773726139539554,0.4641648941569858
2,162,0.00048547824169221666,0.0006243366360043485,0.4997350308630202,0.46679557032055324
2,163,0.00048738905964534223,0.0006254087409211529,0.5006639545346484,0.4636782831615872
2,164,0.0004918344084598859,0.0006173368090660208,0.49547197745170124,0.4664061056243049
2,165,0.0004790727006714147,0.0006174733370749487,0.5035731224366177,0.4698098103205363
2,166,0.0004795609913007529,0.0006132605614968472,0.5047785463156523,0.47247657510969376
2,167,0.00047783241923438546,0.000605668721254915,0.5048426591319802,0.4815129664209154
2,168,0.00047090471000698063,0.0006214683862506515,0.5135951420407237,0.46329331398010254
2,169,0.00047515507343363157,0.0006163466243176824,0.5090836775155715,0.469857919216156
2,170,0.0004728206423295225,0.0006205220460995203,0.5113164441085156,0.4700772841771444
2,171,0.00047917438607754896,0.0006086453484992186,0.5038231268341159,0.4777739405632019
2,172,0.0004777131547553488,0.0006133843898876673,0.5095162091431794,0.4736104329427083
2,173,0.0004746557079703995,0.0006139098821828763,0.5081474994435723,0.47476662397384645
2,174,0.0004696313436947947,0.0006113845945542885,0.5185798277089625,0.47816000647015044
2,175,0.0004695980812503416,0.0006148211153534552,0.5139028247491813,0.47388337718115914
2,176,0.00046247371485353344,0.0006119959405623376,0.5240725025718594,0.4812687913576762
2,177,0.00046558189241755984,0.0006138531491160393,0.5181618026745172,0.4737060268719991
2,178,0.00046072589782538055,0.0006112198759284284,0.5220727206748209,0.4786822941568163
2,179,0.000453297790415861,0.0006048089294280443,0.5329654759830899,0.48325467109680176
2,180,0.0004595767900658151,0.0006102942227799859,0.5250934833361779,0.4777846058209737
2,181,0.0004562356880072642,0.0006147137843072415,0.5319527951287635,0.47833468119303385
2,182,0.0004587028649877067,0.0006059162551537156,0.5308846403051306,0.48280007971657646
2,183,0.00045470150876042925,0.0006060810876078904,0.5291450363618356,0.48370154168870716
2,184,0.0004458110105464764,0.0006051179396712945,0.5419925376220985,0.48361386855443317
2,185,0.0004497422259674626,0.000607000851434552,0.5342558472244828,0.4827554013994005
2,186,0.00044739639219816454,0.000612481920203815,0.5403462824998079,0.48188101053237914
2,187,0.0004429456312209368,0.0005989113887254563,0.5431931163057869,0.4915315349896749
2,188,0.0004428345282464346,0.0006094547143826883,0.5445668756225963,0.4840772814220852
2,189,0.0004415730758926567,0.0006124625034216377,0.5441220847176916,0.4834154526392619
2,190,0.00044482260810234294,0.0006107196599865953,0.544390356246336,0.48245340983072915
2,191,0.00044215269793503357,0.0006112829096511835,0.5454443631348787,0.48371178044213187
2,192,0.00043822717328302933,0.0005994989640182919,0.5485018917071967,0.4949258049329122
2,193,0.00043850808654463403,0.0006007334489064912,0.5472409101180088,0.48908636967341107
2,194,0.0004340861323232084,0.0006030505613630844,0.5537856977662923,0.48885129160351226
2,195,0.00043398668467826035,0.0006080135004594922,0.551531594918098,0.4808424790700277
2,196,0.00044109977891001805,0.0005976628421598838,0.5409789936042126,0.4932723085085551
2,197,0.0004345356112340304,0.0006044888299786383,0.5517394335181625,0.49120501677195233
2,198,0.0004300643680588469,0.0006028348916313714,0.5535383704267902,0.4909311917093065
2,199,0.0004317754672633277,0.0006042405109231671,0.5570855087704129,0.4919172896279229
2,200,0.00042448235211468496,0.0006123469715627531,0.5660047572336079,0.48508152431911894
2,201,0.00042462010535894445,0.0005979794245730671,0.5612710854153574,0.49804578887091744
2,202,0.0004267581335389642,0.0006100960606191721,0.5607721743760286,0.48440718783272635
2,203,0.0004213942471391487,0.000594635310375856,0.5635843549245669,0.49545069138209025
2,204,0.00041923334866612687,0.00061109196782733,0.5669952318992144,0.48718117740419176
2,205,0.00041684300479203186,0.0006056328110086421,0.5716467870606317,0.4876809080441793
2,206,0.0004168982315739548,0.0005989874312136736,0.5687343369295568,0.4908224662144979
2,207,0.0004177300263782618,0.0006033217430942588,0.5677844241813377,0.492751853995853
2,208,0.000417958474703662,0.0006040177217477725,0.5708822666862865,0.490620051489936
2,209,0.00041682897092498565,0.0006010554006530179,0.567629701561398,0.4932568470637004
2,210,0.00041781516004077814,0.0005984501615684066,0.5682943198415968,0.49724037514792546
2,211,0.0004171505328957681,0.0006135566147147781,0.5710150652461582,0.4858630485004849
2,212,0.0004166269470811074,0.0006048270552936527,0.5675550781650308,0.4916337860955132
2,213,0.0004110531583227171,0.0005964309779099293,0.5786408308111591,0.49638322989145917
2,214,0.0004034590078115371,0.0006051217568003469,0.5818162027700448,0.49317330519358316
2,215,0.00040362778056504916,0.0005926124247101446,0.581540541295652,0.5022655672497219
2,216,0.0004059335655233834,0.0006025697622034285,0.5814545964017327,0.49460191196865505
2,217,0.0004021118941895066,0.0006196947794200646,0.5861697407416355,0.4822942852973938
2,218,0.00040469321840511704,0.0006022605734566848,0.5830948348398561,0.4965845889515347
2,219,0.00040388739887728457,0.0006014834520303541,0.58318257920536,0.49768215285407175
2,220,0.00039980086820619754,0.0006022559543554153,0.5847745475945649,0.4968474494086372
2,221,0.00039947434748166506,0.0006004687398672104,0.5890309307310316,0.4984346893098619
2,222,0.00039633947746529256,0.0006022583719135986,0.5885486370251503,0.49524726072947184
2,223,0.0003982410368072674,0.0006215179765907427,0.5879986983758432,0.48114553689956663
2,224,0.0003987029865297868,0.0006105357574092017,0.5887805064519246,0.49312760565016006
2,225,0.00039135318840164004,0.0005972636721303893,0.5958476696485354,0.5025646448135376
2,226,0.0003917935220984581,0.000599417455183963,0.5943986262804196,0.4939256138271756
2,227,0.00039006746287837074,0.000602074783657574,0.5937703101723283,0.49722317192289567
2,228,0.0003890839421885939,0.0005870566923274762,0.6008583410286609,0.5107403053177728
2,229,0.00038714420257343184,0.00061043277512201,0.5974245914706477,0.48993802865346275
2,230,0.0003841506129699863,0.0006182645201786524,0.6015932376002088,0.48447276486290825
2,231,0.000386756594956818,0.0005952538954766674,0.5987535026338365,0.5061930868360731
2,232,0.0003857458868339934,0.0006184125707174341,0.5980908463030685,0.48248983754052055
2,233,0.00038177236091104097,0.0006126498169679609,0.6044967748500683,0.48925741248660615
2,234,0.00038349019301721804,0.0005996358943068319,0.6027114459026007,0.4995243986447652
2,235,0.000384743617384775,0.0006007120543573465,0.5980152486283102,0.49986120329962835
2,236,0.00037526550615079885,0.0005929111645350026,0.6132616341849904,0.5081375333997938
2,237,0.0003781689931696028,0.000601696362072188,0.6113393895420027,0.4981624576780531
2,238,0.0003792843725359826,0.0006021389601907382,0.6063807483072634,0.4979821032947964
2,239,0.00037309775692353277,0.0006028697800098194,0.6132931628344972,0.5000654088126288
2,240,0.00037217090972756716,0.0005983580673475646,0.6134110980563694,0.503079558743371
2,241,0.000371622818990691,0.0005953167591037021,0.6159575777289308,0.5082247376441955
2,242,0.0003749615410745236,0.0005958033182347814,0.614360115851885,0.5065425488683912
2,243,0.0003721341671836045,0.0006038109370921221,0.6153711424933539,0.5000201000107659
2,244,0.00036879234033188334,0.0005977702521098156,0.6200341056894373,0.504629894097646
2,245,0.0003682745665162342,0.000607368166351484,0.6188136411301883,0.4938927941852146
2,246,0.0003713594826461494,0.0006109812969548835,0.6136681611155286,0.49137961864471436
2,247,0.00036498755058503627,0.000594728487259191,0.6207048973919432,0.5083133869700962
2,248,0.0003655355892224628,0.0006048808365853297,0.6227088333647928,0.5046270079082913
2,249,0.0003645426534794639,0.0006020160948133303,0.621723324281198,0.4985693481233385
2,250,0.00036520024101870753,0.0006164289622878035,0.6226148743688324,0.49079603883955214
2,251,0.00036994375498321507,0.0006037307269353833,0.6146726920280927,0.49857283300823635
2,252,0.0003610154087827713,0.0006011453515384346,0.6271161782888719,0.4997475862503052
2,253,0.00035837317384308044,0.0006094794293555121,0.6287351421367975,0.49702057705985175
3,1,0.09110279358279558,0.010494938534167077,-143.3059359267906,-15.225301339891221
3,2,0.016266764031240232,0.0029553660346815984,-23.465486771383404,-3.2329457388983833
3,3,0.011683327136676252,0.001349602189535896,-16.649340010278017,-0.6543502701653374
3,4,0.009788317024063917,0.00100881558480776,-13.785976291585852,-0.12396629121568468
3,5,0.008465602136228555,0.0009443812188692391,-11.746254099739922,-0.026975258191426595
3,6,0.007286427240174862,0.0009306681756344106,-9.930906690197226,0.002219484912024604
3,7,0.006285419745117794,0.0009360216014708082,-8.334680983460979,-0.026515131526523166
3,8,0.005436440435364658,0.0009230644830192129,-7.013403041568803,0.011108528243170844
3,9,0.004742869785354461,0.000891449638745851,-5.944326375443258,0.044585776329040525
3,10,0.0041281397235982216,0.0008900640829880204,-4.999110736081629,0.043173089292314316
3,11,0.003586223470851963,0.0008824608146419955,-4.168116754367028,0.06004301971859402
3,12,0.0031345788763123164,0.0008695079298276041,-3.4686341635974838,0.07298587295744154
3,13,0.0027759835118266905,0.0008573745532582203,-2.916090312416171,0.08762068483564589
3,14,0.0024808077687788524,0.0008755834811987976,-2.4507778409086627,0.061601807011498345
3,15,0.0022409485888747888,0.0008739717783302896,-2.0919472971080264,0.0505444433954027
3,16,0.0020713502000787374,0.000879134145927512,-1.824917573399014,0.04363252719243368
3,17,0.0019151860928553859,0.0008368238535088798,-1.5830663401403544,0.10992050833172268
3,18,0.0017884643291364666,0.0008333290060464707,-1.3891138324031123,0.11707067224714492
3,19,0.0016896352807151867,0.0008353419097450872,-1.241567144864871,0.11048894325892131
3,20,0.0016048533853465392,0.0008162155501647956,-1.1109377747700537,0.14036303096347386
3,21,0.0015386357616035292,0.0008135665790177882,-1.0074103736583098,0.14458600282669068
3,22,0.0014736837379772355,0.0008270493540395465,-0.91004556476334,0.12021292183134291
3,23,0.0014245860275731962,0.0008280885768019491,-0.8280650107948868,0.12098784579171075
3,24,0.001377559994795808,0.0008092670041757326,-0.7635167324984515,0.14880902767181398
3,25,0.0013342587007094682,0.0008108595877678858,-0.6935989560904327,0.1459195653597514
3,26,0.0012976857873806616,0.0007980549513983229,-0.6391705462962021,0.16711059014002483
3,27,0.0012686518598692836,0.0008126514317053887,-0.5915589700510473,0.1417504496044583
3,28,0.0012416091146821408,0.0007986047641477651,-0.5542145717291185,0.1634692562950982
3,29,0.0012164728371081529,0.0008062089495878252,-0.5096770385165273,0.14953873422410752
3,30,0.0011860504125555356,0.0007941248231670922,-0.4670652390998087,0.17241623136732315
3,31,0.001165355786819149,0.0007933794947651525,-0.43335401202425544,0.17344461414549087
3,32,0.0011395385566477974,0.0007858402212150394,-0.39329679865895967,0.18483591609530978
3,33,0.0011215987253106303,0.0007882836507633328,-0.3668949905736947,0.18082732094658746
3,34,0.0011039436531805054,0.0007864738581702113,-0.3381441738870409,0.18308301501803928
3,35,0.0010875497550853056,0.0007830224944175118,-0.3162811757605753,0.1860548946592543
3,36,0.0010679034350934312,0.0007811198062780831,-0.2853299036438082,0.19314200745688545
3,37,0.0010522233057813145,0.0007883673753692872,-0.26312482769106643,0.1774669845898946
3,38,0.0010384878755926533,0.0007681636618346804,-0.24180976299592005,0.2103325989511278
3,39,0.0010265463337957583,0.0007665502230843736,-0.22310197235625467,0.2130921933386061
3,40,0.0010136718039665325,0.0007666176288492149,-0.20415982552516607,0.2154601256052653
3,41,0.001001384239040177,0.0007675081776041124,-0.18332587509979437,0.21024163034227158
3,42,0.0009907087365763239,0.0007769299890949494,-0.16911972569830624,0.19550435145696005
3,43,0.000979715639748323,0.0007740237271516687,-0.1493284413843979,0.20002100732591416
3,44,0.0009668855476595553,0.0007703955052420497,-0.13231118343494558,0.20594067043728298
3,45,0.0009552227632131106,0.0007597199641168117,-0.11758692485314828,0.2250737918747796
3,46,0.0009433851518415282,0.0007570816410912408,-0.09877057310975629,0.22737729416953192
3,47,0.0009375631355071142,0.0007532949093729258,-0.08771841526031494,0.23402786917156643
3,48,0.000926481855366333,0.0007642146678537959,-0.07416547492698387,0.2144706620110406
3,49,0.0009177925504951014,0.0007509724625075856,-0.06176843113369412,0.23742231527964275
3,50,0.000907257603291698,0.0007546960841864347,-0.04650377064575384,0.2285313540034824
3,51,0.0009031114385486293,0.0007483793694215516,-0.037317287333217666,0.24020445346832275
3,52,0.0008932599741793065,0.0007479766319091949,-0.02418413559595744,0.23999724785486856
3,53,0.0008793783090997165,0.0007503250536198418,-0.005843508243560791,0.23731772237353854
3,54,0.0008722961476406105,0.0007411326747387648,0.006062068909774592,0.25095138549804685
3,55,0.0008634719414130589,0.0007355430551494161,0.015097379390104318,0.2600314630402459
3,56,0.0008570873783613889,0.0007341904048290518,0.029687288072374134,0.2613692469067044
3,57,0.0008528222157447426,0.000738418353204098,0.0336004767888858,0.25844650798373753
3,58,0.0008446685439493093,0.0007320157485082746,0.04372606027273484,0.2639141082763672
3,59,0.0008395938405387656,0.0007282629014096326,0.05478586664906254,0.2703301151593526
3,60,0.0008353547323897573,0.0007254126999113295,0.0592541151576572,0.2773864984512329
3,61,0.0008322774837897332,0.0007293378533278074,0.06484102172616088,0.2696038352118598
3,62,0.0008225496210169369,0.0007276598907386263,0.07870215604334702,0.272997522354126
3,63,0.0008182018499441997,0.0007257210297716988,0.08281750369954992,0.278552774588267
3,64,0.0008147072377557188,0.0007265850629967948,0.0901802036497328,0.2770283818244934
3,65,0.0008061349091556981,0.0007199962623417377,0.10323941324963981,0.2851417859395345
3,66,0.0007980819915156857,0.0007212265226472583,0.1136428576928598,0.28572092983457775
3,67,0.0007930932634073183,0.0007134485679368178,0.12002380585964816,0.2976269496811761
3,68,0.0007874890953520841,0.0007200164241819746,0.1284761396455176,0.29058466619915435
3,69,0.0007832340680545679,0.0007218414089745945,0.13342783568817893,0.28431471188863117
3,70,0.000779796327194084,0.000713610321852482,0.1391239395848027,0.29611360364490086
3,71,0.0007713741974985618,0.0007131487402754525,0.14878995683458116,0.29809545940823023
3,72,0.0007693422758480373,0.0007109171646233234,0.15524060932206518,0.30226852496465045
3,73,0.0007699719772467183,0.0007088750342114104,0.15356669617287907,0.30498931672838
3,74,0.000763747225843232,0.0007092781791773936,0.16215010557645632,0.3077780154016283
3,75,0.0007590137013912569,0.0007190467181822492,0.16862025864330338,0.2895755198266771
3,76,0.0007578906787122473,0.0007086000120681193,0.1719048669308792,0.30879642698499893
3,77,0.0007495802138748084,0.000703119124389357,0.18229526767024287,0.3146517541673448
3,78,0.0007416929737779737,0.000706999420395328,0.19260066880120172,0.30899547073576183
3,79,0.0007383911559979121,0.000705518066469166,0.19821899172700483,0.31268857452604504
3,80,0.0007360615484404987,0.0007013144838209782,0.20118963909737858,0.32041860818862916
3,81,0.0007356582708185378,0.0006980714362321629,0.20362020245304815,0.32507150305642024
3,82,0.0007291047859729992,0.0006995246719775928,0.21040504493831116,0.3275825275315179
3,83,0.0007274468067205614,0.0007013214583922591,0.2134521920004009,0.32419617573420206
3,84,0.0007221467699568121,0.0007028000894933939,0.2193400725906278,0.31942751407623293
3,85,0.000717955801555496,0.000701450234434257,0.2247386404025702,0.32279758983188206
3,86,0.000716369954817411,0.0006938512825096647,0.22711571528587812,0.334371198548211
3,87,0.0007106439213348944,0.0006918891139018039,0.2386288211669451,0.33941279649734496
3,88,0.000710022316981153,0.0006989060720014903,0.23821303373501623,0.3250291201803419
3,89,0.0007030471242435368,0.0006973211989841527,0.24559289599642342,0.3305272897084554
3,90,0.0007016070365307875,0.0006920913505988817,0.24911212494343887,0.33674058781729804
3,91,0.0006957990629023608,0.0006923326291143894,0.2564884618476585,0.3403589129447937
3,92,0.0006957559142100774,0.0006889702687557373,0.25666076798497894,0.3428124321831597
3,93,0.0006959402470929939,0.000684468304583182,0.2603108940301118,0.35092360311084325
3,94,0.0006856333526184806,0.0006832666177716521,0.26856766394626946,0.3487007975578308
3,95,0.0006826789184461958,0.0006859915537966622,0.27553096685880496,0.34982456101311576
3,96,0.0006777382833756691,0.0006881925432632367,0.2791764278470734,0.34492932822969224
3,97,0.0006814267309555025,0.0006806986936781969,0.2772611438492198,0.35628284083472356
3,98,0.0006732651567155565,0.000687993615348306,0.28410236129054317,0.3518868909941779
3,99,0.0006677398853360411,0.0006962571629426545,0.2914043413268195,0.33771083884769015
3,100,0.0006677650316204461,0.0006936656155933936,0.2907694179334758,0.3430534548229641
3,101,0.0006719315037947654,0.0006830872062386738,0.2868523240089417,0.3561910311381022
3,102,0.0006647347400746779,0.000686644083665063,0.29798004730248157,0.3507041401333279
3,103,0.000661860434424684,0.0006907858523643679,0.30073045521606634,0.3499111082818773
3,104,0.0006614767716346699,0.0006890941721697648,0.30312034274324956,0.35280209514829847
3,105,0.0006571027789448882,0.0006810006620879802,0.30381491478578543,0.3551877922481961
3,106,0.000653715750898154,0.0006825875581449105,0.3125680128733317,0.35664982265896267
3,107,0.000647304843634045,0.0006882039041051434,0.3186635458910907,0.3520838565296597
3,108,0.0006478323726224955,0.0006798383081331849,0.31954790000562316,0.3615235898229811
3,109,0.000644549214206406,0.0006800002767704428,0.3239516967608605,0.3626425531175401
3,110,0.0006392112579541626,0.0006825917853145963,0.3273237496246526,0.3582548313670688
3,111,0.000637925866657845,0.000683308200031105,0.33105844612474794,0.3583965910805596
3,112,0.0006338972295059558,0.0006849796537102924,0.3362092383113908,0.35875036716461184
3,113,0.0006300359672613809,0.0006778853156396912,0.3404278210651727,0.3650412254863315
3,114,0.0006276044716489398,0.0006849365671061807,0.3422822627020471,0.36052821742163765
3,115,0.0006242767807073247,0.0006801570571648578,0.34792697253050625,0.36428844266467625
3,116,0.0006260576599024604,0.0006898411045161386,0.3464805594197026,0.3575462685690986
3,117,0.0006239300954477562,0.0006798202922153804,0.3468451377786236,0.3698564794328478
3,118,0.0006208455408520904,0.0006811213226885431,0.3531791607538859,0.36683868832058375
3,119,0.0006202028922012283,0.0006857996237360769,0.3515338456189191,0.36608261929617986
3,120,0.00061703426360992,0.0006916305334824655,0.3565889024440153,0.3571361449029711
3,121,0.0006157936045417079,0.0006871648766617808,0.3583465701268043,0.3681736893124051
3,122,0.0006094431030322556,0.000677762926918351,0.36674523559617406,0.377816277080112
3,123,0.000608382095657519,0.0006802263799019986,0.36793249507009246,0.3754434559080336
3,124,0.0006030103502174219,0.0006806892381670574,0.3718944158083127,0.37638511260350543
3,125,0.000604967687158259,0.000684187615600725,0.3704442075741144,0.3737811009089152
3,126,0.0005966625281287656,0.0006778661821347972,0.3822636766198241,0.38104336261749266
3,127,0.0005976782804125069,0.0006966568671891259,0.3776248400593981,0.35733002026875815
3,128,0.0005988248287596636,0.0006793644951863421,0.3736501779085324,0.3773941569858127
3,129,0.0005919225168282189,0.000677243683538917,0.38567961395522693,0.38361128568649294
3,130,0.0005933937599399575,0.0006716098920959566,0.3853423117119589,0.3886447747548421
3,131,0.0005905402177530858,0.0006731373658921155,0.38576486684657907,0.3899928463829888
3,132,0.0005861525694741925,0.0006718547911279732,0.3906624247998367,0.3849203904469808
3,133,0.0005945332414459115,0.0006755464244633913,0.38005759922074683,0.3825198252995809
3,134,0.000585472279653689,0.0006688148261875742,0.39036930004755654,0.3902831514676412
3,135,0.000586294504687374,0.0006763510651782983,0.3927923465952461,0.3833870424164666
3,136,0.0005769435553466556,0.0006839990111378332,0.4043509642283122,0.38355320427152845
3,137,0.0005769655016469367,0.0006717190275796586,0.40084613282003523,0.3915139291021559
3,138,0.0005787679353544925,0.0006689096503477129,0.40176682678269754,0.39246258073382906
3,139,0.0005766778610888179,0.0006708936908075379,0.4057322711120417,0.39104288021723427
3,140,0.0005716933019424754,0.0006754563073627651,0.40656410926654013,0.39002429246902465
3,141,0.0005690163948550176,0.0006746741671425601,0.41255065423470955,0.3858781072828505
3,142,0.0005701980815142578,0.0006670774762622184,0.4105756585980639,0.3970133927133348
3,143,0.0005670777578079315,0.0006738136742367513,0.417349061112345,0.3948996596866184
3,144,0.0005642543464933556,0.0006735870006701185,0.41845457436125955,0.39484988848368324
3,145,0.000564688882779008,0.0006741215035112368,0.4159413785110285,0.39742380645540026
3,146,0.0005634572312385303,0.000671975647047576,0.4166878042397676,0.3988705661561754
3,147,0.0005576081956265333,0.0006778614323896666,0.42637212968166965,0.39261222812864516
3,148,0.0005524980174492539,0.000673413076179309,0.4288715107941333,0.3975474317868551
3,149,0.0005553766359994763,0.0006717222083049516,0.4279011376110124,0.4036425934897529
3,150,0.0005576892845752293,0.0006701038037944171,0.4243461573565448,0.3995114313231574
3,151,0.0005596980037897779,0.0006781812408007681,0.4205705801645915,0.39609388642840915
3,152,0.0005523690036900433,0.0006818482432410949,0.4276567069100745,0.39309071169959175
3,153,0.0005513152468340172,0.0006764950023757087,0.4286322581915208,0.39905447430080837
3,154,0.0005476166355498365,0.0006778582633059058,0.4350469406740165,0.4001432736714681
3,155,0.0005423933306398491,0.0006753342976379725,0.4370576932106489,0.4004644950230916
3,156,0.0005407303584636085,0.0006746929061288635,0.44657592449659184,0.4048334585295783
3,157,0.000539583138788096,0.0006813189364038407,0.44346548421883286,0.3984273698594835
3,158,0.0005405053231192546,0.0006730949751929277,0.44469531524328537,0.40630506012174816
3,159,0.0005358924056593052,0.0006794567957210044,0.4466810186704,0.3972669932577345
3,160,0.0005355736610111722,0.0006835458269860181,0.4511521594023999,0.39674073457717896
3,161,0.0005305975597972671,0.0006656167045649555,0.4533877777464596,0.41526401307847766
3,162,0.0005351942831673372,0.0006726457957281835,0.4465310658937619,0.4071562727292379
3,163,0.0005281897143886229,0.0006809372467816704,0.4546745320897044,0.39970559146669177
3,164,0.0005271671528146131,0.0006754950529688763,0.4582000003920661,0.4118560367160373
3,165,0.0005251592190441802,0.0006770396734484368,0.45925346509909926,0.3995531148380703
3,166,0.0005262579985917258,0.0006743211829517451,0.45635951360066734,0.4067716810438368
3,167,0.0005251340294274053,0.0006750086865698298,0.4605448914162907,0.408544299337599
3,168,0.0005238958449752565,0.00067813189751986,0.46094145863144487,0.407606303691864
3,169,0.0005157910168090444,0.0006753065985523992,0.46716175417841216,0.41189760631985134
3,170,0.000512381500484031,0.0006760680103778011,0.4725680239406633,0.4103785607549879
3,171,0.0005153275523219763,0.0006773644760768447,0.47347699035832913,0.4106484373410543
3,172,0.0005116078970999813,0.0006848166877817777,0.4751802999296306,0.4028187341160244
3,173,0.0005066478698238455,0.0006818250921140942,0.4794838312231464,0.40797583262125653
3,174,0.0005109855613418292,0.0006701620929460559,0.4747082906004823,0.4162977589501275
3,175,0.0005093856512016997,0.0006775382401732107,0.4812642561064826,0.408123963409
3,176,0.0005065615316220547,0.0006713881597129835,0.4793942709027985,0.4193280630641513
3,177,0.0005037111057727426,0.0006665283697657287,0.4851551506254408,0.41929890314737955
3,178,0.0005067154382108308,0.0006768699101586308,0.47715795937879585,0.4153077377213372
3,179,0.0004988650176214215,0.0006762225788811015,0.4858271922594235,0.4179807980855306
3,180,0.0005020445469985313,0.0006886178355974456,0.4850289280031934,0.4064875695440504
3,181,0.0005023488026819434,0.0006863966700620949,0.48227296081590065,0.40781431330574885
3,182,0.0005023404767587321,0.0006755446096778744,0.4866178631782532,0.4143636465072632
3,183,0.0004930260558871346,0.0006746035806524257,0.49206503953462766,0.4176504598723518
3,184,0.0004924069683320452,0.000683161166186134,0.49535724233697964,0.41195451153649226
3,185,0.0004970858620198007,0.000697986773836116,0.4898928180152987,0.3968138933181763
3,186,0.0004894882548358981,0.0006778882945784264,0.49638258307068434,0.41178333891762625
4,1,0.07694887050232034,0.01050770611812671,-120.55585630911368,-13.8868079662323
4,2,0.016295380796087378,0.002052363313527571,-24.02396729787191,-1.5910738786061605
4,3,0.011888054657129594,0.0012875750764376587,-17.19748540042359,-0.4962867882516649
4,4,0.009924863324857052,0.0009880847840880354,-14.174235016033974,-0.06650862693786622
4,5,0.008294712294490985,0.0009179754868253238,-11.585351349394998,0.029909239874945745
4,6,0.0068875971422703176,0.0009266169651204513,-9.427695171332653,0.01433221631579929
4,7,0.005782581733562696,0.0008880033364726437,-7.626137042634281,0.07265527248382568
4,8,0.0048812952766447894,0.0008896805100246436,-6.248337607324859,0.0694174263212416
4,9,0.004200925018040486,0.0008520634689678749,-5.190378341557067,0.12111210028330485
4,10,0.003641031613504445,0.0008558525134705835,-4.3041196758364455,0.11279221110873752
4,11,0.0031740948615342746,0.0008478006477364235,-3.5748567672423373,0.12440878682666355
4,12,0.002805193394054601,0.0008369778593381246,-3.0033859485461387,0.13684478733274671
4,13,0.0024957880987153376,0.0008390466799028217,-2.5107345701735695,0.13018061849806045
4,14,0.002265418070816883,0.0008186864239784578,-2.1565147394015467,0.16225390169355605
4,15,0.002070118799046786,0.000812073097202099,-1.8534519828396079,0.1692200356059604
4,16,0.0019260712048429767,0.0008131867313447098,-1.6239570417521911,0.16727989779578314
4,17,0.0017988539953359666,0.0008067324162564344,-1.4305433383694401,0.17609760098987157
4,18,0.001692534876803373,0.0007921777303434081,-1.2651856345894896,0.19516587124930487
4,19,0.0015941004182591482,0.0007919007006825672,-1.1132994616473162,0.1926161805788676
4,20,0.0015186935004973669,0.0007922462730978926,-0.995981032907227,0.19647877348793877
4,21,0.0014472413785111757,0.0007778727061425647,-0.8842336782702693,0.21563105318281386
4,22,0.0013874399674090522,0.000772863557924413,-0.7862432023625315,0.22187797890769112
4,23,0.0013363860720009715,0.0007674807410997649,-0.7096695630638687,0.2303500877486335
4,24,0.001301793672753797,0.0007938655442558229,-0.6584379977650112,0.19681924713982477
4,25,0.0012579282441027002,0.0007708285042705636,-0.5886481243887065,0.2256107727686564
4,26,0.0012104804851804619,0.0007654105364862415,-0.5164797944787108,0.23212272723515828
4,27,0.001178200477676719,0.000764442371049275,-0.4674356852048709,0.2321294281217787
4,28,0.001148535145941064,0.0007615653177102407,-0.41962569142565315,0.23857872088750204
4,29,0.001122097959626972,0.0007574024390325778,-0.37581977594045946,0.24219293196996053
4,30,0.0010907682176265452,0.0007455970290013486,-0.3313258539011449,0.2592742323875427
4,31,0.001071870635137146,0.0007465235604387191,-0.29999136600965337,0.259924230310652
4,32,0.0010506717278334645,0.0007510819084321459,-0.26798882749345565,0.25308003028233844
4,33,0.0010278746379355406,0.000747533816482044,-0.23726979655984007,0.25667445527182686
4,34,0.001011835096725895,0.0007431366610237294,-0.21117138936195845,0.2639650543530782
4,35,0.0009902737206882901,0.00073611214886316,-0.17822078201505873,0.2748617092768351
4,36,0.0009725084111531392,0.0007374468815719916,-0.15074493252200843,0.2711517122056749
4,37,0.000959462426993766,0.0007378984656598833,-0.1296745388596146,0.2699558072619968
4,38,0.0009433567817150443,0.0007313965224764413,-0.10814938295034715,0.2747482657432556
4,39,0.000924683996780925,0.0007259991175184648,-0.08109167931992331,0.28432258235083685
4,40,0.0009135769197234401,0.0007275910142602192,-0.0586726971614508,0.2828894045617845
4,41,0.000904404290917295,0.0007265059911232027,-0.04436286761436933,0.2827559550603231
4,42,0.000891180010225026,0.000723869921380861,-0.027629565751111067,0.28888578679826526
4,43,0.000876473668060139,0.0007196089550335374,-0.005055736906734514,0.29172643158170913
4,44,0.0008668114165315565,0.0007225846664773093,0.009783080477773407,0.28541548252105714
4,45,0.0008538148153205344,0.0007251377062251171,0.030679451536249232,0.2819353010919359
4,46,0.0008481064554085426,0.0007226986396643851,0.035564069541884055,0.2829031507174174
4,47,0.0008368438099694933,0.0007089565236431857,0.05110523097309065,0.30027764240900673
4,48,0.000824899880796165,0.000710171637021833,0.06895185458807297,0.3006131384107802
4,49,0.0008155687325519084,0.0007041993059424891,0.08441561504646584,0.31000405682457816
4,50,0.0008059763220242328,0.0007011808868911531,0.09806005660398506,0.3121630483203464
4,51,0.0007965459084471711,0.0007037402880895469,0.11085855931411555,0.30651913616392346
4,52,0.0007889967276657253,0.0006972512579523027,0.11874155865775214,0.31820109155442977
4,53,0.0007812857948370094,0.0006980012119230296,0.1319851064387663,0.3137642714712355
4,54,0.00077517659900664,0.0006986077241082158,0.14195898241466945,0.3140828159120348
4,55,0.0007677149579480842,0.0006959770418082674,0.15193002312271683,0.3180002397961087
4,56,0.0007621807950249884,0.0006965877811631395,0.15772524306803573,0.315009617805481
4,57,0.0007584326808559306,0.0006920982346249123,0.16944140166412164,0.3197631624009874
4,58,0.0007512646916977786,0.0006947593659990364,0.1786646682539104,0.3145055611928304
4,59,0.000743201924028036,0.0006879288806683488,0.18695309309311856,0.3323296348253886
4,60,0.0007397895341129674,0.0006890306391546296,0.19441751433007512,0.32854422330856325
4,61,0.0007304354215811156,0.0006877977944289644,0.2033963828911016,0.3343937953313192
4,62,0.0007212322396456184,0.0006847932572580046,0.2191835684540831,0.33171491622924804
4,63,0.0007176781895306008,0.0006824775780033734,0.22531658278571234,0.33794543345769246
4,64,0.0007150000770415329,0.0006867989056950642,0.22648823997120798,0.3319615602493286
4,65,0.0007105421135489495,0.0006850450467835698,0.23339460528927086,0.3337260312504239
4,66,0.0007031772261266999,0.0006796130897580749,0.24511513224354498,0.34065458642111884
4,67,0.000702624721740039,0.0006823375420127478,0.24847830946062818,0.34145669009950425
4,68,0.0006966131385760727,0.0006815405058053632,0.2529120783746978,0.340782364209493
4,69,0.0006934695471837013,0.0006827845018253559,0.25604564245836237,0.3408345725801256
4,70,0.0006870300378248003,0.0006794652177227868,0.26664832962883844,0.3466346873177422
4,71,0.0006794361537034956,0.000686742374414785,0.2759445829156004,0.34130161073472765
4,72,0.0006805754189069072,0.0006798163897150921,0.27585101510271615,0.34617478317684597
4,73,0.0006787833212989808,0.000681612393560095,0.278042283470248,0.3471533417701721
4,74,0.0006735158852807442,0.0006753622761203183,0.2849595412795926,0.3498362766371833
4,75,0.0006706991810696545,0.0006749672427152594,0.2905269037058324,0.35070502228207057
4,76,0.0006651169501164537,0.0006750053635591434,0.294397740010862,0.34709425899717544
4,77,0.0006597685906461175,0.0006730366627582245,0.3042401587521588,0.3534430808491177
4,78,0.000654967768508711,0.0006714912338389291,0.30847550292073944,0.35365310774909126
4,79,0.0006542003719297088,0.0006677560534121262,0.3106116630412914,0.35945272313223947
4,80,0.0006480646368553057,0.0006660579664943118,0.32036919049274776,0.3606119645966424
4,81,0.000648547393085872,0.0006704590917151008,0.31846566656489433,0.35972001155217487
4,82,0.0006434542435957234,0.0006710057961754501,0.324343615549582,0.3633745471636454
4,83,0.0006380430427034972,0.0006660092453886238,0.33123470839158986,0.36456841892666286
4,84,0.0006355535575292176,0.0006648984207357797,0.33537349980554465,0.3679309023751153
4,85,0.0006315892819533654,0.0006686178876811431,0.34376532472210164,0.3600352750884162
4,86,0.000631184104749542,0.0006631504472655555,0.34396780376081115,0.36798894008000693
4,87,0.000628441072034615,0.0006621094355877075,0.3443275981479221,0.36897101004918414
4,88,0.0006244239313987854,0.0006618758560054832,0.3527193546295166,0.373279963599311
4,89,0.0006230410506063497,0.0006633146769470639,0.35042147400938434,0.3705520616637336
4,90,0.0006205338343724977,0.0006571006301480035,0.35498722968278107,0.3794216023551093
4,91,0.000612314304129945,0.0006597109643432001,0.3647944672608081,0.37487803432676525
4,92,0.0006168733957442053,0.0006604373222216964,0.3563764039381051,0.3761984798643324
4,93,0.0006085408315418955,0.0006585482094022963,0.3690496783197662,0.37682057354185317
4,94,0.0006048539018885084,0.0006598378195323878,0.3773059724289694,0.3745087914996677
4,95,0.0006066500222206944,0.0006535239168442786,0.36916169928915704,0.3837921606169807
4,96,0.0006036451222938428,0.0006581270394639836,0.3747924948916023,0.37750922706392076
4,97,0.0005988734648534223,0.000657267521859871,0.38452032333538855,0.3799078623453776
4,98,0.0005957637176228066,0.0006568861814836661,0.3852338233111817,0.3789213591151767
4,99,0.0005974653416980104,0.0006522294832393527,0.3859328689398589,0.38546997441185843
4,100,0.0005922034778057333,0.0006537852485457228,0.38940229106832436,0.3860651201672024
4,101,0.0005922596691820172,0.0006489876179128057,0.39187093075410817,0.38996206521987914
4,102,0.0005825244353072327,0.0006536035216413438,0.40150975577625225,0.38472640646828543
4,103,0.0005791037761675263,0.0006499878790539999,0.40280474718706105,0.3868379275004069
4,104,0.0005808956869360473,0.0006484326402035852,0.4024341252115038,0.38958632151285805
4,105,0.0005833691461759126,0.0006459237606678572,0.402910315843276,0.3947386172082689
4,106,0.0005766530275448328,0.000645440827227301,0.4081513429865425,0.3932908415794373
4,107,0.0005744671204736755,0.0006469688223054011,0.41034935079974894,0.39375370211071437
4,108,0.0005742439291623916,0.000645777132983009,0.40999305115805734,0.3901179141468472
4,109,0.0005727710133349454,0.0006458719649041693,0.41075583622779377,0.39149977233674793
4,110,0.0005703051256901228,0.0006491355481557548,0.4137974818547567,0.3881592141257392
4,111,0.0005692441572642161,0.000650728403383659,0.416389560405119,0.38579407533009846
4,112,0.0005637660670025206,0.000645241885083831,0.42381269917076014,0.395200260480245
4,113,0.0005595878959506934,0.0006452682272841533,0.4246720166853917,0.39733339018291897
4,114,0.0005564511859973456,0.0006433069731833207,0.43096635032583164,0.39654646184709336
4,115,0.0005608898458174534,0.0006455155542223818,0.4270540711320477,0.39316616588168674
4,116,0.0005553097081842062,0.0006415048627079361,0.43268175890416277,0.40040471686257256
4,117,0.0005562809099052331,0.0006415206926046974,0.43269100969220387,0.4051874081293742
4,118,0.0005529186043767603,0.0006419395316495664,0.43541909588707817,0.4010281417104933
4,119,0.0005527597601973901,0.0006369868629715509,0.43261390321048687,0.4056319620874193
4,120,0.0005484122824625193,0.0006404183817923897,0.44120757108853187,0.40355872180726793
4,121,0.0005463894233136311,0.0006376806374949714,0.4446949648268429,0.4020265221595764
4,122,0.0005412217930971105,0.0006364841234042412,0.44596171614564495,0.4082897835307651
4,123,0.0005414965858591007,0.0006360779684554371,0.44934637826166035,0.4046551929579841
4,124,0.0005376822494809735,0.0006384545613804625,0.4538671964480553,0.40356335375044083
4,125,0.0005361118333782127,0.0006362018925655219,0.4520485813235059,0.4087164216571384
4,126,0.0005334479258579697,0.0006385848146035439,0.4563210441742414,0.40618133544921875
4,127,0.0005366091886650265,0.0006360559672531154,0.4522975993745121,0.41402623653411863
4,128,0.0005339421061683952,0.0006364160825291441,0.4574829144242369,0.4023580153783162
4,129,0.0005334110165957683,0.0006376115398274528,0.45620444777571123,0.4060456289185418
4,130,0.0005341495564034968,0.000633578772087478,0.4534765895502067,0.41287022034327187
4,131,0.0005279761197240909,0.000635855791107234,0.4646627593923498,0.41000008450614084
4,132,0.0005230059723634226,0.0006337114027701318,0.4698204019923269,0.408651171790229
4,133,0.000520813209435868,0.0006358959155881571,0.473234917205057,0.41061285071902803
4,134,0.0005226575628635876,0.0006321343295793567,0.4706098931807059,0.4130596227116055
4,135,0.0005153086378503545,0.0006391971527288357,0.4785858523698501,0.4060806618796455
4,136,0.0005162318855851751,0.0006351011999261876,0.4744753412258478,0.4164199166827732
4,137,0.0005165731410760386,0.0006326145013897783,0.4751326004664103,0.41194894578721786
4,138,0.0005232750739971245,0.0006293872591211564,0.4714279848852275,0.4143467320336236
4,139,0.000510209460777265,0.0006312447160275446,0.4838299455466094,0.4154419541358948
4,140,0.0005105171885117198,0.0006347698392346502,0.4773110135101978,0.41546762651867336
4,141,0.0005106186558906403,0.0006357576051313017,0.4807184859558388,0.40658384296629163
4,142,0.0005084030271973461,0.0006372419082456165,0.4842496297977589,0.4121013747321235
4,143,0.0005043128419834201,0.0006335603888146579,0.4867488584400695,0.4121058834923638
4,144,0.0005008793690379847,0.0006318884733546939,0.49350634960480677,0.41521330542034574
4,145,0.0004998764337937313,0.000629861529968265,0.4915172491544559,0.4181136237250434
4,146,0.0005034589595276357,0.0006292578634909458,0.49191593240808557,0.42003692123625014
4,147,0.0004998581785777653,0.0006402843347233203,0.49042361179987587,0.40470326873991225
4,148,0.0004989790350032028,0.0006296074108427598,0.49443277370782546,0.42137544552485146
4,149,0.0004936528309495591,0.0006313713784846995,0.5003125096544807,0.41111250585979886
4,150,0.0004949983343033602,0.0006350245857093897,0.4937656658667105,0.416773702038659
4,151,0.0004963311590225562,0.0006321037692638735,0.4993602579022631,0.41583045456144546
4,152,0.0004913037230352652,0.0006259878670486311,0.497514068050149,0.4254549874199761
4,153,0.00048672556891508494,0.0006265917262579831,0.5080364433335669,0.4222044150034587
4,154,0.0004860424897978427,0.0006378451556277772,0.508374145001541,0.40615406698650786
4,155,0.0004835672819567269,0.0006297891998353104,0.5101729419496325,0.4224587228563097
4,156,0.00048572069578689097,0.0006349058524291549,0.5073247665240441,0.4140234642558628
4,157,0.0004847981223986013,0.0006338291090085275,0.512238590364103,0.41120006640752155
4,158,0.00047920381989514016,0.0006351761390558547,0.5106897979606817,0.4190271549754673
4,159,0.00048357606089363496,0.0006304187920048005,0.509756835596061,0.42369562255011667
4,160,0.00047832668951517087,0.0006307971430942416,0.5140570104858022,0.42079910304811263
4,161,0.0004747542428329909,0.0006267206432918707,0.5196155511302712,0.4242997248967489
4,162,0.0004760829349519846,0.0006386749239431488,0.5137382616231471,0.4122298187679715
4,163,0.00047361001754639507,0.0006347602647211817,0.5176471776432461,0.4168871733877394
4,164,0.00047403887995047336,0.0006272717197943065,0.5127262105176478,0.42760165135065714
4,165,0.00046588630734563423,0.0006253555016074744,0.5295729782846239,0.4271674580044217
4,166,0.0004664572358223391,0.0006312999822613266,0.527216903515804,0.4148922827508714
4,167,0.0004721958660894292,0.0006291030789725482,0.5191011895368128,0.4202290124363369
4,168,0.0004628131484446104,0.0006323611079197791,0.5303680678944529,0.41701264911227753
4,169,0.0004638981253748047,0.0006311778302511408,0.529175779848923,0.4159280485577054
4,170,0.00046556729774485217,0.0006259333613949518,0.527517158013803,0.4306500832239787
4,171,0.0004638091934827605,0.0006264366041351523,0.5262695964471793,0.42787096500396726
4,172,0.00046106421519473287,0.0006447693190744354,0.5320834866276494,0.4051129579544067
4,173,0.0004663052309712648,0.0006383925262424681,0.5251518299550186,0.4145573337872823
4,174,0.0004538040464445029,0.0006332408455717894,0.5392262394045606,0.4184628340933058
4,175,0.0004590227271510679,0.000630010960675362,0.5311583037729617,0.41994349691602917
4,176,0.000453333467544045,0.0006372241445610093,0.536229384239809,0.4179996993806627
4,177,0.0004471435977640435,0.0006245185556407604,0.5446144305629494,0.4258619639608595
4,178,0.00045185624068476443,0.0006275286367680463,0.5441708494115759,0.42222632434633045
4,179,0.0004496899789866106,0.0006266922082027627,0.5385334072289644,0.4187995155652364
4,180,0.00044778803116239516,0.000629495355921487,0.5420360712357509,0.42374909851286147
4,181,0.00044716539214951573,0.0006349370284523401,0.5473977088928222,0.42099607123268973
4,182,0.0004477183239672471,0.0006256277595336238,0.5473260779439667,0.4258451263109843
4,183,0.00043987317778239094,0.0006368778012175527,0.5526996425640436,0.4196839769681295
4,184,0.0004443920374830702,0.0006349309075934192,0.5475622667206659,0.4159284273783366
4,185,0.0004362338920336585,0.0006355098086512751,0.555884740087721,0.41891394986046687
4,186,0.00043740155804833326,0.0006268939714775318,0.5569485109529377,0.4219871573978
4,187,0.0004402241666002176,0.0006406678947516614,0.5520570116278566,0.4161795073085361
4,188,0.00044068027902854445,0.0006291220236259202,0.5511470787319136,0.41963629987504747
4,189,0.00043611465320910934,0.0006384717468689713,0.5538066070756794,0.4149071110619439
4,190,0.0004337103446704094,0.0006314003115726842,0.5517462218249286,0.42963549031151665
4,191,0.00043500837565250234,0.0006209152673060695,0.5560311311556969,0.4322259200943841
4,192,0.0004315882348484233,0.000641120644286275,0.5616954111758573,0.4123132679197523
4,193,0.00042874753434946875,0.0006360906409099698,0.5608623445769887,0.42139645285076566
4,194,0.0004294759912968234,0.0006246407348145214,0.5613263186113334,0.4298715379503038
4,195,0.00042732383173396004,0.0006353400725250443,0.5674040639841998,0.4200469281938341
4,196,0.0004323883733804119,0.0006271320718547537,0.5568305025866003,0.4281676822238498
4,197,0.00042220558942422084,0.0006220503011718393,0.5689551661043991,0.4334017581409878
4,198,0.0004213081823696417,0.0006299240734531648,0.567996166959221,0.4270539866553413
4,199,0.0004232741871498019,0.0006366058886568579,0.5704116582870483,0.4149170531166924
4,200,0.00041953066642752584,0.0006361221480700705,0.5750459640114396,0.42237823804219565
4,201,0.00041552440580957926,0.0006414179793662495,0.5764255773873976,0.4131480124261644
4,202,0.00041465628173570205,0.0006253691390156746,0.574919049092281,0.4282346804936727
4,203,0.00042001537261473267,0.0006298499569917719,0.573522690784784,0.4256696105003357
4,204,0.0004161616392795824,0.0006360464328382578,0.5726169702447491,0.4192328757709927
4,205,0.0004140416959323633,0.0006294134409270352,0.5744783054163427,0.42322969834009805
4,206,0.00041095213863975654,0.0006271350029338565,0.5801185544626213,0.42419606314765085
4,207,0.0004102187790264042,0.000630403273842401,0.5795682531815988,0.42150169213612876
4,208,0.00040887097905700407,0.0006250516589110096,0.5821686974278203,0.4274980306625366
4,209,0.0004052858898864576,0.0006263217526591487,0.5876274104471559,0.4265320102373759
4,210,0.000401057237126853,0.0006377497403365043,0.5905767611515375,0.4168733596801758
4,211,0.00040690246258034474,0.0006250651579143273,0.5805394961510175,0.4298491451475355
4,212,0.00040446006517604364,0.000633537540367494,0.5869846710452327,0.42722578710979886
4,213,0.0004016724668075273,0.0006317679679745601,0.5892322229750362,0.42230574289957684
4,214,0.0004035954494431707,0.0006281761892346872,0.58913228114446,0.4273741364479065
4,215,0.0003976976612502318,0.0006454200613208943,0.5922472912588237,0.4005629473262363
4,216,0.0003966708577749676,0.0006388185196556151,0.59422911228957,0.4182456824514601
5,1,0.07427347462486338,0.008026596945193079,-114.27385686474082,-10.480390304989285
5,2,0.01560354455385679,0.002299072541710403,-22.949330752572894,-1.8001789940728081
5,3,0.01181861746734307,0.0014900823460064,-17.042313027087552,-0.6223781612184313
5,4,0.00972206484940317,0.0010948875724958876,-13.827621033750935,-0.042947276433308916
5,5,0.008153486072465226,0.0010334758851159778,-11.355575197125658,0.04754564894570245
5,6,0.006841258032040463,0.0010225425668371221,-9.33206100522736,0.055933790736728245
5,7,0.005794635862342002,0.0009922876501352422,-7.666699225814254,0.10225274165471394
5,8,0.004956136163278126,0.000998779450957146,-6.359063572059443,0.08776115046607123
5,9,0.004261596696336328,0.0010096824068265657,-5.288853670638285,0.07085310882992214
5,10,0.0036766922480806156,0.0009864866436045203,-4.383195193608602,0.10436702966690063
5,11,0.003204769251385221,0.000977142620831728,-3.624613983542831,0.11462431483798557
5,12,0.0028105588647088517,0.0009487708952898781,-3.0174590640597874,0.15273830360836452
5,13,0.002503121819600095,0.000951076032490366,-2.5443073678899695,0.14857600927352904
5,14,0.0022419600247370977,0.0009501992970601552,-2.136475595427148,0.14709599018096925
5,15,0.002045159716228092,0.0009297300026648574,-1.8281911552688221,0.17260369724697536
5,16,0.0018825517987464497,0.0009290138375945389,-1.577963024157065,0.17165181504355537
5,17,0.0017492326801458811,0.0009099933538689382,-1.3636041644178791,0.19524745941162108
5,18,0.0016442307377418067,0.0009288773380426897,-1.1984441153797103,0.16387167771657307
5,19,0.0015626989371131785,0.0009026202515492009,-1.0794655782205087,0.2044306755065918
5,20,0.001475624830381554,0.0009127422054815623,-0.9415332598450743,0.19205867846806843
5,21,0.001406242053978789,0.0008874928397643897,-0.8352563044171274,0.22291805346806845
5,22,0.0013454903811101376,0.0008968522578167419,-0.7396163671104996,0.20967211458418106
5,23,0.0013002839655166976,0.0008775193308894005,-0.6703619299111543,0.24157761335372924
5,24,0.001254860989542471,0.000882092089806166,-0.6031728634127864,0.22824781603283353
5,25,0.0012184952727783424,0.0008693670698752006,-0.5420903660632946,0.24213629961013794
5,26,0.0011816154866490835,0.0008719074307009578,-0.48826554071756056,0.2432504269811842
5,27,0.0011480649122623382,0.0008654829269895951,-0.43537539449738866,0.25207502709494695
5,28,0.0011199724034084307,0.0008562729098937577,-0.3902674407134821,0.26413488652971057
5,29,0.0010865555423668321,0.0008582530206897193,-0.3435732454429438,0.2590011133088006
5,30,0.0010652696397615436,0.0008687372539295918,-0.30807048200089254,0.24425472286012437
5,31,0.0010505985258790998,0.0008614444406703115,-0.28471418177639995,0.2522053082784017
5,32,0.0010251739585519204,0.0008499883399862383,-0.2472500753991398,0.2707219256295098
5,33,0.0009991350185620473,0.0008454670224131809,-0.2070152422528208,0.2747348189353943
5,34,0.0009824441819175802,0.0008482066655738486,-0.1809618995513445,0.26681537363264296
5,35,0.000964217333778463,0.0008371735651356479,-0.1525120852906027,0.2843260314729479
5,36,0.0009472791694771544,0.0008357885849869086,-0.1288450174861484,0.2831874344083998
5,37,0.0009275836615685235,0.0008365290278258424,-0.09881386874634543,0.2790089315838284
5,38,0.0009118668939113433,0.0008275810034117765,-0.07356094180801769,0.2908822231822544
5,39,0.0009003855108375442,0.0008322818437591195,-0.05449978024871261,0.28909647332297433
5,40,0.0008926176374065288,0.0008215887704864144,-0.044815232577147306,0.3008907318115234
5,41,0.0008758882451572536,0.0008188067068759766,-0.019262553880244126,0.3047259039349026
5,42,0.0008632238321926123,0.0008287561992700729,-0.0003959457079569499,0.2896964020199246
5,43,0.000845722486063792,0.0008183943780346049,0.024020772215760784,0.3066876252492269
5,44,0.0008382878931710657,0.0008186272888754804,0.03568655296608254,0.3043166438738505
5,45,0.0008273670057490192,0.0008081305293469793,0.05126610096590019,0.31243539916144475
5,46,0.0008188949978369989,0.0008095991150993439,0.06533887621797162,0.31581003798378837
5,47,0.0008039644972513212,0.0008102758386586275,0.08745226080034986,0.31096011930041845
5,48,0.0007959628964912285,0.0008082466510434945,0.09792550875816816,0.317016507519616
5,49,0.0007862959672225478,0.0008038111923572917,0.1135492585323475,0.31994936333762275
5,50,0.0007782900544964237,0.0008073313032380409,0.12468663615944944,0.31315041250652736
5,51,0.0007701720550863279,0.000797968572523031,0.13553359199453283,0.3252143555217319
5,52,0.0007573992797219551,0.0007924673871861563,0.1527512456163948,0.32788947025934856
5,53,0.000753298769618764,0.0007884257033260332,0.16304242934709715,0.33660690254635284
5,54,0.0007479238788091383,0.0007984843402583566,0.1693918706458292,0.3304443041483561
5,55,0.0007385632457257605,0.0007858282873510487,0.18415595970036072,0.3450499998198615
5,56,0.000731031702440462,0.0007880734525517457,0.19336826506956123,0.34373430411020917
5,57,0.0007217308796689283,0.0007815589585031072,0.20723790062798395,0.34060533046722413
5,58,0.0007157089691724123,0.000775640635078566,0.2150542875866831,0.35343077580134075
5,59,0.0007104517751154892,0.0007766424147929582,0.22311709383387623,0.349548692173428
5,60,0.0007022117622438129,0.0007719467989065581,0.2325913370391469,0.3536054770151774
5,61,0.0006943149477772323,0.0007661205509470569,0.24347798471097593,0.35822151766883004
5,62,0.0006945058385795557,0.0007670813188370731,0.24396004382474923,0.35878900157080756
5,63,0.0006864724189250005,0.0007679692430732151,0.25600949820177055,0.35865498118930395
5,64,0.0006800583678723117,0.0007650165003724396,0.2633176454791316,0.35938513543870715
5,65,0.0006761444659248271,0.0007636805259001752,0.27035866210490095,0.36788667837778727
5,66,0.0006700934826419402,0.0007619762224041753,0.2769841996240027,0.37124621205859715
5,67,0.0006651311233225796,0.0007646851564964487,0.2862520220838947,0.3710303028424581
5,68,0.0006594589527661878,0.0007626923486693866,0.2968401618945746,0.36945851776334976
5,69,0.0006543663834842543,0.0007516463093149166,0.3002146897492585,0.37980804708268906
5,70,0.000651953143303363,0.00074884144252994,0.30492482847637603,0.38868461714850533
5,71,0.0006455869501583094,0.0007416959748499923,0.31314461702181967,0.392648794915941
5,72,0.0006442309245122252,0.00074600407646762,0.31667231968891474,0.3910346931881375
5,73,0.0006419581033427406,0.0007482807772854964,0.3162663297888673,0.3902618673112657
5,74,0.0006366467534529942,0.0007407893310301006,0.3268347875571545,0.3914664255248176
5,75,0.0006347287483628334,0.0007402578782704141,0.32965885165296954,0.3987675017780728
5,76,0.0006295745202087234,0.0007388887758780684,0.33585533845571824,0.4041641526752048
5,77,0.0006284512325052034,0.0007368303460275962,0.335722060262421,0.40587108665042454
5,78,0.0006208635665430331,0.0007414332396971683,0.3476055183528382,0.40279139942593045
5,79,0.0006181341696553576,0.0007321970576109985,0.3494299556002205,0.4074777497185601
5,80,0.0006163110670541631,0.0007344618840660486,0.35108281138502523,0.4092237406306797
5,81,0.0006086071901437309,0.0007322822684525615,0.3625360107716219,0.41318059232499865
5,82,0.0006071605991980314,0.0007290996688728531,0.3668861002097895,0.41537224716610377
5,83,0.0006081968288650208,0.0007235547695826325,0.36400556328855915,0.4246474279297723
5,84,0.0006038574118132668,0.0007236494152392778,0.3707242562447065,0.41848397122489084
5,85,0.0005959311107828937,0.0007258569252573782,0.3783131399272401,0.41897305647532146
5,86,0.0005960373516930382,0.0007231836944508056,0.37952342327730154,0.42502544985877144
5,87,0.0005916350123035595,0.0007209214356003537,0.38389284757920256,0.4250184549225701
5,88,0.0005877605385009062,0.0007154507588388191,0.3891631765130125,0.43004431062274506
5,89,0.0005854350332182223,0.0007216758637999495,0.3921794024514563,0.42692449225319756
5,90,0.0005851743553109743,0.0007185888890590933,0.3924235308611834,0.4269229147169325
5,91,0.0005795258859080481,0.0007241436513140797,0.39704100629429756,0.4247943255636427
5,92,0.0005787158265629392,0.000715416371046255,0.400313127040863,0.43125336435106065
5,93,0.000576960296013657,0.0007128475143367217,0.40069841632136594,0.4361302826139662
5,94,0.0005739231734755046,0.0007193034475979705,0.4046701198742714,0.42630793650945026
5,95,0.0005717545952561691,0.0007067786878906191,0.4084422775256781,0.4368852138519287
5,96,0.0005686630719099883,0.0007159114543658991,0.4114811614707664,0.43751437664031984
5,97,0.0005653127997734204,0.000713246441187544,0.4136954494464545,0.43524725834528605
5,98,0.0005641915868496362,0.0007141063287336793,0.41251082111288,0.4369893060790168
5,99,0.0005655800491100016,0.0007078953798756832,0.4143220465860249,0.4456307954258389
5,100,0.0005571581847264351,0.0007008804784466823,0.4246845030490263,0.44634084833992854
5,101,0.0005558659035114594,0.00070812011965447,0.4259923403645739,0.4466333097881741
5,102,0.0005544011595365764,0.0007034415081660781,0.4253701130549113,0.4481013298034668
5,103,0.0005526223070459602,0.000700061593670398,0.4277354704009162,0.44786023961173166
5,104,0.0005499154784900631,0.0007035765900380082,0.4293900607544699,0.4498816649119059
5,105,0.0005476449352522369,0.0006983984119465781,0.4358913592350336,0.45257514317830405
5,106,0.0005426420393273418,0.0007028094893838797,0.43958074237093514,0.4537527600924174
5,107,0.0005425591819436737,0.0006999035288269321,0.44255944784776663,0.4583998560905457
5,108,0.0005366668763375024,0.0006940336872099175,0.45097907413671046,0.4618953651852078
5,109,0.0005327728701278245,0.0007020399659975535,0.45300426880518596,0.45362440480126276
5,110,0.0005373555523009948,0.0006934132737418016,0.44678960435184434,0.46097216738594904
5,111,0.0005338884467534997,0.0006939855856924421,0.4515258680155248,0.4635131186909146
5,112,0.0005279850653073762,0.0006923063839268354,0.4581327322088642,0.46218674182891845
5,113,0.0005300542111882227,0.0006958921142439876,0.4565636590675071,0.4559166232744853
5,114,0.0005262488466227588,0.0006927429685472614,0.45866772495670083,0.4627315084139506
5,115,0.0005246133315032003,0.0006907262865246998,0.4630243686982143,0.4599563201268514
5,116,0.0005232301746196125,0.0006918803969812062,0.46166595617930095,0.46459228065278796
5,117,0.0005159554122027331,0.0006905700726848509,0.46933098898993597,0.46376746628019544
5,118,0.0005184550109940271,0.0006835579445275167,0.4672295223047704,0.47002711958355375
5,119,0.0005138144797478791,0.000690305251110759,0.4717804320064592,0.4662328256501092
5,120,0.0005099799391313422,0.0006957272921378414,0.4772558898101618,0.4634059031804403
5,121,0.0005089480680683742,0.0006853567927868829,0.48088178296148043,0.47183638546201917
5,122,0.0005077116336547023,0.0006820012026259468,0.48240881834501104,0.4761248853471544
5,123,0.0005055728962035551,0.0006816836410305566,0.4832527787597091,0.47152689297993977
5,124,0.0005103593949446983,0.0006861234730523493,0.47927523645353903,0.47331895960701836
5,125,0.0005040572083089501,0.0006935521934388413,0.48312959685737705,0.4702723675303989
5,126,0.0004997893109382992,0.0006898520385018653,0.48775674605075225,0.47240974240832856
5,127,0.0005045969937468108,0.0006842788593429658,0.48368544195905144,0.475775236553616
5,128,0.0004956756031462624,0.0006804133170387811,0.49436929167052845,0.4808964212735494
5,129,0.0005005995413133253,0.0006798164220526814,0.48853267284087193,0.48065642913182577
5,130,0.0004936454866518393,0.0006707614210123817,0.4953081769707762,0.48527405394448175
5,131,0.0004943009381855114,0.0006905339684130417,0.4938807103368971,0.4770499520831638
5,132,0.0004927100192605989,0.0006781553771967689,0.4952606083434305,0.4817649430698819
5,133,0.0004886973690942942,0.0006884135875023074,0.5014975515412695,0.47784413629108
5,134,0.0004883245429897934,0.0006813015374872419,0.5002142249802013,0.48546371592415705
5,135,0.00048551067334806755,0.0006825881027099159,0.5030686691955284,0.48301606708102757
5,136,0.0004822588812439116,0.0006843973649665713,0.5062954113807208,0.47975554598702325
5,137,0.00048039575433645994,0.0006793262837972078,0.51313115608545,0.48178454240163165
5,138,0.00048052922486224107,0.0006758628309600883,0.5091541132809203,0.4881303800476922
5,139,0.0004824093872117867,0.0006820402017587589,0.50498066448871,0.4824263572692871
5,140,0.0004788012266802935,0.0006701304499680797,0.5114064343181657,0.4911348011758592
5,141,0.0004705926816605813,0.0006817460551650987,0.5129724470185645,0.4857087360488044
5,142,0.0004758469781257718,0.0006739264444655014,0.5131339336618965,0.48806809849209254
5,143,0.00046703875687168796,0.0006656327478898068,0.5226593919742255,0.4988230506579081
5,144,0.0004705016793723414,0.0006712333273349537,0.5220567289693856,0.4925054603152805
5,145,0.00046713387688483905,0.0006675341360581418,0.5226161072283615,0.49833837350209553
5,146,0.00046458356197417517,0.0006659760631413924,0.5261321643252431,0.49947226179970633
5,147,0.00046521230697068444,0.0006833073540797665,0.5277302232789405,0.48210432529449465
5,148,0.0004675559956798859,0.0006750857470453613,0.5218768640800758,0.49033004972669814
5,149,0.0004574393912471463,0.0006793589111314052,0.5314869147759896,0.4866984062724643
5,150,0.00046467429866301423,0.0006754191889841523,0.5216739997451688,0.4909306539429559
5,151,0.00046426011831499634,0.0006774266858378218,0.5253582916142028,0.48998291624916923
5,152,0.0004573312296279143,0.0006657981598335835,0.5361615072061986,0.49581436845991345
5,153,0.0004533133556474184,0.0006689790105964574,0.5398311638537748,0.4982617656389872
5,154,0.0004610865879918874,0.0006667404668405652,0.5284338584652654,0.5001915666792128
5,155,0.0004565975886056729,0.000680704466584656,0.5335538842059948,0.48730972210566204
5,156,0.0004541497567616817,0.0006698002042766246,0.5370464701711396,0.4996127406756083
5,157,0.0004534410085690058,0.0006722860413396524,0.535051010125949,0.5004050347540113
5,158,0.0004522779874538106,0.0006787015564946665,0.5377612767396149,0.4875533236397637
5,159,0.00045039556391629173,0.000674832771377017,0.5395743789496246,0.4961639483769735
5,160,0.00044480858321796046,0.0006698607053193781,0.5469590557946099,0.4996119128333198
5,161,0.0004436083207694515,0.0006771913742543095,0.548151050084903,0.4929019927978516
5,162,0.0004396851937700477,0.0006659983553820186,0.5515004965994094,0.49945089949501886
5,163,0.00044164297984407086,0.0006692227635843058,0.5493074774742126,0.5007753822538588
5,164,0.00044471554639231826,0.0006652946661536893,0.5472062052032094,0.5017259332868788
5,165,0.0004412723488869996,0.0006646369803800351,0.5475863290421756,0.5055108202828301
5,166,0.000438074627675599,0.0006746540169438554,0.5517969796686997,0.49606649080912274
5,167,0.00043816898559955993,0.0006781998931223319,0.5531196326385309,0.493096829785241
5,168,0.0004339585381123111,0.000671066680095262,0.5571319974498984,0.4991525212923686
5,169,0.0004353519991891068,0.000668727139580167,0.5583234982726014,0.4994699743058946
5,170,0.00043819910849525055,0.0006646788911893964,0.5556632080195862,0.5032088571124607
5,171,0.00043740795039928256,0.0006709987194173866,0.5554879796357802,0.500578248500824
5,172,0.0004346657107457703,0.0006741274303446213,0.5556706678720168,0.49777324199676515
5,173,0.00042286789099352413,0.0006765732645160622,0.5673546638017819,0.5021272208955553
5,174,0.0004329167976170594,0.0006666067146903111,0.5558265037006802,0.5031240940093994
5,175,0.0004275967632880273,0.0006709294109087851,0.5603469576364682,0.4988740536901686
5,176,0.0004262317983105917,0.0006728229837285148,0.5660661289721359,0.5028469602266947
5,177,0.00042843361102033083,0.000669503720322003,0.5627009455068612,0.5083612269825406
5,178,0.0004284121585509705,0.000670202534335355,0.5623202765429461,0.5063101318147447
5,179,0.0004310006882282503,0.000668768090609875,0.5581346569237886,0.5031766692797343
5,180,0.0004221518450692572,0.0006650954252108932,0.5689904009854352,0.5040715482499865
5,181,0.00042209670976678165,0.0006723027935044633,0.5675043768352932,0.4979323347409566
5,182,0.00041529453240254504,0.0006705938890162441,0.5754547428201746,0.5051212562455072
5,183,0.0004193393797412469,0.0006767490723480781,0.5731430821948581,0.5013739718331232
5,184,0.0004159153635285933,0.0006675637909211218,0.5763016041414237,0.5056845598750644
5,185,0.0004187277613069724,0.0006729532059075103,0.571095809082926,0.5036819484498766
5,186,0.0004144179837398783,0.0006697150594037441,0.5767180997648357,0.5036687678760953
5,187,0.0004129615712215273,0.0006773368119158678,0.5788527890487953,0.49788759019639756
5,188,0.0004111264447141209,0.0006680116135006149,0.5831095432057792,0.5083859059545729
5,189,0.000412260417116484,0.0006802865265247722,0.5795869865535218,0.49676842292149864
5,190,0.00041147741779432067,0.0006693944050413039,0.5774105835843969,0.507034789191352
6,1,0.07134598470120518,0.008921087802284294,-110.49832999264753,-10.936508258183798
6,2,0.01551122098563262,0.002455199468466971,-22.961733922840637,-1.9477329889933268
6,3,0.011129175480685117,0.001366438747694095,-16.14928692770593,-0.44784773058361477
6,4,0.009325961350106899,0.0010218018614169624,-13.250395373944883,0.01541620625389947
6,5,0.007835112617891512,0.0009848023247387675,-10.954358508263105,0.06024794843461778
6,6,0.006642621265793288,0.0009653343948432141,-9.022769101755118,0.08652424679862128
6,7,0.0056075138200856285,0.0009595217597153452,-7.418544707769229,0.09448673460218641
6,8,0.0048233967998789415,0.0009605645693631636,-6.193559823212801,0.09062459336386787
6,9,0.004169162150679363,0.0009615230063597361,-5.1647986208951036,0.08612169689602323
6,10,0.0036305889539006682,0.0009504597996258074,-4.317920142927288,0.09637035926183064
6,11,0.003166793106859665,0.0009510956859836976,-3.589227376749486,0.1000277148352729
6,12,0.0027986265874157348,0.0009284948813728988,-3.017709027690652,0.12425484789742364
6,13,0.0024957877727524364,0.0009264817823552423,-2.5317381770522505,0.12829601632224188
6,14,0.0022541493137171608,0.0008986756710025172,-2.1634970685582102,0.1631380359331767
6,15,0.0020505049918421807,0.0008918705590379735,-1.8388579141946486,0.17395991219414605
6,16,0.0018989083342783061,0.0008875597811614474,-1.6078739351696438,0.1762374785211351
6,17,0.001779943732774736,0.0008912726279555096,-1.4184585397626146,0.16730462312698363
6,18,0.0016804899060293848,0.0008911955312618779,-1.2598953406016031,0.16699798504511515
6,19,0.0015900695509633717,0.0008810798482348521,-1.1226742177833746,0.18468310832977294
6,20,0.00152326380075128,0.0008752959573434458,-1.0189291918719257,0.1880086170302497
6,21,0.0014600225456955808,0.0008720442303456366,-0.9155454878453855,0.19411729441748726
6,22,0.001408391020456214,0.0008684402448125184,-0.8339453027572161,0.19612689945432876
6,23,0.001359944158797095,0.0008768364942322175,-0.7622701322590864,0.18623924785190157
6,24,0.0013156613122303914,0.0008699090543410016,-0.6897075873834115,0.20148637957043117
6,25,0.0012727712830068706,0.000852385581108845,-0.6253076444437474,0.21597189240985445
6,26,0.0012328733158309335,0.0008604656180573834,-0.5623110058866901,0.2077942066722446
6,27,0.0012081834079444777,0.0008542049016493062,-0.5261520944995645,0.21855360799365572
6,28,0.0011852264536521685,0.0008476262006701695,-0.48885753095885853,0.22611431810590957
6,29,0.0011567200945092387,0.000849539773642189,-0.44327510595321656,0.2218893395529853
6,30,0.0011265429113359179,0.0008421919502628346,-0.39969447321361967,0.23347058031294082
6,31,0.001103707721721335,0.0008375639419278337,-0.3616785905979298,0.23970871766408283
6,32,0.0010865814995342567,0.0008390271285962727,-0.3370716356936796,0.23304665353563098
6,33,0.0010662010045906093,0.0008475793409161269,-0.3045451243718465,0.22467020087771947
6,34,0.001053008535462949,0.0008333816348264615,-0.2816120717260573,0.24074377881156073
6,35,0.0010311022671054542,0.0008320400737122529,-0.24878917667600844,0.24684907992680868
6,36,0.0010118106759532733,0.0008222199213277135,-0.21815838210376692,0.2554944700664944
6,37,0.0010006206174794998,0.0008314631762914359,-0.20246900526093847,0.24630609220928615
6,38,0.0009904019547522895,0.0008206565385787851,-0.1841190419079345,0.2588933878474765
6,39,0.000971882746922841,0.0008277237454118828,-0.1602597149801843,0.24900798930062187
6,40,0.0009657316598293866,0.0008185345847677026,-0.14479401994634558,0.2605559958351983
6,41,0.0009517450569726434,0.0008199825197354787,-0.1281721705271874,0.26058686574300133
6,42,0.0009376649382627672,0.0008153615972130662,-0.10586154048825487,0.2665258142683241
6,43,0.0009259031407167146,0.0008146335849434966,-0.0862537482638418,0.26499517891142105
6,44,0.0009182476981853446,0.000806208340347641,-0.07273036241531372,0.27764131095674305
6,45,0.0009056680611576195,0.00081186800962314,-0.055103174109517795,0.2715317514207628
6,46,0.0008979038734931821,0.0008031091355304751,-0.04447916054431303,0.27931010325749717
6,47,0.000888628082315403,0.0008059918013815251,-0.029354591575669654,0.27612091965145535
6,48,0.0008796434771890442,0.0008042223596324523,-0.015985960283397157,0.281195514731937
6,49,0.0008702004377235785,0.0008024466236949795,-0.0027479554400031947,0.2837871551513672
6,50,0.0008634868716062219,0.0007981582363653514,0.007149291921544958,0.28537200027041965
6,51,0.0008581077152529709,0.0008051120818385648,0.01600302443092252,0.277950472301907
6,52,0.0008462203337443004,0.0007988159104974733,0.03340599536895752,0.2850250760714213
6,53,0.0008420674871929266,0.0007967796034386588,0.03767832134976799,0.28982497453689576
6,54,0.0008348907717722066,0.0007871260737172431,0.052144912437156396,0.29977356725268894
6,55,0.0008240137775256126,0.0007945825294074085,0.06595244863886893,0.28841404252582126
6,56,0.0008261477192403909,0.0007904515097228189,0.06307504912953318,0.2955885688463847
6,57,0.0008166432850649235,0.0007876573764305148,0.0780001946437506,0.3000549700525072
6,58,0.0008077754616093489,0.0007830810875424909,0.0882751926963712,0.3020732813411289
6,59,0.0008028167449397806,0.0007834863745503956,0.09745663154272385,0.3049439787864685
6,60,0.0007982281321245763,0.0007735210315634807,0.10390887466477759,0.3131580882602268
6,61,0.0007862525675905708,0.0007743347371514473,0.12029796735740002,0.3127986616558499
6,62,0.0007864176360372868,0.000777511425419814,0.12051732687302577,0.3075863242149353
6,63,0.0007791846079383919,0.0007728574318914777,0.12967166459118878,0.31380812724431356
6,64,0.0007758966491868099,0.0007723988835803337,0.13598763309879067,0.31310157908333675
6,65,0.0007691499090144112,0.0007685080118891266,0.14564392861024833,0.3192090935177273
6,66,0.0007579306725493092,0.000764747463270194,0.15957542878610118,0.3226954499880473
6,67,0.0007539686463761753,0.0007630460442871683,0.16337895069593264,0.32745296822653874
6,68,0.0007541186700828006,0.0007678445376869705,0.16570496676880636,0.3225773149066501
6,69,0.0007496750367414436,0.0007696592611157232,0.17050929643489696,0.3145709315935771
6,70,0.0007448688336291615,0.0007595019324475692,0.17685810165640747,0.3299411296844482
6,71,0.0007416755051559044,0.0007556280341102845,0.18085438616481828,0.3342416591114468
6,72,0.0007374181235381575,0.0007554385009118252,0.18571698592032915,0.3312980108790927
6,73,0.000731811644854369,0.0007514139857246644,0.19396263449280352,0.3381137530008952
6,74,0.0007246913033376598,0.0007572698988951743,0.20532752098860563,0.33462093141343857
6,75,0.000723837883596849,0.0007415791430200139,0.20910588988551387,0.34805563026004366
6,76,0.000717843656807586,0.0007425924982979066,0.21178766194685006,0.34903834131028916
6,77,0.0007118254937346519,0.0007485873027083775,0.22492525062443297,0.3419493105676439
6,78,0.000706172655020369,0.0007414851661047174,0.2304683165785707,0.3504149052831862
6,79,0.000702235540073296,0.0007464833454125457,0.23715033442885788,0.34510467449824017
6,80,0.0007030616196757757,0.0007423617773585849,0.2392032406948231,0.348347552617391
6,81,0.0006996683555045797,0.0007407937237682442,0.240338193487238,0.34936628606584336
6,82,0.000695022839454957,0.0007330774290797611,0.24754228474181375,0.35800570249557495
6,83,0.0006904385039686329,0.0007338336668908596,0.2531759003062307,0.3598669581943088
6,84,0.0006872148054686409,0.000733275514923864,0.25632246526671043,0.3596867349412706
6,85,0.0006836058567623022,0.0007346933319543799,0.2592184193340349,0.3567208343082004
6,86,0.0006784812031302279,0.0007357172926680909,0.26478680313369374,0.3583763639132182
6,87,0.0006771165610975183,0.0007336921575996611,0.2709855209162206,0.3574620803197225
6,88,0.0006716149141954511,0.0007369597972784605,0.2763883172729869,0.35673152208328246
6,89,0.0006654051897104508,0.0007287697530248099,0.28571987843807833,0.3667464110586378
6,90,0.0006674707872954047,0.0007305804032108022,0.2807446516590354,0.3644104215833876
6,91,0.0006652105519157133,0.0007306943375927706,0.28554082726254876,0.36544069714016386
6,92,0.0006578422170189888,0.0007311129748510818,0.29318119213904864,0.3606288234392802
6,93,0.0006585699942302142,0.0007340176315564248,0.29373782328617426,0.3599009950955709
6,94,0.000659129921818313,0.0007393907419302397,0.2951444340340885,0.35125610960854425
6,95,0.000654702390153191,0.0007291968549705213,0.2986681584958677,0.36713554594251846
6,96,0.0006463482947215254,0.0007221151647778849,0.30707554199077464,0.37441302008099026
6,97,0.000645181596175664,0.0007176313187099166,0.3107062517860789,0.3790079130066766
6,98,0.0006398868650761376,0.0007158812277743386,0.3173337818663797,0.3818128983179728
6,99,0.0006399541699477,0.0007233998376048273,0.3171412495919216,0.37369434436162313
6,100,0.0006346570138164141,0.000719023541185177,0.32201418817779165,0.37885544300079343
6,101,0.0006313882325488476,0.0007165801323329409,0.3279234132648986,0.38214033974541556
6,102,0.0006297465247090584,0.0007196045325448115,0.3281921860612469,0.3784683492448595
6,103,0.0006241886386429362,0.0007199922874052492,0.3334520682876493,0.3799084133572049
6,104,0.0006198719769060888,0.0007279380457475782,0.3413128579104388,0.373336308532291
6,105,0.0006266841843126365,0.0007199979503639042,0.33084657045058263,0.3827813333935208
6,106,0.0006244391017524456,0.0007209743605926632,0.3354378632557245,0.38011378049850464
6,107,0.0006175100576293506,0.000718321366649535,0.34383434542903196,0.3836627629068163
6,108,0.0006131586273787199,0.0007225974268900852,0.349915537422086,0.37574680513805814
6,109,0.0006126857152852563,0.0007173681114282873,0.3488625857565138,0.3849611772431268
6,110,0.0006089569740629767,0.0007169282180257142,0.35236196885874244,0.38662666347291735
6,111,0.0006063183144390307,0.0007185777377647658,0.35474152094052164,0.3846749716334873
6,112,0.000603836599484454,0.0007226776810259455,0.3553810818695728,0.38204910225338407
6,113,0.0006042527077995517,0.0007139324973751273,0.35832836421919456,0.3882912145720588
6,114,0.0006007040077590464,0.0007173111714008782,0.3661751683847404,0.38577455944485134
6,115,0.0005976841312166257,0.0007109852753476137,0.36762545373704697,0.39376291301515365
6,116,0.0005935964921926274,0.000717251007962558,0.3713334791454268,0.3873391522301568
6,117,0.0005922770294372314,0.0007140095138715373,0.37027251602690897,0.39003504514694215
6,118,0.0005953393431012462,0.0007066775255629586,0.3673789159751233,0.3978632171948751
6,119,0.0005918770873298248,0.0007122008039409088,0.3695865008566115,0.3923819674385918
6,120,0.0005874603776905088,0.000717426059094982,0.37721289587609563,0.3874659326341417
6,121,0.0005832306182667337,0.0007175256032496691,0.3844283243756235,0.39097560776604545
6,122,0.0005821571998689093,0.0007176004751171503,0.38674834863639174,0.39034307267930773
6,123,0.0005814635799910275,0.000718654851273944,0.3837518387370639,0.38716808557510374
6,124,0.0005770127623870877,0.000721458225355794,0.39386143287022907,0.3860781020588345
6,125,0.0005774831566039795,0.0007133015379723576,0.3925706488114816,0.39418099721272787
6,126,0.000572252037567029,0.0007101216922617621,0.39343538769969233,0.3970177584224277
6,127,0.0005664454706956023,0.0007151191252180272,0.40235862172680137,0.3934284779760573
6,128,0.0005709627572803494,0.0007084772197736635,0.39865951037701264,0.4016428073247274
6,129,0.0005649317580528189,0.0007082486990839243,0.4023455884721544,0.3999774720933702
6,130,0.0005641761250265035,0.0007094516716380086,0.4049756169319153,0.40062484873665705
6,131,0.0005562213564257103,0.0007084318837668333,0.41590932151417676,0.40229307413101195
6,132,0.000558799415766434,0.0007046951252656678,0.41121762534718453,0.4059964431656731
6,133,0.0005565744384916292,0.0007023805545436011,0.4142758916925501,0.4074318117565579
6,134,0.0005539468817274879,0.0007076613643827537,0.4205604626808637,0.40280897352430556
6,135,0.0005493008948425636,0.0006999527440509862,0.422066499274454,0.4092870102988349
6,136,0.0005517720060859933,0.0007046089908625516,0.4197423662668393,0.4081936942206489
6,137,0.0005468508011638474,0.0006989821726973686,0.4301977413671988,0.41560984452565514
6,138,0.0005477526681468949,0.0007025510784135097,0.424545987005587,0.41277418931325277
6,139,0.0005456749414507714,0.0006983901154146426,0.42684722108605466,0.4156734175152249
6,140,0.0005415991225343105,0.0006994664293920828,0.4290702884579882,0.4153254522217645
6,141,0.0005358105189063483,0.0006959355151694682,0.4382600350144469,0.4176515221595764
6,142,0.0005384213700718074,0.0006951095057754881,0.4347735700783906,0.41911977529525757
6,143,0.0005381455575978315,0.0007020276453759936,0.43253463668587766,0.40891909731758963
6,144,0.0005322101166655804,0.000701200981469204,0.4411188464105865,0.4165394769774543
6,145,0.0005278799746093559,0.0007011924792701999,0.44841381900104477,0.41544231176376345
6,146,0.0005284260586191566,0.0007022039395653539,0.44833995044967273,0.41272951232062444
6,147,0.0005283366908882687,0.0007092165152749254,0.4456074970739859,0.40805549224217735
6,148,0.0005325751540101605,0.0006996576777762837,0.44313527684152865,0.41563890907499523
6,149,0.0005280555359570792,0.0007093591809583207,0.44797646955207543,0.40968613889482286
6,150,0.0005261846990497024,0.0006998630951986545,0.44459477486433807,0.420646067460378
6,151,0.0005176329334197497,0.0007024710441732573,0.4571551496599927,0.41846197843551636
6,152,0.0005155714238809859,0.0006975844942240251,0.46021022428700953,0.42047090265485976
6,153,0.0005117439194927337,0.0006967824857888951,0.4648522246031114,0.41775984234280056
6,154,0.000513279717846739,0.0006912665790878237,0.46284996300567816,0.42696041531032985
6,155,0.0005130435657733477,0.0006998449576915138,0.4635221816875316,0.42130479017893474
6,156,0.0005082864591702358,0.0007000291551877227,0.46832458001595956,0.41885705788930255
6,157,0.0005054133119245554,0.0006923184070425729,0.47260054585374434,0.42897679408391315
6,158,0.0005079325867736321,0.0006989640338967243,0.4675770382822296,0.42477610773510405
6,159,0.0005032319322596362,0.0007129615004588332,0.47131631904178195,0.4087156931559245
6,160,0.0005033601670422487,0.0006989275726179282,0.47595876072659904,0.42449210749732125
6,161,0.0005023512834062179,0.0006990154028042323,0.47216844382109463,0.42834681934780544
6,162,0.0004967001617460707,0.0006908716853811509,0.4830960835939572,0.43155244588851926
6,163,0.0005001320397297357,0.0006901861828130981,0.4783672335707111,0.4300046271748013
6,164,0.0004952435718740072,0.0006992816989724007,0.4795997953709261,0.4233574946721395
6,165,0.0004915929413803014,0.0006846943262240126,0.48549939335128406,0.43852479457855226
6,166,0.0004906956565618101,0.0006902120308950544,0.48569914956151705,0.4304332309299045
6,167,0.0004861436626172544,0.0006943422098023196,0.4910559043472196,0.4270783358150058
6,168,0.0004834342130638061,0.0006855568369953997,0.5009812697952176,0.434411527050866
6,169,0.00048723627890770633,0.0006835944394374059,0.4937771170227616,0.4374187575446235
6,170,0.0004826517409162113,0.0006842656914765636,0.4958428842050058,0.4403945247332255
6,171,0.0004830060416062213,0.0006841758266091346,0.49420485452369406,0.4400034096505907
6,172,0.0004815116113649658,0.000685503213511159,0.4957200276998826,0.4394679215219286
6,173,0.0004738794128054086,0.0006835218777673112,0.5059577064749635,0.43811608155568443
6,174,0.0004737417108701243,0.0006882580023051964,0.504771469257496,0.43955315351486207
6,175,0.00047535225978971997,0.000683143389566491,0.5064359525103628,0.44113694032033285
6,176,0.0004740714545384693,0.0006923015462234616,0.5009447186081498,0.4380302707354228
6,177,0.00046862459117776636,0.0006883481827874978,0.5072071692089976,0.4370152751604716
6,178,0.0004702080230165365,0.0006831881965303587,0.5134281223202929,0.4425680213504367
6,179,0.00046668272238385716,0.0006906462885025474,0.5142412140045637,0.43803171316782635
6,180,0.00046447969658334776,0.0006909734246114061,0.5158388764769942,0.43681317965189614
6,181,0.00046546288318989544,0.0006810114395597742,0.5157929283601267,0.4398920204904344
6,182,0.0004639104425470218,0.0006886156314673523,0.5142976729958145,0.43879924085405136
6,183,0.00046133222741097856,0.0006750448710388607,0.5185497275105229,0.44785369237264
6,184,0.0004587704752698357,0.0006862915108083851,0.5216485370824366,0.44029313855701024
6,185,0.00045697553949947985,0.0006769879915130635,0.5206466267138352,0.4471280402607388
6,186,0.00045774196688499715,0.0006798947837928103,0.5196529164726351,0.4485161648856269
6,187,0.00046153282286760247,0.000688141646484534,0.5168854613363006,0.43641385237375896
6,188,0.0004550450612980596,0.0006780992714791662,0.524272796548443,0.4480446696281433
6,189,0.00044991612020466064,0.0006882440402275986,0.5316113363077611,0.4391838113466899
6,190,0.00045688794394035216,0.0006892999246095618,0.5228863092116368,0.43852059311336944
6,191,0.000451712947005383,0.0006868353204077317,0.5282591185452026,0.4399525072839525
6,192,0.00044705747356523336,0.0006880233426474863,0.5333882745401359,0.4419401380750868
6,193,0.0004466665083726431,0.0006847025425587264,0.5322469034312683,0.44234477281570433
6,194,0.00044789229143111977,0.0006689464362959068,0.5312137580212252,0.4562501735157437
6,195,0.0004449309515306887,0.0006766900821175012,0.5358421802520752,0.4497379157278273
6,196,0.000440552277435882,0.00066965147982248,0.5395693350721289,0.4534669147597419
6,197,0.00044092776765471993,0.0006806324055004451,0.5380564513029875,0.44494493934843277
6,198,0.00043898635733596706,0.000674292107578367,0.5435710983511842,0.449349127875434
6,199,0.0004388523094045619,0.0006832014924536149,0.5415303264135196,0.44637568791707355
6,200,0.0004385356025275901,0.00067105041946181,0.5414438848142271,0.45236070156097413
6,201,0.00043392985811985935,0.0006812248805848261,0.540522375518893,0.44765663941701256
6,202,0.00042877170899710445,0.0006677164644416835,0.5546369451063651,0.458430638578203
6,203,0.0004332060339992843,0.0006899611455284887,0.5492641652071918,0.4378656175401476
6,204,0.00043034904864961625,0.0006762669357057247,0.5529883141870852,0.4483433379067315
6,205,0.0004316292520623976,0.0006730623970118662,0.5475816988650664,0.45530619886186385
6,206,0.0004254089492332926,0.0006757295755152073,0.5585866688210287,0.4503316799799601
6,207,0.00042245847734990587,0.0006776602408434781,0.5635802965105315,0.4518695486916436
6,208,0.0004291980301696853,0.0006808431663860877,0.5514380017916362,0.4456446872817145
6,209,0.0004275778143948381,0.0006725548352632258,0.5525024088812464,0.45348301596111723
6,210,0.0004244749547833186,0.0006820365670137107,0.5566797250582848,0.44541634056303236
6,211,0.0004211354091688761,0.0006683387599575023,0.5596174890612379,0.46019477976693046
6,212,0.00041904227547979924,0.0006809952966351476,0.5600570484443947,0.44712674617767334
6,213,0.00041967485089970316,0.0006680691588876976,0.564833735389474,0.4573898408148024
6,214,0.0004170900150374682,0.0006733504641387197,0.566703446853308,0.4540211412641737
6,215,0.000422607943340906,0.0006805019065116842,0.5590590837561054,0.4457779910829332
6,216,0.0004189401253465747,0.0006635903471356464,0.5618426271426825,0.46351130803426105
6,217,0.00041692237294980403,0.0007007694544477595,0.5627912786271837,0.42564937671025593
6,218,0.0004074753122691663,0.0006694881568869783,0.5733774971078943,0.4598074992497762
6,219,0.00040766960850709843,0.0006724981578170425,0.5749012390772502,0.4536909023920695
6,220,0.00040944769172239357,0.0006751101464033127,0.5709670190457945,0.4505847692489624
6,221,0.0004071579700663548,0.0006661524711590674,0.5744171871079339,0.4619597527715895
6,222,0.0004080939745490244,0.0006622431489328543,0.5783207244343228,0.4642974972724915
6,223,0.0004091155159080194,0.0006657297981695996,0.5676879194047716,0.46036604907777573
6,224,0.00040637011485990644,0.0006765483904422985,0.5752536165861436,0.45174582799275714
6,225,0.0004037631861721798,0.0006670745645856692,0.5774201697773403,0.4596968796518114
6,226,0.0003970091060856012,0.0006598050369777613,0.5838471452395121,0.46415453486972386
6,227,0.00040115326022108395,0.0006838456973330014,0.5819774436361995,0.44328663878970676
6,228,0.0004022236595097009,0.0006736295621117784,0.5737067795094148,0.4522721529006958
6,229,0.00039363824331236106,0.0006623347367470463,0.5839335675592776,0.4625443445311652
6,230,0.0003912726648577293,0.000669490564097133,0.5913447728863469,0.45821480088763766
6,231,0.0003929253319784263,0.0006696917931549251,0.5894623899165495,0.4572539170583089
6,232,0.0003964773458313703,0.0006665418661820392,0.5858520997895135,0.46362512906392417
6,233,0.0003956036410800377,0.0006761817791913118,0.5875320232944724,0.4530884636773003
6,234,0.00038918212485890605,0.0006725414487947193,0.5925664951771865,0.46116991175545585
6,235,0.0003912564540960263,0.0006779096076368458,0.5891112175988562,0.45095437897576224
6,236,0.00039355845505337195,0.0006661203832158611,0.5857645252604543,0.458427369594574
6,237,0.0003856688483480226,0.0006684430654988521,0.5957197886926157,0.4563108404477437
6,238,0.0003870547257570757,0.0006727172217021386,0.5921775093785039,0.4559497899479336
6,239,0.00038950408530065124,0.0006726875513171156,0.5878403822580973,0.45121825403637356
6,240,0.0003833479679155129,0.0006654010555292997,0.5967978879257485,0.4667064878675673
6,241,0.00038357200144134736,0.00067677301251226,0.6005621982209477,0.45357403887642755
6,242,0.00038229104283806165,0.0006763367538547351,0.5978557870711809,0.45649290482203164
6,243,0.0003789086364077427,0.0006640622534582185,0.6048989418112202,0.46180884970559016
6,244,0.0003776911213522616,0.0006655602909935017,0.60439542370078,0.4606078068415324
6,245,0.0003884598500681696,0.000684562978696906,0.5932626512315539,0.44209205044640437
6,246,0.0003856508083566793,0.0006689441429140667,0.5921066762488565,0.4607372721036275
6,247,0.00037813960031295814,0.0006690104608424007,0.6038135987740976,0.45972556935416325
6,248,0.0003710678310053032,0.0006810148427676823,0.6119210368321266,0.44881014823913573
6,249,0.00037581310097277627,0.0006708389652582506,0.6081130619402285,0.460353778468238
6,250,0.00036838619450946556,0.0006662441016588774,0.6127635657051463,0.46392114294899833
6,251,0.0003713141189008537,0.0006729135716644426,0.6095482895403732,0.4602828820546468
7,1,0.06883590903915004,0.004674164226485623,-105.46384926901924,-6.017566590838962
7,2,0.015157464102922399,0.0028902497918655476,-22.134155608989573,-3.188548829820421
7,3,0.011540309877859221,0.0011271420736900634,-16.514065422246485,-0.4507740232679579
7,4,0.009391767538532063,0.000911461405404326,-13.169338557749619,-0.11931503348880344
7,5,0.007921072180716344,0.0008220514644765192,-10.932015548517674,0.026336083147260877
7,6,0.006696776695043584,0.0008145170596738656,-8.98526414235433,0.03451584842469957
7,7,0.005692142056140267,0.0008066482298697034,-7.446386628680759,0.04759666124979655
7,8,0.004894454332275523,0.0008000153453192777,-6.190781598326601,0.055249892340766056
7,9,0.00422440683124242,0.0007799402396712038,-5.1574781988873895,0.0858999146355523
7,10,0.0036580836130191145,0.0007901772442791197,-4.290237889466463,0.0696542395485772
7,11,0.003194318992879104,0.000775548622995201,-3.545284765738028,0.09313048521677653
7,12,0.0028048553573036634,0.0007664067075691289,-2.9411063544544174,0.10637334320280287
7,13,0.002485448868232377,0.0008032558822176522,-2.460481686356627,0.044743888907962374
7,14,0.0022565645993583732,0.0007708164190666543,-2.106064737873313,0.09530918333265516
7,15,0.002047831467985187,0.0007657852450696131,-1.7805036780274945,0.10273247030046251
7,16,0.0018915332658331334,0.0007498578944553931,-1.534907727918507,0.12505513694551257
7,17,0.0017614946522416523,0.0007511552332693504,-1.3392508915912957,0.12177497148513794
7,18,0.0016687528879876122,0.0007492755578520397,-1.1917563597361247,0.124979923831092
7,19,0.0015839640117238886,0.0007337565275116099,-1.0612274320037276,0.15132195817099678
7,20,0.001513534882335843,0.0007358193022405935,-0.9567878486197672,0.1441891180144416
7,21,0.001455922916037157,0.0007197818356669612,-0.8668554333992946,0.17052984635035198
7,22,0.001390436088470857,0.0007226813869136903,-0.7680074154594798,0.16287024550967746
7,23,0.0013379308627918362,0.0007117343510294126,-0.6876559754948557,0.18114889992607963
7,24,0.0012991341469050558,0.0007058270741254092,-0.6235717064068641,0.18937376737594605
7,25,0.0012638212417332847,0.0007050087352076338,-0.569345599780848,0.19009521139992608
7,26,0.001229941320065179,0.0007070902592709495,-0.5189106427592995,0.18527735869089762
7,27,0.0011980768675444486,0.0006978912912826571,-0.4687025549971027,0.19965269168217978
7,28,0.0011709793099995564,0.0006960191996768117,-0.43142329940089474,0.20227832926644218
7,29,0.0011367577915712271,0.0006958587780698306,-0.379080742376822,0.20203807486428155
7,30,0.0011094752349890768,0.0006868968549598423,-0.33653663337966544,0.2161071949534946
7,31,0.0010889033306918947,0.0006904736562218103,-0.30339876428062534,0.21140246788660685
7,32,0.001064759589743191,0.0006969625000945395,-0.26704572395042137,0.2019565953148736
7,33,0.0010473989668865632,0.0006867767195217311,-0.24131996984835025,0.21655192772547405
7,34,0.001029157501294703,0.0006885845317608781,-0.21211260380568328,0.2129905038409763
7,35,0.0010174991755550842,0.0006964607021978332,-0.1924651097368311,0.2011747611893548
7,36,0.0009991477099879657,0.0006757866836980813,-0.16818658790470642,0.23262263933817545
7,37,0.0009849667623869063,0.0006793813844625321,-0.14449035503246166,0.22564697265625
7,38,0.0009708229501237288,0.0006699243819134103,-0.12411200985496426,0.24121136400434706
7,39,0.0009540705224441617,0.0006798201977896194,-0.09868131846557429,0.22373486227459377
7,40,0.0009402794596727616,0.0006784371721247832,-0.08034783160244977,0.2268767277399699
7,41,0.0009312380355334392,0.0006695266075742741,-0.06509181717295706,0.23923470311694675
7,42,0.0009246306124511232,0.0006603532005101442,-0.05143008364571466,0.2525611334376865
7,43,0.0009112771839064396,0.0006612515141670074,-0.03379994881005935,0.2520350972811381
7,44,0.0008959753434518697,0.000655631885294699,-0.011742121790662224,0.25985211663775976
7,45,0.0008890719513730778,0.0006552821219277878,-0.000375070689636984,0.25931384828355575
7,46,0.00087625886267626,0.0006513087350564699,0.017954804720701996,0.26415235731336806
7,47,0.0008712182085915112,0.0006456655346684986,0.02901409378758183,0.27269391616185507
7,48,0.0008598916798853028,0.0006473581060870654,0.04205316525918466,0.27037803332010907
7,49,0.0008531673232173938,0.0006472019569223954,0.0520142717125975,0.2701100746790568
7,50,0.0008454282898858282,0.00064329489832744,0.06275322922953853,0.2753298150168525
7,51,0.0008371985961545121,0.0006335252986496521,0.07606669399473402,0.28856742646959094
7,52,0.0008283777459938493,0.0006366908213951522,0.09105444219377305,0.28311381340026853
7,53,0.0008253923332732585,0.0006338049786993199,0.09652155078487631,0.2863612095514933
7,54,0.0008161751894038861,0.0006286681164056063,0.10743203266167346,0.29388231966230605
7,55,0.0008088272120976062,0.0006302117745185064,0.11778800752427843,0.29172392818662857
7,56,0.0008031572370479505,0.0006226066551688644,0.1256127303029284,0.30284423828125
7,57,0.0008007822039445149,0.000620869411310802,0.13179927814153977,0.3036609239048428
7,58,0.0007905316444251824,0.0006238453607592318,0.1446298321088155,0.29946901268429227
7,59,0.0007852211149041484,0.0006138571654446423,0.15091193855544668,0.31342036459181044
7,60,0.0007811651233135274,0.0006090925760670669,0.15716853509714573,0.3191640853881836
7,61,0.0007757343301538056,0.0006168500209848086,0.1662492412107962,0.30741171836853026
7,62,0.0007713727739260153,0.0006142198612603049,0.17274308263519664,0.31160432365205554
7,63,0.0007654643542834638,0.0006105583988957935,0.18058834178948108,0.3165992895762126
7,64,0.0007603566283015189,0.0006037372138558162,0.18880119176558507,0.32560189697477554
7,65,0.0007532847695983947,0.0006078422302380204,0.19702744601685324,0.32065708769692314
7,66,0.0007489268719736073,0.0006039564381353557,0.20443800305142815,0.3270383450720045
7,67,0.0007493112658805869,0.0005963924910045332,0.20232651969532908,0.33582712941699555
7,68,0.0007421791685722124,0.0005998194709213243,0.21339578451933683,0.33222873210906984
7,69,0.0007410867685843029,0.00058956243770404,0.21452235866475988,0.3452187524901496
7,70,0.000732269386306727,0.000591153466504895,0.22476819253262179,0.34286209344863894
7,71,0.000730593304902913,0.000588306003353662,0.22955175549895676,0.34717342721091377
7,72,0.0007236897442374884,0.000588684354443103,0.23649530248877443,0.3469636771414015
7,73,0.0007209270840430242,0.0005843390775327053,0.24053023391299777,0.35148545371161566
7,74,0.0007197885470821258,0.0005830385127208299,0.24222936689117808,0.35462288856506347
7,75,0.0007132118454283495,0.0005906282743025158,0.2505056459226726,0.3454205393791199
7,76,0.0007122562085795734,0.000579748483788636,0.24931235092657583,0.3581944399409824
7,77,0.0007060179860549576,0.0005809569834834999,0.259999011033847,0.35695032676060995
7,78,0.0007005480281939661,0.0005771336249179311,0.26623753485856233,0.36207277377446495
7,79,0.0006968968786460198,0.0005753859787041114,0.26845695575078327,0.36746412913004556
7,80,0.0006937280952654503,0.0005751168898617228,0.27338863478766545,0.36484712759653726
7,81,0.0006915687369240195,0.0005758794580793215,0.2783204760080502,0.36504145330852933
7,82,0.0006862366793355272,0.0005724217652136253,0.2869753145877226,0.3675956752565172
7,83,0.0006819562963497492,0.0005707750355617867,0.28972799513075087,0.3713372415966458
7,84,0.00067919498887258,0.0005731207344474064,0.2953365247926594,0.36873170402314925
7,85,0.0006774148633588612,0.0005669482466247347,0.29462705747580825,0.37674538294474286
7,86,0.0006740570388860817,0.0005688411093110012,0.3020951399096736,0.3747867928610908
7,87,0.0006744942453942825,0.0005627617705613374,0.3008590655562318,0.3837909698486328
7,88,0.0006687919235569827,0.0005603014452693363,0.3089807907740275,0.38722381326887345
7,89,0.0006612405431008449,0.0005620956873624689,0.31402758256888685,0.38735325601365833
7,90,0.0006602815589522598,0.0005599988624453544,0.3172589107795998,0.3911082757843865
7,91,0.0006648565892613045,0.0005621061026532617,0.31323853848892963,0.38587715095943875
7,92,0.0006599181370499234,0.0005605809054233962,0.32047168296060446,0.3878693620363871
7,93,0.0006519638351164758,0.0005591091079016527,0.3271605919908594,0.39080001380708485
7,94,0.0006529799073986295,0.000557058217883524,0.32633390838717236,0.39315099716186525
7,95,0.0006514754421566326,0.0005526175787154999,0.3282230924676966,0.3973769028981527
7,96,0.000649862464396628,0.0005538710716387464,0.33492111688778725,0.39799735016293
7,97,0.0006470598612429091,0.0005497241470341881,0.3331960291038325,0.40478920406765406
7,98,0.0006399757118125297,0.0005544800608832803,0.3415540686360112,0.39925123718049793
7,99,0.0006334598575730198,0.0005522477427600986,0.3501796183762727,0.4030020157496134
7,100,0.0006330673499492768,0.000552967973312156,0.3486587115276007,0.39966691467497084
7,101,0.0006340484801725841,0.0005538014164711866,0.350173631126498,0.40044642951753406
7,102,0.0006339961141175418,0.0005562994435119132,0.3494809883612174,0.40015688472323946
7,103,0.0006271036311604635,0.0005484435629720489,0.3573100248972575,0.4099017262458801
7,104,0.0006246559873056587,0.0005482190081642734,0.36160691961830044,0.41069616079330445
7,105,0.0006268705037296002,0.0005533850958777799,0.36017399275744405,0.40505755874845717
7,106,0.0006204577622774207,0.0005507629442339143,0.3653674849757442,0.4093421830071343
7,107,0.0006211091662228199,0.0005464666290208697,0.36635504092699217,0.4136380314826965
7,108,0.0006151760997319663,0.0005428862913201253,0.3702584856822167,0.4187077111668057
7,109,0.0006148846069046147,0.000542926206253469,0.3707114828957452,0.4209144155184428
7,110,0.0006104251608413495,0.0005405608176564177,0.3749773059362247,0.4189759135246277
7,111,0.0006059087187707148,0.0005373655740792553,0.38252326161773115,0.43046675125757855
7,112,0.0006067188577381549,0.0005418624922943611,0.3835596215577773,0.4210142029656304
7,113,0.0006055934759960683,0.0005379897128376695,0.37957837581634524,0.42750398450427585
7,114,0.0005988371923542869,0.000538532437187516,0.39278680557086143,0.4275884403122796
7,115,0.0005992984419320652,0.0005337845960942407,0.38715214493833944,0.4330497980117798
7,116,0.000599349269580188,0.0005379224105531143,0.3892806815512386,0.43205315934287175
7,117,0.0005934995903783007,0.0005396651595623957,0.394600228615749,0.4282082213295831
7,118,0.0005893120089442366,0.0005371746542449626,0.40253322772037836,0.43135073317421807
7,119,0.0005863601436700534,0.0005403866473999288,0.4048760654013834,0.4288800173335605
7,120,0.0005858287311527004,0.0005383273120969534,0.4052982231717051,0.4332682291666667
7,121,0.0005818008373341994,0.0005466788593265745,0.40943551843549,0.42399120065901014
7,122,0.000579772230502172,0.0005267550386229737,0.41182014014985824,0.4465390854411655
7,123,0.000581207230290467,0.000533355344992338,0.41044145101382407,0.43921711842219036
7,124,0.0005773110394251107,0.0005347002077744239,0.41349821179001417,0.44155461258358425
7,125,0.0005736911586014393,0.0005394707453281929,0.41600984511552036,0.4375909752315945
7,126,0.0005717221466410491,0.0005356825293145246,0.4209430918281461,0.4396444731288486
7,127,0.0005722141652914155,0.0005425705943101397,0.4205266912778219,0.4320769959025913
7,128,0.0005668171694398754,0.0005348937657092595,0.4268706761760476,0.4445788860321045
7,129,0.0005666277805389261,0.0005260699402747883,0.4245150879577354,0.45040534602271187
7,130,0.0005650994127880736,0.0005300687244420664,0.42806898164160456,0.44973928133646646
7,131,0.0005592200402055441,0.0005317208887491789,0.43315104098967566,0.45094108449088205
7,132,0.0005567403162404159,0.0005295887039715631,0.4408608932553986,0.4465697209040324
7,133,0.000560035544194649,0.0005293740645154483,0.435342886712816,0.45104980601204764
7,134,0.0005519070626627424,0.0005320246305523647,0.44169383696567865,0.4497059398227268
7,135,0.0005506780093397808,0.0005357787038923965,0.44285552972628744,0.4464949369430542
7,136,0.0005488980334413089,0.000531140654735888,0.4467819887914775,0.4504867884847853
7,137,0.0005449077272557734,0.0005245558180225393,0.448075611208692,0.46131917768054537
7,138,0.0005444580914717122,0.0005248717368683881,0.45287973836616235,0.4593556430604723
7,139,0.0005433342659581498,0.0005138022010214627,0.4528295194661176,0.4691411786609226
7,140,0.0005419790210133349,0.0005147822569900503,0.4535672555735082,0.4659791429837545
7,141,0.0005379158798691437,0.0005134460975467745,0.4577980293167962,0.4701563013924493
7,142,0.000544840285991445,0.000519468478159979,0.45020131711606626,0.46599726676940917
7,143,0.0005406118240954791,0.0005139103405074113,0.4529112840876167,0.4745994951989916
7,144,0.0005385516237260567,0.0005208621590605212,0.453958766107206,0.4617145604557461
7,145,0.0005372815631778428,0.0005220602454048478,0.45889081322116615,0.46490022076500787
7,146,0.0005336888406115274,0.0005216745206982726,0.4644347449879587,0.46684834029939437
7,147,0.0005319010095532846,0.0005226874788705673,0.46544850564297335,0.46359979841444227
7,148,0.0005282005828368352,0.0005169604620378879,0.46619397416526887,0.4712902585665385
7,149,0.0005256214427738738,0.0005051909900632584,0.4687039599006559,0.4808065626356337
7,150,0.0005221984965761226,0.0005007575621776697,0.47214003183223585,0.4869251290957133
7,151,0.0005196090097061968,0.0005111032715325968,0.47625817752178806,0.47816422780354817
7,152,0.0005246695119565652,0.0005187147348705265,0.47262137907522694,0.46813404824998645
7,153,0.000520266516185883,0.0005285066520122605,0.47305905686484445,0.4578547345267402
7,154,0.0005194534702128788,0.0005200258171599772,0.4772693258744699,0.4684508244196574
7,155,0.0005183855856389359,0.0005034933940300511,0.47697311757523336,0.4807392610443963
7,156,0.0005162739653404756,0.0004988524894643988,0.47770418326059977,0.4876703461011251
7,157,0.0005121029742395528,0.0005049712464420332,0.48418591228532204,0.48162331581115725
7,158,0.0005100998097605267,0.0005060745422573139,0.4841979185740153,0.4816857443915473
7,159,0.0005025198423004721,0.0005133579000054548,0.49136849538779553,0.47884538306130303
7,160,0.0005034682946710812,0.0005019644145957297,0.49545836566407003,0.48661147356033324
7,161,0.0005062744124895997,0.0005123560278055568,0.4907838513821731,0.4767975568771362
7,162,0.0005045496418865191,0.0005060938878967944,0.4909996225510114,0.4870326770676507
7,163,0.0005066837199940634,0.0005025249821806534,0.48609834968307875,0.48578423261642456
7,164,0.0005034799288734104,0.0005064038844365213,0.4959598466202065,0.48421356942918564
7,165,0.0005034570455016499,0.00050544246720771,0.48932532719623895,0.48423541254467434
7,166,0.0004924438461908542,0.0005024198080516523,0.502521871637415,0.48914350006315443
7,167,0.0004940131350052486,0.0005070785901302265,0.5043183793256312,0.48205006255043875
7,168,0.0004949820558483035,0.0005025834588903105,0.5026481454755053,0.48611477083630034
7,169,0.000490967907158106,0.0005114668624527338,0.507125527328915,0.48459962341520524
7,170,0.000488008030856971,0.000503306409680388,0.50755038143676,0.48664661513434515
7,171,0.0004913338963775954,0.0004963244389121731,0.5076815147458771,0.4951406796773275
7,172,0.0004878647520528807,0.0005164472942447497,0.5073954850067327,0.47519214153289796
7,173,0.0004894658799547656,0.0005069425963382754,0.5080882668495178,0.48534575038486055
7,174,0.0004854188708841433,0.0005023069311088572,0.5067529722496316,0.4911457644568549
7,175,0.00047916674664543,0.000497064817075928,0.5176608586016996,0.49881444109810724
7,176,0.0004803012053332763,0.0005149184674438503,0.5148594910715834,0.4720223413573371
7,177,0.0004856807322034405,0.0005149537762109604,0.5091095883169292,0.4776337279213799
7,178,0.00047874423060106274,0.0005098468171329134,0.5196973450389909,0.48338432444466484
7,179,0.00047985161712140215,0.00048780868334385253,0.5141278371398832,0.5001026696628994
7,180,0.00048014453905462115,0.0005240965479363997,0.515521165765362,0.4707883728875054
7,181,0.0004749717425129572,0.0005270836234558373,0.523129838337133,0.46524545351664226
7,182,0.0004740610815021267,0.000510385524507405,0.5229976090384119,0.4830411473910014
7,183,0.0004764053392091789,0.0004886223443059458,0.5194456902551062,0.5060785664452447
7,184,0.0004717471428002794,0.0004942207338495387,0.5240039104296838,0.49113390445709226
7,185,0.0004725439955457401,0.0004934360506013036,0.5222914036409354,0.500388949447208
7,186,0.0004657733693925871,0.0004929528578132805,0.5308956343450664,0.49878900316026475
7,187,0.0004623002345374797,0.0004945462588996937,0.5322048241709485,0.4990813891092936
7,188,0.00045997757891503476,0.0004957482496845639,0.5369300575903905,0.4942694107691447
7,189,0.00046605036455999924,0.0004893203492328111,0.5269465324319439,0.5062343014611138
7,190,0.0004603372526033149,0.0005026534225584732,0.537791853333697,0.4953388532002767
7,191,0.00045854768436976974,0.0004959998671741536,0.5390664901262449,0.49466739892959594
7,192,0.00045829150886102406,0.0004961367554238273,0.5358284913463357,0.49598728153440685
7,193,0.00045642523198492,0.0004978172325839599,0.5389639769071414,0.4975230654080709
7,194,0.00045311862709184673,0.00048282031720090244,0.5419012386121868,0.5136093086666531
7,195,0.00045385219998956644,0.0004939938339197801,0.5422036228356538,0.4959709723790487
7,196,0.0004537380823612581,0.0004945632303133607,0.5369202242957221,0.5066115829679702
7,197,0.000448279347009152,0.0004935691786360824,0.5457797821657158,0.5076950497097439
7,198,0.0004530736598772583,0.0004954922071192414,0.5428375962339802,0.49708931181165905
7,199,0.0004495987740494771,0.0004996125916174303,0.5466781414585349,0.4940857768058777
7,200,0.0004444069491360153,0.0005227526966741101,0.5534391838827251,0.470797782474094
7,201,0.00044755466551129003,0.0004888646990164286,0.5499880999694636,0.5125903460714553
7,202,0.00044052316368856456,0.00048649238370772867,0.5557711083212017,0.508947675757938
7,203,0.0004407202451271407,0.0004920301137543801,0.5569418225759342,0.5012597097290887
7,204,0.0004348870488257366,0.0004895782175784309,0.5608001775211758,0.5119813919067383
7,205,0.00043962880204443213,0.000496559520252049,0.5552250115959733,0.502359934647878
7,206,0.0004393441808111046,0.0005028755695093423,0.5537255587401213,0.4900998075803121
7,207,0.0004348048431522868,0.0004823333609642254,0.5600465073997591,0.5142044610447354
7,208,0.00043483517006223584,0.0004921632896487912,0.5551306936475966,0.5069075942039489
7,209,0.00043449074361921736,0.0004818503622017387,0.5607568776165998,0.5189435813162062
7,210,0.00043186144112827786,0.0004881964815366599,0.5634942694946572,0.510074065791236
7,211,0.0004389576786370189,0.00047958328246345953,0.5561053969241955,0.5168904900550843
7,212,0.0004339524558429135,0.0005013621949021602,0.5604581609184359,0.49242551724116007
7,213,0.00042890588333255347,0.0004891075640140722,0.5690394556080853,0.51045194334454
7,214,0.0004308681359462854,0.00048194700179414614,0.5692131644413795,0.5118950393464831
7,215,0.00041941557716244806,0.0004851537575531337,0.5748435263280516,0.5140785018603007
7,216,0.0004289134604609169,0.000476445406416638,0.5644161236138991,0.5224482072724237
7,217,0.0004228308939886636,0.0004844921595779144,0.5720116813977559,0.5176764779620701
7,218,0.00041933415729242067,0.0005047388420078076,0.5747891118497024,0.49793200625313655
7,219,0.00041790785171654947,0.00048780392066368627,0.5788508733113606,0.5158639656172859
7,220,0.0004175837528978095,0.0004658747173380107,0.5774509575631883,0.5343020108011034
7,221,0.0004159518095727918,0.0004810798977915612,0.5798622428635021,0.5202395253711276
7,222,0.00041307833492698403,0.0004946644657239732,0.5783350475040483,0.5095589293373955
7,223,0.0004125267136439589,0.00047853416439870165,0.5816608177291023,0.5272754708925883
7,224,0.000413652295447932,0.00046403762599867254,0.5817468541639822,0.5365724311934577
7,225,0.00041363997784454697,0.0004899991314030356,0.5819456462506895,0.5154638727506001
7,226,0.00041788973914528335,0.0004807740844423986,0.5763905494301408,0.5198270228173998
7,227,0.0004116523047236519,0.00048077279675958883,0.5831806596414543,0.5116495423846774
7,228,0.0004108929773792624,0.00047906917170621456,0.5816245090814285,0.5259104556507535
7,229,0.00040745546439099184,0.0004863076765711109,0.5868749580265563,0.511698575814565
7,230,0.0004025287210458407,0.0004735328088928428,0.5931381126980723,0.5278285026550293
7,231,0.00040688368680105074,0.00048008327527592577,0.5849704886660164,0.5250843101077609
7,232,0.00040207137073459173,0.0004906504596066144,0.5916633951811143,0.5124405688709683
7,233,0.00040403856762201976,0.0004978425859007984,0.5923109204680831,0.5064433733622233
7,234,0.00039862210454166304,0.0004879843702332841,0.5945815392482428,0.5083983487553067
7,235,0.00040240394315153454,0.0004733790669383274,0.589806122691543,0.5303776992691888
7,236,0.00039556746006034956,0.00047880787945662936,0.5954041199919619,0.5233965953191121
7,237,0.00039868721922422634,0.0004908003650295238,0.5944818926446231,0.5108736766709222
7,238,0.0003943114927366238,0.00046966767210202914,0.5997570550000226,0.5340398761961195
7,239,0.0003925273084961292,0.0004788813924986041,0.6012798531555835,0.52318963209788
7,240,0.0003915840118151894,0.0004775118975279232,0.6020182812655414,0.5239511873986986
7,241,0.00039688403348806374,0.0004698309814557433,0.5975669878500479,0.5384188479847378
7,242,0.0003971529783922489,0.0004653367886526717,0.59993418087194,0.5368320451842414
7,243,0.00039171383322366045,0.0004860717609214286,0.6016367460474555,0.5138310127788119
7,244,0.00039600186153418486,0.0004920919477525684,0.5955756877675469,0.5086574130588107
7,245,0.0003904329116289492,0.0004624087622182237,0.6063841690251857,0.5441497047742208
7,246,0.00037961154270710215,0.000470317624664555,0.6160520397586587,0.5338768574926588
7,247,0.00038296811463725235,0.0004731396549484796,0.6097767698911973,0.5273894455697802
7,248,0.00038444007528416903,0.00047158714215685094,0.6096184940985692,0.52928989066018
7,249,0.00038299348814711896,0.00047515659761201176,0.6126252813103759,0.5300556368298001
7,250,0.00037842992496285816,0.0004838423648228248,0.6136249555481805,0.5206540293163724
7,251,0.000381110048275096,0.0004758639940215896,0.6141794363657633,0.5270372271537781
7,252,0.00037674307463874605,0.00047631006455048917,0.6170335197154386,0.5268009569909837
7,253,0.0003756602401816413,0.0004851197765674442,0.6177278674679038,0.5175636106067234
7,254,0.000377691020530844,0.00048140458206439186,0.6168532471597931,0.5278431203630235
7,255,0.00038017942261146266,0.0004835029067989025,0.6122586766878764,0.5271853142314487
7,256,0.00037290074677137587,0.0004715294712999215,0.6190107619320905,0.5365203870667352
7,257,0.000374786344351086,0.0004761398278383745,0.6204083307289783,0.5298098895284865
7,258,0.0003731500769154755,0.00047621791858950424,0.6184599796930949,0.5233886612786187
7,259,0.00036813659581965135,0.0004789618154366811,0.6227101234742153,0.5284060332510206
7,260,0.0003621139876216788,0.0004777230335296028,0.6322324855827991,0.5304568158255683
7,261,0.0003687774444884264,0.0005080465570143941,0.6283315654154177,0.5004408756891886
7,262,0.00036562625282834986,0.0004616482862426589,0.6284986050040634,0.54620787302653
7,263,0.00036499988256068325,0.00046759548454752397,0.631506167517768,0.5384185353914896
7,264,0.0003644737171405857,0.0004840762509653966,0.6290344058731456,0.523785208331214
7,265,0.0003627130344228382,0.0004842258440071924,0.6314393601299804,0.5240017109447055
7,266,0.0003556698791389526,0.00048547037424416176,0.6378993628937522,0.5197902507252163
7,267,0.0003604091264819151,0.0004745667489866416,0.6344116840833499,0.532261073589325
7,268,0.0003613312403889902,0.00047753905140173933,0.6294644402868954,0.5346538186073303
7,269,0.000368509374567549,0.0004974750950673802,0.625523583094279,0.5096843441327413
7,270,0.00035992459046228987,0.0004628274001232866,0.6336073737085601,0.5444479121102227
7,271,0.0003590116582029028,0.0004912930857648866,0.6361720201409893,0.5114669998486837
7,272,0.0003558856618366446,0.00047620757832191887,0.6384214883969154,0.5316032568613688
7,273,0.0003593431055591798,0.00046635165280248556,0.6353406579406173,0.5452822698487176
7,274,0.00035287233768031,0.00048550923820585014,0.642886828346017,0.5240669276979234
7,275,0.0003519522011808959,0.00047178008373723263,0.6429527172335872,0.5399786194165548
7,276,0.000348600853567966,0.0004722646437585354,0.6437221906803272,0.5340924514664545
7,277,0.00035156819503754375,0.0004715056779483954,0.640105523886504,0.5380410287115309
7,278,0.00034799841282900744,0.0004674625938706514,0.6462809305132171,0.5396689388487074
7,279,0.00034912005354316883,0.0004627595312841651,0.6448783187218654,0.5474197930759854
7,280,0.00034669152997077705,0.00048563089739117355,0.64898456129027,0.5238333490159777
7,281,0.0003431967318052265,0.0004822042932371712,0.6487013264938637,0.5272566583421495
7,282,0.0003459442128789508,0.00046756789799676175,0.6468470279081369,0.5396497872140672
7,283,0.00034238414200781674,0.0004578214766095496,0.6503328566197996,0.548280848397149
7,284,0.00033861924283332936,0.00046337460128900905,0.6513850668330251,0.5448172397083706
7,285,0.00034512395195858436,0.00048595960963413945,0.6473887057951939,0.5245644595887926
7,286,0.00033656637468892664,0.0004759517750547578,0.6515752258124174,0.5325201325946384
7,287,0.00033803915915389855,0.0004778413173173451,0.6521304436671881,0.5310248732566833
7,288,0.0003374164369256224,0.0004689443565439433,0.6521025556105154,0.5447473208109538
7,289,0.00033414596670169243,0.00047632029875078135,0.6579369131429695,0.5318880279858907
7,290,0.00033828424373181696,0.0004779885477748596,0.6578482972251044,0.5367641899320814
7,291,0.0003357394357689047,0.0004704776711554991,0.6560477904331536,0.5388353374269274
7,292,0.0003312020488572019,0.0004795634556406488,0.661160945892334,0.5327198015318977
7,293,0.0003323041347436101,0.00047084298372889556,0.6613962645883913,0.5392029868231879
7,294,0.0003356941663775087,0.0004766833690357291,0.656709932692257,0.5329184148046705
7,295,0.00033488409596575815,0.00048775200589766933,0.6605456082909196,0.5235961861080594
7,296,0.0003294102603966301,0.0004891160080054154,0.6635366311779729,0.5213339580429925
7,297,0.0003310410958358351,0.0004643528023734689,0.6625464078820782,0.5448176225026449
7,298,0.00033026365944138373,0.0004601461838723885,0.6639688584539626,0.5492748353216383
7,299,0.00032820670943086344,0.0004916975947303904,0.6636868395923097,0.5143319673008389
7,300,0.00032212284190959677,0.00048181733582168816,0.6688326788537297,0.5290192710028754
7,301,0.0003281485814641425,0.0004570279639059057,0.6635603376376776,0.5550718850559658
7,302,0.00032840790550431445,0.0004847260670632952,0.6654100599112334,0.5271606326103211
7,303,0.00032984331734535965,0.00047786472132429483,0.6633844193117118,0.535311241944631
7,304,0.0003213200312866657,0.00046013819778131115,0.670698998298174,0.5523746066623264
7,305,0.00032481370525388624,0.00046906457282602787,0.6669787464318452,0.5463863439030118
7,306,0.0003235425736128502,0.00048232999850168,0.6705010802657516,0.5283347063594395
7,307,0.00032198689648030716,0.0004904966458626506,0.6701722514482192,0.5217890024185181
7,308,0.00031687332335917024,0.00047830873324225347,0.6764540238144957,0.5354717943403456
7,309,0.00031760265536169395,0.0004890742168451349,0.6765378762174535,0.5234246148003472
7,310,0.0003205563166655922,0.0004870548896077606,0.6731114319813104,0.5299581103854709
7,311,0.0003157122136110923,0.00047994661985689566,0.6781536161163707,0.5375900586446126
7,312,0.00031704684377383485,0.00047990245253054633,0.6761733994071866,0.5347513450516594
7,313,0.0003111354165917469,0.0004840270266868174,0.6792817957607317,0.5332062350379096
7,314,0.0003132563509423585,0.0004987747518397454,0.678335874757649,0.5192850907643636
7,315,0.0003152177926371403,0.0004637399319714556,0.6776619089974297,0.5503935019175211
7,316,0.0003166212733363572,0.0004775737974947939,0.6739062849386239,0.5308257460594177
7,317,0.0003128764897952845,0.0004838731877195338,0.680915645611139,0.5318972773022121
7,318,0.0003057818590335686,0.00048766966792754827,0.6871727390053831,0.526584369606442
7,319,0.00030255870790117314,0.0004732839187555429,0.6893290360768636,0.5411056876182556
7,320,0.00030191352355213443,0.00046205700426879857,0.6913417857370259,0.5509407175911798
7,321,0.0003131426784589335,0.000479150898495896,0.6807371813573955,0.5329328536987304
7,322,0.000308303435312952,0.0004773993096831772,0.6826422613344075,0.5353457265430026
7,323,0.000309998135694682,0.0004634278347819216,0.6788240956671444,0.5523508098390367
7,324,0.00030183433691603073,0.00047335926404533287,0.690407775360861,0.5392681585417853
7,325,0.0003034073132216746,0.00048065782240074543,0.6871560424934199,0.530765892399682
7,326,0.00030429540475094576,0.0004864732088107202,0.6855741921766305,0.5254991438653734
8,1,0.07247092223461764,0.007886779308319092,-116.39858885988777,-11.313577598995632
8,2,0.014838817837521617,0.002393341524940398,-21.532919346844707,-2.5529115306006536
8,3,0.010999066975933534,0.0010568716511544253,-15.53231094383899,-0.4032344871097141
8,4,0.00885150118926425,0.0008591651127466725,-12.330938514662378,-0.09457549916373359
8,5,0.0072823535662466365,0.0007947179902758864,-9.905226988851288,0.00149917205174764
8,6,0.005967799897225182,0.000762682243819452,-7.808045100871428,0.051838141017489965
8,7,0.0048938815907379725,0.0007517173718143669,-6.186411555902458,0.06264601018693712
8,8,0.004050194424358599,0.0007276171132818692,-4.862828667075545,0.09971815480126275
8,9,0.00341979223533453,0.0007287070646675096,-3.904476445103869,0.09213294982910156
8,10,0.0029541483677831696,0.000703243545204815,-3.17075417601032,0.13332061370213827
8,11,0.0025847945005897386,0.0006946641770708892,-2.6055236525005765,0.14852599170472885
8,12,0.002298329955679767,0.0006932849750026233,-2.1650926136676176,0.15196842485004
8,13,0.0020847704152312176,0.0007160379292650356,-1.8310390981627098,0.11179397503534953
8,14,0.001916578945841778,0.0006780496397469607,-1.574613552623325,0.17216458320617675
8,15,0.0017816919804677183,0.0006950028305355874,-1.3579498396979437,0.14536090426974826
8,16,0.0016710042528072257,0.0006666106197776066,-1.1907923156832472,0.19078247944513957
8,17,0.0015870542351708369,0.0006748778072910176,-1.0605525855664855,0.1755089481671651
8,18,0.0015080196302913037,0.0006586895285484692,-0.9380450379701308,0.2016784562004937
8,19,0.001451107163131697,0.0006533480029449695,-0.8528731303450502,0.21056174039840697
8,20,0.001397327004276492,0.000653906237696194,-0.7685258041193456,0.20901221964094374
8,21,0.0013500614928219606,0.0006540200931744443,-0.69751894282706,0.20904944472842746
8,22,0.001301525467949241,0.0006428699099665715,-0.6267751539195026,0.22570214139090644
8,23,0.0012605153581840389,0.0006350165931507945,-0.5624258989169274,0.23821400668885973
8,24,0.0012297880582879356,0.0006468133987962371,-0.5148816694448024,0.21990781757566663
8,25,0.001197339252591777,0.0006574527050058047,-0.4663739305955392,0.20352909829881455
8,26,0.0011697935411867535,0.000640982207066069,-0.4276407436088279,0.2303537368774414
8,27,0.001142517264564464,0.0006303572458111578,-0.38089717906198384,0.24632252719667222
8,28,0.0011192491953548641,0.0006260749832209614,-0.3464417158821483,0.25273195372687446
8,29,0.0010914196751804816,0.0006260675740324789,-0.3052840992256447,0.252483246061537
8,30,0.0010708389309361393,0.0006345202978182998,-0.27327146368262206,0.23975987434387208
8,31,0.0010497778215744521,0.0006227002776641813,-0.24212012379257766,0.2606787337197198
8,32,0.0010358848315836103,0.00062797180402817,-0.22418708035975327,0.25079707437091403
8,33,0.001019521463478421,0.0006283104872434503,-0.19555671627138868,0.24907828834321763
8,34,0.0010043209479017941,0.0006201115605007444,-0.171894117049229,0.2653370102246602
8,35,0.0009894589261140352,0.0006159099711415668,-0.15295914264372837,0.2689051694340176
8,36,0.0009659820878705769,0.0006192101282067597,-0.11898787536738831,0.2653428806198968
8,37,0.0009562750614282709,0.0006106913943464558,-0.10603164890666067,0.2800809449619717
8,38,0.0009439692340998186,0.0006109637609269056,-0.0864979452557034,0.27658866511450875
8,39,0.0009342598376715165,0.0006121031939983368,-0.06773602550412401,0.27660441398620605
8,40,0.0009222853303611002,0.000614459500906782,-0.05490779494061882,0.27376805014080474
8,41,0.0009133361831859306,0.0005978427904968461,-0.0422290023462272,0.29852162334654064
8,42,0.0008967905144356651,0.0006035472214635876,-0.017433468942289,0.2892525209320916
8,43,0.0008900536610859872,0.0006065508557690514,-0.006411608501716896,0.2843185212877062
8,44,0.0008839802608112403,0.0006109833743216263,0.00015162406144318758,0.2788912918832567
8,45,0.0008782874814372648,0.0006120488953052296,0.00756451627354563,0.27480123705334136
8,46,0.0008684633753871844,0.0005959635315876868,0.024861730616769672,0.3016053040822347
8,47,0.0008548961765489277,0.0005997747325131462,0.04101842803719603,0.29549391667048136
8,48,0.0008474066027118192,0.0005993254909602304,0.054262029683148416,0.29542678594589233
8,49,0.0008418455830614232,0.0005951583825258745,0.06223211332603737,0.3037663552496168
8,50,0.0008357590693911468,0.0005870146832118432,0.07189926586033385,0.31506029234992133
8,51,0.0008317586320544375,0.000590883201867756,0.08016846282982532,0.3074311057726542
8,52,0.0008174306488837357,0.0005867365967585808,0.09608435248151237,0.3127550337049696
8,53,0.0008169031964994415,0.0005935116295909716,0.10045817619488563,0.30446595350901284
8,54,0.0008060785305088409,0.0005831513993649019,0.11336686537589556,0.32072679731580944
8,55,0.0008011058592352511,0.0005973110932649837,0.12030441922906004,0.301760376824273
8,56,0.0007945254049838785,0.0005850297799851332,0.13118178108592093,0.32076720396677655
8,57,0.0007831945326926624,0.0005869308874631922,0.14390280997311627,0.3161155515246921
8,58,0.0007737803007016119,0.0005800538411777881,0.1569392987239508,0.32559693257013955
8,59,0.0007745011131865559,0.0005834026507929795,0.15954542336640534,0.3191319915983412
8,60,0.0007709450975209934,0.0005828421938026117,0.16264810503265004,0.3242393255233765
8,61,0.0007654816458392658,0.0005798788120349248,0.17111836303899317,0.32641811635759144
8,62,0.0007594787939681591,0.0005737665963048736,0.1806325731454072,0.33712979952494304
8,63,0.0007542379490778218,0.0005729981452330119,0.18467040194405449,0.3374393026034037
8,64,0.000750367036577958,0.0005698651295258767,0.193664965806184,0.34107159243689644
8,65,0.0007454332786347763,0.0005848281745178004,0.19770953993738433,0.3206045389175415
8,66,0.0007367857898596996,0.0005777936183019645,0.21034960732047941,0.3336725539631314
8,67,0.0007345896658349644,0.0005728655197243724,0.21565359153865296,0.3367674390474955
8,68,0.0007291188391707377,0.0005704681492514081,0.22083473087828837,0.34113395081626047
8,69,0.0007254514623329871,0.0005909465149872832,0.22271520694096883,0.3193469683329264
8,70,0.0007236552933506943,0.0005825711414217949,0.22576261199550865,0.3298972129821777
8,71,0.0007198172960614349,0.000569061652964188,0.23568658004572363,0.34575141800774467
8,72,0.0007137930888774587,0.0005744252793697847,0.23968886755130908,0.3405363784896003
8,73,0.0007090532506908072,0.0005695132965532442,0.24824657028104052,0.3460471245977614
8,74,0.0007064058685410814,0.0005730571289960708,0.25221321509208205,0.3408028337690565
8,75,0.000697002910008585,0.0005638551186873681,0.26397194788779743,0.3540694793065389
8,76,0.0006973367972000513,0.0005665363847381539,0.26734673461796327,0.35636932055155435
8,77,0.0006885145786563279,0.0005652516136049397,0.2732046142036532,0.35456780195236204
8,78,0.0006879439472542777,0.0005629974753699369,0.2755769735501136,0.35834034151501126
8,79,0.0006802437624342188,0.0005730766596065627,0.28197287291656303,0.34161698685752023
8,80,0.0006797959460347983,0.0005679910730880996,0.282606843960138,0.3556578132841322
8,81,0.0006790457396871513,0.0005602463407235013,0.2885887091542468,0.3614842891693115
8,82,0.0006767716461413161,0.0005601092953131431,0.2914721355026151,0.36283002032174005
8,83,0.0006729974809539631,0.0005605573546037906,0.29460364874498346,0.3594505270322164
8,84,0.0006725550442359145,0.0005569374175845749,0.29788764700477505,0.36586727301279703
8,85,0.0006633455609258862,0.000557251676865336,0.3075703086676421,0.3650409870677524
8,86,0.0006598209758162683,0.0005569235551067524,0.31339043673173883,0.3672458436754015
8,87,0.0006544840330959379,0.0005584622901450429,0.3174572138138759,0.3620304041438632
8,88,0.0006551056419050804,0.000552816743341585,0.3184116934552605,0.3705683218108283
8,89,0.0006540250238663528,0.0005657663038517866,0.31984008962725413,0.354168254799313
8,90,0.0006465047983061752,0.0005504481132245726,0.3301162905163235,0.37276350524690416
8,91,0.0006451779453336825,0.0005602024275706047,0.3312644789248337,0.3625344806247287
8,92,0.0006407067721514146,0.0005639006034471094,0.33839097685284086,0.3607851094669766
8,93,0.000638658286900156,0.0005435591460102135,0.3403450310966115,0.3838490923245748
8,94,0.0006358192352589542,0.0005474152547928194,0.3401023804405589,0.37671578327814736
8,95,0.0006295509632090452,0.0005523899958158533,0.34523935627054286,0.36953827540079753
8,96,0.0006339129385319941,0.000547990671152042,0.341101473496284,0.3739004929860433
8,97,0.0006297558311798414,0.0005385261326510873,0.3538770431353722,0.3885538551542494
8,98,0.0006242244569785939,0.000540288206603792,0.3597767354529581,0.38949927091598513
8,99,0.0006245966473260871,0.0005458951824241214,0.3566956247812436,0.37663156323962743
8,100,0.0006174390124484759,0.0005513073889435165,0.3663570406996174,0.37268695301479765
8,101,0.0006164496869458184,0.0005462578730657697,0.3660947980704131,0.37908525334464177
8,102,0.0006114195073655818,0.0005471729867470762,0.3709883477952745,0.37687547074423894
8,103,0.0006091065106936443,0.0005541043588891626,0.3741736047061873,0.3707225547896491
8,104,0.0006084916118624401,0.0005429475322469241,0.3770388567889178,0.3820700446764628
8,105,0.0006105399068249504,0.0005362478227147625,0.3747467896084727,0.39096908569335936
8,106,0.0006072352342824969,0.0005380705205930604,0.37688098262857506,0.392090019914839
8,107,0.0005983601332883592,0.0005537982059953113,0.3881046705775791,0.3703947941462199
8,108,0.0006037925734374396,0.0005432631885115471,0.38163530826568604,0.3850419044494629
8,109,0.0005956194787516178,0.0005335955466661188,0.39494768807917463,0.39719676706526014
8,110,0.0005945255518545983,0.0005371518394288918,0.3949946618374483,0.3903442727194892
8,111,0.00058991655514771,0.0005362443845822579,0.39701944677918044,0.3897206796540154
8,112,0.0005877313743788105,0.0005379178535400165,0.40080741349561716,0.3923126432630751
8,113,0.0005801266514880146,0.0005294953938573599,0.41007925198401934,0.402580103609297
8,114,0.000582757914427346,0.0005319370642407901,0.40664947974829024,0.3986779967943827
8,115,0.0005773754932710694,0.0005305634927935899,0.41119997648545253,0.39945500824186536
8,116,0.0005792890060233113,0.0005336040398105979,0.41176036140065136,0.3955959227350023
8,117,0.0005740961386178287,0.0005294528569922679,0.41357280060097024,0.39902440309524534
8,118,0.0005719206778815499,0.0005278016867426535,0.419765078432766,0.4050547626283434
8,119,0.000571012255853548,0.0005362520589389735,0.41938931206126273,0.3933516595098707
8,120,0.0005665065749421899,0.0005224290640196866,0.42751038236382566,0.4129959397845798
8,121,0.0005684294559659413,0.0005341609745907286,0.4236421568894092,0.3973161988788181
8,122,0.0005670907681543426,0.0005337260909275049,0.42322618873031054,0.3990348113907708
8,123,0.0005651142511424827,0.0005280325111622612,0.4277880110858399,0.4017799072795444
8,124,0.0005644738712968926,0.0005247376057215863,0.4275555144121617,0.40723238123787775
8,125,0.000556299135370617,0.0005289366895643373,0.43373035692874295,0.4019614087210761
8,126,0.0005581083428689543,0.0005238856085472637,0.4343630196135721,0.40826662116580537
8,127,0.0005554371724698554,0.0005284035875875916,0.43930896859110136,0.400830962922838
8,128,0.0005490982827420036,0.0005192530056875613,0.44297780637387874,0.41258080270555286
8,129,0.0005528201065946049,0.0005258276334239377,0.4438834305162783,0.4069388654496935
8,130,0.0005470215350125031,0.0005230216193012893,0.45254285247237597,0.40972065925598145
8,131,0.000547724763178669,0.00052317734549029,0.44700229079635057,0.4134693397416009
8,132,0.0005433422010276972,0.0005215780718976424,0.45118903775274016,0.4074437048700121
8,133,0.0005407983475985627,0.0005209620990273026,0.45535953559993225,0.41511005560557046
8,134,0.0005404475584833158,0.0005180717950376371,0.45615395587167623,0.41626127428478665
8,135,0.0005382115900930431,0.000524090975522995,0.4573571711410711,0.40898143450419105
8,136,0.0005315233894370864,0.0005218543940120273,0.46658293362017034,0.41112335125605265
8,137,0.0005327110187391992,0.0005227573474662171,0.45982486377527687,0.41197983423868817
8,138,0.0005270741599680925,0.000521665312246316,0.469748983706957,0.4128786219490899
8,139,0.0005264847963347019,0.0005176945304911998,0.47126697331299017,0.41564557552337644
8,140,0.000524175368151685,0.0005263139843009413,0.4729547683103585,0.40567482047610814
8,141,0.0005233979834255153,0.0005202841492266291,0.4719618360201518,0.4161093446943495
8,142,0.0005256518855961155,0.0005170375522640016,0.4679320361879137,0.4179373198085361
8,143,0.0005145632901177224,0.0005251681703763704,0.48408569038650134,0.4071150792969598
8,144,0.0005141000540777581,0.0005262470881765087,0.47990175559196946,0.40744316577911377
8,145,0.0005169690122402468,0.0005260674573946744,0.4785882733486317,0.4082328875859578
8,146,0.0005210455437334553,0.0005084952695243475,0.4768157670527329,0.4300827503204346
8,147,0.000509573548693026,0.0005128816313420733,0.4861596977269208,0.4242087576124403
8,148,0.000510252021069144,0.0005112474512619277,0.48500825976148065,0.426140562693278
8,149,0.0005046836178128918,0.0005115939769893884,0.4922431055410409,0.42483917739656235
8,150,0.0005033027262852332,0.0005356473330822256,0.493149968429848,0.39634524451361763
8,151,0.0005028755882651441,0.0005123667742332651,0.4944120975188267,0.42222096655103897
8,152,0.0005068634810604523,0.0005135386192705483,0.4888654605841931,0.4242789069811503
8,153,0.0004981397327041415,0.0005132699359415306,0.49884461282212056,0.42630673117107815
8,154,0.0005018366992266642,0.0005140449088584217,0.49996517322681566,0.42209180593490603
8,155,0.0004980579451197919,0.0005155810032091621,0.4971901920106676,0.42421767314275105
8,156,0.0004926840694230279,0.0005159736733831879,0.5069464843950154,0.42406583627065025
8,157,0.0004994349258831116,0.0005230676305169861,0.4957670678327113,0.4152120378282335
8,158,0.0004967244959976754,0.0005152177311376565,0.5023024067466642,0.42180999252531265
8,159,0.0004889604131070276,0.000515182386799198,0.5088237384219229,0.42440026733610364
8,160,0.00048445963421491563,0.0005126980502003183,0.5162838138180015,0.429503513707055
8,161,0.0004830151679925621,0.0005144973369573967,0.5143509885411204,0.424157358540429
8,162,0.00048658927589263995,0.0005145036744781666,0.5122417214476032,0.42786017921235825
8,163,0.00048291195704268266,0.0005185450795882692,0.5139812440048029,0.4228207468986511
8,164,0.0004831760084791178,0.0005111139519916227,0.5173542106593096,0.4303973462846544
8,165,0.00048258709785942405,0.0005095810273713949,0.5184178136013172,0.43176126612557303
8,166,0.00047763061011210086,0.000511864640025629,0.5246954887001603,0.4277806533707513
8,167,0.0004700141373941284,0.000519439698352168,0.5287860586319441,0.4229693505499098
8,168,0.0004728755627666819,0.0005158411429470612,0.5238775244465581,0.42694563733206853
8,169,0.00047159064302427904,0.0005316728997665147,0.5261149316658208,0.41152215666241115
8,170,0.00047326456571434753,0.0005150405845294396,0.5266182855323509,0.42766856882307264
8,171,0.0004694644139682943,0.0005105771486543947,0.5311943405940209,0.4332441873020596
9,1,0.07837781730901312,0.010261251529057821,-122.31479985861131,-15.28107599682278
9,2,0.01586809397249678,0.0024726260194761884,-23.033434753653445,-2.5738207711113823
9,3,0.01142883384945216,0.00141045312759363,-16.2808367099291,-0.8271437989340888
9,4,0.009601979865980001,0.0009212834812286827,-13.47280756043799,-0.03008197546005249
9,5,0.008187249532820266,0.0008804009813401434,-11.260109949700626,0.03066776196161906
9,6,0.0069630781200105026,0.0008806723092372219,-9.384201427742287,0.02294507556491428
9,7,0.005958965487410257,0.0008660122183048063,-7.828805973500382,0.047060490979088675
9,8,0.005144393225602897,0.0008707940112799406,-6.583981687639967,0.026411671108669706
9,9,0.004454423001978868,0.0008544803053761522,-5.529448211928944,0.0630746324857076
9,10,0.00387006751836542,0.00085854880615241,-4.606253125932482,0.04332567320929633
9,11,0.0033564009617462203,0.0008718307906140884,-3.8090638275499695,0.017976992660098605
9,12,0.002974293390173971,0.000836792270032068,-3.2250482058819427,0.07667776213751899
9,13,0.0026495152785454266,0.0008358060770357648,-2.7291154461142457,0.08033109505971273
9,14,0.0023967672432600347,0.0008277361915032897,-2.317097112573223,0.09763261609607272
9,15,0.0021697844539619524,0.0008070421262851192,-1.9787085197590015,0.12801793416341145
9,16,0.001987341288937095,0.0007933798517721395,-1.6896947133688278,0.15181501176622178
9,17,0.0018384516535234856,0.0007954610369375183,-1.4642462227079602,0.14855016205045912
9,18,0.0017304918449946945,0.0008033898374479678,-1.2998560335901048,0.13416700363159179
9,19,0.0016256676308442782,0.0007903287497659524,-1.1382302007557434,0.15619243515862358
9,20,0.0015466426921732447,0.0007757513512236376,-1.0092398274092027,0.17810915443632339
9,21,0.0014762447382334941,0.0007744926027953625,-0.9088957228778322,0.1828833301862081
9,22,0.0014132623963149977,0.0007746835808373159,-0.8098295747497936,0.18012956115934584
9,23,0.0013602763891542031,0.0007780913974986309,-0.732375920554738,0.1744346366988288
9,24,0.0013103433855935747,0.0007641135132871568,-0.656541986229979,0.19623302088843453
9,25,0.0012754957996492769,0.0007718141410603291,-0.6023561017012891,0.18554072247611153
9,26,0.0012325368203613678,0.0007690437306236062,-0.5366349008348253,0.18717883030573526
9,27,0.0011970513517519943,0.0007704106909740302,-0.4824671389144144,0.18473189936743842
9,28,0.001167855562389265,0.0007708789392684897,-0.4369331632131412,0.18310947418212892
9,29,0.0011378292589344912,0.000754686172068533,-0.39007379125665737,0.20874091254340277
9,30,0.0011114754981395823,0.0007620480234941674,-0.35249382625391457,0.19716602961222332
9,31,0.0010863669003923367,0.0007424730859282944,-0.3143040395077364,0.22840026749504938
9,32,0.0010631100429842868,0.0007512800680059525,-0.2783529099122978,0.21341347959306506
9,33,0.0010415763887404292,0.0007496171255802943,-0.24702261185940402,0.21634814739227295
9,34,0.0010257208239816038,0.0007463287277561095,-0.22057977281970742,0.2223461243841383
9,35,0.0010091487553982456,0.0007459439440733857,-0.1930040012171239,0.2212717652320862
9,36,0.0009894668026884765,0.0007445986990609931,-0.1654224086690832,0.22321287526024713
9,37,0.0009750861878633316,0.0007418903974919683,-0.14487722199640157,0.22670909298790826
9,38,0.000964804041992735,0.0007341488044605487,-0.1268405802455949,0.23985801405376858
9,39,0.0009460475984213437,0.0007502980038730635,-0.10476333888960473,0.2122807436519199
9,40,0.0009351075156936767,0.000731687736697495,-0.0856129401995812,0.2428927911652459
9,41,0.0009261502967687485,0.0007243228132008679,-0.07276565719533849,0.2549143460061815
9,42,0.000911496489820427,0.0007310218358826306,-0.04996883648413199,0.24211150540245904
9,43,0.0009032420079614737,0.0007230531359608802,-0.03798095679577486,0.2563029276000129
9,44,0.0008977488440714409,0.0007521900801091559,-0.030211619683253914,0.20718957318200004
9,45,0.0008851965869213512,0.0007274370355945495,-0.012190188301934137,0.2475483801629808
9,46,0.0008710571563296756,0.0007228004099387262,0.010739891911730354,0.25515007310443455
9,47,0.000861057796354555,0.0007147130918585592,0.020372803711596832,0.26850130955378215
9,48,0.000853436669898162,0.0007153559954733485,0.036792809874923144,0.26558635632197064
9,49,0.0008415345233336183,0.0007097036991682318,0.05105266600479314,0.27574318117565577
9,50,0.0008353164185263952,0.0007040539562391738,0.057562316052707625,0.2847860336303711
9,51,0.0008321669573585192,0.0007199072718827261,0.06669801311728395,0.2574264142248366
9,52,0.0008299744442208773,0.0007207276131440368,0.07079432201974185,0.25873166455162894
9,53,0.0008161940702444149,0.0007191050409649809,0.09037612853226838,0.2578665335973104
9,54,0.0008113640676723954,0.0006993107665847573,0.09779786931143866,0.2926527553134494
9,55,0.0008058503960017805,0.0007097641549383601,0.10261159384692156,0.27902268303765193
9,56,0.0008047588612240406,0.000710242413656993,0.1064649811497441,0.2769377218352424
9,57,0.0007984825565169255,0.0006983720645722416,0.1139777856108583,0.28966335720486114
9,58,0.0007812257437897777,0.0007070541420641044,0.1356456051638097,0.27672142452663845
9,59,0.0007832124872409084,0.0007025322514689631,0.13575905914659853,0.2836959547466702
9,60,0.0007755618674657595,0.0006937876085026396,0.14638969088778084,0.2986947152349684
9,61,0.0007681388652274086,0.0006940734702058965,0.15350277718202568,0.29839872386720445
9,62,0.0007639267190106581,0.0006900943453527159,0.16362281419612743,0.3036108334859212
9,63,0.0007579716139496016,0.0006865400031933354,0.16981854968600804,0.30895328521728516
9,64,0.0007547862919760339,0.0006836596630617148,0.1772475504580839,0.3103628092341953
9,65,0.0007524526840432282,0.0006876539050911863,0.17801448754322383,0.305420270231035
9,66,0.0007417502266895256,0.0006887029339041975,0.19195628077895552,0.3027342875798543
9,67,0.0007396181162883654,0.0006840174060521855,0.19622500560901784,0.3110336078537835
9,68,0.0007382742238495453,0.0006907783694461816,0.1999992451550048,0.30110216273201834
9,69,0.0007360031997876954,0.0006822588219721284,0.2022243626323747,0.31070354514651827
9,70,0.0007297285589573468,0.0006798075020520224,0.21159505078822005,0.3167281005117628
9,71,0.0007292113732546568,0.0006821623020288018,0.21281047838705558,0.31163124640782675
9,72,0.0007232387647906571,0.0006710747360355325,0.2198617590798272,0.3282452768749661
9,73,0.0007195264811018183,0.0006771044521075156,0.22320733305848675,0.3189183314641317
9,74,0.0007178272817709287,0.0006768112717610267,0.22783888696152488,0.3188409500651889
9,75,0.0007089336063528871,0.0006755082609338893,0.2366560329625636,0.3188456959194607
9,76,0.0007068539677866171,0.0006787257385440171,0.23884795359623284,0.3154147426287333
9,77,0.0007091276964207215,0.0006805183676381906,0.23528370077227367,0.3106940852271186
9,78,0.0007023093270505836,0.0006702853289122383,0.2483974595128754,0.3269132177035014
9,79,0.0006952903519476545,0.0006719843005864984,0.25883507949334605,0.32490390671624075
9,80,0.0006960735952389645,0.0006699873276779222,0.2579555985368328,0.32853153149286907
9,81,0.0006932098046232613,0.0006677945597200758,0.26087026728524104,0.33180591132905746
9,82,0.0006849899663831349,0.0006680054913481905,0.26880012485716076,0.33506297138002183
9,83,0.0006858597114325765,0.0006651301842389835,0.2725241482993703,0.3363662309116787
9,84,0.0006798115225485813,0.0006598938114216758,0.2772692721567036,0.3415632896953159
9,85,0.0006829236953139857,0.000658122662247883,0.27441284833131013,0.34492906199561224
9,86,0.0006789593707287201,0.0006599025348097914,0.2785188644020646,0.34582313034269546
9,87,0.0006770911600647701,0.000657588838496142,0.28550615457840905,0.3447917183240255
9,88,0.0006688214076774907,0.0006548432296969825,0.29436006192807795,0.34908343023724026
9,89,0.00067191474315032,0.0006564108603116539,0.2886504018748248,0.34812017016940644
9,90,0.0006625526900874612,0.000649810723391258,0.2995428553333989,0.3542443593343099
9,91,0.000663895855433549,0.0006504612806667057,0.2972016344835729,0.3530515299903022
9,92,0.0006631064507535394,0.0006586499602740837,0.3020286773457939,0.34693269597159493
9,93,0.0006623766222612266,0.000654419274845471,0.3017303200415623,0.35076199769973754
9,94,0.0006534128747363058,0.0006540890860681733,0.3124418522104805,0.34842694732877943
9,95,0.0006505039431453671,0.0006471177511331108,0.315380260237941,0.357855486869812
9,96,0.000646767183350698,0.0006387982685636315,0.32332215735941755,0.3677465200424194
9,97,0.0006500710506153144,0.0006490705858191682,0.3156492699811488,0.3565248317188687
9,98,0.0006471044825171523,0.0006468346639950242,0.3233274640860381,0.35881588326560127
9,99,0.0006426894435095659,0.0006436989202888476,0.32457817366093766,0.36409247451358373
9,100,0.0006396945886440391,0.0006427241308200691,0.33055842334841506,0.36174831920199924
9,101,0.0006395412282730786,0.0006411280379527145,0.3296198101691258,0.3671301139725579
9,102,0.0006298994326412126,0.0006328657786879274,0.3394570905485271,0.37656329737769234
9,103,0.0006304809543373133,0.0006361085313579274,0.3436297834655385,0.3721995658344693
9,104,0.0006268392942190447,0.0006358414642616279,0.3457345376780004,0.3684741059939067
9,105,0.0006250254502290009,0.0006386459313539995,0.3486908834657551,0.37043850819269813
9,106,0.000623190472546367,0.0006361100964972543,0.3470251925197648,0.3701229612032572
9,107,0.00062223065049491,0.0006350466865114868,0.35164893953888504,0.3732136474715339
9,108,0.0006208882835279737,0.000625385746308085,0.34985100075050635,0.38631343046824135
9,109,0.000622820148796395,0.0006351511602083014,0.3510249545544754,0.3727621806992425
9,110,0.0006146097968240487,0.0006353627709257934,0.3587145499241205,0.3727709770202637
9,111,0.0006125464621517393,0.0006300352203349272,0.3594295172043789,0.3785488287607829
9,112,0.0006142467853935136,0.000629941138645841,0.3573013557328118,0.3824437591764662
9,113,0.0006158870586659759,0.0006376711535267532,0.3596469165366373,0.37123725679185654
9,114,0.0006096081208886095,0.0006258251404182778,0.3672053662347205,0.38677963150872124
9,115,0.0006082006689896922,0.0006289763699492646,0.36819322418283534,0.38179198238584733
9,116,0.0006080948473184288,0.0006254276998030643,0.3686074729318972,0.38584849966896906
9,117,0.0006029824838387194,0.0006200956866248614,0.3744945080192001,0.3942164487308926
9,118,0.0005974317008319,0.0006266715431896349,0.3798015809353487,0.3881430003378126
9,119,0.0005942216710716394,0.0006205018519216942,0.3857116703633909,0.397626973523034
9,120,0.0005940915129929321,0.0006194983570215602,0.3852186562102518,0.39714570575290253
9,121,0.0005952404367875445,0.0006235899274340934,0.38955682354208865,0.3877682752079434
9,122,0.000598920439944867,0.0006251354068000283,0.38016593058904014,0.38627607822418214
9,123,0.0005950748848579364,0.0006240817110261156,0.383947358308015,0.3895453280872769
9,124,0.0005898465429731633,0.0006147976654271285,0.3866184377375944,0.40199665360980563
9,125,0.0005887300774949476,0.0006137244752608239,0.3922843157509227,0.4003693130281236
9,126,0.0005893287000269342,0.0006138398299097187,0.39043181943304744,0.40150645441479155
9,127,0.0005834741016309479,0.0006116045018037161,0.3999002522892422,0.40702261130015055
9,128,0.0005809376789486886,0.0006114286681016286,0.4040521568722195,0.4050793422593011
9,129,0.0005799974151024664,0.0006127328301469485,0.3993395549279672,0.4057010253270467
9,130,0.0005781738658113704,0.00061987213169535,0.40485506425669165,0.3964713003900316
9,131,0.0005783264371451496,0.0006108764571965569,0.40586680306328665,0.40979824066162107
9,132,0.0005724407792850225,0.000609758303552452,0.4106612233468044,0.41036847167544893
9,133,0.0005720329705200353,0.0006129288735489051,0.4127749357694461,0.4106645014550951
9,134,0.0005696598643776214,0.0006151854694407019,0.4147858135494185,0.4074072374237908
9,135,0.000566277730445389,0.0006058250165854891,0.41866156495647666,0.42154961029688515
9,136,0.0005680056834984341,0.0006043379233839611,0.4170770696651788,0.42082147465811837
9,137,0.0005655641794020747,0.0006017410868985785,0.42007863801202655,0.42405498027801514
9,138,0.0005636066682694227,0.0006056919383505981,0.42089899116092255,0.4173922591739231
9,139,0.0005605840704829237,0.0006127595513438185,0.4228428060625806,0.40630135668648615
9,140,0.0005614940667766387,0.0005976449918105371,0.4221676027333295,0.42973757055070666
9,141,0.0005513721724891644,0.0006034187196443478,0.4342308022357799,0.4232231179873149
9,142,0.0005509105005106072,0.0005979656448794736,0.43592179277796805,0.4295786804623074
9,143,0.0005555528108272011,0.0005959837800926632,0.43076299016858327,0.4320198469691806
9,144,0.0005520169196339945,0.0006029216068175932,0.4332715509850302,0.4252848876847161
9,145,0.0005473033910226307,0.0006037203452756836,0.439688139638783,0.42552979389826456
9,146,0.000551470545017057,0.0006000064817878108,0.4339304813632259,0.4275723629527622
9,147,0.0005409613026760196,0.0005962973680450685,0.4451121272864165,0.43557637400097315
9,148,0.0005417780081143626,0.0006024659016273088,0.44460319766291867,0.42282007535298666
9,149,0.0005430400068296786,0.000602997803232736,0.4424733266418363,0.42713096406724715
9,150,0.0005395545834031554,0.0005980231333523988,0.4471469212461401,0.4324843062294854
9,151,0.0005413481068831903,0.0005967345657861895,0.43944238895251425,0.43282785283194647
9,152,0.0005390339993791264,0.0006004409696389404,0.44566011119771887,0.42915333641899955
9,153,0.0005389966707343213,0.0006052162588780953,0.44741505222556033,0.426460697915819
9,154,0.0005341646120665066,0.000600016026550697,0.45528540743721857,0.42671072085698447
9,155,0.000536974705611988,0.0006055280566215516,0.4477494724002885,0.42822613848580254
9,156,0.0005345433211689929,0.0005966849327604804,0.44950347373515,0.431007186571757
9,157,0.0005294135056671767,0.0006001777752923468,0.4592103088343585,0.43024115562438964
9,158,0.0005224104373526105,0.0005902901796313623,0.4655181665479401,0.4442204846276177
9,159,0.0005202747350357427,0.0005969460704363883,0.4655081457561917,0.4343573596742418
9,160,0.000521937240185331,0.0005947626946080062,0.4658145117171017,0.44084320465723675
9,161,0.0005188253833222445,0.0005885102721448574,0.46479301923586996,0.44293127324846054
9,162,0.0005220705171167437,0.0005998063703171081,0.458261079111217,0.43332273297839696
9,163,0.0005156893852270312,0.0005958105450392597,0.4738591238304421,0.44020176066292654
9,164,0.0005176347051603421,0.0005969491735514668,0.46884196717062115,0.43532938030030993
9,165,0.0005141569482576516,0.0005930175940092239,0.47029644810123206,0.44274873468610976
9,166,0.0005100163796422199,0.0005930003192689684,0.47513428661558366,0.4454041136635674
9,167,0.0005074541655765777,0.0005899631871014006,0.48026966842604274,0.44470458295610216
9,168,0.0005013113597085999,0.000591758722698109,0.48913442058327755,0.4505804181098938
9,169,0.0005047334155447229,0.0005889615380308695,0.484801005139763,0.44847130245632594
9,170,0.0005047641860545371,0.0005894825315206415,0.48315625882443086,0.4481071326467726
9,171,0.0005000297227345499,0.0005908408034075466,0.48732871700216224,0.44810623195436267
9,172,0.0005015530978490449,0.0005871574355599781,0.4852077088238281,0.4519166522555881
9,173,0.0004983186992000283,0.0005883968771538801,0.48934522808333974,0.44826291667090523
9,174,0.0004960827871490224,0.0005917931855138805,0.4904922329349282,0.44484454923205907
9,175,0.0005025317893869439,0.0005980511558138662,0.48380208751301707,0.4444038364622328
9,176,0.0004988516307217471,0.0005858743058828016,0.4856035827118673,0.4511364552709791
9,177,0.0004929329580512404,0.00058865567876233,0.4948994686574112,0.45140647225909764
9,178,0.0004889018270244569,0.0005867154324530727,0.5034470670017195,0.456712363825904
9,179,0.0004869463531599369,0.0005897283644622399,0.5006259135258051,0.4517579515775045
9,180,0.00048474361078043316,0.0005953339355376859,0.5003476821346048,0.4421889305114746
9,181,0.0004914177864082847,0.0005917437374591827,0.4932414983525688,0.4509824660089281
9,182,0.0004890637417657324,0.0005911813272784154,0.49869122828966306,0.45134758287005955
9,183,0.00048210595656807224,0.0005910274107009172,0.506314456757204,0.44943668047587076
9,184,0.0004907519493344021,0.000607132630991853,0.49461657132631465,0.43919509649276733
9,185,0.00048803950984743826,0.0005850924955060085,0.49924922857755494,0.46008915106455484
9,186,0.0004804224259490262,0.0005861887113294668,0.5070733706156413,0.45609270599153307
9,187,0.0004802768440618191,0.0005846940058593949,0.5058654350998961,0.4617002209027608
9,188,0.0004732436489710515,0.0005912592143027319,0.5179090897242228,0.45500964721043907
9,189,0.0004766340149037632,0.0005858636991534796,0.5137069125234345,0.4612276620335049
9,190,0.0004710479623661089,0.0005782913494234283,0.5192007756527559,0.4700453281402588
9,191,0.0004729767485211293,0.0005897337105125189,0.5167912150606697,0.4559093515078227
9,192,0.00047359770511702437,0.0006006370544330114,0.5181182477209303,0.4411094692018297
9,193,0.00047306673282205506,0.0005869441704514126,0.5155836941283426,0.456723067495558
9,194,0.0004670592114030395,0.0005918443228842483,0.5218134578363395,0.4469309727350871
9,195,0.00046722722436692333,0.0005800282673185898,0.5182711122948447,0.462682396835751
9,196,0.0004666211013825909,0.0005845718150441017,0.5222836267800979,0.4630782922108968
9,197,0.0004631974292418885,0.0005937843480043942,0.5220896060084119,0.45160853995217215
9,198,0.0004574242527280463,0.0005891825667478973,0.5321879235314734,0.45436728133095633
9,199,0.0004631121564558765,0.0005813861744374865,0.5252888653013441,0.4593866891331143
9,200,0.00046186747969369647,0.0005777718538107972,0.5234076229142554,0.4709727432992723
9,201,0.0004625354155489922,0.0005865665980511242,0.5235437950970214,0.46211967468261717
9,202,0.00045492647296208657,0.0005726606209969355,0.5338838003299854,0.47269204987419977
9,203,0.0004566611397298582,0.0005770385278285378,0.5302322889551704,0.47016168965233696
9,204,0.00045530308457666344,0.0005864846558930973,0.5335363976749373,0.46076993544896444
9,205,0.0004528505475415538,0.0005831524884949128,0.5325345985683394,0.4657287981775072
9,206,0.00045292344868447584,0.0005835674987691972,0.5345431742844758,0.4623323559761047
9,207,0.0004487489042573689,0.0005960293528106478,0.542584710062286,0.4514972858958774
9,208,0.0004509570797111977,0.0005883694535845684,0.5333411307982456,0.4582996792263455
9,209,0.00044981857379438516,0.0005878356634639204,0.5365717954105801,0.45929652584923636
9,210,0.0004454987660412573,0.0005869417011530863,0.5444109901969816,0.4618030905723572
9,211,0.00044258354593896203,0.0005787299997690651,0.5460122773676743,0.4737879064348009
9,212,0.0004416792765604677,0.0005755513207986951,0.5469053464171327,0.4745608263545566
9,213,0.0004438991183386311,0.0005810602826790678,0.5476835783616996,0.4682518720626831
9,214,0.00044035236473356223,0.0005910520428895123,0.5469201972455154,0.45918125841352675
9,215,0.0004419516825927766,0.0005777651314727134,0.5471337796729288,0.4697878466712104
9,216,0.00043922874970177625,0.000567292163355483,0.547670351870266,0.4799314710828993
9,217,0.0004367608814155338,0.0005797666911449697,0.5495017793443467,0.4683155205514696
9,218,0.0004375429555233338,0.000586293332485689,0.5500622104715418,0.4633767565091451
9,219,0.0004403297420746336,0.0005840150574739608,0.5469406600351687,0.468113644917806
9,220,0.00043370829892264287,0.0006040494526839918,0.5549541842790298,0.4457928207185533
9,221,0.0004317903230081738,0.0005854077287949621,0.5560110042124619,0.46642407178878786
9,222,0.0004284765251572991,0.0005792236641152865,0.5558293093869715,0.47404205136828953
9,223,0.00042737052340439903,0.0005659138654462166,0.5622692177325119,0.4829923192660014
9,224,0.0004283422514376587,0.0005658570418341293,0.5621536721417933,0.4842322164111667
9,225,0.00042367171557953603,0.0005751039017923177,0.5638576522285556,0.4750506665971544
9,226,0.00042495516281184037,0.0005812004415525331,0.562431921929489,0.466833221912384
9,227,0.00042336502214491273,0.0005727696258367764,0.5639259682761298,0.4741668966081407
9,228,0.0004202931142055694,0.0005700543975561029,0.5688465075728334,0.48068128029505414
9,229,0.0004242865309797595,0.0005924459378648964,0.5597472252669158,0.46269954840342203
9,230,0.0004145098998883946,0.0005836209916095766,0.5722002712296851,0.46701430479685463
9,231,0.0004169741487360479,0.0005780476171316372,0.5719918458550065,0.47412529786427815
9,232,0.0004144084832435589,0.0005861982444508208,0.5731081485748291,0.462784649266137
9,233,0.00041608892626956935,0.0005712976963776681,0.5726845861952982,0.4794953942298889
9,234,0.0004119159957756185,0.0005773424170911312,0.576577149791482,0.4782270219590929
9,235,0.0004164654240558315,0.0005802219591310454,0.5721517966117388,0.4748361070950826
9,236,0.0004174056503185887,0.0005728896332180335,0.573181661411568,0.4752262221442329
9,237,0.00041241956685014345,0.0005638430166679125,0.5796470060760592,0.4931921283404032
9,238,0.00040735679047676607,0.0005708257473694781,0.5777392631695595,0.48190216753217907
9,239,0.0004113448734889612,0.0005760719003673228,0.5781025643701907,0.4806668162345886
9,240,0.0004088263644658627,0.0005699223968096905,0.5820225855450571,0.48661684857474435
9,241,0.0004068510992061577,0.0005736084926563005,0.5831729732913735,0.48566672404607136
9,242,0.00039669789954514047,0.0005811355219015645,0.5943275485509708,0.4751648598247104
9,243,0.00040259100769841926,0.000579445395204756,0.5870819199232408,0.47382659912109376
9,244,0.000403512168077775,0.0005626903536419073,0.585490639857304,0.4927898645401001
9,245,0.00040898480406605905,0.0005807663650355406,0.5832484360094423,0.46975447601742215
9,246,0.00040836377280626307,0.0005850051426225238,0.5809741694250224,0.4719859864976671
9,247,0.0004025673863110075,0.000579678850610637,0.5875329088281702,0.47548695140414765
9,248,0.0003981541816352142,0.0005760513181384239,0.5881586065998784,0.48627208338843453
9,249,0.0003914792539787559,0.0005824315594509244,0.5982960845217292,0.47529599666595457
9,250,0.0003916566504487469,0.0005696198217467302,0.5981615231360918,0.4892137222819858
9,251,0.0003904500725408901,0.0005811287788674236,0.598659117575045,0.48199894825617473
9,252,0.00039484740801178564,0.0005778988098932638,0.5907154788205653,0.48431472380956014
9,253,0.0003977034771297541,0.0005829088053562575,0.5928838076414885,0.4760485834545559
9,254,0.0003889750886168101,0.0005844209006884032,0.5985632391623509,0.47332542737325034
9,255,0.0003918152010028055,0.0005819382611662149,0.5939876434243756,0.48025509383943343
9,256,0.0003928429170448425,0.0005870840279385448,0.5941663694970402,0.4691684259308709
9,257,0.0003885910070190827,0.0005739769523238971,0.5994267272360531,0.485395614306132
9,258,0.00038618894314025473,0.0005820409808721807,0.6003365678551756,0.47769163846969603
9,259,0.00038963666575224956,0.0005747625138610602,0.6030033002665014,0.4835320009125604
9,260,0.0003884469983196691,0.0005832171390971376,0.6015262405077616,0.4759839534759521
9,261,0.0003869741973984573,0.0005796502059739497,0.6022935038731422,0.481664764881134
9,262,0.00038338429208293007,0.000574464710532791,0.6106885394932311,0.4855181773503621
9,263,0.00038095574070021144,0.0005798897524881694,0.6079603489534354,0.48037619325849745
9,264,0.00037890648157450795,0.0005805808843837844,0.6104505731735701,0.47979920307795204
9,265,0.0003809410869575071,0.0005811934682747556,0.6068350743364405,0.4822172602017721
9,266,0.0003783992583644979,0.000585558340470824,0.6084074514883536,0.48005122476153905
9,267,0.0003787818938970888,0.0005638963284177913,0.6103954219523772,0.4974937121073405
9,268,0.0003738785727397987,0.0005763992900028825,0.6156001071871063,0.48275021976894805
9,269,0.00037548183032345994,0.000576292568196853,0.6138073007265726,0.4892943766382005
10,1,0.08511470619727064,0.009499289467930794,-133.86690211472688,-14.097628127204047
10,2,0.01674822717215176,0.0025845662587218815,-24.532903947947936,-2.9304888274934555
10,3,0.012292667747371727,0.0010756283636308378,-17.576860683346972,-0.47923425568474665
10,4,0.010334658073146402,0.0008736123990577956,-14.567213165612868,-0.15710371732711792
10,5,0.008797108048550141,0.000752822230828719,-12.236683633592394,0.037124611271752254
10,6,0.007502152498259589,0.0007414346897146768,-10.206555336493032,0.05364030202229818
10,7,0.006488093061165677,0.0007345955029854344,-8.603547081240901,0.06006983253690931
10,8,0.00558038346791341,0.0007285779458470643,-7.239958386656679,0.06970201995637682
10,9,0.004795921012115331,0.0007131471466790471,-6.004955516921149,0.09402940538194444
10,10,0.004125066137769156,0.0007080176741712623,-4.965940896670023,0.10245223310258654
10,11,0.0035732534587567233,0.0006907514451692502,-4.128958294421066,0.12881365087297228
10,12,0.003117893635076873,0.000684622663538903,-3.417206175533342,0.13559787935680814
10,13,0.002757804133687858,0.0006875261703195671,-2.85555309601772,0.13175159560309516
10,14,0.002480131621690996,0.0006919709435250196,-2.4287467264834746,0.12273717588848537
10,15,0.0022560252474597945,0.0006798660641329156,-2.082119266192118,0.1406848496860928
10,16,0.0020668515211178197,0.000678153681413581,-1.8003983809624189,0.14243720240063137
10,17,0.001916584169584108,0.0006735737538999981,-1.5646327083493456,0.14939136770036485
10,18,0.001789760214196127,0.0006615662313480344,-1.3649397354067108,0.1682452943589952
10,19,0.0016859559457243225,0.0006637260447152787,-1.2141820171732962,0.16492444806628756
10,20,0.0015924605707649463,0.0006527589672865967,-1.067720404819206,0.18325839572482638
10,21,0.0015250515370963163,0.0006637730221781466,-0.9551379403950255,0.16501256889767116
10,22,0.001464838160627326,0.0006451832777303126,-0.8700030653565018,0.19412452247407702
10,23,0.0014079441563628705,0.0006440883709324731,-0.784921963568087,0.19686123794979518
10,24,0.00135797461218856,0.0006437011063098908,-0.708840909121949,0.19808776378631593
10,25,0.0013154147695864976,0.0006405056027385096,-0.6421433213316364,0.2029024190372891
10,26,0.001274963863550421,0.0006250735863836275,-0.5796445752367562,0.22736066712273492
10,27,0.0012358816061743799,0.0006211555989769598,-0.5199588671142672,0.23430175516340468
10,28,0.001206314845447555,0.0006333629691248967,-0.47711195783850585,0.21502132415771485
10,29,0.001177259503553311,0.0006321559362630877,-0.42673672658425793,0.21758680211173165
10,30,0.0011546391105555275,0.0006138548112681342,-0.393988612551748,0.24619309504826864
10,31,0.0011274227829374097,0.0006179264022244347,-0.35191392677801625,0.24039206239912245
10,32,0.001101127504888508,0.0006188228454751273,-0.3149911131387875,0.23869047429826523
10,33,0.001080435534140072,0.0006120326282042596,-0.28038751549190943,0.24923377169503105
10,34,0.0010661508681045638,0.0006072035253358384,-0.2583290022096516,0.259194466802809
10,35,0.0010462386254796092,0.0006009578549613556,-0.22715621980620018,0.2691977500915527
10,36,0.0010234270359814903,0.0005998469113061826,-0.19198583717699405,0.27039417690700956
10,37,0.0010115081757697977,0.0005974144222111338,-0.17567436356603364,0.2744341015815735
10,38,0.0009969629314268169,0.0005964888777169916,-0.1543418651745643,0.27675886683993867
10,39,0.0009837783420354957,0.0005926865010729267,-0.1362575641384831,0.28245131572087606
10,40,0.0009684825530218214,0.0005916225969687932,-0.11535972224341498,0.2841822663942973
10,41,0.000957657407141394,0.0005990302448885309,-0.09833972674828989,0.2726058999697367
10,42,0.0009484846189468639,0.0005932112702996367,-0.08307324279973537,0.2817973335584005
10,43,0.0009375252936288346,0.0005974623090070155,-0.0662977667502415,0.2758141835530599
10,44,0.0009283688903878224,0.0005843381358621021,-0.055263622896170914,0.29800350533591374
10,45,0.0009150389031461083,0.0005843519077946743,-0.032825594478183326,0.29768301910824246
10,46,0.0009086707948971494,0.0005848590401001275,-0.02495349042209578,0.29580722120073105
10,47,0.0008908534674031406,0.0005841877039832374,-0.002342215879463855,0.29781597587797376
10,48,0.0008840167706682819,0.0005816457081689603,0.009825084091704569,0.3012898352411058
10,49,0.0008792928467435693,0.0005810689879581332,0.017488616042666966,0.3035933838950263
10,50,0.0008668056983834156,0.0005813875468447804,0.036554495346399,0.3021875050332811
10,51,0.0008631859408737517,0.0005687150483330091,0.039431576081264165,0.32321987019644843
10,52,0.0008520428269503662,0.0005739210380448235,0.057581469159067415,0.3144371403588189
10,53,0.0008439254262887034,0.0005649936747633749,0.06803834247000423,0.3275795724656847
10,54,0.0008358951389249185,0.0005691844905312691,0.0842519340691743,0.3221605274412367
10,55,0.000829920429667389,0.0005702284371687307,0.08839323049710121,0.3196469148000081
10,56,0.0008235989321011728,0.000563322530231542,0.0996656130861353,0.3317434165212843
10,57,0.000816386547025845,0.0005635350903806587,0.10763217976063857,0.33076817194620767
10,58,0.0008098636380178325,0.0005616104695945978,0.11399453113108506,0.3330037792523702
10,59,0.0008033001719238122,0.0005583358812145889,0.12539461439038502,0.33724783923890855
10,60,0.0007977656968351868,0.0005551264569577243,0.13498006647015795,0.34360268115997317
10,61,0.0007896936321803541,0.0005599458378532695,0.1476546119760584,0.33582256502575347
10,62,0.0007843982909783077,0.0005553062177366681,0.15104390838999807,0.343015726407369
10,63,0.0007764975554712209,0.0005479402309801016,0.16154833634694418,0.3539412630928887
10,64,0.0007747383530964546,0.0005567602334647543,0.1621678782098087,0.3400636871655782
10,65,0.0007746868509580783,0.0005453252117149532,0.16513485040193723,0.3579813652568393
10,66,0.0007636040674786969,0.000545769958342943,0.18233961249575203,0.3567545586162143
10,67,0.0007565898622420651,0.000546845400498973,0.1890250516526493,0.3559881475236681
10,68,0.0007538703253009805,0.0005407343722052044,0.19351337368105664,0.3630158397886488
10,69,0.0007487020383439498,0.0005470387184888952,0.20048035074163367,0.3557755986849467
10,70,0.0007438691274010013,0.0005399164226320054,0.20400779747668607,0.3646700514687432
10,71,0.0007416392613294316,0.0005456059369155102,0.20835932758119372,0.357256187333001
10,72,0.000737437681455947,0.0005438566220820778,0.21461117576669764,0.36135707431369357
10,73,0.0007320319033618786,0.0005358493731667598,0.22114965680204793,0.37307698726654054
10,74,0.0007257008253895666,0.0005350346211344004,0.22964516421894968,0.3737188286251492
10,75,0.0007247945367082677,0.0005424942122772336,0.2345196329517129,0.3631495462523566
10,76,0.000720713780273074,0.0005326299540077647,0.23851189495604716,0.37925615708033245
10,77,0.0007150882735767943,0.0005331497729962898,0.24548518186734047,0.37392115063137477
10,78,0.000714772415669336,0.0005339797883708444,0.24329544953358026,0.3744070238537259
10,79,0.0007132459429012221,0.0005326897306885156,0.24977199192400332,0.3792659454875522
10,80,0.0007030967835704854,0.000539144488155014,0.2608298495963768,0.3675883067978753
10,81,0.0007008176294074934,0.0005396289117116895,0.2622735057348087,0.36703168286217586
10,82,0.0007006631839307554,0.0005309296254482534,0.26407250239525315,0.38223376539018417
10,83,0.0007017554160506453,0.0005320781906549302,0.26277137877028667,0.3821713394588894
10,84,0.0006904424008637391,0.0005331890528193779,0.27596372660295465,0.37834228542115955
10,85,0.0006880378508710383,0.0005314377550449637,0.2788827329506109,0.3786220921410455
10,86,0.0006854849140286262,0.0005274676200416353,0.2806331906789615,0.38486509058210583
10,87,0.0006822065959029176,0.0005245939078223374,0.2866545088497209,0.39262172513537935
10,88,0.0006760040040840798,0.0005289158809723126,0.29308690053445324,0.38347049554189044
10,89,0.000673757000958524,0.0005274874740280211,0.29901428870212887,0.38556217485004
10,90,0.000670616793371507,0.0005186487377310793,0.29795907382611875,0.40018516911400687
10,91,0.0006666956692186678,0.0005184410980695652,0.3038071964993889,0.4009622891743978
10,92,0.000664636096485925,0.0005206625287731488,0.30802237001466165,0.39994012382295396
10,93,0.0006628697128667507,0.0005223759255992869,0.311838028901889,0.39580862124760946
10,94,0.0006603910275849939,0.0005241124670849078,0.3117527490780677,0.391261006726159
10,95,0.00065799090726715,0.000524600969058358,0.31844981614454293,0.39182608392503526
10,96,0.0006529850869462538,0.000518296925454504,0.3233471430378196,0.40213704771465725
10,97,0.0006481385293968573,0.0005205030979899068,0.3290886472772669,0.39651145140329996
10,98,0.0006512860918452066,0.0005156648112460971,0.3234355301032832,0.4071632981300354
10,99,0.0006428191502992478,0.0005199141477027701,0.33037133246292305,0.4017436530854967
10,100,0.000641773642834138,0.0005187983055495554,0.33857231316743075,0.4016136646270752
10,101,0.0006414380717884612,0.0005113698606793251,0.33439884686175686,0.4119585739241706
10,102,0.0006391363380833264,0.000517171547592928,0.33938707540064683,0.40193047920862834
10,103,0.0006324119076857136,0.0005165993934497237,0.3435573638221364,0.40593626234266494
10,104,0.0006347520180609951,0.0005119520731063353,0.34373812822648037,0.4113192293379042
10,105,0.0006294069897935347,0.0005119004273890621,0.35172031205377463,0.41038289732403227
10,106,0.0006289704293185087,0.0005121018013192548,0.3519435775132827,0.41203213267856176
10,107,0.000617900907125232,0.0005132098514069286,0.3647000983909324,0.41139412853452895
10,108,0.0006211636724513898,0.0005116973253380922,0.35881494210090165,0.4120758480495877
10,109,0.0006261100426293265,0.0005116327174214853,0.35388667274404456,0.41122251086764866
10,110,0.0006202164130503841,0.0005110141834140651,0.36164271625471706,0.41270940833621556
10,111,0.0006152479724676843,0.0005099888360645208,0.3686874321949335,0.41473423639933266
10,112,0.0006096461201431575,0.0005117771513242688,0.3739161715095426,0.4130156358083089
10,113,0.0006070172286270486,0.0005172492444722188,0.37648408118589427,0.40124978356891206
10,114,0.0006064230321768533,0.0005098739897625314,0.37847019816622324,0.41711255974239775
10,115,0.0006075720351626291,0.000506937635752062,0.37442242010140125,0.4204970584975349
10,116,0.0006038191703861051,0.0005094362953160372,0.37950102561785853,0.41555382675594754
10,117,0.0005987550596200666,0.000502021485267,0.38432257175445556,0.4272730496194628
10,118,0.0005971435348238842,0.0005010923034408026,0.38788872471562136,0.4268446313010322
10,119,0.0005936184726988919,0.0005076712113805115,0.3928166596977799,0.42258974313735964
10,120,0.0005972268525511026,0.0005053150351159274,0.38822064281981666,0.4240915854771932
10,121,0.000588130842273434,0.0005111809871676896,0.3978032300501694,0.4160113215446472
10,122,0.000588091572654652,0.0005047400714829564,0.3994684232605828,0.4272434367073907
10,123,0.0005851457963329682,0.0005071787396445871,0.40360641965159666,0.4222040335337321
10,124,0.0005852782072637368,0.0005015700473450125,0.39953985891224425,0.43162030114067923
10,125,0.0005794548129168465,0.0004999294185027894,0.41316587056642695,0.4324445048967997
10,126,0.000575681852987381,0.0005117739835340116,0.4113812490745827,0.4160076975822449
10,127,0.0005852988242016484,0.0004985262917923844,0.3987164375222759,0.4339466081725227
10,128,0.0005771465661337622,0.0005008528093134778,0.4124093348597303,0.42836679220199586
10,129,0.0005786102633049459,0.0004935819073580205,0.4122808571215029,0.4410837411880493
10,130,0.0005697379042509437,0.0004920126915547169,0.42094611135529886,0.4412838260332743
10,131,0.0005689114582276455,0.000496369296969432,0.4227756401638926,0.43782756593492295
10,132,0.0005637877727111365,0.0005063655230009721,0.42718573205265,0.4284267200364007
10,133,0.0005636460264213383,0.0005016423671299385,0.4231844304520407,0.4324223703808255
10,134,0.0005673189722231509,0.0004979098125153945,0.4236971468101313,0.43775569862789576
10,135,0.0005608667406098296,0.000498101745162987,0.42927653244984004,0.4379146589173211
10,136,0.000559299991949013,0.0004907433609736877,0.4287358364941161,0.44410074022081164
10,137,0.0005595216924255645,0.000494324510347926,0.43138690671803037,0.4414380563629998
10,138,0.0005495791485889551,0.0004900581274543786,0.44178744436782086,0.44388497405582006
10,139,0.0005496291966855894,0.0004980601240984268,0.43806903141516224,0.44047573804855344
10,140,0.0005528701485111666,0.0005055390893378192,0.43715359134438597,0.43025584353340995
10,141,0.0005458017689014934,0.0004962995725994308,0.4465195538085184,0.43800477584203085
10,142,0.0005442756108859163,0.0004915981314196769,0.4470803384427671,0.44666799439324273
10,143,0.000542366595501885,0.0004906052037970059,0.4484238793820511,0.44535281393263076
10,144,0.0005443930525309694,0.0004895256288970511,0.4480140952416408,0.44834689829084606
10,145,0.0005398915800334954,0.0004947021021507681,0.45248283088943103,0.4415583690007528
10,146,0.0005408537983721881,0.0004967815579018659,0.45127279773170564,0.44080571598476836
10,147,0.0005385328447848651,0.000495218122119291,0.4543817795353171,0.4440651337305705
10,148,0.0005329306316447019,0.00048789510749176973,0.46344962546854845,0.4533495055304633
10,149,0.0005401742447708032,0.00048485905604643954,0.44881402886944055,0.4541451454162598
10,150,0.0005337147569617279,0.0004915750410873443,0.4596928848160638,0.44459558725357057
10,151,0.0005261580194605307,0.0004945843952656206,0.46749095916748046,0.44049410820007323
10,152,0.000524936901566423,0.0004901950816727347,0.46886935940495245,0.450665463341607
10,153,0.0005257416275088434,0.0004857233997123937,0.46816451799722364,0.45591648949517144
10,154,0.00052480806214275,0.00048375572142605154,0.46648825024381096,0.4550487756729126
10,155,0.0005230595385023381,0.00048682731446913547,0.4723545926588553,0.45595742066701256
10,156,0.0005180229402699129,0.0004932879295665771,0.47617917031417656,0.4461008826891581
10,157,0.0005176618057849277,0.000485154610618742,0.47701687489026856,0.46026653183831107
10,158,0.0005145138339426967,0.0004839258540111283,0.48157738594361293,0.4568045126067268
10,159,0.000514384871205016,0.0004854295247544845,0.4816153127470134,0.45452488793267143
10,160,0.0005161498026508424,0.0004914494347758591,0.4795348185080069,0.44928612179226346
10,161,0.000513020549673748,0.0004946274256023268,0.48160981690442123,0.44660653803083633
10,162,0.0005115006718336156,0.0004895271811013421,0.48492049125977504,0.45191360844506157
10,163,0.000507071053603503,0.0004900879614676038,0.4858953598104877,0.4528297185897827
10,164,0.0005063141688250327,0.0004898892353392309,0.4898327600808791,0.45459457370969986
10,165,0.0005036239801147193,0.00048139088968228964,0.4911354137055668,0.463207827674018
10,166,0.0005049022555604209,0.00048023638406044077,0.48766733172499105,0.45918332868152195
10,167,0.0004998981472633687,0.00048375082939552765,0.4973198120976672,0.45824731323454115
10,168,0.0005029945537292709,0.0004829015000723302,0.4894773539201713,0.46174758805168997
10,169,0.000497635569492424,0.000484098063962948,0.49733823199331023,0.4627485434214274
10,170,0.0004908887839036775,0.0005011340577362312,0.5050356554396358,0.4421760704782274
10,171,0.0004923899701141097,0.0004850350682520204,0.500797665560687,0.4574452069070604
10,172,0.0004955729615535404,0.00048347654196226764,0.502146726773109,0.45787350866529675
10,173,0.0004902454417193147,0.0004658951863853468,0.503534425187994,0.4814081761572096
10,174,0.0004906529330728967,0.0004782703627521793,0.5094797883504703,0.46499331129921806
10,175,0.0004907212880537788,0.0004788177411278917,0.5014410071902805,0.46822120348612467
10,176,0.00048189815679955996,0.00048243300342518423,0.5117150194850969,0.46375342077679105
10,177,0.0004782109655710052,0.0004932429363381946,0.5183879051679446,0.44911343256632485
10,178,0.00048047969926919004,0.00048566878152390324,0.5118730895313216,0.4613168186611599
10,179,0.00048247031237999045,0.0004823992274598115,0.5124729365478328,0.46443181965086194
10,180,0.0004749666395694891,0.00048370498568854397,0.5201758428856179,0.4627356727917989
10,181,0.00047742474686216424,0.00047890772176389067,0.5195480168601613,0.4674746976958381
10,182,0.0004753133270567582,0.00048074110333497325,0.5189938642360546,0.46538374026616414
10,183,0.0004710323530117073,0.0004884664266784158,0.5285079823599921,0.4560866607560052
10,184,0.00046776647415058115,0.0004740780969667766,0.5301865367241848,0.47527569267484876
10,185,0.0004652929362225818,0.00047573101862023276,0.5296695051369844,0.4695904387368096
10,186,0.00047100378397311787,0.0004746034553843654,0.5238741344875759,0.471379119820065
10,187,0.00046812203112000855,0.0004778036996463521,0.5279241650192826,0.47030160029729207
10,188,0.0004637452647273923,0.00048703395942639976,0.5334016511469711,0.46091677480273774
10,189,0.00046591248764242565,0.0004693081052715166,0.5355480389830507,0.48018420272403295
10,190,0.0004579157636063978,0.000474827183643356,0.538474933747892,0.4735480891333686
10,191,0.0004604526612919146,0.00046374082319541936,0.5372993008590039,0.4879240062501695
10,192,0.00046279508358925396,0.0004743441169719315,0.529034239716,0.4701973173353407
10,193,0.00045939977359843014,0.0004757996519199676,0.5372399648030599,0.4727579553922017
10,194,0.0004568546636742942,0.00048343991317475836,0.5399843034920869,0.4691217276785109
10,195,0.0004570185452596181,0.0004941482763064818,0.5361245246581089,0.4520367238256666
10,196,0.00045387587613529627,0.000473168424408262,0.5420922426529873,0.4753530634774102
10,197,0.0004493589382216242,0.0004661102003107468,0.5457524103882873,0.4858045074674818
10,198,0.00045288825906341734,0.00047281241794634195,0.5440381460719639,0.4769579768180847
10,199,0.0004507974102046847,0.00046767584281042217,0.5477104288560373,0.4853543996810913
10,200,0.00044850183199562227,0.0004751237342134118,0.5490845530121414,0.4761436223983765
10,201,0.0004488535037114756,0.0004798145421470205,0.54575914895093,0.4738308787345886
10,202,0.0004463652469344253,0.00046931151818070145,0.5508187628086703,0.4812796672185262
10,203,0.00044531423388692885,0.0004713250343532612,0.5535418910744749,0.4772784921858046
10,204,0.0004431511641962937,0.000475144699966121,0.5506801770057207,0.4762679802046882
10,205,0.00044002221627045926,0.0004767984261788014,0.5570544160442588,0.47576221095191107
10,206,0.0004383504762958137,0.0004689901866691394,0.5547577565098987,0.48637162314520943
10,207,0.0004375896537331519,0.00048424384504970575,0.5615719060838958,0.46865499681896633
10,208,0.0004450861324360709,0.0004858550673816353,0.5512876487072603,0.4647622121704949
10,209,0.00043565074203213977,0.00046629218979635174,0.5632042035644437,0.48855544196234807
10,210,0.00043108143231452065,0.00047618875137737227,0.5640533929989662,0.47325612041685317
10,211,0.00043546937385941913,0.0004630440296346529,0.5606630566679401,0.4892105499903361
10,212,0.0004343809611681435,0.0004672272370145139,0.5610594328538872,0.4836105823516846
10,213,0.0004366784023816617,0.0004776720869510124,0.5587322725190057,0.47773364384969075
10,214,0.0004404544700971908,0.00047124316980544893,0.5564375893569287,0.48287986119588217
10,215,0.00042338298754421647,0.0004710441306492107,0.5760072706658164,0.4837339136335585
10,216,0.00042407904596378405,0.0004654274496715516,0.5683831934575682,0.4899193286895752
10,217,0.00042318792030629184,0.00046547020255174073,0.5741128150327706,0.4874326679441664
10,218,0.00042988525590008516,0.00047165421937178404,0.5629813357635781,0.47790112760331893
10,219,0.00042341794462207657,0.00047724127653054894,0.5694655930554425,0.47646458943684894
10,220,0.0004203856540383932,0.0004704131867684838,0.5773511481873783,0.48669811752107406
10,221,0.00041809127684740095,0.00046583099950415395,0.5788742455435388,0.4903289556503296
10,222,0.0004195342974357859,0.0004680279933381826,0.5778931725172349,0.4910489042599996
10,223,0.0004181220078334948,0.00046563294599764047,0.5785252415103677,0.4854439589712355
10,224,0.00041690301926185686,0.00047944999985500344,0.5781895098862825,0.47287633683946395
10,225,0.0004130597671861818,0.00047071483244912494,0.5843553253162055,0.4823854327201843
10,226,0.00041599164725522755,0.00046775214593961005,0.5751608083277573,0.48461339076360066
10,227,0.00041163135478043076,0.0004627401701226417,0.5852842725353476,0.4943105273776584
10,228,0.0004101252469326151,0.0004579816576248656,0.5841083227852244,0.49879385630289713
10,229,0.0004112694235691042,0.00046069132254665925,0.5850615424874388,0.4940708597501119
10,230,0.00041037553505983524,0.0004651363285827554,0.5826975695880843,0.4897159179051717
10,231,0.00041825939451321315,0.0004686839742741237,0.5742250077518416,0.48558853732215035
10,232,0.00040977756308828607,0.00046204941981058156,0.5829760452847422,0.4928815258873834
10,233,0.0004085407394737603,0.0004754535601629565,0.5865367511172354,0.4786301506890191
10,234,0.0004016120521420682,0.0004649946524295956,0.5926660552436923,0.49184747801886664
10,235,0.0003996896844955138,0.00046404429918362036,0.5947612362143434,0.4869681610001458
10,236,0.0004074591060347257,0.0004783571510213531,0.5902258281354551,0.477513399389055
10,237,0.00040712117966275986,0.00046758645783281987,0.5877345170503782,0.4895064486397637
10,238,0.00040566537494736687,0.00047168311688842047,0.5898052295049031,0.48442889584435356
10,239,0.0004006431514920414,0.00046776168100121947,0.5947217178933415,0.48598303927315606
10,240,0.0004006820396709911,0.0004641355991932667,0.5938946408989989,0.49277583095762467
10,241,0.00039518662328820355,0.00045784943956985244,0.6026014704763153,0.5020298428005643
10,242,0.00039417600894438813,0.0004582149616908282,0.596740863499818,0.49551318486531576
10,243,0.00039522504566214336,0.00047632549022738304,0.6029087837831474,0.4757183313369751
10,244,0.0003949035173224538,0.000473979920692121,0.5989309082796545,0.4773433009783427
10,245,0.0003915736438809998,0.00046199231809522544,0.6016169943927246,0.49328184525171914
10,246,0.00039144201918482136,0.00047115259997857113,0.6057169784734279,0.4840213576952616
10,247,0.00039030774561170904,0.0004684956614962882,0.6040802709850264,0.48954245779249406
10,248,0.00039170202324856763,0.00045810987746032575,0.6004648907684985,0.4991814335187276
10,249,0.0003915189297576607,0.00046573170305540165,0.6071269181039598,0.48938868443171185
10,250,0.0003846516957029378,0.00045825421758410005,0.6101522429489795,0.5012238873375787
10,251,0.00038692827320680666,0.0004559410153888166,0.6067354908695928,0.49989836083518135
10,252,0.00038680060346967275,0.00046373868632751207,0.6045257231335581,0.49477375745773317
10,253,0.000391867548086462,0.00047242718800488443,0.603330010396463,0.4852448330985175
10,254,0.0003890349270264262,0.00047169582944156394,0.6087890898739851,0.4839348369174533
10,255,0.0003828655129994185,0.0004593169161429008,0.610979359385408,0.500606017642551
10,256,0.00038518710184071994,0.0004703318745466984,0.6070692771746788,0.48827887641059026
10,257,0.0003831647103652358,0.00045907458342197866,0.6145795249644621,0.49661846690707734
10,258,0.00038535052157340595,0.0004674001105336679,0.6096366951495041,0.4910892062717014
10,259,0.0003776859571110963,0.0004547369420631892,0.6175206528769599,0.5031874299049377
10,260,0.00038222168769147015,0.0004675172314616955,0.6142082030390515,0.49074485566880965
10,261,0.00038655229045055165,0.00045221230118638937,0.6091283300776541,0.5055677480167813
10,262,0.0003792807461987077,0.0004579615442910128,0.6120122780034571,0.5005099561479357
10,263,0.00037872449331054534,0.00047203511478275886,0.6142594394860444,0.48549212482240467
10,264,0.00038041333311501844,0.0004698932112660259,0.6148692264968967,0.48840728733274674
10,265,0.00037892884617947317,0.0004643236474496209,0.6167357714087874,0.49319025145636664
10,266,0.00037526775253534224,0.00046993345216227075,0.6170807288016802,0.4850064675013224
10,267,0.0003756168503228023,0.00048005010014296406,0.6184857874740789,0.47427850564320884
10,268,0.0003746122788683868,0.0004681147706125759,0.6220856305993634,0.4875248591105143
10,269,0.00037545871498339157,0.00046221293871187504,0.6191513888629866,0.49095354477564496
10,270,0.00037238711353253435,0.0004592406285357558,0.621180494920707,0.5001602358288235
10,271,0.0003678783800245987,0.0004624765023537394,0.6286112911907243,0.4903462224536472
10,272,0.00037217026700001255,0.00045703138910337457,0.6209095001220704,0.49723236825731065
10,273,0.0003701361584661092,0.00047501285508688956,0.623961450582669,0.48250944217046104
10,274,0.0003751591883490529,0.0004525916172294981,0.6153331763950395,0.5042915357483758
10,275,0.00036963943002550045,0.00045431277572384314,0.6241426141173751,0.5057070771853129
10,276,0.00036978363857121657,0.0004642810698391663,0.6273626498234125,0.4925069530804952
10,277,0.00036414542356161055,0.00045867443615053263,0.6297444605532988,0.4977288100454542
10,278,0.0003621136867383748,0.00047285120494456755,0.6307719925303518,0.48308823108673093
10,279,0.00036289818480001465,0.0004701440035003341,0.630120751445676,0.4881892204284668
10,280,0.0003586932377211382,0.00046342591457586323,0.6333558806666622,0.4894569463200039
10,281,0.00036055154359703996,0.00048187720951520734,0.6356262988514371,0.4760522100660536
10,282,0.00035488270668680835,0.00046404457793364093,0.6426063110798965,0.492669145266215
10,283,0.0003536633118831863,0.0004514831512804247,0.6382922924595115,0.5053055180443657
10,284,0.00036819708981999645,0.0004728435073047876,0.625187361240387,0.48487083779440987
10,285,0.0003598319376634871,0.00046547114551584754,0.6291737506419053,0.48915967808829414
10,286,0.0003482229717328777,0.00046876312052417134,0.6459797082123933,0.4891464723481072
10,287,0.0003544227881242096,0.0004718972117795298,0.6404897185019505,0.4835481458240085
10,288,0.00035658128836974043,0.0004730901913717389,0.6420026661437235,0.48214324977662826
10,289,0.0003508556550109966,0.00046113719193575285,0.6439839548534817,0.4968830426534017
10,290,0.000348245896137446,0.00046616371837444605,0.6470425651397234,0.49198008378346764
10,291,0.00035260474549341994,0.00046524759770060576,0.6398401682759509,0.489191738764445
10,292,0.00035291497414517735,0.0004607093882643514,0.6402808049578725,0.49838070074717206
10,293,0.0003527230140465645,0.0004638778110448685,0.6424052565186112,0.49519476493199666
10,294,0.0003461974059996184,0.0004592717185409533,0.6487419536084305,0.5000357839796278
10,295,0.0003541260667398204,0.0004853336328071439,0.6404178511949233,0.47168241474363537
10,296,0.0003445641845493451,0.0004586486385152158,0.651920900227111,0.49695961078008016
10,297,0.0003491406371374327,0.0004561386452729089,0.64478562452175,0.5003443890147738
10,298,0.0003481703227598588,0.00047432526286380987,0.6464761798764452,0.4801258683204651
10,299,0.00034261702302624874,0.00045614708732399673,0.6478961762086844,0.5013130452897814
10,300,0.00034396401081912586,0.00045288862375956443,0.6501884157274976,0.5057255135642158
10,301,0.0003447218425859364,0.00045760263779407573,0.6493408097161187,0.4998241583506266
10,302,0.0003457177491473425,0.0004782976647321549,0.6495563651308601,0.4764472060733371
10,303,0.0003472854704509869,0.00047336695263058777,0.6400550995343998,0.47956919802559744
10,304,0.000344438191767736,0.0004500876154957546,0.6437662373354406,0.5115506304634942
10,305,0.00034600101665731655,0.0004547873382560081,0.6451403782691485,0.5056698163350423
10,306,0.00033979371533568166,0.0004695829430905481,0.6526019362755764,0.4884840607643127
10,307,0.0003394070782779176,0.00046928721324851117,0.6563354914571032,0.489409159289466
10,308,0.00034031715527188354,0.00044958647987287904,0.6537058427010054,0.5059186286396451
10,309,0.00033977442395149006,0.0004558645505716817,0.6565685083836685,0.5049107723765903
10,310,0.00032787665496235367,0.00046143336933002704,0.6654436376359728,0.49457698663075766
10,311,0.00033299331330510296,0.0004586944537651208,0.6615545536264961,0.5021789564026726
10,312,0.0003346681050139905,0.0004616055482377609,0.657348671960242,0.4984212027655707
10,313,0.00033122933351860184,0.0004525160229402698,0.6643369767400954,0.5110510733392504
10,314,0.00033262497925107585,0.00046777764671585627,0.6619481698966321,0.4893176860279507
10,315,0.0003326969990868949,0.0004644291022688978,0.6601671633897004,0.49142658710479736
10,316,0.0003285654775229179,0.00045679321887695957,0.6650731264809031,0.505553576681349
10,317,0.00032867751994032277,0.00045555565286324254,0.6671099618629173,0.5002640419536166
10,318,0.00032830695983850295,0.0004696840892494139,0.6656570110791995,0.48708643118540446
10,319,0.0003314112767973846,0.0004683194384496245,0.6609145397021446,0.4904312531153361
10,320,0.0003295741800684482,0.0004703196599924316,0.6626180148419039,0.48749866353140936
10,321,0.0003253868705575803,0.00046466566337686446,0.6693688071804282,0.49265088372760346
10,322,0.0003247096716357326,0.00046112851382026243,0.6682657287444598,0.4942933347490099
10,323,0.00032204922617781035,0.00047153951794219514,0.6706463590080356,0.4840384695265028
10,324,0.00031700627281859426,0.0004706305458158669,0.6744705713825462,0.48522151708602906
10,325,0.0003223518896301817,0.0004695949067051212,0.671740980943044,0.4886946068869697
10,326,0.0003247434858313221,0.0004477261914871633,0.6717061406300392,0.5133431620068021
10,327,0.0003215760317771914,0.00045412462334045106,0.6700315481350746,0.5033562752935622
10,328,0.0003169489803114607,0.00045860813891825575,0.6760041067629685,0.5014151281780667
10,329,0.00031756791142447863,0.0004666397522669286,0.6776218599743313,0.4897998995251126
10,330,0.000320728482566429,0.00047579178353771565,0.6711031757755044,0.4833569314744737
10,331,0.0003193955981304846,0.00048497528963101406,0.6720472593366363,0.4689305782318115
10,332,0.0003192709088411734,0.0004706574481032375,0.6726539327774519,0.48276813957426284
10,333,0.00031560240643972785,0.00046408359323524766,0.6760284503300985,0.49313196871015763
10,334,0.0003176350360678762,0.0004590495709433324,0.6730892984955399,0.49979545540279813
10,335,0.0003159297188962407,0.0004653988237906661,0.6773895649262417,0.4917930841445923
10,336,0.00031015967294849734,0.00045353591429173116,0.6807032872129369,0.5030850794580247
10,337,0.00030510828702388633,0.00047112670274347896,0.6890393011363936,0.48587247133255007
10,338,0.000316780173998717,0.000454211593993629,0.6776883059077793,0.5069572183820936
10,339,0.0003125794158593096,0.00046852179996979734,0.6763523116523837,0.48776956134372285
10,340,0.00031248756474527866,0.0004639076767489314,0.6845885235586284,0.49825024604797363
10,341,0.00030646583390203706,0.0004705907162537591,0.6856349671328509,0.48774626387490166
10,342,0.0003072530561181383,0.00046846531913615765,0.6837447663884104,0.4910270743899875
10,343,0.00030515781908445523,0.0004756265248741127,0.6884393475673817,0.4817776335610284
10,344,0.00030953818924989504,0.0004687644554198616,0.6816528526353247,0.4893499241934882
10,345,0.00030649508900055085,0.00045907011760088303,0.6848369651370578,0.4990602334340413
10,346,0.0003010058264610254,0.00047644612883838516,0.6897190052785991,0.4781639708413018
10,347,0.00030411115623320696,0.00045754181854944264,0.6891711136441172,0.5030417746967739
10,348,0.00030735942835482643,0.00046698820790172453,0.6820587323035723,0.4886325346099006
10,349,0.0003068348970968437,0.00046239413333953254,0.6871504704157512,0.4933810419506497
10,350,0.0003017361630846597,0.0004725842814271649,0.6925942936061341,0.4834689696629842
10,351,0.00029814486250994196,0.00047296063534708486,0.6946994981648009,0.47965158091651067
