Fold,Epoch,Train_MSE,Val_MSE,Train_R2,Val_R2,Train_AuxAcc,Val_AuxAcc
1,1,0.4620373547077179,0.3829919397830963,-720.6825735021521,-554.2613918728299,0.278271484375,0.4001193576388889
1,2,0.32920917868614197,0.2740226984024048,-520.8422891122324,-397.0137691921658,0.494579475308642,0.5751193576388889
1,3,0.23171521723270416,0.18801257014274597,-365.3382673758048,-271.4997139824761,0.6048972800925926,0.6233018663194444
1,4,0.15631814301013947,0.12463409453630447,-244.77528103957943,-179.61016133626302,0.6267951871141976,0.6251030815972223
1,5,0.10255008935928345,0.08100474625825882,-159.99220035223314,-116.41279254489474,0.6226707175925926,0.6168294270833333
1,6,0.06458078324794769,0.04881049692630768,-101.67817449922914,-69.78926675584582,0.6141878858024692,0.6044921875
1,7,0.04120517149567604,0.03375726193189621,-63.880382599065335,-47.92800269656711,0.5987648292824074,0.5904134114583334
1,8,0.029324539005756378,0.02489497885107994,-45.34874596654633,-35.09435676998562,0.583299575617284,0.573681640625
1,9,0.021781913936138153,0.01833571121096611,-33.17581396456118,-25.5345988061693,0.5656575520833333,0.558837890625
1,10,0.016369521617889404,0.013955675065517426,-24.754923804012346,-19.11724893781874,0.5515890239197531,0.5447591145833334
1,11,0.012818319723010063,0.01145958248525858,-19.09317450405639,-15.559119754367405,0.5370068962191358,0.5302408854166667
1,12,0.01054508239030838,0.009318657219409943,-15.46970873232241,-12.374260791142781,0.5240342881944444,0.5172254774305556
1,13,0.008898397907614708,0.008123823441565037,-12.941935853604917,-10.616145775053237,0.5147249951774692,0.5124945746527778
1,14,0.00763360783457756,0.00733022578060627,-10.824587943818834,-9.513880576027764,0.5071952160493827,0.5076605902777778
1,15,0.006931193172931671,0.006515989080071449,-9.753742662771248,-8.330696969562107,0.5024510513117284,0.5059787326388889
1,16,0.006044780369848013,0.005382890813052654,-8.389063342412312,-6.6189655913247005,0.49730601369598765,0.4988986545138889
1,17,0.005532763432711363,0.004853136371821165,-7.432098324799243,-6.04740957154168,0.4939893180941358,0.496240234375
1,18,0.005048017017543316,0.004911580588668585,-6.777619317725852,-6.308914764722188,0.4937475887345679,0.4970974392361111
1,19,0.004715172573924065,0.004808493889868259,-6.248621090841882,-6.223172971937392,0.49250638985339507,0.4987250434027778
1,20,0.004534828010946512,0.0038481310475617647,-5.940435688878283,-4.361447159449259,0.4949122299382716,0.49529079861111114
1,21,0.00410499470308423,0.003959436435252428,-5.292535876344751,-4.930703486336602,0.4938108844521605,0.5000759548611111
1,22,0.0038951700553297997,0.0035384981893002987,-5.0357791479722955,-4.421929269366794,0.4969322675540123,0.49495985243055557
1,23,0.0037297899834811687,0.003589913249015808,-4.755594668270629,-4.398022325833638,0.4994508342978395,0.499755859375
1,24,0.003545147832483053,0.0029633864760398865,-4.394251124652816,-3.374002528190613,0.5040093315972223,0.5068467881944444
1,25,0.003406400326639414,0.002854233840480447,-4.193095487135428,-2.9408401939604016,0.5116892119984567,0.5110405815972222
1,26,0.0032535730861127377,0.002974775154143572,-3.835639006120187,-3.4412914567523534,0.5242555217978395,0.5314670138888888
1,27,0.0032251859083771706,0.0027557823341339827,-3.824812987115648,-2.835979093445672,0.5392234519675926,0.53828125
1,28,0.002983858110383153,0.0023283916525542736,-3.510052619157014,-2.1255715952979193,0.5529447579089506,0.5402289496527778
1,29,0.0027858885005116463,0.0022524327505379915,-3.152952613359616,-2.1800266954633924,0.5719593942901234,0.5602213541666666
1,30,0.0027041099965572357,0.002420400734990835,-3.056846806443768,-2.5752963754865856,0.587159408757716,0.57265625
1,31,0.0026175715029239655,0.0022293496876955032,-2.880765593493426,-2.166954657766554,0.5958574459876543,0.5804578993055556
1,32,0.002548113465309143,0.0022536765318363905,-2.787742797239327,-2.040950634744432,0.6190031828703704,0.5951226128472222
1,33,0.002434931695461273,0.0020902021788060665,-2.5917676575389907,-1.8471940411461725,0.6282690731095679,0.6007215711805556
1,34,0.0023089959286153316,0.0019763666205108166,-2.3930149025387233,-1.7436940881941054,0.6403561439043209,0.6136664496527777
1,35,0.0022174534387886524,0.001958320150151849,-2.2163036552476294,-1.6948586728837756,0.6486316068672839,0.6327473958333333
1,36,0.0021249805577099323,0.0018551991088315845,-2.0617477658354204,-1.479756032096015,0.6648636429398148,0.6339246961805556
1,37,0.0020496072247624397,0.001735943602398038,-1.9473288986417983,-1.326273787021637,0.6753713348765432,0.6590223524305555
1,38,0.0019725454039871693,0.0016513129230588675,-1.7846499738869843,-1.1136935220824347,0.6908793885030864,0.665283203125
1,39,0.001886370126157999,0.0016596028581261635,-1.6814514588426661,-1.173975932598114,0.6944691599151235,0.6867947048611112
1,40,0.0017640867736190557,0.0016268546460196376,-1.4281584729383021,-1.0270331780115762,0.7062668788580246,0.6923502604166667
1,41,0.00169839255977422,0.0015897853299975395,-1.3448388248314092,-0.94953832493888,0.7193148389274692,0.6844943576388889
1,42,0.00167968706227839,0.0014764720108360052,-1.314265611730976,-0.8129032452901205,0.7230776186342592,0.685107421875
1,43,0.0016280215932056308,0.0014281270559877157,-1.2184276357109165,-0.7666064871682061,0.7369080343364197,0.7107530381944445
1,44,0.0015585810178890824,0.0014201381709426641,-1.1231812618396901,-0.71838854153951,0.7400372540509259,0.7175889756944445
1,45,0.0015284462133422494,0.0013740799622610211,-1.070314934960118,-0.6773761789004008,0.7515233169367284,0.7172743055555556
1,46,0.0014704859349876642,0.0013396190479397774,-0.9644243425793118,-0.6093251135614183,0.7538598331404321,0.7115451388888889
1,47,0.0014471554895862937,0.0013661739649251103,-0.9308172972113998,-0.6328273415565491,0.7657744984567901,0.7176595052083333
1,48,0.0014193702954798937,0.001322036376222968,-0.8706863169316892,-0.5684308979246352,0.7603431230709876,0.7232584635416667
1,49,0.0013366765342652798,0.0012629349948838353,-0.7272271322615352,-0.49263799720340307,0.7708297164351852,0.7388671875
1,50,0.0013198646483942866,0.001264951890334487,-0.6946719515470811,-0.5107270412974887,0.7758481626157407,0.7331000434027778
1,51,0.0012849920894950628,0.001264039659872651,-0.649277302953932,-0.5025962948799133,0.771486183449074,0.7417263454861112
1,52,0.0013047553366050124,0.0012295602355152369,-0.68078318849022,-0.46149179803000556,0.7859272521219136,0.7462727864583333
1,53,0.001283895457163453,0.0012771047186106443,-0.6342198766308066,-0.5378780510690477,0.7887176890432098,0.7431477864583333
1,54,0.0012754914350807667,0.00126212602481246,-0.6363325750386274,-0.506414200199975,0.7983036747685185,0.7609483506944444
1,55,0.001263933489099145,0.001253525959327817,-0.6140622053617313,-0.49710599448945786,0.8058720341435185,0.7611924913194444
1,56,0.001237095333635807,0.001266960403881967,-0.5665455447302924,-0.5225682417551677,0.8117519048996914,0.7732259114583333
1,57,0.0012372694909572601,0.0012716373894363642,-0.5711629139052496,-0.49981961647669476,0.815673828125,0.7763943142361112
1,58,0.0012188215041533113,0.0012778665404766798,-0.5471162158765911,-0.541883295112186,0.8200991030092593,0.7857747395833333
1,59,0.0012032929807901382,0.0012419576523825526,-0.5202088076391338,-0.48768702348073323,0.8216429157021605,0.7805772569444445
1,60,0.001201867824420333,0.0012485451297834516,-0.5114252280305933,-0.4934974670410156,0.8232771508487654,0.7863606770833333
1,61,0.001193838776089251,0.0012528992956504226,-0.4990328628339885,-0.4945110585954454,0.827709659529321,0.7923502604166667
1,62,0.00118960440158844,0.0012463824823498726,-0.4993544865537573,-0.48178161515129936,0.8330355420524691,0.7905327690972223
1,63,0.001177475554868579,0.0012512904359027743,-0.472907985875636,-0.4845781366030375,0.8343894675925926,0.7909884982638888
1,64,0.0011819741921499372,0.0012552830157801509,-0.4819089765901919,-0.4942372017436557,0.8357500241126543,0.7999565972222222
1,65,0.0011819173814728856,0.001250903238542378,-0.4812620421986521,-0.4875265465842353,0.8384850019290123,0.7999782986111111
1,66,0.0011713397689163685,0.0012559422757476568,-0.46509160112451625,-0.49474245574739245,0.8396375868055556,0.8048502604166666
1,67,0.0011719213798642159,0.0012567001394927502,-0.46506038889472867,-0.4969855626424154,0.8418680073302469,0.8057562934027778
1,68,0.00116788933519274,0.0012568098027259111,-0.4545183895546713,-0.49179141256544323,0.8433129581404321,0.8063096788194445
1,69,0.0011640578741207719,0.0012550473911687732,-0.45126143796944324,-0.4956392950481839,0.8454475308641975,0.8078884548611112
1,70,0.0011590892681851983,0.0012600041227415204,-0.44270520901974336,-0.5040365431043837,0.8446126302083333,0.8100151909722222
1,71,0.0011590627254918218,0.0012604737421497703,-0.4430158978627052,-0.5025314291318258,0.8470178674768518,0.8087727864583333
1,72,0.0011596776312217116,0.001260673627257347,-0.44335988347913013,-0.5049602746963501,0.8470244984567902,0.8104220920138889
2,1,0.45847582817077637,0.37272655963897705,-715.938730743785,-566.7177491929796,0.27776994116512344,0.4054416232638889
2,2,0.31781429052352905,0.25923818349838257,-497.9023904211727,-393.9945019192166,0.49238823784722224,0.561962890625
2,3,0.21689940989017487,0.17341561615467072,-340.2834400789237,-263.22451400756836,0.5858947000385802,0.5975314670138889
2,4,0.14407867193222046,0.11453293263912201,-225.38791173770105,-173.52314207288953,0.5980275848765432,0.5938422309027778
2,5,0.09525345265865326,0.07634305953979492,-148.4473968082004,-115.30984304216173,0.5937373408564814,0.5879286024305556
2,6,0.06392291933298111,0.050583623349666595,-99.56426728331013,-76.04736516740587,0.5836070119598765,0.5742458767361112
2,7,0.04210343956947327,0.03482484072446823,-64.66998482574651,-52.00336889690823,0.5689881124614198,0.5602701822916667
2,8,0.029798438772559166,0.02439901977777481,-45.46709985615295,-36.06098177168104,0.5545283564814815,0.5422254774305556
2,9,0.021480940282344818,0.018650870770215988,-32.49575404532162,-27.285382970174155,0.5354691116898148,0.5237738715277778
2,10,0.01678730547428131,0.01473403349518776,-25.114861775621957,-21.279191149605644,0.518261115933642,0.5090386284722223
2,11,0.013515705242753029,0.012101286090910435,-20.065569265977835,-17.247690640555486,0.505419319058642,0.4957736545138889
2,12,0.011286387220025063,0.010055804625153542,-16.52991510556068,-14.10694825914171,0.49187584394290124,0.4832302517361111
2,13,0.009554661810398102,0.008595917373895645,-13.753113567681961,-11.892146873474122,0.4811246141975309,0.4733940972222222
2,14,0.00821833685040474,0.007520885206758976,-11.654815825120902,-10.221212498346965,0.4716989776234568,0.4639485677083333
2,15,0.007214969955384731,0.006242048926651478,-10.106635956999696,-8.204893655247158,0.46334334008487654,0.457421875
2,16,0.006512979045510292,0.0056603592820465565,-9.049999685640689,-7.31476465596093,0.45696433738425923,0.45146484375
2,17,0.005765390582382679,0.0054120090790092945,-7.841203294271304,-6.902829676204258,0.4518042293595679,0.4462890625
2,18,0.005237570032477379,0.004691604524850845,-7.032953772132779,-5.737759775585598,0.4475471402391975,0.4424370659722222
2,19,0.005004451610147953,0.004316610284149647,-6.657448577586515,-5.213746592733595,0.4446120273919753,0.43943684895833335
2,20,0.004628223367035389,0.004020193126052618,-6.025751342302487,-4.806632778379652,0.4427722318672839,0.438037109375
2,21,0.004491046071052551,0.0037915240973234177,-5.8036052892237535,-4.579214803377787,0.44322494695216047,0.4384223090277778
2,22,0.0042435843497514725,0.003531916067004204,-5.421375589606202,-4.24140027364095,0.4426667390046296,0.4370062934027778
2,23,0.004065115470439196,0.0031884689815342426,-5.147018976859105,-3.6055467314190333,0.4431712962962963,0.4377495659722222
2,24,0.003831178415566683,0.0033347478602081537,-4.779919637279746,-3.809110591146681,0.4449007764274691,0.44087999131944444
2,25,0.0038109207525849342,0.002882166998460889,-4.656831960619232,-3.147071729765998,0.4478352864583333,0.4422688802083333
2,26,0.0035645593889057636,0.0032011670991778374,-4.3063012373300245,-3.731127773390876,0.45118332851080245,0.4480794270833333
2,27,0.0036306180991232395,0.0027447142638266087,-4.4742899647465455,-2.8251621458265515,0.45578221450617284,0.44912109375
2,28,0.0032955147325992584,0.0027624103240668774,-3.887419389206686,-2.877568668789334,0.45859254436728397,0.4537163628472222
2,29,0.003332010470330715,0.002581568667665124,-3.94325806947402,-2.645155260297987,0.46549177758487653,0.4583062065972222
2,30,0.0032644122838974,0.0025568590499460697,-3.776244361017957,-2.57428539858924,0.472461540316358,0.4630859375
2,31,0.0031982939690351486,0.0025498331524431705,-3.6783631433675317,-2.6987522416644625,0.480102840470679,0.4703125
2,32,0.003041129559278488,0.0026353253051638603,-3.468470049198763,-2.759712076187134,0.4894211757330247,0.48221028645833336
2,33,0.0030141412280499935,0.0024269651621580124,-3.4477473035270787,-2.397781472735935,0.5022798514660494,0.49130859375
2,34,0.0029388591647148132,0.002403633203357458,-3.315087189497771,-2.255649529563056,0.5134211033950618,0.5071506076388889
2,35,0.0028452968690544367,0.0022717106621712446,-3.185411966288531,-2.1643271101845634,0.5359905478395062,0.5036512586805556
2,36,0.002805507043376565,0.0021721073426306248,-3.1000490600680126,-1.934396653705173,0.5529218508873457,0.5485080295138889
2,37,0.0027005153242498636,0.002137980656698346,-2.987938260443417,-1.9104797257317436,0.5738703221450617,0.5353461371527778
2,38,0.002616519806906581,0.0020088516175746918,-2.810349984522219,-1.6613490555021497,0.5922182436342592,0.5767795138888889
2,39,0.0026199882850050926,0.0019043292850255966,-2.9145760389021884,-1.5075271606445313,0.6168999565972222,0.5655490451388889
2,40,0.002371889539062977,0.0017894711345434189,-2.487482976324764,-1.331100214852227,0.6204246238425926,0.6001790364583334
2,41,0.002364865504205227,0.0018030906794592738,-2.4679929556670013,-1.3086277511384752,0.6453215422453704,0.6292263454861111
2,42,0.0021987399086356163,0.0017101583071053028,-2.136884937757327,-1.2405912982092964,0.6595612702546296,0.6161349826388889
2,43,0.002111196517944336,0.0017745873192325234,-2.010326227729703,-1.3638498253292508,0.6629509066358025,0.6219346788194444
2,44,0.0019184367265552282,0.0017168379854410887,-1.6695667405187349,-1.2260681443744235,0.6703788097993827,0.6533474392361112
2,45,0.001979027409106493,0.0017055263742804527,-1.8038056132234173,-1.2039702600902982,0.6702552324459876,0.6504665798611111
2,46,0.0019561091903597116,0.0017527362797409296,-1.8272850303002346,-1.3077241129345365,0.6936469184027778,0.6577582465277778
2,47,0.0018970323726534843,0.001534448005259037,-1.7400936060481602,-0.9493783023622301,0.7080005787037037,0.6686469184027778
2,48,0.0018675181781873107,0.0014757141470909119,-1.651370351402848,-0.8202404499053955,0.7218454619984568,0.6713487413194444
2,49,0.0017386300023645163,0.0014913177583366632,-1.4470038671552399,-0.8600993341869778,0.7252616222993827,0.6799750434027778
2,50,0.0017479340313002467,0.0013972639571875334,-1.447203654860273,-0.6850008938047621,0.7387737509645061,0.7017144097222222
2,51,0.001667458564043045,0.0013879601610824466,-1.3281055003036688,-0.688268862830268,0.7487166039737654,0.6921440972222223
2,52,0.0016426865477114916,0.0014061043038964272,-1.2634252003681512,-0.7518617232640584,0.7546157648533951,0.7155815972222223
2,53,0.001587488455697894,0.0013636986259371042,-1.17698072636569,-0.6699964973661635,0.763770736882716,0.7339572482638889
2,54,0.0015616428572684526,0.0014074028003960848,-1.132233194068626,-0.7153626203536987,0.7725989824459877,0.7270290798611111
2,55,0.0015108836814761162,0.0013165008276700974,-1.0411227876757398,-0.5817884975009494,0.7707766685956791,0.7601399739583333
2,56,0.0015061298618093133,0.0013046676758676767,-1.0361148198445638,-0.5455310450659858,0.7832423080632716,0.7494954427083333
2,57,0.0014191422378644347,0.0012834630906581879,-0.8757865287639477,-0.5166668958134122,0.7849145206404321,0.7623589409722222
2,58,0.0014296465087682009,0.001282634912058711,-0.902710003764541,-0.4956329769558377,0.7919566213348765,0.7665256076388889
2,59,0.001411499921232462,0.0012971374671906233,-0.8793219297020524,-0.5399836209085253,0.8002357011959876,0.7671223958333333
2,60,0.0013800386805087328,0.0013040904887020588,-0.8277247121304642,-0.5558549801508585,0.7982385706018519,0.79091796875
2,61,0.001372243044897914,0.0012391130439937115,-0.8048955003420512,-0.4516426232126024,0.8079607928240741,0.7895670572916667
2,62,0.001311582513153553,0.0012217710027471185,-0.6867868352819372,-0.42248459259668986,0.807154827353395,0.7697645399305556
2,63,0.0013156394707038999,0.0012445676838979125,-0.6908965210855743,-0.45663688712649875,0.8134500385802469,0.7708821614583333
2,64,0.0012386871967464685,0.0012217664625495672,-0.5896123340100418,-0.43019644021987913,0.8014907648533951,0.7793782552083334
2,65,0.0012597693130373955,0.0012643864611163735,-0.6416163151646838,-0.5275060150358412,0.8067425009645062,0.7577256944444445
2,66,0.001283671474084258,0.001268045511096716,-0.6417805863015446,-0.5356200589074029,0.8019923080632716,0.7546061197916667
2,67,0.0012248184066265821,0.0012890006182715297,-0.5509571346235864,-0.610759605301751,0.8108229648919754,0.7650390625
2,68,0.0012539023300632834,0.0012317498913034797,-0.6187459231894693,-0.48597991863886514,0.8175220630787037,0.7492838541666667
2,69,0.0011632745154201984,0.0012015545507892966,-0.4417039540078905,-0.40282354487313166,0.813233627507716,0.7927463107638889
2,70,0.0012077854480594397,0.0012518414296209812,-0.5400737871358424,-0.49078982406192356,0.8262508439429013,0.78115234375
2,71,0.0011883386177942157,0.0012750821188092232,-0.504165906081965,-0.5357351329591539,0.8284499180169753,0.7869574652777778
2,72,0.0012117483420297503,0.001244501443579793,-0.5484235519244347,-0.46639412376615735,0.830518783757716,0.7952690972222223
2,73,0.0012050749501213431,0.0012466745683923364,-0.5376789268152213,-0.4781068629688687,0.8376042872299383,0.7982747395833333
2,74,0.0012224989477545023,0.0012359071988612413,-0.5659007653777982,-0.4571567032072279,0.8428120177469136,0.8052680121527778
2,75,0.0012107044458389282,0.0012233452871441841,-0.5415493591332141,-0.43296531173917985,0.8460545669367284,0.8102267795138889
2,76,0.0011870457092300057,0.0012476204428821802,-0.5067611937169676,-0.47371976375579833,0.8504038869598766,0.8146484375
2,77,0.001182053703814745,0.0012356613297015429,-0.49000260653319183,-0.4584313021765815,0.8533136815200617,0.810546875
2,78,0.0011811209842562675,0.0012548118829727173,-0.49387160966425764,-0.49310493734147814,0.8553843557098766,0.8226453993055556
2,79,0.0011849991278722882,0.0012423580046743155,-0.5045477820031437,-0.4698233511712816,0.8577932098765432,0.8202528211805555
2,80,0.0011738571338355541,0.0012377536622807384,-0.4871980599415155,-0.4569095624817742,0.8607036072530864,0.8235188802083333
2,81,0.001168668968603015,0.0012396301608532667,-0.47841025384855856,-0.46314123074213664,0.8618465470679012,0.8209852430555555
2,82,0.0011669429950416088,0.001249526860192418,-0.4728485256065557,-0.4767935315767924,0.8616403838734568,0.8296929253472223
2,83,0.0011588027700781822,0.0012411894276738167,-0.4642817972618857,-0.4650888562202454,0.8629219714506173,0.8336154513888889
2,84,0.0011605654144659638,0.0012348482850939035,-0.4643938918172577,-0.4534218629201253,0.8658076533564815,0.8315755208333333
2,85,0.0011456783395260572,0.0012302801478654146,-0.44204098295282435,-0.44001568290922377,0.8667058497299382,0.8335177951388889
2,86,0.0011486934963613749,0.001240431796759367,-0.44890839906386387,-0.46334917412863835,0.8682171103395062,0.8335394965277778
2,87,0.0011480366811156273,0.001239147735759616,-0.4474808787122185,-0.4579566174083286,0.868748191550926,0.8366861979166667
2,88,0.0011460750829428434,0.0012402096763253212,-0.4426317694746418,-0.459225418832567,0.8699333285108025,0.8372395833333334
2,89,0.0011409670114517212,0.0012392852222546935,-0.4342878930362654,-0.4560442487398783,0.8704228153935185,0.8380154079861111
3,1,0.469510018825531,0.3857460021972656,-737.0646751309619,-586.1062754313151,0.281787712191358,0.39996202256944446
3,2,0.32969576120376587,0.2705391049385071,-514.6106421670796,-409.84405992296007,0.5000723379629629,0.5846788194444444
3,3,0.22530466318130493,0.17815592885017395,-352.2162080552843,-269.47180023193357,0.6319209346064815,0.6531521267361111
3,4,0.14547128975391388,0.11023446917533875,-226.69129064583484,-166.8101038614909,0.6685721691743827,0.6672688802083333
3,5,0.08889462798833847,0.06709977984428406,-139.73023286513342,-100.6759043375651,0.676756606867284,0.6642306857638889
3,6,0.05457466468214989,0.043156690895557404,-84.5629372726252,-64.04892819722494,0.6689567660108025,0.6507595486111111
3,7,0.03655937314033508,0.029725518077611923,-56.406010831432575,-43.57591154310438,0.6572422357253086,0.6363226996527778
3,8,0.02571958862245083,0.0220768041908741,-39.23324123194188,-31.792598830329048,0.6480119116512346,0.6232150607638889
3,9,0.019400648772716522,0.01707002893090248,-29.357067582636702,-24.40798214806451,0.6395206404320988,0.6138346354166667
3,10,0.015222560614347458,0.01330181397497654,-22.686142329227778,-18.857099289364285,0.6344171971450617,0.6078396267361111
3,11,0.012117650359869003,0.010981034487485886,-17.865624302993584,-15.319427235921223,0.6283546730324074,0.5967230902777778
3,12,0.00998037587851286,0.008932456374168396,-14.456023591241719,-12.226882690853543,0.6261562017746913,0.5831976996527778
3,13,0.008411390706896782,0.007684455253183842,-11.95359525386198,-10.511745908525254,0.626537784529321,0.5827907986111112
3,14,0.007277733646333218,0.006833553314208984,-10.120750596199507,-9.735170041190253,0.6228551793981482,0.5798394097222223
3,15,0.006296003703027964,0.005888571962714195,-8.593114799040336,-7.915602774090237,0.6227635513117284,0.5891493055555556
3,16,0.005775196477770805,0.005222340114414692,-7.796272720525294,-6.86175094710456,0.6222951630015432,0.5833713107638889
3,17,0.005132516846060753,0.0046736449003219604,-6.749459966612451,-5.938457579082913,0.6206591194058642,0.5668674045138888
3,18,0.004689028486609459,0.004309325944632292,-6.114018499409711,-5.110706949234009,0.6202986352237654,0.573291015625
3,19,0.004457839764654636,0.004159179981797934,-5.744294135070142,-4.963236252466838,0.6217863859953704,0.57900390625
3,20,0.004118041135370731,0.003686874406412244,-5.163435087380586,-4.3397144291136,0.6216802903163581,0.5829427083333333
3,21,0.003874986432492733,0.003494400531053543,-4.7448203216364355,-4.138022634718153,0.6258276668595679,0.5861056857638889
3,22,0.003697034204378724,0.0034551206044852734,-4.469516664964181,-4.016025673018562,0.6256480275848766,0.5809027777777778
3,23,0.003475556382909417,0.0034223529510200024,-4.112919034486936,-4.0964706050025095,0.6277126736111112,0.5712293836805555
3,24,0.0033147321082651615,0.00329704862087965,-3.8064801878399317,-3.879818630218506,0.6301884403935185,0.5888563368055556
3,25,0.003145756432786584,0.0028677252121269703,-3.552295300695631,-3.2067536565992567,0.6338734567901234,0.5941460503472222
3,26,0.002967406529933214,0.0027562621980905533,-3.2968796088371746,-2.988525308503045,0.638087745949074,0.5851019965277777
3,27,0.0029266620986163616,0.0027375416830182076,-3.233978618810206,-3.0483704169591266,0.6428337191358025,0.5959743923611112
3,28,0.002691765781491995,0.0027420050464570522,-2.811870989093074,-3.0292467461691963,0.6475947627314815,0.5996419270833333
3,29,0.0027006282471120358,0.0024554883129894733,-2.8196774853600397,-2.585478734970093,0.6522032937885802,0.5774142795138889
3,30,0.0024997927248477936,0.0023220949806272984,-2.5111292435799117,-2.3480438974168565,0.6582977671682099,0.5966796875
3,31,0.0024890904314816,0.002214841777458787,-2.5105703824832117,-2.162237297164069,0.661474006558642,0.6118326822916667
3,32,0.002396870870143175,0.0022002526093274355,-2.35632730619407,-2.0812218957477144,0.6685806086033951,0.6157335069444444
3,33,0.0022574455942958593,0.0022195768542587757,-2.1410352836420508,-2.1936672502093844,0.6734164014274692,0.6255208333333333
3,34,0.0022216252982616425,0.002005060436204076,-2.1086816268202697,-1.776673052046034,0.6836082175925926,0.6300564236111111
3,35,0.002080337144434452,0.002053461968898773,-1.8503557289088215,-1.7436856375800238,0.6912977430555556,0.6355685763888889
3,36,0.002080918988212943,0.001961090601980686,-1.813260269165039,-1.6098087734646267,0.6997504340277778,0.6323025173611111
3,37,0.0019740199204534292,0.0018076677806675434,-1.6686850085670566,-1.4044635507795546,0.7063970871913581,0.6295030381944444
3,38,0.0018743820255622268,0.0016525117680430412,-1.5054527212072302,-1.113450664944119,0.7134397907021605,0.6474283854166667
3,39,0.0018428020412102342,0.0016545671969652176,-1.4528469987857489,-1.1543112542894152,0.7184021749614198,0.6489149305555556
3,40,0.001764310640282929,0.0016415000427514315,-1.3242364490473713,-1.132758124669393,0.7204861111111112,0.6603569878472222
3,41,0.0017120656557381153,0.0015741612296551466,-1.2649568857970062,-1.0188647853003607,0.7281213831018518,0.6745496961805556
3,42,0.0016844180645421147,0.0015053919050842524,-1.23958445875733,-0.9451250142521328,0.7355293933256173,0.6678982204861111
3,43,0.0016869513783603907,0.0015707025304436684,-1.2401411377353433,-1.102165064546797,0.7404103973765432,0.6813151041666666
3,44,0.0016456309240311384,0.0014258265728130937,-1.1638173898061117,-0.7834901385837131,0.7474844473379629,0.6930013020833333
3,45,0.0015804700087755919,0.0015355522045865655,-1.053361056174761,-0.8848830223083496,0.7543565538194444,0.6882486979166667
3,46,0.0015484438044950366,0.001397180836647749,-0.9891003917764735,-0.7521427379714118,0.7583315248842593,0.6986328125
3,47,0.0014970486517995596,0.0013862402411177754,-0.8991675565272201,-0.7431744125154284,0.7649721498842592,0.6980577256944445
3,48,0.001450385432690382,0.0014005601406097412,-0.8564850555525886,-0.7731874346733093,0.7695475260416667,0.707373046875
3,49,0.0014488506130874157,0.0013557587517425418,-0.8279272150110315,-0.6832329948743184,0.7762641059027777,0.7101888020833333
3,50,0.0014358852058649063,0.0013757776468992233,-0.8011526137222479,-0.7184057818518744,0.7774257330246913,0.7065158420138888
3,51,0.0014098051469773054,0.0013677490642294288,-0.7852219075332453,-0.7146351893742879,0.7839301215277777,0.6999294704861111
3,52,0.0013984922552481294,0.001325757708400488,-0.7531801738856752,-0.6090539375940959,0.7842248987268519,0.7173122829861112
3,53,0.0013855607248842716,0.001320419367402792,-0.7281190598452533,-0.5976539505852594,0.7885802469135802,0.7134385850694445
3,54,0.0013318425044417381,0.001369766891002655,-0.6571428837599578,-0.6581963260968526,0.7899112654320988,0.7282552083333333
3,55,0.001374904066324234,0.0012905127368867397,-0.7272271871566772,-0.5677988184822931,0.7990252459490741,0.7155056423611111
3,56,0.0013327568303793669,0.001270586857572198,-0.6625625177665994,-0.5088655485047234,0.7957127700617284,0.7412217881944444
3,57,0.00134102045558393,0.0012710648588836193,-0.662097974765448,-0.5108347415924073,0.8046422887731481,0.7424424913194444
3,58,0.0013055397430434823,0.0012794785434380174,-0.6249214288629131,-0.5037527084350586,0.8068962191358025,0.7332085503472222
3,59,0.0013263124274089932,0.0012247362174093723,-0.6446831576618147,-0.46222775247361925,0.8099006558641976,0.7264811197916666
3,60,0.0012920636218041182,0.00124182493891567,-0.6355894525845845,-0.4891373011800978,0.8077281057098765,0.7661675347222222
3,61,0.0012743123807013035,0.0012393164215609431,-0.588935195075141,-0.4765757706430223,0.8142716772762346,0.7723253038194444
3,62,0.0012680671643465757,0.001209152746014297,-0.5562217943462324,-0.4483753522237142,0.8178512008101851,0.7679796006944445
3,63,0.0012391635682433844,0.0012861437862738967,-0.5369725231771116,-0.550578682952457,0.8203788097993827,0.7663845486111112
3,64,0.001258614007383585,0.0013801546301692724,-0.5612741086218093,-0.5941028926107619,0.8274998794367284,0.7790473090277777
3,65,0.0012552057160064578,0.0012699482031166553,-0.5529677477883704,-0.5146065327856276,0.8314055266203704,0.769482421875
3,66,0.0012546542566269636,0.0013484348310157657,-0.547822747848652,-0.6095909357070923,0.8393633053626544,0.7666612413194445
3,67,0.001249867957085371,0.0012825529556721449,-0.5438825667640309,-0.5128894872135586,0.844799503279321,0.7892361111111111
3,68,0.0012280677910894156,0.0013238558312878013,-0.500024758886408,-0.5830968896547953,0.8488016010802469,0.7840277777777778
3,69,0.0012085200287401676,0.0012969545787200332,-0.4706642988287372,-0.5478412641419305,0.8537260079089506,0.7782118055555556
3,70,0.0012244780082255602,0.0012958369916304946,-0.5043176876174079,-0.5387105849054125,0.8524709442515432,0.7911187065972223
3,71,0.001187219051644206,0.001357491360977292,-0.442490534134853,-0.6255026499430338,0.8585859133873457,0.7859592013888889
3,72,0.0012095528654754162,0.0013061239151284099,-0.47687777751757776,-0.5651915338304307,0.8604112413194445,0.7988606770833333
3,73,0.0011976027162745595,0.001353331608697772,-0.45855666502022446,-0.6177536050478617,0.8630503713348765,0.7965169270833333
3,74,0.0011871196329593658,0.0013403091579675674,-0.4483804570304023,-0.6024016406801012,0.8646496431327161,0.7955078125
3,75,0.0011859734077006578,0.001335016218945384,-0.44226624288676697,-0.6000811086760627,0.866626277970679,0.7985514322916667
3,76,0.0011841972591355443,0.0013222640845924616,-0.44259524212943185,-0.5824210948414272,0.8683274257330247,0.8034722222222223
3,77,0.001179176615551114,0.0013139934744685888,-0.43447340108730176,-0.5735220008426243,0.8692280333719136,0.80146484375
3,78,0.0011633330723270774,0.001335415057837963,-0.41545893763318476,-0.6025391141573588,0.8705928096064814,0.8084255642361111
3,79,0.001161371823400259,0.0013010791735723615,-0.41281729289043095,-0.5574008001221551,0.8719226224922839,0.8103298611111112
3,80,0.0011565261520445347,0.0013270247727632523,-0.4053903291254868,-0.5910214834743076,0.8733669704861111,0.8088650173611112
3,81,0.0011578623671084642,0.001312879379838705,-0.4084674767505975,-0.5748469392458598,0.8735393759645061,0.8126139322916667
3,82,0.0011511328630149364,0.0013165122363716364,-0.39892390583768306,-0.580257613129086,0.8750874083719136,0.8114908854166667
4,1,0.46912670135498047,0.38816702365875244,-738.9857110859435,-577.9812171088324,0.2717435860339506,0.39703776041666666
4,2,0.3361702859401703,0.2799755334854126,-526.7254868495611,-416.48413645426433,0.4870412567515432,0.5611056857638889
4,3,0.23800921440124512,0.19237883388996124,-374.3391970881709,-285.8355827331543,0.5874354986496914,0.6001139322916667
4,4,0.15963971614837646,0.12552809715270996,-251.6361603819294,-185.9681049770779,0.6029471691743827,0.5977918836805556
4,5,0.10245546698570251,0.07763540744781494,-159.49058216236256,-114.3961323208279,0.5928771219135802,0.5836100260416667
4,6,0.06260773539543152,0.04813459515571594,-97.07072265766286,-70.7571074379815,0.5790274160879629,0.5697374131944445
4,7,0.04044177383184433,0.03204464912414551,-62.405922623622565,-46.70808789994982,0.561963493441358,0.5517740885416667
4,8,0.02727680467069149,0.022453632205724716,-41.80590628164786,-32.40308168199327,0.5459014515817902,0.5345160590277778
4,9,0.01934729516506195,0.016444746404886246,-29.298377613962433,-23.380343850453695,0.528979793595679,0.5168728298611112
4,10,0.015186183154582977,0.013197904452681541,-22.799142828694098,-18.493022939893933,0.5114390432098765,0.5019585503472223
4,11,0.01238909550011158,0.010955855250358582,-18.363450231081174,-15.094110340542263,0.49916811342592593,0.4911566840277778
4,12,0.010432753711938858,0.009205779060721397,-15.344669529832439,-12.503388712141248,0.4892361111111111,0.4809353298611111
4,13,0.008800329640507698,0.00789171364158392,-12.661347913153378,-10.452119975619846,0.4791871624228395,0.471826171875
4,14,0.0076253367587924,0.006918012164533138,-10.79728121816376,-8.949886502159966,0.4710015190972222,0.46512586805555556
4,15,0.006767480168491602,0.0059121898375451565,-9.491035998014755,-7.48807119263543,0.46455078125,0.457958984375
4,16,0.006021165754646063,0.005184795707464218,-8.320550673096268,-6.408928288353814,0.4593171296296296,0.4521267361111111
4,17,0.0054700649343431,0.0049997419118881226,-7.485223280647655,-6.151698809199863,0.4564597800925926,0.4505588107638889
4,18,0.005091608036309481,0.00451690424233675,-6.9298994037840105,-5.310329204135471,0.4545922550154321,0.45010850694444443
4,19,0.004754082299768925,0.0039521269500255585,-6.303591916001873,-4.494525522655911,0.4542275511188272,0.4475857204861111
4,20,0.004453630186617374,0.003976968117058277,-5.848087691672054,-4.544819280836317,0.4543631847993827,0.44969618055555555
4,21,0.004157701972872019,0.003679335583001375,-5.353216137120753,-4.081045375929938,0.455811149691358,0.4510036892361111
4,22,0.003970351070165634,0.003762373235076666,-5.065063180746855,-4.180118128988478,0.4580005787037037,0.45538194444444446
4,23,0.0037712310440838337,0.003292383160442114,-4.723329705956542,-3.5753364165623984,0.46065297067901234,0.45720486111111114
4,24,0.0035536293871700764,0.0032265777699649334,-4.414538616015587,-3.5012823237313166,0.4642101900077161,0.46040581597222224
4,25,0.0034066063817590475,0.003085111267864704,-4.1325482468546175,-3.1814924372567073,0.4686366705246914,0.4649793836805556
4,26,0.0033380729146301746,0.003136127255856991,-4.0267505442654645,-3.2141816933949787,0.4746039496527778,0.4709743923611111
4,27,0.0032172708306461573,0.002993905683979392,-3.787023017141554,-3.098419247733222,0.4797067901234568,0.4756944444444444
4,28,0.0030434103682637215,0.0028503912035375834,-3.5293118406225132,-2.8985412968529594,0.4864842544367284,0.4823079427083333
4,29,0.002986480016261339,0.0027812481857836246,-3.3998747216330636,-2.7895692745844523,0.49472113715277777,0.4909722222222222
4,30,0.0028245325665920973,0.0029332246631383896,-3.1440490822733183,-3.0467402299245196,0.5026439525462963,0.5023491753472222
4,31,0.0027220151387155056,0.002458025701344013,-3.015971139036579,-2.3251505851745606,0.5130793065200617,0.505517578125
4,32,0.0026936340145766735,0.002317860722541809,-2.9488856465728195,-2.15923560195499,0.5248004677854938,0.5254611545138889
4,33,0.002503426978364587,0.0021030372008681297,-2.6135720782809786,-1.804754998948839,0.5413676697530864,0.5312120225694444
4,34,0.0023570084013044834,0.0020693140104413033,-2.3598772596429893,-1.7543089045418634,0.5604896074459876,0.5847330729166667
4,35,0.0022192606702446938,0.0021423990838229656,-2.1899699328858175,-1.814376515812344,0.592481674382716,0.5910373263888888
4,36,0.0020592366345226765,0.001979115419089794,-1.9743185811572606,-1.432835054397583,0.6151523919753087,0.6042046440972222
4,37,0.001976772677153349,0.0019147915299981833,-1.7623625793574769,-1.4017679585350884,0.6378291377314815,0.5858669704861111
4,38,0.001838125754147768,0.0015913775423541665,-1.5396036527774952,-0.8575838406880697,0.6298146942515432,0.6504014756944444
4,39,0.001721069449558854,0.001682143658399582,-1.3337509663016707,-0.9573064459694757,0.6562162422839506,0.6342393663194444
4,40,0.0016772497911006212,0.001717603881843388,-1.2808025733924207,-1.068053142229716,0.6760910976080247,0.6426974826388889
4,41,0.0016599346417933702,0.0015194544102996588,-1.2453429632716708,-0.7827936278449165,0.6833634741512346,0.6594672309027778
4,42,0.001539335586130619,0.0014958102256059647,-1.0434161595356317,-0.7274460554122925,0.6975851176697531,0.6689507378472223
4,43,0.0015076049603521824,0.0014600676950067282,-1.013089547481066,-0.658120952712165,0.7149112654320988,0.6918023003472222
4,44,0.0014519401593133807,0.0014156545512378216,-0.9042317684785819,-0.6001193576388889,0.7284161603009259,0.6957899305555556
4,45,0.0014063732232898474,0.0013172684703022242,-0.8280919372299571,-0.48377683295143975,0.7322548948688271,0.7065755208333333
4,46,0.0013697866816073656,0.0012584878131747246,-0.762111544020382,-0.3998432834943136,0.7429777922453704,0.7206163194444445
4,47,0.0013560287188738585,0.0012527008075267076,-0.7471509873131175,-0.3759306271870931,0.7483301986882716,0.7226779513888889
4,48,0.0012994883581995964,0.0013024164363741875,-0.6429982529746161,-0.43606144984563194,0.7561300395447531,0.7068793402777778
4,49,0.001309913583099842,0.0012554619461297989,-0.676060903808217,-0.40890616840786403,0.7516746238425925,0.7295627170138889
4,50,0.0012562869815155864,0.0012059754226356745,-0.5993703207851928,-0.29884734286202325,0.757591869212963,0.7384874131944444
4,51,0.0012613629223778844,0.0012567286612465978,-0.5930045428099455,-0.3849685960345798,0.7743073640046296,0.7543728298611111
4,52,0.0012339873937889934,0.0012447695480659604,-0.5513634965743548,-0.3398430824279785,0.7767126012731481,0.7483181423611112
4,53,0.0012189934495836496,0.0011760385241359472,-0.5313930119997189,-0.2587120003170437,0.7843605324074074,0.7654188368055556
4,54,0.0012082529719918966,0.0012009355705231428,-0.5079341602914127,-0.294232616159651,0.7836492091049383,0.7767306857638889
4,55,0.001210319227539003,0.001191703719086945,-0.5177894936667549,-0.2839393377304077,0.7923345871913581,0.7685167100694444
4,56,0.0011879736557602882,0.0011490951292216778,-0.46831730221524653,-0.23746824264526367,0.7983036747685185,0.7706597222222222
4,57,0.0011410914594307542,0.0012110976967960596,-0.3907814705813373,-0.31000143157111276,0.7993923611111111,0.7636176215277778
4,58,0.001154411118477583,0.00119909702334553,-0.4214889598481449,-0.2963817212316725,0.8010772328317901,0.7890353732638888
4,59,0.0011485349386930466,0.0011520759435370564,-0.4036630592228454,-0.2438506219122145,0.8023853443287037,0.7888888888888889
4,60,0.0011567544424906373,0.0011694807326421142,-0.4295457895891166,-0.25828688277138606,0.8084882571373457,0.8106282552083334
4,61,0.0011462303809821606,0.001187436282634735,-0.4060427572992113,-0.28342771265241834,0.8170886381172839,0.7796549479166667
4,62,0.0011181602021679282,0.0011676456779241562,-0.3697715020474093,-0.25717637406455146,0.8214500144675926,0.8066948784722222
4,63,0.0011401950614526868,0.001173720695078373,-0.42142860918869207,-0.26454508701960244,0.8287465036651235,0.8024359809027778
4,64,0.001127714291214943,0.0011683881748467684,-0.3945683753048932,-0.2567839569515652,0.8289074556327161,0.8030544704861111
4,65,0.0011239568702876568,0.0011704146163538098,-0.3831725787233423,-0.25337083207236394,0.8366433979552469,0.8147135416666667
4,66,0.0011192446108907461,0.001170571893453598,-0.37269381063955803,-0.2557464281717936,0.8414990837191358,0.8190809461805556
4,67,0.001114155282266438,0.0011631837114691734,-0.3660238798753715,-0.24648253122965494,0.8433298369984568,0.8165961371527778
4,68,0.0011139435227960348,0.0011663910700008273,-0.3633192988089573,-0.2517350302802192,0.8457585841049383,0.8238444010416667
4,69,0.0011124389711767435,0.0011620665900409222,-0.36354352912785093,-0.2455357723765903,0.847215591242284,0.8215440538194444
4,70,0.0011070661712437868,0.0011772253783419728,-0.35356572336620756,-0.2620802150832282,0.8498342255015432,0.8292805989583333
4,71,0.0011080465046688914,0.001175715820863843,-0.35628558353141504,-0.260957313908471,0.8523479697145062,0.8291775173611111
4,72,0.0011022004764527082,0.0011736969463527203,-0.3458737601468593,-0.25908739036983913,0.8537127459490741,0.8318413628472222
4,73,0.0010968976421281695,0.0011715212604030967,-0.3391797448381966,-0.2540258963902791,0.8556315104166666,0.831201171875
4,74,0.0010963736567646265,0.0011783759109675884,-0.3376918388001713,-0.26349241071277196,0.8569414303626544,0.8324652777777778
4,75,0.0010970958974212408,0.0011724625946953893,-0.34001258744133844,-0.2579607327779134,0.8576853057484568,0.8337076822916667
4,76,0.001093532657250762,0.0011719516478478909,-0.3333172755476869,-0.2584826217757331,0.857814308449074,0.83349609375
5,1,0.465628981590271,0.38111281394958496,-719.0030350108206,-630.0280905829536,0.28959418402777776,0.4161458333333333
5,2,0.3259553909301758,0.2666783928871155,-504.4884298724893,-440.237971496582,0.49999578028549385,0.5770073784722223
5,3,0.22274340689182281,0.1749560534954071,-343.4507849987642,-288.8242947896322,0.6013695987654321,0.6147243923611111
5,4,0.13985371589660645,0.10528763383626938,-216.02454504319178,-173.20418277316622,0.6148636429398148,0.609765625
5,5,0.08248890191316605,0.06296323239803314,-127.25075145768531,-103.17793134053548,0.6077594521604939,0.6006673177083334
5,6,0.0526924654841423,0.04246990382671356,-80.5127768104459,-69.10018880632188,0.5940646701388889,0.5831325954861111
5,7,0.03663742542266846,0.030292876064777374,-55.412992605750944,-48.86916552649604,0.5757842640817902,0.5641655815972222
5,8,0.02667626179754734,0.021773502230644226,-40.2446866153199,-34.73132094277276,0.5580029899691358,0.5492567274305555
5,9,0.019666604697704315,0.01648072525858879,-29.509713987656582,-25.966590923733182,0.5428536120756173,0.5340983072916666
5,10,0.015386342070996761,0.012912525795400143,-22.796224138471814,-20.20100869072808,0.5268391927083333,0.5181640625
5,11,0.012589219957590103,0.01057879626750946,-18.32972622329806,-16.181913900375367,0.514624324845679,0.5060818142361111
5,12,0.010428089648485184,0.00917876698076725,-14.904279111344138,-14.029715744654338,0.5010591483410494,0.4935492621527778
5,13,0.0090508833527565,0.007667963393032551,-12.900308284641785,-11.791534593370226,0.48978949652777776,0.4830186631944444
5,14,0.008002031594514847,0.006504003889858723,-11.157088792765583,-9.511250344912211,0.4808786651234568,0.47220594618055556
5,15,0.006882206071168184,0.006220945622771978,-9.509777416711971,-8.838190070788066,0.4726435908564815,0.46615668402777777
5,16,0.006285674870014191,0.00545266829431057,-8.605762164092358,-7.465851362546285,0.4670922550154321,0.46124674479166666
5,17,0.005902383476495743,0.004619042854756117,-7.882147098470617,-6.456764602661133,0.4625584731867284,0.4557074652777778
5,18,0.0051783304661512375,0.004495860077440739,-6.648788943408448,-6.205254279242622,0.4578492717978395,0.4527126736111111
5,19,0.004925339482724667,0.0042179240845143795,-6.310831910886883,-5.6586533281538225,0.45590217496141977,0.45174696180555557
5,20,0.004578892607241869,0.003993733786046505,-5.75999007107299,-5.34647077454461,0.4548442322530864,0.4505750868055556
5,21,0.00431844312697649,0.0036101273726671934,-5.339039337193524,-4.758165939648946,0.45464771412037036,0.4492730034722222
5,22,0.004222364164888859,0.0035185301676392555,-5.2547406549806945,-4.517366154988607,0.45606071566358025,0.4503255208333333
5,23,0.003976433537900448,0.003360494039952755,-4.875303253715421,-4.244521088070339,0.4566587094907407,0.4520399305555556
5,24,0.0037691539619117975,0.003096658270806074,-4.586337232295378,-3.8496163315243193,0.459546802662037,0.4583604600694444
5,25,0.0036485965829342604,0.0034062820486724377,-4.368544511736175,-4.051441537009345,0.4619357638888889,0.45699869791666664
5,26,0.0033694785088300705,0.00288542453199625,-3.883022248009105,-3.757970921198527,0.4645525896990741,0.46070963541666665
5,27,0.003233104944229126,0.002675941213965416,-3.7106329664771938,-3.047438621520996,0.4683575665509259,0.4655490451388889
5,28,0.0031314492225646973,0.002381326165050268,-3.4964130071946133,-2.4585779799355403,0.4720353491512346,0.46662326388888886
5,29,0.0029546599835157394,0.002537329215556383,-3.2931686380763114,-2.813547280099657,0.47649980709876544,0.4737413194444444
5,30,0.0029659883584827185,0.002249946352094412,-3.3333829776740367,-2.2830648077858817,0.48296079282407406,0.4762912326388889
5,31,0.002808121033012867,0.002108409535139799,-3.05136521510136,-2.134408214357164,0.4887381847993827,0.48026258680555556
5,32,0.0027740548830479383,0.002038829494267702,-3.040303627061255,-1.999502001868354,0.4933889130015432,0.48823784722222224
5,33,0.002571830991655588,0.0020903993863612413,-2.684101046750575,-2.12737627559238,0.49934956114969137,0.49540473090277776
5,34,0.002563547110185027,0.0020005195401608944,-2.6941978539949583,-1.8456737730238173,0.5061481240354938,0.5007161458333333
5,35,0.0023591939825564623,0.002113846130669117,-2.3244168231516706,-2.273625479804145,0.5114336178626543,0.5107693142361112
5,36,0.002362166065722704,0.0017638388089835644,-2.3109797024432526,-1.4870191971460978,0.5190622588734568,0.5148980034722223
5,37,0.002225830452516675,0.0015962347388267517,-2.1440160621831446,-1.155533864763048,0.525953655478395,0.5179578993055556
5,38,0.0021938320714980364,0.001766068278811872,-2.063644826559373,-1.5038695017496744,0.5327998408564815,0.5301106770833334
5,39,0.002140270546078682,0.0015290228184312582,-1.9869001223717206,-1.1232306506898668,0.5407166280864197,0.5321885850694444
5,40,0.0020323581993579865,0.001480001024901867,-1.8056481593920861,-0.9990359597735935,0.5476598668981482,0.5377061631944444
5,41,0.0020330543629825115,0.0014099851250648499,-1.8544970803790621,-0.8908720625771417,0.5567515432098765,0.5494791666666666
5,42,0.0019541350193321705,0.0014718602178618312,-1.6521161185370552,-0.9960857735739814,0.5647255979938272,0.5601453993055555
5,43,0.001947172568179667,0.0012721410021185875,-1.7081556299586356,-0.6603864868481953,0.5760229793595679,0.5622395833333333
5,44,0.0018444281304255128,0.0013426871737465262,-1.5156111637751262,-0.7681307540999518,0.5840760030864197,0.5756998697916667
5,45,0.0018353800987824798,0.0013049899134784937,-1.4922014201128924,-0.7214979158507453,0.5961811583719135,0.5869249131944444
5,46,0.0017592955846339464,0.0013103759847581387,-1.3972505379606177,-0.7285013172361586,0.6074881847993827,0.5873914930555556
5,47,0.0016968075651675463,0.0013259549159556627,-1.3010372129487402,-0.7595456745889452,0.6167932581018518,0.598974609375
5,48,0.0016906234668567777,0.0013151438906788826,-1.3108330567677815,-0.7443712698088751,0.6320529513888888,0.6067816840277778
5,49,0.0016415161080658436,0.0013369438238441944,-1.212755600022681,-0.8677256345748902,0.6412923177083333,0.6245768229166667
5,50,0.001652429113164544,0.0012710685841739178,-1.2553015652997994,-0.6960529618793063,0.653565658757716,0.6305555555555555
5,51,0.0015728059224784374,0.0011970176128670573,-1.1124431445274825,-0.5269901778962877,0.6625427999614197,0.6312825520833333
5,52,0.001536646974273026,0.001190610695630312,-1.0323498962837974,-0.5200781888431973,0.673706958912037,0.6317437065972222
5,53,0.0014930188190191984,0.0011682052863761783,-0.95666961978983,-0.4657569832272,0.6804783950617284,0.651611328125
5,54,0.0014691578689962626,0.001147294882684946,-0.9263950408240895,-0.4325965364774068,0.6918619791666667,0.6487141927083333
5,55,0.001431692042388022,0.001178633770905435,-0.8777834197621287,-0.47359199391471013,0.6964319299768519,0.6509006076388889
5,56,0.0014479618985205889,0.001116872881539166,-0.891720994166386,-0.3871108611424764,0.7040738329475309,0.6680718315972223
5,57,0.0013810716336593032,0.0011972886277362704,-0.7858654912607169,-0.5422117749849955,0.7148811246141975,0.6781195746527777
5,58,0.0014121097046881914,0.0011740683112293482,-0.8340746442476908,-0.48602399428685505,0.7213083526234568,0.6761881510416666
5,59,0.0013795765116810799,0.0011595184914767742,-0.7773907955781914,-0.4747537930806478,0.7296959394290123,0.6917588975694444
5,60,0.0013617778895422816,0.001127002527937293,-0.7489905370606317,-0.41907878319422404,0.7393337673611111,0.6949381510416667
5,61,0.0012895850231871009,0.0011262258049100637,-0.619040925414474,-0.41953090959125094,0.7478630160108025,0.7045355902777778
5,62,0.0013011260889470577,0.0011291804257780313,-0.6546730672871625,-0.4101633707682292,0.7569836275077161,0.7084526909722222
5,63,0.0012899198336526752,0.0011227099457755685,-0.630950422787372,-0.4125314646297031,0.765747371720679,0.7299262152777778
5,64,0.001286155078560114,0.0011076836381107569,-0.6091243150793476,-0.3834014097849528,0.774658805941358,0.733935546875
5,65,0.0012485957704484463,0.001091925660148263,-0.5593703068332908,-0.35473592811160615,0.7829017168209876,0.7361219618055556
5,66,0.0012341281399130821,0.0011078361421823502,-0.5239251397274158,-0.3834875769085354,0.7869261188271605,0.7530598958333333
5,67,0.0012196385068818927,0.0011560511775314808,-0.5153987913955876,-0.4581375651889377,0.7914140866126543,0.7677680121527778
5,68,0.0011992938816547394,0.0010602182010188699,-0.4727901545571692,-0.28754153384102715,0.7894838686342592,0.7462673611111111
5,69,0.001177392085082829,0.0010444195941090584,-0.4339671619144487,-0.2875442941983541,0.7924858940972223,0.7504828559027777
5,70,0.0011725504882633686,0.0010671792551875114,-0.43844937807247963,-0.3207487768597073,0.79326171875,0.7732855902777778
5,71,0.0011682165786623955,0.001059714239090681,-0.42422734410674484,-0.30363759994506834,0.8045488522376543,0.7630805121527777
5,72,0.0011842944659292698,0.0010571738239377737,-0.45923110835346176,-0.2888109392589993,0.8101110387731482,0.7739691840277778
5,73,0.0011560150887817144,0.0010690236231312156,-0.4103906003045447,-0.3104968296156989,0.8171260127314814,0.7838595920138889
5,74,0.0011452543549239635,0.0010467673419043422,-0.4040434553299421,-0.298057132297092,0.8221800250771605,0.7819498697916667
5,75,0.0011445572599768639,0.0010695095406845212,-0.40368077710822775,-0.3221363729900784,0.8230414496527778,0.7972873263888889
5,76,0.001138591906055808,0.0010598577791824937,-0.3917603923950666,-0.306606928507487,0.8282105999228395,0.8036892361111111
5,77,0.0011286339722573757,0.0010738221462816,-0.3666161796193064,-0.3324240724245707,0.8350706500771605,0.8011284722222223
5,78,0.001124439761042595,0.0010748709319159389,-0.36865795659430234,-0.3323807186550564,0.8353859230324074,0.8047200520833333
5,79,0.0011198564898222685,0.001081426627933979,-0.35990032781789333,-0.3495412853029039,0.8398491753472223,0.8087293836805556
5,80,0.0011241256725043058,0.0010737123666331172,-0.3642046291151165,-0.33797004752688936,0.842310474537037,0.8105577256944444
5,81,0.0011204325128346682,0.0010813541011884809,-0.35924847081855493,-0.3442109015252855,0.8431471836419753,0.8135308159722222
5,82,0.001116517698392272,0.0010930289281532168,-0.3542220674915078,-0.36317127015855577,0.8463939525462963,0.8119737413194444
5,83,0.0011194810504093766,0.0010912333382293582,-0.35855463610755073,-0.3624682717853122,0.8486273871527777,0.8148654513888889
5,84,0.0011192013043910265,0.001094322302378714,-0.35923165730488155,-0.3683025081952413,0.8476701147762346,0.823583984375
5,85,0.0011161414440721273,0.0010911592980846763,-0.3533012051641205,-0.3655163473553128,0.8515064380787037,0.8205349392361111
5,86,0.0011097653768956661,0.0010868338868021965,-0.3472689927360158,-0.3587922387652927,0.8540961371527778,0.820654296875
5,87,0.0011081011034548283,0.0010935758473351598,-0.3436751396567733,-0.367330453130934,0.8541690779320987,0.8215549045138889
5,88,0.001108080381527543,0.0010933096054941416,-0.34278506143593496,-0.3667776862780253,0.8542836130401235,0.8232530381944444
5,89,0.00110876455437392,0.001095006475225091,-0.3448907026538142,-0.36847270992067127,0.8557086709104939,0.8255642361111111
6,1,0.4642215967178345,0.38395363092422485,-727.0988984661337,-564.9527926974827,0.2743580005787037,0.3952853732638889
6,2,0.33129799365997314,0.276386022567749,-519.1187849256728,-406.5640292697483,0.48565839602623456,0.5619954427083333
6,3,0.23212754726409912,0.1862734854221344,-365.05604706752445,-275.1189988878038,0.5893030237268518,0.607275390625
6,4,0.1539555788040161,0.12127573788166046,-241.3137114536615,-179.27537773980035,0.611399860146605,0.6090115017361111
6,5,0.09655690938234329,0.07308648526668549,-150.0499531545757,-107.43904003567165,0.6061017071759259,0.5978841145833333
6,6,0.0589279904961586,0.04626976698637009,-90.87181000179714,-67.79479645623101,0.5942075376157407,0.5847439236111112
6,7,0.038818493485450745,0.032255418598651886,-60.092106910988136,-47.01909794277615,0.5794530044367284,0.568798828125
6,8,0.02718174271285534,0.022601859644055367,-41.24509142298757,-32.715571806165904,0.5613070264274691,0.5503689236111111
6,9,0.019925465807318687,0.017556082457304,-30.26909207061485,-25.188771777682835,0.5446662808641975,0.5333279079861111
6,10,0.015718145295977592,0.013949578627943993,-23.62127302782035,-19.77026064130995,0.5279140142746913,0.5177951388888888
6,11,0.012659359723329544,0.011468393728137016,-18.709443756974775,-16.181602425045437,0.5148491753472222,0.5059299045138889
6,12,0.010674129240214825,0.009784938767552376,-15.616856254177328,-13.558801709281074,0.502953197337963,0.4939236111111111
6,13,0.009064532816410065,0.00854002870619297,-13.15109912554423,-11.978994385401409,0.4920591001157407,0.48214518229166664
6,14,0.007911719381809235,0.007197280880063772,-11.385765191360756,-9.741962030198838,0.4813247492283951,0.4722439236111111
6,15,0.006900695152580738,0.006483952049165964,-9.67669838975977,-8.884320508109198,0.4735936294367284,0.4669867621527778
6,16,0.006370565854012966,0.005824742838740349,-8.907340974572264,-7.712581088807847,0.4673713589891975,0.46004774305555557
6,17,0.0056170504540205,0.005324591416865587,-7.674352704448465,-7.014371249410841,0.4625904224537037,0.45651041666666664
6,18,0.00520160561427474,0.004850264173001051,-7.006613590982226,-6.174344195259942,0.4582839023919753,0.4528862847222222
6,19,0.0049003250896930695,0.004513242281973362,-6.487538335647112,-5.546669287151761,0.4561728395061728,0.4529568142361111
6,20,0.004545614123344421,0.004642217420041561,-5.994691708941518,-5.770399570465088,0.4538399402006173,0.4522677951388889
6,21,0.004336840473115444,0.004285639151930809,-5.64989905740008,-5.046183546384175,0.45270604263117287,0.45294053819444446
6,22,0.004076626151800156,0.003981916233897209,-5.322068485507259,-4.788792159822252,0.45523546006944443,0.45091688368055555
6,23,0.003855725284665823,0.0038215285167098045,-4.914493459242362,-4.502138937844171,0.45576774691358024,0.45742730034722223
6,24,0.0038446947000920773,0.004040527623146772,-4.907448447192157,-4.557790488666958,0.46340000482253085,0.47391493055555556
6,25,0.0038090283051133156,0.003694983432069421,-4.859236904426857,-3.9977114624447294,0.4757300106095679,0.47665473090277777
6,26,0.0037050764076411724,0.003193911164999008,-4.635268748248065,-3.196063759591844,0.489428409529321,0.4857150607638889
6,27,0.003569892607629299,0.003290667664259672,-4.417606527422682,-3.404999915758769,0.505638744212963,0.5148057725694445
6,28,0.003512064227834344,0.0033467328175902367,-4.269444069744628,-3.3987690342797174,0.5259126639660494,0.5515407986111112
6,29,0.003262035083025694,0.0031905288342386484,-3.8564869041796084,-3.116424396302965,0.5431520061728395,0.5411892361111111
6,30,0.0030856430530548096,0.00289612403139472,-3.6255001409554186,-2.6654491980870563,0.5605342158564814,0.5679090711805556
6,31,0.0029322593472898006,0.003017370356246829,-3.3328170952973544,-2.9060647779040867,0.5717881944444444,0.5781141493055556
6,32,0.0027152865659445524,0.002761515323072672,-2.930923576413849,-2.4780354526307846,0.5883065682870371,0.5821343315972223
6,33,0.002535266103222966,0.002586500486359,-2.6432598099296474,-2.2837151103549536,0.6053023726851852,0.5617350260416667
6,34,0.002469607163220644,0.002256407868117094,-2.554110356024754,-1.706241570578681,0.6123830536265432,0.5824815538194444
6,35,0.002441814634948969,0.002227477729320526,-2.457447679248857,-1.7832986646228366,0.6176372010030864,0.5918240017361112
6,36,0.002244330011308193,0.002364648971706629,-2.131895006880348,-1.9736730178197226,0.6309136284722222,0.6330837673611112
6,37,0.0022628011647611856,0.002289948519319296,-2.176371067394445,-1.7781698597802056,0.6413863570601852,0.6501627604166667
6,38,0.0021388623863458633,0.002122919773682952,-1.927122852831711,-1.5870399369133843,0.6574881847993828,0.6479763454861112
6,39,0.0020719305612146854,0.0021840627305209637,-1.830018965697583,-1.5975528293185763,0.6685456452546297,0.6606770833333333
6,40,0.0019390162779018283,0.002094450406730175,-1.6015672988361782,-1.4423804018232558,0.672802734375,0.6777398003472223
6,41,0.0018979532178491354,0.001838818658143282,-1.5448527839448718,-1.0857154236899482,0.6853184076003086,0.7141764322916667
6,42,0.0018327264115214348,0.001945502357557416,-1.4381912802472527,-1.246819093492296,0.6910734953703703,0.6602593315972223
6,43,0.0017787449760362506,0.0019624577835202217,-1.3513618795960038,-1.2821592119004992,0.6994001977237654,0.6896809895833333
6,44,0.001700978958979249,0.0019528744742274284,-1.2352494760795876,-1.2035991536246406,0.7010097173996913,0.6805609809027777
6,45,0.0016407810617238283,0.0017387790139764547,-1.1383612681318211,-0.9401657051510282,0.710742790316358,0.6985948350694444
6,46,0.0016528211999684572,0.0017059003002941608,-1.1373237780582757,-0.9198769595887926,0.7181049864969136,0.7325846354166666
6,47,0.0015333363553509116,0.0017162549775093794,-0.9803299759641105,-0.9957833104663425,0.7280357831790123,0.7403103298611111
6,48,0.0014736705925315619,0.0016499841585755348,-0.8822122657740558,-0.8616977559195624,0.7392047646604938,0.7177734375
6,49,0.0014747334644198418,0.0016915238229557872,-0.8724272866307953,-0.9368140909406873,0.7369544511959877,0.7214246961805556
6,50,0.0014090619515627623,0.0016183422412723303,-0.7666982502113154,-0.7860317230224609,0.7526511863425925,0.7413357204861111
6,51,0.0013879183679819107,0.001594490953721106,-0.7425101854183056,-0.7730800602171156,0.7593539014274692,0.7240505642361111
6,52,0.0013392206747084856,0.001575160538777709,-0.6700607532336388,-0.7749108407232497,0.7647352430555555,0.7413736979166666
6,53,0.0013136138441041112,0.0015191580168902874,-0.6321417821778191,-0.653028933207194,0.772386188271605,0.7411241319444445
6,54,0.0013072958681732416,0.0015588037203997374,-0.6164036418184822,-0.7325122012032403,0.778319106867284,0.7501410590277777
6,55,0.0012849996564909816,0.0015106282662600279,-0.59165706973017,-0.6572393788231744,0.7810378086419754,0.7462131076388889
6,56,0.0012477478012442589,0.0014724347274750471,-0.5260251065831125,-0.618697190284729,0.7913146219135803,0.7527669270833334
6,57,0.001215864671394229,0.0014133208896964788,-0.47851727303163505,-0.5136388142903646,0.7867627555941358,0.7515028211805556
6,58,0.0012186109088361263,0.0014285505749285221,-0.5069611428696432,-0.5108838306532966,0.790356746720679,0.7639594184027778
6,59,0.0012197477044537663,0.0014548946637660265,-0.48980325754777887,-0.577349313100179,0.7837685667438271,0.7783908420138889
6,60,0.0012413914082571864,0.0015016526449471712,-0.5190307921833462,-0.714286020067003,0.7916100019290123,0.7485677083333333
6,61,0.001178753562271595,0.0014208783395588398,-0.4348303219418467,-0.5448622981707255,0.7899389949845679,0.7756022135416667
6,62,0.001223976258188486,0.0014052566839382052,-0.5138692224467242,-0.5547598017586602,0.8001585407021605,0.7413302951388889
6,63,0.001185570377856493,0.0014579438138753176,-0.44361421149454,-0.6209674676259359,0.8038212528935185,0.7683865017361111
6,64,0.0011639164295047522,0.0014490678440779448,-0.41522315681716543,-0.6278663992881774,0.8135507089120371,0.7815755208333334
6,65,0.0011660420568659902,0.0014686321374028921,-0.4164531038131243,-0.6407491909133063,0.8146918402777777,0.7734483506944444
6,66,0.0011512819910421968,0.0014976628590375185,-0.39346085904557027,-0.6578704039255778,0.8187186535493827,0.7804470486111111
6,67,0.0011502736015245318,0.0014470628229901195,-0.3975883611926326,-0.6422256271044413,0.823585190007716,0.7868815104166667
6,68,0.0011461125686764717,0.001494811032898724,-0.38724951287846504,-0.7056539614995321,0.8272973331404321,0.7903700086805555
6,69,0.0011344121303409338,0.0014911035541445017,-0.375152442926242,-0.6586567322413127,0.8322175202546296,0.7845431857638889
6,70,0.001131079625338316,0.0015170135302469134,-0.37130508702478293,-0.6831141564581129,0.8343044704861111,0.7888454861111112
6,71,0.0011294630821794271,0.00148998131044209,-0.3693033656956237,-0.6623193264007569,0.8365300684799383,0.7945529513888889
6,72,0.0011268637608736753,0.0014913551276549697,-0.3656949115388187,-0.6734698785675897,0.8394169560185185,0.7995062934027778
6,73,0.0011312111746519804,0.0014820995274931192,-0.3694518889909909,-0.6598261965645684,0.8414086612654321,0.8024468315972222
6,74,0.0011221491731703281,0.0014620181173086166,-0.3565968604735386,-0.6437884052594502,0.8421585648148148,0.8050564236111111
6,75,0.0011203906033188105,0.001469502691179514,-0.35432815345717067,-0.666695221265157,0.8440700954861111,0.8020453559027778
6,76,0.0011202376335859299,0.0014496254734694958,-0.3523067233003216,-0.650402749909295,0.8447771990740741,0.8095540364583333
6,77,0.0011147379409521818,0.0014363090740516782,-0.34393395450380115,-0.6356295002831354,0.8468707802854938,0.8106770833333333
6,78,0.001111125573515892,0.0014374369056895375,-0.33714225115599455,-0.6330230434735616,0.8474096981095679,0.8122884114583333
6,79,0.0011107255704700947,0.0014365416718646884,-0.3374850426191165,-0.6272423161400689,0.8491783613040124,0.8151041666666666
6,80,0.0011091908672824502,0.0014315107837319374,-0.3359222878644496,-0.6254562629593743,0.8493718653549382,0.8170247395833333
6,81,0.0011067923624068499,0.0014321062481030822,-0.33178312719604114,-0.6315418759981791,0.8502007378472223,0.8174858940972223
6,82,0.0011041889665648341,0.0014307412784546614,-0.32849909920751313,-0.6299991965293884,0.8506251205632716,0.8165907118055555
7,1,0.46407413482666016,0.3819885849952698,-720.2730793894073,-608.5779849582249,0.27804603105709874,0.39688585069444443
7,2,0.3284430503845215,0.2743391692638397,-508.7703250366964,-436.4064522637261,0.4854299286265432,0.5620388454861112
7,3,0.23336517810821533,0.19146554172039032,-364.21533553512006,-304.4135976155599,0.5926812065972222,0.6074435763888889
7,4,0.16080695390701294,0.13093945384025574,-247.7546897323043,-208.06973927815756,0.6111539110725308,0.6080891927083333
7,5,0.10914446413516998,0.08944078534841537,-168.86606841852637,-141.978030734592,0.6084104938271605,0.6025661892361112
7,6,0.07498350739479065,0.0623144656419754,-115.34404848122303,-98.54948395623101,0.5998993296682099,0.5896375868055556
7,7,0.052334513515233994,0.043201446533203125,-80.33797678299892,-68.11924652523464,0.58642578125,0.5787868923611111
7,8,0.035975608974695206,0.03092206083238125,-55.22694017268993,-48.223701010810004,0.5774799864969136,0.5736056857638889
7,9,0.02534138411283493,0.021374627947807312,-38.37165754930473,-32.950664605034724,0.5684594425154321,0.5642957899305555
7,10,0.017955603078007698,0.01671513170003891,-26.848038488552895,-25.458647812737357,0.5594190055941358,0.5635036892361112
7,11,0.014627734199166298,0.01361135020852089,-21.875050127359085,-20.4810805744595,0.5569028501157407,0.56015625
7,12,0.012046076357364655,0.011380761861801147,-17.717613674093176,-17.227777671813964,0.556886574074074,0.5629069010416666
7,13,0.010217348113656044,0.009757298976182938,-14.736937059590845,-14.851802619298299,0.5605293933256172,0.5741373697916666
7,14,0.008684924803674221,0.008596374653279781,-12.3355691427066,-12.89883731206258,0.5596046730324075,0.5770670572916666
7,15,0.007633174769580364,0.007436496205627918,-10.734417872958714,-10.926527314715916,0.562011115933642,0.58818359375
7,16,0.00684129074215889,0.006649583578109741,-9.43665279959455,-9.751440387301974,0.5655864197530864,0.5820963541666667
7,17,0.006133553106337786,0.005696021020412445,-8.240173124383997,-8.343321583006118,0.5663116078317901,0.5858940972222222
7,18,0.005424387753009796,0.005321754142642021,-7.162397207154168,-7.667021041446262,0.5696017795138889,0.5886773003472222
7,19,0.0051787300035357475,0.004736606031656265,-6.84908451092096,-6.4836313035753035,0.5751669801311728,0.5912923177083333
7,20,0.004704676568508148,0.004438893403857946,-5.949750713360163,-5.890780809190538,0.5819848331404321,0.6165744357638889
7,21,0.004283553455024958,0.004150885157287121,-5.332680847321027,-5.450840507613288,0.5912031008873457,0.6574381510416667
7,22,0.004111164249479771,0.003545172279700637,-5.036450079635338,-4.475155517790053,0.6023708767361111,0.633447265625
7,23,0.0037478662561625242,0.0034589706920087337,-4.475955249350748,-4.40149773226844,0.608934944058642,0.6624348958333334
7,24,0.0035673100501298904,0.003213734831660986,-4.2485670416443435,-3.957375650935703,0.6193003713348766,0.6763292100694445
7,25,0.003409501165151596,0.0031222805846482515,-3.9812460313608615,-3.7019745959175956,0.6294741030092592,0.6924045138888889
7,26,0.003230904694646597,0.002924941712990403,-3.725540755118853,-3.3922076649136015,0.6373830536265432,0.6888129340277778
7,27,0.003006791463121772,0.002715063514187932,-3.294032593715338,-3.118946260876126,0.6428011670524691,0.6861328125
7,28,0.0028918376192450523,0.002585373353213072,-3.156507444381714,-2.793712361653646,0.6471703800154321,0.7034450954861111
7,29,0.0027375752106308937,0.002500936621800065,-2.9032225170253234,-2.7572306500540837,0.6535047743055555,0.7107204861111112
7,30,0.0026022582314908504,0.0024258093908429146,-2.7016602254208224,-2.4379198524687027,0.6623288001543209,0.6880967881944444
7,31,0.002467813901603222,0.0022163076791912317,-2.4895113315111326,-2.1858189662297565,0.6660186390817902,0.7162000868055556
7,32,0.00231243297457695,0.0020058234222233295,-2.226046340848193,-1.8372346374723647,0.6662018952546296,0.7200575086805555
7,33,0.0022980323992669582,0.001935583190061152,-2.2150036655826333,-1.771941680378384,0.6776674623842592,0.7093044704861111
7,34,0.002114535542204976,0.001980720553547144,-1.906042253529584,-1.7965068817138672,0.6832700376157408,0.7307020399305556
7,35,0.002022611675783992,0.0018090435769408941,-1.7758459323718223,-1.5984928237067328,0.6851833767361111,0.7465223524305555
7,36,0.001974353101104498,0.0019060997292399406,-1.690633746135382,-1.7014333420329624,0.6963475356867284,0.7402506510416667
7,37,0.0018659131601452827,0.0017267900984734297,-1.5036865185808252,-1.4491583360566034,0.6988576630015432,0.7459201388888889
7,38,0.0018228954868391156,0.0016944492235779762,-1.4418942196869555,-1.4252127594417996,0.7066749855324074,0.7501030815972223
7,39,0.001756257377564907,0.0015702147502452135,-1.3355731900827383,-1.2122729804780747,0.7118863329475309,0.7496039496527778
7,40,0.0017014301847666502,0.0015590502880513668,-1.2436201333999635,-1.1713613404168024,0.7191514756944445,0.7505588107638889
7,41,0.0016508207190781832,0.0014911096077412367,-1.162255275985341,-1.0682129051950242,0.7232964409722222,0.7572699652777778
7,42,0.0016009188257157803,0.0014817948685958982,-1.0927266300460439,-1.0385044601228501,0.7279097945601852,0.7699435763888889
7,43,0.001548839034512639,0.0014474043855443597,-1.0016786595921459,-0.99883633852005,0.7339861834490741,0.7616861979166667
7,44,0.001508817309513688,0.0014026833232492208,-0.9411083037470593,-0.9146184232499864,0.7360454041280864,0.76435546875
7,45,0.0014859824441373348,0.0013953789602965117,-0.9048578438935456,-0.8847387393315633,0.743701774691358,0.7742241753472222
7,46,0.0014611172955483198,0.0013752277009189129,-0.8697149028012782,-0.8521678884824117,0.7372902199074074,0.7800998263888889
7,47,0.0014205231564119458,0.0013819587184116244,-0.8040160441104277,-0.8548746519618564,0.7511586130401234,0.7709743923611111
7,48,0.0014069820754230022,0.0012969556264579296,-0.7789166346008395,-0.7128195802370707,0.756543571566358,0.7897677951388888
7,49,0.0013948888517916203,0.001279085990972817,-0.7620456636687856,-0.6757941153314379,0.7613462094907407,0.7884928385416666
7,50,0.0013306980254128575,0.0012782776029780507,-0.64831845201092,-0.6856996165381537,0.763378303433642,0.7885850694444444
7,51,0.0013436912558972836,0.0012759254314005375,-0.6771524061391383,-0.6843845592604743,0.7659836757330247,0.7757486979166667
7,52,0.0013331507798284292,0.0011975123779848218,-0.6622873263594545,-0.5555507871839735,0.7628858024691358,0.8066840277777778
7,53,0.0012881357688456774,0.001219300553202629,-0.5847262127899829,-0.5651486264334784,0.7772997444058642,0.8019151475694445
7,54,0.0012734337942674756,0.0012385083828121424,-0.5670404235521952,-0.644604602124956,0.7723198784722223,0.7826497395833333
7,55,0.0013243118301033974,0.001240357756614685,-0.6601115934642745,-0.6001959562301635,0.7770971981095679,0.7722764756944445
7,56,0.0013015540316700935,0.0011944725411012769,-0.6279280438835239,-0.5490077760484483,0.7809534143518518,0.8130642361111111
7,57,0.0012825210578739643,0.0012416281970217824,-0.5894097328186035,-0.612860361735026,0.7894266010802469,0.7984212239583334
7,58,0.0012617253232747316,0.0011841324158012867,-0.5528340979858681,-0.5224755896462334,0.7949128327546297,0.8189778645833333
7,59,0.001240208512172103,0.001176174497231841,-0.524063159359826,-0.4932648751470778,0.8025927131558642,0.8148871527777778
7,60,0.0012194541050121188,0.0011755999876186252,-0.49242572799141027,-0.4888364699151781,0.8056477864583333,0.8211534288194444
7,61,0.0012118786107748747,0.001160886138677597,-0.49216998477040985,-0.4692558884620667,0.8120093074845679,0.8204969618055555
7,62,0.0012039376888424158,0.0011427669087424874,-0.47767533211060514,-0.42569474114312067,0.8157256703317901,0.8308702256944445
7,63,0.0012055898550897837,0.0011248148512095213,-0.47980184260709785,-0.40058343013127645,0.8193684895833333,0.8327473958333333
7,64,0.0011805703397840261,0.0011645451886579394,-0.4399017175038656,-0.4692124366760254,0.8170560860339506,0.8473958333333333
7,65,0.0011948475148528814,0.0011582932202145457,-0.4540586802694533,-0.4664029796918233,0.8249397183641975,0.8128743489583333
7,66,0.0011621827725321054,0.001149464980699122,-0.4082186572345686,-0.4636926213900248,0.8244460117669753,0.8239474826388888
7,67,0.0011679553426802158,0.001145144458860159,-0.42149420697012063,-0.4528397003809611,0.8257438753858025,0.8466851128472223
7,68,0.0011663826880976558,0.0011299301404505968,-0.4102750399966299,-0.4212845762570699,0.8320656105324075,0.8438639322916667
7,69,0.0011634525144472718,0.0011568584013730288,-0.39903876943352784,-0.4650385724173652,0.8364432629243828,0.8398383246527777
7,70,0.0011587130138650537,0.0011385460384190083,-0.3927477752720868,-0.42518608040279815,0.8387960551697531,0.8400227864583333
7,71,0.0011395059991627932,0.0011293264105916023,-0.3762421744841116,-0.3991175029012892,0.8423647280092592,0.8500922309027777
7,72,0.0011511757038533688,0.0011371065629646182,-0.38564601592075676,-0.4240507788128323,0.8436360677083333,0.8486273871527777
7,73,0.0011388903949409723,0.0011357921175658703,-0.36788094617702344,-0.4239885701073541,0.8477328076774692,0.8553765190972222
7,74,0.001139270607382059,0.0011251287069171667,-0.3713741186224384,-0.4007533431053162,0.8519410686728395,0.8569281684027777
7,75,0.0011286132503300905,0.0011410543229430914,-0.35787363714641995,-0.4246453841527303,0.8512586805555555,0.8641818576388889
7,76,0.0011288512032479048,0.001137181418016553,-0.3561915466814865,-0.41708652443355987,0.8551245418595679,0.8628092447916667
7,77,0.0011269990354776382,0.0011319078039377928,-0.35435574849446616,-0.40288732979032726,0.8558714313271605,0.8650770399305555
7,78,0.0011245203204452991,0.0011350911809131503,-0.35087277315281057,-0.4094471904966566,0.8580638744212963,0.8629665798611111
7,79,0.001118381624110043,0.0011323015205562115,-0.3412980459354542,-0.4092700203259786,0.8593906732253086,0.8652560763888889
7,80,0.0011161722941324115,0.0011351268040016294,-0.33658922954841897,-0.41323012113571167,0.8599989149305556,0.8659288194444444
7,81,0.0011135900858789682,0.001134594902396202,-0.33290317249886786,-0.4130584756533305,0.8614523051697531,0.8677788628472223
7,82,0.0011154707754030824,0.0011344242375344038,-0.3354978367134377,-0.4100228468577067,0.8621407214506173,0.8677517361111111
7,83,0.0011120873969048262,0.001135889790020883,-0.3297869705859526,-0.4119094901614719,0.8626766251929012,0.8694227430555556
8,1,0.4636905789375305,0.3813316524028778,-719.2743453602732,-644.9923929850261,0.272607421875,0.4014214409722222
8,2,0.32681113481521606,0.268985778093338,-505.9639299274963,-455.2493082682292,0.49350284529320987,0.5730523003472222
8,3,0.2261161208152771,0.18111726641654968,-349.39099148408866,-305.2861543443468,0.6045868296682099,0.6262315538194444
8,4,0.14927811920642853,0.11626453697681427,-228.79330425497926,-195.77229504055447,0.6272014853395061,0.6257595486111112
8,5,0.09444117546081543,0.073309987783432,-145.48684310913086,-123.07230004204644,0.6263943142361111,0.6258409288194444
8,6,0.059855103492736816,0.04677276313304901,-91.57513776708532,-78.27622812059191,0.6215012538580247,0.6208279079861111
8,7,0.039271898567676544,0.031921107321977615,-59.7487901499242,-52.893798679775664,0.6157992139274692,0.6161187065972222
8,8,0.027997564524412155,0.023529578000307083,-42.26877629197674,-38.643393495347766,0.6043179735725308,0.609619140625
8,9,0.02114950492978096,0.018006058409810066,-31.60124482990783,-29.30868337419298,0.6011037567515433,0.5959147135416667
8,10,0.01640675589442253,0.014184074476361275,-24.134989646040363,-22.764874203999838,0.5946843653549383,0.5925889756944445
8,11,0.013080389238893986,0.011202394962310791,-19.022154646155276,-17.80479080412123,0.587989486882716,0.5862847222222223
8,12,0.010479887947440147,0.009040096774697304,-14.983114443884956,-14.081198236677382,0.5836594569830247,0.5769314236111112
8,13,0.0086574237793684,0.007558230776339769,-12.132739596896702,-11.540307802624172,0.5805465133101851,0.5799099392361111
8,14,0.007341689430177212,0.006486949510872364,-10.065220360402707,-9.617511394288805,0.578418571566358,0.5773166232638889
8,15,0.006480283569544554,0.005658179987221956,-8.756399157017837,-8.233653868569268,0.5777452256944444,0.5684678819444444
8,16,0.005708163604140282,0.004974161274731159,-7.520683660919284,-7.139105870988634,0.5767324942129629,0.5696072048611112
8,17,0.005152999889105558,0.004581368062645197,-6.695799934128185,-6.492085366778904,0.5769911024305555,0.5851182725694445
8,18,0.004699171520769596,0.004127927590161562,-5.9440785755345855,-5.67764548725552,0.5876121238425925,0.5622667100694444
8,19,0.004201877862215042,0.0038043304812163115,-5.174203221297558,-5.208306047651503,0.5813331886574075,0.57763671875
8,20,0.003993379417806864,0.003424583002924919,-4.844616273597435,-4.51396987968021,0.5882963204089506,0.5780978732638888
8,21,0.003665337571874261,0.0032277721911668777,-4.312104241347607,-4.184439836608039,0.5871545862268519,0.5769639756944445
8,22,0.0034780814312398434,0.0030623385682702065,-4.02934685577581,-3.8583198441399467,0.5938024450231482,0.5830457899305556
8,23,0.0032848166301846504,0.0029167775064706802,-3.6829929169313407,-3.646320546997918,0.5989203559027778,0.586865234375
8,24,0.0031583302188664675,0.0027611490804702044,-3.4661431418524846,-3.3008402903874714,0.6024968653549383,0.5936469184027777
8,25,0.0030174581333994865,0.0026144280564039946,-3.2515518765390654,-3.1181641817092896,0.6077926070601852,0.599755859375
8,26,0.002851344645023346,0.0025311193894594908,-2.997579425352591,-2.92239850891961,0.6120243778935185,0.6037055121527778
8,27,0.002748857019469142,0.00240988377481699,-2.8630565451987,-2.800367082489861,0.6167088638117284,0.5986219618055556
8,28,0.0025956109166145325,0.0022370992228388786,-2.596353683353942,-2.47111013730367,0.6171814718364198,0.6114854600694445
8,29,0.002496137050911784,0.002281729131937027,-2.4627560591992035,-2.4876065227720474,0.6217110339506173,0.6158637152777777
8,30,0.0024599763564765453,0.002074209973216057,-2.375263196156349,-2.1280930757522585,0.6279122058256172,0.6216742621527778
8,31,0.0023925728164613247,0.0020563944708555937,-2.288000640751403,-2.0543445348739624,0.6356324749228395,0.6238715277777778
8,32,0.0023202637676149607,0.0019185980781912804,-2.173162912439417,-1.8448293765385946,0.6394410686728395,0.6331163194444445
8,33,0.002191973151639104,0.001988209318369627,-1.9726054344648196,-1.9240068541632758,0.6443787374614197,0.6358127170138889
8,34,0.002188231563195586,0.0018686349503695965,-1.9692417886522082,-1.7395111825731067,0.6505907600308642,0.6400607638888889
8,35,0.0020988923497498035,0.0017186226323246956,-1.8485626049983648,-1.5297120465172662,0.6575267650462963,0.6469455295138888
8,36,0.0020281358156353235,0.0018134549027308822,-1.7420694068626121,-1.644284889433119,0.6593924816743827,0.6454210069444445
8,37,0.001976967556402087,0.0018039527349174023,-1.6525140279605064,-1.697211300002204,0.6642837336033951,0.6458930121527777
8,38,0.001954601379111409,0.001880370662547648,-1.6348914920547861,-1.8391653643714057,0.6696753231095679,0.6520887586805556
8,39,0.0019763223826885223,0.001678932225331664,-1.6362570229871773,-1.5087908612357246,0.6742711950231481,0.6715549045138889
8,40,0.001849668100476265,0.0016877311281859875,-1.4906590697206097,-1.5351431714163886,0.6788188416280864,0.6768391927083334
8,41,0.001821332611143589,0.0015690618893131614,-1.4040487386562206,-1.30588747660319,0.682958984375,0.6736056857638889
8,42,0.001784113934263587,0.0015751270111650229,-1.359255509906345,-1.292313822110494,0.693114631558642,0.6755750868055556
8,43,0.0017138943076133728,0.0015369632747024298,-1.2675123041058765,-1.3187725994322035,0.6990282600308642,0.6820909288194444
8,44,0.001721722073853016,0.001535095740109682,-1.2681978614241989,-1.317877589331733,0.7019091194058642,0.703076171875
8,45,0.0016875971341505647,0.0015066561754792929,-1.2346708611205772,-1.2792284859551324,0.7112153983410494,0.6990993923611111
8,46,0.0016838558949530125,0.0014767900574952364,-1.240639035790055,-1.2332282145818074,0.722339168595679,0.7013292100694445
8,47,0.001604895107448101,0.0014720945619046688,-1.1009709539236845,-1.2343833592202929,0.7268639081790124,0.718359375
8,48,0.0016015167348086834,0.001401826972141862,-1.1021870136260987,-1.0611101905504863,0.735032672646605,0.71005859375
8,49,0.0015329131856560707,0.0014181294245645404,-0.9691932017420545,-1.1399410022629632,0.7385091145833333,0.7206868489583333
8,50,0.001543382415547967,0.0013422779738903046,-0.9992084205886465,-0.9739670369360182,0.7468147183641975,0.7180555555555556
8,51,0.0015347220469266176,0.0014100754633545876,-1.0101520703162676,-1.1625130454699197,0.7542173032407408,0.7256618923611111
8,52,0.0014881977112963796,0.0013774853432551026,-0.9218862214206177,-1.077365877893236,0.7601098331404321,0.7321343315972222
8,53,0.0014529696200042963,0.001342614647001028,-0.8731929864412472,-1.0103311313523187,0.7637616946373457,0.7266330295138889
8,54,0.0014289014507085085,0.0013462947681546211,-0.8183210291980225,-0.9625029775831434,0.7646291473765432,0.7256727430555555
8,55,0.0014137127436697483,0.001291926484555006,-0.815799136367845,-0.848500136534373,0.7718936873070987,0.7380750868055556
8,56,0.0014382736990228295,0.0012785091530531645,-0.8426151653866709,-0.860102305147383,0.7745135271990741,0.7373101128472223
8,57,0.001371926860883832,0.0012530805543065071,-0.7416518851562782,-0.7648171186447144,0.7811354648919753,0.7458767361111112
8,58,0.001347487443126738,0.001262738718651235,-0.7017601953612433,-0.7706019096904331,0.7828950858410494,0.7406195746527777
8,59,0.0013310906942933798,0.001263139769434929,-0.6829513555691566,-0.7616767048835754,0.7879261911651234,0.7481553819444444
8,60,0.001320976298302412,0.0013286249013617635,-0.6677135410132231,-0.8755564292271932,0.7970871913580246,0.7585557725694444
8,61,0.0012908508069813251,0.001235872390680015,-0.6234295553631253,-0.7343632949723138,0.7946958188657407,0.7645128038194444
8,62,0.0013002976775169373,0.0012442180886864662,-0.6463102476096447,-0.7521580325232612,0.8031659915123457,0.7580891927083333
8,63,0.0012787197483703494,0.0012245059479027987,-0.6017245092509705,-0.6271062692006429,0.8061662085262346,0.7643717447916667
8,64,0.0012628247495740652,0.0012516668066382408,-0.5790295702439767,-0.721827589140998,0.8148744936342592,0.7653157552083333
8,65,0.0012400984996929765,0.001257617142982781,-0.5427530940668083,-0.753039707077874,0.8180573640046296,0.7718315972222223
8,66,0.0012538499431684613,0.0012302488321438432,-0.5561318323935991,-0.7055758926603529,0.8229239004629629,0.7782986111111111
8,67,0.0012145889922976494,0.00124452356249094,-0.495351047280394,-0.7372174859046936,0.8246539834104938,0.7890245225694444
8,68,0.0012122532352805138,0.0012209138367325068,-0.4939223894366512,-0.6860505991511875,0.8284589602623457,0.8001627604166667
8,69,0.0011898786760866642,0.001250861445441842,-0.44899399280548097,-0.749972058667077,0.8296465084876543,0.7803059895833333
8,70,0.0012086824281141162,0.0012025389587506652,-0.48247596511134394,-0.649626878897349,0.8352967062114197,0.7866319444444444
8,71,0.0012040764559060335,0.001283611636608839,-0.48702554217091315,-0.8114919755193922,0.837231746720679,0.7977918836805555
8,72,0.0011765388771891594,0.0011731534032151103,-0.4300900812502261,-0.5394792583253648,0.8282256703317902,0.7578287760416667
8,73,0.0011295501608401537,0.001152483862824738,-0.3575099640422397,-0.5581753267182245,0.7906177662037037,0.7693033854166667
8,74,0.0011096501257270575,0.001119869528338313,-0.3264399035477344,-0.4666747556792365,0.8108760127314815,0.7653971354166667
8,75,0.001129377749748528,0.0011510319309309125,-0.35237557328777547,-0.5456036620669895,0.8143675250771605,0.7765842013888888
8,76,0.0011551374336704612,0.0012070965021848679,-0.39822679081080875,-0.6438363830248515,0.8293619791666667,0.7853081597222222
8,77,0.0011718663154169917,0.001179958344437182,-0.4284624283696398,-0.5799380421638489,0.8302143614969136,0.7885362413194444
8,78,0.0011628963984549046,0.0011871668975800276,-0.41187829044130114,-0.5403527816136678,0.8372004002700617,0.7985622829861111
8,79,0.0011644902406260371,0.001199672813527286,-0.4040001424742334,-0.6141518010033502,0.8408516589506173,0.7921061197916667
8,80,0.0011669634841382504,0.0012492705136537552,-0.42325080044475605,-0.7568998336791992,0.8472680362654321,0.8072699652777777
8,81,0.0011720871552824974,0.0011873104376718402,-0.426882380615046,-0.6471156623628405,0.8489963107638889,0.81982421875
8,82,0.0011575554963201284,0.001216712174937129,-0.4068593593291294,-0.6620748347706265,0.8551589023919753,0.8150933159722222
8,83,0.0011562083382159472,0.001204566564410925,-0.4108120244226338,-0.6476517677307129,0.8557665412808642,0.8184027777777778
8,84,0.001147725386545062,0.0012050464283674955,-0.3964305470019211,-0.6494453271230062,0.8591447241512346,0.8227267795138888
8,85,0.0011560730636119843,0.0012285286793485284,-0.4108756601074596,-0.6946034696367052,0.8609278549382716,0.8241753472222222
8,86,0.001150361611507833,0.001224756008014083,-0.4028156926602493,-0.6773612366782295,0.861742862654321,0.8250054253472222
8,87,0.0011482532136142254,0.001227451954036951,-0.39809671228314625,-0.6811020281579759,0.8636248553240741,0.8264539930555556
8,88,0.0011542810825631022,0.0012238030321896076,-0.40834130431398935,-0.6691033919652303,0.864817828896605,0.8273383246527778
8,89,0.001147011062130332,0.0012280655791983008,-0.39922254056106377,-0.6852461258570354,0.8659330391589506,0.8290852864583333
8,90,0.0011405183468014002,0.0012341903056949377,-0.38707983199461005,-0.6984868817859226,0.8665189766589506,0.8302517361111111
8,91,0.001139473752118647,0.001227236702106893,-0.3851252962041784,-0.6859118156962924,0.8678439670138889,0.8317708333333333
8,92,0.0011388808488845825,0.0012322536204010248,-0.386044282236217,-0.6969230386945936,0.8686119550540123,0.8324327256944445
8,93,0.0011390409199520946,0.0012249031569808722,-0.38730851426536655,-0.683715550104777,0.8689567660108025,0.8332573784722223
8,94,0.0011357588227838278,0.0012397528626024723,-0.38288658695456423,-0.7093796769777934,0.870042438271605,0.8344835069444444
9,1,0.47760558128356934,0.39329037070274353,-739.6554539998373,-670.1800099690755,0.2723373601466049,0.3956759982638889
9,2,0.3374953866004944,0.2779891788959503,-522.0380911367911,-473.76976504855685,0.4985568576388889,0.5905978732638889
9,3,0.23272714018821716,0.18475641310214996,-359.16399793271665,-314.7633243136936,0.6207802854938271,0.6349717881944444
9,4,0.14890724420547485,0.11199227720499039,-229.66194280930506,-190.1616315205892,0.6373740113811729,0.634033203125
9,5,0.08784698694944382,0.06683501601219177,-135.9098095505326,-112.99484969245063,0.6274836033950617,0.6147135416666667
9,6,0.05582047998905182,0.04513822868466377,-85.11002673631833,-75.90094735887315,0.6069993007330247,0.5950900607638889
9,7,0.03863959386944771,0.03213364630937576,-58.88656548394097,-53.695647430419925,0.5892656491126543,0.5770670572916666
9,8,0.028027081862092018,0.023810671642422676,-42.249830529719226,-39.486550161573625,0.5674159673996914,0.5563259548611111
9,9,0.021175093948841095,0.01835133135318756,-31.847774097065866,-30.152050071292454,0.55107421875,0.5412380642361111
9,10,0.016481874510645866,0.014629054814577103,-24.507692610187295,-23.786486223008897,0.5345817660108024,0.5242078993055556
9,11,0.013281958177685738,0.011946912854909897,-19.555572354352034,-19.14447548124525,0.519115909529321,0.5076985677083333
9,12,0.01101481169462204,0.009758137166500092,-16.018118469803422,-15.387188127305773,0.5043131510416666,0.4956000434027778
9,13,0.00931758526712656,0.00838366150856018,-13.404403727142899,-13.115640507804024,0.49241054205246915,0.4849175347222222
9,14,0.008025290444493294,0.007030901033431292,-11.370719450491446,-10.76203081872728,0.4826810860339506,0.4742404513888889
9,15,0.006955237127840519,0.006291317753493786,-9.724174917774436,-9.484858873155382,0.4739872685185185,0.467822265625
9,16,0.006247848272323608,0.005706397350877523,-8.601509612577933,-8.460003911124335,0.46664436246141977,0.46100260416666666
9,17,0.0057425545528531075,0.005132904276251793,-7.815262191678271,-7.543275345696343,0.4618604118441358,0.4563802083333333
9,18,0.005240218713879585,0.004769348539412022,-7.017353331306834,-6.865651435322231,0.4587866512345679,0.4553168402777778
9,19,0.0048818523064255714,0.004236204549670219,-6.454410889707965,-5.886772622002495,0.4586250964506173,0.45173068576388886
9,20,0.004445572383701801,0.004365664441138506,-5.78524170746038,-6.260584741168552,0.45725489486882714,0.45706380208333336
9,21,0.004334858153015375,0.003943129908293486,-5.529313353550287,-5.253707504272461,0.4586715133101852,0.45734049479166666
9,22,0.003964369185268879,0.003846796229481697,-4.944364400851874,-5.273582612143622,0.46093086902006175,0.4609103732638889
9,23,0.00381655665114522,0.003447392489761114,-4.661781125892827,-4.390269067552355,0.4639359085648148,0.46390516493055556
9,24,0.0036594299599528313,0.0032816301099956036,-4.431465700526297,-4.162330887052748,0.46817672164351853,0.46391059027777776
9,25,0.003434770042076707,0.003381583373993635,-4.072086812243049,-4.502897426817152,0.47185390142746914,0.47628038194444444
9,26,0.0033296290785074234,0.0029556709341704845,-3.892615046913241,-3.795855681101481,0.47846016589506174,0.4767306857638889
9,27,0.0031757275573909283,0.0027941472362726927,-3.6770030004006844,-3.4644525951809353,0.4844117717978395,0.4786512586805556
9,28,0.00299115851521492,0.002811301266774535,-3.3705942071514365,-3.482663067181905,0.48953751929012346,0.4917805989583333
9,29,0.002965366467833519,0.002615101169794798,-3.3786296402966536,-3.1231224483913844,0.4972186053240741,0.4935329861111111
9,30,0.002812371589243412,0.0025838331785053015,-3.066833798090617,-3.0590412775675455,0.5037742332175926,0.5038248697916666
9,31,0.0027520260773599148,0.0024439466651529074,-2.95012096563975,-2.821004417207506,0.5114209587191358,0.5102213541666667
9,32,0.002541427966207266,0.002327971626073122,-2.617554188363346,-2.6312359094619753,0.5189724392361111,0.5226399739583333
9,33,0.0025532215368002653,0.002134858164936304,-2.6461436592502356,-2.2832351446151735,0.52939453125,0.5251627604166667
9,34,0.0024606832303106785,0.002051252406090498,-2.4961496185373377,-2.1227568652894764,0.5380943769290123,0.5332302517361112
9,35,0.0023232554085552692,0.002072324976325035,-2.2895278606885747,-2.208633128801982,0.5479558497299383,0.551513671875
9,36,0.002316666767001152,0.0019679490942507982,-2.2998233515539286,-2.032185493575202,0.5604094328703704,0.56064453125
9,37,0.0022186599671840668,0.0018590684048831463,-2.111797989150624,-1.7552845027711657,0.5711528260030864,0.5667643229166667
9,38,0.002132283989340067,0.0018566029611974955,-1.9931961483425564,-1.7099274926715426,0.581640625,0.5784613715277778
9,39,0.0021123175974935293,0.0017954581417143345,-1.955874737692468,-1.7126488659116956,0.5949634693287037,0.5921440972222223
9,40,0.0020498428493738174,0.0018098114524036646,-1.8734030889876094,-1.7715838935640122,0.6055941358024691,0.605517578125
9,41,0.0019719265401363373,0.0017794796731323004,-1.7504729593241657,-1.7306666466924878,0.6178198543595679,0.6207573784722222
9,42,0.0019255148945376277,0.0017096198862418532,-1.6691578224853234,-1.594376834233602,0.6313832224151235,0.6270887586805556
9,43,0.0019388035871088505,0.0018250690773129463,-1.709691208233068,-1.8647112051645915,0.6445963541666667,0.6465494791666667
9,44,0.0018636928871273994,0.001710380893200636,-1.6371623388043157,-1.6057737151781717,0.6570421006944445,0.6583658854166666
9,45,0.001876282854937017,0.0015575180295854807,-1.6220818397439556,-1.2889244092835321,0.6717212818287037,0.6498426649305555
9,46,0.001817978103645146,0.0015954298432916403,-1.498130574344117,-1.4893154912524753,0.6855010609567901,0.6807942708333333
9,47,0.001683791633695364,0.0014707553200423717,-1.296592147703524,-1.0824570351176792,0.6975561824845679,0.6780707465277778
9,48,0.0016255544032901525,0.0014811602886766195,-1.196524539553089,-1.1251999378204345,0.7045265480324074,0.6865180121527777
9,49,0.0015911147929728031,0.001464182510972023,-1.1431470391191083,-1.106921947002411,0.7199574411651235,0.6883843315972222
9,50,0.001568517880514264,0.0013954313471913338,-1.1166890284161508,-0.9317592038048639,0.7204885223765433,0.7067274305555555
9,51,0.0015177868772298098,0.001456134021282196,-1.0155077027685848,-1.0769895527097915,0.7407407407407407,0.7257107204861111
9,52,0.0015491194790229201,0.0014169977512210608,-1.0717618731804837,-1.0142752091089884,0.7530122733410494,0.7279730902777778
9,53,0.0014736971352249384,0.0013690418563783169,-0.9334821194778254,-0.9268378098805745,0.758616657021605,0.7338704427083333
9,54,0.0014292020350694656,0.0013739580754190683,-0.8693578908472885,-0.9044255495071412,0.7648805217978395,0.7357313368055556
9,55,0.001425661612302065,0.0013306490145623684,-0.8843745465631838,-0.7977941354115804,0.7701636043595679,0.7484917534722222
9,56,0.0014079129323363304,0.0013165647396817803,-0.8558319065305922,-0.7988734602928161,0.7785276813271605,0.7498209635416667
9,57,0.0013730383943766356,0.0012951088137924671,-0.790167518162433,-0.7387344479560852,0.781934196566358,0.7547417534722223
9,58,0.0013547660782933235,0.0012610091362148523,-0.7569007284847307,-0.672486174106598,0.7890432098765432,0.7650336371527777
9,59,0.0013292725197970867,0.001279920805245638,-0.7156658094606282,-0.7158011462953355,0.7941189236111111,0.7858289930555555
9,60,0.0012943301117047668,0.0012313001789152622,-0.6633515041551472,-0.6144697136349149,0.7945583767361111,0.7609700520833333
9,61,0.0012788388412445784,0.0012393451761454344,-0.6413097144644937,-0.6375366806983948,0.797581500771605,0.7902452256944444
9,62,0.001255630049854517,0.0012208722764626145,-0.6026657048566841,-0.6111967616611057,0.804441550925926,0.7885199652777778
9,63,0.001255557406693697,0.0012001562863588333,-0.5949790488054723,-0.5918082608116998,0.8066810136959877,0.7990559895833333
9,64,0.0012542002368718386,0.0012028513010591269,-0.5994663194373802,-0.5626250147819519,0.8127284673996914,0.7880913628472223
9,65,0.0012370833428576589,0.0011892199981957674,-0.5754177081732103,-0.5477884107165867,0.815746768904321,0.8007161458333333
9,66,0.0012209586566314101,0.0012347284937277436,-0.5489687068962756,-0.6083272695541382,0.8178867669753086,0.8074869791666667
9,67,0.0012192664435133338,0.0011792882578447461,-0.5463528743496647,-0.5221301767561171,0.8214156539351852,0.8100314670138888
9,68,0.00122367893345654,0.00116060976870358,-0.5520217723316616,-0.4794112417432997,0.8264437451774691,0.8129991319444444
9,69,0.001198047073557973,0.0011498682433739305,-0.5130002698780578,-0.43102687862184313,0.8280894338348765,0.797216796875
9,70,0.001198584446683526,0.0011515874648466706,-0.5150891638096468,-0.425991333855523,0.8314073350694444,0.8100043402777778
9,71,0.001189770526252687,0.0011525831650942564,-0.49900070266959107,-0.43962169223361547,0.8327311197916667,0.8098524305555556
9,72,0.0011871869210153818,0.0011801738291978836,-0.49744040333194495,-0.48257331450780233,0.8339120370370371,0.8104654947916666
9,73,0.001180225401185453,0.0011787533294409513,-0.48152724357298865,-0.49589057366053263,0.8369683159722222,0.8251410590277778
9,74,0.0011937597300857306,0.0012250281870365143,-0.5122105262897633,-0.5406667391459147,0.829566333912037,0.8246527777777778
9,75,0.001162916887551546,0.0011331422720104456,-0.45819842182559734,-0.4276813613043891,0.8371461467978395,0.8109646267361111
9,76,0.0011332272551953793,0.0011435102205723524,-0.3968221348008992,-0.42960003614425657,0.8345124421296296,0.8323893229166667
9,77,0.0011480110697448254,0.0011659902520477772,-0.4325591731954504,-0.4767890320883857,0.8363498263888889,0.8238172743055555
9,78,0.0011712703853845596,0.0011542688589543104,-0.4678286849716563,-0.4208664549721612,0.8433967496141975,0.8160101996527778
9,79,0.001135034253820777,0.0011546211317181587,-0.4178659275726036,-0.42557930813895334,0.8467230902777778,0.8232747395833333
9,80,0.0011396089103072882,0.001154693542048335,-0.4147909002539552,-0.43725384076436363,0.8520477671682098,0.8252658420138889
9,81,0.0011379115749150515,0.001136425300501287,-0.4185666619995494,-0.392211823993259,0.8562041859567902,0.8304796006944445
9,82,0.0011382948141545057,0.001148182898759842,-0.41889440306910763,-0.410190831290351,0.8580910011574074,0.8374186197916667
9,83,0.0011338561307638884,0.0011425823904573917,-0.4111477352954723,-0.40202034844292533,0.8620810426311728,0.8373046875
9,84,0.00113013107329607,0.001158250030130148,-0.40420341668305576,-0.43638825681474475,0.8646876205632716,0.8445583767361111
9,85,0.0011282056802883744,0.0011489165481179953,-0.40203279477578624,-0.41452939907709757,0.8655653211805555,0.8440266927083333
9,86,0.001128150150179863,0.0011566232424229383,-0.4025158403832235,-0.4303152547942268,0.8671296296296296,0.8444932725694444
9,87,0.0011289319954812527,0.0011544328881427646,-0.4028938986636974,-0.4253338959481981,0.8684377411265433,0.845703125
9,88,0.0011221752502024174,0.0011486809235066175,-0.39203481438719195,-0.42222537067201404,0.8698278356481481,0.8481608072916667
9,89,0.0011193896643817425,0.0011558166006579995,-0.38888146215014985,-0.4304549203978644,0.8705536265432099,0.8495062934027777
9,90,0.0011135193053632975,0.0011532865464687347,-0.38000685668285983,-0.42624152368969387,0.8716591917438271,0.8498209635416667
9,91,0.0011126408353447914,0.0011540480190888047,-0.37852852197340975,-0.4305698249075148,0.8728232301311728,0.8496310763888889
9,92,0.0011075169313699007,0.0011548805050551891,-0.3715288045965595,-0.43451690011554295,0.8734242380401235,0.8527723524305556
9,93,0.0011082766577601433,0.0011540937703102827,-0.37235455807344414,-0.43044334914949206,0.8743103780864198,0.853466796875
9,94,0.0011067608138546348,0.001154890051111579,-0.37080446643593873,-0.4329770525296529,0.8746292679398148,0.8526638454861111
9,95,0.0011061634868383408,0.001154772355221212,-0.36970469701437303,-0.43367894755469427,0.8752561969521605,0.8551215277777777
10,1,0.4714820384979248,0.3863880932331085,-737.0554296046128,-581.2685509575738,0.2738257137345679,0.39665798611111114
10,2,0.3297450840473175,0.2714424729347229,-516.2285217567727,-408.15870598687064,0.4938910590277778,0.5725260416666667
10,3,0.22887413203716278,0.18433216214179993,-357.2965892085323,-276.68960723876955,0.5940291039737654,0.6039876302083333
10,4,0.15092995762825012,0.1164090558886528,-235.87891576790514,-174.44229117499458,0.6052547501929012,0.6026909722222222
10,5,0.09643193334341049,0.07696691900491714,-149.81078220414526,-114.95678236219618,0.5964433834876544,0.5867133246527778
10,6,0.0648171603679657,0.05285792797803879,-100.82517966753171,-78.65391099717883,0.5799738377700617,0.5690483940972222
10,7,0.04530038684606552,0.037506893277168274,-70.26369717680377,-55.494790352715384,0.563451244212963,0.5540635850694444
10,8,0.03269115835428238,0.027477748692035675,-50.31612673629949,-40.36742066277398,0.5487383053626543,0.5391818576388889
10,9,0.023758815601468086,0.019341792911291122,-35.998515637715656,-28.142051060994465,0.5330602575231481,0.5239529079861112
10,10,0.017152730375528336,0.01442689634859562,-25.733232610608326,-20.68891100353665,0.5185926649305556,0.5094075520833333
10,11,0.013184409588575363,0.011603515595197678,-19.593958076429956,-16.454866525861952,0.5048526716820988,0.4964518229166667
10,12,0.010835081338882446,0.009737644344568253,-15.88829236737004,-13.5976362546285,0.49221281828703706,0.4838921440972222
10,13,0.009310368448495865,0.008400645107030869,-13.476110257042778,-11.615520530276829,0.4808322482638889,0.4733832465277778
10,14,0.00820915400981903,0.007336972281336784,-11.810665816142235,-9.946447801589965,0.4721209490740741,0.46632486979166665
10,15,0.007204798981547356,0.0065260762348771095,-10.274756297064416,-8.795784600575765,0.46507161458333335,0.4604546440972222
10,16,0.006521681323647499,0.005885397084057331,-9.21655493106371,-7.745819595124987,0.46044499903549385,0.456201171875
10,17,0.005964155774563551,0.0051772925071418285,-8.214145377830222,-6.6989291244082985,0.4572898582175926,0.4526421440972222
10,18,0.005360425915569067,0.004915633238852024,-7.317430465015364,-6.2280596362219915,0.45460069444444445,0.45234375
10,19,0.005035830661654472,0.004323429893702269,-6.833289844901474,-5.419561794069078,0.45374288676697533,0.44920789930555555
10,20,0.004680261947214603,0.004145270213484764,-6.226818475899873,-5.198120000627306,0.453246166087963,0.4512912326388889
10,21,0.004296223632991314,0.003807295812293887,-5.560256595376097,-4.603481621212429,0.45292607060185186,0.4517957899305556
10,22,0.004049903247505426,0.003605559468269348,-5.14769513077206,-4.228902843263414,0.45438428337191356,0.4503309461805556
10,23,0.003794977907091379,0.0032952241599559784,-4.708689198081876,-3.7762325048446654,0.45523063753858023,0.4518825954861111
10,24,0.0036078193224966526,0.0030595618300139904,-4.460001104849356,-3.4343348847495183,0.45681785300925926,0.45572374131944443
10,25,0.0033980170264840126,0.0030057611875236034,-4.085299044185215,-3.377949849764506,0.45970775462962965,0.4581217447916667
10,26,0.0032576946541666985,0.002938746940344572,-3.8117013224848995,-3.3307569132910833,0.4643530574845679,0.46587999131944446
10,27,0.0031000098679214716,0.0025652379263192415,-3.580975474840329,-2.739587002330356,0.4682273582175926,0.46370985243055557
10,28,0.0029815579764544964,0.002568282652646303,-3.3891270181279123,-2.7420496066411335,0.47224090952932096,0.47275390625
10,29,0.002811670070514083,0.002408157102763653,-3.0809544795825157,-2.5304765039020114,0.47702486014660495,0.4758517795138889
10,30,0.002726917155086994,0.002331135794520378,-2.9568177708873042,-2.4159430185953776,0.48278296199845677,0.48015950520833334
10,31,0.0026717050932347775,0.0023964731954038143,-2.8650391431502356,-2.6726433409584893,0.48957971643518516,0.48795030381944443
10,32,0.0025740007404237986,0.002156606875360012,-2.6866452826393976,-2.0100741889741687,0.49944118923611114,0.49091796875
10,33,0.002589767798781395,0.0021003554575145245,-2.7674623318660405,-1.8876191139221192,0.5157594280478395,0.5143174913194445
10,34,0.0024269134737551212,0.002217746339738369,-2.43638387521108,-2.074152504073249,0.5317412953317902,0.5428385416666667
10,35,0.0024043696466833353,0.0018310572486370802,-2.4501296720387025,-1.4946831888622707,0.5463915412808642,0.52265625
10,36,0.0022627185098826885,0.0020092155318707228,-2.22520799048153,-1.6238609260982937,0.5637960551697531,0.556005859375
10,37,0.0021645647939294577,0.0019283544970676303,-2.0679210386158506,-1.576334449979994,0.5712191358024692,0.5674913194444444
10,38,0.002154142130166292,0.001755324425175786,-2.0722141825122598,-1.2417796770731608,0.59541015625,0.560791015625
10,39,0.0020045980345457792,0.0016405219212174416,-1.8393847514081885,-1.1300874869028728,0.6069209346064814,0.5764431423611112
10,40,0.0019730613566935062,0.0016623360570520163,-1.786706586531651,-1.1440891716215345,0.6291793258101852,0.5637641059027778
10,41,0.0018530194647610188,0.0016325111500918865,-1.5781573241139635,-1.1159058094024659,0.6248836564429012,0.5984375
10,42,0.0018169661052525043,0.0015791840851306915,-1.4995661975424968,-1.044444113307529,0.6480547116126543,0.6223524305555556
10,43,0.0017321242485195398,0.0015065963380038738,-1.376342707357289,-0.9495969692866008,0.6586263020833333,0.6261773003472222
10,44,0.0017058453522622585,0.001481537357904017,-1.3039893410823964,-0.9088717460632324,0.6694251543209877,0.6313042534722222
10,45,0.0016297857509925961,0.0014839365612715483,-1.177845146185086,-0.9325740178426106,0.6730836467978395,0.652392578125
10,46,0.0016019897302612662,0.001404506852850318,-1.1181053965180008,-0.7773399670918782,0.6864137249228395,0.6464898003472223
10,47,0.0015171526465564966,0.0013774039689451456,-1.0228122781824183,-0.7380062209235297,0.6869821807484567,0.6432345920138889
10,48,0.0015390319749712944,0.0013697436079382896,-0.9954813955742636,-0.719866606924269,0.6971390335648148,0.6537760416666667
10,49,0.0014222185127437115,0.0013425105717033148,-0.8142903797420454,-0.6683342099189759,0.7020580150462963,0.6922634548611111
10,50,0.0014202992897480726,0.0013115580659359694,-0.8155353522595065,-0.6235681811968485,0.7125409915123457,0.6835666232638888
10,51,0.0013962638331577182,0.0012512749526649714,-0.7796812285611658,-0.5452566782633463,0.7231011284722222,0.6813802083333333
10,52,0.0013640784891322255,0.0012576938606798649,-0.708468117242978,-0.547324287891388,0.7217743296682099,0.6738932291666667
10,53,0.0013355270493775606,0.0012216069735586643,-0.6739887456835052,-0.5064339333110386,0.7309365354938272,0.6976182725694444
10,54,0.0013095836620777845,0.0012441759463399649,-0.6278698523839314,-0.5353792097833422,0.7337667582947531,0.7059733072916666
10,55,0.0012823084834963083,0.0012206814717501402,-0.5864556790869913,-0.5040412492222256,0.7387960551697531,0.7029242621527778
10,56,0.0012512212852016091,0.0011949439067393541,-0.5265309151308036,-0.476412926779853,0.7419976128472222,0.7229437934027778
10,57,0.0012633866863325238,0.0011675255373120308,-0.5525592609688088,-0.4116719709502326,0.7474603346836419,0.6920952690972222
10,58,0.001233057351782918,0.0011960843112319708,-0.5229326967839841,-0.4595577279726664,0.7432032455632716,0.7187554253472223
10,59,0.0012425698805600405,0.0011629994260147214,-0.5460779485879121,-0.39902293549643625,0.7484628182870371,0.7222330729166667
10,60,0.0012153728166595101,0.0011473903432488441,-0.49333737676526296,-0.38000588019688925,0.754566936728395,0.7275770399305556
10,61,0.0012094979174435139,0.0011770250275731087,-0.4717463859805354,-0.4498494386672974,0.7601863908179012,0.7126627604166667
10,62,0.001219092053361237,0.0011483600828796625,-0.4911973650072828,-0.3982660518752204,0.7642764998070988,0.7328233506944445
10,63,0.0012017821427434683,0.0011428999714553356,-0.47451929648717245,-0.38672650390201146,0.7747606819058642,0.7558268229166667
10,64,0.001191782532259822,0.0011418000794947147,-0.4506151052168858,-0.39008957942326866,0.7751271942515432,0.7487413194444444
10,65,0.0011897803051397204,0.0011430415324866772,-0.4526750415931513,-0.3898347841368781,0.7840904706790124,0.7502875434027778
10,66,0.0011880325619131327,0.001144847134128213,-0.44995956008816945,-0.3938039077652825,0.7901174286265432,0.7624620225694444
10,67,0.0011729433899745345,0.0011501038679853082,-0.4301191215161924,-0.39325352509816486,0.7983519000771605,0.7554578993055555
10,68,0.0011764031369239092,0.0011433062609285116,-0.43035109249162085,-0.3835524241129557,0.7987690489969136,0.7813259548611111
10,69,0.0011595927644520998,0.0011498756939545274,-0.4039079427719116,-0.3830190287695991,0.8050136236496913,0.7756564670138889
10,70,0.0011623644968494773,0.0011534434743225574,-0.40171929759743774,-0.3940025793181525,0.8101013937114198,0.7821560329861111
10,71,0.0011385527905076742,0.0011293229181319475,-0.3607317821479138,-0.3650927980740865,0.7999873408564815,0.7645887586805555
10,72,0.0011531556956470013,0.0011920409742742777,-0.40436906270038936,-0.46276362869474624,0.7948772665895062,0.767919921875
10,73,0.0011453437618911266,0.001131358090788126,-0.3728464225192129,-0.37694347434573705,0.7967405719521605,0.7608615451388889
10,74,0.0011174175888299942,0.0011045823339372873,-0.32901656171421945,-0.3162865440050761,0.798313922646605,0.7710883246527778
10,75,0.001133437268435955,0.0011434426996856928,-0.3620553675992989,-0.38771936628553605,0.8013822579089506,0.8092068142361111
10,76,0.0011450377060100436,0.0011506639420986176,-0.3752379137792705,-0.40828723510106407,0.8167830102237654,0.7996256510416667
10,77,0.0011322647333145142,0.0011145288590341806,-0.3534939236111111,-0.34812301927142675,0.8219599971064815,0.7968044704861111
10,78,0.0011231258977204561,0.0011654514819383621,-0.3443006569956556,-0.40933466222551135,0.8249969859182099,0.8075412326388889
10,79,0.0011385227553546429,0.0011477612424641848,-0.3670581692530785,-0.3865458925565084,0.8312656732253086,0.8105414496527777
10,80,0.0011329613626003265,0.001127729774452746,-0.3587422392986439,-0.3645779940817091,0.8335636091820988,0.8167100694444445
10,81,0.001135143218562007,0.0011681594187393785,-0.36319660007217786,-0.4167814188533359,0.8359887393904321,0.8203993055555555
10,82,0.0011266650399193168,0.0011406767880544066,-0.3544207723052413,-0.3766346083747016,0.8380985966435185,0.8154351128472223
10,83,0.0011357117909938097,0.0011695902794599533,-0.37222746595924283,-0.42144324911965264,0.8408359857253086,0.8185438368055555
10,84,0.0011350845452398062,0.0011763924267143011,-0.3644789663361914,-0.4331196573045519,0.8439591772762346,0.8223687065972223
10,85,0.0011333143338561058,0.0011867490829899907,-0.36464906989792245,-0.4455872416496277,0.8444100839120371,0.8251681857638888
10,86,0.0011354782618582249,0.0011935884831473231,-0.36907395227455797,-0.45431953801049124,0.8463210117669753,0.8272515190972223
10,87,0.001128341886214912,0.001201137900352478,-0.35642776886622113,-0.4635806401570638,0.8483024691358024,0.8276095920138888
10,88,0.001126583432778716,0.0012029203353449702,-0.3543274823530221,-0.4619065973493788,0.8491675106095679,0.8295464409722222
10,89,0.0011299580801278353,0.001213755807839334,-0.3603553514421722,-0.4774021837446425,0.850684799382716,0.8301161024305556
10,90,0.001124806934967637,0.0012164260260760784,-0.3528138400595865,-0.4764191706975301,0.8521056375385803,0.8306694878472223
10,91,0.0011231254320591688,0.0012219722848385572,-0.3509088158607483,-0.4857494592666626,0.8523009500385802,0.8330946180555555
10,92,0.00112250167876482,0.0012227192055433989,-0.3504076960646076,-0.48770618041356406,0.8538290895061729,0.8333767361111111
10,93,0.00112127885222435,0.0012250219006091356,-0.348830548480705,-0.4897845387458801,0.8542275511188272,0.833544921875
10,94,0.0011206219205632806,0.0012275038752704859,-0.3479895509319541,-0.4943985131051805,0.8552185812114198,0.8332953559027778
