Compound_ID,Status,Simulated_Center_ppm,Simulated_Multiplicity,Predicted_Center_ppm,Predicted_Multiplicity,Position_Error_ppm
451,Matched,3.7341499999999996,Quartet,3.7422059999999995,Multiplet,0.008055999999999841
451,Matched,4.721705,Doublet,4.685085,Doublet,0.0366200000000001
451,Matched,7.023553333333333,Multiplet,6.998327499999999,Quartet,0.025225833333333725
451,Matched,7.237585,Quartet,7.2637100000000006,Multiplet,0.026125000000000398
451,Matched,8.45463,Singlet,8.44731,Triplet,0.007319999999999993
451,Missed,1.2557033333333332,Triplet,,,
451,Spurious,,,0.052897400000000004,Triplet,
451,Spurious,,,0.15136799999999997,Triplet,
451,Spurious,,,0.219728,Singlet,
451,Spurious,,,0.31372225,Quartet,
451,Spurious,,,0.358889,Singlet,
451,Spurious,,,0.49560800000000005,Doublet,
451,Spurious,,,0.549319,Singlet,
451,Spurious,,,0.596927,Doublet,
451,Spurious,,,0.6579619999999999,Doublet,
451,Spurious,,,0.7080115,Doublet,
451,Spurious,,,0.777592,Doublet,
451,Spurious,,,0.8973570000000001,Multiplet,
451,Spurious,,,1.1535694444444442,Multiplet,
451,Spurious,,,1.36719,Singlet,
451,Spurious,,,1.4087,Singlet,
451,Spurious,,,1.4931014285714286,Multiplet,
451,Spurious,,,1.58692,Singlet,
451,Spurious,,,1.63087,Singlet,
451,Spurious,,,1.690685,Doublet,
451,Spurious,,,1.7366599999999999,Triplet,
451,Spurious,,,1.85304,Doublet,
451,Spurious,,,1.9531333333333334,Triplet,
451,Spurious,,,2.01661,Singlet,
451,Spurious,,,2.092295,Doublet,
451,Spurious,,,2.160655,Doublet,
451,Spurious,,,2.2985949999999997,Doublet,
451,Spurious,,,2.38771,Triplet,
451,Spurious,,,2.4593233333333333,Triplet,
451,Spurious,,,2.53908,Singlet,
451,Spurious,,,2.5984833333333337,Triplet,
451,Spurious,,,2.686785,Doublet,
451,Spurious,,,2.72951,Singlet,
451,Spurious,,,2.80519,Singlet,
451,Spurious,,,2.862156666666667,Triplet,
451,Spurious,,,2.9521620000000004,Multiplet,
451,Spurious,,,3.0411933333333327,Triplet,
451,Spurious,,,3.1956300000000004,Multiplet,
451,Spurious,,,3.4531420000000006,Multiplet,
451,Spurious,,,3.52297,Singlet,
451,Spurious,,,3.56447,Singlet,
451,Spurious,,,3.67433,Singlet,
451,Spurious,,,3.79885,Singlet,
451,Spurious,,,3.912781111111111,Multiplet,
451,Spurious,,,4.03811,Singlet,
451,Spurious,,,4.093446666666667,Multiplet,
451,Spurious,,,4.229026,Multiplet,
451,Spurious,,,4.349385,Doublet,
451,Spurious,,,4.4348375,Quartet,
451,Spurious,,,4.553245,Doublet,
451,Spurious,,,4.59353,Doublet,
451,Spurious,,,4.846486666666667,Multiplet,
451,Spurious,,,4.9804924999999995,Quartet,
451,Spurious,,,5.07815,Doublet,
451,Spurious,,,5.11721,Singlet,
451,Spurious,,,5.1636,Singlet,
451,Spurious,,,5.262073333333333,Triplet,
451,Spurious,,,5.31741,Singlet,
451,Spurious,,,5.377633333333333,Triplet,
451,Spurious,,,5.44192,Doublet,
451,Spurious,,,5.51516,Singlet,
451,Spurious,,,5.75686,Singlet,
451,Spurious,,,5.80569,Singlet,
451,Spurious,,,5.91556,Singlet,
451,Spurious,,,5.987173333333334,Triplet,
451,Spurious,,,6.06204,Singlet,
451,Spurious,,,6.228755714285714,Multiplet,
451,Spurious,,,6.3769849999999995,Doublet,
451,Spurious,,,6.492951666666667,Multiplet,
451,Spurious,,,6.55643,Doublet,
451,Spurious,,,6.6101399999999995,Doublet,
451,Spurious,,,6.709833333333333,Triplet,
451,Spurious,,,6.787143333333333,Triplet,
451,Spurious,,,6.912142,Multiplet,
451,Spurious,,,7.086623333333333,Triplet,
451,Spurious,,,7.176305999999999,Multiplet,
451,Spurious,,,7.472015217391305,Multiplet,
451,Spurious,,,7.7072525,Multiplet,
451,Spurious,,,7.9320465,Multiplet,
451,Spurious,,,8.12748,Singlet,
451,Spurious,,,8.179725999999999,Multiplet,
451,Spurious,,,8.3099775,Quartet,
451,Spurious,,,8.544964,Multiplet,
451,Spurious,,,8.647505,Doublet,
451,Spurious,,,8.781019375,Multiplet,
451,Spurious,,,8.99418375,Multiplet,
451,Spurious,,,9.143600000000001,Multiplet,
451,Spurious,,,9.22612,Triplet,
451,Spurious,,,9.367721428571429,Multiplet,
451,Spurious,,,9.47515,Singlet,
451,Spurious,,,9.51421,Singlet,
451,Spurious,,,9.58989,Singlet,
451,Spurious,,,9.65093,Singlet,
451,Spurious,,,9.698535,Doublet,
451,Spurious,,,9.76079,Triplet,
451,Spurious,,,9.81939,Singlet,
451,Spurious,,,9.87065,Singlet,
451,Spurious,,,9.90483,Singlet,
451,Spurious,,,9.93901,Singlet,
452,Matched,0.815434,Singlet,0.805668,Singlet,0.009765999999999941
452,Matched,1.3655650000000001,Multiplet,1.3521274285714289,Multiplet,0.013437571428571271
452,Matched,1.611201111111111,Multiplet,1.60157,Singlet,0.009631111111111146
452,Matched,1.7822370000000003,Multiplet,1.7723586363636366,Multiplet,0.00987836363636374
452,Matched,2.40357625,Multiplet,2.3904352941176477,Multiplet,0.013140955882352312
452,Matched,3.6364924999999997,Quartet,3.6651330769230768,Multiplet,0.028640576923077088
452,Matched,4.6566,Triplet,4.673688888888888,Multiplet,0.017088888888888043
452,Matched,5.72024,Singlet,5.73977,Singlet,0.019529999999999603
452,Missed,0.8606,Doublet,,,
452,Missed,1.0026088333333334,Multiplet,,,
452,Missed,1.15723,Singlet,,,
452,Missed,1.2353575,Multiplet,,,
452,Missed,2.0629975000000003,Multiplet,,,
452,Missed,2.28883,Quartet,,,
452,Missed,7.2668833333333325,Multiplet,,,
452,Spurious,,,0.043457232,Multiplet,
452,Spurious,,,0.152589,Doublet,
452,Spurious,,,0.22644150000000002,Quartet,
452,Spurious,,,0.290529,Doublet,
452,Spurious,,,0.394289,Doublet,
452,Spurious,,,0.49525914285714284,Multiplet,
452,Spurious,,,0.6408723333333334,Multiplet,
452,Spurious,,,0.708011,Singlet,
452,Spurious,,,0.743412,Doublet,
452,Spurious,,,0.9031621333333335,Multiplet,
452,Spurious,,,1.0492677777777777,Multiplet,
452,Spurious,,,1.998789,Multiplet,
452,Spurious,,,2.1768735714285716,Multiplet,
452,Spurious,,,2.55983,Doublet,
452,Spurious,,,2.6269649999999998,Quartet,
452,Spurious,,,2.7124175,Quartet,
452,Spurious,,,2.838556666666667,Triplet,
452,Spurious,,,2.952022857142857,Multiplet,
452,Spurious,,,3.03102,Doublet,
452,Spurious,,,3.099624,Multiplet,
452,Spurious,,,3.1856449999999996,Multiplet,
452,Spurious,,,3.2871942857142855,Multiplet,
452,Spurious,,,3.383805,Quartet,
452,Spurious,,,3.44606,Doublet,
452,Spurious,,,3.515154,Multiplet,
452,Spurious,,,3.8834824999999995,Multiplet,
452,Spurious,,,4.073618181818182,Multiplet,
452,Spurious,,,4.257833333333333,Triplet,
452,Spurious,,,4.30178,Singlet,
452,Spurious,,,4.340843333333333,Triplet,
452,Spurious,,,4.401066666666667,Triplet,
452,Spurious,,,4.49343,Multiplet,
452,Spurious,,,4.57766,Singlet,
452,Spurious,,,4.82058,Doublet,
452,Spurious,,,4.87063,Doublet,
452,Spurious,,,4.9520100000000005,Triplet,
452,Spurious,,,5.083033333333334,Triplet,
452,Spurious,,,5.143256666666666,Triplet,
452,Spurious,,,5.263968888888889,Multiplet,
452,Spurious,,,5.34182,Singlet,
452,Spurious,,,5.406926666666667,Triplet,
452,Spurious,,,5.483425,Doublet,
452,Spurious,,,5.55032,Multiplet,
452,Spurious,,,5.625516,Multiplet,
452,Spurious,,,5.68118,Singlet,
452,Spurious,,,5.882193333333333,Triplet,
452,Spurious,,,5.93346,Triplet,
452,Spurious,,,6.01077,Singlet,
452,Spurious,,,6.114532,Multiplet,
452,Spurious,,,6.22806,Doublet,
452,Spurious,,,6.26712,Singlet,
452,Spurious,,,6.31595,Singlet,
452,Spurious,,,6.34769,Singlet,
452,Spurious,,,6.430085000000001,Quartet,
452,Spurious,,,6.527538333333333,Multiplet,
452,Spurious,,,6.6052575000000004,Quartet,
452,Spurious,,,6.655305,Doublet,
452,Spurious,,,6.75401,Multiplet,
452,Spurious,,,6.887241999999999,Multiplet,
452,Spurious,,,6.990085,Multiplet,
452,Spurious,,,7.133092,Multiplet,
452,Spurious,,,7.21683,Singlet,
452,Spurious,,,7.4518927999999995,Multiplet,
452,Spurious,,,7.70878,Quartet,
452,Spurious,,,7.814674999999999,Multiplet,
452,Spurious,,,7.939491666666666,Multiplet,
452,Spurious,,,8.0603425,Quartet,
452,Spurious,,,8.12382,Doublet,
452,Spurious,,,8.230835833333334,Multiplet,
452,Spurious,,,8.354535,Doublet,
452,Spurious,,,8.40214,Doublet,
452,Spurious,,,8.453816666666667,Triplet,
452,Spurious,,,8.599163999999998,Multiplet,
452,Spurious,,,8.741093333333334,Triplet,
452,Spurious,,,8.888315454545456,Multiplet,
452,Spurious,,,9.02983,Multiplet,
452,Spurious,,,9.21299875,Multiplet,
452,Spurious,,,9.303025,Doublet,
452,Spurious,,,9.35307,Singlet,
452,Spurious,,,9.408005,Doublet,
452,Spurious,,,9.4605,Singlet,
452,Spurious,,,9.51726,Quartet,
452,Spurious,,,9.58867,Doublet,
452,Spurious,,,9.649300000000002,Triplet,
452,Spurious,,,9.70708,Singlet,
452,Spurious,,,9.803923333333332,Triplet,
452,Spurious,,,9.968309999999999,Doublet,
453,Matched,6.79691,Singlet,6.80912,Singlet,0.012210000000000498
453,Matched,7.30228,Singlet,7.295936,Multiplet,0.006343999999999461
453,Spurious,,,0.214845,Singlet,
453,Spurious,,,0.44678,Singlet,
453,Spurious,,,0.566409,Singlet,
453,Spurious,,,0.72266,Singlet,
453,Spurious,,,0.891728,Quartet,
453,Spurious,,,0.939946,Singlet,
453,Spurious,,,1.04249,Singlet,
453,Spurious,,,1.15357,Doublet,
453,Spurious,,,1.2727933333333332,Triplet,
453,Spurious,,,1.51368,Doublet,
453,Spurious,,,1.69434,Singlet,
453,Spurious,,,2.15333,Singlet,
453,Spurious,,,2.38527,Singlet,
453,Spurious,,,2.92482,Singlet,
453,Spurious,,,3.19338,Singlet,
453,Spurious,,,3.25685,Singlet,
453,Spurious,,,3.48879,Singlet,
453,Spurious,,,3.674335,Doublet,
453,Spurious,,,3.7842,Singlet,
453,Spurious,,,3.85256,Singlet,
453,Spurious,,,3.92824,Singlet,
453,Spurious,,,4.12356,Singlet,
453,Spurious,,,4.615505000000001,Doublet,
453,Spurious,,,6.892125,Doublet,
453,Spurious,,,7.16068,Singlet,
453,Spurious,,,7.4123909999999995,Multiplet,
453,Spurious,,,7.50492,Doublet,
453,Spurious,,,7.551305,Doublet,
453,Spurious,,,7.83451,Doublet,
453,Spurious,,,8.01518,Singlet,
453,Spurious,,,8.0811,Singlet,
454,Matched,0.9692435,Doublet,0.939946,Singlet,0.029297500000000087
454,Matched,1.20118,Singlet,1.209725,Doublet,0.008545000000000025
454,Matched,3.98928,Singlet,3.97951,Singlet,0.009770000000000056
454,Missed,1.4087,Singlet,,,
454,Missed,1.91529,Doublet,,,
454,Missed,4.91946,Singlet,,,
454,Missed,5.0342,Singlet,,,
454,Spurious,,,1.15601,Doublet,
454,Spurious,,,1.27198,Singlet,
454,Spurious,,,2.15577,Singlet,
454,Spurious,,,2.19728,Singlet,
454,Spurious,,,2.33155,Singlet,
454,Spurious,,,2.402355,Doublet,
454,Spurious,,,3.80129,Singlet,
454,Spurious,,,3.83547,Singlet,
454,Spurious,,,3.87453,Singlet,
454,Spurious,,,7.336463333333334,Multiplet,
454,Spurious,,,7.43656,Doublet,
454,Spurious,,,7.59525,Singlet,
454,Spurious,,,8.07865,Singlet,
455,Matched,2.3632925,Quartet,2.3516950000000003,Multiplet,0.011597499999999705
455,Matched,2.7758933333333338,Triplet,2.76613,Singlet,0.00976333333333379
455,Matched,5.423437142857142,Multiplet,5.4516849999999994,Doublet,0.02824785714285749
455,Matched,6.0775033333333335,Triplet,6.085234999999999,Quartet,0.007731666666665582
455,Missed,1.1108449999999999,Doublet,,,
455,Missed,1.14991,Singlet,,,
455,Missed,2.286385,Doublet,,,
455,Spurious,,,0.06713905,Doublet,
455,Spurious,,,0.158692,Doublet,
455,Spurious,,,0.232545,Quartet,
455,Spurious,,,0.30395649999999996,Doublet,
455,Spurious,,,0.360109,Doublet,
455,Spurious,,,0.405275,Singlet,
455,Spurious,,,0.4772975,Doublet,
455,Spurious,,,0.524905,Singlet,
455,Spurious,,,0.62012,Singlet,
455,Spurious,,,0.686039,Singlet,
455,Spurious,,,0.8925418333333331,Multiplet,
455,Spurious,,,1.0220385,Multiplet,
455,Spurious,,,1.2013514285714284,Multiplet,
455,Spurious,,,1.31592,Singlet,
455,Spurious,,,1.431161,Multiplet,
455,Spurious,,,1.541755,Doublet,
455,Spurious,,,1.58692,Singlet,
455,Spurious,,,1.7869662499999999,Multiplet,
455,Spurious,,,2.030284,Multiplet,
455,Spurious,,,2.15577,Singlet,
455,Spurious,,,2.213556666666667,Triplet,
455,Spurious,,,2.466645,Multiplet,
455,Spurious,,,2.58302,Triplet,
455,Spurious,,,2.68605,Multiplet,
455,Spurious,,,2.80519,Singlet,
455,Spurious,,,2.960464,Multiplet,
455,Spurious,,,3.0322449999999996,Doublet,
455,Spurious,,,3.105485,Doublet,
455,Spurious,,,3.1897140000000004,Multiplet,
455,Spurious,,,3.295915,Doublet,
455,Spurious,,,3.4008966666666667,Triplet,
455,Spurious,,,3.503924,Multiplet,
455,Spurious,,,3.564475,Doublet,
455,Spurious,,,3.70119,Multiplet,
455,Spurious,,,3.855271111111111,Multiplet,
455,Spurious,,,3.9762566666666666,Triplet,
455,Spurious,,,4.1595118181818185,Multiplet,
455,Spurious,,,4.34817,Singlet,
455,Spurious,,,4.412865,Quartet,
455,Spurious,,,4.48244,Singlet,
455,Spurious,,,4.549176666666667,Triplet,
455,Spurious,,,4.608586666666667,Triplet,
455,Spurious,,,4.66677,Doublet,
455,Spurious,,,4.74856,Singlet,
455,Spurious,,,4.82424,Singlet,
455,Spurious,,,4.884055,Doublet,
455,Spurious,,,4.969916666666666,Triplet,
455,Spurious,,,5.126977142857143,Multiplet,
455,Spurious,,,5.228706666666667,Triplet,
455,Spurious,,,5.289739999999999,Triplet,
455,Spurious,,,5.3747825,Quartet,
455,Spurious,,,5.517605,Doublet,
455,Spurious,,,5.718616666666667,Triplet,
455,Spurious,,,5.80569,Singlet,
455,Spurious,,,5.9416,Triplet,
455,Spurious,,,6.00345,Singlet,
455,Spurious,,,6.18655,Singlet,
455,Spurious,,,6.303745,Doublet,
455,Spurious,,,6.4111650000000004,Doublet,
455,Spurious,,,6.46976,Singlet,
455,Spurious,,,6.52347,Quartet,
455,Spurious,,,6.60648,Singlet,
455,Spurious,,,6.7139,Singlet,
455,Spurious,,,6.81766,Doublet,
455,Spurious,,,6.891306666666668,Triplet,
455,Spurious,,,7.000363333333333,Triplet,
455,Spurious,,,7.09232,Triplet,
455,Spurious,,,7.178745999999999,Multiplet,
455,Spurious,,,7.25345,Singlet,
455,Spurious,,,7.29008,Singlet,
455,Spurious,,,7.4801405,Multiplet,
455,Spurious,,,7.679485,Doublet,
455,Spurious,,,7.72709,Singlet,
455,Spurious,,,7.7808,Doublet,
455,Spurious,,,7.839395,Doublet,
455,Spurious,,,7.915075,Doublet,
455,Spurious,,,7.97123,Doublet,
455,Spurious,,,8.061564,Multiplet,
455,Spurious,,,8.167765,Doublet,
455,Spurious,,,8.25444,Singlet,
455,Spurious,,,8.31791,Singlet,
455,Spurious,,,8.35209,Singlet,
455,Spurious,,,8.4375425,Quartet,
455,Spurious,,,8.49858,Singlet,
455,Spurious,,,8.642625,Doublet,
455,Spurious,,,8.79643,Quartet,
455,Spurious,,,8.945355,Doublet,
455,Spurious,,,8.99907,Singlet,
455,Spurious,,,9.04301,Singlet,
455,Spurious,,,9.09184,Singlet,
455,Spurious,,,9.158576666666667,Triplet,
455,Spurious,,,9.249315,Doublet,
455,Spurious,,,9.377486666666668,Triplet,
455,Spurious,,,9.45073,Singlet,
455,Spurious,,,9.530075,Doublet,
455,Spurious,,,9.57524,Singlet,
455,Spurious,,,9.62407,Singlet,
455,Spurious,,,9.691616666666667,Triplet,
455,Spurious,,,9.800830000000001,Multiplet,
455,Spurious,,,9.967089999999999,Doublet,
456,Matched,3.18605,Doublet,3.18361,Doublet,0.0024399999999999977
456,Matched,3.50197,Multiplet,3.52297,Singlet,0.020999999999999908
456,Matched,3.596616666666666,Multiplet,3.55471,Singlet,0.04190666666666587
456,Matched,3.6712825000000002,Quartet,3.67433,Singlet,0.0030474999999996477
456,Matched,3.8843,Singlet,3.8480833333333333,Multiplet,0.036216666666666786
456,Matched,4.6313725,Quartet,4.602075,Doublet,0.0292975000000002
456,Matched,7.50492,Singlet,7.47318,Singlet,0.0317400000000001
456,Missed,3.0520775,Multiplet,,,
456,Missed,3.2714999999999996,Quartet,,,
456,Missed,3.364275,Doublet,,,
456,Missed,3.931295,Quartet,,,
456,Missed,4.107685,Doublet,,,
456,Missed,4.414085,Doublet,,,
456,Missed,4.521996,Multiplet,,,
456,Missed,4.917015,Doublet,,,
456,Missed,7.042275,Doublet,,,
456,Missed,7.286415,Doublet,,,
456,Missed,7.9260649999999995,Doublet,,,
456,Spurious,,,0.8606,Doublet,
456,Spurious,,,0.939946,Singlet,
456,Spurious,,,0.971685,Singlet,
456,Spurious,,,1.05958,Singlet,
456,Spurious,,,1.1433966666666666,Triplet,
456,Spurious,,,1.234135,Quartet,
456,Spurious,,,1.3379,Singlet,
456,Spurious,,,1.42579,Singlet,
456,Spurious,,,1.55518,Singlet,
456,Spurious,,,1.75294,Singlet,
456,Spurious,,,2.15577,Singlet,
456,Spurious,,,2.19484,Singlet,
456,Spurious,,,2.31446,Singlet,
456,Spurious,,,2.35597,Singlet,
456,Spurious,,,2.46339,Singlet,
456,Spurious,,,3.75978,Singlet,
456,Spurious,,,3.97951,Singlet,
456,Spurious,,,4.20656,Singlet,
456,Spurious,,,4.305445000000001,Doublet,
456,Spurious,,,5.04031,Doublet,
456,Spurious,,,5.96683,Singlet,
456,Spurious,,,6.43314,Singlet,
456,Spurious,,,6.46976,Singlet,
456,Spurious,,,6.96781,Singlet,
456,Spurious,,,7.11185,Singlet,
456,Spurious,,,7.3413450000000005,Doublet,
456,Spurious,,,7.42435,Singlet,
456,Spurious,,,7.54154,Singlet,
456,Spurious,,,8.15922,Singlet,
456,Spurious,,,8.78422,Singlet,
456,Spurious,,,8.96489,Doublet,
457,Matched,2.393078,Multiplet,2.40724,Singlet,0.014161999999999786
457,Matched,2.5431433333333335,Triplet,2.5756949999999996,Doublet,0.03255166666666609
457,Matched,2.9589999999999996,Triplet,2.93947,Singlet,0.019529999999999603
457,Matched,4.311543333333334,Triplet,4.317243333333334,Triplet,0.005700000000000038
457,Matched,7.036865714285715,Multiplet,6.9934449999999995,Doublet,0.043420714285715256
457,Matched,7.135045,Doublet,7.09964,Singlet,0.03540499999999991
457,Matched,7.201575000000001,Quartet,7.176550000000001,Doublet,0.025025000000000297
457,Missed,1.77003,Triplet,,,
457,Missed,2.08009,Singlet,,,
457,Missed,3.9192933333333335,Triplet,,,
457,Spurious,,,0.307619,Singlet,
457,Spurious,,,0.36865400000000004,Doublet,
457,Spurious,,,0.466311,Singlet,
457,Spurious,,,0.9113816,Multiplet,
457,Spurious,,,1.0164433333333334,Triplet,
457,Spurious,,,1.05958,Singlet,
457,Spurious,,,1.2133841666666667,Multiplet,
457,Spurious,,,1.31592,Singlet,
457,Spurious,,,1.35499,Singlet,
457,Spurious,,,1.4392166666666668,Multiplet,
457,Spurious,,,1.55518,Singlet,
457,Spurious,,,1.7103885714285716,Multiplet,
457,Spurious,,,1.834725,Doublet,
457,Spurious,,,1.92384,Singlet,
457,Spurious,,,2.01824,Triplet,
457,Spurious,,,2.15577,Singlet,
457,Spurious,,,2.2111133333333335,Triplet,
457,Spurious,,,2.3236175,Quartet,
457,Spurious,,,2.4536249999999997,Doublet,
457,Spurious,,,2.666843333333333,Triplet,
457,Spurious,,,2.88576,Singlet,
457,Spurious,,,3.02492,Singlet,
457,Spurious,,,3.180192,Multiplet,
457,Spurious,,,3.2959133333333335,Triplet,
457,Spurious,,,3.413105,Doublet,
457,Spurious,,,3.55471,Singlet,
457,Spurious,,,3.68288,Quartet,
457,Spurious,,,3.75978,Singlet,
457,Spurious,,,3.8488966666666666,Multiplet,
457,Spurious,,,3.97951,Singlet,
457,Spurious,,,4.04726,Quartet,
457,Spurious,,,4.121115,Doublet,
457,Spurious,,,4.1968,Doublet,
457,Spurious,,,4.25783,Singlet,
457,Spurious,,,4.38845,Doublet,
457,Spurious,,,4.45071,Singlet,
457,Spurious,,,4.48244,Singlet,
457,Spurious,,,4.585962,Multiplet,
457,Spurious,,,4.66677,Doublet,
457,Spurious,,,4.87795,Singlet,
457,Spurious,,,5.143253333333333,Triplet,
457,Spurious,,,5.20755,Singlet,
457,Spurious,,,5.24173,Singlet,
457,Spurious,,,5.3052,Singlet,
457,Spurious,,,5.4053,Singlet,
457,Spurious,,,5.517605,Doublet,
457,Spurious,,,5.72024,Singlet,
457,Spurious,,,5.96683,Singlet,
457,Spurious,,,6.00345,Singlet,
457,Spurious,,,6.085234999999999,Quartet,
457,Spurious,,,6.303745,Doublet,
457,Spurious,,,6.4111650000000004,Doublet,
457,Spurious,,,6.516145,Doublet,
457,Spurious,,,6.83109,Singlet,
457,Spurious,,,6.87503,Singlet,
457,Spurious,,,6.90677,Singlet,
457,Spurious,,,7.29008,Singlet,
457,Spurious,,,7.3425650000000005,Doublet,
457,Spurious,,,7.4298475,Quartet,
457,Spurious,,,7.4976,Singlet,
457,Spurious,,,7.558633333333333,Triplet,
457,Spurious,,,7.6172249999999995,Doublet,
457,Spurious,,,7.72709,Singlet,
457,Spurious,,,7.78324,Singlet,
457,Spurious,,,7.839395,Doublet,
457,Spurious,,,7.90775,Singlet,
457,Spurious,,,7.98588,Singlet,
457,Spurious,,,8.082315,Doublet,
457,Spurious,,,8.15922,Singlet,
457,Spurious,,,8.25444,Singlet,
457,Spurious,,,8.31791,Singlet,
457,Spurious,,,8.35209,Singlet,
457,Spurious,,,8.4644,Doublet,
457,Spurious,,,8.63286,Singlet,
457,Spurious,,,8.78585,Triplet,
457,Spurious,,,8.95146,Doublet,
457,Spurious,,,8.99907,Singlet,
457,Spurious,,,9.04301,Singlet,
457,Spurious,,,9.16997,Singlet,
457,Spurious,,,9.23833,Singlet,
457,Spurious,,,9.36528,Doublet,
457,Spurious,,,9.52153,Singlet,
457,Spurious,,,9.691616666666667,Triplet,
457,Spurious,,,9.7913075,Quartet,
457,Spurious,,,9.98052,Singlet,
458,Matched,3.37648,Singlet,3.38625,Singlet,0.009770000000000056
458,Matched,3.8311975,Quartet,3.8200066666666666,Triplet,0.011190833333333483
458,Matched,4.1467475,Quartet,4.15529,Singlet,0.008542499999999897
458,Matched,4.4905800000000005,Triplet,4.45071,Singlet,0.039870000000000516
458,Matched,7.28275,Doublet,7.24613,Doublet,0.0366200000000001
458,Matched,7.3975,Singlet,7.42435,Singlet,0.026849999999999596
458,Matched,7.5806,Singlet,7.54154,Singlet,0.039059999999999206
458,Matched,8.183635,Doublet,8.15922,Singlet,0.024415000000001186
458,Matched,8.64262,Singlet,8.63286,Singlet,0.009759999999999991
458,Missed,3.6102475000000003,Quartet,,,
458,Missed,4.4128625,Quartet,,,
458,Missed,7.74784,Doublet,,,
458,Missed,9.95855,Singlet,,,
458,Spurious,,,0.307619,Singlet,
458,Spurious,,,0.476077,Singlet,
458,Spurious,,,0.673831,Singlet,
458,Spurious,,,0.895024,Multiplet,
458,Spurious,,,1.019295,Doublet,
458,Spurious,,,1.08399,Singlet,
458,Spurious,,,1.14014,Triplet,
458,Spurious,,,1.245935,Multiplet,
458,Spurious,,,1.3379,Singlet,
458,Spurious,,,1.40992,Quartet,
458,Spurious,,,1.530768,Multiplet,
458,Spurious,,,1.73585,Singlet,
458,Spurious,,,2.22413,Singlet,
458,Spurious,,,2.26808,Singlet,
458,Spurious,,,2.44874,Doublet,
458,Spurious,,,2.53908,Singlet,
458,Spurious,,,3.1555350000000004,Doublet,
458,Spurious,,,3.23976,Singlet,
458,Spurious,,,3.4977400000000003,Triplet,
458,Spurious,,,3.6841,Doublet,
458,Spurious,,,3.75978,Singlet,
458,Spurious,,,3.8948766666666668,Triplet,
458,Spurious,,,3.97951,Singlet,
458,Spurious,,,4.10647,Singlet,
458,Spurious,,,4.20656,Singlet,
458,Spurious,,,4.305445000000001,Doublet,
458,Spurious,,,4.602075,Doublet,
458,Spurious,,,4.71194,Singlet,
458,Spurious,,,4.79006,Singlet,
458,Spurious,,,5.27346,Singlet,
458,Spurious,,,5.31741,Singlet,
458,Spurious,,,5.44436,Singlet,
458,Spurious,,,5.69095,Singlet,
458,Spurious,,,6.46976,Singlet,
458,Spurious,,,6.7554,Singlet,
458,Spurious,,,6.810743333333334,Triplet,
458,Spurious,,,6.87503,Singlet,
458,Spurious,,,6.96781,Singlet,
458,Spurious,,,7.09964,Singlet,
458,Spurious,,,7.355176666666668,Triplet,
458,Spurious,,,7.485390000000001,Doublet,
458,Spurious,,,7.827185,Doublet,
458,Spurious,,,9.04301,Singlet,
458,Spurious,,,9.10161,Singlet,
458,Spurious,,,9.22368,Singlet,
458,Spurious,,,9.38237,Doublet,
458,Spurious,,,9.54106,Singlet,
459,Matched,1.330575,Doublet,1.33546,Singlet,0.004885000000000028
459,Matched,1.49659,Doublet,1.50147,Singlet,0.0048799999999999955
459,Matched,2.1892557142857143,Multiplet,2.156995,Doublet,0.03226071428571409
459,Matched,2.436536,Multiplet,2.45363,Singlet,0.017094000000000165
459,Matched,2.66115,Singlet,2.62941,Singlet,0.0317400000000001
459,Matched,4.2859125,Quartet,4.25539,Singlet,0.030522500000000008
459,Matched,7.2394175,Quartet,7.27543,Singlet,0.0360125
459,Missed,1.01563,Singlet,,,
459,Missed,1.8951524999999998,Quartet,,,
459,Missed,2.09962,Singlet,,,
459,Missed,2.2961549999999997,Doublet,,,
459,Missed,3.3724133333333337,Triplet,,,
459,Missed,4.4391075,Quartet,,,
459,Missed,6.10599,Singlet,,,
459,Missed,6.268345,Doublet,,,
459,Spurious,,,0.0927739,Singlet,
459,Spurious,,,0.68848,Singlet,
459,Spurious,,,0.7446323333333332,Triplet,
459,Spurious,,,0.9033248666666667,Multiplet,
459,Spurious,,,1.148685,Doublet,
459,Spurious,,,1.2756416666666666,Multiplet,
459,Spurious,,,1.419075,Quartet,
459,Spurious,,,1.5796,Singlet,
459,Spurious,,,1.79933,Singlet,
459,Spurious,,,1.83839,Singlet,
459,Spurious,,,1.91895,Singlet,
459,Spurious,,,2.3462,Singlet,
459,Spurious,,,2.41334,Doublet,
459,Spurious,,,2.5000150000000003,Doublet,
459,Spurious,,,2.70021,Doublet,
459,Spurious,,,2.90041,Singlet,
459,Spurious,,,3.08351,Singlet,
459,Spurious,,,3.1714,Singlet,
459,Spurious,,,3.575455,Doublet,
459,Spurious,,,3.63527,Singlet,
459,Spurious,,,3.674335,Doublet,
459,Spurious,,,3.75002,Singlet,
459,Spurious,,,3.795593333333333,Triplet,
459,Spurious,,,3.9392300000000002,Doublet,
459,Spurious,,,4.10402,Singlet,
459,Spurious,,,4.34572,Singlet,
459,Spurious,,,4.75344,Singlet,
459,Spurious,,,5.20755,Singlet,
459,Spurious,,,5.25149,Singlet,
459,Spurious,,,5.36135,Singlet,
459,Spurious,,,5.4053,Singlet,
459,Spurious,,,5.8887,Singlet,
459,Spurious,,,5.96927,Singlet,
459,Spurious,,,6.32083,Singlet,
459,Spurious,,,6.61136,Singlet,
459,Spurious,,,6.7944700000000005,Doublet,
459,Spurious,,,6.893345000000001,Multiplet,
459,Spurious,,,7.03861,Singlet,
459,Spurious,,,7.15824,Singlet,
459,Spurious,,,7.18998,Singlet,
459,Spurious,,,7.3389,Singlet,
459,Spurious,,,7.399126666666667,Triplet,
459,Spurious,,,7.45853,Doublet,
459,Spurious,,,7.4976,Singlet,
459,Spurious,,,7.68559,Singlet,
459,Spurious,,,7.7454,Doublet,
459,Spurious,,,7.8223,Singlet,
459,Spurious,,,7.87846,Singlet,
459,Spurious,,,8.06767,Doublet,
459,Spurious,,,8.70366,Singlet,
459,Spurious,,,9.10161,Singlet,
459,Spurious,,,9.19194,Singlet,
459,Spurious,,,9.38481,Singlet,
459,Spurious,,,9.4727,Singlet,
459,Spurious,,,9.75835,Singlet,
460,Missed,7.5684,Singlet,,,
460,Spurious,,,0.040690333333333335,Triplet,
460,Spurious,,,0.1293952,Multiplet,
460,Spurious,,,0.23828240000000003,Multiplet,
460,Spurious,,,0.3397641666666667,Multiplet,
460,Spurious,,,0.433352,Quartet,
460,Spurious,,,0.535159,Multiplet,
460,Spurious,,,0.610355,Singlet,
460,Spurious,,,0.793732388888889,Multiplet,
460,Spurious,,,0.9904026666666667,Triplet,
460,Spurious,,,1.1931113043478259,Multiplet,
460,Spurious,,,1.4294507142857145,Multiplet,
460,Spurious,,,1.54298,Singlet,
460,Spurious,,,1.6433444444444445,Multiplet,
460,Spurious,,,1.7795489999999998,Multiplet,
460,Spurious,,,1.9728872727272728,Multiplet,
460,Spurious,,,2.1133525,Multiplet,
460,Spurious,,,2.2928580000000003,Multiplet,
460,Spurious,,,2.5394235714285713,Multiplet,
460,Spurious,,,2.7087525,Quartet,
460,Spurious,,,2.77101,Singlet,
460,Spurious,,,2.83937,Multiplet,
460,Spurious,,,2.9732027272727275,Multiplet,
460,Spurious,,,3.08595,Singlet,
460,Spurious,,,3.1396633333333335,Triplet,
460,Spurious,,,3.2247083333333335,Multiplet,
460,Spurious,,,3.409846666666667,Multiplet,
460,Spurious,,,3.661938461538462,Multiplet,
460,Spurious,,,3.9109085,Multiplet,
460,Spurious,,,4.11745125,Multiplet,
460,Spurious,,,4.252035,Multiplet,
460,Spurious,,,4.35061,Singlet,
460,Spurious,,,4.421408333333333,Multiplet,
460,Spurious,,,4.615032307692307,Multiplet,
460,Spurious,,,4.850555555555555,Multiplet,
460,Spurious,,,4.954855,Doublet,
460,Spurious,,,4.99758,Singlet,
460,Spurious,,,5.105354285714285,Multiplet,
460,Spurious,,,5.271025,Doublet,
460,Spurious,,,5.361354285714286,Multiplet,
460,Spurious,,,5.52554,Quartet,
460,Spurious,,,5.627065000000001,Multiplet,
460,Spurious,,,5.70804,Singlet,
460,Spurious,,,5.75442,Singlet,
460,Spurious,,,5.79837,Singlet,
460,Spurious,,,5.863065000000001,Doublet,
460,Spurious,,,5.940321428571428,Multiplet,
460,Spurious,,,6.05716,Doublet,
460,Spurious,,,6.291822352941176,Multiplet,
460,Spurious,,,6.490754,Multiplet,
460,Spurious,,,6.592135,Multiplet,
460,Spurious,,,6.76730625,Multiplet,
460,Spurious,,,6.87259,Singlet,
460,Spurious,,,7.0175525,Multiplet,
460,Spurious,,,7.1533549999999995,Doublet,
460,Spurious,,,7.22497,Triplet,
460,Spurious,,,7.442731666666668,Multiplet,
460,Spurious,,,7.703896666666666,Multiplet,
460,Spurious,,,7.957051538461538,Multiplet,
460,Spurious,,,8.1897375,Quartet,
460,Spurious,,,8.251995,Doublet,
460,Spurious,,,8.330119999999999,Multiplet,
460,Spurious,,,8.491252941176471,Multiplet,
460,Spurious,,,8.681275000000001,Multiplet,
460,Spurious,,,8.841238235294117,Multiplet,
460,Spurious,,,9.098880588235295,Multiplet,
460,Spurious,,,9.252975,Doublet,
460,Spurious,,,9.337938,Multiplet,
460,Spurious,,,9.453171666666666,Multiplet,
460,Spurious,,,9.53862,Doublet,
460,Spurious,,,9.58257,Singlet,
460,Spurious,,,9.669411428571427,Multiplet,
460,Spurious,,,9.750213333333333,Triplet,
460,Spurious,,,9.8315925,Quartet,
460,Spurious,,,9.941455714285715,Multiplet,
461,Matched,0.8870486666666667,Triplet,0.9120054444444443,Multiplet,0.024956777777777606
461,Matched,7.4683,Singlet,7.46097,Singlet,0.007330000000000503
461,Missed,1.267705,Quartet,,,
461,Missed,1.4062599999999998,Triplet,,,
461,Missed,1.78712,Triplet,,,
461,Missed,4.318056666666667,Triplet,,,
461,Missed,7.64896,Singlet,,,
461,Spurious,,,0.842289,Singlet,
461,Spurious,,,1.15967,Singlet,
461,Spurious,,,1.2793025,Quartet,
461,Spurious,,,1.50147,Singlet,
461,Spurious,,,2.35597,Singlet,
461,Spurious,,,3.80373,Singlet,
461,Spurious,,,6.80912,Singlet,
461,Spurious,,,7.3389,Singlet,
462,Matched,2.5958375,Quartet,2.5757,Singlet,0.02013750000000014
462,Matched,2.8442525,Quartet,2.87111,Singlet,0.026857499999999757
462,Matched,4.582545,Doublet,4.602685,Quartet,0.02014000000000049
462,Matched,5.795925,Doublet,5.782500000000001,Doublet,0.013424999999999798
462,Matched,7.2293449999999995,Multiplet,7.200965,Doublet,0.028379999999999406
462,Missed,4.7235325,Quartet,,,
462,Missed,7.6172249999999995,Doublet,,,
462,Missed,8.37407,Singlet,,,
462,Spurious,,,0.151368,Singlet,
462,Spurious,,,0.214845,Singlet,
462,Spurious,,,0.380861,Doublet,
462,Spurious,,,0.4528835,Doublet,
462,Spurious,,,0.5452500000000001,Triplet,
462,Spurious,,,0.610355,Singlet,
462,Spurious,,,0.664066,Singlet,
462,Spurious,,,0.710453,Singlet,
462,Spurious,,,0.759281,Singlet,
462,Spurious,,,0.847172,Singlet,
462,Spurious,,,0.8862345,Doublet,
462,Spurious,,,0.944829,Singlet,
462,Spurious,,,1.05713,Singlet,
462,Spurious,,,1.15357,Doublet,
462,Spurious,,,1.22315,Singlet,
462,Spurious,,,1.350105,Doublet,
462,Spurious,,,1.470955,Doublet,
462,Spurious,,,1.69434,Singlet,
462,Spurious,,,1.7566000000000002,Doublet,
462,Spurious,,,1.88966,Singlet,
462,Spurious,,,1.97511,Singlet,
462,Spurious,,,2.08497,Doublet,
462,Spurious,,,2.1728633333333334,Triplet,
462,Spurious,,,2.25343,Singlet,
462,Spurious,,,2.38893,Doublet,
462,Spurious,,,2.54396,Singlet,
462,Spurious,,,2.66603,Doublet,
462,Spurious,,,2.7270649999999996,Doublet,
462,Spurious,,,2.78322,Singlet,
462,Spurious,,,2.92238,Singlet,
462,Spurious,,,3.04689,Singlet,
462,Spurious,,,3.243016666666667,Triplet,
462,Spurious,,,3.3528800000000003,Triplet,
462,Spurious,,,3.4424,Singlet,
462,Spurious,,,3.610855,Doublet,
462,Spurious,,,3.67433,Singlet,
462,Spurious,,,3.8794133333333334,Triplet,
462,Spurious,,,3.95998,Doublet,
462,Spurious,,,4.0674,Singlet,
462,Spurious,,,4.256856000000001,Multiplet,
462,Spurious,,,4.33108,Singlet,
462,Spurious,,,4.40188,Singlet,
462,Spurious,,,4.453145,Doublet,
462,Spurious,,,4.52639,Singlet,
462,Spurious,,,4.86819,Singlet,
462,Spurious,,,5.40937,Triplet,
462,Spurious,,,5.53958,Singlet,
462,Spurious,,,5.65433,Singlet,
462,Spurious,,,5.6941999999999995,Triplet,
462,Spurious,,,5.90091,Singlet,
462,Spurious,,,5.93265,Singlet,
462,Spurious,,,5.99124,Singlet,
462,Spurious,,,6.07181,Singlet,
462,Spurious,,,6.22562,Singlet,
462,Spurious,,,6.27445,Singlet,
462,Spurious,,,6.37943,Singlet,
462,Spurious,,,6.516145,Quartet,
462,Spurious,,,6.61136,Singlet,
462,Spurious,,,6.71268,Doublet,
462,Spurious,,,6.80912,Singlet,
462,Spurious,,,6.913283333333333,Triplet,
462,Spurious,,,7.105339999999999,Triplet,
462,Spurious,,,7.16068,Singlet,
462,Spurious,,,7.431050285714287,Multiplet,
462,Spurious,,,7.6923,Quartet,
462,Spurious,,,7.818233333333333,Multiplet,
462,Spurious,,,7.88822,Singlet,
462,Spurious,,,8.011405454545455,Multiplet,
462,Spurious,,,8.20072,Singlet,
462,Spurious,,,8.26908,Singlet,
462,Spurious,,,8.4558525,Quartet,
462,Spurious,,,8.5352,Singlet,
462,Spurious,,,8.62309,Singlet,
462,Spurious,,,8.67924,Singlet,
462,Spurious,,,8.71098,Singlet,
462,Spurious,,,8.9478,Singlet,
462,Spurious,,,8.99907,Singlet,
462,Spurious,,,9.04057,Singlet,
462,Spurious,,,9.135440000000001,Multiplet,
462,Spurious,,,9.22612,Singlet,
462,Spurious,,,9.338425,Doublet,
462,Spurious,,,9.46538,Singlet,
462,Spurious,,,9.86089,Doublet,
462,Spurious,,,9.94878,Singlet,
463,Matched,1.77003,Triplet,1.781015,Doublet,0.010985000000000023
463,Matched,2.3861825,Multiplet,2.40968,Singlet,0.02349749999999995
463,Matched,3.7939633333333336,Triplet,3.8098349999999996,Doublet,0.015871666666666062
463,Matched,3.9192933333333335,Triplet,3.936785,Doublet,0.01749166666666646
463,Missed,2.67254,Triplet,,,
463,Missed,3.622455,Quartet,,,
463,Missed,7.03098,Multiplet,,,
463,Missed,7.186838571428571,Multiplet,,,
463,Spurious,,,0.109864,Singlet,
463,Spurious,,,0.458987,Singlet,
463,Spurious,,,0.5139185,Doublet,
463,Spurious,,,0.70557,Singlet,
463,Spurious,,,0.747074,Singlet,
463,Spurious,,,0.8847700000000002,Multiplet,
463,Spurious,,,0.983892,Singlet,
463,Spurious,,,1.15479,Singlet,
463,Spurious,,,1.210945,Doublet,
463,Spurious,,,1.27198,Singlet,
463,Spurious,,,1.46485,Doublet,
463,Spurious,,,1.64307,Singlet,
463,Spurious,,,1.989755,Doublet,
463,Spurious,,,2.09718,Singlet,
463,Spurious,,,2.44142,Singlet,
463,Spurious,,,2.72462,Singlet,
463,Spurious,,,2.77101,Singlet,
463,Spurious,,,2.87355,Singlet,
463,Spurious,,,2.92238,Singlet,
463,Spurious,,,2.99318,Singlet,
463,Spurious,,,3.23976,Singlet,
463,Spurious,,,3.45461,Singlet,
463,Spurious,,,3.86232,Singlet,
463,Spurious,,,3.97951,Singlet,
463,Spurious,,,4.02346,Singlet,
463,Spurious,,,4.30666,Singlet,
463,Spurious,,,4.40188,Singlet,
463,Spurious,,,4.67532,Singlet,
463,Spurious,,,5.07083,Singlet,
463,Spurious,,,5.376003333333333,Triplet,
463,Spurious,,,5.51516,Singlet,
463,Spurious,,,6.06204,Singlet,
463,Spurious,,,6.24515,Singlet,
463,Spurious,,,6.46976,Singlet,
463,Spurious,,,6.69437,Singlet,
463,Spurious,,,6.90433,Singlet,
463,Spurious,,,7.093946666666667,Triplet,
463,Spurious,,,7.3967659999999995,Multiplet,
463,Spurious,,,7.56351,Singlet,
463,Spurious,,,7.64896,Singlet,
463,Spurious,,,7.686805,Doublet,
463,Spurious,,,7.76615,Singlet,
463,Spurious,,,7.89799,Doublet,
463,Spurious,,,7.999713333333333,Triplet,
463,Spurious,,,8.07377,Singlet,
463,Spurious,,,8.187703333333333,Triplet,
463,Spurious,,,8.33012,Singlet,
463,Spurious,,,8.57182,Singlet,
463,Spurious,,,8.67924,Singlet,
463,Spurious,,,8.74272,Singlet,
463,Spurious,,,8.79399,Singlet,
463,Spurious,,,8.955125,Doublet,
463,Spurious,,,9.04057,Singlet,
463,Spurious,,,9.14311,Singlet,
463,Spurious,,,9.3311,Singlet,
463,Spurious,,,9.4312,Singlet,
463,Spurious,,,9.69243,Singlet,
463,Spurious,,,9.87065,Singlet,
464,Matched,1.2679099999999999,Triplet,1.27198,Singlet,0.00407000000000024
464,Matched,7.367386666666667,Triplet,7.3376850000000005,Quartet,0.02970166666666696
464,Missed,1.92579,Multiplet,,,
464,Missed,2.4902466666666663,Triplet,,,
464,Missed,3.2715,Doublet,,,
464,Missed,3.5864433333333334,Triplet,,,
464,Missed,4.100604000000001,Multiplet,,,
464,Missed,7.46237,Multiplet,,,
464,Missed,7.89677,Quartet,,,
464,Missed,7.9675650000000005,Doublet,,,
464,Spurious,,,0.939946,Singlet,
464,Spurious,,,0.971685,Singlet,
464,Spurious,,,1.05958,Singlet,
464,Spurious,,,1.15967,Singlet,
464,Spurious,,,1.2109433333333333,Triplet,
464,Spurious,,,1.45997,Singlet,
464,Spurious,,,1.62598,Singlet,
464,Spurious,,,2.0044,Singlet,
464,Spurious,,,2.19728,Singlet,
464,Spurious,,,2.3339933333333334,Triplet,
464,Spurious,,,2.9175,Singlet,
464,Spurious,,,3.83547,Singlet,
464,Spurious,,,3.88796,Doublet,
464,Spurious,,,3.97951,Singlet,
464,Spurious,,,4.20656,Singlet,
464,Spurious,,,4.33352,Singlet,
464,Spurious,,,6.23294,Singlet,
464,Spurious,,,6.56009,Singlet,
464,Spurious,,,6.6138,Singlet,
464,Spurious,,,7.01175,Singlet,
464,Spurious,,,7.09232,Singlet,
464,Spurious,,,7.59525,Singlet,
464,Spurious,,,8.46684,Singlet,
465,Matched,0.742191,Singlet,0.729984,Doublet,0.012207000000000079
465,Matched,0.872807,Multiplet,0.8937626666666666,Multiplet,0.020955666666666595
465,Matched,1.1466566666666667,Triplet,1.15723,Singlet,0.010573333333333323
465,Matched,1.3347229999999999,Multiplet,1.296394,Multiplet,0.038328999999999835
465,Matched,2.3891739999999997,Multiplet,2.43898,Singlet,0.04980600000000024
465,Matched,3.536395,Quartet,3.53273,Singlet,0.0036650000000002514
465,Matched,3.601095,Doublet,3.63283,Singlet,0.03173499999999985
465,Matched,3.780535,Doublet,3.80373,Singlet,0.023194999999999855
465,Missed,1.6912814545454549,Multiplet,,,
465,Missed,2.248546,Multiplet,,,
465,Missed,3.176285,Doublet,,,
465,Missed,3.912375,Doublet,,,
465,Spurious,,,0.6811555,Doublet,
465,Spurious,,,1.019295,Doublet,
465,Spurious,,,1.2133833333333333,Triplet,
465,Spurious,,,1.420295,Quartet,
465,Spurious,,,1.49781,Doublet,
465,Spurious,,,1.5503,Singlet,
465,Spurious,,,1.84327,Singlet,
465,Spurious,,,2.35597,Singlet,
465,Spurious,,,3.49123,Singlet,
465,Spurious,,,3.83547,Singlet,
465,Spurious,,,4.20656,Singlet,
465,Spurious,,,4.33352,Singlet,
465,Spurious,,,4.61672,Singlet,
465,Spurious,,,4.6802,Singlet,
465,Spurious,,,4.96096,Singlet,
465,Spurious,,,6.80912,Singlet,
465,Spurious,,,6.88968,Singlet,
465,Spurious,,,7.0032049999999995,Doublet,
465,Spurious,,,7.30228,Singlet,
465,Spurious,,,7.828405,Doublet,
465,Spurious,,,8.20561,Singlet,
465,Spurious,,,9.17729,Singlet,
465,Spurious,,,9.9439,Singlet,
466,Missed,1.32325,Singlet,,,
466,Missed,2.86867,Singlet,,,
466,Missed,3.573423333333333,Triplet,,,
466,Missed,3.83547,Singlet,,,
466,Missed,3.87209,Singlet,,,
466,Missed,3.9764599999999994,Quartet,,,
466,Missed,4.03566,Singlet,,,
466,Missed,7.03617,Singlet,,,
466,Missed,7.21927,Singlet,,,
466,Spurious,,,0.898442,Singlet,
466,Spurious,,,0.939946,Singlet,
466,Spurious,,,1.15967,Singlet,
466,Spurious,,,1.2671,Singlet,
466,Spurious,,,2.19728,Singlet,
466,Spurious,,,2.35597,Singlet,
466,Spurious,,,3.83547,Singlet,
466,Spurious,,,4.20656,Singlet,
467,Matched,0.9692435,Doublet,0.971685,Singlet,0.0024414999999999853
467,Matched,3.98928,Singlet,3.97951,Singlet,0.009770000000000056
467,Missed,1.1877550000000001,Doublet,,,
467,Missed,1.4087,Singlet,,,
467,Missed,1.700445,Doublet,,,
467,Missed,1.8131599999999999,Triplet,,,
467,Missed,1.923348,Multiplet,,,
467,Missed,2.096365,Multiplet,,,
467,Missed,2.193372,Multiplet,,,
467,Missed,4.27818,Triplet,,,
467,Missed,4.860865,Doublet,,,
467,Missed,5.036645,Doublet,,,
467,Missed,6.08401,Singlet,,,
467,Missed,6.342805,Doublet,,,
467,Missed,7.204625,Doublet,,,
467,Spurious,,,0.524905,Singlet,
467,Spurious,,,0.939946,Singlet,
467,Spurious,,,1.05958,Singlet,
467,Spurious,,,1.192876,Multiplet,
467,Spurious,,,1.265875,Doublet,
467,Spurious,,,1.45997,Singlet,
467,Spurious,,,2.011725,Doublet,
467,Spurious,,,2.15577,Singlet,
467,Spurious,,,2.3359460000000003,Multiplet,
467,Spurious,,,2.9175,Singlet,
467,Spurious,,,3.27394,Singlet,
467,Spurious,,,3.30812,Singlet,
467,Spurious,,,3.37404,Singlet,
467,Spurious,,,3.49123,Singlet,
467,Spurious,,,3.70119,Singlet,
467,Spurious,,,3.83547,Singlet,
467,Spurious,,,3.88796,Doublet,
467,Spurious,,,4.33352,Singlet,
467,Spurious,,,4.6802,Singlet,
467,Spurious,,,4.74368,Singlet,
467,Spurious,,,6.23294,Singlet,
467,Spurious,,,6.56009,Singlet,
467,Spurious,,,6.6138,Singlet,
467,Spurious,,,7.09232,Singlet,
467,Spurious,,,7.3376850000000005,Quartet,
467,Spurious,,,7.44144,Singlet,
467,Spurious,,,7.49271,Singlet,
467,Spurious,,,7.59525,Singlet,
467,Spurious,,,7.69047,Singlet,
467,Spurious,,,8.07865,Singlet,
467,Spurious,,,8.46684,Singlet,
467,Spurious,,,9.57524,Singlet,
468,Matched,1.9759233333333335,Triplet,2.0095319999999997,Multiplet,0.033608666666666176
468,Matched,4.386008333333333,Multiplet,4.38235,Singlet,0.003658333333333097
468,Matched,4.637475,Doublet,4.62161,Singlet,0.015864999999999796
468,Matched,6.76761,Triplet,6.80667,Singlet,0.039060000000000095
468,Matched,6.890905,Doublet,6.901890000000001,Triplet,0.010985000000000689
468,Matched,7.14847,Singlet,7.1387075,Multiplet,0.009762499999999896
468,Matched,7.686805,Doublet,7.71,Triplet,0.0231950000000003
468,Matched,7.755165,Doublet,7.77836,Singlet,0.0231950000000003
468,Matched,8.22758,Singlet,8.22026,Singlet,0.007319999999999993
468,Matched,9.25542,Singlet,9.240770000000001,Doublet,0.014649999999999608
468,Missed,2.1158966666666665,Triplet,,,
468,Missed,2.314465,Doublet,,,
468,Missed,2.382215,Quartet,,,
468,Spurious,,,0.051269775,Quartet,
468,Spurious,,,0.129395,Singlet,
468,Spurious,,,0.220338,Quartet,
468,Spurious,,,0.394289,Doublet,
468,Spurious,,,0.47607666666666665,Triplet,
468,Spurious,,,0.5224635,Doublet,
468,Spurious,,,0.593265,Singlet,
468,Spurious,,,0.6640656666666667,Triplet,
468,Spurious,,,0.73975,Singlet,
468,Spurious,,,0.82580975,Quartet,
468,Spurious,,,0.9220424444444445,Multiplet,
468,Spurious,,,1.0351614285714288,Multiplet,
468,Spurious,,,1.2488489473684212,Multiplet,
468,Spurious,,,1.427254,Multiplet,
468,Spurious,,,1.53914,Multiplet,
468,Spurious,,,1.60157,Singlet,
468,Spurious,,,1.6989555555555558,Multiplet,
468,Spurious,,,1.78956,Doublet,
468,Spurious,,,1.8598719999999997,Multiplet,
468,Spurious,,,2.1717788888888894,Multiplet,
468,Spurious,,,2.390710769230769,Multiplet,
468,Spurious,,,2.56349,Singlet,
468,Spurious,,,2.60011,Singlet,
468,Spurious,,,2.646495,Doublet,
468,Spurious,,,2.7124175,Quartet,
468,Spurious,,,2.832045,Doublet,
468,Spurious,,,2.9166833333333333,Triplet,
468,Spurious,,,2.98341,Doublet,
468,Spurious,,,3.02003,Singlet,
468,Spurious,,,3.09409,Triplet,
468,Spurious,,,3.18117,Triplet,
468,Spurious,,,3.278011666666666,Multiplet,
468,Spurious,,,3.381364,Multiplet,
468,Spurious,,,3.4424,Singlet,
468,Spurious,,,3.487565,Doublet,
468,Spurious,,,3.5547066666666667,Triplet,
468,Spurious,,,3.6849881818181816,Multiplet,
468,Spurious,,,3.8362822222222217,Multiplet,
468,Spurious,,,3.9616066666666665,Triplet,
468,Spurious,,,4.071308,Multiplet,
468,Spurious,,,4.256203333333334,Triplet,
468,Spurious,,,4.30178,Singlet,
468,Spurious,,,4.340845,Doublet,
468,Spurious,,,4.41653,Singlet,
468,Spurious,,,4.464745000000001,Quartet,
468,Spurious,,,4.553855,Quartet,
468,Spurious,,,4.698684285714285,Multiplet,
468,Spurious,,,4.83157,Singlet,
468,Spurious,,,4.87063,Singlet,
468,Spurious,,,4.95364,Singlet,
468,Spurious,,,5.02688,Singlet,
468,Spurious,,,5.083033333333334,Triplet,
468,Spurious,,,5.145289999999999,Doublet,
468,Spurious,,,5.21731,Triplet,
468,Spurious,,,5.293483999999999,Multiplet,
468,Spurious,,,5.345485,Doublet,
468,Spurious,,,5.4150675,Quartet,
468,Spurious,,,5.49319,Singlet,
468,Spurious,,,5.557644000000001,Multiplet,
468,Spurious,,,5.827665,Doublet,
468,Spurious,,,5.887485,Doublet,
468,Spurious,,,5.9552325,Quartet,
468,Spurious,,,6.10215,Multiplet,
468,Spurious,,,6.22318,Singlet,
468,Spurious,,,6.27445,Singlet,
468,Spurious,,,6.31595,Singlet,
468,Spurious,,,6.4217433333333345,Triplet,
468,Spurious,,,6.538361999999999,Multiplet,
468,Spurious,,,6.709993999999999,Multiplet,
468,Spurious,,,6.991245999999999,Multiplet,
468,Spurious,,,7.382499999999999,Multiplet,
468,Spurious,,,7.5000350000000005,Doublet,
468,Spurious,,,7.584999999999999,Multiplet,
468,Spurious,,,7.837442,Multiplet,
468,Spurious,,,7.949746,Multiplet,
468,Spurious,,,8.0603425,Quartet,
468,Spurious,,,8.12748,Singlet,
468,Spurious,,,8.173866666666667,Triplet,
468,Spurious,,,8.25444,Singlet,
468,Spurious,,,8.355755,Doublet,
468,Spurious,,,8.4058,Singlet,
468,Spurious,,,8.455852499999999,Quartet,
468,Spurious,,,8.5937925,Quartet,
468,Spurious,,,8.734175,Doublet,
468,Spurious,,,8.80009,Quartet,
468,Spurious,,,8.912803333333335,Multiplet,
468,Spurious,,,8.99907,Singlet,
468,Spurious,,,9.04301,Singlet,
468,Spurious,,,9.09184,Singlet,
468,Spurious,,,9.17241,Triplet,
468,Spurious,,,9.30913,Singlet,
468,Spurious,,,9.35063,Singlet,
468,Spurious,,,9.41411,Doublet,
468,Spurious,,,9.535692000000001,Multiplet,
468,Spurious,,,9.699755,Doublet,
468,Spurious,,,9.82671,Triplet,
468,Spurious,,,9.95366,Singlet,
469,Matched,1.41114,Singlet,1.3774612820512822,Multiplet,0.03367871794871791
469,Matched,4.04543,Doublet,4.046243333333333,Triplet,0.0008133333333333326
469,Matched,5.43216,Singlet,5.429715,Doublet,0.0024449999999998084
469,Matched,6.05716,Singlet,6.081575,Doublet,0.024415000000000298
469,Matched,6.78958,Singlet,6.832484285714286,Multiplet,0.04290428571428606
469,Matched,7.346230000000001,Triplet,7.3921269999999994,Multiplet,0.0458969999999983
469,Missed,1.34522,Singlet,,,
469,Missed,4.61916,Singlet,,,
469,Spurious,,,0.00732426,Singlet,
469,Spurious,,,0.07487023333333333,Multiplet,
469,Spurious,,,0.1367195,Doublet,
469,Spurious,,,0.2402358,Multiplet,
469,Spurious,,,0.32959150000000004,Doublet,
469,Spurious,,,0.394696,Triplet,
469,Spurious,,,0.5715359999999999,Multiplet,
469,Spurious,,,0.771488,Singlet,
469,Spurious,,,0.8990523125000001,Multiplet,
469,Spurious,,,1.0427565555555556,Multiplet,
469,Spurious,,,1.15479,Quartet,
469,Spurious,,,1.6532466666666668,Multiplet,
469,Spurious,,,1.72364,Singlet,
469,Spurious,,,1.8390545454545453,Multiplet,
469,Spurious,,,1.96168,Doublet,
469,Spurious,,,2.0863941666666665,Multiplet,
469,Spurious,,,2.242445,Doublet,
469,Spurious,,,2.30958,Doublet,
469,Spurious,,,2.4106569999999996,Multiplet,
469,Spurious,,,2.550675,Quartet,
469,Spurious,,,2.6836070000000003,Multiplet,
469,Spurious,,,2.808851666666666,Multiplet,
469,Spurious,,,2.87599,Singlet,
469,Spurious,,,2.9902490000000004,Multiplet,
469,Spurious,,,3.11037,Singlet,
469,Spurious,,,3.194596666666667,Multiplet,
469,Spurious,,,3.265395,Doublet,
469,Spurious,,,3.34901375,Multiplet,
469,Spurious,,,3.4570499999999997,Doublet,
469,Spurious,,,3.52785,Doublet,
469,Spurious,,,3.56935,Singlet,
469,Spurious,,,3.60353,Singlet,
469,Spurious,,,3.6698014285714287,Multiplet,
469,Spurious,,,3.73293,Singlet,
469,Spurious,,,3.891968571428571,Multiplet,
469,Spurious,,,3.99599,Quartet,
469,Spurious,,,4.10077,Triplet,
469,Spurious,,,4.161806666666667,Triplet,
469,Spurious,,,4.340971052631578,Multiplet,
469,Spurious,,,4.49709,Singlet,
469,Spurious,,,4.5508025,Quartet,
469,Spurious,,,4.70217,Multiplet,
469,Spurious,,,4.77297,Singlet,
469,Spurious,,,4.80715,Singlet,
469,Spurious,,,4.87551,Singlet,
469,Spurious,,,4.932275000000001,Quartet,
469,Spurious,,,5.05455,Triplet,
469,Spurious,,,5.10012,Singlet,
469,Spurious,,,5.13674,Singlet,
469,Spurious,,,5.17581,Singlet,
469,Spurious,,,5.242214,Multiplet,
469,Spurious,,,5.30276,Singlet,
469,Spurious,,,5.36624,Singlet,
469,Spurious,,,5.508814000000001,Multiplet,
469,Spurious,,,5.619167999999999,Multiplet,
469,Spurious,,,5.699495,Doublet,
469,Spurious,,,5.743435,Doublet,
469,Spurious,,,5.7861650000000004,Doublet,
469,Spurious,,,5.841095,Doublet,
469,Spurious,,,5.904163333333333,Triplet,
469,Spurious,,,5.97171,Singlet,
469,Spurious,,,6.026645,Doublet,
469,Spurious,,,6.141144000000001,Multiplet,
469,Spurious,,,6.22318,Singlet,
469,Spurious,,,6.26468,Doublet,
469,Spurious,,,6.3281566666666675,Triplet,
469,Spurious,,,6.37943,Singlet,
469,Spurious,,,6.424996666666668,Triplet,
469,Spurious,,,6.500683333333334,Triplet,
469,Spurious,,,6.56009,Singlet,
469,Spurious,,,6.60892,Doublet,
469,Spurious,,,6.65775,Singlet,
469,Spurious,,,6.71268,Doublet,
469,Spurious,,,6.997918888888889,Multiplet,
469,Spurious,,,7.10697,Triplet,
469,Spurious,,,7.19272375,Multiplet,
469,Spurious,,,7.569210000000001,Triplet,
469,Spurious,,,7.62211,Singlet,
469,Spurious,,,7.66605,Singlet,
469,Spurious,,,7.77618888888889,Multiplet,
469,Spurious,,,7.926798,Multiplet,
469,Spurious,,,8.03471,Singlet,
469,Spurious,,,8.085978,Multiplet,
469,Spurious,,,8.23582,Multiplet,
469,Spurious,,,8.34599,Doublet,
469,Spurious,,,8.452678,Multiplet,
469,Spurious,,,8.53276,Doublet,
469,Spurious,,,8.62431,Doublet,
469,Spurious,,,8.66215,Singlet,
469,Spurious,,,8.732140000000001,Triplet,
469,Spurious,,,8.82817,Singlet,
469,Spurious,,,8.874555,Quartet,
469,Spurious,,,8.942103333333334,Triplet,
469,Spurious,,,9.024460000000001,Multiplet,
469,Spurious,,,9.10771,Doublet,
469,Spurious,,,9.227747777777777,Multiplet,
469,Spurious,,,9.343305,Doublet,
469,Spurious,,,9.455918749999999,Multiplet,
469,Spurious,,,9.5374,Doublet,
469,Spurious,,,9.5728,Singlet,
469,Spurious,,,9.658252000000001,Multiplet,
469,Spurious,,,9.8138925,Quartet,
469,Spurious,,,9.88286,Singlet,
469,Spurious,,,9.971975,Quartet,
470,Matched,3.0371249999999996,Quartet,3.022475,Quartet,0.014649999999999608
470,Matched,3.2647874999999997,Quartet,3.2422050000000002,Doublet,0.022582499999999506
470,Matched,3.4448400000000006,Triplet,3.4491125000000005,Quartet,0.004272499999999901
470,Matched,6.49906,Singlet,6.51859,Singlet,0.019529999999999603
470,Matched,7.55863,Singlet,7.594035,Quartet,0.03540499999999991
470,Matched,7.7393,Singlet,7.759640000000001,Multiplet,0.020340000000000913
470,Matched,7.9285049999999995,Doublet,7.88364375,Multiplet,0.04486124999999941
470,Spurious,,,0.025634900000000002,Doublet,
470,Spurious,,,0.10823630000000001,Triplet,
470,Spurious,,,0.1733405,Doublet,
470,Spurious,,,0.219728,Singlet,
470,Spurious,,,0.323488,Doublet,
470,Spurious,,,0.44352433333333335,Triplet,
470,Spurious,,,0.5139185,Doublet,
470,Spurious,,,0.561526,Singlet,
470,Spurious,,,0.607913,Singlet,
470,Spurious,,,0.7031285,Doublet,
470,Spurious,,,0.751957,Doublet,
470,Spurious,,,0.889374,Multiplet,
470,Spurious,,,0.999517,Multiplet,
470,Spurious,,,1.2066347058823528,Multiplet,
470,Spurious,,,1.36475,Singlet,
470,Spurious,,,1.44483,Multiplet,
470,Spurious,,,1.50391,Singlet,
470,Spurious,,,1.55518,Singlet,
470,Spurious,,,1.63697,Doublet,
470,Spurious,,,1.67481,Singlet,
470,Spurious,,,1.757122857142857,Multiplet,
470,Spurious,,,1.861585,Doublet,
470,Spurious,,,1.922615,Doublet,
470,Spurious,,,1.9940275,Quartet,
470,Spurious,,,2.10206,Doublet,
470,Spurious,,,2.158215,Doublet,
470,Spurious,,,2.2631949999999996,Quartet,
470,Spurious,,,2.3944225,Quartet,
470,Spurious,,,2.4627825,Quartet,
470,Spurious,,,2.53175,Triplet,
470,Spurious,,,2.5958375,Quartet,
470,Spurious,,,2.709975,Quartet,
470,Spurious,,,2.77101,Singlet,
470,Spurious,,,2.80519,Singlet,
470,Spurious,,,2.87355,Singlet,
470,Spurious,,,2.92238,Singlet,
470,Spurious,,,3.10548,Singlet,
470,Spurious,,,3.16164,Singlet,
470,Spurious,,,3.298355,Doublet,
470,Spurious,,,3.59621,Singlet,
470,Spurious,,,3.731705,Doublet,
470,Spurious,,,3.80129,Singlet,
470,Spurious,,,3.8615099999999996,Triplet,
470,Spurious,,,3.931905,Quartet,
470,Spurious,,,4.00881,Quartet,
470,Spurious,,,4.07229,Singlet,
470,Spurious,,,4.12844,Singlet,
470,Spurious,,,4.20901,Singlet,
470,Spurious,,,4.27004,Singlet,
470,Spurious,,,4.317645000000001,Doublet,
470,Spurious,,,4.4122525,Quartet,
470,Spurious,,,4.547145,Doublet,
470,Spurious,,,4.6679949999999995,Doublet,
470,Spurious,,,4.729025,Doublet,
470,Spurious,,,4.77786,Singlet,
470,Spurious,,,4.812035,Doublet,
470,Spurious,,,4.87368,Quartet,
470,Spurious,,,4.98538,Doublet,
470,Spurious,,,5.07083,Singlet,
470,Spurious,,,5.11721,Singlet,
470,Spurious,,,5.21487,Singlet,
470,Spurious,,,5.26126,Doublet,
470,Spurious,,,5.338165,Doublet,
470,Spurious,,,5.38821,Triplet,
470,Spurious,,,5.517605,Doublet,
470,Spurious,,,5.61526,Singlet,
470,Spurious,,,5.65921,Singlet,
470,Spurious,,,5.740995,Doublet,
470,Spurious,,,5.79837,Singlet,
470,Spurious,,,5.8472,Singlet,
470,Spurious,,,5.92288,Singlet,
470,Spurious,,,6.00589,Singlet,
470,Spurious,,,6.06204,Singlet,
470,Spurious,,,6.231719999999999,Doublet,
470,Spurious,,,6.27689,Singlet,
470,Spurious,,,6.394073333333334,Triplet,
470,Spurious,,,6.43558,Singlet,
470,Spurious,,,6.47464,Doublet,
470,Spurious,,,6.56253,Singlet,
470,Spurious,,,6.619905,Doublet,
470,Spurious,,,6.704136666666667,Triplet,
470,Spurious,,,6.87259,Singlet,
470,Spurious,,,6.90433,Singlet,
470,Spurious,,,7.00931,Singlet,
470,Spurious,,,7.086215,Doublet,
470,Spurious,,,7.15091,Singlet,
470,Spurious,,,7.229738571428571,Multiplet,
470,Spurious,,,7.418139545454546,Multiplet,
470,Spurious,,,7.67582,Multiplet,
470,Spurious,,,8.032614285714287,Multiplet,
470,Spurious,,,8.11283,Singlet,
470,Spurious,,,8.1824125,Quartet,
470,Spurious,,,8.305703333333334,Triplet,
470,Spurious,,,8.36674,Singlet,
470,Spurious,,,8.4058,Singlet,
470,Spurious,,,8.45951,Singlet,
470,Spurious,,,8.514853333333333,Triplet,
470,Spurious,,,8.57182,Singlet,
470,Spurious,,,8.65971,Triplet,
470,Spurious,,,8.81276923076923,Multiplet,
470,Spurious,,,8.968143333333334,Triplet,
470,Spurious,,,9.046675,Doublet,
470,Spurious,,,9.08452,Singlet,
470,Spurious,,,9.151655,Doublet,
470,Spurious,,,9.20171,Singlet,
470,Spurious,,,9.2603,Singlet,
470,Spurious,,,9.29936,Singlet,
470,Spurious,,,9.334765,Doublet,
470,Spurious,,,9.425503333333333,Triplet,
470,Spurious,,,9.47515,Singlet,
470,Spurious,,,9.525195,Doublet,
470,Spurious,,,9.57768,Singlet,
470,Spurious,,,9.69243,Singlet,
470,Spurious,,,9.75591,Triplet,
470,Spurious,,,9.81939,Singlet,
470,Spurious,,,9.86699,Doublet,
470,Spurious,,,9.90239,Singlet,
470,Spurious,,,9.97319,Singlet,
471,Matched,1.33985,Multiplet,1.33546,Singlet,0.004389999999999894
471,Matched,1.5226316666666666,Multiplet,1.50147,Singlet,0.021161666666666523
471,Missed,0.9448289999999999,Quartet,,,
471,Missed,1.04004,Singlet,,,
471,Missed,1.21338,Singlet,,,
471,Missed,1.8186350000000002,Multiplet,,,
471,Missed,2.0568950000000004,Quartet,,,
471,Missed,2.3193475,Quartet,,,
471,Missed,2.556165,Doublet,,,
471,Missed,3.3891760000000004,Multiplet,,,
471,Missed,3.624285,Quartet,,,
471,Missed,3.68166,Doublet,,,
471,Missed,3.88918,Doublet,,,
471,Missed,3.92824,Singlet,,,
471,Missed,5.35159,Doublet,,,
471,Spurious,,,0.673831,Singlet,
471,Spurious,,,0.720218,Singlet,
471,Spurious,,,0.8951128181818183,Multiplet,
471,Spurious,,,1.15967,Singlet,
471,Spurious,,,1.2736066666666668,Triplet,
471,Spurious,,,1.420906,Multiplet,
471,Spurious,,,2.62941,Singlet,
471,Spurious,,,3.92824,Singlet,
471,Spurious,,,6.80912,Singlet,
471,Spurious,,,6.892125,Doublet,
471,Spurious,,,7.828405,Doublet,
471,Spurious,,,8.07133,Singlet,
471,Spurious,,,9.10161,Singlet,
472,Matched,0.8483925,Doublet,0.8957786363636365,Multiplet,0.04738613636363653
472,Matched,1.5177074999999998,Multiplet,1.51612,Doublet,0.001587499999999853
472,Missed,0.793461,Singlet,,,
472,Missed,0.972092,Multiplet,,,
472,Missed,1.7590414285714289,Multiplet,,,
472,Missed,1.9267227272727276,Multiplet,,,
472,Missed,2.0414316666666665,Multiplet,,,
472,Missed,2.2448833333333336,Multiplet,,,
472,Missed,2.5225950000000004,Quartet,,,
472,Missed,3.386246,Multiplet,,,
472,Missed,3.4900075,Quartet,,,
472,Missed,3.5528750000000002,Quartet,,,
472,Missed,4.398215,Quartet,,,
472,Missed,5.344265,Doublet,,,
472,Spurious,,,0.673831,Singlet,
472,Spurious,,,0.729984,Doublet,
472,Spurious,,,1.15967,Singlet,
472,Spurious,,,1.20728,Doublet,
472,Spurious,,,1.2736066666666668,Triplet,
472,Spurious,,,1.32569,Doublet,
472,Spurious,,,1.420906,Multiplet,
472,Spurious,,,2.15333,Singlet,
472,Spurious,,,2.62941,Singlet,
472,Spurious,,,2.80763,Singlet,
472,Spurious,,,3.92824,Singlet,
472,Spurious,,,4.28957,Singlet,
472,Spurious,,,6.80912,Singlet,
472,Spurious,,,6.892125,Doublet,
472,Spurious,,,7.828405,Doublet,
472,Spurious,,,8.07133,Singlet,
472,Spurious,,,9.10161,Singlet,
473,Matched,1.577155,Quartet,1.58692,Singlet,0.009765000000000024
473,Matched,2.31202,Triplet,2.2843533333333332,Triplet,0.027666666666666728
473,Matched,5.99124,Singlet,5.979035,Doublet,0.012205000000000688
473,Missed,0.8870486666666667,Triplet,,,
473,Missed,1.27686,Quartet,,,
473,Missed,7.17777,Singlet,,,
473,Missed,7.316929999999999,Triplet,,,
473,Missed,7.400426,Multiplet,,,
473,Spurious,,,0.0469973,Quartet,
473,Spurious,,,0.15441975,Quartet,
473,Spurious,,,0.219728,Singlet,
473,Spurious,,,0.263673,Singlet,
473,Spurious,,,0.31311174999999997,Quartet,
473,Spurious,,,0.358889,Singlet,
473,Spurious,,,0.432131,Singlet,
473,Spurious,,,0.49560800000000005,Doublet,
473,Spurious,,,0.57556425,Quartet,
473,Spurious,,,0.6579619999999999,Doublet,
473,Spurious,,,0.7112666666666666,Triplet,
473,Spurious,,,0.777592,Doublet,
473,Spurious,,,1.073927484848485,Multiplet,
473,Spurious,,,1.36719,Singlet,
473,Spurious,,,1.4087,Singlet,
473,Spurious,,,1.4931014285714286,Multiplet,
473,Spurious,,,1.6365633333333334,Triplet,
473,Spurious,,,1.717362857142857,Multiplet,
473,Spurious,,,1.787115,Doublet,
473,Spurious,,,1.8538533333333334,Triplet,
473,Spurious,,,1.90919,Singlet,
473,Spurious,,,1.94581,Doublet,
473,Spurious,,,2.01661,Singlet,
473,Spurious,,,2.08741,Singlet,
473,Spurious,,,2.1492633333333333,Triplet,
473,Spurious,,,2.21193,Singlet,
473,Spurious,,,2.3925925,Quartet,
473,Spurious,,,2.468276,Multiplet,
473,Spurious,,,2.53908,Singlet,
473,Spurious,,,2.592785,Doublet,
473,Spurious,,,2.686785,Doublet,
473,Spurious,,,2.740495,Doublet,
473,Spurious,,,2.80519,Singlet,
473,Spurious,,,2.8619525,Quartet,
473,Spurious,,,2.9521620000000004,Multiplet,
473,Spurious,,,3.0411933333333327,Triplet,
473,Spurious,,,3.2001771428571435,Multiplet,
473,Spurious,,,3.452571666666667,Multiplet,
473,Spurious,,,3.52134,Triplet,
473,Spurious,,,3.569355,Doublet,
473,Spurious,,,3.67433,Singlet,
473,Spurious,,,3.739031666666666,Multiplet,
473,Spurious,,,3.80129,Singlet,
473,Spurious,,,3.9367877777777776,Multiplet,
473,Spurious,,,4.093446666666667,Multiplet,
473,Spurious,,,4.2265033333333335,Multiplet,
473,Spurious,,,4.333515,Quartet,
473,Spurious,,,4.42678,Multiplet,
473,Spurious,,,4.553245,Doublet,
473,Spurious,,,4.59353,Doublet,
473,Spurious,,,4.7027825,Quartet,
473,Spurious,,,4.8540280000000005,Multiplet,
473,Spurious,,,5.031097272727274,Multiplet,
473,Spurious,,,5.18557,Singlet,
473,Spurious,,,5.262073333333333,Triplet,
473,Spurious,,,5.35444,Multiplet,
473,Spurious,,,5.4516849999999994,Doublet,
473,Spurious,,,5.75198,Triplet,
473,Spurious,,,5.80569,Singlet,
473,Spurious,,,5.91556,Singlet,
473,Spurious,,,6.087064999999999,Quartet,
473,Spurious,,,6.237824285714285,Multiplet,
473,Spurious,,,6.394073333333334,Triplet,
473,Spurious,,,6.43558,Singlet,
473,Spurious,,,6.5121787499999995,Multiplet,
473,Spurious,,,6.6101399999999995,Doublet,
473,Spurious,,,6.7516066666666665,Multiplet,
473,Spurious,,,6.946724545454544,Multiplet,
473,Spurious,,,7.086623333333333,Triplet,
473,Spurious,,,7.389724736842105,Multiplet,
473,Spurious,,,7.7075575,Multiplet,
473,Spurious,,,7.944162608695654,Multiplet,
473,Spurious,,,8.12748,Singlet,
473,Spurious,,,8.382327692307692,Multiplet,
473,Spurious,,,8.636274,Multiplet,
473,Spurious,,,8.783734999999998,Multiplet,
473,Spurious,,,8.987402222222222,Multiplet,
473,Spurious,,,9.08818,Doublet,
473,Spurious,,,9.19060909090909,Multiplet,
473,Spurious,,,9.389695555555555,Multiplet,
473,Spurious,,,9.493049999999998,Triplet,
473,Spurious,,,9.593960000000001,Triplet,
473,Spurious,,,9.728355714285714,Multiplet,
473,Spurious,,,9.829155,Doublet,
473,Spurious,,,9.87065,Singlet,
473,Spurious,,,9.90239,Singlet,
473,Spurious,,,9.93901,Singlet,
473,Spurious,,,9.97319,Singlet,
474,Matched,0.9692435,Doublet,0.92651825,Multiplet,0.04272525000000005
474,Matched,1.07667,Singlet,1.032232,Multiplet,0.04443799999999998
474,Matched,1.699225,Doublet,1.6601650000000001,Doublet,0.03905999999999987
474,Matched,1.8277075,Multiplet,1.838385,Doublet,0.010677499999999895
474,Matched,2.174085,Doublet,2.1549600000000004,Multiplet,0.019124999999999392
474,Matched,2.2339,Singlet,2.22657,Singlet,0.007330000000000059
474,Matched,2.37794,Singlet,2.3750925,Multiplet,0.002847500000000114
474,Matched,2.5122166666666668,Triplet,2.56186,Triplet,0.04964333333333304
474,Matched,3.98928,Singlet,3.977885,Multiplet,0.011394999999999822
474,Matched,4.3603724999999995,Quartet,4.33718,Doublet,0.023192499999999505
474,Matched,4.860865,Doublet,4.87551,Singlet,0.014644999999999797
474,Missed,1.36719,Singlet,,,
474,Missed,1.97633,Doublet,,,
474,Missed,2.08314,Multiplet,,,
474,Missed,5.036645,Doublet,,,
474,Missed,5.70071,Singlet,,,
474,Spurious,,,0.07324255,Doublet,
474,Spurious,,,0.152589,Doublet,
474,Spurious,,,0.394289,Doublet,
474,Spurious,,,0.5224635,Doublet,
474,Spurious,,,0.593265,Singlet,
474,Spurious,,,0.668949,Singlet,
474,Spurious,,,0.73975,Singlet,
474,Spurious,,,0.805668,Singlet,
474,Spurious,,,0.847172,Singlet,
474,Spurious,,,1.2425376470588234,Multiplet,
474,Spurious,,,1.4290450000000001,Multiplet,
474,Spurious,,,1.5410239999999997,Multiplet,
474,Spurious,,,1.7395100000000001,Doublet,
474,Spurious,,,1.78956,Singlet,
474,Spurious,,,1.89454,Singlet,
474,Spurious,,,2.01661,Multiplet,
474,Spurious,,,2.72462,Singlet,
474,Spurious,,,2.83937,Singlet,
474,Spurious,,,2.87355,Singlet,
474,Spurious,,,2.9175,Singlet,
474,Spurious,,,2.98097,Singlet,
474,Spurious,,,3.08107,Singlet,
474,Spurious,,,3.1771,Triplet,
474,Spurious,,,3.22023,Singlet,
474,Spurious,,,3.28696,Triplet,
474,Spurious,,,3.37404,Singlet,
474,Spurious,,,3.49123,Singlet,
474,Spurious,,,3.54616,Doublet,
474,Spurious,,,3.6450366666666665,Triplet,
474,Spurious,,,3.70119,Singlet,
474,Spurious,,,3.73781,Singlet,
474,Spurious,,,3.8672075,Quartet,
474,Spurious,,,4.08938,Singlet,
474,Spurious,,,4.20656,Singlet,
474,Spurious,,,4.393335,Doublet,
474,Spurious,,,4.4678,Singlet,
474,Spurious,,,4.522724999999999,Doublet,
474,Spurious,,,4.57766,Singlet,
474,Spurious,,,4.61672,Singlet,
474,Spurious,,,4.662296666666666,Triplet,
474,Spurious,,,4.72903,Doublet,
474,Spurious,,,4.80959,Singlet,
474,Spurious,,,4.942655,Doublet,
474,Spurious,,,5.13186,Singlet,
474,Spurious,,,5.2637,Singlet,
474,Spurious,,,5.305205,Doublet,
474,Spurious,,,5.345485,Doublet,
474,Spurious,,,5.433375,Doublet,
474,Spurious,,,5.47366,Singlet,
474,Spurious,,,5.564806666666667,Triplet,
474,Spurious,,,5.89603,Singlet,
474,Spurious,,,5.92776,Singlet,
474,Spurious,,,6.074249999999999,Triplet,
474,Spurious,,,6.22806,Doublet,
474,Spurious,,,6.42093,Doublet,
474,Spurious,,,6.551545,Doublet,
474,Spurious,,,6.604035,Doublet,
474,Spurious,,,6.67972,Singlet,
474,Spurious,,,6.7261050000000004,Doublet,
474,Spurious,,,6.788365,Doublet,
474,Spurious,,,6.909215,Doublet,
474,Spurious,,,7.008496666666666,Triplet,
474,Spurious,,,7.12371,Multiplet,
474,Spurious,,,7.21683,Singlet,
474,Spurious,,,7.317338333333333,Multiplet,
474,Spurious,,,7.39506,Singlet,
474,Spurious,,,7.434933333333333,Triplet,
474,Spurious,,,7.49271,Singlet,
474,Spurious,,,7.561685,Quartet,
474,Spurious,,,7.69047,Singlet,
474,Spurious,,,7.812049999999999,Multiplet,
474,Spurious,,,7.91874,Doublet,
474,Spurious,,,7.96635,Singlet,
474,Spurious,,,8.07865,Singlet,
474,Spurious,,,8.12016,Singlet,
474,Spurious,,,8.17509,Doublet,
474,Spurious,,,8.2349,Singlet,
474,Spurious,,,8.34843,Doublet,
474,Spurious,,,8.4058,Singlet,
474,Spurious,,,8.45341,Doublet,
474,Spurious,,,8.5858575,Quartet,
474,Spurious,,,8.64506,Singlet,
474,Spurious,,,8.73051,Singlet,
474,Spurious,,,8.82084,Singlet,
474,Spurious,,,8.87211,Singlet,
474,Spurious,,,8.92094,Singlet,
474,Spurious,,,8.97954,Singlet,
474,Spurious,,,9.163865,Doublet,
474,Spurious,,,9.250535,Doublet,
474,Spurious,,,9.30913,Singlet,
474,Spurious,,,9.35307,Singlet,
474,Spurious,,,9.58867,Doublet,
474,Spurious,,,9.80718,Singlet,
474,Spurious,,,9.968309999999999,Doublet,
475,Matched,6.785925,Quartet,6.781772000000001,Multiplet,0.004152999999998741
475,Matched,6.99711,Singlet,7.019078,Multiplet,0.02196800000000021
475,Matched,7.2986249999999995,Doublet,7.316929999999999,Quartet,0.018304999999999794
475,Spurious,,,0.037842,Doublet,
475,Spurious,,,0.10254,Singlet,
475,Spurious,,,0.139161,Singlet,
475,Spurious,,,0.246583,Singlet,
475,Spurious,,,0.39551,Singlet,
475,Spurious,,,0.441897,Singlet,
475,Spurious,,,0.480959,Singlet,
475,Spurious,,,0.5163599999999999,Doublet,
475,Spurious,,,0.596927,Doublet,
475,Spurious,,,0.673831,Singlet,
475,Spurious,,,0.729984,Doublet,
475,Spurious,,,0.7824745,Doublet,
475,Spurious,,,0.8939660833333334,Multiplet,
475,Spurious,,,1.019295,Doublet,
475,Spurious,,,1.09131,Singlet,
475,Spurious,,,1.1499066666666666,Triplet,
475,Spurious,,,1.319412857142857,Multiplet,
475,Spurious,,,1.538094,Multiplet,
475,Spurious,,,1.66505,Singlet,
475,Spurious,,,1.84327,Singlet,
475,Spurious,,,2.0056225,Quartet,
475,Spurious,,,2.05323,Singlet,
475,Spurious,,,2.1118249999999996,Doublet,
475,Spurious,,,2.1631,Singlet,
475,Spurious,,,2.19972,Singlet,
475,Spurious,,,2.35597,Singlet,
475,Spurious,,,2.40724,Singlet,
475,Spurious,,,2.43898,Singlet,
475,Spurious,,,2.4756,Singlet,
475,Spurious,,,2.52809,Doublet,
475,Spurious,,,2.61476,Singlet,
475,Spurious,,,2.68556,Doublet,
475,Spurious,,,2.8161750000000003,Doublet,
475,Spurious,,,2.983415,Doublet,
475,Spurious,,,3.03712,Singlet,
475,Spurious,,,3.08107,Singlet,
475,Spurious,,,3.13478,Singlet,
475,Spurious,,,3.17384,Singlet,
475,Spurious,,,3.27394,Singlet,
475,Spurious,,,3.49123,Singlet,
475,Spurious,,,3.53273,Singlet,
475,Spurious,,,3.63039,Doublet,
475,Spurious,,,3.6871525000000003,Quartet,
475,Spurious,,,3.80373,Singlet,
475,Spurious,,,3.83547,Singlet,
475,Spurious,,,3.90871,Multiplet,
475,Spurious,,,4.0063666666666675,Triplet,
475,Spurious,,,4.12356,Singlet,
475,Spurious,,,4.20656,Singlet,
475,Spurious,,,4.26272,Singlet,
475,Spurious,,,4.29446,Singlet,
475,Spurious,,,4.33718,Doublet,
475,Spurious,,,4.41653,Singlet,
475,Spurious,,,4.45681,Doublet,
475,Spurious,,,4.50442,Singlet,
475,Spurious,,,4.61672,Singlet,
475,Spurious,,,4.677756666666666,Triplet,
475,Spurious,,,4.946315,Doublet,
475,Spurious,,,5.04153,Singlet,
475,Spurious,,,5.42483,Doublet,
475,Spurious,,,5.515163333333334,Triplet,
475,Spurious,,,5.62747,Singlet,
475,Spurious,,,6.009956666666667,Triplet,
475,Spurious,,,6.31595,Singlet,
475,Spurious,,,6.455923333333334,Triplet,
475,Spurious,,,6.583690000000001,Triplet,
475,Spurious,,,6.72367,Singlet,
475,Spurious,,,6.871618000000001,Multiplet,
475,Spurious,,,7.12528,Doublet,
475,Spurious,,,7.19242,Singlet,
475,Spurious,,,7.3840699999999995,Doublet,
475,Spurious,,,7.4683,Singlet,
475,Spurious,,,7.66117,Singlet,
475,Spurious,,,7.72953,Singlet,
475,Spurious,,,7.78324,Doublet,
475,Spurious,,,7.835323333333334,Triplet,
475,Spurious,,,7.90531,Singlet,
475,Spurious,,,7.96635,Singlet,
475,Spurious,,,8.12016,Singlet,
475,Spurious,,,8.20561,Singlet,
475,Spurious,,,8.249555,Doublet,
475,Spurious,,,8.447305,Doublet,
475,Spurious,,,8.55717,Singlet,
475,Spurious,,,8.62065,Singlet,
475,Spurious,,,8.73051,Singlet,
475,Spurious,,,8.861125,Doublet,
475,Spurious,,,8.95756,Singlet,
475,Spurious,,,9.00395,Singlet,
475,Spurious,,,9.163865,Doublet,
475,Spurious,,,9.282275,Doublet,
475,Spurious,,,9.35307,Singlet,
475,Spurious,,,9.55571,Singlet,
475,Spurious,,,9.804736,Multiplet,
475,Spurious,,,9.92925,Doublet,
475,Spurious,,,9.97808,Singlet,
476,Missed,1.3956766666666667,Triplet,,,
476,Missed,3.95754,Singlet,,,
476,Missed,4.3084925,Quartet,,,
476,Missed,6.15726,Singlet,,,
476,Missed,7.52933,Singlet,,,
476,Missed,7.75883,Singlet,,,
476,Missed,8.03227,Triplet,,,
476,Missed,8.81352,Singlet,,,
476,Missed,9.28471,Singlet,,,
476,Spurious,,,0.939946,Singlet,
476,Spurious,,,1.145025,Doublet,
476,Spurious,,,1.21827,Singlet,
476,Spurious,,,1.2671,Singlet,
476,Spurious,,,2.19728,Singlet,
476,Spurious,,,2.35597,Singlet,
476,Spurious,,,3.79885,Singlet,
476,Spurious,,,3.83547,Singlet,
476,Spurious,,,3.9013850000000003,Doublet,
476,Spurious,,,3.97951,Singlet,
476,Spurious,,,4.20656,Singlet,
476,Spurious,,,7.33402,Singlet,
476,Spurious,,,7.47318,Singlet,
477,Matched,1.15723,Singlet,1.20712875,Multiplet,0.0498987500000001
477,Missed,0.815434,Singlet,,,
477,Missed,0.9877986,Multiplet,,,
477,Missed,1.23261,Multiplet,,,
477,Missed,1.4069542857142854,Multiplet,,,
477,Missed,1.6461267857142856,Multiplet,,,
477,Missed,2.01478,Multiplet,,,
477,Missed,2.368989333333333,Multiplet,,,
477,Missed,2.641615,Multiplet,,,
477,Missed,2.9280733333333333,Triplet,,,
477,Missed,4.66067,Singlet,,,
477,Missed,5.72024,Singlet,,,
477,Missed,7.23789,Multiplet,,,
477,Spurious,,,0.16612737727272728,Multiplet,
477,Spurious,,,0.380861,Quartet,
477,Spurious,,,0.49707270000000003,Multiplet,
477,Spurious,,,0.6209340000000001,Triplet,
477,Spurious,,,0.701908,Doublet,
477,Spurious,,,0.9336578787878788,Multiplet,
477,Spurious,,,1.4153577272727276,Multiplet,
477,Spurious,,,1.559578,Multiplet,
477,Spurious,,,1.7247905882352943,Multiplet,
477,Spurious,,,1.8851816666666668,Multiplet,
477,Spurious,,,2.1432166666666665,Multiplet,
477,Spurious,,,2.51649175,Multiplet,
477,Spurious,,,2.8475083333333338,Multiplet,
477,Spurious,,,3.334459848484848,Multiplet,
477,Spurious,,,4.16326703125,Multiplet,
477,Spurious,,,4.740188571428572,Multiplet,
477,Spurious,,,4.964015,Quartet,
477,Spurious,,,5.29092,Multiplet,
477,Spurious,,,5.670195,Multiplet,
477,Spurious,,,5.78372,Doublet,
477,Spurious,,,5.8974899999999995,Multiplet,
477,Spurious,,,6.076201333333333,Multiplet,
477,Spurious,,,6.220733333333333,Triplet,
477,Spurious,,,6.478500645161291,Multiplet,
477,Spurious,,,7.1022810000000005,Multiplet,
477,Spurious,,,7.589324285714287,Multiplet,
477,Spurious,,,7.823995384615386,Multiplet,
477,Spurious,,,7.9236249999999995,Doublet,
477,Spurious,,,8.038573333333334,Multiplet,
477,Spurious,,,8.204251111111112,Multiplet,
477,Spurious,,,8.385966875000001,Multiplet,
477,Spurious,,,8.510785,Doublet,
477,Spurious,,,8.567750000000002,Triplet,
477,Spurious,,,8.736209333333333,Multiplet,
477,Spurious,,,8.87211,Singlet,
477,Spurious,,,8.934614,Multiplet,
477,Spurious,,,9.00558,Triplet,
477,Spurious,,,9.237013461538462,Multiplet,
477,Spurious,,,9.502666363636363,Multiplet,
477,Spurious,,,9.62163,Triplet,
477,Spurious,,,9.813818000000001,Multiplet,
478,Matched,3.37648,Singlet,3.4025266666666667,Triplet,0.026046666666666773
478,Matched,3.6102475000000003,Quartet,3.564475,Doublet,0.04577250000000044
478,Matched,3.8311975,Quartet,3.8706658333333333,Multiplet,0.039468333333333216
478,Matched,4.1467475,Quartet,4.155565555555555,Multiplet,0.008818055555554594
478,Matched,4.4128625,Quartet,4.398215,Doublet,0.014647499999999702
478,Matched,4.4905800000000005,Triplet,4.4621,Triplet,0.02848000000000006
478,Matched,7.1484749999999995,Doublet,7.162306666666666,Triplet,0.013831666666666464
478,Matched,7.31327,Doublet,7.30717,Singlet,0.006099999999999994
478,Matched,7.3975,Singlet,7.3541625,Quartet,0.04333749999999981
478,Matched,7.978556666666667,Triplet,7.96391,Singlet,0.014646666666666697
478,Matched,8.64262,Singlet,8.63286,Singlet,0.009759999999999991
478,Matched,9.75103,Singlet,9.76323,Singlet,0.012199999999999989
478,Missed,7.586705,Doublet,,,
478,Spurious,,,0.151368,Singlet,
478,Spurious,,,0.209962,Singlet,
478,Spurious,,,0.263673,Singlet,
478,Spurious,,,0.306805,Triplet,
478,Spurious,,,0.360109,Doublet,
478,Spurious,,,0.476077,Singlet,
478,Spurious,,,0.507815,Singlet,
478,Spurious,,,0.62012,Singlet,
478,Spurious,,,0.8957564999999998,Multiplet,
478,Spurious,,,1.128516142857143,Multiplet,
478,Spurious,,,1.3464450000000001,Doublet,
478,Spurious,,,1.4030033333333334,Triplet,
478,Spurious,,,1.47706,Doublet,
478,Spurious,,,1.55518,Singlet,
478,Spurious,,,1.69679,Singlet,
478,Spurious,,,1.7407299999999999,Triplet,
478,Spurious,,,1.801765,Doublet,
478,Spurious,,,1.90431,Singlet,
478,Spurious,,,2.00685,Singlet,
478,Spurious,,,2.053235,Doublet,
478,Spurious,,,2.1252549999999997,Quartet,
478,Spurious,,,2.209485,Doublet,
478,Spurious,,,2.26808,Singlet,
478,Spurious,,,2.31446,Singlet,
478,Spurious,,,2.379775,Quartet,
478,Spurious,,,2.471935,Quartet,
478,Spurious,,,2.53908,Singlet,
478,Spurious,,,2.58546,Singlet,
478,Spurious,,,2.64161,Singlet,
478,Spurious,,,2.75148,Singlet,
478,Spurious,,,3.039566666666666,Triplet,
478,Spurious,,,3.1555350000000004,Doublet,
478,Spurious,,,3.2007,Singlet,
478,Spurious,,,3.25783,Multiplet,
478,Spurious,,,3.4997749999999996,Quartet,
478,Spurious,,,3.7109542857142856,Multiplet,
478,Spurious,,,3.97951,Singlet,
478,Spurious,,,4.03566,Singlet,
478,Spurious,,,4.297713333333333,Triplet,
478,Spurious,,,4.608586666666667,Triplet,
478,Spurious,,,4.71194,Singlet,
478,Spurious,,,4.7746,Triplet,
478,Spurious,,,4.89016,Singlet,
478,Spurious,,,4.9634,Singlet,
478,Spurious,,,5.05679,Quartet,
478,Spurious,,,5.12942,Singlet,
478,Spurious,,,5.27346,Singlet,
478,Spurious,,,5.31741,Singlet,
478,Spurious,,,5.3723399999999994,Doublet,
478,Spurious,,,5.4541249999999994,Doublet,
478,Spurious,,,5.59573,Singlet,
478,Spurious,,,5.69095,Singlet,
478,Spurious,,,5.996735,Quartet,
478,Spurious,,,6.19754,Doublet,
478,Spurious,,,6.43314,Singlet,
478,Spurious,,,6.494986666666667,Triplet,
478,Spurious,,,6.62601,Singlet,
478,Spurious,,,6.7554,Singlet,
478,Spurious,,,6.78958,Singlet,
478,Spurious,,,6.83109,Singlet,
478,Spurious,,,6.87503,Singlet,
478,Spurious,,,6.925085,Doublet,
478,Spurious,,,6.96781,Singlet,
478,Spurious,,,7.09476,Triplet,
478,Spurious,,,7.254266666666666,Triplet,
478,Spurious,,,7.490969285714285,Multiplet,
478,Spurious,,,7.69047,Multiplet,
478,Spurious,,,7.79057,Singlet,
478,Spurious,,,7.858925,Doublet,
478,Spurious,,,7.912636666666667,Triplet,
478,Spurious,,,8.01762,Singlet,
478,Spurious,,,8.09086,Singlet,
478,Spurious,,,8.167765,Doublet,
478,Spurious,,,8.31791,Singlet,
478,Spurious,,,8.455855,Doublet,
478,Spurious,,,8.769573333333334,Triplet,
478,Spurious,,,8.87456,Singlet,
478,Spurious,,,8.956750000000001,Triplet,
478,Spurious,,,9.04301,Singlet,
478,Spurious,,,9.16997,Singlet,
478,Spurious,,,9.22368,Singlet,
478,Spurious,,,9.37993,Singlet,
478,Spurious,,,9.4727,Singlet,
478,Spurious,,,9.525599999999999,Triplet,
478,Spurious,,,9.69304,Quartet,
478,Spurious,,,9.81939,Singlet,
478,Spurious,,,9.86333,Singlet,
478,Spurious,,,9.90239,Singlet,
478,Spurious,,,9.93901,Singlet,
479,Missed,7.56596,Singlet,,,
479,Spurious,,,0.0219728,Singlet,
479,Spurious,,,0.0634769,Singlet,
479,Spurious,,,0.1293952,Multiplet,
479,Spurious,,,0.219728,Singlet,
479,Spurious,,,0.26611450000000003,Doublet,
479,Spurious,,,0.325319,Quartet,
479,Spurious,,,0.4166688333333333,Multiplet,
479,Spurious,,,0.53833275,Quartet,
479,Spurious,,,0.610355,Singlet,
479,Spurious,,,0.83984816,Multiplet,
479,Spurious,,,1.2066715000000001,Multiplet,
479,Spurious,,,1.4286053846153846,Multiplet,
479,Spurious,,,1.54298,Singlet,
479,Spurious,,,1.614752,Multiplet,
479,Spurious,,,1.6862066666666664,Triplet,
479,Spurious,,,1.7743677777777775,Multiplet,
479,Spurious,,,1.87501,Singlet,
479,Spurious,,,1.9702233333333332,Multiplet,
479,Spurious,,,2.04835,Doublet,
479,Spurious,,,2.0988066666666665,Triplet,
479,Spurious,,,2.226399285714286,Multiplet,
479,Spurious,,,2.376895714285715,Multiplet,
479,Spurious,,,2.5392485714285717,Multiplet,
479,Spurious,,,2.7154675,Quartet,
479,Spurious,,,2.77101,Singlet,
479,Spurious,,,2.8247200000000006,Triplet,
479,Spurious,,,2.9635328571428574,Multiplet,
479,Spurious,,,3.08595,Singlet,
479,Spurious,,,3.1506499999999997,Doublet,
479,Spurious,,,3.2304860000000004,Multiplet,
479,Spurious,,,3.403336428571429,Multiplet,
479,Spurious,,,3.6154337500000002,Multiplet,
479,Spurious,,,3.7508300000000006,Triplet,
479,Spurious,,,3.9101247368421057,Multiplet,
479,Spurious,,,4.12477625,Multiplet,
479,Spurious,,,4.20168,Doublet,
479,Spurious,,,4.244813333333334,Triplet,
479,Spurious,,,4.299335,Doublet,
479,Spurious,,,4.35061,Singlet,
479,Spurious,,,4.421408333333333,Multiplet,
479,Spurious,,,4.616499999999999,Multiplet,
479,Spurious,,,4.8492675,Multiplet,
479,Spurious,,,4.968774,Multiplet,
479,Spurious,,,5.076523333333333,Triplet,
479,Spurious,,,5.130233333333333,Triplet,
479,Spurious,,,5.21487,Singlet,
479,Spurious,,,5.27591,Singlet,
479,Spurious,,,5.35989,Multiplet,
479,Spurious,,,5.52554,Quartet,
479,Spurious,,,5.58108,Singlet,
479,Spurious,,,5.6416319999999995,Multiplet,
479,Spurious,,,5.717805,Doublet,
479,Spurious,,,5.80203,Doublet,
479,Spurious,,,5.84964,Doublet,
479,Spurious,,,5.953646,Multiplet,
479,Spurious,,,6.047393333333333,Triplet,
479,Spurious,,,6.2012,Triplet,
479,Spurious,,,6.2630533333333345,Triplet,
479,Spurious,,,6.3385325,Quartet,
479,Spurious,,,6.41849,Doublet,
479,Spurious,,,6.490266,Multiplet,
479,Spurious,,,6.592135,Multiplet,
479,Spurious,,,6.733430000000001,Triplet,
479,Spurious,,,6.83353,Doublet,
479,Spurious,,,6.87259,Singlet,
479,Spurious,,,7.019403999999999,Multiplet,
479,Spurious,,,7.14603,Singlet,
479,Spurious,,,7.225375,Doublet,
479,Spurious,,,7.495210227272727,Multiplet,
479,Spurious,,,7.950103076923077,Multiplet,
479,Spurious,,,8.1897375,Quartet,
479,Spurious,,,8.251995,Doublet,
479,Spurious,,,8.333375,Multiplet,
479,Spurious,,,8.434054285714286,Multiplet,
479,Spurious,,,8.562054999999999,Quartet,
479,Spurious,,,8.678833333333333,Multiplet,
479,Spurious,,,8.791004444444445,Multiplet,
479,Spurious,,,8.946824,Multiplet,
479,Spurious,,,9.11137357142857,Multiplet,
479,Spurious,,,9.252975,Doublet,
479,Spurious,,,9.34575,Quartet,
479,Spurious,,,9.446335999999999,Multiplet,
479,Spurious,,,9.53862,Doublet,
479,Spurious,,,9.58257,Singlet,
479,Spurious,,,9.69707,Multiplet,
479,Spurious,,,9.8315925,Quartet,
479,Spurious,,,9.941455714285715,Multiplet,
480,Matched,1.42335,Singlet,1.4140700000000002,Multiplet,0.009279999999999733
480,Matched,2.61964,Triplet,2.5708124999999997,Quartet,0.048827500000000246
480,Matched,2.97853,Singlet,3.00844,Quartet,0.02990999999999966
480,Matched,3.172866,Multiplet,3.200828421052632,Multiplet,0.027962421052631914
480,Matched,6.97269,Singlet,6.9934449999999995,Doublet,0.020754999999999413
480,Missed,1.219246,Multiplet,,,
480,Missed,4.11379,Doublet,,,
480,Missed,7.06058,Singlet,,,
480,Spurious,,,0.047363520000000006,Multiplet,
480,Spurious,,,0.2208543846153846,Multiplet,
480,Spurious,,,0.3662126666666667,Triplet,
480,Spurious,,,0.45166249999999997,Doublet,
480,Spurious,,,0.5289739999999999,Triplet,
480,Spurious,,,0.6217476666666667,Triplet,
480,Spurious,,,0.68848,Singlet,
480,Spurious,,,0.751957,Singlet,
480,Spurious,,,0.810551,Singlet,
480,Spurious,,,1.057482761904762,Multiplet,
480,Spurious,,,1.568,Quartet,
480,Spurious,,,1.7706385,Multiplet,
480,Spurious,,,2.032726,Multiplet,
480,Spurious,,,2.1696889999999995,Multiplet,
480,Spurious,,,2.3264,Multiplet,
480,Spurious,,,2.450911111111111,Multiplet,
480,Spurious,,,2.7084487499999996,Multiplet,
480,Spurious,,,2.80519,Singlet,
480,Spurious,,,2.8796549999999996,Doublet,
480,Spurious,,,2.94252,Quartet,
480,Spurious,,,3.06276,Doublet,
480,Spurious,,,3.4380807692307687,Multiplet,
480,Spurious,,,3.56203,Doublet,
480,Spurious,,,3.670535555555555,Multiplet,
480,Spurious,,,4.186025396825396,Multiplet,
480,Spurious,,,4.6844725,Quartet,
480,Spurious,,,4.768906666666667,Triplet,
480,Spurious,,,4.81204,Singlet,
480,Spurious,,,4.865745,Doublet,
480,Spurious,,,4.90969,Singlet,
480,Spurious,,,4.969916666666666,Triplet,
480,Spurious,,,5.01711,Singlet,
480,Spurious,,,5.112940833333334,Multiplet,
480,Spurious,,,5.228706666666667,Triplet,
480,Spurious,,,5.289739999999999,Triplet,
480,Spurious,,,5.344263333333333,Triplet,
480,Spurious,,,5.433375000000001,Multiplet,
480,Spurious,,,5.512723333333334,Triplet,
480,Spurious,,,5.57132,Singlet,
480,Spurious,,,5.64212,Singlet,
480,Spurious,,,5.6974566666666675,Triplet,
480,Spurious,,,5.8179,Singlet,
480,Spurious,,,5.896023333333333,Triplet,
480,Spurious,,,5.96683,Singlet,
480,Spurious,,,6.0148399999999995,Triplet,
480,Spurious,,,6.085844999999999,Quartet,
480,Spurious,,,6.18411,Doublet,
480,Spurious,,,6.3025225,Quartet,
480,Spurious,,,6.4575507142857145,Multiplet,
480,Spurious,,,6.615025,Doublet,
480,Spurious,,,6.66019,Singlet,
480,Spurious,,,6.840853571428572,Multiplet,
480,Spurious,,,7.135889230769232,Multiplet,
480,Spurious,,,7.312049999999999,Multiplet,
480,Spurious,,,7.523453636363637,Multiplet,
480,Spurious,,,7.713256666666666,Triplet,
480,Spurious,,,7.8165075,Multiplet,
480,Spurious,,,7.910195,Doublet,
480,Spurious,,,8.039591111111113,Multiplet,
480,Spurious,,,8.167765,Doublet,
480,Spurious,,,8.25444,Singlet,
480,Spurious,,,8.3276775,Quartet,
480,Spurious,,,8.443644999999998,Multiplet,
480,Spurious,,,8.52299,Singlet,
480,Spurious,,,8.566935,Doublet,
480,Spurious,,,8.659711999999999,Multiplet,
480,Spurious,,,8.772015999999999,Multiplet,
480,Spurious,,,8.90629,Singlet,
480,Spurious,,,8.95146,Doublet,
480,Spurious,,,9.029584999999999,Quartet,
480,Spurious,,,9.166713333333332,Triplet,
480,Spurious,,,9.2389375,Quartet,
480,Spurious,,,9.329008571428572,Multiplet,
480,Spurious,,,9.45073,Singlet,
480,Spurious,,,9.531295,Doublet,
480,Spurious,,,9.57524,Singlet,
480,Spurious,,,9.6314,Singlet,
480,Spurious,,,9.764146875,Multiplet,
480,Spurious,,,9.907275,Doublet,
480,Spurious,,,9.967089999999999,Doublet,
481,Matched,1.32325,Singlet,1.2793025,Quartet,0.04394750000000003
481,Matched,1.50147,Singlet,1.50147,Singlet,0.0
481,Missed,0.993657,Singlet,,,
481,Missed,1.26954,Singlet,,,
481,Missed,1.6504,Singlet,,,
481,Missed,1.9274983333333333,Multiplet,,,
481,Missed,2.043465,Quartet,,,
481,Missed,2.29298,Multiplet,,,
481,Missed,2.385266666666667,Triplet,,,
481,Missed,2.43898,Singlet,,,
481,Missed,2.66115,Singlet,,,
481,Missed,3.308123333333333,Triplet,,,
481,Missed,4.2956775,Quartet,,,
481,Missed,4.4891575,Quartet,,,
481,Missed,4.865745,Doublet,,,
481,Missed,6.10599,Singlet,,,
481,Missed,6.268345,Doublet,,,
481,Missed,7.2412475,Quartet,,,
481,Spurious,,,0.720218,Singlet,
481,Spurious,,,0.8966664545454545,Multiplet,
481,Spurious,,,1.15967,Singlet,
481,Spurious,,,1.33546,Singlet,
481,Spurious,,,1.4184649999999999,Quartet,
481,Spurious,,,1.5796,Singlet,
481,Spurious,,,3.63527,Singlet,
481,Spurious,,,3.793965,Doublet,
481,Spurious,,,4.96096,Singlet,
481,Spurious,,,6.80912,Singlet,
481,Spurious,,,6.892125,Doublet,
481,Spurious,,,7.46097,Singlet,
481,Spurious,,,7.8223,Singlet,
482,Matched,6.72855,Doublet,6.72367,Singlet,0.0048799999999999955
482,Matched,6.826206666666667,Triplet,6.809114999999999,Quartet,0.017091666666667393
482,Matched,6.981235,Quartet,6.949090000000001,Triplet,0.03214499999999898
482,Missed,7.091506666666667,Triplet,,,
482,Missed,8.320355,Doublet,,,
482,Spurious,,,0.307619,Singlet,
482,Spurious,,,0.476077,Singlet,
482,Spurious,,,0.507815,Singlet,
482,Spurious,,,0.593265,Singlet,
482,Spurious,,,0.639652,Singlet,
482,Spurious,,,0.6811555,Doublet,
482,Spurious,,,0.720218,Singlet,
482,Spurious,,,0.7824745,Doublet,
482,Spurious,,,0.8914665714285716,Multiplet,
482,Spurious,,,1.019295,Doublet,
482,Spurious,,,1.08399,Doublet,
482,Spurious,,,1.148685,Doublet,
482,Spurious,,,1.4161133333333336,Multiplet,
482,Spurious,,,1.70899,Doublet,
482,Spurious,,,1.84327,Singlet,
482,Spurious,,,2.01539,Doublet,
482,Spurious,,,2.15333,Singlet,
482,Spurious,,,2.19972,Singlet,
482,Spurious,,,2.3258583333333336,Multiplet,
482,Spurious,,,2.4829250000000003,Multiplet,
482,Spurious,,,2.6481266666666667,Triplet,
482,Spurious,,,2.70021,Singlet,
482,Spurious,,,2.80763,Singlet,
482,Spurious,,,3.00294,Singlet,
482,Spurious,,,3.03712,Singlet,
482,Spurious,,,3.15187,Singlet,
482,Spurious,,,3.3716,Doublet,
482,Spurious,,,3.5180833333333332,Triplet,
482,Spurious,,,3.63039,Doublet,
482,Spurious,,,3.6853249999999997,Doublet,
482,Spurious,,,3.75978,Singlet,
482,Spurious,,,3.8232619999999997,Multiplet,
482,Spurious,,,3.914815,Doublet,
482,Spurious,,,4.04787,Singlet,
482,Spurious,,,4.115015,Doublet,
482,Spurious,,,4.20656,Singlet,
482,Spurious,,,4.292015,Doublet,
482,Spurious,,,4.34572,Singlet,
482,Spurious,,,4.39211,Singlet,
482,Spurious,,,4.45071,Singlet,
482,Spurious,,,4.56789,Singlet,
482,Spurious,,,4.61428,Singlet,
482,Spurious,,,4.697290000000001,Doublet,
482,Spurious,,,4.79006,Singlet,
482,Spurious,,,4.96096,Singlet,
482,Spurious,,,5.047635,Doublet,
482,Spurious,,,5.13674,Singlet,
482,Spurious,,,5.278345,Doublet,
482,Spurious,,,5.432155,Doublet,
482,Spurious,,,5.52493,Singlet,
482,Spurious,,,5.69095,Singlet,
482,Spurious,,,6.0229800000000004,Doublet,
482,Spurious,,,6.31839,Doublet,
482,Spurious,,,6.46976,Singlet,
482,Spurious,,,6.50394,Singlet,
482,Spurious,,,6.7554,Singlet,
482,Spurious,,,6.8805274999999995,Quartet,
482,Spurious,,,7.025180000000001,Doublet,
482,Spurious,,,7.18998,Singlet,
482,Spurious,,,7.25345,Singlet,
482,Spurious,,,7.29862,Doublet,
482,Spurious,,,7.3462250000000004,Doublet,
482,Spurious,,,7.410925,Doublet,
482,Spurious,,,7.485390000000001,Doublet,
482,Spurious,,,7.54154,Singlet,
482,Spurious,,,7.68314,Singlet,
482,Spurious,,,7.739295,Doublet,
482,Spurious,,,7.78812,Singlet,
482,Spurious,,,7.828,Triplet,
482,Spurious,,,8.07133,Singlet,
482,Spurious,,,8.15922,Singlet,
482,Spurious,,,8.20561,Singlet,
482,Spurious,,,8.23979,Singlet,
482,Spurious,,,8.55717,Singlet,
482,Spurious,,,8.641405,Doublet,
482,Spurious,,,9.033249999999999,Doublet,
482,Spurious,,,9.10161,Singlet,
482,Spurious,,,9.15044,Singlet,
482,Spurious,,,9.22368,Singlet,
482,Spurious,,,9.27007,Singlet,
482,Spurious,,,9.34575,Singlet,
482,Spurious,,,9.38481,Singlet,
482,Spurious,,,9.4727,Singlet,
482,Spurious,,,9.50688,Singlet,
482,Spurious,,,9.55571,Singlet,
482,Spurious,,,9.76079,Singlet,
482,Spurious,,,9.79741,Singlet,
482,Spurious,,,9.9439,Singlet,
483,Matched,3.84035,Doublet,3.83547,Singlet,0.0048799999999999955
483,Missed,3.330095,Doublet,,,
483,Missed,5.90823,Singlet,,,
483,Missed,6.20609,Singlet,,,
483,Missed,6.28909,Singlet,,,
483,Missed,6.9141,Singlet,,,
483,Spurious,,,0.520022,Singlet,
483,Spurious,,,0.844731,Singlet,
483,Spurious,,,0.939946,Singlet,
483,Spurious,,,0.974126,Doublet,
483,Spurious,,,1.149905,Doublet,
483,Spurious,,,1.26221,Singlet,
483,Spurious,,,1.542975,Doublet,
483,Spurious,,,1.97267,Singlet,
483,Spurious,,,2.161875,Doublet,
483,Spurious,,,2.39259,Singlet,
483,Spurious,,,2.44142,Singlet,
483,Spurious,,,3.16896,Singlet,
483,Spurious,,,3.52297,Singlet,
483,Spurious,,,3.57424,Singlet,
483,Spurious,,,3.68654,Singlet,
483,Spurious,,,3.80129,Singlet,
483,Spurious,,,3.8891799999999996,Triplet,
483,Spurious,,,3.97951,Singlet,
483,Spurious,,,4.45803,Singlet,
483,Spurious,,,4.58987,Singlet,
483,Spurious,,,4.74612,Singlet,
483,Spurious,,,5.08792,Singlet,
483,Spurious,,,5.43216,Singlet,
483,Spurious,,,5.55911,Singlet,
483,Spurious,,,6.35745,Singlet,
483,Spurious,,,6.41116,Singlet,
483,Spurious,,,6.61136,Singlet,
483,Spurious,,,7.0972,Singlet,
483,Spurious,,,7.386337857142857,Multiplet,
483,Spurious,,,7.5098,Singlet,
483,Spurious,,,7.69535,Singlet,
483,Spurious,,,7.83451,Singlet,
483,Spurious,,,7.9602450000000005,Doublet,
483,Spurious,,,8.07865,Singlet,
483,Spurious,,,8.67924,Singlet,
483,Spurious,,,8.76469,Singlet,
483,Spurious,,,8.99419,Singlet,
483,Spurious,,,9.09428,Singlet,
483,Spurious,,,9.25542,Singlet,
484,Matched,0.9094285,Doublet,0.8918502,Multiplet,0.017578299999999936
484,Matched,1.076665,Doublet,1.0441122222222223,Multiplet,0.03255277777777765
484,Matched,1.5838675,Quartet,1.60157,Singlet,0.017702499999999954
484,Matched,3.0298,Doublet,3.03224,Quartet,0.0024399999999999977
484,Matched,5.79349,Singlet,5.822780000000001,Triplet,0.029290000000000482
484,Missed,0.8374066666666667,Triplet,,,
484,Missed,1.148685,Doublet,,,
484,Missed,1.33301,Singlet,,,
484,Missed,1.4495925,Quartet,,,
484,Missed,1.7545666666666666,Triplet,,,
484,Missed,1.8774499999999998,Triplet,,,
484,Missed,2.063,Singlet,,,
484,Missed,2.3755,Singlet,,,
484,Missed,2.5164950000000004,Quartet,,,
484,Missed,2.760635,Quartet,,,
484,Missed,5.33938,Singlet,,,
484,Missed,5.52371,Doublet,,,
484,Missed,6.00589,Doublet,,,
484,Spurious,,,0.053711175,Quartet,
484,Spurious,,,0.22860563636363637,Multiplet,
484,Spurious,,,0.3796405,Quartet,
484,Spurious,,,0.47729724999999995,Quartet,
484,Spurious,,,0.5808134,Multiplet,
484,Spurious,,,0.673831,Singlet,
484,Spurious,,,0.743412,Doublet,
484,Spurious,,,0.971685,Singlet,
484,Spurious,,,1.3447182352941178,Multiplet,
484,Spurious,,,1.918955111111111,Multiplet,
484,Spurious,,,2.3938817647058825,Multiplet,
484,Spurious,,,2.5776499999999998,Multiplet,
484,Spurious,,,2.646495,Doublet,
484,Spurious,,,2.72096125,Multiplet,
484,Spurious,,,2.8308250000000004,Quartet,
484,Spurious,,,2.9236,Quartet,
484,Spurious,,,2.98219,Doublet,
484,Spurious,,,3.105485,Doublet,
484,Spurious,,,3.238135,Multiplet,
484,Spurious,,,3.381364,Multiplet,
484,Spurious,,,3.44484,Doublet,
484,Spurious,,,3.5254085714285712,Multiplet,
484,Spurious,,,3.68288,Multiplet,
484,Spurious,,,3.976744666666667,Multiplet,
484,Spurious,,,4.274923636363636,Multiplet,
484,Spurious,,,4.4000474999999994,Quartet,
484,Spurious,,,4.45071,Singlet,
484,Spurious,,,4.48244,Singlet,
484,Spurious,,,4.56301,Multiplet,
484,Spurious,,,4.688988,Multiplet,
484,Spurious,,,4.83157,Singlet,
484,Spurious,,,4.86575,Singlet,
484,Spurious,,,4.967065,Doublet,
484,Spurious,,,5.020775,Doublet,
484,Spurious,,,5.121485,Multiplet,
484,Spurious,,,5.267768888888889,Multiplet,
484,Spurious,,,5.465021538461539,Multiplet,
484,Spurious,,,5.62747,Singlet,
484,Spurious,,,5.7283800000000005,Triplet,
484,Spurious,,,5.935822,Multiplet,
484,Spurious,,,6.089629,Multiplet,
484,Spurious,,,6.20853,Doublet,
484,Spurious,,,6.3074075,Quartet,
484,Spurious,,,6.4154374999999995,Quartet,
484,Spurious,,,6.5239590000000005,Multiplet,
484,Spurious,,,6.61624,Singlet,
484,Spurious,,,6.709993999999999,Multiplet,
484,Spurious,,,6.80667,Singlet,
484,Spurious,,,6.83841,Singlet,
484,Spurious,,,6.895542000000001,Multiplet,
484,Spurious,,,7.2398841860465115,Multiplet,
484,Spurious,,,7.596475000000001,Multiplet,
484,Spurious,,,7.714068333333333,Multiplet,
484,Spurious,,,7.814004,Multiplet,
484,Spurious,,,7.9272849999999995,Multiplet,
484,Spurious,,,8.059819999999998,Multiplet,
484,Spurious,,,8.12748,Singlet,
484,Spurious,,,8.17338,Multiplet,
484,Spurious,,,8.266645,Doublet,
484,Spurious,,,8.31547,Doublet,
484,Spurious,,,8.355755,Doublet,
484,Spurious,,,8.440796666666666,Multiplet,
484,Spurious,,,8.505905,Doublet,
484,Spurious,,,8.612918333333333,Multiplet,
484,Spurious,,,8.767134444444444,Multiplet,
484,Spurious,,,8.901105,Multiplet,
484,Spurious,,,8.989305,Doublet,
484,Spurious,,,9.050335,Doublet,
484,Spurious,,,9.09184,Singlet,
484,Spurious,,,9.197172857142858,Multiplet,
484,Spurious,,,9.30913,Singlet,
484,Spurious,,,9.395066,Multiplet,
484,Spurious,,,9.541063333333334,Multiplet,
484,Spurious,,,9.63628,Doublet,
484,Spurious,,,9.69243,Singlet,
484,Spurious,,,9.831592,Multiplet,
484,Spurious,,,9.967496666666667,Triplet,
485,Matched,1.1108449999999999,Doublet,1.0646366097560975,Multiplet,0.04620839024390233
485,Matched,2.1936150000000003,Doublet,2.164562,Multiplet,0.029053000000000218
485,Matched,2.32301,Doublet,2.330050769230769,Multiplet,0.007040769230768795
485,Matched,5.91881,Triplet,5.92288,Singlet,0.004070000000000462
485,Matched,6.40628,Singlet,6.411162,Multiplet,0.004882000000000275
485,Matched,6.9916125,Quartet,6.980016000000001,Multiplet,0.011596499999998677
485,Matched,7.10941,Triplet,7.09049,Quartet,0.018919999999999604
485,Missed,1.14991,Singlet,,,
485,Missed,7.335486,Multiplet,,,
485,Spurious,,,0.041992419999999996,Multiplet,
485,Spurious,,,0.170899,Doublet,
485,Spurious,,,0.2282725,Doublet,
485,Spurious,,,0.3084323333333333,Triplet,
485,Spurious,,,0.366213,Singlet,
485,Spurious,,,0.41911000000000004,Triplet,
485,Spurious,,,0.5053736666666667,Triplet,
485,Spurious,,,0.571292,Singlet,
485,Spurious,,,0.668949,Singlet,
485,Spurious,,,0.700687,Singlet,
485,Spurious,,,0.73975,Doublet,
485,Spurious,,,1.4547092307692309,Multiplet,
485,Spurious,,,1.58936,Doublet,
485,Spurious,,,1.842144230769231,Multiplet,
485,Spurious,,,2.10694,Singlet,
485,Spurious,,,2.44142,Singlet,
485,Spurious,,,2.507945,Quartet,
485,Spurious,,,2.6052633333333333,Multiplet,
485,Spurious,,,2.7378080000000002,Multiplet,
485,Spurious,,,2.8100750000000003,Doublet,
485,Spurious,,,2.87355,Singlet,
485,Spurious,,,2.94191,Triplet,
485,Spurious,,,3.0359049999999996,Quartet,
485,Spurious,,,3.1995738461538465,Multiplet,
485,Spurious,,,3.3423,Doublet,
485,Spurious,,,3.40334,Singlet,
485,Spurious,,,3.4855316666666667,Multiplet,
485,Spurious,,,3.5766799999999996,Quartet,
485,Spurious,,,3.705801111111111,Multiplet,
485,Spurious,,,3.9843953571428563,Multiplet,
485,Spurious,,,4.3416974999999995,Multiplet,
485,Spurious,,,4.54755,Triplet,
485,Spurious,,,4.58987,Singlet,
485,Spurious,,,4.727285714285714,Multiplet,
485,Spurious,,,4.9145745454545455,Multiplet,
485,Spurious,,,5.04885,Singlet,
485,Spurious,,,5.116398333333334,Multiplet,
485,Spurious,,,5.24661,Singlet,
485,Spurious,,,5.2929949999999995,Quartet,
485,Spurious,,,5.35159,Singlet,
485,Spurious,,,5.395533333333333,Triplet,
485,Spurious,,,5.485051666666666,Multiplet,
485,Spurious,,,5.58352,Singlet,
485,Spurious,,,5.6323533333333335,Triplet,
485,Spurious,,,5.73489,Triplet,
485,Spurious,,,5.79837,Singlet,
485,Spurious,,,5.8545225,Quartet,
485,Spurious,,,6.00833,Singlet,
485,Spurious,,,6.086944,Multiplet,
485,Spurious,,,6.18167,Doublet,
485,Spurious,,,6.22806,Doublet,
485,Spurious,,,6.324495,Quartet,
485,Spurious,,,6.47464,Doublet,
485,Spurious,,,6.51126,Singlet,
485,Spurious,,,6.552765,Doublet,
485,Spurious,,,6.637605000000001,Quartet,
485,Spurious,,,6.744415,Doublet,
485,Spurious,,,6.86618375,Multiplet,
485,Spurious,,,7.201137142857143,Multiplet,
485,Spurious,,,7.49872780487805,Multiplet,
485,Spurious,,,7.854043076923077,Multiplet,
485,Spurious,,,8.049967500000001,Multiplet,
485,Spurious,,,8.13236,Singlet,
485,Spurious,,,8.175496666666666,Triplet,
485,Spurious,,,8.25932,Singlet,
485,Spurious,,,8.33046857142857,Multiplet,
485,Spurious,,,8.42973,Multiplet,
485,Spurious,,,8.5675475,Multiplet,
485,Spurious,,,8.789594,Multiplet,
485,Spurious,,,8.953902500000002,Quartet,
485,Spurious,,,9.029585,Doublet,
485,Spurious,,,9.08452,Singlet,
485,Spurious,,,9.28420052631579,Multiplet,
485,Spurious,,,9.506275,Quartet,
485,Spurious,,,9.57524,Singlet,
485,Spurious,,,9.637093333333333,Triplet,
485,Spurious,,,9.686325,Doublet,
485,Spurious,,,9.750213333333333,Triplet,
485,Spurious,,,9.842170000000001,Triplet,
485,Spurious,,,9.941455,Quartet,
486,Matched,2.530531666666667,Multiplet,2.53908,Singlet,0.008548333333332714
486,Matched,3.158585,Quartet,3.1689633333333336,Triplet,0.0103783333333336
486,Matched,3.4131033333333334,Triplet,3.42287,Singlet,0.009766666666666701
486,Matched,4.440126666666667,Triplet,4.45071,Singlet,0.010583333333332945
486,Missed,2.2717374999999995,Quartet,,,
486,Spurious,,,0.151368,Singlet,
486,Spurious,,,0.23681766666666668,Triplet,
486,Spurious,,,0.306805,Triplet,
486,Spurious,,,0.360109,Doublet,
486,Spurious,,,0.476077,Singlet,
486,Spurious,,,0.62012,Singlet,
486,Spurious,,,0.901426,Multiplet,
486,Spurious,,,0.971685,Singlet,
486,Spurious,,,1.0455375,Quartet,
486,Spurious,,,1.2068733333333332,Multiplet,
486,Spurious,,,1.33627,Triplet,
486,Spurious,,,1.45142375,Multiplet,
486,Spurious,,,1.542975,Doublet,
486,Spurious,,,1.7230325,Quartet,
486,Spurious,,,1.8078699999999999,Doublet,
486,Spurious,,,2.0330925,Quartet,
486,Spurious,,,2.1045,Singlet,
486,Spurious,,,2.15577,Singlet,
486,Spurious,,,2.19484,Singlet,
486,Spurious,,,2.3335060000000003,Multiplet,
486,Spurious,,,2.4701025,Quartet,
486,Spurious,,,2.5879,Singlet,
486,Spurious,,,2.666843333333333,Triplet,
486,Spurious,,,3.039566666666666,Triplet,
486,Spurious,,,3.105485,Doublet,
486,Spurious,,,3.268572,Multiplet,
486,Spurious,,,3.3777049999999997,Doublet,
486,Spurious,,,3.4977400000000003,Triplet,
486,Spurious,,,3.564475,Doublet,
486,Spurious,,,3.6841,Quartet,
486,Spurious,,,3.7463550000000003,Doublet,
486,Spurious,,,3.84859125,Multiplet,
486,Spurious,,,3.97951,Singlet,
486,Spurious,,,4.053566666666666,Triplet,
486,Spurious,,,4.10647,Singlet,
486,Spurious,,,4.2489825,Multiplet,
486,Spurious,,,4.39455,Singlet,
486,Spurious,,,4.54836,Singlet,
486,Spurious,,,4.608586666666667,Triplet,
486,Spurious,,,4.71194,Singlet,
486,Spurious,,,4.884055,Doublet,
486,Spurious,,,5.02688,Singlet,
486,Spurious,,,5.13308,Doublet,
486,Spurious,,,5.300319999999999,Triplet,
486,Spurious,,,5.4541249999999994,Doublet,
486,Spurious,,,5.705595000000001,Doublet,
486,Spurious,,,5.96683,Singlet,
486,Spurious,,,6.04373,Quartet,
486,Spurious,,,6.11331,Singlet,
486,Spurious,,,6.40872,Singlet,
486,Spurious,,,6.46976,Singlet,
486,Spurious,,,6.53079,Singlet,
486,Spurious,,,6.83109,Singlet,
486,Spurious,,,6.891306666666668,Triplet,
486,Spurious,,,6.96781,Singlet,
486,Spurious,,,7.00687,Singlet,
486,Spurious,,,7.09964,Singlet,
486,Spurious,,,7.168003333333334,Triplet,
486,Spurious,,,7.24613,Doublet,
486,Spurious,,,7.328326666666666,Triplet,
486,Spurious,,,7.4545675,Multiplet,
486,Spurious,,,7.559446666666666,Triplet,
486,Spurious,,,7.60746,Singlet,
486,Spurious,,,7.679485,Doublet,
486,Spurious,,,7.72709,Singlet,
486,Spurious,,,7.8516,Triplet,
486,Spurious,,,7.90775,Singlet,
486,Spurious,,,8.08598,Singlet,
486,Spurious,,,8.167765,Doublet,
486,Spurious,,,8.31791,Singlet,
486,Spurious,,,8.455855,Doublet,
486,Spurious,,,8.63286,Singlet,
486,Spurious,,,8.793985,Doublet,
486,Spurious,,,8.94047,Singlet,
486,Spurious,,,9.04301,Singlet,
486,Spurious,,,9.16997,Singlet,
486,Spurious,,,9.22368,Singlet,
486,Spurious,,,9.37993,Singlet,
486,Spurious,,,9.531295,Doublet,
486,Spurious,,,9.67778,Doublet,
486,Spurious,,,9.76323,Singlet,
486,Spurious,,,9.807175,Doublet,
487,Matched,7.37308,Singlet,7.37553,Singlet,0.0024500000000005073
487,Missed,3.9392300000000002,Doublet,,,
487,Missed,7.8223,Singlet,,,
487,Spurious,,,0.9028366,Multiplet,
487,Spurious,,,1.26465,Singlet,
487,Spurious,,,1.4087,Singlet,
487,Spurious,,,1.50147,Singlet,
487,Spurious,,,3.80373,Singlet,
487,Spurious,,,6.80912,Singlet,
487,Spurious,,,7.46097,Singlet,
488,Matched,3.919695,Doublet,3.90139,Singlet,0.018304999999999794
488,Matched,7.467891666666667,Multiplet,7.50492,Doublet,0.03702833333333366
488,Matched,7.61723,Singlet,7.57328,Triplet,0.0439500000000006
488,Missed,7.7698149999999995,Doublet,,,
488,Spurious,,,0.151368,Singlet,
488,Spurious,,,0.661624,Singlet,
488,Spurious,,,0.710453,Singlet,
488,Spurious,,,0.874028,Singlet,
488,Spurious,,,1.05225,Singlet,
488,Spurious,,,1.147465,Doublet,
488,Spurious,,,1.20362,Singlet,
488,Spurious,,,1.26465,Singlet,
488,Spurious,,,1.36719,Singlet,
488,Spurious,,,2.15333,Singlet,
488,Spurious,,,2.37306,Singlet,
488,Spurious,,,2.44142,Singlet,
488,Spurious,,,2.72951,Singlet,
488,Spurious,,,3.19582,Singlet,
488,Spurious,,,3.23976,Singlet,
488,Spurious,,,3.94777,Singlet,
488,Spurious,,,4.03811,Singlet,
488,Spurious,,,4.40188,Singlet,
488,Spurious,,,4.59719,Singlet,
488,Spurious,,,5.08792,Singlet,
488,Spurious,,,5.91556,Singlet,
488,Spurious,,,5.99124,Singlet,
488,Spurious,,,6.46976,Singlet,
488,Spurious,,,6.69437,Singlet,
488,Spurious,,,6.98734,Singlet,
488,Spurious,,,7.09964,Singlet,
488,Spurious,,,7.16068,Singlet,
488,Spurious,,,7.20463,Singlet,
488,Spurious,,,7.365271333333333,Multiplet,
488,Spurious,,,7.68803,Singlet,
488,Spurious,,,7.839395,Doublet,
488,Spurious,,,7.88822,Singlet,
488,Spurious,,,7.94682,Singlet,
488,Spurious,,,8.00053,Singlet,
488,Spurious,,,8.0811,Singlet,
488,Spurious,,,8.20072,Singlet,
488,Spurious,,,8.44975,Singlet,
488,Spurious,,,8.72807,Singlet,
488,Spurious,,,8.97954,Singlet,
488,Spurious,,,9.04301,Singlet,
488,Spurious,,,9.146775,Doublet,
488,Spurious,,,9.22612,Singlet,
489,Matched,6.7944700000000005,Doublet,6.821325,Doublet,0.026854999999999407
489,Matched,7.83451,Singlet,7.828405,Doublet,0.006104999999999805
489,Spurious,,,0.673831,Singlet,
489,Spurious,,,0.9252976,Multiplet,
489,Spurious,,,1.00831,Singlet,
489,Spurious,,,1.149905,Doublet,
489,Spurious,,,1.2671,Singlet,
489,Spurious,,,1.3379,Singlet,
489,Spurious,,,1.42823,Doublet,
489,Spurious,,,1.51612,Doublet,
489,Spurious,,,2.15577,Singlet,
489,Spurious,,,2.19728,Singlet,
489,Spurious,,,2.43898,Singlet,
489,Spurious,,,2.80763,Singlet,
489,Spurious,,,3.68166,Doublet,
489,Spurious,,,3.83547,Singlet,
489,Spurious,,,3.90139,Singlet,
489,Spurious,,,4.96096,Singlet,
489,Spurious,,,6.88968,Singlet,
489,Spurious,,,7.30228,Singlet,
489,Spurious,,,7.37553,Singlet,
489,Spurious,,,7.42435,Singlet,
489,Spurious,,,9.10161,Singlet,
490,Matched,1.35743,Singlet,1.360023125,Multiplet,0.002593125000000196
490,Matched,1.87501,Quartet,1.84327,Singlet,0.0317400000000001
490,Matched,2.0977875,Quartet,2.11915,Singlet,0.02136249999999995
490,Matched,2.353038,Multiplet,2.385808888888889,Multiplet,0.032770888888888905
490,Matched,2.5341933333333335,Triplet,2.52443,Singlet,0.009763333333333346
490,Matched,2.688,Singlet,2.71852,Quartet,0.03051999999999966
490,Matched,4.21877,Singlet,4.2041249999999994,Doublet,0.014645000000000685
490,Matched,4.88528,Singlet,4.916203333333333,Triplet,0.03092333333333297
490,Matched,4.91702,Singlet,4.96096,Singlet,0.04394000000000009
490,Matched,5.04397,Doublet,5.02688,Singlet,0.017089999999999606
490,Matched,6.08401,Singlet,6.09866,Singlet,0.014649999999999608
490,Matched,6.322055,Doublet,6.31839,Doublet,0.0036649999999998073
490,Missed,0.889897,Doublet,,,
490,Missed,1.00831,Singlet,,,
490,Missed,1.522225,Doublet,,,
490,Missed,2.2892333333333332,Triplet,,,
490,Missed,7.210730000000001,Quartet,,,
490,Spurious,,,0.06591826666666667,Triplet,
490,Spurious,,,0.23681733333333332,Triplet,
490,Spurious,,,0.286867,Doublet,
490,Spurious,,,0.394289,Doublet,
490,Spurious,,,0.47444900000000007,Triplet,
490,Spurious,,,0.517581,Singlet,
490,Spurious,,,0.5896025,Doublet,
490,Spurious,,,0.68848,Singlet,
490,Spurious,,,0.74951525,Quartet,
490,Spurious,,,0.9322556000000001,Multiplet,
490,Spurious,,,1.7032966666666667,Triplet,
490,Spurious,,,1.75294,Singlet,
490,Spurious,,,1.78468,Singlet,
490,Spurious,,,1.9474383333333336,Multiplet,
490,Spurious,,,2.0450933333333334,Multiplet,
490,Spurious,,,2.15333,Singlet,
490,Spurious,,,2.23634,Doublet,
490,Spurious,,,2.5732549999999996,Doublet,
490,Spurious,,,2.6399866666666667,Triplet,
490,Spurious,,,2.76613,Singlet,
490,Spurious,,,2.8326550000000004,Quartet,
490,Spurious,,,2.952164,Multiplet,
490,Spurious,,,3.03224,Doublet,
490,Spurious,,,3.1801920000000004,Multiplet,
490,Spurious,,,3.27394,Singlet,
490,Spurious,,,3.30812,Singlet,
490,Spurious,,,3.3903166666666666,Triplet,
490,Spurious,,,3.4424,Singlet,
490,Spurious,,,3.514013333333333,Triplet,
490,Spurious,,,3.63283,Singlet,
490,Spurious,,,3.6849133333333337,Triplet,
490,Spurious,,,3.73537,Singlet,
490,Spurious,,,3.90291125,Multiplet,
490,Spurious,,,4.108908333333334,Multiplet,
490,Spurious,,,4.28957,Singlet,
490,Spurious,,,4.335146666666667,Triplet,
490,Spurious,,,4.40432,Doublet,
490,Spurious,,,4.458033333333334,Triplet,
490,Spurious,,,4.52639,Singlet,
490,Spurious,,,4.634626666666667,Multiplet,
490,Spurious,,,4.741235,Doublet,
490,Spurious,,,4.78518,Singlet,
490,Spurious,,,5.08792,Singlet,
490,Spurious,,,5.1367433333333326,Triplet,
490,Spurious,,,5.202665,Doublet,
490,Spurious,,,5.25882,Singlet,
490,Spurious,,,5.31009,Singlet,
490,Spurious,,,5.40042,Singlet,
490,Spurious,,,5.49604,Multiplet,
490,Spurious,,,5.62747,Singlet,
490,Spurious,,,5.68118,Singlet,
490,Spurious,,,5.73977,Singlet,
490,Spurious,,,5.83743,Singlet,
490,Spurious,,,5.89114,Singlet,
490,Spurious,,,5.93265,Singlet,
490,Spurious,,,6.048615,Doublet,
490,Spurious,,,6.23294,Singlet,
490,Spurious,,,6.27445,Singlet,
490,Spurious,,,6.45511,Singlet,
490,Spurious,,,6.5640575,Multiplet,
490,Spurious,,,6.704135714285713,Multiplet,
490,Spurious,,,6.80912,Singlet,
490,Spurious,,,6.88236,Doublet,
490,Spurious,,,6.96537,Singlet,
490,Spurious,,,7.011753333333334,Triplet,
490,Spurious,,,7.158782222222222,Multiplet,
490,Spurious,,,7.38452875,Multiplet,
490,Spurious,,,7.57084,Singlet,
490,Spurious,,,7.706743333333333,Triplet,
490,Spurious,,,7.77836,Singlet,
490,Spurious,,,7.828405,Doublet,
490,Spurious,,,7.899616666666667,Triplet,
490,Spurious,,,7.99565,Singlet,
490,Spurious,,,8.079875,Quartet,
490,Spurious,,,8.15922,Singlet,
490,Spurious,,,8.20561,Singlet,
490,Spurious,,,8.23979,Singlet,
490,Spurious,,,8.344765,Doublet,
490,Spurious,,,8.440796666666666,Triplet,
490,Spurious,,,8.5858575,Quartet,
490,Spurious,,,8.73051,Singlet,
490,Spurious,,,8.80375,Singlet,
490,Spurious,,,8.891644999999999,Multiplet,
490,Spurious,,,8.99837142857143,Multiplet,
490,Spurious,,,9.09184,Singlet,
490,Spurious,,,9.163865,Doublet,
490,Spurious,,,9.240770000000001,Doublet,
490,Spurious,,,9.2896,Singlet,
490,Spurious,,,9.35307,Singlet,
490,Spurious,,,9.4080075,Quartet,
490,Spurious,,,9.46538,Singlet,
490,Spurious,,,9.511765,Doublet,
490,Spurious,,,9.5728,Singlet,
490,Spurious,,,9.798877999999998,Multiplet,
490,Spurious,,,9.974415,Doublet,
491,Matched,7.12894,Singlet,7.10941,Doublet,0.01953000000000049
491,Matched,7.750285,Doublet,7.78812,Singlet,0.037835000000000285
491,Matched,7.7991150000000005,Doublet,7.84265,Triplet,0.043534999999999435
491,Missed,7.565143333333332,Triplet,,,
491,Spurious,,,0.14404366666666668,Triplet,
491,Spurious,,,0.22583150000000002,Doublet,
491,Spurious,,,0.312502,Singlet,
491,Spurious,,,0.37109549999999997,Quartet,
491,Spurious,,,0.4606146666666667,Triplet,
491,Spurious,,,0.5452500000000001,Triplet,
491,Spurious,,,0.610355,Singlet,
491,Spurious,,,0.6964145,Quartet,
491,Spurious,,,0.759281,Singlet,
491,Spurious,,,0.874028,Singlet,
491,Spurious,,,0.922856,Singlet,
491,Spurious,,,1.00831,Singlet,
491,Spurious,,,1.05469,Doublet,
491,Spurious,,,1.09131,Singlet,
491,Spurious,,,1.14014,Singlet,
491,Spurious,,,1.209725,Doublet,
491,Spurious,,,1.25977,Doublet,
491,Spurious,,,1.356205,Doublet,
491,Spurious,,,1.41358,Singlet,
491,Spurious,,,1.4762466666666667,Triplet,
491,Spurious,,,1.52589,Singlet,
491,Spurious,,,1.59669,Singlet,
491,Spurious,,,1.69434,Singlet,
491,Spurious,,,1.7586333333333333,Triplet,
491,Spurious,,,1.88966,Singlet,
491,Spurious,,,1.9738850000000001,Doublet,
491,Spurious,,,2.03858,Singlet,
491,Spurious,,,2.0739850000000004,Doublet,
491,Spurious,,,2.146494,Multiplet,
491,Spurious,,,2.25099,Doublet,
491,Spurious,,,2.29982,Singlet,
491,Spurious,,,2.36899,Triplet,
491,Spurious,,,2.435315,Doublet,
491,Spurious,,,2.54396,Singlet,
491,Spurious,,,2.60499,Singlet,
491,Spurious,,,2.66603,Doublet,
491,Spurious,,,2.72951,Singlet,
491,Spurious,,,2.78322,Singlet,
491,Spurious,,,2.89308,Singlet,
491,Spurious,,,2.9297,Doublet,
491,Spurious,,,2.96876,Singlet,
491,Spurious,,,3.0420049999999996,Doublet,
491,Spurious,,,3.08839,Singlet,
491,Spurious,,,3.12746,Singlet,
491,Spurious,,,3.17873,Doublet,
491,Spurious,,,3.2434250000000002,Doublet,
491,Spurious,,,3.4424,Singlet,
491,Spurious,,,3.4973349999999996,Quartet,
491,Spurious,,,3.61818,Singlet,
491,Spurious,,,3.680435,Doublet,
491,Spurious,,,3.81838,Singlet,
491,Spurious,,,3.85256,Singlet,
491,Spurious,,,3.9150580000000006,Multiplet,
491,Spurious,,,3.98928,Singlet,
491,Spurious,,,4.056414999999999,Quartet,
491,Spurious,,,4.12356,Singlet,
491,Spurious,,,4.22365,Singlet,
491,Spurious,,,4.275736666666667,Triplet,
491,Spurious,,,4.3384,Doublet,
491,Spurious,,,4.390890000000001,Doublet,
491,Spurious,,,4.451925,Doublet,
491,Spurious,,,4.52639,Singlet,
491,Spurious,,,4.600446666666667,Triplet,
491,Spurious,,,4.72903,Singlet,
491,Spurious,,,4.80715,Singlet,
491,Spurious,,,4.864525,Doublet,
491,Spurious,,,4.95852,Doublet,
491,Spurious,,,5.02688,Singlet,
491,Spurious,,,5.08792,Singlet,
491,Spurious,,,5.23928,Singlet,
491,Spurious,,,5.3345,Singlet,
491,Spurious,,,5.414578000000001,Multiplet,
491,Spurious,,,5.579865,Doublet,
491,Spurious,,,5.65433,Singlet,
491,Spurious,,,5.69339,Singlet,
491,Spurious,,,5.777615,Doublet,
491,Spurious,,,5.83743,Singlet,
491,Spurious,,,5.962922000000001,Multiplet,
491,Spurious,,,6.14505,Singlet,
491,Spurious,,,6.22562,Singlet,
491,Spurious,,,6.27445,Singlet,
491,Spurious,,,6.509228333333334,Multiplet,
491,Spurious,,,6.69193,Singlet,
491,Spurious,,,6.80912,Singlet,
491,Spurious,,,6.900914,Multiplet,
491,Spurious,,,7.016636666666666,Triplet,
491,Spurious,,,7.40042775,Multiplet,
491,Spurious,,,7.698606666666667,Triplet,
491,Spurious,,,7.92582,Multiplet,
491,Spurious,,,8.014567500000002,Quartet,
491,Spurious,,,8.0872,Doublet,
491,Spurious,,,8.12748,Singlet,
491,Spurious,,,8.19401,Quartet,
491,Spurious,,,8.286986666666666,Triplet,
491,Spurious,,,8.3936,Singlet,
491,Spurious,,,8.44975,Singlet,
491,Spurious,,,8.491255,Doublet,
491,Spurious,,,8.5352,Singlet,
491,Spurious,,,8.705283333333334,Triplet,
491,Spurious,,,8.9478,Singlet,
491,Spurious,,,8.989305,Doublet,
491,Spurious,,,9.04301,Singlet,
491,Spurious,,,9.07475,Singlet,
491,Spurious,,,9.153693333333333,Triplet,
491,Spurious,,,9.252365000000001,Quartet,
491,Spurious,,,9.33354,Singlet,
491,Spurious,,,9.44829,Triplet,
491,Spurious,,,9.53618,Doublet,
491,Spurious,,,9.89263,Singlet,
491,Spurious,,,9.97075,Singlet,
492,Matched,7.869915,Doublet,7.897985,Doublet,0.028070000000000483
492,Matched,8.05424,Triplet,8.0811,Singlet,0.026859999999999218
492,Missed,7.568398333333332,Multiplet,,,
492,Missed,8.341513333333333,Triplet,,,
492,Missed,8.84282,Singlet,,,
492,Spurious,,,0.151368,Singlet,
492,Spurious,,,0.312502,Singlet,
492,Spurious,,,0.610355,Singlet,
492,Spurious,,,0.661624,Singlet,
492,Spurious,,,0.710453,Singlet,
492,Spurious,,,0.874028,Singlet,
492,Spurious,,,1.00831,Singlet,
492,Spurious,,,1.05225,Singlet,
492,Spurious,,,1.14014,Singlet,
492,Spurious,,,1.209725,Doublet,
492,Spurious,,,1.25977,Doublet,
492,Spurious,,,1.36719,Singlet,
492,Spurious,,,1.45997,Singlet,
492,Spurious,,,1.52589,Singlet,
492,Spurious,,,1.74561,Singlet,
492,Spurious,,,2.15333,Triplet,
492,Spurious,,,2.3803850000000004,Doublet,
492,Spurious,,,2.44142,Singlet,
492,Spurious,,,2.66603,Doublet,
492,Spurious,,,2.72951,Singlet,
492,Spurious,,,2.89308,Singlet,
492,Spurious,,,2.96876,Singlet,
492,Spurious,,,3.03712,Singlet,
492,Spurious,,,3.19582,Singlet,
492,Spurious,,,3.2434250000000002,Doublet,
492,Spurious,,,3.513205,Doublet,
492,Spurious,,,3.61818,Singlet,
492,Spurious,,,3.67433,Singlet,
492,Spurious,,,3.85256,Singlet,
492,Spurious,,,3.90139,Singlet,
492,Spurious,,,3.94777,Singlet,
492,Spurious,,,4.03811,Singlet,
492,Spurious,,,4.22365,Singlet,
492,Spurious,,,4.25783,Singlet,
492,Spurious,,,4.29446,Singlet,
492,Spurious,,,4.40188,Singlet,
492,Spurious,,,4.46291,Singlet,
492,Spurious,,,4.609400000000001,Doublet,
492,Spurious,,,4.72903,Singlet,
492,Spurious,,,4.86819,Singlet,
492,Spurious,,,4.94631,Singlet,
492,Spurious,,,5.08792,Singlet,
492,Spurious,,,5.58841,Singlet,
492,Spurious,,,5.83743,Singlet,
492,Spurious,,,5.93265,Singlet,
492,Spurious,,,5.979035,Doublet,
492,Spurious,,,6.22562,Singlet,
492,Spurious,,,6.508821666666667,Multiplet,
492,Spurious,,,6.69437,Singlet,
492,Spurious,,,6.98734,Singlet,
492,Spurious,,,7.04593,Singlet,
492,Spurious,,,7.102085,Doublet,
492,Spurious,,,7.1722775,Quartet,
492,Spurious,,,7.4143924,Multiplet,
492,Spurious,,,7.6807,Singlet,
492,Spurious,,,7.839395,Doublet,
492,Spurious,,,8.001575714285716,Multiplet,
492,Spurious,,,8.201536666666668,Triplet,
492,Spurious,,,8.439985,Doublet,
492,Spurious,,,8.49858,Singlet,
492,Spurious,,,8.705283333333334,Triplet,
492,Spurious,,,8.94047,Singlet,
492,Spurious,,,9.04301,Singlet,
492,Spurious,,,9.146775,Doublet,
492,Spurious,,,9.22612,Singlet,
492,Spurious,,,9.69243,Singlet,
492,Spurious,,,9.75835,Singlet,
492,Spurious,,,9.97075,Singlet,
493,Matched,0.8870486666666667,Triplet,0.9088179999999999,Quartet,0.021769333333333196
493,Missed,1.2611657142857144,Multiplet,,,
493,Missed,1.5975033333333333,Triplet,,,
493,Missed,2.27296,Triplet,,,
493,Missed,4.1357625,Quartet,,,
493,Spurious,,,1.15967,Singlet,
493,Spurious,,,1.2732,Doublet,
493,Spurious,,,1.50147,Singlet,
493,Spurious,,,7.46097,Singlet,
494,Matched,8.094525,Quartet,8.12748,Singlet,0.0329549999999994
494,Matched,8.681685,Doublet,8.71911888888889,Multiplet,0.037433888888889655
494,Missed,7.638386666666666,Triplet,,,
494,Spurious,,,0.046387,Singlet,
494,Spurious,,,0.1202399,Quartet,
494,Spurious,,,0.20629999999999998,Doublet,
494,Spurious,,,0.3796405,Quartet,
494,Spurious,,,0.4484073333333333,Triplet,
494,Spurious,,,0.5434596,Multiplet,
494,Spurious,,,0.617679,Singlet,
494,Spurious,,,0.67139,Singlet,
494,Spurious,,,0.7338903999999999,Multiplet,
494,Spurious,,,0.815434,Singlet,
494,Spurious,,,0.847172,Singlet,
494,Spurious,,,0.893559,Quartet,
494,Spurious,,,0.944829,Singlet,
494,Spurious,,,0.996099,Singlet,
494,Spurious,,,1.05713,Singlet,
494,Spurious,,,1.145025,Quartet,
494,Spurious,,,1.2198966666666666,Triplet,
494,Spurious,,,1.278085,Doublet,
494,Spurious,,,1.3647525000000003,Quartet,
494,Spurious,,,1.46892,Multiplet,
494,Spurious,,,1.62843,Singlet,
494,Spurious,,,1.683355,Doublet,
494,Spurious,,,1.7570066666666666,Triplet,
494,Spurious,,,1.8921,Doublet,
494,Spurious,,,1.97877,Doublet,
494,Spurious,,,2.05262,Quartet,
494,Spurious,,,2.1460066666666666,Multiplet,
494,Spurious,,,2.27296,Singlet,
494,Spurious,,,2.3799372727272727,Multiplet,
494,Spurious,,,2.49269,Singlet,
494,Spurious,,,2.558608,Multiplet,
494,Spurious,,,2.6941050000000004,Multiplet,
494,Spurious,,,2.8033574999999997,Quartet,
494,Spurious,,,2.87111,Singlet,
494,Spurious,,,2.9492339999999997,Multiplet,
494,Spurious,,,3.1225749999999994,Multiplet,
494,Spurious,,,3.2513575,Quartet,
494,Spurious,,,3.36346,Multiplet,
494,Spurious,,,3.4448433333333335,Triplet,
494,Spurious,,,3.48879,Singlet,
494,Spurious,,,3.52297,Singlet,
494,Spurious,,,3.607601666666666,Multiplet,
494,Spurious,,,3.6938675,Quartet,
494,Spurious,,,3.7933524999999997,Quartet,
494,Spurious,,,3.8729033333333334,Multiplet,
494,Spurious,,,3.9843925000000002,Quartet,
494,Spurious,,,4.077165,Doublet,
494,Spurious,,,4.144305,Doublet,
494,Spurious,,,4.2825524999999995,Multiplet,
494,Spurious,,,4.395775,Doublet,
494,Spurious,,,4.462096666666667,Triplet,
494,Spurious,,,4.571889090909091,Multiplet,
494,Spurious,,,4.676126666666666,Triplet,
494,Spurious,,,4.807154,Multiplet,
494,Spurious,,,4.90115,Quartet,
494,Spurious,,,5.09463,Quartet,
494,Spurious,,,5.245796666666667,Triplet,
494,Spurious,,,5.399605,Multiplet,
494,Spurious,,,5.534695,Doublet,
494,Spurious,,,5.609894,Multiplet,
494,Spurious,,,5.695825,Doublet,
494,Spurious,,,5.769073333333334,Triplet,
494,Spurious,,,5.844755,Doublet,
494,Spurious,,,5.919829999999999,Quartet,
494,Spurious,,,5.9888,Singlet,
494,Spurious,,,6.07181,Singlet,
494,Spurious,,,6.266636,Multiplet,
494,Spurious,,,6.3745449999999995,Doublet,
494,Spurious,,,6.4136050000000004,Doublet,
494,Spurious,,,6.5593580000000005,Multiplet,
494,Spurious,,,6.7082033333333335,Triplet,
494,Spurious,,,6.75296,Singlet,
494,Spurious,,,6.801795,Doublet,
494,Spurious,,,6.899855,Multiplet,
494,Spurious,,,7.0337250000000004,Doublet,
494,Spurious,,,7.104526666666666,Triplet,
494,Spurious,,,7.174842,Multiplet,
494,Spurious,,,7.434449459459458,Multiplet,
494,Spurious,,,7.69779,Quartet,
494,Spurious,,,7.935488,Multiplet,
494,Spurious,,,8.195845,Doublet,
494,Spurious,,,8.26908,Singlet,
494,Spurious,,,8.31059,Singlet,
494,Spurious,,,8.34965,Singlet,
494,Spurious,,,8.451702000000001,Multiplet,
494,Spurious,,,8.5352,Singlet,
494,Spurious,,,8.621459999999999,Triplet,
494,Spurious,,,8.837935,Doublet,
494,Spurious,,,8.991048571428573,Multiplet,
494,Spurious,,,9.086960000000001,Doublet,
494,Spurious,,,9.222926923076924,Multiplet,
494,Spurious,,,9.342493333333335,Triplet,
494,Spurious,,,9.42143,Singlet,
494,Spurious,,,9.502,Multiplet,
494,Spurious,,,9.69243,Triplet,
494,Spurious,,,9.748585,Doublet,
494,Spurious,,,9.8023,Singlet,
494,Spurious,,,9.85967,Doublet,
494,Spurious,,,9.9146,Singlet,
494,Spurious,,,9.957325,Doublet,
495,Missed,2.19239,Singlet,,,
495,Missed,4.66799,Singlet,,,
495,Missed,6.8469549999999995,Doublet,,,
495,Missed,7.162310000000001,Triplet,,,
495,Missed,7.21927,Singlet,,,
495,Spurious,,,0.939946,Singlet,
495,Spurious,,,0.971685,Singlet,
495,Spurious,,,1.05958,Singlet,
495,Spurious,,,1.15967,Singlet,
495,Spurious,,,1.2117566666666666,Triplet,
495,Spurious,,,1.2695400000000001,Doublet,
495,Spurious,,,1.45997,Singlet,
495,Spurious,,,2.0044,Singlet,
495,Spurious,,,2.3339933333333334,Triplet,
495,Spurious,,,3.83547,Singlet,
495,Spurious,,,3.87453,Singlet,
495,Spurious,,,4.20656,Singlet,
495,Spurious,,,4.33352,Singlet,
495,Spurious,,,6.56009,Singlet,
495,Spurious,,,6.6138,Singlet,
495,Spurious,,,7.01175,Singlet,
495,Spurious,,,7.09232,Singlet,
495,Spurious,,,7.3376850000000005,Quartet,
495,Spurious,,,7.44144,Singlet,
495,Spurious,,,7.53178,Singlet,
495,Spurious,,,7.59525,Singlet,
495,Spurious,,,7.69047,Singlet,
495,Spurious,,,8.46684,Singlet,
496,Matched,0.903325,Triplet,0.9041386666666669,Multiplet,0.0008136666666668235
496,Matched,1.6675796296296295,Multiplet,1.7102137499999999,Multiplet,0.0426341203703704
496,Matched,1.8595483333333334,Multiplet,1.8477466666666664,Multiplet,0.011801666666666932
496,Matched,1.9991714285714288,Multiplet,2.023325,Quartet,0.024153571428570997
496,Matched,2.46095,Quartet,2.454235,Quartet,0.0067149999999998045
496,Matched,2.58302,Singlet,2.583833333333333,Triplet,0.0008133333333333326
496,Matched,3.18117,Singlet,3.181983333333333,Triplet,0.0008133333333333326
496,Matched,5.69095,Singlet,5.72024,Singlet,0.029290000000000482
496,Missed,1.14084,Multiplet,,,
496,Missed,1.2942233333333333,Multiplet,,,
496,Missed,1.4609076923076922,Multiplet,,,
496,Missed,2.2576613333333335,Multiplet,,,
496,Spurious,,,0.06184926666666666,Triplet,
496,Spurious,,,0.129395,Singlet,
496,Spurious,,,0.202638,Singlet,
496,Spurious,,,0.239259,Singlet,
496,Spurious,,,0.38737166666666667,Triplet,
496,Spurious,,,0.466311,Singlet,
496,Spurious,,,0.5224635,Doublet,
496,Spurious,,,0.6209340000000001,Triplet,
496,Spurious,,,0.805668,Singlet,
496,Spurious,,,1.0407428571428574,Multiplet,
496,Spurious,,,1.20495,Multiplet,
496,Spurious,,,1.40707,Multiplet,
496,Spurious,,,1.5458249999999998,Multiplet,
496,Spurious,,,1.94337,Singlet,
496,Spurious,,,2.08985,Singlet,
496,Spurious,,,2.198091666666667,Multiplet,
496,Spurious,,,2.3474225,Multiplet,
496,Spurious,,,2.646495,Doublet,
496,Spurious,,,2.7124175,Quartet,
496,Spurious,,,2.9284850000000002,Doublet,
496,Spurious,,,3.02003,Singlet,
496,Spurious,,,3.105485,Doublet,
496,Spurious,,,3.283708,Multiplet,
496,Spurious,,,3.381364,Multiplet,
496,Spurious,,,3.5028249999999996,Quartet,
496,Spurious,,,3.564475,Doublet,
496,Spurious,,,3.6789466666666666,Multiplet,
496,Spurious,,,3.8546514285714286,Multiplet,
496,Spurious,,,3.97951,Singlet,
496,Spurious,,,4.0832725,Multiplet,
496,Spurious,,,4.18459,Singlet,
496,Spurious,,,4.257344000000001,Multiplet,
496,Spurious,,,4.340843333333333,Triplet,
496,Spurious,,,4.38235,Singlet,
496,Spurious,,,4.45071,Singlet,
496,Spurious,,,4.48244,Singlet,
496,Spurious,,,4.561058000000001,Multiplet,
496,Spurious,,,4.62161,Singlet,
496,Spurious,,,4.66677,Doublet,
496,Spurious,,,4.721705,Doublet,
496,Spurious,,,4.95364,Singlet,
496,Spurious,,,5.02688,Singlet,
496,Spurious,,,5.08792,Singlet,
496,Spurious,,,5.13186,Singlet,
496,Spurious,,,5.20266,Singlet,
496,Spurious,,,5.301133333333333,Triplet,
496,Spurious,,,5.34182,Singlet,
496,Spurious,,,5.42402,Triplet,
496,Spurious,,,5.517605,Doublet,
496,Spurious,,,5.8179,Singlet,
496,Spurious,,,5.93265,Singlet,
496,Spurious,,,5.96683,Singlet,
496,Spurious,,,6.01077,Singlet,
496,Spurious,,,6.094186666666666,Multiplet,
496,Spurious,,,6.22318,Singlet,
496,Spurious,,,6.31595,Singlet,
496,Spurious,,,6.41361,Singlet,
496,Spurious,,,6.55002,Multiplet,
496,Spurious,,,6.727325,Doublet,
496,Spurious,,,6.80667,Singlet,
496,Spurious,,,6.901890000000001,Triplet,
496,Spurious,,,6.980826666666666,Triplet,
496,Spurious,,,7.130161000000001,Multiplet,
496,Spurious,,,7.2681,Singlet,
496,Spurious,,,7.393591000000001,Multiplet,
496,Spurious,,,7.5000350000000005,Doublet,
496,Spurious,,,7.577675999999999,Multiplet,
496,Spurious,,,7.64164,Singlet,
496,Spurious,,,7.72709,Singlet,
496,Spurious,,,7.7734749999999995,Doublet,
496,Spurious,,,7.832070000000001,Triplet,
496,Spurious,,,7.90775,Singlet,
496,Spurious,,,7.97123,Doublet,
496,Spurious,,,8.0603425,Quartet,
496,Spurious,,,8.167765,Doublet,
496,Spurious,,,8.25444,Singlet,
496,Spurious,,,8.355755,Doublet,
496,Spurious,,,8.4058,Singlet,
496,Spurious,,,8.455852499999999,Quartet,
496,Spurious,,,8.49858,Singlet,
496,Spurious,,,8.55717,Singlet,
496,Spurious,,,8.60844,Singlet,
496,Spurious,,,8.78585,Triplet,
496,Spurious,,,8.876995,Doublet,
496,Spurious,,,8.95146,Doublet,
496,Spurious,,,8.99907,Singlet,
496,Spurious,,,9.04301,Singlet,
496,Spurious,,,9.09184,Singlet,
496,Spurious,,,9.163865,Doublet,
496,Spurious,,,9.377486666666668,Triplet,
496,Spurious,,,9.51909,Triplet,
496,Spurious,,,9.57524,Singlet,
496,Spurious,,,9.705860000000001,Doublet,
496,Spurious,,,9.823045,Quartet,
496,Spurious,,,9.95366,Singlet,
497,Matched,1.0880566666666667,Triplet,1.1323090833333334,Multiplet,0.04425241666666668
497,Matched,1.4270100000000001,Doublet,1.4541557142857142,Multiplet,0.027145714285714106
497,Matched,5.588405,Doublet,5.59573,Singlet,0.007324999999999804
497,Matched,7.536655,Doublet,7.514943157894738,Multiplet,0.02171184210526178
497,Matched,7.990763333333334,Triplet,7.9596350000000005,Multiplet,0.031128333333333202
497,Missed,3.309098,Multiplet,,,
497,Missed,7.444696666666666,Triplet,,,
497,Spurious,,,0.146485,Doublet,
497,Spurious,,,0.23254524999999998,Quartet,
497,Spurious,,,0.306805,Triplet,
497,Spurious,,,0.368654,Triplet,
497,Spurious,,,0.437014,Singlet,
497,Spurious,,,0.476077,Singlet,
497,Spurious,,,0.529788,Singlet,
497,Spurious,,,0.62012,Singlet,
497,Spurious,,,0.651859,Singlet,
497,Spurious,,,0.9000696666666665,Multiplet,
497,Spurious,,,1.7586355555555555,Multiplet,
497,Spurious,,,1.90431,Singlet,
497,Spurious,,,2.00685,Singlet,
497,Spurious,,,2.053235,Doublet,
497,Spurious,,,2.1069449999999996,Doublet,
497,Spurious,,,2.1899525,Quartet,
497,Spurious,,,2.3369259999999996,Multiplet,
497,Spurious,,,2.473155,Multiplet,
497,Spurious,,,2.53908,Singlet,
497,Spurious,,,2.58546,Singlet,
497,Spurious,,,2.6641974999999998,Quartet,
497,Spurious,,,2.75148,Singlet,
497,Spurious,,,2.8296,Singlet,
497,Spurious,,,2.8784349999999996,Doublet,
497,Spurious,,,2.94679,Triplet,
497,Spurious,,,3.0340724999999997,Quartet,
497,Spurious,,,3.1006,Singlet,
497,Spurious,,,3.2222666666666675,Multiplet,
497,Spurious,,,3.3825866666666666,Multiplet,
497,Spurious,,,3.4997749999999996,Quartet,
497,Spurious,,,3.564475,Doublet,
497,Spurious,,,3.704986666666666,Multiplet,
497,Spurious,,,3.870461666666667,Multiplet,
497,Spurious,,,3.97951,Singlet,
497,Spurious,,,4.189042941176471,Multiplet,
497,Spurious,,,4.43565,Multiplet,
497,Spurious,,,4.553245,Doublet,
497,Spurious,,,4.608586666666667,Triplet,
497,Spurious,,,4.71194,Singlet,
497,Spurious,,,4.78396,Quartet,
497,Spurious,,,4.873883333333334,Triplet,
497,Spurious,,,4.9634,Singlet,
497,Spurious,,,5.05679,Quartet,
497,Spurious,,,5.1497666666666655,Triplet,
497,Spurious,,,5.24173,Singlet,
497,Spurious,,,5.2936049999999994,Quartet,
497,Spurious,,,5.3735599999999994,Doublet,
497,Spurious,,,5.4541249999999994,Doublet,
497,Spurious,,,5.5054,Singlet,
497,Spurious,,,5.71536,Triplet,
497,Spurious,,,5.8179,Singlet,
497,Spurious,,,6.015655714285714,Multiplet,
497,Spurious,,,6.197133333333333,Triplet,
497,Spurious,,,6.3037425,Quartet,
497,Spurious,,,6.4087233333333335,Triplet,
497,Spurious,,,6.501495,Quartet,
497,Spurious,,,6.62601,Singlet,
497,Spurious,,,6.7554,Singlet,
497,Spurious,,,6.78958,Singlet,
497,Spurious,,,6.83109,Singlet,
497,Spurious,,,6.87503,Singlet,
497,Spurious,,,6.919793333333334,Triplet,
497,Spurious,,,6.9849,Triplet,
497,Spurious,,,7.09476,Triplet,
497,Spurious,,,7.1973014285714285,Multiplet,
497,Spurious,,,7.30717,Singlet,
497,Spurious,,,7.35355,Quartet,
497,Spurious,,,7.69047,Multiplet,
497,Spurious,,,7.786905,Doublet,
497,Spurious,,,7.8516,Triplet,
497,Spurious,,,8.092085,Doublet,
497,Spurious,,,8.167765,Doublet,
497,Spurious,,,8.326455,Doublet,
497,Spurious,,,8.463177499999999,Quartet,
497,Spurious,,,8.63286,Singlet,
497,Spurious,,,8.776898571428571,Multiplet,
497,Spurious,,,8.87456,Singlet,
497,Spurious,,,8.956750000000001,Triplet,
497,Spurious,,,8.99907,Singlet,
497,Spurious,,,9.04301,Singlet,
497,Spurious,,,9.10649,Singlet,
497,Spurious,,,9.16997,Singlet,
497,Spurious,,,9.218795,Doublet,
497,Spurious,,,9.37993,Singlet,
497,Spurious,,,9.461715,Doublet,
497,Spurious,,,9.531295,Doublet,
497,Spurious,,,9.685106000000001,Multiplet,
497,Spurious,,,9.76323,Singlet,
497,Spurious,,,9.807175,Doublet,
497,Spurious,,,9.86333,Singlet,
497,Spurious,,,9.90239,Singlet,
497,Spurious,,,9.93901,Singlet,
497,Spurious,,,9.98052,Singlet,
498,Matched,1.781625,Quartet,1.7826433333333334,Multiplet,0.0010183333333333433
498,Matched,1.870125,Quartet,1.90431,Singlet,0.03418499999999991
498,Matched,3.75002,Singlet,3.704986666666666,Multiplet,0.045033333333333925
498,Matched,6.57474,Singlet,6.53079,Singlet,0.0439500000000006
498,Missed,3.2745499999999996,Quartet,,,
498,Spurious,,,0.151368,Singlet,
498,Spurious,,,0.209962,Singlet,
498,Spurious,,,0.263673,Singlet,
498,Spurious,,,0.306805,Triplet,
498,Spurious,,,0.360109,Doublet,
498,Spurious,,,0.476077,Singlet,
498,Spurious,,,0.62012,Singlet,
498,Spurious,,,0.9000696666666665,Multiplet,
498,Spurious,,,0.971685,Singlet,
498,Spurious,,,1.01075,Singlet,
498,Spurious,,,1.1770675,Multiplet,
498,Spurious,,,1.418021818181818,Multiplet,
498,Spurious,,,1.542975,Doublet,
498,Spurious,,,1.69679,Singlet,
498,Spurious,,,2.00685,Singlet,
498,Spurious,,,2.053235,Doublet,
498,Spurious,,,2.1069449999999996,Doublet,
498,Spurious,,,2.15577,Singlet,
498,Spurious,,,2.209485,Doublet,
498,Spurious,,,2.34132,Multiplet,
498,Spurious,,,2.4701025,Quartet,
498,Spurious,,,2.53908,Singlet,
498,Spurious,,,2.5879,Singlet,
498,Spurious,,,2.666843333333333,Triplet,
498,Spurious,,,2.75148,Singlet,
498,Spurious,,,3.039566666666666,Triplet,
498,Spurious,,,3.2129088888888884,Multiplet,
498,Spurious,,,3.4025266666666667,Triplet,
498,Spurious,,,3.4977400000000003,Triplet,
498,Spurious,,,3.564475,Doublet,
498,Spurious,,,3.8669845454545455,Multiplet,
498,Spurious,,,3.97951,Singlet,
498,Spurious,,,4.03566,Singlet,
498,Spurious,,,4.086123333333333,Triplet,
498,Spurious,,,4.211851666666667,Multiplet,
498,Spurious,,,4.305445000000001,Doublet,
498,Spurious,,,4.39455,Singlet,
498,Spurious,,,4.45681,Doublet,
498,Spurious,,,4.553245,Doublet,
498,Spurious,,,4.608586666666667,Triplet,
498,Spurious,,,4.71194,Singlet,
498,Spurious,,,4.79006,Singlet,
498,Spurious,,,4.89016,Singlet,
498,Spurious,,,4.9634,Singlet,
498,Spurious,,,5.04031,Doublet,
498,Spurious,,,5.1497666666666655,Triplet,
498,Spurious,,,5.300319999999999,Triplet,
498,Spurious,,,5.35891,Singlet,
498,Spurious,,,5.4541249999999994,Doublet,
498,Spurious,,,5.69095,Singlet,
498,Spurious,,,6.021351666666667,Multiplet,
498,Spurious,,,6.18655,Singlet,
498,Spurious,,,6.29154,Singlet,
498,Spurious,,,6.40872,Singlet,
498,Spurious,,,6.46976,Singlet,
498,Spurious,,,6.62601,Singlet,
498,Spurious,,,6.7554,Singlet,
498,Spurious,,,6.78958,Singlet,
498,Spurious,,,6.83109,Singlet,
498,Spurious,,,6.87503,Singlet,
498,Spurious,,,6.912875,Doublet,
498,Spurious,,,6.9849,Triplet,
498,Spurious,,,7.086215,Doublet,
498,Spurious,,,7.176956666666666,Triplet,
498,Spurious,,,7.24613,Doublet,
498,Spurious,,,7.30717,Singlet,
498,Spurious,,,7.34704,Triplet,
498,Spurious,,,7.490621428571429,Multiplet,
498,Spurious,,,7.60746,Singlet,
498,Spurious,,,7.697185,Quartet,
498,Spurious,,,7.786905,Doublet,
498,Spurious,,,7.858925,Doublet,
498,Spurious,,,7.910195,Doublet,
498,Spurious,,,8.167765,Doublet,
498,Spurious,,,8.31791,Singlet,
498,Spurious,,,8.461956666666666,Triplet,
498,Spurious,,,8.63286,Singlet,
498,Spurious,,,8.769573333333334,Triplet,
498,Spurious,,,8.87456,Singlet,
498,Spurious,,,8.956750000000001,Triplet,
498,Spurious,,,9.04301,Singlet,
498,Spurious,,,9.16997,Singlet,
498,Spurious,,,9.22368,Singlet,
498,Spurious,,,9.37993,Singlet,
498,Spurious,,,9.531295,Doublet,
498,Spurious,,,9.691616666666667,Triplet,
498,Spurious,,,9.76323,Singlet,
498,Spurious,,,9.807175,Doublet,
498,Spurious,,,9.86333,Singlet,
498,Spurious,,,9.93901,Singlet,
499,Missed,3.83913,Doublet,,,
499,Missed,6.646765,Doublet,,,
499,Spurious,,,0.0244142,Singlet,
499,Spurious,,,0.117188,Singlet,
499,Spurious,,,0.27588,Singlet,
499,Spurious,,,0.32715,Singlet,
499,Spurious,,,0.44108299999999995,Triplet,
499,Spurious,,,0.529788,Singlet,
499,Spurious,,,0.8925826000000001,Multiplet,
499,Spurious,,,0.9912165,Quartet,
499,Spurious,,,1.05958,Singlet,
499,Spurious,,,1.143805,Doublet,
499,Spurious,,,1.245612,Multiplet,
499,Spurious,,,1.407475,Doublet,
499,Spurious,,,1.634525,Doublet,
499,Spurious,,,1.693125,Doublet,
499,Spurious,,,1.7561933333333333,Triplet,
499,Spurious,,,1.989755,Doublet,
499,Spurious,,,2.05079,Singlet,
499,Spurious,,,2.09718,Singlet,
499,Spurious,,,2.19728,Singlet,
499,Spurious,,,2.248545,Doublet,
499,Spurious,,,2.3642087500000004,Multiplet,
499,Spurious,,,2.473155,Doublet,
499,Spurious,,,2.5822033333333327,Triplet,
499,Spurious,,,2.64161,Singlet,
499,Spurious,,,2.77345,Singlet,
499,Spurious,,,2.81496,Singlet,
499,Spurious,,,2.87355,Singlet,
499,Spurious,,,2.92238,Singlet,
499,Spurious,,,3.01271,Singlet,
499,Spurious,,,3.2007,Singlet,
499,Spurious,,,3.25075,Doublet,
499,Spurious,,,3.3716,Singlet,
499,Spurious,,,3.5327349999999997,Doublet,
499,Spurious,,,3.59377,Singlet,
499,Spurious,,,3.6657849999999996,Doublet,
499,Spurious,,,3.789085,Doublet,
499,Spurious,,,3.8940624999999995,Multiplet,
499,Spurious,,,3.99172,Doublet,
499,Spurious,,,4.089375,Doublet,
499,Spurious,,,4.12844,Singlet,
499,Spurious,,,4.16994,Singlet,
499,Spurious,,,4.20656,Singlet,
499,Spurious,,,4.25539,Singlet,
499,Spurious,,,4.3353475,Quartet,
499,Spurious,,,4.399435,Doublet,
499,Spurious,,,4.547145,Doublet,
499,Spurious,,,4.77786,Singlet,
499,Spurious,,,4.86697,Doublet,
499,Spurious,,,5.01711,Singlet,
499,Spurious,,,5.07327,Doublet,
499,Spurious,,,5.27591,Singlet,
499,Spurious,,,5.34671,Doublet,
499,Spurious,,,5.50296,Singlet,
499,Spurious,,,5.76663,Singlet,
499,Spurious,,,5.935090000000001,Doublet,
499,Spurious,,,6.06204,Singlet,
499,Spurious,,,6.286655,Doublet,
499,Spurious,,,6.41849,Doublet,
499,Spurious,,,6.47952,Singlet,
499,Spurious,,,6.7554,Singlet,
499,Spurious,,,6.83109,Singlet,
499,Spurious,,,6.8811350000000004,Doublet,
499,Spurious,,,6.939735,Doublet,
499,Spurious,,,7.00931,Singlet,
499,Spurious,,,7.06791,Singlet,
499,Spurious,,,7.11185,Singlet,
499,Spurious,,,7.22416,Singlet,
499,Spurious,,,7.27054,Singlet,
499,Spurious,,,7.3817400000000015,Multiplet,
499,Spurious,,,7.512245,Doublet,
499,Spurious,,,7.565955,Doublet,
499,Spurious,,,7.69291,Singlet,
499,Spurious,,,7.83939,Singlet,
499,Spurious,,,7.89921,Doublet,
499,Spurious,,,7.99076,Singlet,
499,Spurious,,,8.0225,Singlet,
499,Spurious,,,8.41801,Singlet,
499,Spurious,,,8.46684,Singlet,
499,Spurious,,,8.54008,Singlet,
499,Spurious,,,8.59135,Singlet,
499,Spurious,,,8.64506,Singlet,
499,Spurious,,,8.67924,Singlet,
499,Spurious,,,8.81596,Singlet,
499,Spurious,,,8.96245,Singlet,
499,Spurious,,,9.01616,Singlet,
499,Spurious,,,9.4312,Singlet,
499,Spurious,,,9.53618,Singlet,
499,Spurious,,,9.58013,Singlet,
499,Spurious,,,9.6314,Singlet,
499,Spurious,,,9.6729,Singlet,
499,Spurious,,,9.76323,Singlet,
499,Spurious,,,9.80962,Singlet,
499,Spurious,,,9.86333,Singlet,
499,Spurious,,,9.90239,Singlet,
499,Spurious,,,9.98052,Singlet,
500,Matched,3.43752,Singlet,3.443794285714285,Multiplet,0.006274285714285011
500,Matched,5.27346,Singlet,5.309315263157894,Multiplet,0.035855263157894335
500,Missed,2.0819175000000003,Quartet,,,
500,Missed,5.37844,Singlet,,,
500,Spurious,,,0.041504106666666665,Multiplet,
500,Spurious,,,0.1802893846153846,Multiplet,
500,Spurious,,,0.3255225,Multiplet,
500,Spurious,,,0.5030950666666666,Multiplet,
500,Spurious,,,0.7159867333333332,Multiplet,
500,Spurious,,,1.0816060238095238,Multiplet,
500,Spurious,,,1.5072034782608696,Multiplet,
500,Spurious,,,1.9330219047619048,Multiplet,
500,Spurious,,,2.4269277419354838,Multiplet,
500,Spurious,,,2.722531428571429,Multiplet,
500,Spurious,,,3.106676046511628,Multiplet,
500,Spurious,,,3.5205266666666666,Triplet,
500,Spurious,,,3.56203,Doublet,
500,Spurious,,,4.006484603174603,Multiplet,
500,Spurious,,,4.439386363636364,Multiplet,
500,Spurious,,,4.568301666666667,Multiplet,
500,Spurious,,,4.6570075,Quartet,
500,Spurious,,,4.930376666666667,Multiplet,
500,Spurious,,,5.462062499999999,Quartet,
500,Spurious,,,5.517605,Doublet,
500,Spurious,,,5.628865714285714,Multiplet,
500,Spurious,,,5.776047142857143,Multiplet,
500,Spurious,,,5.8472,Singlet,
500,Spurious,,,5.938344444444445,Multiplet,
500,Spurious,,,6.187128823529412,Multiplet,
500,Spurious,,,6.461213333333333,Multiplet,
500,Spurious,,,6.725389411764706,Multiplet,
500,Spurious,,,8.18117174672489,Multiplet,
500,Spurious,,,9.7515590625,Multiplet,
501,Matched,2.17042,Singlet,2.1303799999999997,Multiplet,0.0400400000000003
501,Matched,2.5879,Singlet,2.60011,Triplet,0.012210000000000054
501,Matched,6.53812,Singlet,6.499544,Multiplet,0.038575999999999944
501,Matched,7.353555,Doublet,7.395057250000001,Multiplet,0.04150225000000063
501,Missed,7.496783333333333,Triplet,,,
501,Missed,8.41557,Singlet,,,
501,Spurious,,,0.04589866,Multiplet,
501,Spurious,,,0.15441975,Quartet,
501,Spurious,,,0.219728,Singlet,
501,Spurious,,,0.263673,Singlet,
501,Spurious,,,0.31372225,Quartet,
501,Spurious,,,0.358889,Singlet,
501,Spurious,,,0.432131,Singlet,
501,Spurious,,,0.49560800000000005,Doublet,
501,Spurious,,,0.5843126666666666,Triplet,
501,Spurious,,,0.7238806,Multiplet,
501,Spurious,,,1.070968388888889,Multiplet,
501,Spurious,,,1.36719,Singlet,
501,Spurious,,,1.4939254545454546,Multiplet,
501,Spurious,,,1.63575,Triplet,
501,Spurious,,,1.7724708333333332,Multiplet,
501,Spurious,,,1.90919,Singlet,
501,Spurious,,,1.986095,Multiplet,
501,Spurious,,,2.21193,Singlet,
501,Spurious,,,2.27418,Quartet,
501,Spurious,,,2.386244,Multiplet,
501,Spurious,,,2.468276,Multiplet,
501,Spurious,,,2.539076666666667,Triplet,
501,Spurious,,,2.7014324999999997,Quartet,
501,Spurious,,,2.80519,Singlet,
501,Spurious,,,2.8619525,Quartet,
501,Spurious,,,3.1203549999999995,Multiplet,
501,Spurious,,,3.34963,Singlet,
501,Spurious,,,3.447631428571428,Multiplet,
501,Spurious,,,3.520525,Doublet,
501,Spurious,,,3.56447,Singlet,
501,Spurious,,,3.7252542857142856,Multiplet,
501,Spurious,,,3.80129,Singlet,
501,Spurious,,,3.9441121428571426,Multiplet,
501,Spurious,,,4.093446666666667,Multiplet,
501,Spurious,,,4.2265033333333335,Multiplet,
501,Spurious,,,4.3341275,Quartet,
501,Spurious,,,4.437034000000001,Multiplet,
501,Spurious,,,4.553245,Doublet,
501,Spurious,,,4.59353,Doublet,
501,Spurious,,,4.62893,Singlet,
501,Spurious,,,4.67532,Singlet,
501,Spurious,,,4.72048,Doublet,
501,Spurious,,,4.792505,Doublet,
501,Spurious,,,4.876558571428572,Multiplet,
501,Spurious,,,4.95608,Singlet,
501,Spurious,,,5.008163333333333,Triplet,
501,Spurious,,,5.102566,Multiplet,
501,Spurious,,,5.3182990909090915,Multiplet,
501,Spurious,,,5.4516849999999994,Doublet,
501,Spurious,,,5.51516,Singlet,
501,Spurious,,,5.61526,Singlet,
501,Spurious,,,5.751166666666666,Triplet,
501,Spurious,,,5.80569,Singlet,
501,Spurious,,,5.908233333333333,Triplet,
501,Spurious,,,5.979035,Doublet,
501,Spurious,,,6.087064999999999,Quartet,
501,Spurious,,,6.24569111111111,Multiplet,
501,Spurious,,,6.386139999999999,Quartet,
501,Spurious,,,6.619905,Doublet,
501,Spurious,,,6.750745454545455,Multiplet,
501,Spurious,,,6.9519400000000005,Multiplet,
501,Spurious,,,7.086623333333333,Triplet,
501,Spurious,,,7.707828888888888,Multiplet,
501,Spurious,,,7.944056521739132,Multiplet,
501,Spurious,,,8.120155,Doublet,
501,Spurious,,,8.196653333333334,Multiplet,
501,Spurious,,,8.486276538461539,Multiplet,
501,Spurious,,,8.782325,Multiplet,
501,Spurious,,,8.987348,Multiplet,
501,Spurious,,,9.09184,Singlet,
501,Spurious,,,9.190387272727273,Multiplet,
501,Spurious,,,9.384541111111112,Multiplet,
501,Spurious,,,9.493049999999998,Triplet,
501,Spurious,,,9.583785,Doublet,
501,Spurious,,,9.6375,Doublet,
501,Spurious,,,9.69243,Singlet,
501,Spurious,,,9.742073333333334,Triplet,
501,Spurious,,,9.78032,Singlet,
501,Spurious,,,9.848072499999999,Quartet,
501,Spurious,,,9.90239,Singlet,
502,Matched,0.9643605,Doublet,0.9547106190476191,Multiplet,0.00964988095238084
502,Matched,1.29395,Doublet,1.3005525925925925,Multiplet,0.006602592592592549
502,Matched,1.6748100000000001,Triplet,1.719302222222222,Multiplet,0.04449222222222193
502,Matched,1.8890475,Quartet,1.8978975,Multiplet,0.008850000000000025
502,Matched,2.07032,Singlet,2.023935,Doublet,0.04638500000000034
502,Matched,2.41945,Singlet,2.395356666666667,Multiplet,0.024093333333333078
502,Matched,2.73927,Singlet,2.76613,Singlet,0.026860000000000106
502,Matched,2.7913533333333334,Triplet,2.82472,Singlet,0.03336666666666677
502,Matched,4.704615,Doublet,4.735742500000001,Quartet,0.031127500000000197
502,Matched,5.340605,Doublet,5.35281,Doublet,0.0122049999999998
502,Matched,6.318395,Doublet,6.30293,Triplet,0.01546499999999984
502,Missed,1.4559,Triplet,,,
502,Missed,6.14505,Quartet,,,
502,Spurious,,,0.049438725,Quartet,
502,Spurious,,,0.151368,Singlet,
502,Spurious,,,0.24231075000000002,Quartet,
502,Spurious,,,0.302736,Doublet,
502,Spurious,,,0.380861,Quartet,
502,Spurious,,,0.469973,Doublet,
502,Spurious,,,0.6066925000000001,Doublet,
502,Spurious,,,0.686039,Singlet,
502,Spurious,,,1.5448075000000001,Quartet,
502,Spurious,,,1.58692,Singlet,
502,Spurious,,,2.11854,Quartet,
502,Spurious,,,2.2246200000000003,Multiplet,
502,Spurious,,,2.58302,Triplet,
502,Spurious,,,2.6797625,Multiplet,
502,Spurious,,,2.886573333333333,Triplet,
502,Spurious,,,2.974463333333334,Triplet,
502,Spurious,,,3.04445,Singlet,
502,Spurious,,,3.1712285714285717,Multiplet,
502,Spurious,,,3.30812,Singlet,
502,Spurious,,,3.3956083333333336,Multiplet,
502,Spurious,,,3.5334299999999996,Multiplet,
502,Spurious,,,3.77367,Multiplet,
502,Spurious,,,3.99416,Singlet,
502,Spurious,,,4.078722727272727,Multiplet,
502,Spurious,,,4.18459,Singlet,
502,Spurious,,,4.241556666666667,Triplet,
502,Spurious,,,4.292015,Doublet,
502,Spurious,,,4.340845,Doublet,
502,Spurious,,,4.3913,Triplet,
502,Spurious,,,4.462913333333334,Triplet,
502,Spurious,,,4.552025,Doublet,
502,Spurious,,,4.6431716666666665,Multiplet,
502,Spurious,,,4.80471,Singlet,
502,Spurious,,,4.87795,Singlet,
502,Spurious,,,4.9792749999999995,Doublet,
502,Spurious,,,5.02444,Doublet,
502,Spurious,,,5.130117142857143,Multiplet,
502,Spurious,,,5.26553125,Multiplet,
502,Spurious,,,5.4053,Singlet,
502,Spurious,,,5.44436,Singlet,
502,Spurious,,,5.517605,Doublet,
502,Spurious,,,5.691924,Multiplet,
502,Spurious,,,5.80569,Singlet,
502,Spurious,,,5.89114,Singlet,
502,Spurious,,,5.93631,Doublet,
502,Spurious,,,6.002633333333333,Triplet,
502,Spurious,,,6.084419999999999,Multiplet,
502,Spurious,,,6.22806,Singlet,
502,Spurious,,,6.36722,Singlet,
502,Spurious,,,6.52054,Multiplet,
502,Spurious,,,6.595495,Doublet,
502,Spurious,,,6.7139,Singlet,
502,Spurious,,,6.817253333333333,Triplet,
502,Spurious,,,6.890902500000001,Quartet,
502,Spurious,,,7.012364999999999,Quartet,
502,Spurious,,,7.106966666666666,Triplet,
502,Spurious,,,7.182244999999999,Multiplet,
502,Spurious,,,7.2738000000000005,Triplet,
502,Spurious,,,7.399450999999999,Multiplet,
502,Spurious,,,7.49597,Triplet,
502,Spurious,,,7.590860000000001,Multiplet,
502,Spurious,,,7.685585,Doublet,
502,Spurious,,,7.76371,Singlet,
502,Spurious,,,7.832070000000001,Triplet,
502,Spurious,,,7.90287,Triplet,
502,Spurious,,,7.97123,Doublet,
502,Spurious,,,8.02494,Singlet,
502,Spurious,,,8.081584,Multiplet,
502,Spurious,,,8.15922,Singlet,
502,Spurious,,,8.21293,Singlet,
502,Spurious,,,8.288005,Quartet,
502,Spurious,,,8.414213333333333,Multiplet,
502,Spurious,,,8.510785,Doublet,
502,Spurious,,,8.563275,Doublet,
502,Spurious,,,8.63896,Doublet,
502,Spurious,,,8.72319,Doublet,
502,Spurious,,,8.786663333333333,Triplet,
502,Spurious,,,8.880655,Doublet,
502,Spurious,,,8.92827,Singlet,
502,Spurious,,,8.99907,Singlet,
502,Spurious,,,9.050335,Doublet,
502,Spurious,,,9.09184,Singlet,
502,Spurious,,,9.188278333333333,Multiplet,
502,Spurious,,,9.29204,Singlet,
502,Spurious,,,9.372954285714286,Multiplet,
502,Spurious,,,9.459275,Doublet,
502,Spurious,,,9.522343333333334,Triplet,
502,Spurious,,,9.669970000000001,Multiplet,
502,Spurious,,,9.81023,Quartet,
502,Spurious,,,9.8731,Singlet,
502,Spurious,,,9.969123333333334,Triplet,
