Fold,Epoch,Train_Loss,Val_Loss,Train_R2,Val_R2
1,1,0.07033808766231861,0.007382685090932581,-101.71557865496035,-10.912853378719754
1,2,0.01545642352214566,0.0014846873262690174,-22.413354260833174,-1.1318236245049371
1,3,0.011469747569917896,0.0013370926284955607,-16.34889402507264,-0.8927920023600261
1,4,0.009393652804471828,0.0009653303901561432,-13.082256850489864,-0.2845946020550198
1,5,0.007862982087205221,0.0008569944080793195,-10.665718253453573,-0.10020957390467326
1,6,0.006787194927901398,0.0008550833251016835,-9.057076319941768,-0.10167509449852838
1,7,0.005962230828533202,0.0008315266743819747,-7.813381997449898,-0.0672384394539727
1,8,0.005277491202233015,0.000835139460913423,-6.741372889353905,-0.07178692155414157
1,9,0.004672918748110533,0.0008181227590992219,-5.806036172089754,-0.048998941315544976
1,10,0.004148192139181458,0.0008016526013509267,-4.983444775475396,-0.026198350058661567
1,11,0.0036798698132006844,0.0008064535640490551,-4.272064187791613,-0.03435374630822076
1,12,0.0032675775509603596,0.0008040037924527294,-3.642833940776778,-0.02976411713494195
1,13,0.0029065676297946475,0.000775334682677769,-3.0817106232231044,0.017291669050852457
1,14,0.0026039264590283972,0.0007681645569391548,-2.609823160406984,0.027925769488016765
1,15,0.0023686116469311125,0.0007596010174084869,-2.237503691955849,0.04261868397394816
1,16,0.0021608095650595648,0.0007564254738907847,-1.9297515336378122,0.04459859397676256
1,17,0.0019934754985396143,0.0007689862977713346,-1.6721242324805554,0.021710108386145698
1,18,0.001850034245059906,0.0007254340233177775,-1.4487620365472487,0.09321593973371718
1,19,0.0017225980399360444,0.0007444513405466246,-1.2536871948359924,0.062369806236690944
1,20,0.0016265508667048481,0.0007100661750882864,-1.1055677194654205,0.11764198276731704
1,21,0.0015406180702057886,0.0007094001733801431,-0.9742158308441257,0.11664230955971612
1,22,0.0014677261209322346,0.00071000396920782,-0.865471750718576,0.11358250776926676
1,23,0.001409508757304722,0.0007041601826333337,-0.7786096936390724,0.12453358040915595
1,24,0.0013495679918883576,0.0006929977590011226,-0.6840623052031906,0.14196007781558567
1,25,0.0013051076875539658,0.0006858192034997046,-0.6172148391052529,0.1529269748263889
1,26,0.0012673048621595457,0.0006883734578473701,-0.5611594515082277,0.14771677785449558
1,27,0.0012311042674506703,0.0006887417739360696,-0.5048784481154548,0.14725550148222183
1,28,0.0011937687690887187,0.0006859066378739145,-0.4487242678065359,0.15086970859103732
1,29,0.0011746992095500047,0.0006929719639528129,-0.42544520799024604,0.13752855062484742
1,30,0.0011506520292181293,0.0006719586814546751,-0.38223709603886546,0.17243702676561143
1,31,0.0011175636026755343,0.0006813207033297254,-0.33060814510157077,0.1567472431394789
1,32,0.001097939966280979,0.0006726422890399893,-0.3052911693667188,0.170621919631958
1,33,0.0010732632547180041,0.0006733659706595871,-0.27019956612292634,0.16898250579833984
1,34,0.0010561618905077562,0.0006657713480914632,-0.24289318794085657,0.1816969010565016
1,35,0.0010399194767721641,0.0006601510918699205,-0.2184229838995286,0.19118636714087592
1,36,0.0010267617566120108,0.0006619199217918018,-0.19772884801582055,0.18798281616634793
1,37,0.0010118740446934545,0.0006640972220338881,-0.17442959134961353,0.18332734637790257
1,38,0.0009956812911471468,0.0006636279777416752,-0.15135901268617608,0.18504669268925986
1,39,0.0009803073191842822,0.0006527517068510254,-0.13251627109668873,0.2021080838309394
1,40,0.0009699094721495554,0.0006504911735343437,-0.11293212190086459,0.2042904986275567
1,41,0.0009591384517764788,0.0006515056412253115,-0.09930771677582352,0.2028217805756463
1,42,0.0009482041435362196,0.0006504929365797176,-0.08345723004988682,0.20543229712380304
1,43,0.0009408643765283036,0.0006492999188291529,-0.07138804447503737,0.2068953063752916
1,44,0.0009306999104511407,0.0006458693119283351,-0.057909460420961734,0.2121921115451389
1,45,0.0009196675678623127,0.0006425064108851883,-0.041598503825105264,0.2174279769261678
1,46,0.0009111018641564398,0.0006382712538147139,-0.026161601219648195,0.2247432933913337
1,47,0.0009048637249909434,0.0006373646785505116,-0.017277523912029503,0.22547940015792847
1,48,0.0008954677684807483,0.0006360904869830442,-0.005462429847246335,0.2270392404662238
1,49,0.0008873357549654665,0.0006347545461418728,0.007600331012113595,0.23011266655392118
1,50,0.0008807370466479089,0.0006329117666205598,0.019593151999108584,0.23343396451738146
1,51,0.0008712586258354103,0.0006332302763540712,0.030450520839220212,0.23315895133548312
1,52,0.0008676774906178499,0.0006299252350193759,0.03536739216910468,0.23685594002405802
1,53,0.0008604772064121969,0.0006299105835043722,0.04374949387562128,0.23891363276375666
1,54,0.0008558028279861183,0.0006321831347627772,0.052893181347552644,0.23262443277570938
1,55,0.0008508294197029354,0.0006291693787918323,0.05777063678812098,0.23710048860973781
1,56,0.000843395145299534,0.000628382655688458,0.07108316274336826,0.23952111270692614
1,57,0.0008389523918280538,0.0006232138011708027,0.07480201632888228,0.24786186085806952
1,58,0.0008306316081376999,0.0006213232473884192,0.0865698210987044,0.25190922419230144
1,59,0.0008279064167175948,0.000624186837942236,0.0920867967016903,0.24548331499099732
1,60,0.0008232126782797737,0.000621178129222244,0.09734474243941131,0.2507316986719767
1,61,0.0008171706852779069,0.0006254018995807402,0.10630426480446332,0.24390234814749823
1,62,0.0008121211870780421,0.0006185351275942391,0.11105439265569052,0.25469383266237045
1,63,0.0008076340984840544,0.0006178742585082849,0.11896745952559107,0.2556809067726135
1,64,0.0008036293500436493,0.0006180195370689035,0.12489149688202658,0.25433396100997924
1,65,0.0007983448703911294,0.00061786678335112,0.13095970256828968,0.2557968748940362
1,66,0.0007979796025154675,0.0006193539050097267,0.13362637478628275,0.25207438733842635
1,67,0.0007904722733296638,0.0006140132977937658,0.14175474010867836,0.2616353882683648
1,68,0.0007930393569332398,0.0006146182745902075,0.1380223595065835,0.26125870943069457
1,69,0.0007866276410856733,0.0006105957410505249,0.14742391698154403,0.2656259020169576
1,70,0.0007837566575840299,0.000619306445070025,0.1496350551828926,0.25642093817392986
1,71,0.0007769898363435066,0.0006065498468362623,0.16007174179877764,0.27254033221138846
1,72,0.0007739380937656043,0.0006089466856792569,0.1632964609581747,0.2693056835068597
1,73,0.0007691534578133329,0.0006069059871758024,0.16934032955287415,0.2727932188245985
1,74,0.0007637590825281762,0.0006060052326776915,0.1749015341570348,0.2731989410188463
1,75,0.0007643244650364382,0.000608033491557257,0.17508246457135235,0.271092861228519
1,76,0.0007585558860654725,0.0006055613151854939,0.18262555304868722,0.2738920013109843
1,77,0.0007556897743294636,0.0006094071535497076,0.18806649534790604,0.27186968988842436
1,78,0.0007516833321179873,0.0006017594378338092,0.19203787011864745,0.28127930164337156
1,79,0.0007453186601331388,0.0006067761595153974,0.1974884898574264,0.2765049854914347
1,80,0.00074627676182484,0.000599284361427029,0.19832632306181355,0.28492226468192206
1,81,0.0007396207569040542,0.0005991009089888798,0.20614725366050815,0.28662224080827503
1,82,0.0007430065715007116,0.0005997722877913879,0.20120364751344846,0.2837655266125997
1,83,0.0007390557818494185,0.0006023105958269702,0.20588671542980053,0.2814437296655443
1,84,0.000732929160370043,0.0005969038207290901,0.2146693135485237,0.289073203669654
1,85,0.0007289928556592376,0.0005986665259115398,0.21850123743952057,0.28765879339642
1,86,0.0007273225740380125,0.0006004916633375817,0.22236624985565373,0.284879207611084
1,87,0.0007197501153662157,0.0005977140726625091,0.22808663653738706,0.2898929966820611
1,88,0.0007252432450502651,0.0005992118696061273,0.22172706642268616,0.28845721615685355
1,89,0.0007227743538901393,0.0005897004157304764,0.2285111689273222,0.30032638443840876
1,90,0.0007178315566565243,0.0005929907887346215,0.2296606711399408,0.297808837890625
1,91,0.0007136357849015406,0.0005918523839985331,0.23705218162065672,0.2974767433272468
1,92,0.0007110782495101937,0.0005885523524031871,0.24018586800422198,0.30403185817930434
1,93,0.0007066545790969681,0.0005922217892172436,0.24414959778020412,0.29735223319795395
1,94,0.0007070401631709602,0.0005908550811000168,0.24420329538392432,0.3012796786096361
1,95,0.0007006664598004225,0.000591874134261161,0.2519096434852223,0.30328121052847967
1,96,0.0006988409856322831,0.0005950983109263082,0.2538702339301875,0.291119216548072
1,97,0.0006976666449235729,0.0005874928397436936,0.25547325331487775,0.30413243770599363
1,98,0.0006913109245583599,0.0005821211095381942,0.26131008274761247,0.31256512403488157
1,99,0.0006900856852025529,0.0005861031020888024,0.2647135087001471,0.3084759698973762
1,100,0.0006895713200562715,0.0005876005355579158,0.26557586737620975,0.30362566577063665
1,101,0.0006850040366838652,0.0005897496348350412,0.2709819352185285,0.29919777313868207
1,102,0.0006821420460502491,0.0005856667968651487,0.27169748412238226,0.3092119230164422
1,103,0.0006795284116962626,0.0005839805933646857,0.2753223604626126,0.31167572339375815
1,104,0.0006768725634219102,0.0005808486616135472,0.2790809843275282,0.3171848389837477
1,105,0.0006758061241944907,0.0005819960937110914,0.2792523952178013,0.3141359368960063
1,106,0.000675315354709272,0.0005904555411284997,0.2811335743209462,0.30552856922149657
1,107,0.0006704551479664206,0.0005833103528453244,0.28568606980052996,0.3158528963724772
1,108,0.0006664196243452162,0.0005812088027596473,0.2905158613934929,0.31576308409372966
1,109,0.0006625583106479435,0.0005817762265602748,0.2970030668341083,0.3142481313811408
1,110,0.000664452662444271,0.0005876983554723362,0.2913961984493114,0.30526321199205186
1,111,0.0006600266916067972,0.0005876937324905561,0.2970451374112824,0.309443634086185
1,112,0.0006565681711862576,0.000582552239454041,0.3012928917084211,0.315252066983117
1,113,0.0006516621008308398,0.0005756072570673293,0.30602406248634245,0.3232900937398275
1,114,0.0006542052527498684,0.0005770871454539398,0.302834900956095,0.32443139685524836
1,115,0.0006495379972168141,0.0005736915795649919,0.308777536727764,0.32845726543002657
1,116,0.0006469135345132263,0.0005724881103055345,0.31226144513966125,0.3307887779341804
1,117,0.0006402415617219644,0.0005708420377535125,0.3218315333495905,0.33140682114495174
1,118,0.0006421648425820433,0.0005703079604750706,0.31776540397125996,0.3318069577217102
1,119,0.0006389764235297471,0.0005667601712048054,0.32115439603358137,0.3377828465567695
1,120,0.0006353541334838043,0.0005720065867838761,0.3253291686375936,0.3306488898065355
1,121,0.0006329741298772947,0.0005742858241622647,0.326387279269136,0.3265365057521396
1,122,0.000626805075875449,0.0005682179161037008,0.33108730890132765,0.33720445235570273
1,123,0.0006301583976622808,0.0005794825937805904,0.33107004518862126,0.32239400413301256
1,124,0.0006294932946516776,0.0005780634767789807,0.33107981387479807,0.32388759983910453
1,125,0.0006260700578467897,0.0005674263902215494,0.3345960453704551,0.33571405543221366
1,126,0.0006213743209459439,0.0005622548775540458,0.33705795341067846,0.3420369903246562
1,127,0.0006216491959172727,0.0005669620069157747,0.3391736759079827,0.3390560825665792
1,128,0.0006232414219275485,0.0005714071332477034,0.3405646013624874,0.3330131848653158
1,129,0.000614727157553267,0.0005688149507881866,0.34553518251136495,0.3349806494183011
1,130,0.000613095041329938,0.0005637496968524323,0.34890601281766537,0.3447984152370029
1,131,0.0006066369115558947,0.0005706974809678892,0.35408335983017347,0.331661581993103
1,132,0.0006050343551948943,0.0005597572980655564,0.3526355668350502,0.34683908091651067
1,133,0.0006047115379507527,0.0005635918868291709,0.3569918476505044,0.3404446297221714
1,134,0.0006035058296366055,0.0005566930475955208,0.3570003923074699,0.35147177378336586
1,135,0.0006007231155375916,0.0005716771948047811,0.35978702012403513,0.33308343754874337
1,136,0.0005983448664968212,0.0005605001196575661,0.3601303471459283,0.3457076721721225
1,137,0.0005947781857505533,0.0005549808795977798,0.36545044154296685,0.3518270333607992
1,138,0.0005923175497302487,0.0005583531921729446,0.36628676535170757,0.34841963317659164
1,139,0.0005909203373493603,0.000562966807693657,0.36967152886920507,0.34060447348488704
1,140,0.0005880776626046425,0.0005633236180680493,0.3711583528989627,0.3423644185066223
1,141,0.0005845013445381213,0.0005670511021485759,0.3721633204707393,0.3372149891323514
1,142,0.0005849274207354972,0.0005796836792594857,0.37524642355648086,0.321061999268002
1,143,0.0005792594523410554,0.0005609734164964821,0.3823469634409304,0.34459453291363185
1,144,0.0005790164181100274,0.0005529762142234379,0.3811094727045224,0.3563957095146179
1,145,0.0005743242400686866,0.0005587079238870905,0.38629830089616185,0.3497720453474257
1,146,0.0005723028780064649,0.0005510301678441464,0.3872447755601671,0.3596596704588996
1,147,0.0005685877418547961,0.0005664179205066628,0.3927225341031581,0.3408438629574246
1,148,0.0005658079138497052,0.0005571961338217888,0.39500476224922837,0.3515730831358168
1,149,0.0005684141062464519,0.0005494481017295685,0.38885087540120256,0.3592702137099372
1,150,0.0005643576705529366,0.0005508494770361318,0.39562913473741507,0.36010350386301676
1,151,0.0005550338561865098,0.0005680582046301829,0.40714328553941515,0.339295408460829
1,152,0.000559948875574556,0.0005703002912923694,0.4005232329721804,0.3375099195374383
1,153,0.0005554398836533505,0.000555834097839478,0.40535414145316606,0.35366316371493867
1,154,0.000554859191093042,0.0005490077361981902,0.40428417994652266,0.36056844923231335
1,155,0.0005477057904993862,0.0005588292144238949,0.41358257870615267,0.34942001501719155
1,156,0.000548943668247465,0.0005456267817256351,0.4104075440654048,0.3663452241155836
1,157,0.0005498352357082897,0.0005493123006696502,0.4100606878598531,0.3616160194079081
1,158,0.0005415983534027121,0.0005525357193417019,0.41970272226098143,0.3561469276746114
1,159,0.0005381396240094837,0.0005523661539579432,0.42171049677295447,0.3581152478853861
1,160,0.0005376358119121258,0.0005476076479276849,0.4214829202051516,0.3655712604522705
1,161,0.0005364559435596069,0.0005425821912164489,0.42323831731890454,0.37040370570288766
1,162,0.0005295295209370921,0.000553454271155513,0.4287623246510824,0.3571304811371697
1,163,0.0005354241686470714,0.0005541690547640125,0.42843440064677485,0.3552664597829183
1,164,0.0005364141455725019,0.0005464188961519135,0.42483145425349106,0.36659445232815213
1,165,0.0005314861759859609,0.0005491915456433263,0.42720524896810086,0.3618469450208876
1,166,0.0005279768650695958,0.000542598970544835,0.4326192483489896,0.3702502475844489
1,167,0.0005257226715732458,0.0005395155839828981,0.4356306168768141,0.37309270964728464
1,168,0.000519879374805447,0.0005716526803250115,0.44057823184095785,0.33080115450753106
1,169,0.0005159133934576846,0.0005495711113326252,0.4435631363480179,0.36030278470781113
1,170,0.0005175687875713647,0.0005444374478732546,0.4433645706117889,0.3675959693060981
1,171,0.0005139879975755365,0.0005683060515568488,0.44584929163073317,0.3400407870610555
1,172,0.0005185224473717864,0.0005498746513492531,0.4410753419369827,0.3619960599475437
1,173,0.0005160522882907111,0.0005371736349641449,0.4448052919941184,0.3774091866281297
1,174,0.0005105954796121812,0.000546984505167024,0.4505819879932168,0.36592020061280994
1,175,0.0005065450255103685,0.0005398801670202779,0.45250313061254993,0.37399669488271076
1,176,0.0005024957619348748,0.0005545294649588565,0.46201758988109637,0.361771825949351
1,177,0.0005083845855012812,0.0005405330642436942,0.45095187616936955,0.3765147474077013
1,178,0.0005022858669780149,0.0005395455221231613,0.4568098210994108,0.37198441955778333
1,179,0.0005005773428517084,0.0005460760594966511,0.45895355027398943,0.3688984394073486
1,180,0.0004961949913980968,0.0005450990982353687,0.4632733296464991,0.3699100785785251
1,181,0.000496103039390787,0.0005432363845304483,0.4655767222981394,0.37011651065614487
1,182,0.000496273605371423,0.0005496798121991257,0.4630531796702632,0.3642868664529588
1,183,0.0004949648560593939,0.0005399076345687111,0.46569633998988585,0.37653312948015
1,184,0.0004897243931119181,0.000539547188155767,0.46916290374449743,0.3775109569231669
1,185,0.0004915678951987008,0.0005661551258526742,0.46915195576938584,0.3476685881614685
1,186,0.0004934273394296107,0.0005424751680240863,0.4674983165882252,0.37430781523386636
1,187,0.0004832625600371372,0.0005384642242764433,0.47389884598461196,0.38042496840159096
1,188,0.00048215399556620806,0.0005353774435611235,0.4791356119108789,0.38055250114864775
1,189,0.00048106439975032834,0.0005436144704516564,0.4789839391355161,0.3742016262478299
1,190,0.0004802368860116895,0.0005402128845970664,0.4798814716162505,0.3775659084320068
1,191,0.0004779354438478886,0.0005430304303040935,0.4807972311973572,0.3749047093921237
1,192,0.00047481824833623786,0.0005467934624498917,0.4877704671871515,0.37071772946251763
1,193,0.0004748862299976158,0.0005469285158647431,0.48839007586608696,0.36935158835517035
1,194,0.00047751599692820034,0.0005377163153348698,0.4830987444630376,0.3798186858495077
1,195,0.0004708614130648152,0.0005356177855800424,0.49141967134711184,0.3804224411646525
1,196,0.00046846962729353965,0.0005424232623125944,0.48995980392267674,0.3761073496606615
1,197,0.00047276179251594494,0.000561656463994748,0.4862777324370396,0.3516506963306003
1,198,0.00046689705995060966,0.0005339558391521374,0.4971097768088918,0.384982603126102
1,199,0.0004688684515264115,0.0005479043375493752,0.4913823046802003,0.36929323673248293
1,200,0.0004754294290632745,0.0005386818743621309,0.4850949771610307,0.37850743267271253
1,201,0.00046653494261849075,0.0005352972243498597,0.4933340734905667,0.3830210116174486
1,202,0.00046139714548099834,0.0005535547647418247,0.4979859569926321,0.3605895545747545
1,203,0.00045901996724560486,0.0005467483411646551,0.49780242811014624,0.371311342716217
1,204,0.00046069786235701613,0.0005361891881976691,0.49951332439610985,0.38085176547368366
1,205,0.0004599522136692188,0.0005384432746925288,0.4983372894334204,0.3779725710550944
1,206,0.00046096488834864656,0.000543696043961164,0.49995005984365204,0.37455977333916557
1,207,0.00045915029707284253,0.0005353235135165354,0.5005709477412847,0.3834374811914232
1,208,0.0004535464521060571,0.0005381237948313356,0.5070215259069278,0.38115610281626383
1,209,0.00045231388045336915,0.0005342240535861088,0.5075206478436788,0.38442652225494384
1,210,0.0004472477230772284,0.0005375848164678447,0.5147355365164485,0.3816845801141527
1,211,0.0004498900741447959,0.0005317025766190556,0.5113893295511788,0.38880599207348293
1,212,0.0004517211729695124,0.0005417241895985272,0.510009272304582,0.3764608210987515
1,213,0.00044687504644425193,0.0005432804386752347,0.5154465957924171,0.37599638832939997
1,214,0.00044534878530769526,0.0005328580232647558,0.5123650082835445,0.3874075200822618
1,215,0.0004385564846337348,0.0005373296017448108,0.5215040146568675,0.38303230206171673
1,216,0.00044069219629257276,0.0005396194096344213,0.5203887549447425,0.38056656122207644
1,217,0.000441131207956875,0.0005383556566408111,0.5179560358141675,0.3835975170135498
1,218,0.00043881828005621097,0.0005512977264718049,0.5234869175487095,0.36548102696736656
1,219,0.00043804345481431137,0.0005336874074095653,0.5209513849682278,0.38805942932764687
1,220,0.0004327751838395165,0.0005361398125791715,0.5308645929819272,0.3816629383299086
1,221,0.0004363890581356109,0.0005345381602334479,0.5260166260931227,0.3874658372667101
1,222,0.0004264952387103098,0.0005379809351224039,0.5334740934548554,0.38537661102082993
1,223,0.00043222370699772406,0.00052763033632396,0.5260578683864923,0.39628401862250434
1,224,0.0004307876162828855,0.0005496277447996868,0.5329644941989287,0.36761638588375517
1,225,0.00043078653663856746,0.0005388177155206601,0.532258853500272,0.3849519385231866
1,226,0.00042900673277607116,0.0005339883759410845,0.5329400293621016,0.3913163661956787
1,227,0.0004249842177047452,0.0005320676511877941,0.5370752708411511,0.3928885923491584
1,228,0.0004210272622093512,0.0005373299626323084,0.5418639133005967,0.3874475638071696
1,229,0.0004179482726253753,0.0005368320737034083,0.5434425174454112,0.3860598299238417
1,230,0.00042102860924960286,0.0005330020781709916,0.5388504246134816,0.3943681796391805
1,231,0.0004152352920946102,0.0005352905835025012,0.5431083973543144,0.3921775884098477
1,232,0.0004151542757258371,0.0005538691805365185,0.5483636418978374,0.36791146728727553
1,233,0.00042136135370252124,0.0005344249178758926,0.5387633953565433,0.3879943953620063
1,234,0.00041943836790498025,0.0005429033008921477,0.5420424941145343,0.3794438428348965
1,235,0.0004150972277627407,0.0005419954696359734,0.5468014886349808,0.3840207576751709
1,236,0.00041473907113857107,0.0005427058100596898,0.5476167350639531,0.38294607400894165
1,237,0.0004145046657980362,0.0005330735649396148,0.5471826837386614,0.39349627759721545
1,238,0.0004116446729088317,0.000536234573357635,0.5507537314921249,0.39029087093141346
1,239,0.00041448532827888376,0.0005352655826653871,0.5482487019197441,0.39025899701648287
1,240,0.0004087387730746909,0.0005315603778904511,0.554484133955873,0.3951743854416741
1,241,0.00040419407750847807,0.00053179928023989,0.5563967244124707,0.3953876270188226
1,242,0.00040470084174030265,0.0005341655587674016,0.5580051221965272,0.39494734605153403
1,243,0.00040496347729335137,0.0005279456912022498,0.5530686284288948,0.40061453978220624
1,244,0.0004078625561238301,0.0005296536514328585,0.5549950471630802,0.39670809110005695
1,245,0.0004042480076249275,0.0005518002836551103,0.558654225461277,0.37309112151463825
1,246,0.0004014984782882909,0.0005377306887466046,0.5589410783332072,0.3875940826204088
1,247,0.0004062004089154257,0.0005342299364403719,0.5549236076849479,0.3965817623668247
1,248,0.00039933016839908595,0.0005315186572261155,0.5614121782926865,0.39644570350646974
2,1,0.06209833283483246,0.007113061648690038,-91.32778466189349,-8.733640432357788
2,2,0.014082971183054242,0.002080557697142164,-20.569732013749487,-1.4801798052257962
2,3,0.010584901137576427,0.0012673259661015537,-15.158430418556119,-0.3486352655622694
2,4,0.008726367899389178,0.0011327472127353152,-12.26573731340008,-0.1730734626452128
2,5,0.007251617321629583,0.0010506224094165696,-9.928027814111593,-0.05653371148639255
2,6,0.006154501614057355,0.0010362740606069565,-8.264972368876139,-0.036451432440016
2,7,0.00533042124438065,0.0010316788762186964,-6.941353420563686,-0.027368862099117704
2,8,0.004663221119546596,0.0010092084037346973,-5.911833027851435,-0.0037675367461310495
2,9,0.0040987301364908985,0.0009793030214495957,-5.017605655281632,0.029956116941240098
2,10,0.0036561683274483605,0.0009757351699388689,-4.3316646773138165,0.03567659325069851
2,11,0.0032554791297441646,0.0009577023744997051,-3.7026437364978553,0.05663286977344089
2,12,0.0029250219349323966,0.0009609488589275214,-3.1865666095121408,0.05228453477223714
2,13,0.0026434671898360974,0.0009697161679570046,-2.7390970174177194,0.03592484659618801
2,14,0.002410671450657609,0.0009559219379702376,-2.3802536372785217,0.05706261528862847
2,15,0.002210149506428911,0.0009501994354650378,-2.0665548824969635,0.06321208609475029
2,16,0.0020457585687162698,0.0009344406865744127,-1.8062025700086428,0.08312146531211005
2,17,0.001914168098067612,0.0009253370316906108,-1.6043960088565026,0.09436540471182929
2,18,0.0017956902298869358,0.0009231191037947105,-1.4212543040146062,0.09723674986097548
2,19,0.0017011089362549009,0.0009057930114472078,-1.272964436330913,0.11984911892149183
2,20,0.0016191834365420136,0.0009061273510774804,-1.1511874587447555,0.12171914312574598
2,21,0.0015542007054282743,0.0009241671172074146,-1.046791548199124,0.09253362947040134
2,22,0.0015031895738233019,0.0009041663543838594,-0.962732865486616,0.11820382277170817
2,23,0.0014428746708335333,0.0008880813606083393,-0.8724639748349602,0.14070217476950753
2,24,0.0013870905757088353,0.0008887310020832551,-0.7910287159460562,0.1401877959569295
2,25,0.0013459050996275045,0.0008760097384866741,-0.7253660912866946,0.15573235352834067
2,26,0.0013098203327023873,0.0008764088671240542,-0.6670024680502621,0.15564042727152508
2,27,0.001265800718999939,0.0008781123996919228,-0.6020392488550257,0.15121702750523885
2,28,0.0012392509858020477,0.0008715205036828088,-0.5645085010999514,0.16196945110956829
2,29,0.0012109885986802387,0.000861594296940085,-0.5186598895508566,0.17515603833728366
2,30,0.0011814161336026442,0.000869786130109181,-0.477004521422916,0.1616290913687812
2,31,0.0011579592562752006,0.0008533803577948775,-0.4379755822228797,0.18523684872521295
2,32,0.0011318876485650739,0.0008589803435218831,-0.3990184112831398,0.17696644332673814
2,33,0.0011174400679100258,0.00086030909507018,-0.37824699849258236,0.175517471631368
2,34,0.0010976765497392159,0.0008495361544191837,-0.34419081888081116,0.18794410361184014
2,35,0.0010763822712671059,0.0008475369760870106,-0.3133035964436001,0.19248626232147217
2,36,0.0010606529600745826,0.0008440441658927334,-0.28961463313043856,0.19663001431359184
2,37,0.0010479183959556215,0.0008518470321885413,-0.2713874727119634,0.1851169678899977
2,38,0.0010350735311936818,0.0008408618767538832,-0.2508806961554068,0.2002163012822469
2,39,0.0010195482513625865,0.0008368781599630084,-0.2265744502161756,0.20634028514226277
2,40,0.0010037538727722419,0.0008336936097799076,-0.20104658014980364,0.21026045348909167
2,41,0.0009905174238043894,0.0008332328883827561,-0.18376991469183085,0.20893055465486315
2,42,0.000984684185895287,0.0008351730829518702,-0.17548165998341125,0.20935679011874728
2,43,0.0009676671295173834,0.0008296005091526442,-0.14807005090478026,0.2151561286714342
2,44,0.0009570102076575068,0.0008270909970936676,-0.1348592201868693,0.2235580841700236
2,45,0.0009485475455962674,0.0008278780060613321,-0.12094692183129581,0.22136919365988839
2,46,0.0009360151624100075,0.0008290423520116342,-0.10111071989860064,0.21728375487857396
2,47,0.0009256394248007349,0.0008182442190849947,-0.0866803154533292,0.2322263691160414
2,48,0.0009222172588730852,0.0008274480816908181,-0.08127422833148344,0.22092854579289753
2,49,0.0009184179083087746,0.0008197121839556429,-0.07121535392455113,0.22982206212149725
2,50,0.0009051150993018606,0.000819757569115609,-0.05784399112065633,0.23300612635082668
2,51,0.0008921312659771906,0.0008111268851078219,-0.037612999810112846,0.24130485985014175
2,52,0.0008864296827304326,0.0008177277864888311,-0.027797932242169792,0.2336212184694078
2,53,0.000876768266517715,0.0008172991465673679,-0.015766125843848712,0.2336958646774292
2,54,0.0008732196784371303,0.0008085662343849738,-0.00758507619669408,0.24559969239764742
2,55,0.0008667309897848302,0.0008121308016901215,0.0012462273056124463,0.24026251898871528
2,56,0.0008606604067608714,0.0008066943885448078,0.00742849670810464,0.24696901506847804
2,57,0.0008527869930674817,0.0008033224200415943,0.02205595396183155,0.24942984051174588
2,58,0.0008458568590957625,0.0008097930371554361,0.03140341175927056,0.2431488381491767
2,59,0.000844449385351007,0.0008004646360253294,0.03440508813033869,0.25276503165562947
2,60,0.0008407773698657107,0.000803809090413981,0.03926546146840225,0.25114869674046836
2,61,0.0008297206072228742,0.0008026187683248685,0.05522730218039618,0.24967512157228258
2,62,0.0008260070857948359,0.0007964799542807871,0.0603424635934241,0.25826184617148507
2,63,0.0008212879857761256,0.0008004966644673711,0.06577074351134124,0.2543249633577135
2,64,0.0008136200932728379,0.0008009204990230501,0.07668289961638274,0.25277526908450654
2,65,0.0008111816562171796,0.0007955226296972898,0.08348402756231803,0.25976610051261056
2,66,0.0008034767670683379,0.0007975784997041854,0.0912843766035857,0.26055435869428845
2,67,0.0007959814778138182,0.0007972692514562772,0.10174947285357817,0.2579817705684238
2,68,0.0007945802677882674,0.000792285560682002,0.10432828576476486,0.2634287714958191
2,69,0.0007908325504373621,0.0007868268979816801,0.1099569707740972,0.26893020735846623
2,70,0.0007853247256903553,0.0007882426234169139,0.11634918951693876,0.26930397351582847
2,71,0.0007840955236144823,0.0007854844572850399,0.11910286921041983,0.272543019718594
2,72,0.0007758520286311798,0.0007861399712661902,0.12797878082887626,0.27129650910695396
2,73,0.0007751223731809008,0.0007857715361751616,0.13133705898567483,0.2704525974061754
2,74,0.0007680838967868943,0.0007872194970130092,0.1395454231603646,0.27168685330284964
2,75,0.0007661064839519468,0.0007816025185295277,0.14733724652984995,0.27683650917477076
2,76,0.0007581684070087417,0.0007792710326611996,0.15404417750276164,0.2789679659737481
2,77,0.0007549026099976474,0.0007839465371540024,0.1574910889437169,0.27500147687064275
2,78,0.0007525483724074784,0.0007815470311066343,0.15910939817075376,0.27934039963616264
2,79,0.000748954865546828,0.0007813203342569371,0.16563429994347656,0.2765883896085951
2,80,0.0007424763912610986,0.000777584569166518,0.17381122642093236,0.2823988053533766
2,81,0.0007376398754674068,0.0007703460067407125,0.17977749550784075,0.29015519883897567
2,82,0.0007380903755993019,0.0007780674017137952,0.1811751103695528,0.28152513371573556
2,83,0.0007340918029198584,0.0007807956258248952,0.18419521531940977,0.27763911485672
2,84,0.0007320589625943498,0.0007736446866248217,0.18257045068858582,0.2858207040362888
2,85,0.0007307990715712493,0.0007727776266013582,0.18668070957984453,0.28865942027833724
2,86,0.0007267158722826912,0.0007734525987568001,0.19352093714254873,0.28569962448543973
2,87,0.0007197554254858398,0.0007695242348644468,0.20540081439194857,0.2909883870018853
2,88,0.0007153549221528257,0.0007739119645622042,0.20975348581502468,0.2849257124794854
2,89,0.0007122848246154593,0.0007728738244622945,0.21058781029265605,0.28641470670700075
2,90,0.0007147420627455929,0.0007720016098270813,0.21152384001531718,0.2881457381778293
2,91,0.0007111501701774053,0.0007725851506822639,0.21364703193122958,0.28819693989223905
2,92,0.0007089661504716877,0.0007710858351654477,0.21593128589936245,0.28757986625035603
2,93,0.0007067238719398041,0.0007739866928507884,0.21880463817973195,0.2875467856725057
2,94,0.0007033350398867494,0.0007771777726399402,0.2238060372847098,0.28706194824642606
2,95,0.0006971697527110393,0.0007699576038349834,0.2322263290852676,0.2915258447329203
2,96,0.0006928867230732224,0.0007589314960771136,0.2371194518642661,0.30593026214175756
2,97,0.0006912017554435649,0.0007658267199682693,0.23729399943057403,0.29829293886820474
2,98,0.0006876503151875955,0.0007609554721663396,0.24065421069109882,0.30265229675504896
2,99,0.0006845954627396516,0.0007614050603782138,0.24688184982464637,0.2993725856145223
2,100,0.0006811476393062391,0.0007670324438044594,0.2497111243966185,0.2995165467262268
2,101,0.0006776544383301595,0.000763097170016004,0.25494522592167795,0.2999619205792745
2,102,0.0006784013657899642,0.0007554475476758347,0.25253257118625405,0.3103192660543654
2,103,0.0006702847751489852,0.0007543921574122375,0.2648391095208533,0.3114122205310398
2,104,0.0006694743836609026,0.0007580402915159033,0.2645359143798734,0.30409433709250555
2,105,0.0006671714698493388,0.0007592295296490192,0.2671564631991916,0.30355250967873465
2,106,0.0006619336382474428,0.0007601244388044709,0.270296714629656,0.30534350872039795
2,107,0.0006570106267319694,0.000747490812662161,0.2817191736197766,0.3184555636511909
2,108,0.0006591149174642784,0.0007609042157936427,0.27627740053482996,0.30378443002700806
2,109,0.0006525736800854864,0.00075401503385769,0.285567632427922,0.31147820817099675
2,110,0.0006517610864794273,0.0007608484308649268,0.28837454142393887,0.30296543969048395
2,111,0.0006591910303765793,0.0007687658136193124,0.2780880215727253,0.297233686182234
2,112,0.0006518189595540824,0.0007496717178987132,0.2833285767355083,0.316077803240882
2,113,0.0006436124724266981,0.0007458900023872653,0.295017961219505,0.3197761164771186
2,114,0.0006427621371170253,0.0007419872214086354,0.2972325553128749,0.3266994939910041
2,115,0.0006408155313692987,0.0007542174425907433,0.30068873240623945,0.3091353906525506
2,116,0.0006417925688035694,0.0007401700855957137,0.2952974513724998,0.3259685238202413
2,117,0.0006336640901461151,0.0007484111598589354,0.3078957744586615,0.3213262505001492
2,118,0.000631074813614243,0.0007384029204129344,0.3076037187635163,0.32995570500691734
2,119,0.0006305954240860395,0.000744911089229087,0.31049267186058893,0.3209412972132365
2,120,0.0006264163222865282,0.0007415096495404012,0.3143180327650941,0.325793715318044
2,121,0.0006251346370216781,0.0007422644269859625,0.31443585922688616,0.3212616443634033
2,122,0.000621423141076517,0.0007349526457902458,0.31893900397383135,0.3342367476887173
2,123,0.0006143309255015611,0.0007416655619939169,0.32804105796931704,0.3256205095185174
2,124,0.0006176804127689037,0.0007367709910290109,0.3222555484300778,0.3305654101901584
2,125,0.0006150448535293065,0.000742443807474855,0.3250614001427168,0.3258557915687561
2,126,0.0006107329607964206,0.0007355478152425753,0.33034069287924117,0.3321192012892829
2,127,0.0006128678740761071,0.0007363360000049902,0.33169065772751233,0.3292208194732666
2,128,0.000610589397277821,0.000731667837438484,0.33198572014584954,0.33464990324444244
2,129,0.0006020125414152849,0.00072928995359689,0.3423757956351763,0.3398350079854329
2,130,0.0005968818096099076,0.0007327996698829035,0.34802239250253747,0.3353031211429172
2,131,0.0006000797248468447,0.0007329076761379838,0.3459377762712078,0.341128318839603
2,132,0.0005918280271824772,0.0007390688432173596,0.35280319834932866,0.33268915812174477
2,133,0.0005938845838960491,0.0007222175313573745,0.3510583297705945,0.34727199210060966
2,134,0.0005926534253241564,0.0007232059711693889,0.34939404519987693,0.3463285777303908
2,135,0.0005942229147034662,0.0007272368633291788,0.3497883037284569,0.343199090162913
2,136,0.0005876834270038447,0.000721770462890466,0.35704011769942295,0.3494870238833957
2,137,0.0005896238015136785,0.0007248134274656574,0.35529852016472524,0.3468936178419325
2,138,0.0005840984357084021,0.0007221735612903204,0.3644406621838793,0.35131155914730494
2,139,0.000578219000103504,0.0007149413991202083,0.36945749168042785,0.3558584796057807
2,140,0.0005726208006330754,0.0007210261537693441,0.3758508676364098,0.3504935542742411
2,141,0.0005709832498263337,0.000721057946793735,0.3789038194550408,0.3517023338211907
2,142,0.0005723720734053648,0.0007172714246229993,0.37475031526000413,0.355550135506524
2,143,0.0005699308156495753,0.0007168969449897607,0.3758038807798315,0.35428580045700075
2,144,0.0005681397030446218,0.0007178059882587856,0.37916444495872215,0.3565615879164802
2,145,0.0005718766234493182,0.0007258266288166245,0.3719260632255931,0.34910789993074204
2,146,0.0005624979221331024,0.0007167313454879655,0.382880308157132,0.35728499359554716
2,147,0.0005613819888597469,0.0007135902479704884,0.383812055322859,0.35822801457511055
2,148,0.0005589507722847715,0.000712019353846295,0.3902401715149114,0.3589303917355008
2,149,0.000558692333575936,0.0007213028096076515,0.38563046867464795,0.3529500497712029
2,150,0.0005598328915643104,0.0007133468571636412,0.3866630106796453,0.3607038550906711
2,151,0.0005658709912641365,0.0007125068080818487,0.38284712514759583,0.356291667620341
2,152,0.0005507281692526131,0.0007151987946902712,0.39828456463637174,0.35805006821950275
2,153,0.0005467419903495429,0.0007133474870998826,0.3998541422832159,0.36199756860733034
2,154,0.0005437572611737306,0.0007136931241903868,0.4044443797182154,0.36252205769220985
2,155,0.0005412669013035886,0.0007006213495818277,0.4038391010260876,0.3713546329074436
2,156,0.0005397854046608655,0.0007112508652628296,0.40828427444269627,0.366304432021247
2,157,0.0005350927819417399,0.0007041567005217075,0.4129023032423891,0.3719766762521532
2,158,0.0005324051118984726,0.0007051975906102193,0.4154631747139825,0.36942830748028227
2,159,0.0005332162139511863,0.0007093051500204537,0.41555729191980245,0.3664560662375556
2,160,0.00052750905865033,0.0007069441269979709,0.4201949194625572,0.36787036259969075
2,161,0.000527495280465824,0.0007184284027769333,0.420165212949117,0.35916161139806113
2,162,0.0005285112057197379,0.0007018738866059317,0.41720405316647186,0.3729255464341905
2,163,0.0005286488772576882,0.0007078848882681794,0.4169574038482007,0.3657338288095262
2,164,0.000525950725523778,0.0007036706756076051,0.42168013990661246,0.3711629960272047
2,165,0.0005257679416832548,0.0007225479232147336,0.4203667730460932,0.35328723854488797
2,166,0.000520728088133497,0.0007031548406100936,0.4235540672584816,0.3748609211709764
2,167,0.0005142083701988061,0.0006939456785201198,0.43017959550574975,0.3795491417249044
2,168,0.0005110652502166268,0.000700807616683758,0.438536849875509,0.3758778678046332
2,169,0.0005121964173690404,0.0007015933877685004,0.4354009595918067,0.3776813334888882
2,170,0.0005085790011727101,0.0006964955220205917,0.4399469711162426,0.3785175946023729
2,171,0.0005108475778539331,0.0006947981090181404,0.43759450912475584,0.377677936024136
2,172,0.0005103444867410961,0.0007162837376300659,0.4326287755259761,0.36690017382303874
2,173,0.0005043782539562219,0.000687170182613449,0.44319341550638647,0.3875919500986735
2,174,0.0005065262245796161,0.0006995620438829065,0.4427113871515533,0.37847890456517536
2,175,0.0005059699694637531,0.0007053922383218176,0.44298115409450767,0.3718433380126953
2,176,0.0004959649048504178,0.0006800390573011504,0.45221953436180395,0.39667205810546874
2,177,0.0004963399266053773,0.0006954332244478994,0.45485839402234113,0.38455691470040215
2,178,0.0004933616705526264,0.0006899333740067151,0.4554637134811025,0.3863394578297933
2,179,0.0004922327663128575,0.0006950148523578214,0.4549040803202876,0.382094320986006
2,180,0.0004866370089053188,0.000696726460268514,0.46171250873141817,0.3841212683253818
2,181,0.0004890988341584388,0.0006761231498482327,0.46066745504920864,0.3972383565372891
2,182,0.00048678136289832585,0.0007116217890547382,0.46368584706459515,0.37305660777621796
2,183,0.0004852015536600425,0.0006853497781169911,0.4638635280691547,0.3897234439849854
2,184,0.0004853411143599653,0.000683512195893046,0.4665719626862326,0.39260019726223416
2,185,0.0004841728711552504,0.0007180057142654227,0.46827225920594767,0.3629270182715522
2,186,0.0004846625750809678,0.0006786018829896218,0.46483772551571884,0.39612302780151365
2,187,0.00048346352730417786,0.0006908363416894442,0.4678535314253819,0.38739295270707874
2,188,0.0004699397176061469,0.0006907872532287406,0.48073753692485666,0.3899211804072062
2,189,0.00046887476569225573,0.000685220134134094,0.48109344641367596,0.3926590508884854
2,190,0.00047653923055479005,0.0006837764638476073,0.47392881255090974,0.3930370847384135
2,191,0.00046793929528284034,0.0006834194465126428,0.48070059617360433,0.3950627538892958
2,192,0.0004681638962974381,0.000687506899703294,0.48546561576701974,0.39476227230495875
2,193,0.0004622279503957633,0.0006785194958663649,0.4875829761410937,0.4029965188768175
2,194,0.0004579151207351206,0.0006772946799173951,0.49511220101956965,0.398479253715939
2,195,0.00045701456902962593,0.0006810841305802266,0.493501161351616,0.3996335281266106
2,196,0.0004563986748474202,0.0006869965659764905,0.4940522371986766,0.3978149745199415
2,197,0.0004562934614821441,0.0006786493700928986,0.4932371813573955,0.4007195234298706
2,198,0.0004547639622749692,0.0006802444346249104,0.49501134098312,0.40018199417326183
2,199,0.0004550159332503415,0.0006923936126339767,0.498635627458125,0.3891251352098253
2,200,0.0004469379213535123,0.000670382471030785,0.5037403406920257,0.4080253654056125
2,201,0.00044882690970912394,0.0006780784176145162,0.5036853042649634,0.40231253968344793
2,202,0.00044016921677178256,0.0006968247225611574,0.5112782332632276,0.3882031586435106
2,203,0.000443252215138924,0.0006767210472996036,0.5067988457503142,0.4016358534495036
2,204,0.0004472460618593305,0.0006922085135657754,0.5035069630469805,0.39132872422536213
2,205,0.0004435591954438959,0.0006704328012549215,0.5062519869686645,0.40706729226642185
2,206,0.0004441854430443067,0.0006861971833536194,0.5097083057886288,0.3929235418637594
2,207,0.00043916061670048003,0.0006783700949098501,0.5113559875959232,0.4007990519205729
2,208,0.00044030813898396804,0.0006714121839548979,0.5085626616890048,0.4082376347647773
2,209,0.0004301530641739337,0.0006704533343306846,0.5191697553352074,0.40742289622624717
2,210,0.0004293851150533207,0.0006720409340535601,0.5213044830310491,0.4084351195229424
2,211,0.00042683424321750615,0.0006778856118520101,0.5263987126173797,0.4041345026757982
2,212,0.00043280315046474613,0.0006679726893910104,0.5181040188412608,0.41335262457529703
2,213,0.00043176740981396976,0.0007083964301273227,0.5207648134525912,0.3816738486289978
2,214,0.00043393204112272756,0.0006565924876162575,0.5198109182310693,0.4197960615158081
2,215,0.00042773823937930077,0.0006708520917325384,0.5239445547998688,0.41085083219740126
2,216,0.00042103029490034614,0.000673461871014701,0.5293053370934946,0.4086387793223063
2,217,0.00042084482035680134,0.0006731659173965454,0.530241565203961,0.4088729739189148
2,218,0.0004179243000517427,0.0006721041255837514,0.5308641258581185,0.4104296565055847
2,219,0.00041096812052318805,0.0006714859033106929,0.5400859447173131,0.4090828392240736
2,220,0.0004112513645345138,0.0006605971682195862,0.5418307467743203,0.41712709665298464
2,221,0.0004141184073775133,0.0006556615272226433,0.5382672021418442,0.42158382601208155
2,222,0.0004140117559955674,0.0006724992365990248,0.5418372322011877,0.4085890399085151
2,223,0.00041181688666930077,0.0006786458543501794,0.5402816015997051,0.4033618450164795
2,224,0.00040681588737995444,0.0006798139346453051,0.5471725930402308,0.4029049754142761
2,225,0.00040825036459280476,0.0006654801571534739,0.5426236825224794,0.4161207185851203
2,226,0.00040985352559486565,0.0006629345447031988,0.5445243994394938,0.41928804847929213
2,227,0.0004103233825047443,0.0006893211018501056,0.5418259552967402,0.39505358669492935
2,228,0.0004098231981100262,0.000671913031126476,0.5438798917664422,0.4132330788506402
2,229,0.0004035377606927751,0.0006686237524263561,0.5535022032113723,0.4132123099433051
2,230,0.0003998126885652496,0.000694412497493128,0.5534983243471311,0.3966297811932034
2,231,0.0004001965076536124,0.0006722532691330545,0.5546610673268636,0.414016502433353
2,232,0.0003939615657415103,0.0006693117967289356,0.5577360987663269,0.4092212994893392
2,233,0.00039984511842456775,0.0006821298674266371,0.555927868242617,0.4051729785071479
2,234,0.0003971699278882164,0.0006655516348675722,0.555535547968782,0.4165080322159661
2,235,0.0003935362564480323,0.0006722194879936676,0.5597163750801557,0.41332000096639
2,236,0.0003954188390146297,0.0006689363599030508,0.5602553959246035,0.4158243497212728
2,237,0.0003864848481801649,0.0006654011719446216,0.5674157938839477,0.41597828335232206
2,238,0.0003895739830719928,0.0006736349353256325,0.5648813471382047,0.40694147878222997
2,239,0.00039121092880650617,0.0006628899589284427,0.5612661494149103,0.42134200069639416
2,240,0.00038749396716198525,0.0006780812335718009,0.5664787226253085,0.40833147631751165
2,241,0.00038689465030602375,0.000674159038398001,0.5685223644162402,0.41420663992563883
2,242,0.0003930418853458293,0.0006605304001520078,0.5589343023888859,0.423342588212755
2,243,0.0003936672250504525,0.0006817015081954499,0.5604830107571166,0.4035829226175944
2,244,0.0003879219570260403,0.0006708486846441196,0.5674029599001378,0.41369996468226117
2,245,0.00038337476938146595,0.0006561959783236186,0.5707982831531101,0.4293873985608419
2,246,0.00038509535930912804,0.0006989983065674702,0.5704351804874561,0.39232745170593264
3,1,0.06861155547293615,0.006729544285270903,-107.15684359161942,-9.374043639500936
3,2,0.01451784993901297,0.0019050900772627857,-21.090033854378593,-1.5268661975860596
3,3,0.01079569567500809,0.0014407767784885234,-15.351270703916196,-0.759508130285475
3,4,0.008799487041930358,0.0011028801194495625,-12.21821149190267,-0.2438468787405226
3,5,0.007415028745423496,0.0010429792313112153,-10.068530961024909,-0.14995270040300157
3,6,0.00640354990200312,0.0010176822543144226,-8.54629030904652,-0.10400636328591241
3,7,0.005547389531807031,0.0009764771210029721,-7.175974623067879,-0.06021570364634196
3,8,0.004854628846141291,0.0009736398299638596,-6.1228884217179855,-0.06482327514224583
3,9,0.004214277818661045,0.0009516291798920267,-5.1406782733069525,-0.033389854431152347
3,10,0.0036778000401861874,0.0009506129051765634,-4.306873630594324,-0.035880798763699
3,11,0.0032289350738771904,0.0009319103659234114,-3.5903038210339018,-0.004374594158596463
3,12,0.0028685077001559148,0.0009264208065966766,-3.0498063072746184,0.0008606195449829101
3,13,0.0025561119941419656,0.0009097181157105499,-2.558823009184849,0.023159644338819715
3,14,0.002318142237210715,0.0009093800093978643,-2.1878346487327858,0.02040562629699707
3,15,0.002099291361109526,0.0008891399704023368,-1.8503308649416323,0.0484112196498447
3,16,0.001945167025666178,0.0008951884215801126,-1.6181183929796572,0.0389483822716607
3,17,0.001797734441258657,0.0008941078416278793,-1.3892690490793298,0.03792858521143595
3,18,0.001680920226211993,0.0008719206024478707,-1.2108936771934415,0.07071068949169583
3,19,0.0015808514856882853,0.000875586651576062,-1.0627043317865443,0.06378554900487264
3,20,0.0015009321002174675,0.0008563813818101254,-0.9293884025679694,0.0933862911330329
3,21,0.0014240883871407053,0.0008515317251698839,-0.8197182948206678,0.09781967931323582
3,22,0.0013630332942638132,0.0008501446573063731,-0.7244553673414537,0.09751108354992337
3,23,0.0013109400747688832,0.0008400834359539052,-0.6461797789291099,0.11072311401367188
3,24,0.0012714611288780968,0.0008375842473469675,-0.5832833457876134,0.11534077988730537
3,25,0.00122403824173006,0.0008353200365996196,-0.5121943445853245,0.11755234135521783
3,26,0.0011852491738987558,0.0008259143356958197,-0.4533421968236382,0.13159507910410564
3,27,0.0011504332957513355,0.0008222062063092987,-0.4041683648839409,0.13711945215861002
3,28,0.0011228693606055997,0.0008192985163380703,-0.35787910061118045,0.1382769505182902
3,29,0.0011037797460125552,0.0008222116480788423,-0.3307919536107852,0.13501449558469986
3,30,0.0010715061460943593,0.0008169402937508292,-0.2833175626801856,0.1417778041627672
3,31,0.001053553852137684,0.0008120563579723239,-0.2585461610629235,0.1488070501221551
3,32,0.0010280106288530393,0.000805949655154513,-0.22019493609298896,0.1575447161992391
3,33,0.0010113555225141255,0.0008036646047710545,-0.1915038490001066,0.1610036399629381
3,34,0.0009922867820506202,0.0008030342727175189,-0.16507995864491404,0.1617202387915717
3,35,0.0009781937142201687,0.0008040876153649555,-0.14789720081988675,0.16070480744043986
3,36,0.0009633350630152833,0.0007948359383994506,-0.12469482348289018,0.17346128887600368
3,37,0.0009478898434382346,0.0007971254850013389,-0.10122593052593279,0.16875049008263482
3,38,0.0009370027980939657,0.0007927917099247376,-0.08101989972738573,0.17637094656626384
3,39,0.0009302731537271613,0.0007947851140569481,-0.07157838344573975,0.17358964681625366
3,40,0.0009142108896839214,0.0007895651402779751,-0.048413294774514656,0.18078743881649442
3,41,0.000903812082150928,0.0007871457724831999,-0.03591357675599463,0.1866461926036411
3,42,0.000894487591713299,0.0007869148122457166,-0.020238185076066006,0.18489949968126085
3,43,0.0008838095281123655,0.0007861805756369398,-0.005724493368172351,0.18876430326037938
3,44,0.0008783336151046334,0.000783453266032868,0.0028109609344859183,0.19085337056054008
3,45,0.000868554892346125,0.0007802893317097591,0.02034983370039198,0.1937561167611016
3,46,0.0008608758655077789,0.0007805239473883477,0.029704620955902854,0.19381421274609037
3,47,0.000854863512709185,0.00077666338507293,0.03897551195121106,0.19991827805836995
3,48,0.0008454812486529534,0.0007768563861544762,0.052379853931474096,0.20028365055720013
3,49,0.0008369035165136059,0.000775641165415032,0.06295373130727697,0.20120241906907824
3,50,0.000830567435844353,0.0007727600375397337,0.07136931537110129,0.20570670233832467
3,51,0.0008275002906570372,0.0007793875915619235,0.07801000836454791,0.19660659896002874
3,52,0.0008236200530024498,0.0007748184454006453,0.07900791050475321,0.20390460226270887
3,53,0.0008196146060701138,0.000772955240164366,0.0858647601104077,0.20496677822536893
3,54,0.0008138445029207677,0.0007691355253983703,0.09707229902714859,0.2104954414897495
3,55,0.0008043297136742851,0.0007681118466684387,0.10715930079236442,0.21180220444997153
3,56,0.0007986627194317586,0.000768766933793409,0.11926767811363126,0.21287697421179877
3,57,0.0007941114516457382,0.0007702781857612232,0.12407199527010505,0.21319366428587172
3,58,0.000791231539376356,0.000765847705770284,0.12861665281248683,0.2175763765970866
3,59,0.0007877079974055106,0.0007658824001231955,0.1325056140805468,0.21842896276050144
3,60,0.0007799010386081113,0.0007625527343609267,0.14069772016854934,0.220422985818651
3,61,0.0007757075169744591,0.0007676972166842056,0.1462522589130166,0.2158910632133484
3,62,0.0007730879674286202,0.0007622068126996359,0.15407730179068482,0.22260211441251967
3,63,0.0007706004118742307,0.0007662332733161748,0.1553499635354972,0.2192726492881775
3,64,0.0007657613580828004,0.0007613306076058911,0.16326688336737363,0.22693260245853
3,65,0.0007653495828609592,0.0007616098271682858,0.16384254193600314,0.22260742319954765
3,66,0.0007600592248095774,0.0007590638383084701,0.1690587173273534,0.22682216034995184
3,67,0.0007546837422939271,0.0007545478383286132,0.17862072829846984,0.2312951895925734
3,68,0.0007510930717991734,0.000754364718320883,0.1793430675694972,0.23410057226816813
3,69,0.0007489862837426273,0.0007527125805305938,0.18531058305575523,0.23377624485227796
3,70,0.0007458387769149318,0.0007549983397540119,0.1906739870707194,0.2320150825712416
3,71,0.000742631114984828,0.0007523410462049974,0.1929048149674027,0.23489622407489352
3,72,0.0007363937332375366,0.0007544086250062618,0.20100157967320195,0.2336147838168674
3,73,0.0007377949648214803,0.0007515553281539016,0.19826392082520472,0.24061620235443115
3,74,0.0007300078817125824,0.0007508011651225388,0.20963783749827633,0.24409678644604152
3,75,0.0007266420277444944,0.0007485476089641452,0.21270676586363052,0.24352343612247043
3,76,0.0007250761907881149,0.0007479033613991406,0.21682473686006334,0.2474845700793796
3,77,0.0007271000120880795,0.000746311324959,0.21326780024869943,0.24624965455796982
3,78,0.0007205418204704737,0.0007440102312506901,0.2235131425622069,0.2514694094657898
3,79,0.0007170891623518625,0.0007485383371305135,0.22065334069876022,0.24215288559595743
3,80,0.0007191767000570249,0.0007431108219962981,0.22474826603759954,0.25134044885635376
3,81,0.0007146080520383462,0.0007447400052721302,0.22914211632292947,0.25304804510540435
3,82,0.0007070232889856453,0.000740696546725101,0.23791414823061155,0.2555438836415609
3,83,0.0007068590432072036,0.0007479825936671761,0.23960289896270376,0.25025800201627946
3,84,0.0007062415254624262,0.0007467782034331726,0.23846894399619398,0.25152354637781776
3,85,0.0007001204713661638,0.0007429236261588004,0.2458708535006017,0.2567423833741082
3,86,0.0007011645574145663,0.0007429818739183247,0.2475307008366526,0.25652488470077517
3,87,0.0006950280041272902,0.0007427098345942796,0.25093352676909647,0.25844791730244954
3,88,0.0006929761947155643,0.0007359853932737476,0.25222911201877357,0.26570404238171047
3,89,0.0006871063568353377,0.0007385080214589834,0.2615605029059045,0.26201654937532215
3,90,0.0006834553156542466,0.0007358120844906403,0.26615468631556005,0.2647682600551181
3,91,0.0006822269220181085,0.0007325548704506622,0.2658244475906278,0.26973801056543983
3,92,0.0006797952731254936,0.0007378892015872731,0.2688869415977855,0.2677889307339986
3,93,0.0006763808068497405,0.0007363962720976108,0.27467607686549056,0.27003860738542346
3,94,0.0006744227702671915,0.0007288328501292401,0.27569907741782107,0.2760102219051785
3,95,0.0006713868807253922,0.0007360513076289661,0.28063013715508545,0.2713517096307543
3,96,0.0006712672103736779,0.0007324614937210249,0.28031017235767697,0.2740865800115797
3,97,0.0006695517256890459,0.0007340374609662427,0.2793803635938668,0.2752893077002631
3,98,0.0006624580165486277,0.0007284334149315126,0.2825756969275298,0.28113278680377535
3,99,0.0006576075159691643,0.0007300275520214604,0.29280627230067313,0.2793005386988322
3,100,0.0006631148685873659,0.0007308544862704972,0.28794130425394315,0.28038751946555246
3,101,0.0006539402028005341,0.0007299350367652045,0.2983341998524136,0.28281735711627537
3,102,0.0006509756512744467,0.0007296626624237332,0.30110152268115387,0.28074739641613433
3,103,0.0006492210309205139,0.0007251962346749173,0.30402334560582667,0.28543864488601683
3,104,0.0006473542471347308,0.0007279970308041407,0.30217627463517366,0.2828960418701172
3,105,0.0006503796452127489,0.0007291760386174752,0.3023722682470157,0.28110933701197305
3,106,0.0006453961062095599,0.0007345818552292056,0.3057065813629716,0.27688149611155194
3,107,0.0006410183288720379,0.0007289675012644794,0.30851833879211804,0.28451330926683216
3,108,0.0006356112694908164,0.0007263637665245268,0.318320788424692,0.2871594084633721
3,109,0.0006350433502783194,0.0007298485505291157,0.3178719773704623,0.28957821130752565
3,110,0.0006316938408776933,0.0007269632924968998,0.32298732304278716,0.29109827677408856
3,111,0.0006291948537698682,0.000722080584253288,0.3237926655345493,0.2942200117641025
3,112,0.0006267107018545546,0.0007287447276111278,0.32641282626140267,0.28849021991093954
3,113,0.0006217573466135856,0.0007407324621453882,0.33268428790716476,0.28076797856224905
3,114,0.0006223008607192264,0.0007327975381890105,0.33204434521404314,0.287923632727729
3,115,0.0006213581022794967,0.0007239332370873955,0.3313648499088523,0.2939129696951972
3,116,0.0006162380914629241,0.0007345412185208665,0.33857449455025757,0.28545009824964734
3,117,0.0006155842149135783,0.0007261798238485224,0.3380109360188614,0.29252526230282255
3,118,0.0006073009043092621,0.0007310028601851728,0.3473897683767625,0.2947384556134542
3,119,0.0006100524648058194,0.0007244382622755236,0.3440984979087924,0.2978561441103617
3,120,0.0006055013946384008,0.0007214090114252435,0.3494920241979905,0.3017498387230767
3,121,0.0005982961320249295,0.000726677278160221,0.35819748419302483,0.29485674301783243
3,122,0.0005982758493139696,0.0007216745819379058,0.3595647566112471,0.302709256278144
3,123,0.0005970235840693392,0.0007237799931317568,0.357782197734456,0.3008489370346069
3,124,0.0005960961299327513,0.0007160851266235114,0.3588708854015963,0.30794014003541736
3,125,0.0005971451754175863,0.00072151758423489,0.3608841292652083,0.3041703356636895
3,126,0.0005937120213207823,0.0007184099871665239,0.3631973727249805,0.30303930706448023
3,127,0.0005865842020599011,0.0007229441815676789,0.37105868613278425,0.30650601122114396
3,128,0.0005858437062591821,0.0007284940893037452,0.36731010969774225,0.30520310269461737
3,129,0.0005833486392576661,0.0007242013674436344,0.37389617878713727,0.30416480435265436
3,130,0.0005814194607398944,0.0007270287877569596,0.3740883029537436,0.3023025261031257
3,131,0.0005791038753361337,0.0007212032266478572,0.37646601994832357,0.31085735427008737
3,132,0.0005772590635051192,0.0007269140902078814,0.3793163180351257,0.3051199542151557
3,133,0.0005692741606545485,0.000722601227203591,0.3855778992911916,0.3059877422120836
3,134,0.0005704357035107404,0.0007191149880074793,0.3864381938804815,0.311165538099077
3,135,0.0005708129326295521,0.0007221503506621553,0.38478285515749894,0.31015901698006526
3,136,0.000569559689639941,0.000734885710860706,0.38457511604568106,0.29953483872943454
3,137,0.0005645605429351606,0.0007254688418470324,0.3922714019999092,0.3091809921794467
3,138,0.0005647999174134047,0.0007220101995497114,0.39186650455733874,0.3164617300033569
3,139,0.0005564653773125215,0.0007291708232110573,0.39867948720484603,0.306180210908254
3,140,0.0005560495278418616,0.0007246750135285159,0.39796159811961795,0.3133646421962314
3,141,0.0005530069359394227,0.000727301393635571,0.40443314461060514,0.3083739108509488
3,142,0.0005513449530059725,0.0007231763796880841,0.4039683809986821,0.3135731259981791
3,143,0.0005426991863153231,0.0007281108552383052,0.4150244484713048,0.3102491776148478
3,144,0.0005478432493278596,0.0007226482486455805,0.4066736729056747,0.31671199401219685
3,145,0.0005455732854359128,0.0007252661407821709,0.40970721318397996,0.31258332994249133
3,146,0.0005427449477411071,0.0007368341967877415,0.41577207924407206,0.308077081044515
3,147,0.0005387256343067152,0.0007301508397277858,0.41598636191568256,0.3064968228340149
3,148,0.0005374969854192049,0.0007318690846053262,0.423008163328524,0.31073452631632487
3,149,0.0005351321974389806,0.0007261233481888969,0.42152818809320897,0.3122455530696445
4,1,0.07068138776094089,0.009406142433484395,-107.4886031527578,-12.25815945731269
4,2,0.01535509515001818,0.002113938429910276,-22.427776621006153,-1.6474464548958672
4,3,0.011236465998269893,0.001366992437073754,-16.14909025180487,-0.5752430783377753
4,4,0.009214772272533105,0.001075266534462571,-12.933930491812434,-0.14739834202660454
4,5,0.007865490037717937,0.0010246030391297407,-10.878599826789197,-0.09007111787796021
4,6,0.006768961520980538,0.0010066687401073674,-9.178479369481405,-0.06982809835010105
4,7,0.005958635438187623,0.0009964935507418382,-7.9270993088498525,-0.055994240442911784
4,8,0.005264770945557106,0.0009740860550664365,-6.807323615344954,-0.030828983253902858
4,9,0.004687588720547932,0.0009843648889929883,-5.9063147456557665,-0.050530698564317494
4,10,0.004188363382845749,0.0009681460163038638,-5.130067311098546,-0.02734492752287123
4,11,0.0037041365013768274,0.0009522896428178582,-4.40610030727622,-0.007429986529880099
4,12,0.0032998255080325,0.0009298935222129027,-3.7552564335458074,0.023141798708173962
4,13,0.0029261481591764792,0.0009221185852463046,-3.166128453207605,0.034215316507551406
4,14,0.0026392519157839777,0.0009308203343405491,-2.7088079031602836,0.021114048692915173
4,15,0.002403200723598769,0.0009237808615176214,-2.354652182849837,0.029632627964019775
4,16,0.002194484187014125,0.0009005741332657636,-2.0176449222329222,0.06301189396116469
4,17,0.0020141620694855114,0.0008948756873400675,-1.7377986934449938,0.06933452950583564
4,18,0.0018832008354365826,0.0008943852476982607,-1.5437722612310338,0.06579506662156846
4,19,0.001765828882344067,0.0008843109115130372,-1.3627774438740294,0.07986737224790785
4,20,0.0016626651723650686,0.0008633579722502166,-1.1975550419018592,0.1087871856159634
4,21,0.0015729351774042034,0.000864693513398783,-1.0617485011065448,0.10559151305092705
4,22,0.0015027095523467403,0.0008526827480333547,-0.9535762148138918,0.12273430691825019
4,23,0.001441227534590404,0.0008493570753166245,-0.8571363225395296,0.1261503842141893
4,24,0.00138119731247885,0.0008453234758538504,-0.7597830192542371,0.13143707248899672
4,25,0.0013295594131413064,0.000849331267333279,-0.684544152389338,0.12329672574996949
4,26,0.001278041610436767,0.0008366104254188637,-0.6036673825464131,0.13993690146340265
4,27,0.0012346470231236314,0.0008393795345909893,-0.541521531564218,0.13351796203189426
4,28,0.001200807361898047,0.0008236416253364748,-0.4810629584171154,0.15707757737901476
4,29,0.0011665460613360743,0.0008142655650671157,-0.43644742686071514,0.16857897837956745
4,30,0.0011354155177365482,0.0008099051554583841,-0.3886028975616267,0.17407927380667793
4,31,0.0011182200517160473,0.0008129195361915562,-0.36214928538710983,0.16832588778601754
4,32,0.0010873514558131128,0.0008052936987951398,-0.3150657840716986,0.177202214135064
4,33,0.0010706901811868136,0.000810771174211469,-0.2879786981476678,0.1699813856018914
4,34,0.001050799331386332,0.0008120828256424931,-0.2609137021465066,0.16504613161087037
4,35,0.001029224292214178,0.0007989098266181019,-0.22716907527711655,0.1838752786318461
4,36,0.0010142364582322813,0.0007956944832888742,-0.20671273882006422,0.1910820656352573
4,37,0.0009999405543814287,0.0007902787493852278,-0.1802685413831546,0.19472367233700222
4,38,0.0009883757855996122,0.0008013122637445728,-0.16406993792380817,0.1819288836585151
4,39,0.0009661821156947149,0.000797639360340933,-0.13422950167714814,0.18795935842725967
4,40,0.0009565798787078188,0.0007929294124349123,-0.11664780510796441,0.19358373483022054
4,41,0.0009411030365614059,0.0007882816561808188,-0.0944102229895415,0.1999536845419142
4,42,0.0009320901177915526,0.000803489393244187,-0.08176252415150771,0.17433921893437704
4,43,0.0009230184302676791,0.0007935295618760089,-0.06917411353853013,0.19295129378636677
4,44,0.0009087216944065819,0.0007828911701734695,-0.047819828692777656,0.2026998135778639
4,45,0.0009007548585672069,0.0007868111650976869,-0.036418138609992136,0.19945347176657782
4,46,0.0008949942211333064,0.000784806746782528,-0.025708202521006265,0.20284860399034288
4,47,0.0008810730964336314,0.0007759138993504974,-0.005674599865336477,0.21245447794596353
4,48,0.0008778173910499907,0.0007795136111478011,-0.004244558899490922,0.20842454698350693
4,49,0.000870158502050204,0.0007779978720160822,0.008330071561130477,0.21113745901319717
4,50,0.0008591832774173882,0.0007759097252144581,0.02742059348542013,0.21175099081463283
4,51,0.0008530739837119149,0.0007771210020614995,0.03337076696348779,0.20935837427775064
4,52,0.0008483015377373423,0.0007714384338921971,0.0432775166299608,0.21803130838606094
4,53,0.0008429680981121405,0.0007747429655864835,0.05090708865059747,0.2189648217625088
4,54,0.0008342892535168815,0.0007777826265535421,0.06284474325768742,0.216103114022149
4,55,0.0008290423902418511,0.0007641108952359193,0.07224572381855529,0.2276617685953776
4,56,0.0008225416344946917,0.0007683690727895333,0.08023002868817176,0.22157597011990018
4,57,0.0008166351824148018,0.0007693225026337637,0.08534937140382366,0.2208007918463813
4,58,0.000811704769184422,0.0007694775859514873,0.09313133660657906,0.222014492087894
4,59,0.0008117346492607469,0.0007615935794698695,0.09756731942847922,0.2340242968665229
4,60,0.0008027167116970192,0.0007604061755248242,0.10999152601501089,0.2339226868417528
4,61,0.0007964434403995121,0.0007625887480874856,0.11556885051138607,0.2303594708442688
4,62,0.0007929448689403081,0.000759281262031032,0.12054491101959605,0.2327964186668396
4,63,0.000791074188546864,0.0007557469859926237,0.1256219937477583,0.23825399345821804
4,64,0.0007811270292020507,0.0007598381592995591,0.1381099530208258,0.23494314485126072
4,65,0.0007830833638213391,0.000755798490718007,0.13711294480312017,0.23592254055870904
4,66,0.0007769122531488077,0.0007532976697095567,0.14327939851784413,0.23746858172946506
4,67,0.0007731970881088925,0.0007611143519170582,0.15062201729527228,0.23113159073723688
4,68,0.0007701876581887957,0.0007553760816032688,0.15424155585559798,0.2378939946492513
4,69,0.0007636086223359553,0.0007500547631126311,0.164311745873204,0.2430467896991306
4,70,0.0007616585294463108,0.0007484911708161235,0.16473638393260814,0.24530399905310737
4,71,0.0007592401416960782,0.0007473314129230049,0.16646147142221898,0.24566699928707547
4,72,0.0007512259038372172,0.0007428845817533632,0.17840991343980955,0.2526278773943583
4,73,0.0007519047672825831,0.0007581450497835047,0.17754952642652724,0.2362092547946506
4,74,0.0007467922560560207,0.000747684680391103,0.18444740860550493,0.2450463030073378
4,75,0.0007457122767206144,0.0007500316947698593,0.18687277340594632,0.24425273206498888
4,76,0.0007434499718789241,0.0007461141950140397,0.18956209774370547,0.24718699190351698
4,77,0.0007354025263339281,0.0007494723023329345,0.19835501938690375,0.24620040655136108
4,78,0.0007340094341930968,0.0007441226962125963,0.20049521378528926,0.2500723507669237
4,79,0.0007302214059530309,0.0007438546305315362,0.2053718646367391,0.25132602055867515
4,80,0.0007277418652342425,0.000737996239008175,0.20858054484850094,0.25502104891671074
4,81,0.000723269399985625,0.0007394618315932651,0.21043030759434642,0.25414170026779176
4,82,0.000722077808107169,0.0007372334004483289,0.21300958615762217,0.25921876960330537
4,83,0.0007181475762519296,0.0007380545346273316,0.21535949971940782,0.25659128692415023
4,84,0.0007144241118056262,0.0007341108440111081,0.22675107158260582,0.26153867774539524
4,85,0.0007083726214693377,0.0007349356672623091,0.23047845716829654,0.2592364682091607
4,86,0.0007032272907514355,0.0007332373035347297,0.23769740793440078,0.2626566184891595
4,87,0.0007007554282698734,0.0007379588929729329,0.24062604433224524,0.25917556285858157
4,88,0.0007018417161659418,0.0007355804050651689,0.2396033865434152,0.2652830031183031
4,89,0.0007009696327494803,0.0007385140970452792,0.2429921766858042,0.25857050683763294
4,90,0.0006926660653042756,0.0007291118782531056,0.2520646850268046,0.266528496477339
4,91,0.000695729223769848,0.0007386796292848885,0.24709020382092323,0.259936261177063
4,92,0.0006918715992884964,0.0007339985860097739,0.2535737997219886,0.26408464113871255
4,93,0.0006927376884656648,0.0007343951069439451,0.2534989717565937,0.2621374487876892
4,94,0.0006851783132950925,0.0007271121812259985,0.25944964444195784,0.26996923949983387
4,95,0.0006792641962004572,0.0007231849633778135,0.2676413806868188,0.27164712482028536
4,96,0.0006778323354578957,0.000725255161523819,0.2672333080091594,0.2719144251611498
4,97,0.0006758735894604966,0.0007296369721492131,0.27127139332853717,0.26761628521813285
4,98,0.000669641683401287,0.000727399699907336,0.27847479390509333,0.2724464946322971
4,99,0.0006680314693553949,0.0007308318473709126,0.2803030096454385,0.2656744188732571
4,100,0.0006669110172991584,0.0007202081860870951,0.28228107764397137,0.2774650494257609
4,101,0.0006612228039928056,0.0007291036502768596,0.28852433407748185,0.27027846972147623
4,102,0.0006613403971214997,0.0007227113315214713,0.2867048106075805,0.27680928707122804
4,103,0.0006608398345207083,0.0007266186630456811,0.28735854625701907,0.2701993703842163
4,104,0.00065618820120523,0.0007181059607925514,0.29620434516741906,0.2817406521903144
4,105,0.0006569863877684614,0.0007183936540968716,0.29328252915982844,0.27895321316189237
4,106,0.0006490332665163333,0.0007135980710801151,0.29946092941142893,0.28580880032645334
4,107,0.0006493519178166249,0.0007149117740078105,0.30130031888867603,0.28420393069585165
4,108,0.0006474452201035563,0.0007115136275792287,0.3021813164522618,0.28605672783321806
4,109,0.0006377438767410723,0.0007123901198307673,0.3164775168454206,0.28358469274308945
4,110,0.000640621652573715,0.0007134548491901821,0.31260475906324975,0.28552746242947047
4,111,0.0006422773877411713,0.0007161571540766292,0.3065894372669267,0.2846934278806051
4,112,0.0006338481594417475,0.0007114022698563834,0.31920935209886525,0.2852551619211833
4,113,0.0006324690707706283,0.0007165750760274629,0.3202728190539796,0.2821089916759067
4,114,0.000633147506856785,0.0007164653908047411,0.320771430304021,0.28529057767656113
4,115,0.0006305922025435225,0.0007094956934452056,0.3270333535877275,0.29034542640050254
4,116,0.0006224859194013715,0.0007096255120510856,0.33119363799507234,0.2877021378941006
4,117,0.0006242066338646835,0.0007232214557006955,0.3317526197727816,0.27550677590899997
4,118,0.0006183252465784733,0.0007118563555801908,0.3342051600232536,0.2894065353605482
4,119,0.000614276432208027,0.0007042202904510001,0.3406359160387957,0.2975333611170451
4,120,0.0006177007099958481,0.0007142757699410948,0.335333384996579,0.28453032440609405
4,121,0.0006163230328245755,0.0007070471894823842,0.337548671534032,0.2954931206173367
4,122,0.0006106985008551014,0.000710052092714856,0.3410518705109019,0.2896741165055169
4,123,0.0006098220727038512,0.0007064054344987704,0.3431162342613126,0.2947206576665243
4,124,0.0006055183146712312,0.0007051225001406339,0.34711496373753487,0.29604199197557235
4,125,0.0006016566224085788,0.000702612763012035,0.35162641766630576,0.2977199051115248
4,126,0.000598821381572634,0.0007034546488689052,0.35408684942457413,0.29777492417229545
4,127,0.0005965416023599696,0.0006995642803505891,0.3594164141902217,0.30288349125120373
4,128,0.0005967676597877325,0.000703113555856463,0.35656245858580976,0.2992120411660936
4,129,0.0005928871552402406,0.0007073011714965105,0.3629251687615006,0.29593819777170816
4,130,0.0005881474393615384,0.0007068292186078098,0.3664733639469853,0.2929425901836819
4,131,0.0005880341224119435,0.0007000290711099903,0.3690123156264976,0.30342904064390397
4,132,0.0005856155912265365,0.0007009067106992006,0.3693911185971013,0.30102383295694984
4,133,0.0005827121209514178,0.0006981269352965885,0.37216286011684085,0.304416380988227
4,134,0.0005842183950863042,0.0006995516557556888,0.3691317754027284,0.3028651939498054
4,135,0.0005781603458245503,0.0007064076696729494,0.3764835219324371,0.2956365916464064
4,136,0.0005810348150308854,0.0007059091585688293,0.37386058922167176,0.2977519048584832
4,137,0.000580798337282038,0.0007168995087138481,0.3778791261307987,0.2857037954860263
4,138,0.0005734939096541501,0.0006956942832200892,0.38263490538538236,0.30640190839767456
4,139,0.0005749940461864304,0.0007044140766892168,0.38107256256503824,0.30175157255596585
4,140,0.0005652351040439105,0.0006976258035542236,0.39166636069615685,0.308759860197703
4,141,0.0005647688924426926,0.00070812723133713,0.39103199979405345,0.29974902868270875
4,142,0.0005641206039725171,0.000695312854885641,0.3933482196595934,0.30810654958089195
4,143,0.0005579783683240322,0.000700877667663412,0.39857889457985207,0.3012326995531718
4,144,0.0005579259600145398,0.0006995393480691645,0.39972891719252973,0.3047044528855218
4,145,0.0005524185016164901,0.0007028836006712582,0.40278456299393267,0.298016795847151
4,146,0.0005520419837090612,0.0007022619648422632,0.40298383280082983,0.30343327787187363
4,147,0.000555489473849719,0.0006996113794027931,0.400072212572451,0.3074877169397142
4,148,0.0005508905932031296,0.0006974258899895682,0.40666496680106645,0.30854638550016616
4,149,0.0005409529126525201,0.0007052821016663479,0.41421937118341895,0.3040776318973965
4,150,0.0005436309301409364,0.0006960188879424499,0.4126091185911202,0.3134700616200765
4,151,0.0005402447681667076,0.0007025410770438612,0.41567598625465674,0.30467682149675157
4,152,0.0005429281856013853,0.0007017322363228434,0.41527465140378034,0.3082464019457499
4,153,0.000533069491840577,0.0006937032022203009,0.4254606673746933,0.3137731671333313
4,154,0.0005335156025399488,0.0006933867025913464,0.42535389058383893,0.3133974287245009
4,155,0.0005316673249098254,0.00069245637084047,0.4257076292862127,0.320699761973487
4,156,0.0005320098390515296,0.0006908646901138127,0.4250933720741743,0.3176338659392463
4,157,0.0005357598685400768,0.0007090645932799413,0.4220086183077023,0.30020000272326997
4,158,0.0005358615450354086,0.0006895126619686683,0.4241735303843463,0.32345812188254464
4,159,0.0005249153035060491,0.0007002910443892082,0.4338148202425168,0.3121101631058587
4,160,0.0005246684973467325,0.0007005027741090291,0.4322376592659656,0.31426407231224907
4,161,0.000523032680409673,0.0006897999698089229,0.43532277551698095,0.32133010758294
4,162,0.0005150996284404148,0.0006909058998442358,0.44535996236918884,0.3237937702072991
4,163,0.0005127800335348756,0.0006929428614158598,0.4484764234519299,0.32102970282236737
4,164,0.0005133981299787805,0.0006953688558294541,0.4446700197679025,0.31699755986531575
4,165,0.0005073521894914454,0.0006962728169229295,0.45014551407025183,0.31687007745107015
4,166,0.0005091246857054899,0.0007118955345099999,0.45045210417406056,0.30063593520058524
4,167,0.0005090141806889464,0.0007083820049754448,0.4496327363414529,0.3061939901775784
4,168,0.0005063393646218803,0.0006868012741001115,0.4524838990635342,0.32649857732984755
4,169,0.0005053834900558915,0.0006950264499108825,0.45324111220277385,0.3193566507763333
4,170,0.0004995916456984425,0.000693373019910521,0.4600484715567695,0.3246995806694031
4,171,0.0004976176153753458,0.0006886170672563215,0.4585942923286815,0.33064066171646117
4,172,0.0004944813728798181,0.0007013580140968164,0.4669950249754352,0.3112326674991184
4,173,0.0004920333122294166,0.000687666781919284,0.46747207288388853,0.33139690823025175
4,174,0.0004895430988844852,0.0006928623227092127,0.4717039891231207,0.32552014854219224
4,175,0.0004896026525077307,0.0006827866076491773,0.468763569402106,0.3292370319366455
4,176,0.0004859829782853248,0.0006927978764805528,0.47454641836660877,0.32402556339899696
4,177,0.00048676789637632027,0.0006904332316480577,0.4706172501599347,0.3229335652457343
4,178,0.000482413198520073,0.0007025232836086717,0.4767206866064189,0.3135786745283339
4,179,0.00048505352079914306,0.0006875810640243192,0.4746716194682651,0.3311298847198486
4,180,0.00048342326707724066,0.0006961932806815539,0.47820831110448014,0.31966398027208115
4,181,0.0004801216522335178,0.0006860063307815128,0.47866036980240434,0.33312369055218166
4,182,0.0004771703162178811,0.0006868165245072709,0.48043502186551507,0.33327383332782323
4,183,0.000472794046530638,0.000685384502220485,0.4862490007906784,0.33109274837705827
4,184,0.0004740059402351624,0.0006919670216221776,0.4879586593604382,0.3275346491071913
4,185,0.0004721538505781396,0.0006939184024102158,0.48883252291031826,0.323993538485633
4,186,0.0004717099506201016,0.0006978924968279899,0.4906425798380816,0.31843922005759345
4,187,0.0004733208926210617,0.0006938861553660697,0.487549834339707,0.328767646683587
4,188,0.00046747052793414046,0.0006961427926499811,0.4921273019578722,0.31910578674740264
4,189,0.0004592836856048692,0.0006820000695168144,0.5014634158876207,0.3399252904786004
4,190,0.00046376306980411394,0.0006914558031389283,0.4979105641812454,0.32798525624805025
4,191,0.0004626796734634281,0.0006993263985754715,0.5013032105233934,0.3191951764954461
4,192,0.0004601361627408798,0.0006924911958372427,0.5012404210773516,0.32919606632656523
4,193,0.0004562913093796391,0.0006938171055581835,0.504784173729979,0.3330415315098233
4,194,0.0004547898732355715,0.0007015266274619434,0.5070444832613439,0.3175649298561944
4,195,0.00045070244692105017,0.0006929128663614392,0.5100167888182181,0.333207627137502
4,196,0.00045332693836916193,0.0007049051488542723,0.5087637342052695,0.3189794580141703
4,197,0.00044739807942985663,0.0006884761646183,0.5136467205153571,0.33491384983062744
4,198,0.00044913176766217305,0.0006990723829302523,0.5087977288681784,0.3217521005206638
4,199,0.00045117908301130856,0.0006806642554389934,0.510661334461636,0.34617772234810723
4,200,0.0004497486086889963,0.0007052454049699009,0.5100734030758893,0.3155764036708408
4,201,0.0004494506588355167,0.0006959752567733328,0.5099226267249496,0.3271010955174764
4,202,0.0004473086869786781,0.0006997908569044537,0.5111174677625114,0.32083534797032676
4,203,0.00044132055834016223,0.0006860741349454555,0.5175493135864352,0.34035895665486654
4,204,0.0004375924442515329,0.0006927826183123721,0.5216925671071182,0.3342857599258423
4,205,0.0004395481980877158,0.0006901340559124947,0.5168227778540717,0.330848933590783
4,206,0.0004356864342511988,0.0006954861183961232,0.5220860070652432,0.32742834091186523
4,207,0.00043176324717574005,0.0006999898132764631,0.5297794206642811,0.32666247685750327
4,208,0.00044139978701513213,0.0006864588733555543,0.519994408701673,0.338494078318278
4,209,0.0004431106339864157,0.0007069374240624408,0.5177693238964787,0.3115006685256958
4,210,0.00043566958909785304,0.0006893023538092773,0.5262534862683144,0.3315343419710795
4,211,0.0004305765198049262,0.0006934301759530273,0.5248268747035368,0.3301634669303894
4,212,0.0004243321507669019,0.0006921295477594767,0.5358411153157552,0.33175622092352974
4,213,0.0004269122828033833,0.0006908219165375663,0.536420433462402,0.3365517457326253
4,214,0.0004195662939714061,0.000705594844960918,0.5413928112865966,0.3164190385076735
4,215,0.0004219718377341597,0.0006823643860924575,0.5381247433615319,0.3435727781719632
4,216,0.00041672496662624643,0.000700851373322722,0.5439069824454225,0.3278794778717889
4,217,0.00041771542940599224,0.0006872685522668891,0.5429430559829429,0.34009726312425403
4,218,0.0004159749400037352,0.0006933082166748742,0.5464105168978374,0.33186800479888917
4,219,0.00041667722678674315,0.0006911494704480801,0.5407238189085031,0.33547884093390573
4,220,0.0004125578103322582,0.0006952399491435952,0.5442674564726558,0.33195887406667074
4,221,0.0004159978281902034,0.0007030445319186482,0.5448659858585876,0.32705767816967435
4,222,0.0004116687612510344,0.0007042834444695876,0.5474701710689215,0.3227457258436415
4,223,0.00040937889738146353,0.0006816066439367003,0.5493928881339085,0.34598549604415896
4,224,0.0004065732389722985,0.0007090123874756197,0.5539101747818935,0.31538872056537204
5,1,0.057417802917368616,0.0057122701882488195,-87.7802509131255,-6.975587018330892
5,2,0.01417618928776111,0.0021599613388793336,-20.605393081241182,-1.5667802572250367
5,3,0.010591559010891267,0.0015131971669486827,-15.132196907938262,-0.6051340421040853
5,4,0.008509398220727842,0.001170753534986741,-11.882170496457888,-0.1076374504301283
5,5,0.007080873230725159,0.001135148991468466,-9.638570069678035,-0.0715946184264289
5,6,0.005959327070525399,0.0011186239167323543,-7.893515704590597,-0.048480843173133004
5,7,0.005125690660910842,0.0011167225893586874,-6.596667076040197,-0.03802942434946696
5,8,0.0044188749010640165,0.0011007926155192156,-5.48295732398092,-0.026040644115871852
5,9,0.003830558747444072,0.0010820845439512697,-4.576711125138365,-0.003151886992984348
5,10,0.003348881396016589,0.001093528311078747,-3.8256274844393316,-0.020431119865841337
5,11,0.0029192122665268406,0.0010845437904612885,-3.150011740790473,-0.014785219563378228
5,12,0.002577278686595368,0.0010763263148773048,-2.6296903259960223,-0.0072629412015279135
5,13,0.0022900736361834003,0.0011010948180531462,-2.1715533683329453,-0.04374990728166368
5,14,0.0020756867352045246,0.0010523555929669076,-1.8592542648315429,0.027050381236606174
5,15,0.0018835950260522006,0.0010301304386100836,-1.5580175279099264,0.05963998900519477
5,16,0.0017267413575340201,0.0010537519378380643,-1.313392025747417,0.013888286219702827
5,17,0.0016150642183528823,0.0010140739303703108,-1.140101216899024,0.07353471914927165
5,18,0.0015097462741750073,0.001003868163873752,-0.9794427455207448,0.08500532706578573
5,19,0.0014299220365276675,0.0009998473584548466,-0.8497540728545483,0.09149540000491672
5,20,0.0013687081554513655,0.0009946857165131304,-0.7576141707691145,0.09319860140482585
5,21,0.0013069547229894885,0.0009847861662920978,-0.6663542909386717,0.10365023480521308
5,22,0.001254022138963603,0.0009714873973280192,-0.5829916934908173,0.12384484211603801
5,23,0.0012083303436268996,0.0009657087024404771,-0.5117339424145074,0.12799653742048475
5,24,0.001171039102346073,0.0009656688702913622,-0.4564503247355237,0.12424762513902453
5,25,0.0011380425464637854,0.0009560475889075961,-0.4077590889400906,0.13910491201612685
5,26,0.0011102094843891668,0.000954373539166732,-0.36189869627540494,0.13520170980029636
5,27,0.0010839303966933562,0.0009440377238206565,-0.3256370779908734,0.1513949261771308
5,28,0.001058653580530742,0.0009388207639050152,-0.28777421801178543,0.15402825011147392
5,29,0.0010365913975638923,0.000930362697949426,-0.2537898488986639,0.16470198233922323
5,30,0.0010127548282149674,0.0009290693819315897,-0.21750971446802586,0.1692686888906691
5,31,0.000997611470118073,0.0009269834948807127,-0.19451302319397162,0.1643761290444268
5,32,0.000981119474723797,0.000919994634265701,-0.17016302464920796,0.16980349355273777
5,33,0.0009637303513842692,0.0009191182778320379,-0.14352309983453632,0.17592656744851007
5,34,0.0009532104016362149,0.0009149169432930649,-0.12867295933358464,0.17830347220102946
5,35,0.0009385255816461587,0.0009094960185595685,-0.10608329419736509,0.18002256684833104
5,36,0.0009306189696086042,0.0009036374511197209,-0.09375565964498637,0.19256167279349434
5,37,0.0009130424196130515,0.0009061692075596915,-0.06763864755630493,0.18314530187182956
5,38,0.0009065537538126479,0.0008925168529256351,-0.0582319501005573,0.20048360029856363
5,39,0.0008961364631196139,0.0009004109953012732,-0.04415039133142542,0.1919238328933716
5,40,0.0008867402397165144,0.000897354904251794,-0.02706535259882609,0.19700112607744005
5,41,0.0008772192935367334,0.0008885161757158736,-0.01492604973875446,0.202192136976454
5,42,0.0008681571415774985,0.0008866185788065195,-0.002038352136258726,0.203962422741784
5,43,0.0008612814382362513,0.0008813467704587512,0.010625513394673665,0.21014299790064495
5,44,0.0008538736647029442,0.000884854589175019,0.02014038238996341,0.20910553402370877
5,45,0.0008513614351366773,0.0008800322215797172,0.025988593072067072,0.21222615639368694
5,46,0.0008440636428946883,0.0008817383295132054,0.03644810502911791,0.20925726890563964
5,47,0.0008339821470234497,0.0008729397060556545,0.05155745597533238,0.2203100019031101
5,48,0.0008277436652232283,0.000873517245054245,0.05864380848260573,0.22319755289289686
5,49,0.000822415195238765,0.0008743733296998674,0.06853337008276103,0.22143234544330173
5,50,0.0008148391837438132,0.0008742919515093995,0.0768330063348935,0.21841220458348592
5,51,0.0008154708308593174,0.0008629836840555072,0.07711141992498327,0.23135160075293648
5,52,0.0008037025509919557,0.0008658614539955225,0.09302011875458706,0.22698728640874227
5,53,0.0008024572909315243,0.0008620116989024811,0.09632284449942317,0.2335175765885247
5,54,0.0007977090225509011,0.0008552409747305016,0.10343288021323122,0.2358970152007209
5,55,0.0007930353000748581,0.0008583418197102017,0.1097164672098042,0.2368034111128913
5,56,0.0007843564112130322,0.0008621970967700084,0.12064639845012147,0.23647898965411715
5,57,0.000783024171947927,0.0008589263617371519,0.12356856767042183,0.23974561558829413
5,58,0.0007812806626459883,0.0008518683918130894,0.12561385734581654,0.23963613245222304
5,59,0.0007772397636550904,0.0008481394978136652,0.13146203874069967,0.24719992611143324
5,60,0.000773141968615905,0.0008558038027129239,0.13957429771070126,0.2360930813683404
5,61,0.0007656595816283866,0.0008579819566673703,0.1466730981697271,0.24075617922676934
5,62,0.0007657324360614573,0.0008534904685802758,0.14863296614752874,0.24336276319291855
5,63,0.000764316724423595,0.0008433078635587461,0.14947258131003674,0.25308425956302216
5,64,0.0007554009816908266,0.0008416321891773906,0.163675523834464,0.2513593620724148
5,65,0.0007538677864409063,0.0008350557000893686,0.16678642711521666,0.26139809290568033
5,66,0.0007524656609022691,0.000849186865768085,0.16833665003011256,0.2532469219631619
5,67,0.000747516098788675,0.0008415472693741322,0.17461081434179235,0.26174659464094374
5,68,0.0007461045742218877,0.0008381919831865364,0.1769317643142041,0.2611815889676412
5,69,0.0007377217132828118,0.0008358134577671687,0.18585452444759415,0.2650141305393643
5,70,0.0007389539243354474,0.0008255428272402949,0.18700231784655724,0.27273567782508
5,71,0.000731981791164956,0.0008388686925172806,0.1933725189279627,0.2648861169815063
5,72,0.0007332092738871314,0.0008285353024904099,0.19384946087260305,0.26878186994128755
5,73,0.0007258357005883698,0.0008260042924020025,0.20266851539965028,0.2709463145997789
5,74,0.0007236414760017745,0.0008240296078535418,0.20747038081840233,0.27115972836812335
5,75,0.0007194206183258858,0.0008287911963028213,0.21217694297248935,0.27023707230885824
5,76,0.0007171763226470369,0.000829739303379837,0.2155223191520314,0.27315639124976265
5,77,0.000716294133518305,0.0008214575755927298,0.21437486395423794,0.28077123165130613
5,78,0.0007117609635719823,0.0008185868927588065,0.22271208925011718,0.28041257196002534
5,79,0.0007092176988306972,0.000823438211551143,0.22633225034784388,0.2762599799368117
5,80,0.0007085061826122304,0.0008181093208905724,0.22617616933069112,0.28046274185180664
5,81,0.0007033707105474155,0.0008130400428651935,0.23282360721517492,0.28487039936913383
5,82,0.0006994977412331435,0.0008112161433220737,0.23670734858807221,0.2933832698398166
5,83,0.000697836950622545,0.0008036494332676132,0.2401019483436773,0.3004959623018901
5,84,0.0006936467557363672,0.0007995094599512716,0.24764021796944702,0.3009617262416416
5,85,0.0006901668871890891,0.0008040223361199929,0.24814293958522654,0.29899346033732094
5,86,0.0006905277229466096,0.0007983589156841238,0.2478451437420315,0.3052895771132575
5,87,0.0006848566859305181,0.0008036590931523178,0.2547893042917605,0.2981980946328905
5,88,0.0006853838708470173,0.0008024261669359273,0.25691377204141497,0.3004469394683838
5,89,0.0006814012552588534,0.0008005386839310328,0.2592098696732227,0.30302037795384723
5,90,0.0006813497092850782,0.0008060732106160786,0.26109805842976513,0.2954084396362305
5,91,0.000677915659652632,0.0007955410052090883,0.2630541901529571,0.3081889404190911
5,92,0.0006765941965658172,0.0007976426561880443,0.26598952052033975,0.303067504035102
5,93,0.0006702785003631387,0.000797145890020248,0.27317499849531385,0.3032216151555379
5,94,0.0006661709918307117,0.0007895922081338035,0.276018151677685,0.3125660710864597
5,95,0.0006649725803139585,0.0007983263840691911,0.2794317608998146,0.3042658090591431
5,96,0.0006642840220592916,0.000795453495811671,0.2789828840597176,0.30856495963202585
5,97,0.0006641480355971942,0.0007928765197801921,0.2805549456749433,0.3147168344921536
5,98,0.0006604703578718559,0.0007912921266526812,0.282863606788494,0.3136673304769728
5,99,0.0006543447007712575,0.0007902676524180505,0.29207814181292496,0.31147269937727184
5,100,0.0006535543434977256,0.000788422605384969,0.29230549880016,0.3148160272174411
5,101,0.0006523275653038312,0.000789718191501581,0.2940501046769413,0.31381207174725
5,102,0.0006489551012450254,0.0007829431858327653,0.2988042401678768,0.3251271367073059
5,103,0.0006435214964396976,0.0007817229152553612,0.3051584008299274,0.3229555394914415
5,104,0.000641079230469732,0.0007798162185483509,0.3057874925342607,0.3274793995751275
5,105,0.0006393171894295072,0.000781727090684904,0.3079709897806615,0.32463776800367566
5,106,0.0006394808736836744,0.0007887418989816474,0.3089926803553546,0.324204691251119
5,107,0.0006326574896876183,0.0007860756285178165,0.3140747477978836,0.32271912230385674
5,108,0.0006325372708903879,0.0007805225555785,0.3174224922686447,0.3286710540453593
5,109,0.000627726839027471,0.0007815055950130853,0.31914162900712756,0.33134739531411067
5,110,0.0006245622568027933,0.0007756087295193639,0.3252056074731144,0.3302280823389689
5,111,0.0006214364572646625,0.0007737539708614349,0.32694057829586076,0.3349574195014106
5,112,0.0006199667580931643,0.0007705666875052783,0.3290470321973165,0.33702636692259047
5,113,0.0006216463819721047,0.0007713228580541909,0.32691782197834535,0.3375832716623942
5,114,0.0006213878874988928,0.0007734464352122611,0.3262027752252273,0.33385822772979734
5,115,0.0006166130600405145,0.0007815615649128126,0.3335620974317009,0.3312943339347839
5,116,0.0006137386530660737,0.0007812786692132553,0.33599659542978544,0.33058350880940757
5,117,0.0006128385049336947,0.0007739005636216865,0.3362726502948337,0.33825324376424154
5,118,0.0006081039313065969,0.0007715627163027724,0.341331704310429,0.333586589495341
5,119,0.0006047731299919111,0.0007766108558927145,0.34653780710550003,0.3380855467584398
5,120,0.0006058898449725943,0.0007713279803283513,0.34354120404632005,0.338917260699802
5,121,0.0006018092006410437,0.0007687915155353645,0.34986432393391925,0.3434173305829366
5,122,0.0006009133404730187,0.0007704158313572406,0.3498684092804238,0.34073244598176744
5,123,0.0005959857111497794,0.0007692056514012317,0.3531331430246801,0.3428386317359077
5,124,0.000591574169775862,0.0007653759404396017,0.3601766184524254,0.34740136994255916
5,125,0.0005925780653746592,0.0007621749433585339,0.35893344658392445,0.3471014327473111
5,126,0.0005914047752782978,0.0007609490809651712,0.3580286395402602,0.3509465310308668
5,127,0.0005848991736355755,0.0007643795158300135,0.36676113487761697,0.34396711985270184
5,128,0.0005879852801480871,0.0007695430592219863,0.3649794434323723,0.3438268370098538
5,129,0.000587142704853811,0.0007702353966629339,0.3643672857755496,0.34173669417699176
5,130,0.0005856285333047035,0.000760374386380944,0.36624470551808674,0.35117662880155776
5,131,0.0005779627585542147,0.0007582901731236941,0.3736665056075579,0.35503950781292387
5,132,0.0005740192125229463,0.0007604789001763695,0.3790050549271666,0.35049167739020454
5,133,0.0005741524292345814,0.0007564612496126857,0.3794057719501448,0.35609368880589803
5,134,0.0005712787679649522,0.0007548035523440275,0.38088611511536585,0.3603746016820272
5,135,0.0005673705421986035,0.0007552814902737736,0.3845339111339899,0.3594351092974345
5,136,0.000563560017488069,0.0007642097628882362,0.3887798113587462,0.35215443505181204
5,137,0.0005660346156578327,0.0007520415251039797,0.38490223943451307,0.3612550788455539
5,138,0.0005614453163515363,0.0007548191274205844,0.3914209570413754,0.35571462975607976
5,139,0.0005620618175462256,0.0007543485417651634,0.38837717918702114,0.35776151418685914
5,140,0.0005614997613542701,0.0007477534520957205,0.38824357368327955,0.3652130511071947
5,141,0.0005589551230559103,0.0007531229717036088,0.39221789763297565,0.36244690815607705
5,142,0.0005497781309747586,0.0007538541220128536,0.404524274961448,0.36270587974124485
5,143,0.0005524444561969075,0.0007479391151314808,0.40037676861256727,0.363707254992591
5,144,0.0005543003165605766,0.0007447730478209754,0.3966505521609459,0.3675287630822923
5,145,0.0005523698625764177,0.000746289046946913,0.4033241342615198,0.36998671293258667
5,146,0.0005441471935755768,0.0007526954881743425,0.40843132336934407,0.364942811595069
5,147,0.0005420018306553915,0.0007450145992657376,0.41144726114508545,0.3738709979587131
5,148,0.0005374822534913956,0.0007487736435400115,0.41644777236161407,0.37278472317589656
5,149,0.0005407715878840306,0.0007468498531832463,0.4118999320783733,0.36996015707651775
5,150,0.0005353798688803283,0.0007499491912312806,0.4161816929593498,0.3673695378833347
5,151,0.0005378444780405887,0.0007546622926990191,0.41541491761619664,0.36555892096625436
5,152,0.0005335590561397696,0.0007523232320737508,0.42140597767300075,0.3672262297736274
5,153,0.0005293256693726612,0.0007508158606166641,0.42141709003919436,0.3686098482873705
5,154,0.0005304409100467132,0.0007414725686733921,0.4207550437362106,0.37834757566452026
5,155,0.0005285966155452676,0.0007466413274717828,0.42360257499011944,0.3713310122489929
5,156,0.000526884544129127,0.0007435111186674071,0.42625367759186544,0.3777772651778327
5,157,0.0005227775936716317,0.0007439890553036498,0.4311868580771081,0.37282025151782566
5,158,0.000520747251317112,0.0007361707872607641,0.4306716830642135,0.3851065225071377
5,159,0.0005186745790580724,0.0007437074078350431,0.43322426007117754,0.3796279483371311
5,160,0.0005153230980705516,0.0007426994425865512,0.437378618746628,0.3821640941831801
5,161,0.0005119889015964244,0.0007308441938625442,0.440487743454215,0.38685344722535875
5,162,0.0005108946014517619,0.0007383691146969796,0.4413808893274378,0.3843193981382582
5,163,0.0005075645444765227,0.0007370265006708602,0.4453417279102184,0.3798512935638428
5,164,0.0005095818961027688,0.0007532985066063703,0.4441710897433905,0.37598811520470515
5,165,0.0005072263568886958,0.0007413447718136012,0.44498248232735527,0.3777891092830234
5,166,0.0005063337870344611,0.0007519956509996619,0.446837255101145,0.3720052851570977
5,167,0.0005051925308416012,0.0007337184260702795,0.4464727111804632,0.3875284194946289
5,168,0.0004994536923922967,0.0007447277622607847,0.452705176818518,0.37809302144580414
5,169,0.000498690368624887,0.0007305788419519862,0.4536697237579911,0.3923763036727905
5,170,0.0004929143900948542,0.0007485603836054603,0.4581862966219584,0.3822316845258077
5,171,0.0004991318620913834,0.0007379123734103308,0.45275625431979144,0.39023272726270886
5,172,0.0004925312273158335,0.0007342177857127454,0.46105994354059665,0.3845309442943997
5,173,0.0004898783310322252,0.0007383359272757339,0.4629361931188607,0.3853439410527547
5,174,0.0004910708769414298,0.0007342033851374355,0.4592331456549374,0.3848370711008708
5,175,0.0004888287314248306,0.0007366965576592419,0.4641128765212165,0.3854237741894192
5,176,0.0004843168120175876,0.0007309910388559931,0.46892367630829046,0.3947772370444404
5,177,0.0004821966580448695,0.000726472666590578,0.47025012013352946,0.396721171008216
5,178,0.00047757285172809604,0.0007351211362725331,0.47614859548615823,0.3913761920399136
5,179,0.0004792441008899959,0.0007391922059468925,0.4723425332410836,0.3902684251467387
5,180,0.0004760199561312703,0.00073763656999088,0.4787710444426831,0.39191252920362685
5,181,0.00047265949226444427,0.0007337827261330353,0.4808554821544223,0.39106746117273966
5,182,0.0004772585596785777,0.0007309770276252595,0.4746857203083274,0.39715990357928804
5,183,0.0004677205198490417,0.0007320018886174593,0.486639576488071,0.39290155172348024
5,184,0.00046545041740848973,0.0007245574638040529,0.4864014787438475,0.4009538875685798
5,185,0.0004627312964725274,0.000734069832186732,0.48999924056323957,0.39682762225468954
5,186,0.00046704886840472434,0.0007250641226871974,0.4870655739748919,0.4007454713185628
5,187,0.0004659439350857779,0.0007236012956127524,0.48441366972746674,0.40305318302578397
5,188,0.00045956896084797696,0.0007252061946524514,0.49273226040380974,0.3981061855951945
5,189,0.00046393299420697636,0.0007286971861807009,0.4888642340530584,0.4041634466913011
5,190,0.000458477780993246,0.000730005589624246,0.49601797542454285,0.40125779973136055
5,191,0.0004585263282664258,0.0007247323170304299,0.49490180133301537,0.4058829506238302
5,192,0.00045261790021610115,0.0007363100730193157,0.4993221350658087,0.3917474230130514
5,193,0.0004521523370194812,0.0007273488703908192,0.5009510253682549,0.4016331010394626
5,194,0.0004481200996878338,0.0007286212419987553,0.5034371470227653,0.40287027226554023
5,195,0.0004458257201972797,0.0007285106590845518,0.5069389085710785,0.40548912021848893
5,196,0.0004470145234976102,0.0007266931313400467,0.5056229405932956,0.4083102968004015
5,197,0.0004436644047130773,0.0007291115729862617,0.5085782407242575,0.40432855288187664
5,198,0.00044733807681714773,0.0007224864636858304,0.507112482447683,0.4128718521859911
5,199,0.00044529522865447275,0.0007328365994099941,0.5068285725734852,0.40471081998613145
5,200,0.00044007519774575847,0.0007201512059610751,0.5124487816551585,0.41302281353208753
5,201,0.0004376954508997086,0.0007111054444168177,0.515880944110729,0.4203608870506287
5,202,0.0004388333501633441,0.0007173522660094831,0.5126128168753635,0.4133597519662645
5,203,0.00043677383693176565,0.0007215063695588873,0.5166860785013364,0.4122694240676032
5,204,0.00043391573018635864,0.0007248656436180075,0.5187252063810089,0.4084682994418674
5,205,0.0004292517681289924,0.0007295912235147423,0.5271546653759333,0.40690566698710123
5,206,0.00042933085566834993,0.0007234822997512917,0.5252387464782338,0.41297697888480295
5,207,0.00043013780068801603,0.0007277857576910821,0.5237107786131494,0.4095595743921068
5,208,0.00042687605794829625,0.0007214451557956636,0.5254813796208229,0.4161777867211236
5,209,0.00042618767532267047,0.0007416388537320826,0.5309600175162892,0.40011073880725434
5,210,0.0004243950254605784,0.0007246416075051659,0.5268024977342582,0.41263314882914226
5,211,0.00043152086077441953,0.0007228641602624622,0.5260545832139475,0.4085371149910821
5,212,0.0004278990762009297,0.0007154528374990655,0.5260938279422713,0.41976534922917685
5,213,0.0004241119379631853,0.0007335322404590746,0.5298066527755172,0.4063051713837518
5,214,0.00041878310658819513,0.0007122587218570212,0.5348761440795144,0.4243040614657932
5,215,0.00041375129683414636,0.0007106705762756367,0.5412866118513507,0.4218791206677755
5,216,0.0004160750724869654,0.0007173233212799661,0.5391470368997551,0.4232134699821472
5,217,0.00041454980878538833,0.0007123686567259332,0.541937588320838,0.4226711206965976
5,218,0.00041079171236179036,0.0007284103349472086,0.5393874608440163,0.4182499117321438
5,219,0.0004135644271751337,0.0007169711856274969,0.5398893016356009,0.4213148792584737
5,220,0.000406697851082563,0.0007285501626837585,0.5474692201908724,0.41468143463134766
5,221,0.00040704596300471436,0.0007264367033106585,0.5480635788705613,0.4135890867975023
5,222,0.0004147857727977321,0.0007211926975287497,0.5406074172184792,0.41902783314387004
5,223,0.0004082748989062959,0.0007059150685866674,0.5456200849862747,0.4291273501184252
5,224,0.0004024567572618432,0.0007186153347397016,0.5519020447024593,0.41878630452685883
5,225,0.00040261136097718536,0.0007176601754811903,0.5498186903235353,0.4172251953019036
5,226,0.00039998373860366827,0.0007190696545876562,0.5567351498721559,0.4200597630606757
5,227,0.0003964170314842996,0.0007121437875967887,0.5594610323140651,0.423435201909807
5,228,0.0004007672613636119,0.0007124689317101405,0.5539467473088959,0.4298842920197381
5,229,0.00040096424025609905,0.000721248624742859,0.5553208829444132,0.42235080930921765
5,230,0.00039651896912363117,0.0007160125765949488,0.5578573512442317,0.4256725735134549
5,231,0.0003965384786068979,0.00072834018824829,0.5597215677485053,0.41618008613586427
5,232,0.00039666195811105916,0.0007169325409146647,0.5596064997308048,0.42234286467234294
5,233,0.0003962164692276008,0.0007169082786680923,0.5585182081034155,0.4260262899928623
5,234,0.0003951771117252424,0.0007132646149127848,0.5583385939951296,0.4281959374745687
5,235,0.00038866762698478536,0.000721902318764478,0.5659657257574576,0.42139761447906493
5,236,0.00038499189734769366,0.0007066909146184723,0.5689816270345524,0.4317420588599311
5,237,0.0003909589721315345,0.0007126557472575869,0.565325731995665,0.42496504253811307
5,238,0.00039529220235568505,0.0007084238058370021,0.5598801397982939,0.43246856662962174
5,239,0.0003882129782276159,0.0007159509333885378,0.5659352755840914,0.4202167232831319
5,240,0.00037995352593744977,0.0007040690895842595,0.5729804777804716,0.43364380333158703
5,241,0.0003856882875509284,0.0007180506415251229,0.5689641667001042,0.4275527596473694
5,242,0.00038792009064410294,0.0007058749402252336,0.5662641260359023,0.43082515796025594
5,243,0.0003910963212277878,0.0007082906642204358,0.5667693768018558,0.4292045169406467
5,244,0.0003808030075347626,0.0007126558487976177,0.5761260256355192,0.43104742765426635
5,245,0.0003817498808249509,0.0007057599341755526,0.5701028882721324,0.4357184992896186
5,246,0.0003804223252644326,0.0007066175406281319,0.5754893020347313,0.4304154700703091
5,247,0.0003754040736555593,0.0007105098539290743,0.581221040531441,0.4303103592660692
5,248,0.00037244673276515565,0.0007015808951109648,0.5832258510000912,0.4413176721996731
5,249,0.00036869355891313817,0.0007036862532711691,0.5881888215924487,0.43456052674187556
5,250,0.00036976575875873275,0.0007138014952134755,0.5877207926761957,0.4275528311729431
5,251,0.00037025860848514665,0.0007028999046370801,0.5837061263896801,0.439626055293613
5,252,0.0003691495137496127,0.0007078455017310464,0.587863239829923,0.4369208984904819
5,253,0.00036797610723792953,0.0007063785309178961,0.5878741189285561,0.44054105811648897
5,254,0.000368469674858828,0.000715565048934271,0.5902882399382414,0.42754158311420015
5,255,0.00036529016157865155,0.0007015728566329926,0.5907663657341474,0.4371756487422519
5,256,0.00036949068293504325,0.0007166681229136884,0.5875373014697323,0.42882311079237195
5,257,0.00037028783965384424,0.0006955994939845469,0.5871873952724316,0.4463835901684231
5,258,0.0003628851569913052,0.0007074620367752181,0.5946316399692018,0.4341324355867174
5,259,0.000364496688398728,0.000709812541026622,0.5946871023119232,0.43729916016260784
5,260,0.0003626282061708884,0.0007027018556578292,0.5921974610399316,0.4416193697187636
5,261,0.00036281179435505173,0.0007248416310176254,0.5938792206622936,0.42077675263086955
5,262,0.0003600537087078448,0.0007102839629321049,0.5933544986041975,0.43614329894383747
5,263,0.0003561042283696157,0.0007170413168043726,0.6002809315551946,0.42924076318740845
5,264,0.0003584119592603572,0.0007112202913655589,0.599550395541721,0.44020004669825236
5,265,0.0003531703037744457,0.0007131744822901156,0.6036654532691579,0.4295731239848667
5,266,0.0003512744454776201,0.0007129788644508355,0.6061346647180157,0.43393986887402003
5,267,0.0003536586756789252,0.0007212239149440493,0.60252978404363,0.4272703329722087
5,268,0.00035456630838230066,0.0007185181874471406,0.6033416817217697,0.4366666144794888
5,269,0.0003532094436117023,0.000715782496586649,0.6053191118770176,0.43135463264253404
5,270,0.0003462944905572559,0.0007124440550493697,0.6122542273851088,0.4384201367696126
5,271,0.0003509004736163964,0.0007112778632694649,0.6068106284847966,0.4403715252876282
5,272,0.0003462929987164651,0.0007092354269439561,0.6140263578038156,0.4364702516131931
5,273,0.0003512283077141569,0.000730930228665885,0.6079448458589154,0.425905892584059
5,274,0.0003448814296675271,0.0007032352357378436,0.6098460927421664,0.44194624159071183
5,275,0.0003450257160390417,0.0007026415195367816,0.6119607707600535,0.44343655109405516
5,276,0.0003398216692414595,0.0007080038524388025,0.6196747108742043,0.44281121095021564
5,277,0.0003456468977764203,0.0007045312034380105,0.6134968123318236,0.44692693418926666
5,278,0.00034539750044199606,0.0007040599671502908,0.614508444438746,0.43981916771994695
5,279,0.0003400815175817475,0.0007035948717707975,0.6200043884324439,0.4502777682410346
5,280,0.00034239753350661495,0.0007092545313450197,0.6156972590787911,0.43553107579549155
5,281,0.00034192431463722,0.0006961914549012565,0.6144584490929121,0.442317267258962
5,282,0.0003460976175164781,0.0006995302152871672,0.6139706405592553,0.44072245491875545
6,1,0.06335407860669089,0.00629298732512527,-98.90235024911387,-7.139706304338243
6,2,0.01432677208457464,0.0025212409026506874,-21.082604366467322,-2.013986889521281
6,3,0.01077876020176911,0.0013673223555088043,-15.527199364297184,-0.41993053886625503
6,4,0.008646356459293101,0.0011452931781402893,-12.21477648946974,-0.12244304683473375
6,5,0.007165603760491919,0.001080444957026177,-9.876541410257786,-0.03950013452106052
6,6,0.0060160639684325385,0.0010719325936709842,-8.082920009118538,-0.03156207005182902
6,7,0.005179621408015121,0.0010440066715495455,-6.758313390649395,-0.001723297437032064
6,8,0.004502611585467318,0.0010372654043344987,-5.678412169291649,0.0056915283203125
6,9,0.003951844377558173,0.0010202615185537273,-4.824540595949432,0.02269885672463311
6,10,0.0034638587575129887,0.0010038995675535666,-4.046273569707517,0.04290962484147814
6,11,0.0030638739322944556,0.0009847856463036603,-3.4244173194155283,0.06774295568466186
6,12,0.0027261061093735474,0.0009815500376539098,-2.8943577186560927,0.07097099489635891
6,13,0.002466407914956411,0.0009762583869612879,-2.4816737486992353,0.07366902960671319
6,14,0.00224323816034069,0.0009655642090365291,-2.1429765665972673,0.09248700406816271
6,15,0.0020648516064946665,0.0009562912241866191,-1.857914313857938,0.09823035134209526
6,16,0.001918324261593322,0.0009569412330165505,-1.625561264414846,0.09718477328618368
6,17,0.0017845954421194798,0.0009507267606548137,-1.4153576756701058,0.10393449730343289
6,18,0.0016849261875275844,0.0009404430579808024,-1.265554373058272,0.11598340670267741
6,19,0.0015945297795244388,0.000939834463254859,-1.119882458521996,0.115448882844713
6,20,0.001519524989316217,0.000927027869814386,-1.0035931790316546,0.13336957958009507
6,21,0.0014537441179179298,0.0009138005164762338,-0.8994144480905415,0.15042677720387776
6,22,0.0013887321573601646,0.0009128603088255558,-0.7964860284769977,0.1457862628830804
6,23,0.0013415137047155035,0.0009191414199045135,-0.7276707318094041,0.14146485461129082
6,24,0.001298430175980392,0.0008999258034034735,-0.6612223619296227,0.16263146532906425
6,25,0.0012526168318373369,0.0009025040276659031,-0.5905684481432408,0.16005297634336685
6,26,0.0012097599901787844,0.0008909266209229827,-0.526481756604748,0.17237766451305814
6,27,0.0011874400570781696,0.0008985928415010373,-0.4911517281591156,0.16211738453971014
6,28,0.0011511596667085902,0.0008921176712546083,-0.43182990889490386,0.16858797868092854
6,29,0.0011281912651970798,0.0008889316969240706,-0.4001102865478139,0.17236469189325967
6,30,0.001104250258513163,0.0008825002613270448,-0.3645397726400399,0.17976726558473374
6,31,0.0010797491515584198,0.0008765481916877131,-0.32265688784328506,0.1880200041664971
6,32,0.0010575798920781157,0.0008752392152220838,-0.2941817502916595,0.18809109131495158
6,33,0.001039166829870715,0.0008706106933661633,-0.2601261057971436,0.19297072754965888
6,34,0.0010233686463677406,0.0008647897022051944,-0.23684094084633722,0.2011625329653422
6,35,0.0010084356889876042,0.0008700897451490164,-0.21703399257895387,0.19608983861075507
6,36,0.000993853899144372,0.000870139175094664,-0.1890535180951342,0.1969949099752638
6,37,0.0009750692780348069,0.0008618992481691142,-0.16123187291769334,0.2059321297539605
6,38,0.0009645900165915121,0.0008604473434388638,-0.14622717124444468,0.20304800536897447
6,39,0.0009534623758453461,0.0008615578511833317,-0.13042529821395873,0.20240965949164497
6,40,0.0009409810784330339,0.0008555298619386223,-0.11104896465937296,0.21347096893522474
6,41,0.0009296944030031654,0.0008518042327422234,-0.09648899811285513,0.21696825557284885
6,42,0.0009189605415384802,0.0008487033424898982,-0.07782264565244133,0.21784571806589761
6,43,0.0009076447506366228,0.0008475528913550079,-0.059272409662788295,0.2208021667268541
6,44,0.0008977591022734105,0.0008410068396996293,-0.044495731224248436,0.22864378955629136
6,45,0.0008907906770027806,0.0008392789517529309,-0.03752568739431876,0.2337503327263726
6,46,0.0008840316387732732,0.0008393069561053482,-0.023926702840828602,0.23164914978875054
6,47,0.0008770044638637315,0.0008319970892949237,-0.015637437061027243,0.24305126269658406
6,48,0.0008663425437623152,0.0008437800660936369,-0.0017704211635354125,0.2244991898536682
6,49,0.0008586334587753187,0.000830028460930205,0.010039273603462878,0.24418897363874648
6,50,0.0008537390578342716,0.0008357866421445377,0.020263635965041174,0.2356962415907118
6,51,0.0008438143752699281,0.00083048244446723,0.03160023130016562,0.24141696559058295
6,52,0.0008356055704715811,0.0008243262780726784,0.04403778226287277,0.24983586602740818
6,53,0.0008323002748915719,0.000831983026324047,0.05036738860754319,0.24458938572141858
6,54,0.0008281599697197018,0.0008278105757199228,0.05642962102536802,0.24622133440441554
6,55,0.000821349705155525,0.0008317936367044847,0.0656587525650307,0.23945105870564778
6,56,0.0008110500968429318,0.0008190053243500491,0.0786766866107046,0.2536653982268439
6,57,0.0008060646910266376,0.0008194884233590629,0.08525637535401333,0.2556988345252143
6,58,0.0008038278216392629,0.0008232049333552519,0.08926006437819681,0.2512614674038357
6,59,0.0007990206097379142,0.0008219019445176753,0.09570360080695446,0.2561726464165582
6,60,0.0007954636242321152,0.0008289315983549589,0.1015204366342521,0.2470787247021993
6,61,0.0007876252690847549,0.0008186477430475255,0.11418537269403906,0.25975304974450003
6,62,0.0007849401239604678,0.000814539720563011,0.11653302392841858,0.26204132503933375
6,63,0.0007760559907183051,0.0008110081259575155,0.12774517830507254,0.26494552161958485
6,64,0.0007747490283814662,0.0008170690426292519,0.1306474498760553,0.25884228150049843
6,65,0.0007689984538304953,0.0008124437338362137,0.1404699781794607,0.26353427171707156
6,66,0.0007656272706276748,0.0008110618451610208,0.14091701051335276,0.26763671239217124
6,67,0.0007600984130813567,0.0008067042605640987,0.1500752964137513,0.27185143099890813
6,68,0.0007583082597530274,0.0008038615199944211,0.15543568899602067,0.2753660652372572
6,69,0.0007517719333761452,0.0008045524513969819,0.16396683189604017,0.2727775639957852
6,70,0.0007492413612105596,0.0008055181682316793,0.16539903790862473,0.27216431697209675
6,71,0.0007450799305382886,0.0008066139403834111,0.16894291124226135,0.27222864230473837
6,72,0.0007434035774987237,0.000810696698156082,0.17344477529878968,0.26917387511995106
6,73,0.000738826616851176,0.000799083209130913,0.17682729503254832,0.2816659569740295
6,74,0.0007312513446653791,0.0007948682889238828,0.18578112493326635,0.2828634368048774
6,75,0.0007328763147844806,0.0008049046297350692,0.18847006014835688,0.2742923551135593
6,76,0.0007288187552519418,0.0007985165096922881,0.19238277202771034,0.2797404368718465
6,77,0.0007245982686678569,0.0007948968650048806,0.19750448421195702,0.2836460802290175
6,78,0.0007226126248384883,0.0007961420601026879,0.20105540899582852,0.2823254492547777
6,79,0.0007167206697717861,0.0007954904227517545,0.20562228979887787,0.2861275553703308
6,80,0.0007181840274701423,0.0007953945042875906,0.2076267926781266,0.28574998246298894
6,81,0.0007125427191904573,0.0007965316232811246,0.21147218589429503,0.2835418886608548
6,82,0.0007067289400305369,0.0007952755976778765,0.2187053355169885,0.28344791332880653
6,83,0.0007064632569830635,0.000791008687681622,0.22055038007689112,0.28930657307306923
6,84,0.000704378122607545,0.0007988498559118145,0.21966988804899615,0.280177288585239
6,85,0.0006981869374781295,0.0007959197249470485,0.230706152945389,0.2831547525193956
6,86,0.0006969168320884584,0.0007911562052969304,0.22983235253228082,0.2910726626714071
6,87,0.0006906759547196144,0.0007854284175361196,0.2397673988047941,0.29821540647082856
6,88,0.0006909420308484523,0.0007847809051680896,0.23929389229527226,0.2972315298186408
6,89,0.0006855631166678152,0.0007868060648130874,0.244510124495,0.2937328788969252
6,90,0.0006876130847053395,0.0007838114759781294,0.2435929246890692,0.29544711775249904
6,91,0.0006776975735125167,0.0007917748996987938,0.25374559149330045,0.2869557592603895
6,92,0.0006805230596068281,0.0007809638175078564,0.2521904452347461,0.29936222235361737
6,93,0.0006744995683052198,0.0007789469867323836,0.256923367800536,0.30460979806052313
6,94,0.0006748405154392032,0.0007744950203535457,0.2603810433988218,0.3096537643008762
6,95,0.000671925978091212,0.0007790842416903211,0.2629683367999983,0.3057666447427538
6,96,0.0006695834297491352,0.0007811467784146468,0.2641994156955201,0.3014326678382026
6,97,0.0006653197583983894,0.0007772399733463923,0.2671336742095005,0.30226067304611204
6,98,0.0006666490829687704,0.000774865640172114,0.2655951783980852,0.3048449489805434
6,99,0.0006577568699283824,0.0007729472049201529,0.2752917382452223,0.3093374623192681
6,100,0.0006551954752972557,0.0007811268843296501,0.27879455428064603,0.30385400189293754
6,101,0.0006527864519380217,0.0007743475415433447,0.27921029962139365,0.30765637821621367
6,102,0.0006469952610873238,0.0007772898223871986,0.2859113032435193,0.30601619614495174
6,103,0.0006490440839430156,0.0007819970241851276,0.28346593615449506,0.29927019145753647
6,104,0.0006478196686927092,0.000777266381515397,0.2855399499704808,0.3065776348114014
6,105,0.0006418320590365725,0.0007723539692556693,0.2939019641758483,0.3115396009551154
6,106,0.0006379685249685506,0.0007690245570201013,0.2957267459527946,0.31704619593090483
6,107,0.0006379921311213646,0.0007696135422318346,0.29752025339338517,0.3154913160536024
6,108,0.0006390605962628291,0.0007779154719577895,0.2978665267979657,0.3083526439136929
6,109,0.0006346420739938355,0.0007809071607577304,0.3012587503150657,0.3067048708597819
6,110,0.0006326802698665379,0.0007695505861192942,0.30311760755232825,0.3149535338083903
6,111,0.0006257482384687957,0.0007788612222712901,0.3128634448404665,0.3069209138552348
6,112,0.000628138864039225,0.0007686275626636213,0.3102597235161581,0.3198074049419827
6,113,0.0006224603123422482,0.0007735739048156474,0.3154043256500621,0.3099157704247369
6,114,0.0006208448794405954,0.0007689547246425516,0.31605457332399156,0.317270647154914
6,115,0.0006162972468307909,0.0007862990217593809,0.32106958819024356,0.3021459698677063
6,116,0.000618813018584739,0.0007611859796775712,0.3204642778561439,0.3250516176223755
6,117,0.0006212768636436926,0.0007696306488166253,0.31944381528430515,0.3171347975730896
6,118,0.0006061190184504713,0.0007627709083155626,0.3315386860458939,0.32161361508899267
6,119,0.0006073833068108393,0.0007807478813144068,0.33100680922284537,0.30510015620125663
6,120,0.00060328784553955,0.0007671111185724536,0.3348329142287925,0.3203557464811537
6,121,0.000598710758847265,0.000767790941366305,0.3419482744770286,0.3193763123618232
6,122,0.0005978327812224534,0.0007759716853292452,0.34278560759108745,0.3125539117389255
6,123,0.0006019259364643122,0.0007714718606116044,0.3349276042278902,0.31559009419547185
6,124,0.0005931671675766047,0.0007688233512453735,0.3476099726594525,0.31880370908313327
6,125,0.0005967373087323834,0.0007781827912872864,0.34227835057694234,0.308851514922248
6,126,0.0005917820363753924,0.0007767054071235988,0.34572637463793343,0.31098074780570134
6,127,0.000588439571538963,0.000757452815822843,0.3515288551648458,0.3284127725495232
6,128,0.0005911274830362311,0.0007599580282759335,0.34921480034604485,0.3258421116405063
6,129,0.000583424451502247,0.0007502226896273593,0.35776065087612763,0.33749684625201753
6,130,0.0005780189492118855,0.0007647240068763495,0.3603007256248851,0.3204091403219435
6,131,0.0005780369181323934,0.0007604542796293066,0.36061819158954384,0.32266635364956325
6,132,0.0005745012573984072,0.0007520567263580031,0.3648139648967319,0.3340019623438517
6,133,0.000577732462602679,0.0007520696769158045,0.362521614851775,0.3371721267700195
6,134,0.0005685287872674289,0.0007728831739061408,0.37271707234559237,0.31235124270121256
6,135,0.0005660515425174877,0.0007615551986317668,0.37337131882891245,0.3243191401163737
6,136,0.0005635859793264787,0.0007703359562179281,0.37711006962222815,0.31929765939712523
6,137,0.0005594850037775841,0.0007641529483306739,0.38016942710052304,0.32450456619262696
6,138,0.0005679123635392314,0.0007522997472228276,0.3700794760091805,0.3349156657854716
6,139,0.0005613640299998224,0.0007540259251577986,0.3787932827148908,0.3345718357298109
6,140,0.0005568990026842113,0.0007698638675113519,0.38293885831479674,0.320242182413737
6,141,0.0005475597352617317,0.0007611972202236453,0.3926961229171282,0.33089615901311237
6,142,0.0005511888370412275,0.0007599854790088204,0.3900582699128139,0.33037911123699615
6,143,0.0005497452900687486,0.000757056611797048,0.3917385628193985,0.3355726652675205
6,144,0.0005494760362327927,0.0007652990106079313,0.39350337967460536,0.3215344164106581
6,145,0.0005453819121567556,0.0007491888012737036,0.39074179434481965,0.3391368799739414
6,146,0.0005442538774388348,0.0007625692511080867,0.3974282138141585,0.3288589742448595
6,147,0.000542619217109556,0.000753976147259689,0.39951056241989136,0.3343254261546665
6,148,0.0005369615338650751,0.0007517919293604791,0.40514633611396506,0.3386831283569336
6,149,0.0005317316090193703,0.0007536100559971399,0.4101231006928432,0.3378662493493822
6,150,0.0005327699759854348,0.0007478265764398707,0.407162222891678,0.34480659166971844
6,151,0.0005362426382087079,0.0007663055931011008,0.40726194396431065,0.32738279898961387
6,152,0.0005306283004846378,0.0007668950607896679,0.41253785439479496,0.32629918389850193
6,153,0.0005315544381220308,0.0007505568779177136,0.413001917173833,0.34224696821636624
6,154,0.00052849264315295,0.0007471978263412085,0.41227559910880196,0.34468053844239976
6,155,0.0005251830425774563,0.0007538984270973338,0.41463376342514413,0.3406218303574456
6,156,0.0005203285377420899,0.0007530457573011517,0.4192225651976503,0.34214278989368013
6,157,0.0005205501134674076,0.0007722256304178801,0.4219069077644819,0.32206344472037424
6,158,0.00051768695630915,0.0007569574970855481,0.42683584807831565,0.3386264787779914
6,159,0.0005164435551570797,0.0007652004210588832,0.4261688495859688,0.3320016940434774
6,160,0.000516935120003275,0.0007617662971218427,0.4244531766867932,0.332836902141571
6,161,0.0005137654038629046,0.0007642679045804673,0.42668180421546653,0.3283011277516683
6,162,0.000508092750829679,0.0007453627625687255,0.4302173696918252,0.3488411850399441
6,163,0.0005049744618044775,0.0007682268456038502,0.43825148947444964,0.33085030052396985
6,164,0.0005105440759237994,0.0007624461561337941,0.4320269516956659,0.33509439759784276
6,165,0.0005125174962880987,0.0007481322727269596,0.4303130451543832,0.34659277465608385
6,166,0.0005031101620485891,0.0007655175752006472,0.4407394334121987,0.33193882836235894
6,167,0.0004975660030735817,0.0007565931028996905,0.44423168529698875,0.340406064192454
6,168,0.0004966075872042343,0.0007654349487792286,0.44596132466822497,0.3319225867589315
6,169,0.0004962146933259512,0.0007457549942450391,0.4474994036886427,0.3496206773651971
6,170,0.0004897240237447858,0.0007451662716145317,0.45245483112923895,0.3530974017249213
6,171,0.0004897048926831764,0.0007585172955360677,0.45292380842161767,0.34250826703177556
6,172,0.0004905746735195503,0.000780426082201302,0.4496228686085454,0.3194606714778476
6,173,0.0004875661302961547,0.0007687138600481881,0.45448535563033304,0.33193039894104004
6,174,0.0004921269161845155,0.0007599498714423842,0.4506462487173669,0.34119518068101673
6,175,0.0004961586731233071,0.0007518974857197867,0.44615305573851977,0.3501713236172994
6,176,0.0004856485749859317,0.0007609565845794147,0.4578155055458163,0.3358333455191718
6,177,0.0004843098146662714,0.0007577735878941086,0.45697236561480864,0.3415309402677748
6,178,0.00048070507645779463,0.0007421851261622376,0.45865693268952545,0.3548601481649611
6,179,0.0004851050729529909,0.0007631827663216326,0.45944178177986617,0.3380325886938307
6,180,0.00048374939957104715,0.0007735618416012989,0.460145186053382,0.3251263115141127
6,181,0.0004760162117258634,0.0007523643215083414,0.46787702978393175,0.34239900244606863
6,182,0.0004799603756206731,0.0007511245436035097,0.46201458816175106,0.3441235767470466
6,183,0.0004719377102267089,0.0007595104618101484,0.4678781672760292,0.33937329848607384
6,184,0.00046962603407819974,0.0007382508018054068,0.4712999464553079,0.35531233416663277
6,185,0.00046805304627474625,0.0007446167822409835,0.47181263632244536,0.3531985614034865
6,186,0.0004677749845417745,0.0007465413952660229,0.4733726756072339,0.35250856346554227
6,187,0.0004662447527804079,0.0007451269038332005,0.4756546155906018,0.35288088851504856
6,188,0.0004621923720050189,0.0007526202670608957,0.48310276755580195,0.3465208888053894
6,189,0.0004590312508366036,0.0007475273075720502,0.4856697655018465,0.35118765830993653
6,190,0.0004503198366836403,0.0007458875266214211,0.4939063235565468,0.3515632536676195
6,191,0.00045875534271522434,0.0007416536501194868,0.48406023611257104,0.3559025526046753
6,192,0.0004545474749771349,0.0007492572159713342,0.4882868656405696,0.34908734560012816
6,193,0.0004457417931580157,0.000741635415599578,0.4964705571716214,0.3580986539522807
6,194,0.0004584587065583486,0.0007303286693058908,0.48596143281018295,0.36341215901904633
6,195,0.0004480649476416731,0.0007490771098269356,0.494163852856483,0.3489357484711541
6,196,0.0004462382699403176,0.000750153450967951,0.49927577324855477,0.34836090008417764
6,197,0.0004433931645586581,0.0007386287118101286,0.5023278418882393,0.3574294262462192
6,198,0.0004406840889714658,0.0007354485970507893,0.5032162271899941,0.3621125962999132
6,199,0.0004420777485291991,0.0007390841285491156,0.5002649747295144,0.3588995549413893
6,200,0.0004411419369222849,0.000726450038039022,0.5028582908489087,0.36734279261695013
6,201,0.00044666164063124195,0.0007704239804297685,0.4971200970955837,0.328921377658844
6,202,0.0004405198745245551,0.0007306011600626839,0.5047756680735835,0.3681215590900845
6,203,0.0004385880142864254,0.0007526695469601286,0.505837376765263,0.34511180851194595
6,204,0.00044295131027652525,0.0007458218632058964,0.4999747473516582,0.35257483323415123
6,205,0.0004377081165274168,0.0007423517281293041,0.5038544849113181,0.3549347731802199
6,206,0.0004319099231513884,0.0007435099571011961,0.5136632935500439,0.3535916341675652
6,207,0.00043140465895254393,0.0007349705802173251,0.5118731960838223,0.36279579798380535
6,208,0.00042836518935215326,0.0007531670698275168,0.5160486271351944,0.3462502625253465
6,209,0.00043134475953267586,0.0007564038685005572,0.5141168698852445,0.345549115869734
6,210,0.0004309216949709312,0.0007495514350011945,0.5129745448077166,0.3496389667193095
6,211,0.0004241678849391547,0.0007543256014792456,0.519160568125454,0.34651020103030733
6,212,0.0004236137804885705,0.0007385161045628289,0.5199648915985484,0.36022353834576076
6,213,0.0004220578937365869,0.0007433185832471484,0.5223738055170318,0.3588843160205417
6,214,0.0004204657717096263,0.0007383586295569936,0.5223911407553119,0.35690134896172415
6,215,0.00041830205440486745,0.0007377341725966996,0.5281716109793864,0.36079940795898435
6,216,0.0004231489136999036,0.000748121698335227,0.5206305109424355,0.35291096766789753
6,217,0.00042357814087199026,0.0007580496875258784,0.5234496661174445,0.3440092206001282
6,218,0.00041500032875100494,0.0007364868807295959,0.5294208551630561,0.36778328551186457
6,219,0.0004154712502143265,0.0007489585343541371,0.5292274663477768,0.35119679636425444
6,220,0.0004123148459504232,0.0007550643278389341,0.5322538296381633,0.3486656255192227
6,221,0.0004116292793539433,0.0007479491216751436,0.5293279553637092,0.35510990884568955
6,222,0.00041254997500620876,0.0007516093060581221,0.5308184763531626,0.3521048294173347
6,223,0.0004121340279478902,0.0007365247545142969,0.5346999960181154,0.3636633555094401
6,224,0.00040660890409964376,0.0007346477398338417,0.5382808866324248,0.36517833868662514
6,225,0.00039972039766000286,0.0007413336903684669,0.5453586999280953,0.35830216937594944
7,1,0.06155262610150708,0.00699377397282256,-88.27872886893189,-9.692633152008057
7,2,0.014634403791048644,0.0017585462269683679,-21.248379956351386,-1.4363922675450642
7,3,0.0109146907971597,0.0011709945302249658,-15.463513934170757,-0.4837799761030409
7,4,0.008937661023235616,0.0009980808154472875,-12.456196876219762,-0.21671250926123725
7,5,0.0073747357572026455,0.0008988974240815474,-9.99941888620824,-0.07670285701751708
7,6,0.00619016177262421,0.0008738209428783093,-8.176219538700433,-0.03549400170644124
7,7,0.0052859486379649165,0.0008703075646836725,-6.798848116839373,-0.03240722417831421
7,8,0.004533191711676342,0.0008849653570602337,-5.612408064324179,-0.05147261884477403
7,9,0.003906557577903624,0.0008681914743242993,-4.634305378831463,-0.03341181543138292
7,10,0.003418017446097952,0.0008443274703394208,-3.9074820427247037,0.00039469930860731335
7,11,0.0029855395161351305,0.0008448666634245051,-3.2071298946568993,-0.002530442343817817
7,12,0.002647209320401336,0.0008232647397865852,-2.6916801340786027,0.02899691661198934
7,13,0.0023767617899050682,0.0008174568078377181,-2.2692204493063466,0.03709810309939914
7,14,0.0021678816573119457,0.0008253947844625348,-1.9453851337786074,0.02281653218799167
7,15,0.00199155353964019,0.00081133403065097,-1.6704779112780537,0.043382232718997535
7,16,0.001845288469835564,0.0007967765236066447,-1.4479136396337438,0.06467145019107395
7,17,0.0017353533545830919,0.0007805742646774484,-1.2811724877651827,0.08728727764553494
7,18,0.0016375198425656115,0.0007902887986145086,-1.1298811397434754,0.07103118101755777
7,19,0.0015546566731997845,0.0007790225363957386,-1.003458484896907,0.08571356534957886
7,20,0.001480152480373228,0.0007758396095596254,-0.8938428658026236,0.09119827879799737
7,21,0.0014150609788312403,0.0007660330661262075,-0.7926645231835636,0.10451460944281685
7,22,0.0013599294936284423,0.0007660094971975519,-0.708778448752415,0.10293574200736152
7,23,0.0013131876677320695,0.0007564954278576706,-0.6395845803213708,0.1170063296953837
7,24,0.0012662452139696222,0.0007493995595723391,-0.5645485844141171,0.12642712990442911
7,25,0.0012282384030612898,0.0007481466849438019,-0.5107377408463278,0.1273698753780789
7,26,0.0011929244455524985,0.0007358975009992719,-0.4561213231381075,0.14529898828930324
7,27,0.0011588169764842331,0.0007378605983427002,-0.4046302012455316,0.1406956911087036
7,28,0.0011383790287108702,0.0007350588126832413,-0.376039899720086,0.14310263792673747
7,29,0.0011100253613412748,0.000732686476678484,-0.3333625176806509,0.14715744654337565
7,30,0.0010875773598888407,0.00072234083717275,-0.2951385121286651,0.16210446225272285
7,31,0.0010621288986761629,0.0007247741463490659,-0.2640066413231838,0.15791456434461806
7,32,0.001040238959795255,0.0007207291963924136,-0.22596635465268736,0.1625502281718784
7,33,0.0010295208225912058,0.0007209217020620902,-0.20977285423396547,0.16175339619318643
7,34,0.0010137683341141651,0.0007114525392858519,-0.18509764112072227,0.1749033596780565
7,35,0.0009934315087135742,0.0007124593597836792,-0.15654013657275542,0.17325223154491848
7,36,0.0009806002863901265,0.0007045799775773452,-0.13655232617884505,0.1854639146063063
7,37,0.0009667861062665412,0.000701991639410456,-0.11513627738128474,0.18948569032880996
7,38,0.0009598210568965217,0.0007043285838638743,-0.10611857720363287,0.18409654961691962
7,39,0.0009434099958772644,0.0006980146824692687,-0.08189992242389255,0.19429906606674194
7,40,0.0009303728654624227,0.0006977842719708052,-0.06278703521799159,0.19462859630584717
7,41,0.0009222931895451046,0.000696160611955242,-0.053358200008486525,0.19624285168117947
7,42,0.0009113201806839142,0.0006983640176864962,-0.03413774187182203,0.19303232696321276
7,43,0.0009071309820829351,0.0006953891418460343,-0.027871234917346343,0.19748369985156589
7,44,0.0008954522965970322,0.000689265840790338,-0.013645808637878041,0.2059487263361613
7,45,0.0008873623925157719,0.0006938263877398437,0.002530175226706046,0.19942545228534275
7,46,0.0008798324859436647,0.0006868299989340206,0.013195049615553867,0.20980032020144992
7,47,0.000873871989990872,0.0006847093903666569,0.02172623887474154,0.21255799796846178
7,48,0.0008669227439289292,0.0006846909178420902,0.030961499832294605,0.212035248014662
7,49,0.0008603693851281279,0.0006847379612736404,0.03873671322693059,0.21271609597735935
7,50,0.0008528112870767529,0.0006824993424945408,0.05022778275572223,0.21590294440587363
7,51,0.0008469078734367626,0.0006762472847994003,0.05662591545670121,0.22468882931603326
7,52,0.0008419530642977743,0.0006763459959377845,0.06715232060279375,0.22437266641192966
7,53,0.0008340103668160737,0.0006753710460745626,0.0773985309365355,0.22581564982732136
7,54,0.0008316020084614003,0.0006727054947987199,0.08240781580960309,0.22922333876291912
7,55,0.0008251200411411255,0.0006686160483190583,0.09399562249948949,0.23569924698935615
7,56,0.0008234752753151604,0.0006720110580014686,0.09273398408183345,0.23153035243352255
7,57,0.0008151352648439323,0.000669923806304319,0.10388437921618238,0.23363667594061957
7,58,0.0008106219702986655,0.0006720127330885993,0.10964985703244622,0.23099509610070124
7,59,0.0008079356966643697,0.0006661433364368147,0.11400351377181064,0.23894865777757432
7,60,0.0008028892981302408,0.0006676127332159215,0.12201369618192132,0.23883066574732462
7,61,0.0007953083539312636,0.0006626993650570512,0.1320430721765683,0.24348256455527412
7,62,0.000793575477372441,0.0006603885429083473,0.13601927816131967,0.24787831041547986
7,63,0.0007887503067548904,0.0006609075599246555,0.14085776776443293,0.2459912684228685
7,64,0.0007872363845645278,0.0006577213010233309,0.14387023419509698,0.2503281169467502
7,65,0.0007782796711120524,0.0006565657418428196,0.15423065806612557,0.25346511072582667
7,66,0.0007781990764973065,0.0006565459111394982,0.15523081561665475,0.25316679345236887
7,67,0.0007737172194066699,0.0006544716048261358,0.16041339797738158,0.25463460551367867
7,68,0.0007716569563741854,0.0006527701509185136,0.16551677547855143,0.25813519159952797
7,69,0.0007691881448363908,0.0006514957420424455,0.1680726139633744,0.26208290259043376
7,70,0.0007638179135140905,0.0006496842239155537,0.1736657052864263,0.262501162952847
7,71,0.0007601784565198569,0.0006544972368929949,0.17671685336548604,0.2563698384496901
7,72,0.0007573691656652057,0.0006537202551650504,0.1835530803527361,0.25838601854112414
7,73,0.0007559233971721964,0.0006517762654564447,0.18521643141169608,0.2615365703900655
7,74,0.0007478860007127586,0.0006483162856764263,0.19239483424174933,0.26601214938693574
7,75,0.0007445735779280463,0.0006423060795188779,0.19656567279203438,0.2730878472328186
7,76,0.0007424635713471582,0.0006448162991243104,0.20067306639235696,0.2689359121852451
7,77,0.0007440471600591676,0.0006469606525368161,0.1991160578197903,0.26700559324688383
7,78,0.0007382149907277414,0.0006475743333188196,0.2050682419612084,0.2653857416576809
7,79,0.0007351159406998368,0.0006438253926009768,0.2074435387128665,0.2715440061357286
7,80,0.0007325597754162219,0.0006422804565065437,0.21435825721717175,0.2759786910480923
7,81,0.000730659399630019,0.0006436042616971665,0.2180679695105847,0.2753218200471666
7,82,0.0007238363476332139,0.0006388567452732888,0.22198277167332026,0.2780332552062141
7,83,0.0007222144716465271,0.000638018661023428,0.2244409109339302,0.27723061641057334
7,84,0.0007168430060343702,0.0006423874059692025,0.2328966752982434,0.2755682706832886
7,85,0.0007150689594125674,0.0006471416667207248,0.23008781377180124,0.2721798446443346
7,86,0.0007183267729195915,0.0006330975007990168,0.23016657181728034,0.2855486684375339
7,87,0.0007131845548024608,0.000633199170180079,0.2345802240901523,0.28619107405344646
7,88,0.0007103894544006498,0.0006349665772480269,0.23924619033012862,0.2852928638458252
7,89,0.0007043730159991501,0.0006371731223124596,0.24654870901578738,0.2849854999118381
7,90,0.0007038832117550443,0.0006362844698338045,0.24616275525387424,0.28275871011945936
7,91,0.0007010310276032046,0.0006310369095040692,0.2513418079894266,0.2884626653459337
7,92,0.0007002430495139165,0.0006281717796809971,0.25304813502747336,0.2944963428709242
7,93,0.0006930398475953642,0.0006296659237705171,0.2599306230191831,0.2929700016975403
7,94,0.0006920718169702148,0.0006265913795990249,0.2594820386097755,0.296167967054579
7,95,0.0006867936678679178,0.0006350151586553288,0.26612112919489544,0.2879337443245782
7,96,0.0006899855263462221,0.0006329721111493806,0.26123814200177603,0.2929620451397366
7,97,0.0006811448860120166,0.0006288903493744632,0.2709717543036849,0.2954210215144687
7,98,0.000683495668510412,0.0006270665778881974,0.27010129778473463,0.2980110685030619
7,99,0.0006795318141855576,0.000635504938610312,0.27419073066593685,0.2894892427656386
7,100,0.0006766091024698575,0.0006286735530011356,0.2758457788714656,0.2979355573654175
7,101,0.0006720284547622281,0.0006292987744220429,0.28044499276596824,0.2950393292638991
7,102,0.0006733203670412395,0.0006279488262306485,0.28272032207912867,0.2966393921110365
7,103,0.0006666657243234416,0.000618240069080558,0.2870145721200072,0.30420714086956446
7,104,0.0006676546270660136,0.0006228588547350632,0.28509024293334395,0.29989013804329767
7,105,0.0006618778743022294,0.0006228671344514522,0.29387179833871346,0.3030586838722229
7,106,0.0006592186413601869,0.0006186445696382887,0.2935832191396643,0.3077978014945984
7,107,0.0006563004482836451,0.0006241444912221697,0.2988705152346764,0.3038895765940348
7,108,0.0006534020308646615,0.0006244178020602299,0.30265075350985116,0.30451644791497123
7,109,0.0006492184654717552,0.0006158303598769837,0.30696018227824456,0.3104170428382026
7,110,0.0006455750359843174,0.0006172819270028008,0.3089431775940789,0.31097112364239166
7,111,0.000640128910926711,0.0006185778830614355,0.3158902963002523,0.31009952624638876
7,112,0.0006435216247839968,0.0006163005962864392,0.3122803786654531,0.31188701656129625
7,113,0.0006385611592975939,0.0006210851237281329,0.3131671762760775,0.31159147686428496
7,114,0.0006396453727013719,0.0006109562844762371,0.31813444679166064,0.31838384336895414
7,115,0.0006361002420121229,0.0006291603177992834,0.32056227951873967,0.29899779425726997
7,116,0.0006337408594396196,0.0006216313185480733,0.3238354913982344,0.30731751653883194
7,117,0.0006270491388729877,0.0006067717525487145,0.3280850796051967,0.323667479885949
7,118,0.0006241178046624509,0.0006077386063730551,0.33397609186761174,0.3225557115342882
7,119,0.0006239467677027907,0.0006043294897406465,0.3308123459050685,0.32527847554948597
7,120,0.0006206884666886411,0.0006055544039958881,0.33608742834609234,0.32254912190967133
7,121,0.0006205831289314378,0.0006159638533265227,0.33808920751383276,0.313317690955268
7,122,0.0006216913766377134,0.0006071296210090319,0.33431124289830527,0.3223426739374797
7,123,0.0006128486794890997,0.0006074234907929269,0.3438767062293159,0.3256992393069797
7,124,0.000606646728673145,0.0006103114638891485,0.3483734083764347,0.32210254139370387
7,125,0.0006073547032788212,0.0006115816831071344,0.3507726021754889,0.3193334115876092
7,126,0.0006063676526896471,0.0006040344622710512,0.3498674706176475,0.3295483284526401
7,127,0.0006035168192429859,0.000604349356662068,0.35291734860267165,0.3294581042395698
7,128,0.0005968694151867825,0.0006018536993198924,0.36002979440453614,0.332330862681071
7,129,0.0005950800449311457,0.0006014908133592043,0.36130211691797515,0.33113892475763956
7,130,0.0005941123017512354,0.0006061957864504721,0.36068781702606767,0.32776025666130915
7,131,0.0005942017812983213,0.0006056245209442244,0.3580128406300957,0.3248993608686659
7,132,0.0005916370103354163,0.0006062360596843063,0.36801312190515023,0.3291701343324449
7,133,0.0005931285153901963,0.0006011422658856545,0.3640441447128484,0.3313248183992174
7,134,0.0005932090711279738,0.00060688042625164,0.3635112110479378,0.3285449822743734
7,135,0.0005875037329121964,0.0006017542366559307,0.36850005991664936,0.3335597289933099
7,136,0.0005767021436002796,0.0006074422453012731,0.38145113830213195,0.33169355392456057
7,137,0.0005783051771203768,0.0005977156365083323,0.3795901619357827,0.33904116683536106
7,138,0.00057936760203131,0.000598973105661571,0.3790971705942978,0.3383654064602322
7,139,0.0005734704858853401,0.0006010804648718072,0.380425543843964,0.3358845008744134
7,140,0.0005702966884537428,0.0006009650636567838,0.38722937489733283,0.3364202406671312
7,141,0.000572526965715727,0.0006024947377025253,0.38412703996823155,0.3355404244528876
7,142,0.0005740896848973209,0.0006075704923003084,0.3829147731816327,0.3299684895409478
7,143,0.0005657788080071318,0.0006010477043067416,0.3892434184933886,0.33840192953745524
7,144,0.0005671699301420171,0.0006065103432370556,0.3902126853848681,0.3303352355957031
7,145,0.0005653412779793143,0.0005966074156781865,0.3911834309130539,0.34270279937320286
7,146,0.0005670307689909765,0.0005992855501568151,0.3907683412233988,0.3390779707166884
7,147,0.0005605788376860689,0.0005997529447389145,0.39643031608911206,0.3404643177986145
7,148,0.0005573293064824408,0.0006063305979801548,0.40056165765832974,0.33480269511540733
7,149,0.000558417104759518,0.0005982663210791846,0.3977632666811531,0.34120182328754
7,150,0.0005492009931059991,0.0006015247898176312,0.4076468530996346,0.3399244480662876
7,151,0.0005536859600666772,0.0005982893441493312,0.4039143418088371,0.3449954417016771
7,152,0.000549845739532216,0.0005950552372572322,0.4071673109207624,0.34909687174691095
7,153,0.0005442184350096885,0.0006136856378159589,0.4131101531746947,0.3320209330982632
7,154,0.0005437668984939839,0.0006069106282666325,0.41325882055141305,0.336378977033827
7,155,0.0005441838235128671,0.0006085382955562737,0.4106889283215558,0.3393475360340542
7,156,0.000538674221707531,0.0006006219864098562,0.4169199428440612,0.3425237403975593
7,157,0.0005341878103345265,0.0006122567665038837,0.42313866600578215,0.3330682184961107
7,158,0.0005346602730073586,0.0006053596967831254,0.42035785604406284,0.34070321586396957
7,159,0.0005371506270567346,0.0005901233642362058,0.42131656290572367,0.35231182442771064
7,160,0.0005347575015031997,0.0005950599326752127,0.4220878795341209,0.34958009322484335
7,161,0.0005309183087291909,0.0006124126505003207,0.4243738919128606,0.33344729873869156
7,162,0.000531124070942126,0.0005984491034824815,0.42622500643318084,0.3498428993754917
7,163,0.0005293863805378845,0.0005881606484763324,0.4269855469833186,0.3583546373579237
7,164,0.000523879547620675,0.0006045198352593515,0.43043089943167606,0.3430540654394362
7,165,0.0005202212633944496,0.0005972641934123304,0.43606363829271294,0.35108410120010375
7,166,0.0005212887193156797,0.00060322814517551,0.43690402610802354,0.3474628554450141
7,167,0.0005187825516101985,0.0006055877802686559,0.4394258438805003,0.34547173579533896
7,168,0.0005161442494962687,0.0006029133413297435,0.44061269362767536,0.3449179146024916
7,169,0.0005146495514279116,0.0006078630685806274,0.44051577382617524,0.34294217162662083
7,170,0.0005094197725325271,0.0005815801818648146,0.44434619347254434,0.36356252166959974
7,171,0.0005131160281311122,0.0005895542640549441,0.4392856000382223,0.35793545643488567
7,172,0.0005082312466887137,0.0005756938700667686,0.4444765048262514,0.36885299815071954
7,173,0.0005125776091360568,0.000595817156136036,0.44421029076164154,0.3526038553979662
7,174,0.0005080241966492462,0.0005964266188028786,0.4483923476419331,0.3561296436521742
7,175,0.0005003307247534394,0.0005835287324670288,0.4554703170870557,0.3654806137084961
7,176,0.0005037297373263878,0.0005989017999834484,0.4534433149997099,0.35221611128913033
7,177,0.0005020894511188898,0.0006053515684066547,0.45266387153554843,0.3484966821140713
7,178,0.0005049009019089288,0.0005762312794104218,0.4523228389245492,0.3714823762575785
7,179,0.0005000755116113542,0.0005932127578287488,0.45769547312347975,0.3602295544412401
7,180,0.0004960391720768387,0.0005836759370544719,0.4618525709634946,0.36713372733857896
7,181,0.0004919060636714193,0.000595354663932489,0.46399036675323674,0.36202339596218536
7,182,0.0004907244027385281,0.0005840884663888977,0.46895054151982435,0.3680827498435974
7,183,0.00048668748155857126,0.0005937476732975079,0.4698854781963207,0.35700911415947806
7,184,0.0004850989829944332,0.000591802613861445,0.47090017251026484,0.3615476263893975
7,185,0.000484317153358809,0.0005795657130268713,0.47275812228520714,0.3746534665425619
7,186,0.0004804196881049853,0.0005800118566387229,0.4773426675502165,0.3748743613560995
7,187,0.00047631709071819064,0.0005744535307813849,0.48077987682672196,0.3729610668288337
7,188,0.00047551820975912296,0.0005756333871330652,0.48208297652962767,0.37537807093726266
7,189,0.0004774850879416422,0.0005819028127007186,0.4778372202390506,0.3709807303216722
7,190,0.0004753956929090674,0.0006049315186424387,0.4817563602953781,0.3480316254827711
7,191,0.00047485451803278223,0.0005846487202992042,0.48102728069564443,0.3683625684844123
7,192,0.00047186931176973436,0.0005863169259909127,0.485547505190343,0.3677951958444383
7,193,0.00047055814763025187,0.0005823756594003903,0.4874981544635914,0.3724796374638875
7,194,0.0004668928728076733,0.0005774312264596423,0.49075404979564524,0.3748450213008457
7,195,0.0004694537483126983,0.0006017090131839116,0.4870929258841055,0.3506820281346639
7,196,0.0004673467936097748,0.0005801189483867752,0.4891015257364438,0.3749081545405918
7,197,0.0004668273904826492,0.0005918117731602655,0.49318662352032133,0.3638554732004801
7,198,0.00046448919557057965,0.0005731005273345444,0.49276984635694526,0.3846472978591919
7,199,0.00046603608126234675,0.0005714367544795904,0.4897326516516415,0.38263151513205634
7,200,0.0004658284893886037,0.0005759877915908065,0.49279760195885175,0.3795227713055081
7,201,0.00046803855421998896,0.0005707257970546683,0.48808433832945647,0.37980221377478707
7,202,0.0004662880819883014,0.0005839770970245202,0.4919157346089681,0.37274717092514037
7,203,0.0004545461117680886,0.0005877286014664505,0.5024129512869282,0.36512551969952056
7,204,0.0004534615391296231,0.0005738073429610166,0.5011183102925618,0.38172479735480414
7,205,0.00045715143212784126,0.0005739681060529417,0.49865128375865797,0.3840005146132575
7,206,0.0004517485985509407,0.0005759046206043826,0.5069446038316797,0.38068568309148154
7,207,0.0004512114127678222,0.0005667447267721097,0.5077073345949621,0.3890680432319641
7,208,0.00044838407940668183,0.0005718787614670065,0.5071007341514399,0.3856897579299079
7,209,0.0004470299835242101,0.0005728583976936837,0.5115417233219853,0.384564475218455
7,210,0.0004497494577303713,0.0005562094376525945,0.5099641364297749,0.3971584267086453
7,211,0.0004461415257178431,0.0005841298973084324,0.5123416782897195,0.3743649337026808
7,212,0.000446382112711967,0.0005794210372389191,0.5082600933534128,0.3766932566960653
7,213,0.00043878200791638204,0.000564573600422591,0.5176013104709578,0.3964406821462843
7,214,0.000436259998600746,0.0005771351797092292,0.523274991541733,0.3809549543592665
7,215,0.00043481516660432573,0.0005738422093499038,0.5235225542092029,0.3892534163263109
7,216,0.00043161542192216457,0.0005690079699787829,0.5293093350198533,0.39123073816299436
7,217,0.0004314419276650167,0.0005705355071566171,0.526129757180626,0.38898365232679577
7,218,0.00043481153257789065,0.0005731398136251503,0.5227061545407331,0.3874895122316149
7,219,0.0004293979274218235,0.0005708313508269688,0.5288971846486316,0.3867711795700921
7,220,0.0004296025892225221,0.0005589649120035271,0.5298786101517854,0.40276879999372694
7,221,0.0004298070743162599,0.0005785578111600544,0.5269098801377379,0.38412725660536023
7,222,0.000425969555048433,0.0005659746445922388,0.5317306830559247,0.3988343503740099
7,223,0.0004251609805735679,0.0005569601806605027,0.5328658879539113,0.4045117444462246
7,224,0.0004219276606346722,0.000566764027138965,0.537943700802179,0.39524267647001476
7,225,0.0004247007574627383,0.0005742270408922599,0.5348997617945259,0.3833726697497898
7,226,0.00042211818379453485,0.0005713955990763175,0.5359608497148679,0.39566289716296726
7,227,0.00041789918639237224,0.00057173368986696,0.5414174287407486,0.3913367721769545
7,228,0.00041877279506513367,0.0005491339498096043,0.5386636779632097,0.41138490306006537
7,229,0.0004147683125115747,0.0005629540511613919,0.5429389457643768,0.3956196281645033
7,230,0.00041000161881926526,0.000575894848184867,0.5487437679443831,0.38711432351006403
7,231,0.0004112907261357723,0.0005525694991875854,0.5458940572208828,0.40804420179790923
7,232,0.00040992548327065174,0.000567361192467312,0.5472194692234934,0.3906923797395494
7,233,0.00041115208605108897,0.0005737672301216258,0.5463546440925127,0.3935734603140089
7,234,0.0004055182670852468,0.0005461575760920015,0.5509125020768907,0.41675762865278454
7,235,0.00041124074357665245,0.0005859430349018011,0.5487052222828807,0.37322032848993936
7,236,0.0004075155403022367,0.0005725101037468347,0.5481386907306718,0.3856529355049133
7,237,0.000404621505488952,0.0005531400455058449,0.5534906144495364,0.412353245417277
7,238,0.00040598765675288934,0.0005630981358182099,0.553215925928987,0.4000119792090522
7,239,0.0004057032432706084,0.000557980161263711,0.551956092428278,0.4107440365685357
7,240,0.000405244899045584,0.0005652714003291395,0.5556457312018783,0.39796520471572877
7,241,0.00039904434219531623,0.0005411838517627782,0.5626177466945884,0.4256363444858127
7,242,0.000407309987421297,0.0005450294482418233,0.5553307618623898,0.41885549889670476
7,243,0.0003956189867034324,0.0005613363852413992,0.5646272559224823,0.39433847268422445
7,244,0.0003963745208485857,0.0005558302923519579,0.5634712130935103,0.4127174973487854
7,245,0.00039623742614136896,0.0005526676515324249,0.5646135801150475,0.40637869172626073
7,246,0.00039645130839486274,0.0005631807066189746,0.5616143868293291,0.40521828995810616
7,247,0.0003923481290033202,0.0005583937176399761,0.5671208929132532,0.40931478208965727
7,248,0.0003904658666507192,0.0005511773168109357,0.5678910792609791,0.41005162000656126
7,249,0.00038738967110632836,0.0005556338363223606,0.5733177115887771,0.41127305030822753
7,250,0.0003896366873825038,0.000557123068978803,0.5683361915894497,0.405760309431288
7,251,0.0003927576630146323,0.0005617681450934874,0.5677278942532009,0.40355586210886635
7,252,0.00039213349026581847,0.0005464588097917537,0.5654565499152666,0.4177398204803467
7,253,0.00038664894441522106,0.0005564006601667239,0.5716412798857983,0.41128080818388196
7,254,0.0003824485812255722,0.0005542550882738497,0.5758182728732074,0.41186169650819565
7,255,0.00037937358210012777,0.0005533619033586648,0.5800005970177827,0.4145353847079807
7,256,0.0003814980226718349,0.0005658126151603129,0.581260719269882,0.3961255192756653
7,257,0.00038508134779094915,0.0005567007568768329,0.5766542739338345,0.4087288816769918
7,258,0.0003895448980691992,0.0005480467432385517,0.5722939363232366,0.42126327620612253
7,259,0.0003810644407043762,0.0005474043311551214,0.5822976219801255,0.41947886281543306
7,260,0.0003774341100964833,0.000552521959050662,0.5848901454313302,0.41718850400712754
7,261,0.00037103137418190824,0.0005539730993202991,0.5875633036648785,0.4121262868245443
7,262,0.00037117529247979414,0.0005417700675833556,0.5881197732171894,0.4241500351164076
7,263,0.00037484031514103673,0.0005406607602102061,0.5874780590151563,0.43164910475413004
7,264,0.00037580092400197446,0.0005518946072293652,0.5879124213148046,0.4130094197061327
7,265,0.0003716641774021641,0.0005443494896300965,0.5892113369188191,0.424261212348938
7,266,0.0003703976535083105,0.0005595236447536283,0.5909584456019932,0.4070977568626404
7,267,0.000370844251068056,0.0005466568814073172,0.5914532249356493,0.42141748666763307
7,268,0.00036990570197640747,0.0005505588306631479,0.5881126483281454,0.420263319545322
7,269,0.0003636915890649421,0.0005536866594209439,0.597610393571265,0.41316710313161215
7,270,0.0003624231246282795,0.0005467330027992527,0.5981706870926751,0.42096580266952516
7,271,0.0003635575225214577,0.000552770071145561,0.5959840418379984,0.4155540386835734
7,272,0.00036257043628907403,0.0005458354135043919,0.6014544389866017,0.4244638390011258
7,273,0.00036338449385373586,0.0005482866286507084,0.5995168219377965,0.4242053124639723
7,274,0.0003627233593839646,0.0005492629767912958,0.5983165783646666,0.42520909971661036
7,275,0.0003599057436840218,0.000560632588652273,0.6024822935645963,0.4015498677889506
7,276,0.00035807419392958653,0.0005417037005018857,0.6052176607979669,0.4315851171811422
7,277,0.0003593242272337968,0.0005389814239202274,0.6047521602960281,0.42744724220699737
7,278,0.000353014002982412,0.0005423662304464313,0.6077000562055611,0.4284439484278361
7,279,0.00035344401064018406,0.000537078978959471,0.6105518778165181,0.4377683811717563
7,280,0.00035097363590331815,0.0005562516175106996,0.6103935490419835,0.4144564310709635
7,281,0.0003542472678811554,0.0005290275775930947,0.6072650319264259,0.44033009741041396
7,282,0.00035274452572964406,0.0005490569501287407,0.6080594601454559,0.4095241573121813
7,283,0.0003491874519062953,0.0005561900001743601,0.6121635098516205,0.41405640310711334
7,284,0.0003482586169546401,0.0005400389006050924,0.6153385805494991,0.4254918018976847
7,285,0.00035218740612222456,0.0005358037228385608,0.6094762556346847,0.43189314868715073
7,286,0.00034565326440102063,0.0005384347918960783,0.614428914476324,0.4326475275887383
7,287,0.0003466321431376316,0.0005360195322686599,0.615204006212729,0.4350860595703125
7,288,0.00034223879050796873,0.0005428235589837034,0.6188770703327509,0.42529831727345785
7,289,0.0003463926305419501,0.0005641704024229613,0.6145200203966211,0.3975769625769721
7,290,0.00034615204635041734,0.0005333569392354952,0.6164614355122602,0.4341356039047241
7,291,0.0003478218683467051,0.0005417963269994491,0.6159029745761259,0.4248360448413425
7,292,0.00033936837485439524,0.0005454533901582989,0.6233477437937701,0.42386111948225236
7,293,0.00033792662031856583,0.000534862404068311,0.6249394412393923,0.434224271774292
7,294,0.00033428327332791173,0.000533817486009664,0.6309067496546993,0.4380253420935737
7,295,0.0003380387917270217,0.0005412045335914526,0.6259024016651107,0.4216138031747606
7,296,0.0003355767695739129,0.0005273966674899889,0.6292581968837314,0.4444061597188314
7,297,0.00033781061733693436,0.0005392002523876727,0.6254655136002435,0.42849803103340994
7,298,0.0003294915565933434,0.0005273374935819043,0.6330028352914033,0.44950892925262453
7,299,0.0003311182992435118,0.0005268589257159167,0.631563820367978,0.4387675484021505
7,300,0.0003308765771281388,0.0005323370155464444,0.6329822796362418,0.4390778634283278
7,301,0.00032996851649066364,0.0005233812352849378,0.6356819064528854,0.45471305979622734
7,302,0.0003294215202015353,0.0005176820339531534,0.6326587850664869,0.45588208701875477
7,303,0.0003290425498113266,0.0005373123528746267,0.6354381127122007,0.4341619345876906
7,304,0.00032841802156461335,0.0005295480937800473,0.6356321820506343,0.4440773222181532
7,305,0.0003257458729175046,0.0005237817350361082,0.6371992187735475,0.45322475565804377
7,306,0.0003246101639147296,0.0005502976386600898,0.6396059298220976,0.4184626089202033
7,307,0.00032880134286968337,0.0005167180284236868,0.6332863057101215,0.46408304505878023
7,308,0.00032516819156165936,0.0005307975652006765,0.636919167748204,0.4400457541147868
7,309,0.0003204090552358532,0.000520869619342395,0.6429775566230586,0.4545077986187405
7,310,0.0003202701186514057,0.0005269911308358941,0.645695952574412,0.4448483427365621
7,311,0.00032265747481968575,0.000532538456738823,0.6446013151863474,0.4415144920349121
7,312,0.00031831488293526623,0.0005220526635336379,0.6442121785364033,0.4536104851298862
7,313,0.0003185983890966501,0.0005341470345026917,0.6470483042575695,0.4388080557187398
7,314,0.0003131736874045735,0.0005253799505428307,0.6537432395381692,0.45340373780992294
7,315,0.00031661410818888266,0.0005177106333172156,0.6480987198558854,0.456825942463345
7,316,0.00031624545176501997,0.0005301420447520084,0.6469616507306511,0.44713883135053845
7,317,0.0003175722803765287,0.000544431365819441,0.6484082211682826,0.41172355148527356
7,318,0.00031824354182951795,0.0005265714639487366,0.6430091074955316,0.45102932188245987
7,319,0.00031544146132310506,0.0005266876529074377,0.6461315244804194,0.4520948741171095
7,320,0.00031402844520297225,0.0005256311385892331,0.650490493097423,0.4475841734144423
7,321,0.0003160713582564099,0.0005204912145725555,0.6481840756204393,0.4551699585384793
7,322,0.00031182028167812086,0.0005185106504035907,0.653750588570112,0.457365976439582
7,323,0.0003106878779362887,0.0005286172239316834,0.6516085894019515,0.4350404183069865
7,324,0.0003136342826132651,0.0005363399615614778,0.6492006435806369,0.4395316653781467
7,325,0.0003075329921018608,0.000514247357690086,0.6585316449035833,0.4659643544091119
7,326,0.00030512494483479747,0.0005142166149905987,0.6600280929494787,0.4631676528188917
7,327,0.00030732473939151306,0.0005141768384621375,0.657258865126857,0.4650917927424113
7,328,0.0003029415106550319,0.0005222183678092228,0.6632260746426053,0.4567033542527093
7,329,0.0003014700348563722,0.0005218871953224557,0.6635625724439268,0.4533947401576572
7,330,0.00030381530968840294,0.0005201687790556914,0.6617090703528604,0.44721821943918866
7,331,0.0003002982227315689,0.0005226859674116389,0.6639514868642077,0.45776447190178765
7,332,0.0002973107122356233,0.0005057376518379896,0.6637422153979172,0.47475811772876314
7,333,0.0002990965336923384,0.0005176715539871818,0.6663068858193762,0.453946312268575
7,334,0.00029767810770908347,0.0005108722505004456,0.6664528848212442,0.46411586470074123
7,335,0.00029940057889397406,0.0005292273514593641,0.6641112738185458,0.44038296805487737
7,336,0.0003001326220081314,0.00051039544503308,0.664736188782586,0.46668331225713094
7,337,0.000293909429492038,0.0005217312647598899,0.6714477487552313,0.4562704841295878
7,338,0.00029604131539846644,0.0005205595464859572,0.6688674255653664,0.46026586559083726
7,339,0.0002932890270905638,0.000512379970556746,0.6701036113279837,0.46754337416754826
7,340,0.0002931553933677482,0.0005178270072469281,0.6733568516778358,0.4624856458769904
7,341,0.0002940521060983524,0.0005142499000713643,0.6704130527413922,0.46439462900161743
7,342,0.00029321056445715606,0.0005122549249790609,0.674482575316488,0.46685658825768367
7,343,0.0002944314831517131,0.000510560642902015,0.6712238516336606,0.46779134935802885
7,344,0.0002941266553085527,0.0005175390403666016,0.67056747748528,0.46307152642144095
7,345,0.0003004893034633341,0.0005182030364974505,0.6669154554237554,0.4660249683592055
7,346,0.0002933673189814996,0.0005244224914349616,0.6715522944191356,0.45520851347181535
7,347,0.0002895001977406166,0.0005164428335976683,0.676892191981092,0.4690472020043267
7,348,0.0002955382477124164,0.0005180309468414635,0.6689322473090372,0.4602763851483663
7,349,0.0002898483292090442,0.0005140230758115649,0.6742733332845899,0.46631708012686834
7,350,0.0002856264730202563,0.000518614390037126,0.6779374362509928,0.45734907918506196
7,351,0.00028104351863644464,0.0005076341356875167,0.683679410557688,0.4730469187100728
7,352,0.000283498066207279,0.0005111886059037513,0.6844842117509724,0.4759447866015964
7,353,0.0002825577322962797,0.0005192432837146852,0.6852311680346359,0.4637499637073941
7,354,0.00028697486124633825,0.0005039535734492044,0.6810173582147669,0.4800772719913059
7,355,0.00028100368476265835,0.0005252065939000911,0.6847144410933977,0.4502228750122918
7,356,0.0002849097587139472,0.0004957592153611283,0.6827103442615933,0.4880304098129272
7,357,0.00028656797316845185,0.000527989132873093,0.677081017288161,0.45580724080403645
7,358,0.00028031913399765337,0.0005169167681338473,0.6886138165438617,0.46452466911739776
7,359,0.000277187597843025,0.0005141531582921743,0.6899937289732474,0.4678616404533386
7,360,0.00027585075679522605,0.0005141121451742947,0.6899561890849361,0.466442354520162
7,361,0.00028140029674510896,0.000515341808527915,0.6888248009446226,0.4646829631593492
7,362,0.00027758001420290473,0.0005098615068062726,0.6889417668919504,0.47383138206270004
7,363,0.00027707829061079264,0.0005228850175626576,0.6896411189326533,0.4507978253894382
7,364,0.00028008285458602105,0.0005085842412275572,0.6856413903059783,0.4771255162027147
7,365,0.0002745843455799062,0.000519158881312857,0.6911362756917506,0.46309790478812324
7,366,0.0002725265066449841,0.0005171266151592135,0.6944073081016541,0.4609580834706624
7,367,0.0002699256791980408,0.0005166640285299057,0.6972824938503313,0.45902610884772405
7,368,0.00027404608094294404,0.0005204476228552973,0.6931768722004361,0.4557491434945001
7,369,0.00027324130246990624,0.0005295570027859261,0.6914469536439872,0.45159480836656357
7,370,0.00026866062156235177,0.0005178496526140305,0.6991127267295931,0.45275444984436036
7,371,0.0002669283998756451,0.0005095333022634602,0.6988092852227482,0.47367375161912706
7,372,0.000267247085705296,0.0005265141578598155,0.7024054104899182,0.45402087370554606
7,373,0.00027094585540773415,0.0005069493484269414,0.6981996439121387,0.4765939580069648
7,374,0.000265519260601313,0.0005235919004513157,0.7040694517853819,0.4526827812194824
7,375,0.0002634065539754329,0.0005132241821330455,0.7054839787659821,0.46872593296898735
7,376,0.0002655756324932071,0.0005134712917626732,0.7034943482022227,0.4631120906935798
7,377,0.00026428479209749235,0.0005099919456471171,0.7052057672429968,0.46691732803980507
7,378,0.00026049044379895483,0.0005089445731654349,0.7078037022072592,0.47117616600460477
7,379,0.00025700364307856854,0.0005154578293311513,0.7125447202611852,0.45861829651726616
7,380,0.0002628896314288593,0.0005208054971363809,0.7017180386884713,0.45462782515419853
7,381,0.0002584415112469736,0.000513186779183646,0.7101269953044844,0.46596812936994764
8,1,0.06719065849427823,0.007832577845288648,-96.04984537878154,-11.194754897223579
8,2,0.016085532643360857,0.0020536854035324522,-23.56651788111086,-2.000993111398485
8,3,0.01201265606523296,0.0012416579786481128,-17.213272290759615,-0.6980810324350993
8,4,0.009915746893319819,0.0009477212869872649,-13.910676327458134,-0.22819376786549886
8,5,0.008307568976126703,0.0008392021642066539,-11.464091515246732,-0.060426451100243465
8,6,0.007090308727627551,0.0008226595961281823,-9.598047427189202,-0.04258283774058024
8,7,0.0061182963247928355,0.0008191105728555057,-8.083061091105144,-0.03304124673207601
8,8,0.005353182747408196,0.0008165241594219374,-6.881930538165716,-0.03331873019536336
8,9,0.004717720148188096,0.0008017911135943399,-5.898877844692748,-0.01178784105512831
8,10,0.004150857820095104,0.0007881163748809033,-5.01919911555302,0.0065886139869689945
8,11,0.0036621008246539182,0.0007787940273475315,-4.279013322606499,0.01975786421034071
8,12,0.003252262835977254,0.0007627504735460711,-3.6358204317681584,0.04039157761467828
8,13,0.002915443854843393,0.0007611543509281344,-3.1050388371502913,0.043335833814409044
8,14,0.0026324805010248115,0.0007621862046006653,-2.6774367656236815,0.03960634072621663
8,15,0.0024040640308809133,0.0007476324978698459,-2.307695452960921,0.05847451951768663
8,16,0.0022024668779017198,0.0007348829828616645,-1.9931657873553994,0.07915538549423218
8,17,0.0020414886392515013,0.0007268760236911476,-1.7509367224610881,0.09175853994157579
8,18,0.001911885256557093,0.0007317512839411696,-1.5543700639112497,0.0832940525478787
8,19,0.001791469816888832,0.0007261924316278762,-1.36975904982767,0.09073464340633816
8,20,0.0016943739534551162,0.0007150647049355838,-1.2168312783594484,0.10820913049909804
8,21,0.0016094435604266178,0.0007021474897758001,-1.087689240184831,0.12691405614217122
8,22,0.001533363896916494,0.0007131336567302545,-0.9720767609867049,0.1095209903187222
8,23,0.0014679491514179074,0.0007116725965816942,-0.8739594406551785,0.11115199857287937
8,24,0.0014146199202693906,0.0006970482218700151,-0.7885032736224893,0.13373363812764485
8,25,0.0013601724958093263,0.0006879714278814693,-0.7087493075264825,0.14908013078901503
8,26,0.0013192363117856007,0.0006865079113696185,-0.6462800546928689,0.14973112609651354
8,27,0.0012778196205028597,0.0006890733700452579,-0.5822629972740456,0.14567689365810818
8,28,0.001248152850103783,0.0006814348433787624,-0.5381237234598325,0.1586757355266147
8,29,0.0012175247665310715,0.000676997447024203,-0.4945309079723594,0.16413222153981527
8,30,0.0011819929304176275,0.0006785680113049845,-0.4418747944596373,0.1610222829712762
8,31,0.0011609546429144195,0.0006812072553051015,-0.4059468666712443,0.15814744366539848
8,32,0.0011435838350106352,0.0006775706708948646,-0.38059578824926305,0.16134547392527263
8,33,0.0011216611885983083,0.0006741474304969112,-0.34288760438377475,0.16817072100109523
8,34,0.001103173347224516,0.0006679194474903245,-0.32302220426959755,0.17646694448259143
8,35,0.0010861796858708983,0.0006666530363468661,-0.2938036098892306,0.18029807408650717
8,36,0.0010696838362671342,0.0006675300990334816,-0.26735817149833396,0.1790249056286282
8,37,0.00105044020075397,0.0006627334527567857,-0.23935246217397996,0.184727238284217
8,38,0.00103787649149811,0.0006718376172809965,-0.2192915048128293,0.17194116512934368
8,39,0.0010236730675477488,0.0006630749829734365,-0.20067065645147253,0.18224169413248698
8,40,0.0010102398072679838,0.0006590827135369182,-0.1799489833690502,0.19022820260789658
8,41,0.0009966936224013751,0.0006529588821447558,-0.1574836751561106,0.20140951474507648
8,42,0.0009822782698190875,0.0006608530969565941,-0.13865606313870277,0.1876531097624037
8,43,0.0009779259257800418,0.0006559738682376014,-0.13036435327412169,0.19459293286005655
8,44,0.000968833911853532,0.0006520210881717503,-0.11789906216256413,0.2025094429651896
8,45,0.0009563677767464132,0.0006469997823134893,-0.10270885906101745,0.21199388636483085
8,46,0.0009445158313430938,0.0006607071134365267,-0.08551485008663601,0.1861881415049235
8,47,0.0009393340632043503,0.0006423804158758786,-0.07720660589359425,0.2172902570830451
8,48,0.0009303696830124582,0.0006435996607049471,-0.06393799207828663,0.21536522838804456
8,49,0.0009209475393786474,0.0006459524712732269,-0.04969415723541636,0.21304376390245225
8,50,0.0009112217183293844,0.0006421968948820399,-0.035696293542414534,0.21672002871831259
8,51,0.0009047302476383378,0.0006379080768157211,-0.024196242991788887,0.2236986517906189
8,52,0.0009004749740002516,0.0006426951227088769,-0.016211100713706312,0.21736792723337808
8,53,0.0008931736652969302,0.0006410183915351001,-0.008652706940968832,0.2204121086332533
8,54,0.0008827988531176047,0.0006408179851455821,0.008518408551628207,0.22243891027238633
8,55,0.0008761692162672127,0.0006378917722031474,0.016687050572148077,0.22460954189300536
8,56,0.0008692910960863954,0.0006347916192478603,0.023415491904741452,0.23494047853681777
8,57,0.0008630970383729831,0.0006334710529901915,0.03535704009326888,0.23177932765748765
8,58,0.0008638419288521012,0.0006348474572102229,0.036895824803246394,0.23031695286432902
8,59,0.0008568246005229468,0.0006341436787301467,0.042167523319338575,0.23206019004185993
8,60,0.0008495471004776105,0.0006301649626240962,0.0531230957419784,0.2374350243144565
8,61,0.000846997848826886,0.0006344122825086945,0.06098466949698366,0.23346065680185954
8,62,0.0008425319587443897,0.0006289901768064334,0.06524508720562781,0.24152621428171794
8,63,0.0008340342318133256,0.0006313785535490348,0.0774083325892319,0.23868807951609294
8,64,0.0008325727836136924,0.0006350931025938028,0.07871731711022648,0.23374416298336453
8,65,0.0008281245683952246,0.0006284842112412055,0.08682645353270166,0.24282073047426012
8,66,0.0008231862203827427,0.0006292502150043017,0.09164123549873446,0.24052223629421657
8,67,0.0008165312366111687,0.0006272937999003464,0.1010678478229193,0.24710159169303048
8,68,0.0008115262254486205,0.0006269348371360037,0.10888515813851062,0.2443704300456577
8,69,0.0008071187797381922,0.0006218724379626413,0.1151374677081167,0.2531634357240465
8,70,0.0008009476444890929,0.0006278878491785792,0.1229782164832692,0.24387658569547865
8,71,0.0007971741274907541,0.0006226842744379408,0.12587375375959609,0.2557658606105381
8,72,0.0007956351994329857,0.0006236595243939922,0.1313275390201145,0.25287615723080104
8,73,0.0007873912566100005,0.0006185146734221942,0.140953070881926,0.2596471349398295
8,74,0.0007884019042974637,0.0006247475264697439,0.14263645498840896,0.2520889374944899
8,75,0.0007821427774615586,0.0006282606407896512,0.14875139630871054,0.24860991636912028
8,76,0.0007774760976813181,0.0006185316183190379,0.15199888768019498,0.26193103525373673
8,77,0.0007781670290838789,0.0006240643638496597,0.15482683991208487,0.25735066334406537
8,78,0.0007717263332947537,0.0006218462044166194,0.1597368152053268,0.25771728224224516
8,79,0.0007688363347156548,0.0006287920107651088,0.16474107915972486,0.24963672955830893
8,80,0.0007655831995236193,0.0006192639069114294,0.17233021789126926,0.2611406233575609
8,81,0.0007579999571999558,0.0006207284452911053,0.1780148094083056,0.26449561251534354
8,82,0.000753764975902245,0.0006219428976894253,0.18304369184705946,0.25851266516579524
8,83,0.0007557198514494998,0.0006203219786079393,0.1845682117674086,0.26244069602754383
8,84,0.0007478195492661109,0.0006114549119956792,0.1926411987822733,0.2716952337159051
8,85,0.0007473928684276748,0.0006173302820469771,0.19284262583579545,0.26658702426486547
8,86,0.0007427353375982263,0.0006188714708615508,0.19941003410904495,0.2624434166484409
8,87,0.0007387548689385532,0.0006167986171527042,0.20503104748549283,0.26969636148876613
8,88,0.0007379875545688894,0.0006112545159541898,0.20377612967550018,0.27532493008507625
8,89,0.0007302439068789007,0.000612268043268058,0.21442372416272576,0.2746839814715915
8,90,0.0007305737567582616,0.0006078500559346543,0.2156998403278398,0.27878286838531496
8,91,0.0007244955393324755,0.0006133546600014799,0.2204012432216126,0.2721651487880283
8,92,0.0007264062438884543,0.0006132700816831655,0.21996263751277217,0.27420023679733274
8,93,0.000720653965074661,0.000612426723819226,0.22520740576732307,0.27549945380952623
8,94,0.0007173599761531309,0.0006151457071407802,0.23098693644558943,0.27319375144110786
8,95,0.0007134816850777025,0.0006100868857983085,0.2344724581565386,0.2762685285674201
8,96,0.0007127928924114432,0.0006108078898655044,0.23623235313980667,0.2759641581111484
8,97,0.0007101993401316397,0.000608622734176202,0.23871316939224432,0.28158775965372723
8,98,0.000708059922153889,0.0006135977416609725,0.2429471046836288,0.27964391311009723
8,99,0.0007022888659798528,0.0006183293984375067,0.24851130924107115,0.27040120893054537
8,100,0.0007005269693808607,0.0006119419949957067,0.24766885851636344,0.2767617503801982
8,101,0.0006973726768334063,0.0006170886762750645,0.2524065556349578,0.2752674924002753
8,102,0.0006918316741508466,0.0006143757103321453,0.25904931389255287,0.27689765294392904
8,103,0.0006897678529774701,0.0006166789124512838,0.2626990184371854,0.2755178345574273
8,104,0.000690942326773326,0.0006103762917013632,0.262705777309559,0.2859068115552266
8,105,0.0006829421517416191,0.0006074460339732468,0.2698495969360257,0.2869136452674866
8,106,0.0006805710080597135,0.0006076518562622369,0.27554661064972114,0.28515744474199084
8,107,0.0006789578324655232,0.0006233631012340387,0.27590693618044443,0.2760724504788717
8,108,0.0006768980120987068,0.0006058573865124749,0.27677370692476816,0.29152869251039293
8,109,0.0006733328335412583,0.0006070799077861011,0.27911642686820326,0.28611983988020157
8,110,0.0006716769230322062,0.0006074278744765454,0.28146490712224703,0.2878618624475267
8,111,0.0006699527550580693,0.0006107231097606321,0.28421119569260395,0.2876919984817505
8,112,0.000667460676121675,0.00060144509964933,0.2905958614231628,0.294065625137753
8,113,0.0006596165990893855,0.0006102945552104049,0.29612831495426317,0.2858452637990316
8,114,0.0006597530650101418,0.0006071462308884494,0.29426509495134706,0.2930218471421136
8,115,0.0006534366345286001,0.0006089575899144013,0.30346449083752103,0.28796437448925444
8,116,0.0006548739742648638,0.0006066362671036687,0.30573175527431345,0.29068924718432954
8,117,0.000647981537586469,0.0006023778101532823,0.3093790982976372,0.2964084929890103
8,118,0.000648976337555566,0.0006143005720029275,0.3086545552736447,0.28797744777467515
8,119,0.0006470529537900915,0.0006230161150193048,0.3094603310396642,0.2782872200012207
8,120,0.0006427237457871713,0.0006175060109752748,0.31320850157443386,0.28322579595777725
8,121,0.0006394578498949147,0.0005994273039201895,0.3142840831368058,0.3009621673160129
8,122,0.0006377354354804588,0.0006052013396078514,0.3219252074206317,0.2960039946768019
8,123,0.0006326726005401141,0.0006093100140181681,0.3248277618561262,0.2926792065302531
8,124,0.0006343141558902039,0.0005977074331086542,0.3240205811865536,0.3020594133271111
8,125,0.0006277849562868568,0.0005928487814445462,0.33172923473664273,0.30867072343826296
8,126,0.0006289099584575053,0.0005992073462241225,0.3292540351549784,0.30355839331944784
8,127,0.0006222172138672092,0.0006067821975900895,0.3368733706297698,0.29375996192296344
8,128,0.0006260680651326698,0.0005939048404494921,0.33238913262331926,0.3076041022936503
8,129,0.0006196731010187464,0.0006001237055493725,0.3377613905035419,0.3026806632677714
8,130,0.0006189784854305563,0.0006058881279184587,0.34044851462046305,0.29726532962587143
8,131,0.000615429911578511,0.0006155571641607417,0.34269948888708046,0.28981812132729423
8,132,0.0006147352455436816,0.0006248436079153584,0.34466022105864536,0.2800190700425042
8,133,0.0006119925790339893,0.000595256586610857,0.34834966482939544,0.30726845926708646
8,134,0.0006086552364717203,0.0006093002972193063,0.3520331384223184,0.29626857969495984
8,135,0.0006000674998008266,0.0005946041873863174,0.35893017053604126,0.31024920807944406
8,136,0.0005997143658510421,0.0006002935503299037,0.3602347958235093,0.3057260380850898
8,137,0.0006053073021272819,0.0006042865402479139,0.3541144447562135,0.3033363527721829
8,138,0.0005989170574330162,0.0006027713793122934,0.359734312693278,0.3022464897897508
8,139,0.0005984970943335398,0.0006093455750184755,0.3621605321213051,0.29176852570639716
8,140,0.0005989734324868079,0.0005812222345007791,0.3622965586038283,0.32356993092430963
8,141,0.0005963207323127138,0.0005989803311725457,0.36487475368711686,0.3102937406963772
8,142,0.0005895566890867036,0.0006007840701689322,0.3699230453114451,0.3072484493255615
8,143,0.0005870524227596176,0.0006075469647637672,0.37124427998507464,0.3006482455465529
8,144,0.0005806239836354866,0.0006018164671129651,0.3808667826063839,0.3067997137705485
8,145,0.0005800314036335934,0.0005893690291688674,0.3813183971393255,0.3203251984384325
8,146,0.0005785575590705798,0.0005960749669207467,0.3839375912407298,0.31149511602189806
8,147,0.00058134697754235,0.0006059280428518023,0.3808836432150853,0.30155967076619467
8,148,0.0005790600448237433,0.0005784541885885927,0.3838330152594013,0.3324818942281935
8,149,0.000569479375715471,0.000598249821147571,0.3933649965274481,0.30821574264102514
8,150,0.000570023488138377,0.00057608232083213,0.3909246989238409,0.33285610145992706
8,151,0.0005689800390686242,0.0005886847049825721,0.3913844859158551,0.32324823803371855
8,152,0.0005651918564704649,0.0005973519239988592,0.3961662283650151,0.31238975789811874
8,153,0.0005644628595572287,0.0005916033858536846,0.4010550641719206,0.3132589817047119
8,154,0.0005599952665054136,0.0005768089917384916,0.398149530828735,0.3338837914996677
8,155,0.000558477271647181,0.000582422481642829,0.4072407419298902,0.32787251472473145
8,156,0.000557611530997365,0.0005745497351098391,0.4036603957046697,0.3353013555208842
8,157,0.0005576183513542752,0.0005910387999999027,0.4056240951573407,0.32144445843166775
8,158,0.000556143420966871,0.0005903882233219014,0.4066849289117036,0.32139772839016384
8,159,0.0005474666669608359,0.00058055392647576,0.415708323319753,0.33213963773515487
8,160,0.0005423614145888959,0.0005890162157205244,0.42202309473061267,0.32636681000391643
8,161,0.0005409702375519698,0.0005775546241137716,0.42358012052229893,0.3384082171652052
8,162,0.000541307239068879,0.0005730143968119389,0.4229256632887287,0.33900571134355334
8,163,0.0005377491888659144,0.000595377146318141,0.42441011475928037,0.32077617512808904
8,164,0.0005393913965729744,0.0005892339188398587,0.4206271526254254,0.32473809056811864
8,165,0.0005394714796789175,0.000580044725858089,0.4220707188417882,0.3299708882967631
8,166,0.0005338290745082,0.0005873275351607137,0.42933190060250553,0.32925780879126654
8,167,0.0005285832036378574,0.0005821985373687413,0.43357665788980176,0.33171409368515015
8,168,0.0005255641514883826,0.0005751530316451357,0.4347404376960095,0.33872736295064293
8,169,0.0005259996369900757,0.000589708952854077,0.4368141964629844,0.32715024683210586
8,170,0.0005222232525098931,0.0005765172691705327,0.4359623364460321,0.3376427517996894
8,171,0.0005201050843526092,0.00057396299412681,0.43927005956202375,0.34157455497317846
8,172,0.0005189673157328349,0.0005844538100063801,0.4423495801878564,0.32862555450863307
8,173,0.0005182044814846674,0.0005636819871142507,0.4421639817732352,0.34701628420088027
8,174,0.0005133242194000401,0.0005712450093900164,0.44786422002462695,0.3439937366379632
8,175,0.0005140694864324214,0.0005802452163253393,0.4481602115395628,0.3333280907736884
8,176,0.000511025537788454,0.0005668217199854553,0.45026625600861914,0.3484988941086663
8,177,0.0005093400802083865,0.0005795093136839568,0.45294010050502825,0.33464441034528947
8,178,0.0005079569931739918,0.0005682955069156985,0.45226720424345984,0.34623445537355213
8,179,0.0005020038120557819,0.0005711998454191619,0.45919632955833717,0.34417154524061416
8,180,0.0005032259559856704,0.0005691333790309727,0.45863565883518737,0.3469836089346144
8,181,0.0005054814861742434,0.0005722125604127844,0.4565765686977057,0.3438172380129496
8,182,0.0004964788612495693,0.0005806199688878325,0.46753206930042784,0.33503485918045045
8,183,0.0004950870406227532,0.0005576034296407467,0.4640461285909017,0.3549358434147305
8,184,0.0004981220612175946,0.0005719734019496375,0.462776752754494,0.34459321366416085
8,185,0.0004914800563171782,0.0005600681644864381,0.46885623578672053,0.3564295318391588
8,186,0.0004972734560408158,0.0006051858317934805,0.4666313652639036,0.31198667950100367
8,187,0.0005006680655994533,0.0005668626335035595,0.4635775916370345,0.34959121147791544
8,188,0.0004884554301014883,0.0005698959110304713,0.4726223554140256,0.34402234024471706
8,189,0.0004888857081015077,0.0005778565899365478,0.4725889020495945,0.3389130473136902
8,190,0.0004904905447655897,0.0005686996116613348,0.47483625205946556,0.3474711232715183
8,191,0.00048324057047634765,0.0005718280496593151,0.4805630332157936,0.347297027375963
8,192,0.0004735562476806665,0.0005860809754166339,0.488833189452136,0.33650977743996513
8,193,0.0004752823326271027,0.0005603527029355367,0.4861707893418677,0.35800030363930596
8,194,0.0004661639838301243,0.0005777974315505061,0.49500922935980335,0.33901224136352537
8,195,0.000471674620869489,0.0005576413047189513,0.48804802762137517,0.3604823536343045
8,196,0.00047130950519608125,0.0005640138613267077,0.4920152187347412,0.3557235678037008
8,197,0.0004691968273865864,0.0005604230164964166,0.49326754087283287,0.35979356633292303
8,198,0.00046859962375616124,0.0005842737387865782,0.49341369337505764,0.3362142668830024
8,199,0.0004712118285731125,0.0005509802347256077,0.49305289969032196,0.368664460712009
8,200,0.0004670187320709688,0.0005823705992144015,0.49501615188739917,0.3384047547976176
8,201,0.0004668996100210481,0.0005605373854955866,0.49446057508021224,0.3581332484881083
8,202,0.0004602753184304607,0.0005494370215779377,0.5024455026344017,0.36925402482350667
8,203,0.00045914895714686056,0.0005628321255143318,0.5020230834866748,0.3580835156970554
8,204,0.0004549121893769889,0.0005754848761070105,0.5077578242914176,0.3477653622627258
8,205,0.00045188819331312436,0.0005631154338415299,0.5097867686071513,0.35883941385481094
8,206,0.0004525680769016437,0.0005568633903749287,0.510911132524043,0.3621431801054213
8,207,0.0004539072356204054,0.0005530413679985536,0.5092103365026874,0.36624416642718843
8,208,0.0004519613949081826,0.0005574588030059305,0.5110980132479727,0.36472712225384185
8,209,0.00044865492403645205,0.0005712702870368958,0.515588652940444,0.3537695076730516
8,210,0.0004442973860775201,0.0005666673998348415,0.5180411368240545,0.35484820736779105
8,211,0.0004432109079645648,0.000574966296294911,0.5194809862125067,0.3471624599562751
8,212,0.0004399389992927971,0.0005469117391233643,0.526095516887712,0.3747730599509345
8,213,0.00043925877515353076,0.0005673325633526676,0.5241782991974442,0.3531589455074734
8,214,0.00043852720531795954,0.0005501626356918779,0.5252002788178715,0.37241277694702146
8,215,0.00044010924951483804,0.0005654110120505922,0.5230216941715758,0.3596625049908956
8,216,0.00043536970006692924,0.0005570370729805694,0.5286991384294298,0.3657139619191488
8,217,0.00043326579831989,0.0005749722321828206,0.5281328873869814,0.3498299015892877
8,218,0.0004367199215468847,0.000551352406748467,0.5265186576195705,0.3719362258911133
8,219,0.00043325522019136927,0.0005631733362355994,0.5309083161530671,0.35810934702555336
8,220,0.0004314033420940424,0.0005583639541226957,0.5335924348713439,0.3655267039934794
8,221,0.0004288565274759161,0.0005619422041086687,0.5341007344516707,0.3615222109688653
8,222,0.0004285122302395326,0.0005757311604813569,0.5348473769647104,0.34697428544362385
8,223,0.0004250314553055544,0.000559346005320549,0.5369862232679202,0.36318422688378227
8,224,0.00042927993495983104,0.0005565786514327758,0.5347520938626042,0.3678797152307298
8,225,0.0004273009595725639,0.0005632090472823216,0.5351345561168812,0.3622360189755758
8,226,0.00042628874315270857,0.0005589026388608747,0.537566418559463,0.36205143133799234
8,227,0.00041986793728062403,0.0005492176925246087,0.5435729449177966,0.3751406298743354
8,228,0.00041649422283502826,0.0005544905279142161,0.5456143579365295,0.3694978091451857
8,229,0.00041893606618863103,0.000564147454376022,0.5449535857012242,0.3611276441150241
8,230,0.0004165339693254619,0.0005549900130265289,0.5473664853307936,0.3716822134123908
8,231,0.00041847122325791895,0.0005491707422253158,0.5434992094098786,0.37288605239656236
8,232,0.00041741703099421696,0.0005550940740957028,0.5438197524459274,0.3694701181517707
8,233,0.0004168284741477512,0.0005544967949390412,0.5455385484813172,0.36987345880932276
8,234,0.0004105700187120633,0.0005519795761857596,0.5555810788531362,0.3711433344417148
8,235,0.00040410843772675705,0.0005564503656286333,0.5577641036775377,0.3697935422261556
8,236,0.00040418530137416113,0.0005538331642229524,0.5592009214707363,0.37063177426656085
8,237,0.00040738656168320665,0.0005693016716072129,0.5520317323413896,0.3558670057190789
9,1,0.07070806022779441,0.007787611107859346,-107.29726851663472,-11.27887069914076
9,2,0.01586341087097003,0.0025497164318544997,-23.15249156480954,-2.6462471034791735
9,3,0.01168409367494377,0.001361916051246226,-16.673918384975856,-0.6945802715089586
9,4,0.009481118184824784,0.0010536757866955466,-13.270254969302519,-0.20022566583421494
9,5,0.00792428376728002,0.0010059460687140624,-10.833673692632605,-0.13154866960313585
9,6,0.006720210377264906,0.0009749667149864965,-8.963338313279328,-0.10138921605216132
9,7,0.005770331632667854,0.0009460393391135666,-7.512018214331733,-0.06352793640560574
9,8,0.004977953778924765,0.000942563718288309,-6.287813517488079,-0.04661114480760362
9,9,0.004333333368700595,0.0009156743323223459,-5.279566562322922,-0.010558870103624132
9,10,0.003781135186530006,0.0009003368542633123,-4.422969496102981,0.01607311169306437
9,11,0.0033190702737803442,0.0008969573097096549,-3.729157989996451,0.01685851812362671
9,12,0.0029314729143623953,0.0008985499282264047,-3.1347581336527695,0.010699828465779623
9,13,0.002612868084192828,0.000902380421757698,-2.6339618391460844,0.0037442962328592937
9,14,0.0023557189236866473,0.0008776122264357077,-2.2370698884681417,0.04135202434327867
9,15,0.0021533144100419717,0.0008876637374568316,-1.9340840878310026,0.021675230397118463
9,16,0.001986733408368848,0.0008636198963762985,-1.6700375303810024,0.05929302109612359
9,17,0.0018471587765501974,0.0008571487437519762,-1.4664711790320315,0.06547849178314209
9,18,0.0017304021905371805,0.0008558172887812058,-1.2826448219793813,0.0659935024049547
9,19,0.001636930590748419,0.0008699049526411626,-1.139307643160408,0.040830318133036295
9,20,0.001555903377816265,0.0008445280138403178,-1.0114075937388856,0.07961381408903334
9,21,0.0014882139513774971,0.0008337863759758572,-0.9068738963868883,0.09597525464163886
9,22,0.0014189249490974127,0.0008299829464198814,-0.8093144070954971,0.10273026492860582
9,23,0.0013667670320029611,0.0008278474147017631,-0.7271734124348488,0.10201709005567762
9,24,0.0013228932637031432,0.0008226196876623564,-0.6613335016333026,0.10951032506095039
9,25,0.0012780241705592215,0.0008226287926340268,-0.5857022797619855,0.10952249103122287
9,26,0.0012414971493000602,0.000809515023138374,-0.5358283833221152,0.12969036367204453
9,27,0.00120247844060492,0.0008057079045102,-0.4770867587607584,0.13311293125152587
9,28,0.0011758559955467964,0.0008048732351097795,-0.43621427409442853,0.13426338301764595
9,29,0.0011442732284374442,0.0008021510193227893,-0.3885030510984821,0.13740042712953354
9,30,0.0011195311705110434,0.0008033731797089179,-0.3547078079647488,0.13547887139850193
9,31,0.0010979986947926659,0.0008010338836659988,-0.32274801510351675,0.13845605452855428
9,32,0.0010815356547633807,0.0007964091634170877,-0.297933817204134,0.1436868495411343
9,33,0.0010575823724430836,0.0007955711037437949,-0.26192444415740024,0.1467417425579495
9,34,0.001041677033379214,0.0007976556908235782,-0.24161108172970053,0.1414787557390001
9,35,0.0010244733329149492,0.0007911131911290188,-0.21538962464273712,0.1509996904267205
9,36,0.0010127145038158806,0.0007926232841176292,-0.19458458408897306,0.14736212889353434
9,37,0.0009891980888184022,0.0007886101440009144,-0.15957438195193255,0.1544761339823405
9,38,0.000979116430828049,0.0007866259638427032,-0.14623995710302282,0.15824031829833984
9,39,0.0009619191107857559,0.0007834889589705401,-0.12157240944144167,0.16226116948657565
9,40,0.0009550598435632792,0.0007842800980951223,-0.10873193814430708,0.15952979193793404
9,41,0.0009409983168114667,0.0007783353445120156,-0.09072698384155461,0.17064417997996012
9,42,0.0009292206281428168,0.000781305803037766,-0.07298517595102758,0.1638521671295166
9,43,0.0009209187457016037,0.0007809878559783101,-0.05999809680161653,0.16557143926620482
9,44,0.0009108193468785397,0.0007756618265476492,-0.045912531570152,0.17408300505744087
9,45,0.0009019149516214743,0.0007737764946392013,-0.03275905244144393,0.1773684091038174
9,46,0.0008916574685523907,0.0007732562604360283,-0.016680090515701858,0.17751654651429918
9,47,0.0008860551824011369,0.0007717555324133072,-0.009844507700131263,0.1816905789905124
9,48,0.000875428898466958,0.0007721556919730372,0.00768797986301375,0.17884936465157403
9,49,0.0008662710187634752,0.0007694289799676173,0.018069537775016124,0.18194946315553454
9,50,0.0008637423325261032,0.0007712491089478136,0.02452610304326187,0.1804487705230713
9,51,0.0008573178217723322,0.0007668037083931267,0.033811074716073496,0.18542513449986775
9,52,0.0008548764444393232,0.0007638615543126232,0.039501845836639404,0.19241948392656114
9,53,0.0008454007585245518,0.0007630282430909574,0.05078347023622489,0.19312838580873276
9,54,0.0008384728549841653,0.0007650083862245083,0.06230153713697269,0.18836644490559895
9,55,0.0008338923399325138,0.0007606337752400173,0.06557168121691104,0.19538698726230197
9,56,0.0008295031444077598,0.0007647195274734662,0.07426925794577893,0.19052534500757853
9,57,0.0008219970604347319,0.0007619051120450927,0.08337267916879536,0.19335203965504963
9,58,0.000814882999021606,0.0007575032288312084,0.09295924607618355,0.20186026361253526
9,59,0.0008128422267884476,0.0007593112739009989,0.09815164009730021,0.1988206532266405
9,60,0.0008087730516656589,0.0007589623073322905,0.10397243602776234,0.19980611933602227
9,61,0.0008068800517242908,0.0007576144041700495,0.10654080708821614,0.20312753253512913
9,62,0.0007969383375983639,0.0007565877581429151,0.12017176062972457,0.20279207759433324
9,63,0.0007945749237501051,0.0007528985863448017,0.12348672504778262,0.208394804265764
9,64,0.000793063508513395,0.0007570935904772745,0.1255507363213433,0.20100371307796902
9,65,0.0007833471271657833,0.0007509677127624551,0.1378522260689441,0.21120409435696072
9,66,0.0007832986064094268,0.0007535909380142887,0.13860017031799127,0.20960533486472235
9,67,0.0007766895973480042,0.0007488335521581272,0.15052675170662963,0.2161862956153022
9,68,0.0007732763302937886,0.0007480924354038305,0.15371617829358136,0.2142161316341824
9,69,0.0007712087993521565,0.0007460794605625172,0.15457552288785392,0.21932905382580228
9,70,0.0007649247925498603,0.000749292589413623,0.161523617638482,0.21354968282911513
9,71,0.0007605971230975824,0.0007452835303006901,0.16916328771614733,0.21960654391182793
9,72,0.0007599701223906451,0.0007499623797937399,0.17055436887858827,0.2132465640703837
9,73,0.0007543018773301608,0.000745526830562287,0.17630871578499122,0.22050391965442234
9,74,0.0007530415613192743,0.000743310368205938,0.1802174769801858,0.22120996183819241
9,75,0.0007502989928284085,0.0007449230981162853,0.18372525094467917,0.22084305816226535
9,76,0.0007472317441608067,0.0007438903984924157,0.18697694966822495,0.22090578476587933
9,77,0.00074177134744708,0.0007448725234199729,0.19382140312665774,0.22018089029524063
9,78,0.0007365729723033714,0.0007453344801130394,0.20056660690425354,0.2225622322824266
9,79,0.0007374470488651207,0.0007442690897732973,0.20098316522292148,0.22339595953623453
9,80,0.0007322730470655693,0.000738577921098719,0.20757911190574552,0.2311237335205078
9,81,0.0007292682027593715,0.0007405237682784597,0.21088524527019925,0.22852354447046916
9,82,0.0007276675298833001,0.000741319692072769,0.2141289755150124,0.22682796451780532
9,83,0.0007257838917459234,0.000737426050990406,0.21509858325675682,0.2315599136882358
9,84,0.0007196323913062152,0.000737122263914595,0.22115181552039254,0.2331385307841831
9,85,0.0007186294792013036,0.0007383850066819124,0.22503795358869766,0.23166266944673325
9,86,0.000718082979976855,0.0007371586682792339,0.22278861116479945,0.23549722962909275
9,87,0.0007169085467107778,0.000738897395785898,0.22463546800024717,0.23098491960101658
9,88,0.0007140153732990134,0.0007339911056785948,0.2272879198745445,0.23705039024353028
9,89,0.0007039554841115059,0.0007358583039604128,0.2420300817783968,0.23703015115525988
9,90,0.0007007037987932563,0.0007277944047624866,0.24435883186481616,0.24890607727898492
9,91,0.0006969235802966135,0.0007310331333428621,0.25205606428193456,0.24512934287389118
9,92,0.0007002122756266208,0.0007278117519389424,0.24689934768794494,0.24555991623136733
9,93,0.0006966749515188973,0.0007299614708042807,0.250477769492585,0.2445446597205268
9,94,0.0006922022768664232,0.0007274018044376539,0.2551081030457108,0.24650480349858603
9,95,0.0006869221103297156,0.0007280712455718054,0.26132294057328026,0.24577319357130262
9,96,0.000687188422307372,0.0007254955695114202,0.26114401199199533,0.2505179458194309
9,97,0.0006866130242009222,0.0007283115216220418,0.262769983580083,0.2492610520786709
9,98,0.0006795930959295803,0.000731148234465056,0.26908969231593755,0.24442422125074598
9,99,0.0006873545587568739,0.0007303309471656879,0.2628642539919159,0.24584871530532837
9,100,0.0006781853298530166,0.0007236536863880852,0.27212408236515373,0.2544304966926575
9,101,0.0006810075722715277,0.0007257917287966444,0.270060971784003,0.2504511184162564
9,102,0.0006787271532057612,0.0007268667479770052,0.27049340981024284,0.24946265882915922
9,103,0.0006744481969544273,0.000724719913624641,0.27791375201425433,0.25307915343178644
9,104,0.0006685855939271457,0.0007305333002780874,0.28490623868541953,0.2467073188887702
9,105,0.0006657826653854162,0.0007344764592643414,0.2868986025268649,0.2430573026339213
9,106,0.0006634262925082887,0.0007283895431707303,0.2885671159367503,0.24994753069347805
9,107,0.0006609407191762677,0.00072621858627018,0.2922951156710401,0.2513808674282498
9,108,0.0006574595686232234,0.0007236862477536003,0.29577576451831394,0.2542356438106961
9,109,0.0006555262665597745,0.0007220422370462782,0.29695084830861035,0.2615098264482286
9,110,0.0006503232634039941,0.0007209293207981521,0.3026372264932703,0.26130353609720863
9,111,0.0006501449512053327,0.0007266702596098185,0.30490390415544866,0.2556887083583408
9,112,0.0006440843375008783,0.0007192882980840902,0.3097982218236099,0.2635125027762519
9,113,0.0006455266917193377,0.0007167859455674059,0.3075142901620747,0.2643879069222344
9,114,0.0006397217627108833,0.0007195469845707218,0.31605343259411095,0.26319276756710475
9,115,0.0006422338613458438,0.0007185942532184224,0.3135701364941067,0.2660582913292779
9,116,0.000638419326055611,0.0007175253937020898,0.3163800229260951,0.26763654947280885
9,117,0.0006346156258699426,0.000723618195236971,0.3193146765967946,0.2591899143324958
9,118,0.0006347437649332906,0.0007234453766917189,0.32129076130596207,0.25961320797602333
9,119,0.0006290270374903893,0.0007145580874445538,0.32442056455729923,0.27141417927212186
9,120,0.0006283286976179591,0.0007165286224335432,0.32572639253404406,0.26834718386332196
9,121,0.0006283676149726006,0.0007167608205539485,0.3282289156207332,0.2654818018277486
9,122,0.0006261235138941786,0.0007099457576663958,0.3306053673779523,0.27556442552142674
9,123,0.0006237481493663825,0.0007114589356610344,0.33044704081099713,0.2755895204014248
9,124,0.0006203732387174243,0.0007123377652735346,0.3381545180155907,0.27352095312542385
9,125,0.0006117605660283179,0.0007074387847549386,0.3456278433034449,0.2801467577616374
9,126,0.0006175131828777124,0.0007084886284752025,0.34211959132441766,0.2802823570039537
9,127,0.0006098064693139384,0.000718249116713802,0.3476058413952957,0.26953071620729235
9,128,0.0006100696471324305,0.0007070222791905205,0.3474212594974188,0.2813024825519986
9,129,0.0006070163359658586,0.0007060963259492483,0.3488585697280036,0.2846110847261217
9,130,0.0006069757995759079,0.0007034928977696432,0.34912546461011157,0.2825894898838467
9,131,0.0006030418075057735,0.000705503043718636,0.3536415412102217,0.2824265943633186
9,132,0.0006021776775553547,0.000711867885871066,0.35353087260399335,0.27454318470425076
9,133,0.0005996109740981073,0.0007117301652518411,0.35688153269850176,0.2787824551264445
9,134,0.0005986233161371431,0.0007058147302207847,0.3573517001705405,0.2834736439916823
9,135,0.0005948692653615625,0.0007085090787667367,0.36410534852816734,0.27962013085683185
9,136,0.0005933067659318539,0.0007086747662267751,0.36470761284416103,0.2822896189159817
9,137,0.0005889446468862854,0.0007034557173028588,0.3694958158481268,0.285801895459493
9,138,0.0005874294481516161,0.0006985676591284573,0.3698072217128895,0.2915067129664951
9,139,0.000588176818995702,0.0007020419541125496,0.3672234708880201,0.2888959421051873
9,140,0.0005888742387559219,0.000702947842526353,0.36912747194737566,0.28953665097554526
9,141,0.0005815725948914518,0.0007042561903492444,0.3764229851004518,0.28901695807774863
9,142,0.0005772934234873564,0.0007064719684422016,0.38009355156509966,0.28570612801445855
9,143,0.000576187758045386,0.0007065500766556296,0.37992396516564453,0.28532742394341365
9,144,0.0005801270976030256,0.0007097125092210869,0.38100797423609983,0.28409876823425295
9,145,0.0005713336575017483,0.0007087474546602203,0.3855253995200734,0.28311807182100085
9,146,0.0005653502584871962,0.0007004121615965333,0.3897155270164396,0.2912597788704766
9,147,0.0005695142619380796,0.0006992102445413669,0.39146274401817793,0.29440902206632824
9,148,0.0005632500796590322,0.0007102330448105932,0.3941677106751336,0.28354776832792494
9,149,0.000566607053293904,0.0007058105677262776,0.3887129745365661,0.2874101122220357
9,150,0.0005605214909236464,0.0007005797996599641,0.39523615689925207,0.2939324220021566
9,151,0.0005628647759878709,0.0006992090001909269,0.3983459422617783,0.29672071933746336
9,152,0.0005620141788155853,0.0006952276530986031,0.39696523201318434,0.3004630234506395
9,153,0.0005560901631129745,0.0006945829489268362,0.40381216414180804,0.3004109091228909
9,154,0.0005547467232566832,0.0007092422572895884,0.4060371423945015,0.28672301371892295
9,155,0.0005554606581831144,0.0006981734458046655,0.40478731599854834,0.294963620768653
9,156,0.0005501964928605307,0.0006990833026874396,0.4076039343704412,0.29159029457304214
9,157,0.0005462195041566443,0.000695779226306412,0.41432098415162827,0.29926699664857653
9,158,0.0005400788840941256,0.000694633650386499,0.4188679465541133,0.30014174381891884
9,159,0.0005427348036548973,0.0006996812596399751,0.41626553299986285,0.29674497577879166
9,160,0.0005358792239236703,0.0006981179635557863,0.4225972397827808,0.2982222265667386
9,161,0.0005414096332431116,0.0006920056896180742,0.4179808525391567,0.30334179401397704
9,162,0.0005329565901774913,0.0006887589503700534,0.4227821436929114,0.3067705101437039
9,163,0.0005308203948201773,0.0006964965464754237,0.42586277428968455,0.29929396708806355
9,164,0.000529857896797267,0.0006970327412192192,0.4293988570754911,0.30189257197909886
9,165,0.0005235845677232668,0.0006941978806733257,0.43396925970360084,0.3036450293329027
9,166,0.0005214522679675554,0.0007058154882138802,0.436280267915608,0.2888776527510749
9,167,0.0005216722955846768,0.0007041962726766037,0.4353230873743693,0.2881196697552999
9,168,0.0005214746417707683,0.0006906268160997165,0.43677305454089316,0.30554000801510284
9,169,0.0005175205089876222,0.0006864407280873921,0.44202263016759613,0.3059696873029073
9,170,0.0005191022567565979,0.0007064574760281378,0.4379257408189185,0.28981541527642146
9,171,0.0005127547047227437,0.0006901583142785563,0.44000567565729587,0.30893746614456175
9,172,0.0005166871736205562,0.0007035272428765893,0.4417861928174525,0.29478132194942896
9,173,0.0005218544423746888,0.0007112864055670798,0.4407107718196916,0.2900307986471388
9,174,0.0005184829739543299,0.0007131213839683268,0.43789020232212394,0.286545193195343
9,175,0.0005063024004576383,0.0006960222808023293,0.44924580211992615,0.30557960139380563
9,176,0.000500593007898625,0.0006937816907237801,0.4564906117356854,0.309852225250668
9,177,0.0004961183076195511,0.0006925552307317655,0.46078101764490575,0.30580437183380127
9,178,0.0004967161541212534,0.0006891468707989488,0.460711016036846,0.3118956857257419
9,179,0.0004989007629459884,0.0006883009918965399,0.46019498139251896,0.31074477301703557
9,180,0.0004950327133288446,0.0006833124039177266,0.46240319631717824,0.313253657023112
9,181,0.0004995255396172497,0.0006760998344462779,0.4614711545131825,0.3260284079445733
9,182,0.0004943741534342185,0.0006896155006769631,0.46407816498367876,0.31135908762613934
9,183,0.0004912516720202051,0.0006983236138088008,0.46744573086868096,0.3004160073068407
9,184,0.0004906105704714809,0.0006659363228310313,0.4665918328143932,0.33142405218548243
9,185,0.0004890396706702441,0.0006762093592745563,0.4688124503618405,0.3239801592297024
9,186,0.00048507392624922005,0.0006871569604198966,0.4716563794347975,0.31060451798968847
9,187,0.000487825384127827,0.0006818990869861511,0.4712249152454329,0.31974519093831383
9,188,0.0004801630462163392,0.0006906293358446824,0.4757037061232108,0.30955911344952053
9,189,0.0004792696105770445,0.0006872962992120948,0.47882231606377496,0.3141236464182536
9,190,0.00047928453106893065,0.0006739486034752594,0.47794313018704637,0.32651280032263863
9,191,0.00047115052311485746,0.0006841857542490793,0.4861204638893222,0.3139962633450826
9,192,0.0004753349870615811,0.0006726862668680648,0.48137065319367395,0.3252404875225491
9,193,0.00047967979823883023,0.0006858212407678365,0.4761413004663255,0.3165748914082845
9,194,0.00046700501834605763,0.0006802245651164816,0.48851241476741836,0.3212743600209554
9,195,0.00047000702456168736,0.0006741570968491335,0.4905086972095348,0.32599004639519585
9,196,0.0004662661548031287,0.0006784611510940724,0.49351752819838346,0.32455311748716564
9,197,0.00046665778880892897,0.0006906840238823659,0.49285956223805744,0.3154639270570543
9,198,0.00046125511426110697,0.0006664915553604563,0.4989701098865933,0.3355537666214837
9,199,0.0004605995384792303,0.0006884199010932611,0.4922479834085629,0.31486697461869984
9,200,0.00045986912575446897,0.0006986950381865931,0.49664249802813115,0.3033837225702074
9,201,0.0004577257757414316,0.0006883959040149218,0.4997227531892282,0.316324339972602
9,202,0.0004537667259918871,0.0006898426411983868,0.5040576630168491,0.31072905858357747
9,203,0.0004574152999586299,0.0006762243018278645,0.5016051917900274,0.32575441598892213
9,204,0.000450761492125529,0.0006809227724766566,0.5057045966018865,0.32121684418784247
9,205,0.00045116239034766214,0.0006968531473022368,0.5079837188308621,0.30860852003097533
9,206,0.00045066810023315526,0.0006941007579573327,0.5077941093915774,0.3125451445579529
9,207,0.0004482062348095631,0.0006906544065309895,0.5077145650063032,0.3177325963973999
9,208,0.00044288616763991245,0.000662798803144445,0.5138232878696771,0.34289037651485865
9,209,0.0004474437275303551,0.0006718215351510379,0.5117007698541806,0.33030349810918175
9,210,0.0004420725012163597,0.0006879729813792639,0.5151526278919644,0.32351861264970566
9,211,0.00044440038518025825,0.0006687257102587157,0.5144658112231596,0.33527020215988157
9,212,0.00043947178644795015,0.0006715226155291829,0.5191003543359262,0.3316800329420302
9,213,0.0004339600997304337,0.0006834901895167099,0.521402053921311,0.32310439745585123
9,214,0.0004335104275845497,0.0006700723393199344,0.5259632079689591,0.3315528551737467
9,215,0.0004337932816764087,0.0006669451236828333,0.5233414112785716,0.3376481188668145
9,216,0.00043285685278084357,0.0006871911968725423,0.5280191233128677,0.31826996405919394
9,217,0.000432329080398137,0.0006784899431901674,0.5264001643216168,0.3289205537901984
9,218,0.0004265262671303648,0.0006716512066001694,0.5304843848134264,0.332406657271915
9,219,0.00042545437442000815,0.0006804788148858481,0.5362220486005147,0.3249962329864502
9,220,0.0004246902923001965,0.0006630652571200497,0.5332912043288902,0.33726407157050237
9,221,0.0004213427225800438,0.0006734595543497966,0.5344524942798379,0.3345337576336331
9,222,0.000421983680765455,0.0006686088409171337,0.5378954289871969,0.33917505741119386
9,223,0.0004185788564809403,0.0006681491995954679,0.5402323619818982,0.3390025125609504
9,224,0.000424539283303153,0.0006773508166790837,0.5371076845828398,0.32919306887520683
9,225,0.00041863183795623943,0.0006915694477760958,0.5423167206622936,0.32236376735899186
9,226,0.0004203723891592228,0.0006604861351661384,0.5384173178378446,0.3442705406083001
9,227,0.0004157663956083311,0.0006703329000932475,0.5458129578166537,0.33403127193450927
9,228,0.00041910655506208173,0.000699473638087511,0.5419301742388878,0.30779072841008503
9,229,0.00041220893481182924,0.000669811014086008,0.5483695733694383,0.33771094613605074
9,230,0.0004069321923946709,0.0006638562656007708,0.5502972259933566,0.34286584456761676
9,231,0.0004074261750864946,0.0006684370869253245,0.552274387412601,0.34298655059602523
9,232,0.0004095197664602533,0.0006641096500162449,0.5499843311898502,0.348177613152398
9,233,0.0004071029332857349,0.0006747629778045747,0.5553802459328263,0.3355669935544332
9,234,0.0004051533381793832,0.0006728062121611503,0.5536982275821545,0.3333795229593913
9,235,0.00040410088883988837,0.0006712197507214215,0.5529879524384016,0.33837665716807047
9,236,0.0004033804585852511,0.00065988439342214,0.5541161364979215,0.352375242445204
9,237,0.0004006985365125684,0.0007022999149436752,0.5601838844793814,0.3065555890401204
9,238,0.00039975074727812576,0.0006654039478032953,0.5568630445150682,0.3430468771192763
9,239,0.00040415600452422634,0.0006788177286378212,0.5530230511853724,0.3308417942788866
9,240,0.0003983857891275145,0.0006701876357611683,0.5640547200485512,0.3413601597150167
9,241,0.00040105363766570795,0.0006809902856022948,0.5573381331231859,0.33254983425140383
9,242,0.00040005134823904547,0.0006590265108065473,0.5596058873482692,0.3520167178577847
9,243,0.00040146298907743194,0.0006561022329454621,0.5600461600739279,0.35218858189053004
9,244,0.0003941070201467539,0.0006714981605505778,0.566101375479757,0.3436517119407654
9,245,0.0003933917940163088,0.0006555468426086009,0.5658972831419956,0.35283304850260416
9,246,0.0003893654054766636,0.0006671986271006365,0.5704244718139554,0.34450234704547456
9,247,0.0003883737300373154,0.0006656759897143477,0.573420853084988,0.34683393239974974
9,248,0.0003800900060148841,0.0006596133358673089,0.5795246695294792,0.3513438317510817
9,249,0.0003901902029296544,0.0006401214787426095,0.5678850329952475,0.3741137915187412
9,250,0.00039034467866000383,0.0006549955371560322,0.5729580420034903,0.3536629557609558
9,251,0.0003830723432870007,0.0006612957843268911,0.5803267371507339,0.3554296188884311
9,252,0.0003776568929480826,0.0006454275002599591,0.5833881827048314,0.3643449200524224
9,253,0.0003781349130871671,0.0006592873703791864,0.5855849021746788,0.3515299253993564
9,254,0.0003740735651700999,0.0006551514159784549,0.5882571352852716,0.3582142896122403
9,255,0.000378735717041073,0.0006863106003341576,0.5802660793433955,0.3302794125345018
9,256,0.00037998020416125656,0.0006738376958916585,0.5814466959164466,0.3390151990784539
9,257,0.00037542156225507276,0.0006518423156295386,0.5837801072332595,0.35941137075424195
9,258,0.0003735866033282407,0.0006538470198089878,0.589130002922482,0.3508457104365031
9,259,0.00037508765408010396,0.0006544743405861987,0.5874916184095689,0.35829662614398533
9,260,0.000377856315843715,0.0006445307310463654,0.5864922221796012,0.3700806763437059
9,261,0.00036839739538809674,0.0006659142892911202,0.5883536762661404,0.34484647115071615
9,262,0.00036952830836705774,0.0006435913292484151,0.5947183694368527,0.36529939704471165
9,263,0.00037365011600662526,0.0006633343873545527,0.5925336422743621,0.3485600325796339
9,264,0.0003713139580752425,0.0006399872829206288,0.5913837716903215,0.37091567251417373
9,265,0.0003687118361905263,0.0006448863319949143,0.595305523313122,0.3685192518764072
9,266,0.0003672463381030585,0.0006442944635637104,0.5988985604710049,0.36606285439597236
9,267,0.0003681598867887608,0.0006332794049133857,0.595538056043931,0.37431779834959245
9,268,0.0003676142081486084,0.0006749598192982376,0.5960572353115788,0.342035350534651
9,269,0.0003620719190767426,0.0006396348795129193,0.5994748969136933,0.3731430252393087
9,270,0.00035924151953723696,0.000658501736405823,0.6038257420798878,0.3522640850808885
9,271,0.0003583582703823247,0.000646762844795982,0.6025868230395847,0.3677934540642632
9,272,0.0003596574824050437,0.0006563416526963313,0.6003385770468064,0.3542416122224596
9,273,0.0003555952286043055,0.0006464811080756287,0.6065747531843774,0.3691788779364692
9,274,0.00035475533459921953,0.0006544360709894035,0.6094665006355003,0.357465472486284
9,275,0.00035103951835211507,0.0006583371846419242,0.6123885555031859,0.35450972318649293
9,276,0.0003557528566747306,0.0006418544540388717,0.6100647414172137,0.36926628483666313
9,277,0.00035866187586460586,0.0006552397790882322,0.6056600960684412,0.3606910639339023
9,278,0.00034852979458971985,0.0006474113958473835,0.6144635306464301,0.36962571541468303
9,279,0.0003513380074528632,0.0006371898447266884,0.6109302631130925,0.37544844018088447
9,280,0.0003530134719991941,0.0006534365432647368,0.6137343836419377,0.36474698781967163
9,281,0.00034588456023082047,0.0006530686204011242,0.6188058822243302,0.3633341696527269
9,282,0.0003489452677945618,0.000664855358708236,0.6148939923003868,0.3539000219768948
9,283,0.00034834742337683743,0.0006422686545799176,0.6141372061070101,0.375741708278656
9,284,0.0003472387824454747,0.0006616967018797166,0.6157128269289747,0.35677287446128
9,285,0.0003471339671918547,0.0006331700443600615,0.6135944816801283,0.38436136775546603
9,286,0.00034442543710386497,0.000638286193781015,0.6178233825130227,0.37815962764951916
9,287,0.0003512583210213501,0.0006300230109546747,0.6107388803988327,0.38682889540990195
9,288,0.0003485807136454286,0.0006576331797987223,0.6181083440780639,0.3573145137892829
9,289,0.0003457969150155277,0.0006361741404463019,0.6152117399521816,0.37955927716361154
9,290,0.00034171019869074686,0.0006410802623981403,0.6211595473466096,0.3706484397252401
9,291,0.0003400374132059055,0.0006538587350708743,0.6229165620274014,0.3622553851869371
9,292,0.0003433289442550575,0.000628805169576986,0.6200851814246472,0.38642562362882826
9,293,0.0003416094852806885,0.0006448774301033053,0.6209282611623222,0.3733124163415697
9,294,0.0003303095401569419,0.0006447832746845153,0.6336345669663983,0.37049729691611394
9,295,0.0003358339690344615,0.0006366158939070172,0.6289958488794021,0.3799644801351759
9,296,0.0003338692739266718,0.0006461135719695853,0.6307707324440097,0.3682317839728461
9,297,0.00033513271108982556,0.0006341693237320417,0.6291357149312525,0.3863830910788642
9,298,0.00032881594774669703,0.0006426976489213606,0.63440765907735,0.37537932131025525
9,299,0.0003277379453877838,0.0006424680429821213,0.6357873835681397,0.37563832071092396
9,300,0.00032392446581205284,0.0006464397689948479,0.6399984757105509,0.37296696768866644
9,301,0.00032733133332918824,0.0006363775995042589,0.6357241280284929,0.3828532126214769
9,302,0.0003315263342997634,0.0006431019968456693,0.6329250362184312,0.38173216581344604
9,303,0.0003264193265716097,0.0006349924848311477,0.6362109354984613,0.3849818613794115
9,304,0.0003275741611745347,0.0006294405850995746,0.6393673208024767,0.39499859942330257
9,305,0.00032487921869485745,0.0006457191064125962,0.6396244299264602,0.3759495245085822
9,306,0.00032362972068554366,0.0006246202379568583,0.6423960847619139,0.4007284164428711
9,307,0.00031793585749929427,0.0006399985144121779,0.6460645978833423,0.38059862189822724
9,308,0.0003179878453482632,0.0006342426860808498,0.6453743640287423,0.3888645198610094
9,309,0.00031976175083445364,0.0006564215330096582,0.6439597169558208,0.3654143359926012
9,310,0.0003179255629355019,0.0006291281858769556,0.6485933286172373,0.3955475886662801
9,311,0.00031396735640656616,0.0006442596993616057,0.6530651068981783,0.38135683801439074
9,312,0.0003188594100697909,0.000621805757853306,0.6479628838138816,0.397863425148858
9,313,0.0003220507472661542,0.0006385220305269791,0.6413271970219082,0.38488902383380463
9,314,0.0003182126304715366,0.0006292548858457142,0.6477187920499731,0.39584463967217337
9,315,0.0003169126529102846,0.0006343477625503308,0.6443366817486139,0.39238809876971775
9,316,0.00031706382266107806,0.0006286855528338088,0.6469230166187993,0.3912529296345181
9,317,0.00031403272698725355,0.0006301980323365165,0.6495137433946868,0.3933579683303833
9,318,0.00031610909198341824,0.0006482222518469725,0.6495951562751958,0.3755942079755995
9,319,0.0003148619922015954,0.0006275920029212203,0.6490446885426839,0.3931762456893921
9,320,0.0003148467090975401,0.000643894109978444,0.6488829858509111,0.37979453669654
9,321,0.0003104294832065748,0.0006183471996337175,0.6556272037235307,0.40459822018941244
9,322,0.00031585592458909954,0.0006401069268273811,0.6498994449038564,0.3829900516404046
9,323,0.0003105843840684328,0.0006244144648210042,0.6568362796748126,0.39533283445570205
9,324,0.00031009155884672554,0.0006342729411294891,0.6534943635081067,0.3942841463618808
9,325,0.0003090528667082343,0.0006351967769054075,0.6558533722971692,0.3882135457462735
9,326,0.00030678934554201494,0.0006262706243433058,0.6565883246468909,0.3967767238616943
9,327,0.00030905568704905884,0.0006296670749886996,0.6593059960706734,0.3957675470246209
9,328,0.0003038778784684837,0.0006196446251124143,0.6607106882848858,0.4035577999220954
9,329,0.00031007008014798717,0.0006307989915108515,0.6517822646800383,0.3998638351758321
9,330,0.0003051388134926925,0.00063167816778231,0.6596227251453164,0.39062107933892143
9,331,0.00029831264091851077,0.0006191207988498112,0.6685149868329366,0.41095536020067003
9,332,0.0002980838503176921,0.0006214678442726533,0.6657028680966224,0.4060742523935106
9,333,0.00029677088468703497,0.000624571685006635,0.6706286618738999,0.40452921920352514
9,334,0.0002971345557325324,0.0006344435232070585,0.668285204893277,0.39371273914972943
9,335,0.00030345905623916123,0.0006117722782720295,0.660779133696615,0.41472614076402453
9,336,0.00030056411058377523,0.000627889526852717,0.6671679437896352,0.3983659042252435
9,337,0.00029901569381494215,0.0006207343643634684,0.6660830193095737,0.4074222577942742
9,338,0.0002975641354562048,0.0006227427110489872,0.6675362604635733,0.40061477820078534
9,339,0.00029373463591054815,0.0006378890830092132,0.6702884947812116,0.3877905739678277
9,340,0.00029142152551808796,0.0006377261545923021,0.6743075751963957,0.3966450360086229
9,341,0.000295165471335942,0.0006217677275546723,0.6708074291547139,0.4015672193633186
9,342,0.000297880397942837,0.0006224677794509464,0.6710616328098156,0.4026143471399943
9,343,0.0002924896002729872,0.0006275771392716302,0.6738012234369913,0.4026495893796285
9,344,0.00029289120496365665,0.0006259973005702098,0.6733433819111483,0.4032130691740248
9,345,0.000292097783955044,0.0006172472339433928,0.6751777288354474,0.4148147847917345
9,346,0.00028888935504918115,0.0006187428086478677,0.680845057817153,0.40853061146206326
9,347,0.00028751172458775986,0.0006327561710754203,0.6799195582484021,0.3957502378357781
9,348,0.0002824310260037259,0.0006174411883370744,0.6855685504866235,0.41388713386323717
9,349,0.00028312791657726064,0.0006201363362682362,0.6839591788656918,0.4066195011138916
9,350,0.00028389617046168834,0.0006223852759123676,0.6818989441718584,0.4079716987080044
9,351,0.00028145415482059536,0.0006319146344645156,0.6854842911531895,0.3963897109031677
9,352,0.00028166651544678543,0.0006288037790606419,0.684551422537109,0.4041974518034193
9,353,0.0002805571962165198,0.0006327611743472516,0.6871140781744027,0.3975336167547438
9,354,0.0002837472085059149,0.0006363560768982603,0.6827577417279467,0.39128717713885836
9,355,0.0002833744175415946,0.0006217928124695189,0.6852987716227402,0.4085527022679647
9,356,0.00028309304422388475,0.000615116348490119,0.68419757095384,0.4170312696033054
9,357,0.00028441795115617826,0.0006331534849272833,0.6827921162416906,0.40009959273868134
9,358,0.0002793618424344279,0.0006162137750329242,0.6878138762933237,0.4171413024266561
9,359,0.00027640747566805166,0.00062857943897446,0.6911515162314897,0.4056051333745321
9,360,0.00028096031912108076,0.0006144099842963947,0.6877526642363748,0.41293039719263713
10,1,0.06768555712460736,0.005910440658529599,-97.95914352676014,-8.329186868667602
10,2,0.015341639916562004,0.002257662576933702,-22.368131596365092,-2.3681793848673505
10,3,0.011385412061196051,0.0011128475682602988,-16.23422337755745,-0.5291965590582953
10,4,0.009163822994831903,0.0009231085824366245,-12.757517736340747,-0.22812194956673515
10,5,0.007646071295725343,0.0008285852834685809,-10.424976896945342,-0.07684743139478896
10,6,0.006546554164846003,0.0008317800161118309,-8.712526576312971,-0.08655647171868218
10,7,0.005653710872578768,0.0007929000007506046,-7.341837608961411,-0.02661176522572835
10,8,0.00494780369033968,0.0008033846259220607,-6.242965451287635,-0.049614699681599934
10,9,0.004329378663757701,0.0007622812900485264,-5.279526311379892,0.021773348914252387
10,10,0.0038063457948558123,0.0007603074423968792,-4.471143644827383,0.021872492631276448
10,11,0.0033440825063735247,0.0007535942235133714,-3.7440058569849275,0.03118365208307902
10,12,0.0029540439239806597,0.000764362149251004,-3.1494299052674095,0.014427480432722304
10,13,0.002639355127596193,0.00074376494028709,-2.6707943030345587,0.04599857595231798
10,14,0.0023775259354784166,0.0007293775755291184,-2.2673768832359786,0.0703641864988539
10,15,0.002169102356757647,0.0007199293726848231,-1.9412929634989045,0.08281570275624593
10,16,0.0020004580998908223,0.0007243559333599276,-1.6825288283972093,0.0739552140235901
10,17,0.0018514471234937692,0.0007100185237100554,-1.4607721110920848,0.0973709053463406
10,18,0.0017253229782606164,0.0007042975371910466,-1.2628962661013192,0.10492214891645643
10,19,0.0016326843683297436,0.0007100236020050943,-1.1192150480953265,0.0945219424035814
10,20,0.0015475158234713254,0.000705979930029975,-0.9862815037185764,0.09971557590696546
10,21,0.0014792856886798953,0.00069015044072229,-0.8765797158818186,0.1241763949394226
10,22,0.0014183959501140096,0.0006770402244809601,-0.7907964285509086,0.1455545875761244
10,23,0.0013691545754418145,0.0006797622591774497,-0.7134469488520682,0.14040692514843411
10,24,0.0013134005183446003,0.0006791721356825696,-0.6255211219375516,0.139202794763777
10,25,0.0012805473361233318,0.0006702288636006414,-0.5808163430955675,0.15245296292834812
10,26,0.0012432596649123748,0.000665001123626199,-0.5221628181728316,0.1613227023018731
10,27,0.0012087384848223056,0.0006638824150690601,-0.4671634915434284,0.16263795958624946
10,28,0.0011822975628698865,0.0006611696638477346,-0.4337058910617122,0.16577601697709826
10,29,0.0011546516425930608,0.0006653623927074174,-0.38888196032724265,0.1593572735786438
10,30,0.0011267324757221857,0.0006563397137344712,-0.35039967563417224,0.17236299912134806
10,31,0.0011018392989227985,0.0006572777314835952,-0.3087925694606922,0.17203483713997736
10,32,0.001085046266010146,0.000646578089799732,-0.28459883163004746,0.18921979135937161
10,33,0.0010644040021608456,0.00064898532970498,-0.2555629618373918,0.18321275181240507
10,34,0.001051477416286268,0.0006495902133691642,-0.2361837809468493,0.18296730518341064
10,35,0.0010353844755122232,0.0006424935043065084,-0.21053237208613643,0.19425031476550633
10,36,0.0010193973289584213,0.0006504253005712396,-0.18798231916663088,0.18039404816097684
10,37,0.0010095771827539543,0.0006367997098196712,-0.174122683207194,0.201589920785692
10,38,0.0009934517005918387,0.000640979828312993,-0.15249035520318113,0.19675413105222914
10,39,0.0009834883156818923,0.000639725745552116,-0.13192635568571678,0.19703140258789062
10,40,0.0009706400645275911,0.0006324147663286163,-0.11661435689455198,0.21006628142462835
10,41,0.0009597809686336988,0.0006354223859185974,-0.09968228840533598,0.2065320478545295
10,42,0.0009559357280118598,0.0006356036950213214,-0.09372257406328931,0.20366306834750705
10,43,0.0009460257124845629,0.0006308587979421847,-0.07944047657060034,0.21093152629004586
10,44,0.0009351852965069773,0.0006309052799931831,-0.0657632209636547,0.21384038660261367
10,45,0.000930946398049271,0.0006320810023074349,-0.05637396794778329,0.21226069662306044
10,46,0.0009273148580155346,0.000640110013126913,-0.046708263879940835,0.19705722596910263
10,47,0.000918107596082314,0.0006275421280103425,-0.04129762046131087,0.2176898413234287
10,48,0.0009071073286453791,0.0006243708233038584,-0.02322845473701571,0.22237663798862034
10,49,0.0009033666210777966,0.0006263602175749838,-0.012185906333687865,0.21961723301145766
10,50,0.0008953033084118807,0.0006257592506396274,-0.0027202545860667286,0.2217511839336819
10,51,0.0008883998674673983,0.0006206471071992484,0.005348308439607974,0.22919780545764498
10,52,0.0008830165142699341,0.0006226258003152907,0.014489669417157585,0.22628553443484836
10,53,0.0008782483288086951,0.0006209911067142254,0.019104775234504982,0.22917348941167195
10,54,0.000869843742614727,0.0006144996628993087,0.03509119557745663,0.23958534002304077
10,55,0.0008652185360084713,0.0006221419407261743,0.04194745384616616,0.2278413004345364
10,56,0.0008579724015564554,0.000622925807773653,0.04984507619598765,0.22572179105546739
10,57,0.0008571845559794225,0.0006137754367147055,0.052659822099002794,0.2402420269118415
10,58,0.0008485463307020657,0.0006186450741046832,0.06320149957397837,0.23258395195007325
10,59,0.0008439819150270871,0.0006083204967176749,0.06769759978777097,0.25050140486823186
10,60,0.0008390333020576725,0.0006144195096567274,0.07748021829275438,0.24223972426520454
10,61,0.0008362161116329608,0.000610051398527705,0.08229388101601307,0.2482384575737847
10,62,0.0008316823923787861,0.0006227646915552517,0.08493992575892696,0.22938443422317506
10,63,0.0008283412009247659,0.0006164865012073682,0.08959111549236157,0.23705741299523247
10,64,0.0008258898610272158,0.0006082781512911121,0.09708729437839837,0.25182008213467066
10,65,0.0008166041887756207,0.0006074525829818513,0.10725409072122456,0.2519494626257155
10,66,0.0008120988021363262,0.000609186230899973,0.11511902926880636,0.25106880135006376
10,67,0.0008082090490382671,0.000605435427536981,0.12034692572958676,0.2570026225513882
10,68,0.0008052236054173131,0.0006004056104251908,0.1230488747726252,0.26514920261171127
10,69,0.0008036947738735672,0.0006011379391161932,0.12787739185639369,0.26292776001824275
10,70,0.0007952258505364075,0.0006012352015305725,0.1349839448928833,0.2641161971622043
10,71,0.000801445888556586,0.0006058623070000775,0.12852586419494064,0.25820104281107586
10,72,0.0007944880536308995,0.0005991364001399941,0.13682324179896602,0.26675082974963715
10,73,0.0007897006359273269,0.0006000481196679174,0.14500169857048695,0.26522938277986313
10,74,0.0007852297799408804,0.0006003275293753379,0.15058997236652139,0.26498905155393815
10,75,0.0007839227361133161,0.0006009202127137946,0.1538786768913269,0.2649230413966709
10,76,0.0007781972624304026,0.0005969765402066211,0.1577563057711095,0.2705207520061069
10,77,0.0007762256046803094,0.0005958811082463298,0.16396609662491599,0.27218210829628836
10,78,0.0007742992599414271,0.0005952177258829275,0.16357401329794047,0.2761290510495504
10,79,0.0007677445127801211,0.0005964151570676929,0.17226247272373718,0.2730998131963942
10,80,0.0007697001579620036,0.0005919101156501306,0.1729818469212379,0.2795427322387695
10,81,0.0007667992597468841,0.0005968735540389186,0.17560240515956171,0.2701421512497796
10,82,0.0007636685269298377,0.0005945976797698272,0.1816510072460881,0.2743498206138611
10,83,0.00076179222152051,0.0005983805154553718,0.18292013392036344,0.26938545571433176
10,84,0.000755324174741996,0.0005936413097919689,0.18612086714049916,0.2779306729634603
10,85,0.0007545420780697447,0.0005906795759478377,0.18962117198072834,0.28248161474863687
10,86,0.0007488271565015577,0.0005890273799498876,0.19632372885574528,0.2836494207382202
10,87,0.0007443658202702616,0.0005892209618145393,0.20388163990444608,0.2853573110368517
10,88,0.0007421808315866431,0.0005875238217413426,0.20523101841961897,0.28823645909627277
10,89,0.0007398643576896485,0.0005871438317828708,0.21064615514543322,0.2884680085712009
10,90,0.0007372660625634002,0.0005872035463754502,0.21081147017302337,0.29121638271543715
10,91,0.0007354852785126386,0.0005885210819542408,0.21623660973560663,0.28778272602293226
10,92,0.0007290819996140069,0.0005845454896593259,0.2212941684840638,0.2939381506707933
10,93,0.0007308809762176724,0.0005826951806536979,0.22228945508415315,0.2939144836531745
10,94,0.0007257949661486495,0.0005776766157295141,0.2247526142332289,0.3039338919851515
10,95,0.000720705570405878,0.0005844264756888151,0.23194309090390616,0.2925885332955254
10,96,0.0007198551150878179,0.0005857299470032255,0.2320895066967717,0.295070841577318
10,97,0.0007184504587375731,0.0005825309018190536,0.2347808243315897,0.29932677216000025
10,98,0.0007189717117903962,0.0005879125544904835,0.23352398460293994,0.29075713290108574
10,99,0.0007143874932942842,0.0005773946125474241,0.23778983825518762,0.30565986500846015
10,100,0.0007069634957767931,0.0005739789443194039,0.24683574820742196,0.3112108654446072
10,101,0.0007051205075702365,0.0005776504080535637,0.246636281631611,0.3049010846349928
10,102,0.000702374289818338,0.0005787157854582701,0.2519480478616408,0.302752063009474
10,103,0.0007032297594748713,0.0005751480063837435,0.25231635644112105,0.30815743340386287
10,104,0.0006999930578145992,0.0005741853603265352,0.25247503327734677,0.3090657591819763
10,105,0.0006975022594467449,0.0005723592398377757,0.2580491014468817,0.31385945876439414
10,106,0.0006904282903206754,0.0005768958091114958,0.26381251090838587,0.309975802898407
10,107,0.0006893034065774653,0.0005751912908939024,0.2635193626085917,0.31152235666910805
10,108,0.0006868557791789004,0.0005741653575872381,0.26787373504520934,0.30996235211690265
10,109,0.0006828558728972703,0.000569660940931903,0.2740575540212937,0.31846959590911866
10,110,0.0006841432599258828,0.0005683458151502742,0.27094356454448937,0.31948812670177884
10,111,0.0006807192974654889,0.000574073672760278,0.27539790677435605,0.31104296313391794
10,112,0.0006749624146413012,0.0005715000029239389,0.27998752623428536,0.3151403095987108
10,113,0.0006720512319229727,0.0005764701106171641,0.282998901826364,0.30605059332317774
10,114,0.0006709712754394629,0.0005717110729569362,0.28734301505265414,0.3165793948703342
10,115,0.00066909709195089,0.0005710481161562105,0.28633345306655505,0.3170957949426439
10,116,0.0006664002394694605,0.0005721486522816122,0.28787626484294,0.3167857302559747
10,117,0.0006737589948224248,0.0005697101173508498,0.2833905053727421,0.31735067897372776
10,118,0.0006658913047386356,0.0005735871511408024,0.2918598812303425,0.3146441022555033
10,119,0.0006614667068833462,0.0005762960761785507,0.2937176769162402,0.31183818976084393
10,120,0.0006624506392665667,0.0005694563746348852,0.29420055062682543,0.32038424147499933
10,121,0.0006573613635321826,0.0005671483309318622,0.2985685391190611,0.32021043565538193
10,122,0.0006532947404919491,0.0005702299777314895,0.304386924519951,0.3201172418064541
10,123,0.0006475515757043513,0.0005716608048209714,0.3100731353700897,0.31536301374435427
10,124,0.000648399963716252,0.0005707751468030942,0.30934330489900375,0.31889523267745973
10,125,0.0006465740132513513,0.0005632387564724518,0.31040224734647776,0.3285175840059916
10,126,0.0006407508649575857,0.0005667641202712224,0.3172418944629622,0.3211069583892822
10,127,0.0006388527717740264,0.0005684924234325687,0.3209294528137019,0.31833626826604206
10,128,0.0006435646096324939,0.0005685280103029476,0.31327214594240543,0.3231796754731072
10,129,0.0006400838041574591,0.0005879212701175775,0.3163519843125049,0.2976811514960395
10,130,0.0006390897539892683,0.0005694985674280259,0.31729800524535,0.32189440462324354
10,131,0.0006290500180186405,0.0005772479124263757,0.3294284099414025,0.31587022807863024
10,132,0.0006303161759228434,0.0005757139439487623,0.32699980941819556,0.3164968450864156
10,133,0.0006250578270546724,0.0005688891836649014,0.33142872151033376,0.3223745240105523
10,134,0.0006201227777637541,0.0005638905839684109,0.3361150238249037,0.3314248389667935
10,135,0.0006194952112208638,0.0005699826300972038,0.33579232354222993,0.32158603005939057
10,136,0.0006199335751273198,0.0005621039916554258,0.3365332572548478,0.332362781630622
10,137,0.0006104311266235639,0.0005594868963170383,0.34495835451432216,0.33429116937849257
10,138,0.0006115905242040753,0.0005644178638855616,0.3457795818646749,0.3257837308777703
10,139,0.000617178472586804,0.0005611354912010332,0.3379861094333507,0.331374990940094
10,140,0.0006133683395204077,0.0005640785041679111,0.3439947518301599,0.3293847574128045
10,141,0.0006069567352015939,0.0005727519242403408,0.35159018289895705,0.32084700928794013
10,142,0.0006052243435628896,0.0005650138999852869,0.3508629923985328,0.3272543708483378
10,143,0.0006006724392293871,0.0005706331317519976,0.35730401601320433,0.31985969411002263
10,144,0.0005959200053360819,0.0005714287063003415,0.35784700167031935,0.32292711602316965
10,145,0.0005957204148598751,0.0005618504662480619,0.3638051449516673,0.33366497887505425
10,146,0.0005903361359450184,0.0005658638637719883,0.36463586150864025,0.3300587283240424
10,147,0.0005891679975859545,0.0005631160534297426,0.367084503615344,0.33183449109395347
10,148,0.0005856106601034601,0.0005574853146552212,0.374426711930169,0.3398824095726013
10,149,0.0005867775275233996,0.0005666139018204477,0.3681205434563719,0.3292249215973748
10,150,0.0005862987331505634,0.000571701467399382,0.3713331546312497,0.3225894848505656
10,151,0.0005832209789343639,0.0005681195981904036,0.3716215448614992,0.33039930529064604
10,152,0.0005780205167944969,0.000564388454788261,0.3770117656684216,0.333638780646854
10,153,0.0005771823910087991,0.0005816634576250282,0.37737272786505427,0.31374102433522544
10,154,0.0005810429277415905,0.0005887305609778398,0.378873782834889,0.31031374798880684
10,155,0.0005759112232215243,0.000582528470032331,0.3820457826426,0.3107287883758545
10,156,0.0005731336371455755,0.0005830357898958027,0.3834132534486276,0.31439811123741995
10,157,0.0005715097737625058,0.0005658351324705614,0.3851248430617062,0.33555576139026216
10,158,0.0005708469764938877,0.0005712238088664081,0.3868015515951463,0.3272557602988349
10,159,0.0005643094072037917,0.0005666867221912576,0.3936196287473043,0.3292639070087009
10,160,0.0005566828339475632,0.000564967886182583,0.3985472013920914,0.336457191573249
10,161,0.000556805296111162,0.0005724228866812256,0.4005939621984223,0.3243083808157179
10,162,0.0005511359272835155,0.000561154927385764,0.4057175842332251,0.3387663828002082
10,163,0.0005520362401220166,0.0005618737312033772,0.4046178529291977,0.33540052440431384
10,164,0.0005508602310811388,0.0005747038314843344,0.4066842622227139,0.328360464837816
10,165,0.0005445054441943397,0.000577589340456244,0.4139766751984019,0.32690419488483
10,166,0.0005457195010680107,0.000557599086055739,0.41509130162957275,0.34385716120402016
10,167,0.0005440569196735728,0.0005530674631396929,0.4141191291220394,0.34871328406863744
10,168,0.0005439577086679177,0.0005637840497203999,0.41367004373927174,0.3391437292098999
10,169,0.0005407628532855507,0.0005750419287424949,0.42128848367267185,0.32597115172280205
10,170,0.0005402600322993771,0.000568930291208542,0.41765222137356983,0.33067202038235133
10,171,0.0005420172821304956,0.0005640994666868613,0.4158899591292864,0.3363064010938009
10,172,0.0005285283674221531,0.0005601342638126678,0.4283379061722461,0.3444802708095974
10,173,0.0005270604064320156,0.00055652601359826,0.4322466841450444,0.3463029106458028
10,174,0.0005244177396777144,0.0005621697365616759,0.43213098417093726,0.3387861794895596
10,175,0.0005250174993430667,0.000562742220548292,0.43321484871852545,0.3410319381290012
10,176,0.0005196413670574534,0.0005618905959029993,0.4390058508625737,0.3422411521275838
10,177,0.0005217814583756765,0.0005778408337694903,0.43604497423878424,0.32555126481586033
10,178,0.0005169214566531419,0.000568258503658904,0.4373752795619729,0.33504857884513006
10,179,0.0005171949933512987,0.0005605341827807327,0.43980812113962053,0.34365233182907107
10,180,0.0005141202765689403,0.0005659649006298019,0.4415822090925994,0.3342056300905016
10,181,0.0005098306177252973,0.0005587564173361494,0.44645706989147044,0.3448326269785563
10,182,0.000513156305892209,0.0005584732111957338,0.44764430552353096,0.3444472882482741
10,183,0.0005140124011014438,0.0005608666791684098,0.4446865102391184,0.34122624397277834
10,184,0.0005049614116469008,0.0005546886486829156,0.4533723246904067,0.3514956447813246
10,185,0.0005048633027062924,0.0005704999474498133,0.4540392256077425,0.337871781984965
10,186,0.000502496874563534,0.0005659501443410085,0.4530276196974295,0.33764538367589314
10,187,0.0005102386459547245,0.0005530465976335108,0.45079121751549805,0.351147817240821
10,188,0.0005023651109594437,0.0005657951968411605,0.4557523446318544,0.3391610105832418
10,189,0.000499605377101236,0.0005712652307314177,0.45919419821397756,0.33485134575102066
10,190,0.0004922305192097009,0.0005653217525428368,0.4680417224212929,0.34157247145970665
10,191,0.0004926845036090616,0.0005620994734474355,0.4650269396511125,0.3426305996047126
10,192,0.0004930605160440376,0.0005676366233577331,0.464799694367397,0.33540083037482366
10,193,0.0004867262623767242,0.0005623389371774263,0.4709776401519775,0.34242601527108085
10,194,0.0004871150089232366,0.0005698492750525475,0.47163768785971183,0.3364566736751132
10,195,0.0004809059086255729,0.0005791287442358831,0.47824281527672285,0.32502629624472723
10,196,0.00047840090198327363,0.0005843921693869763,0.47877460453245374,0.3246912545628018
10,197,0.00047884827744169736,0.0005633300170302391,0.4791759526288068,0.34466032716963024
10,198,0.0004758755552128279,0.0005586169750636651,0.4818195663852456,0.34859308666653105
10,199,0.00047165876050353234,0.000571042207431876,0.48591147543471536,0.3390980309910244
10,200,0.00047179573455561,0.0005658742079200844,0.4828980595977218,0.34170198970370824
10,201,0.00047787036358689267,0.0005554367568240397,0.48297954091319334,0.3533142036861844
10,202,0.00047561904806413767,0.0005791486202118297,0.4836915487124596,0.3309290607770284
10,203,0.00047115299866511774,0.0005602756747975946,0.48615231499259853,0.3513053682115343
10,204,0.0004705427213066062,0.0005581379415363901,0.4903785883644481,0.3497926354408264
10,205,0.00046939494815528577,0.0005724644637666642,0.49001338010952794,0.33676426278220284
10,206,0.0004648665625912448,0.0005700212269504038,0.49544509031154493,0.33917023605770535
10,207,0.00046131699640637286,0.0005616070120595396,0.49509318816809006,0.3508752875857883
10,208,0.0004598383637961506,0.0005687333488216003,0.49850116776831355,0.3356550799475776
10,209,0.00045689315798140513,0.0005579762587634225,0.5024134730115349,0.3548835780885484
10,210,0.00045394849162951203,0.0005607396157251464,0.5042159408698847,0.35121760368347166
10,211,0.0004561658865300778,0.0005725888237874541,0.502590991243904,0.33441743850708006
10,212,0.00045425789057058685,0.0005545642485635148,0.5034600664068152,0.3582458919949002
