Fold,Epoch,Train_MSE,Val_MSE,Train_R2,Val_R2,Train_AuxAcc,Val_AuxAcc
1,1,0.09040574729442596,0.04414999857544899,-144.0818997606819,-62.83076604207357,0.833423152970679,0.9947102864583334
1,2,0.03335223346948624,0.02372698485851288,-51.16906352572971,-33.1955964618259,0.9929759837962963,0.9928168402777777
1,3,0.018961278721690178,0.014849687926471233,-28.541174148041524,-20.1877488984002,0.9914430217978395,0.9903103298611111
1,4,0.012400218285620213,0.010307744145393372,-18.04997639126248,-13.557517274220784,0.9909541377314814,0.9902506510416667
1,5,0.00892024114727974,0.007702368311583996,-12.616974394409745,-9.682909817165799,0.9901909722222222,0.990087890625
1,6,0.006844715215265751,0.005988797172904015,-9.213775829915647,-7.218370119730632,0.9897014853395062,0.9899576822916667
1,7,0.005466138012707233,0.004878363572061062,-7.018207929458147,-5.612012322743734,0.9886513792438272,0.9883246527777778
1,8,0.004550052806735039,0.0044490741565823555,-5.572721948447051,-4.843351968129476,0.9861750096450618,0.9785861545138889
1,9,0.003853712696582079,0.0034034973941743374,-4.488423104933751,-3.5219037108951143,0.9852322048611111,0.9884602864583333
1,10,0.0033236658200621605,0.003153277328237891,-3.6935871642312885,-3.096142707930671,0.9848445939429012,0.98759765625
1,11,0.0029125865548849106,0.00262953108176589,-3.052577607131299,-2.428857117229038,0.984617332175926,0.9873480902777778
1,12,0.0025815702974796295,0.0025709890760481358,-2.5749229030844605,-2.2329338630040487,0.9844666280864197,0.9881564670138889
1,13,0.002350304974243045,0.0020726751536130905,-2.201401119026137,-1.6637176778581408,0.9843406394675925,0.986669921875
1,14,0.002105827908962965,0.002295825630426407,-1.8365041428142124,-1.8273502720726862,0.9836950231481482,0.9855414496527778
1,15,0.001980409026145935,0.0020591472275555134,-1.6319934647760272,-1.544507129987081,0.9833713107638888,0.979541015625
1,16,0.0017986479215323925,0.0017609135247766972,-1.3631426262266841,-1.1681894381841025,0.9828335985725308,0.9788953993055556
1,17,0.001678137807175517,0.0016239532269537449,-1.1899424664768172,-0.9598647567960951,0.9821439766589506,0.9841796875
1,18,0.0015793514903634787,0.0016528740525245667,-1.0219053913045812,-0.983307679494222,0.9823314525462963,0.9841471354166667
1,19,0.0014834138564765453,0.0013265307061374187,-0.8822764963279536,-0.6053632630242242,0.9813627266589506,0.9852647569444445
1,20,0.0013886864762753248,0.0014165776083245873,-0.7529297178174242,-0.655411363972558,0.9820770640432098,0.9804253472222222
1,21,0.0013114656321704388,0.00170239363797009,-0.6505135403739082,-0.8868668384022182,0.9810667438271605,0.9818467881944445
1,22,0.0012661656364798546,0.0013034084113314748,-0.5660252862506443,-0.5100336909294129,0.9809057918595679,0.9816623263888888
1,23,0.0012076585553586483,0.0011773514561355114,-0.471329680784249,-0.35657024648454455,0.9813814139660494,0.9825141059027778
1,24,0.001149072777479887,0.0012664957903325558,-0.4002150148521235,-0.4214923686451382,0.9806453751929012,0.9794216579861111
1,25,0.0010953485034406185,0.0009768956806510687,-0.32054204057764124,-0.12954561312993368,0.9804000289351852,0.9862087673611111
1,26,0.0010506241815164685,0.0009797748643904924,-0.262619192953463,-0.1150682356622484,0.9809413580246914,0.9807020399305556
1,27,0.0010041357018053532,0.0010200312826782465,-0.1972049511509177,-0.1446838166978624,0.9809745129243828,0.9813530815972222
1,28,0.0009548581438139081,0.0010124114342033863,-0.1322436557875739,-0.11719763543870713,0.9800714940200618,0.9837565104166667
1,29,0.000935101299546659,0.000977548654191196,-0.10022843325579608,-0.06102983686659071,0.9807550877700617,0.9827907986111111
1,30,0.0009034115355461836,0.001015457441098988,-0.059616686679698806,-0.09425591230392456,0.9808292341820988,0.9828504774305555
1,31,0.0008763018413446844,0.0011689928360283375,-0.023613936224101503,-0.23106082412931656,0.9804789978780865,0.9845323350694445
1,32,0.0008535182569175959,0.0010426498483866453,0.013835370099103008,-0.11520310772789849,0.9804247444058642,0.9813910590277778
1,33,0.0008365625399164855,0.0007633034838363528,0.03979839895978386,0.16587763759824964,0.9804494598765432,0.9843695746527777
1,34,0.0008014305494725704,0.0009312070906162262,0.0818222235750269,-0.00973532067404853,0.9805688175154321,0.9841037326388888
1,35,0.0007849042885936797,0.000879536266438663,0.10137742036654625,0.0731985714700487,0.9807050540123456,0.9805338541666667
1,36,0.0007493563462048769,0.0008848592406138778,0.14801241233025067,0.07263138956493802,0.9805832851080247,0.9850260416666666
1,37,0.0007336949929594994,0.0009510559029877186,0.17524532006110674,0.015116522047254775,0.9808907214506173,0.9797743055555556
1,38,0.0007274843519553542,0.0008065862348303199,0.18433531934832348,0.1425867517789205,0.9803065923996913,0.9847113715277778
1,39,0.0006958664744161069,0.0007637397502548993,0.21832648427398116,0.20301601489384968,0.9804132908950617,0.9829155815972223
1,40,0.0006785153527744114,0.0006538033485412598,0.2394635815679291,0.3156460881233215,0.98037109375,0.9854112413194445
1,41,0.0006688752328045666,0.0007277251570485532,0.2518550791858155,0.23902571731143527,0.9808449074074074,0.9825737847222222
1,42,0.000637641700450331,0.0007698503322899342,0.2905789519533699,0.1985645082261827,0.9805495273919753,0.9827473958333334
1,43,0.0006366971647366881,0.000670717447064817,0.29681744237004976,0.30098282628589207,0.9807448398919754,0.9810384114583334
1,44,0.0006328815943561494,0.0005948051111772656,0.3033779131041633,0.38904715379079186,0.9804157021604938,0.9868815104166667
1,45,0.0006071365205571055,0.0006331858457997441,0.32621874220577285,0.358686441845364,0.9810775945216049,0.9846245659722223
1,46,0.0005928821628913283,0.0006894285324960947,0.3473142177970321,0.29148639837900797,0.9805501302083334,0.9811577690972222
1,47,0.0005839832010678947,0.0008038178784772754,0.3614874667591519,0.1578223745028178,0.9809998312114198,0.9834038628472223
1,48,0.000571157899685204,0.0006192344008013606,0.36997680045940257,0.3696832087304857,0.9807183159722223,0.9837944878472222
1,49,0.0005532164359465241,0.0006455575348809361,0.3956701522991981,0.3515447497367859,0.9808708285108024,0.9844075520833333
1,50,0.0005425044801086187,0.0007192202028818429,0.40248441225216713,0.24194872246848212,0.9811625916280864,0.9788194444444445
1,51,0.0005427970900200307,0.0007423482020385563,0.40061971640881194,0.239613942305247,0.9807677469135803,0.9806966145833333
1,52,0.0005218787118792534,0.0006681964732706547,0.42873286774129044,0.33566402859157984,0.9810161072530864,0.98271484375
1,53,0.0004887565737590194,0.0005924014840275049,0.4651263029487045,0.404176131884257,0.9817678192515432,0.983837890625
1,54,0.0004652260977309197,0.0005756996106356382,0.49060975754702535,0.4221698946423001,0.9821885850694444,0.9831597222222223
1,55,0.0004606648872140795,0.0006001709261909127,0.49310116988641245,0.40034648842281767,0.9821204668209876,0.9838921440972223
1,56,0.0004564639530144632,0.0006435944233089685,0.49891698787241806,0.36594767305586073,0.9824737172067901,0.9816134982638889
1,57,0.0004481361829675734,0.0005500696133822203,0.5082599948953699,0.4493561824162801,0.982496624228395,0.98359375
1,58,0.00043676182394847274,0.0005939723923802376,0.5202007611592611,0.4024716430240207,0.982740764853395,0.9835828993055555
1,59,0.00042971386574208736,0.0005862776306457818,0.5233445826871895,0.4075725634892782,0.9827353395061729,0.9832682291666667
1,60,0.00042690773261711,0.0005379720823839307,0.5299789162329686,0.4608938760227627,0.9828082802854938,0.985205078125
1,61,0.00041154256905429065,0.0005919717368669808,0.5436218001224377,0.410251526037852,0.9830132378472223,0.9840115017361111
1,62,0.00041471017175354064,0.0005333662265911698,0.5401758410312512,0.46887756850984363,0.9830873842592592,0.9850531684027778
1,63,0.00040348671609535813,0.0005730008706450462,0.5555185747735294,0.4321542289521959,0.9830264998070988,0.9858127170138888
1,64,0.0003958583693020046,0.00055689737200737,0.5660780365084425,0.44805890056822034,0.9831880545910494,0.9852430555555556
1,65,0.00038693324313499033,0.0005394190666265786,0.573063639063894,0.4675349897808499,0.9835123697916667,0.9848578559027777
1,66,0.00038333883276209235,0.0005878373049199581,0.5764737679634565,0.413041345278422,0.9832579812885802,0.9845377604166666
1,67,0.0003737202496267855,0.0006165013764984906,0.5895221072950481,0.3939157790607876,0.9834828317901234,0.9848849826388889
1,68,0.0003662017988972366,0.0005739761982113123,0.5964890700799448,0.4243525412347582,0.9838023244598766,0.9849066840277778
1,69,0.0003646679106168449,0.0005662324838340282,0.5992368967444809,0.44584339724646677,0.9839259018132716,0.9848198784722222
1,70,0.00035821733763441443,0.0005645706551149487,0.6048025487381735,0.4375358555052016,0.9839680989583334,0.9861002604166667
1,71,0.00033284706296399236,0.0005816335324198008,0.6344882647196451,0.43109077480104235,0.9842351466049383,0.9857693142361111
1,72,0.00032456373446621,0.0005503958091139793,0.6411168918197537,0.46496874888738,0.9845498167438271,0.9865071614583333
1,73,0.0003128384705632925,0.0005288850516080856,0.6512635242791823,0.48458394077089095,0.9847867235725308,0.9871961805555556
1,74,0.00030879510450176895,0.0005597621784545481,0.6554615468154719,0.45163777934180366,0.9849452642746913,0.9864800347222222
1,75,0.0003074318519793451,0.0005310022970661521,0.6565736966368593,0.47864437898000084,0.984985050154321,0.9870985243055556
1,76,0.00029814415029250085,0.0005507032037712634,0.666205910694452,0.4569469491640727,0.9851707175925926,0.9879231770833333
1,77,0.00029873079620301723,0.0005504724103957415,0.6671752454322062,0.463598989115821,0.9853153935185185,0.9875434027777777
1,78,0.00029057610663585365,0.0005711543490178883,0.6761391907562444,0.4428206549750434,0.9853123794367284,0.9878309461805556
1,79,0.0002919010876212269,0.0005725788651034236,0.6733942645567434,0.43817087014516193,0.9855034722222222,0.9873318142361112
1,80,0.00028395309345796704,0.0005502908024936914,0.6818619691295388,0.45970472759670683,0.9855420524691358,0.9881022135416667
1,81,0.00028108718106523156,0.0005360996583476663,0.6845089732864756,0.477704926331838,0.9856831114969136,0.988134765625
1,82,0.00027346069691702724,0.000549704534932971,0.6923457900683085,0.4595910641882155,0.9859959731867284,0.9874891493055555
1,83,0.00026700791204348207,0.000568091229069978,0.698753571363143,0.44117223024368285,0.9859911506558642,0.9883680555555555
1,84,0.0002627048525027931,0.0005735582672059536,0.7032560698780013,0.4420235051049127,0.9860568576388888,0.9883843315972223
1,85,0.0002619473962113261,0.0005622045136988163,0.704008643421126,0.45042410956488715,0.9861750096450618,0.988330078125
1,86,0.00026032939786091447,0.0005682292394340038,0.7049205195756606,0.4497250411245558,0.9862648292824074,0.9886121961805555
1,87,0.00025668612215667963,0.0005655051209032536,0.7087934691228984,0.4476222965452406,0.9862889419367284,0.9885416666666667
1,88,0.00025492359418421984,0.0005617202259600163,0.7099597913247567,0.45326086150275335,0.9863492235725309,0.9890733506944445
1,89,0.0002528985496610403,0.0005641395691782236,0.7127738917315448,0.4534569276703729,0.986497516396605,0.9888671875
1,90,0.00024893891531974077,0.0005681193433701992,0.7170223936622525,0.4471532185872396,0.9864860628858024,0.9888563368055555
1,91,0.0002457411610521376,0.0005722645437344909,0.7198096936131702,0.4444921877649095,0.9865807050540123,0.9887044270833333
1,92,0.00024570547975599766,0.0005831496091559529,0.7201232387695784,0.43147358496983845,0.9865807050540123,0.9888346354166667
1,93,0.0002448328596074134,0.0005794058670289814,0.7208297034840525,0.435834981335534,0.986645809220679,0.9888129340277778
2,1,0.0951019823551178,0.051723890006542206,-152.9585488260528,-77.95912123786078,0.001960961612654321,0.002370876736111111
2,2,0.039865829050540924,0.029940232634544373,-61.25708388811276,-44.56041541629367,0.49619321469907407,0.9493760850694445
2,3,0.025138752534985542,0.020083889365196228,-38.29095742614181,-29.42195061577691,0.9717918113425926,0.9814344618055556
2,4,0.016866065561771393,0.013638543896377087,-25.2614830929556,-19.488497802946302,0.9854673032407407,0.9872829861111111
2,5,0.011754844337701797,0.00970934983342886,-17.04682274217959,-13.442799843682183,0.9879448784722222,0.9892578125
2,6,0.008621209301054478,0.007287938147783279,-12.15724906568174,-9.704257673687405,0.9892789110725309,0.9898057725694445
2,7,0.006679411977529526,0.005842198617756367,-9.001066275584845,-7.413480215602451,0.9890787760416667,0.988720703125
2,8,0.005414752289652824,0.005247080698609352,-6.944870026317644,-6.276992135577732,0.9895773051697531,0.9841905381944445
2,9,0.0045664142817258835,0.004292330704629421,-5.537350856227639,-4.879833965831333,0.9886405285493827,0.9858452690972223
2,10,0.003916238434612751,0.0037104408256709576,-4.502060020117112,-4.0961117453045315,0.987547622492284,0.984765625
2,11,0.0034078480675816536,0.003366513643413782,-3.7345222846961317,-3.4058831691741944,0.9863444010416667,0.9826063368055555
2,12,0.003015536116436124,0.0029594353400170803,-3.1366744447637487,-2.778123328420851,0.9853690441743828,0.9887641059027777
2,13,0.002692480804398656,0.002606770023703575,-2.631424883559898,-2.40525877210829,0.9843924816743828,0.9862033420138889
2,14,0.0024163941852748394,0.002294727135449648,-2.235573798933147,-1.9987560311953227,0.9844539689429013,0.9786404079861111
2,15,0.002207436366006732,0.002083900384604931,-1.9049871546250803,-1.6828995532459683,0.9831645447530865,0.9775607638888889
2,16,0.0019914736039936543,0.0018340444657951593,-1.6139572039062595,-1.3659218178855048,0.9826075424382716,0.9863172743055556
2,17,0.0018300928641110659,0.0016657640226185322,-1.37209367737358,-1.1312420129776002,0.9823417004243827,0.9871365017361111
2,18,0.0017195050604641438,0.0016051681013777852,-1.2165207778965985,-1.0142000754674276,0.9825237509645062,0.9846950954861111
2,19,0.001594542060047388,0.0015127994120121002,-1.0331821974412894,-0.8791807002491421,0.9823971595293209,0.9741482204861112
2,20,0.001506800064817071,0.0015188496327027678,-0.9093240714367525,-0.8689901087019178,0.9815387490354939,0.9787000868055555
2,21,0.0014301182236522436,0.0013886739034205675,-0.7958315041330125,-0.7034096664852566,0.9811366705246913,0.9800075954861112
2,22,0.0013415857683867216,0.0013443739153444767,-0.6664256181245969,-0.6223445932070414,0.9814495322145061,0.9780544704861112
2,23,0.0012896956177428365,0.0012721676612272859,-0.5960623574845585,-0.5254638671875,0.9819233458719135,0.9757269965277777
2,24,0.00120944669470191,0.0012062294408679008,-0.48408803042070364,-0.4173469516966078,0.981201774691358,0.9758246527777777
2,25,0.0012037785490974784,0.0011068995809182525,-0.45017507473627727,-0.30144251452551946,0.9806417582947531,0.9824001736111111
2,26,0.0011142229195684195,0.0011645969934761524,-0.34477675167130833,-0.37994232575098674,0.9809516059027777,0.9806532118055555
2,27,0.0010638008825480938,0.001029313076287508,-0.27905432868886876,-0.17920207579930622,0.9811095437885803,0.9785210503472223
2,28,0.0010542112868279219,0.0009701968519948423,-0.2563952621118522,-0.1005882289674547,0.9808473186728395,0.9821017795138889
2,29,0.0010140890954062343,0.0009759210515767336,-0.19561444815294243,-0.10645772483613757,0.9804072627314815,0.9812879774305555
2,30,0.0009521105093881488,0.0011201126035302877,-0.1262284477551778,-0.2576120138168335,0.9810944733796296,0.9742892795138889
2,31,0.0009201837237924337,0.0008748294785618782,-0.08131739519260547,0.013543523682488335,0.9804120852623457,0.9818956163194444
2,32,0.0008908722666092217,0.0008858757792040706,-0.0397992836104499,0.0024012552367316353,0.981105324074074,0.9775119357638888
2,33,0.0008652062388136983,0.000991762150079012,-0.0034329025833695023,-0.11884098847707113,0.9809244791666667,0.9756673177083334
2,34,0.0008635175763629377,0.0008307339739985764,0.0007851844952430254,0.07066887352201674,0.9802463107638889,0.9774685329861111
2,35,0.0008421667735092342,0.000960208592005074,0.03667615254720052,-0.08000468413035075,0.9801311728395061,0.9749457465277778
2,36,0.0008062021806836128,0.0007653068751096725,0.08042337982742875,0.1673042098681132,0.9808057243441358,0.9778971354166667
2,37,0.0007864986546337605,0.0008782729273661971,0.10740649803185169,0.05966157515843709,0.9808979552469136,0.9745876736111111
2,38,0.0007525742403231561,0.0007651698542758822,0.14534820597848774,0.18662078115675185,0.9807400173611112,0.9806098090277777
2,39,0.0007343836477957666,0.0007965328404679894,0.17449988995069338,0.1650504986445109,0.9811439043209876,0.9775607638888889
2,40,0.0007173613412305713,0.0008639622246846557,0.19336447833496848,0.06427220238579644,0.980982349537037,0.9774793836805555
2,41,0.0007085782126523554,0.0008270812104456127,0.20398623325206616,0.1144541343053182,0.9810962818287037,0.9775173611111111
2,42,0.0007063745288178325,0.0009133206913247705,0.21492131919036678,0.024259946081373426,0.9811830873842593,0.9700575086805555
2,43,0.000728116137906909,0.0007418336463160813,0.18542201003910583,0.21547176705466375,0.9805477189429013,0.9766927083333333
2,44,0.0006626961985602975,0.0007721390575170517,0.26742512355616066,0.16264483001497057,0.9814754533179012,0.9756781684027778
2,45,0.0006305952556431293,0.0007338683353736997,0.3042260255342648,0.19040871726142036,0.9812053915895061,0.9781521267361111
2,46,0.0006410424830392003,0.0007847269298508763,0.2910473374672878,0.17996470795737374,0.9811969521604939,0.977880859375
2,47,0.0006228333804756403,0.0007504281820729375,0.30817768426589026,0.2537520236439175,0.9816297743055555,0.9738715277777777
2,48,0.0006014935788698494,0.0006603434449061751,0.34478902213367413,0.31287960741255016,0.9806429639274692,0.9816623263888888
2,49,0.0005951848579570651,0.0006494371336884797,0.34326601102028365,0.3560061905119154,0.9816020447530864,0.9803114149305555
2,50,0.0005678095621988177,0.0006562721682712436,0.38395398207652714,0.3204144835472107,0.981738884066358,0.9771592881944444
2,51,0.0005571089568547904,0.0006989057874307036,0.3917483791892911,0.3009048607614305,0.9816496672453704,0.9775010850694444
2,52,0.0005463830893859267,0.0007381205796264112,0.40611075795727014,0.25192402601242064,0.9819197289737654,0.9764539930555556
2,53,0.0005348373670130968,0.0006751203909516335,0.4163971510934241,0.32703424957063465,0.9817250192901235,0.9781467013888889
2,54,0.000557372928597033,0.0006101597682572901,0.3953402170428523,0.3964301241768731,0.9820680217978395,0.9789659288194444
2,55,0.0005204211920499802,0.0006716849748045206,0.4354668654041526,0.321213702360789,0.9821120273919753,0.9825954861111111
2,56,0.0005143827293068171,0.0006033339304849505,0.44224455297729115,0.40233722395367094,0.9821204668209876,0.974951171875
2,57,0.0005065606674179435,0.000595687422901392,0.4521575458255815,0.41869116491741604,0.9822814187885802,0.9799153645833333
2,58,0.0004953156458213925,0.0007535118493251503,0.46967249902678126,0.22048127121395536,0.9826340663580246,0.9722927517361111
2,59,0.0004933211021125317,0.0007125133415684104,0.4686802887622221,0.27901569075054594,0.9823055314429012,0.97705078125
2,60,0.0004766420752275735,0.0006364391301758587,0.4844175496219117,0.36589154137505425,0.9826334635416667,0.9797580295138889
2,61,0.000458738359156996,0.0006210837163962424,0.49979275582749166,0.40153091616100733,0.9829161844135802,0.9806640625
2,62,0.0004553012549877167,0.0006503091426566243,0.5112764489503554,0.32942688862482705,0.9828149112654321,0.9785807291666667
2,63,0.0004780158633366227,0.0005750800482928753,0.4855833408273297,0.45757624838087296,0.9828004436728395,0.9787217881944444
2,64,0.0004373028059490025,0.0005947777535766363,0.5332594051773165,0.4181815756691827,0.9828191309799382,0.9769422743055556
2,65,0.00041641309508122504,0.0005478673847392201,0.5508812231782042,0.47455200619167753,0.9834044656635802,0.9806260850694445
2,66,0.00041461788350716233,0.0005362737574614584,0.555658475410791,0.4900489475991991,0.983203727816358,0.9818359375
2,67,0.0004022387438453734,0.0005657066940329969,0.5685945531468333,0.45730587244033816,0.983643180941358,0.9805501302083334
2,68,0.00040161205106414855,0.0005651394021697342,0.573313366778103,0.45839058028327095,0.9835087528935185,0.9822862413194444
2,69,0.000384338665753603,0.0005591011722572148,0.5875950664649775,0.4693030767970615,0.9838071469907408,0.981640625
2,70,0.00038053729804232717,0.0005659478483721614,0.5890104433636606,0.4648998485671149,0.984083236882716,0.9815809461805556
2,71,0.00038756037247367203,0.0004998224321752787,0.5853226960441212,0.5331189142333137,0.9840108989197531,0.9824761284722222
2,72,0.000376193318516016,0.0005584280006587505,0.5983907175652775,0.4642307692103916,0.9837275752314815,0.9824978298611111
2,73,0.00036857451777905226,0.0005409744917415082,0.609742761246952,0.48636020024617516,0.9841796875,0.9801486545138889
2,74,0.0003561798657756299,0.0005083058495074511,0.6219581651098934,0.5260082986619737,0.9842327353395062,0.9817925347222223
2,75,0.00035073296749033034,0.00047586471191607416,0.6270967047891499,0.5731998787985908,0.9845654899691358,0.9829264322916667
2,76,0.00035940908128395677,0.0005162743618711829,0.6136393006937003,0.5132137364811368,0.9845588589891975,0.9800130208333333
2,77,0.0003639613860286772,0.0005546971224248409,0.6068765883092527,0.4820655756526523,0.9843279803240741,0.979931640625
2,78,0.0003407887415960431,0.0004942205850966275,0.6343199975696611,0.5417201916376749,0.9844648196373457,0.9839518229166667
2,79,0.0003426644834689796,0.0005410059820860624,0.6300540328025818,0.49444393184449936,0.9847095630787037,0.9823513454861111
2,80,0.0003301177639514208,0.0005423548864200711,0.649989418041559,0.4938083423508538,0.9846577208719136,0.9836208767361111
2,81,0.00031426348141394556,0.000519148597959429,0.6651060760757069,0.5236875547303094,0.9849802276234568,0.9815700954861111
2,82,0.00030704983510077,0.0004872118588536978,0.6726041040302795,0.5706172121895684,0.985131534529321,0.9855685763888888
2,83,0.00029114424251019955,0.00047340139281004667,0.6903827889465991,0.5768735978338454,0.9854293258101852,0.9841091579861111
2,84,0.000291729171294719,0.00047947416896931827,0.6903758156446763,0.5660427742534213,0.9855408468364197,0.9840169270833333
2,85,0.00029561505652964115,0.0004946027183905244,0.682582065647031,0.5554701036877102,0.985399184992284,0.983056640625
2,86,0.00027825654251500964,0.0005188698414713144,0.7041972554760215,0.5281255364418029,0.9857090326003086,0.9831705729166667
2,87,0.0002756050671450794,0.00048707559471949935,0.708299262141004,0.5493118736479018,0.9858446662808642,0.9843098958333333
2,88,0.00027182570192962885,0.00048629206139594316,0.7126864377363229,0.5620717022154066,0.9859567901234568,0.9837022569444445
2,89,0.00027572677936404943,0.0004771689709741622,0.7038307544625836,0.5730654001235962,0.9859652295524691,0.9845811631944444
2,90,0.0002697496092878282,0.0005523907020688057,0.7116425671695191,0.4919196393754747,0.985985122492284,0.9836588541666667
2,91,0.00026645392063073814,0.0005175817059352994,0.7168065617113938,0.5042890946070353,0.9859013310185185,0.9819010416666667
2,92,0.00024201979977078736,0.00048586679622530937,0.7432595894660479,0.5683442672093709,0.9861876687885802,0.9837348090277778
2,93,0.00021846388699486852,0.0004576988285407424,0.7628150149627968,0.5931320190429688,0.9868706597222222,0.98564453125
2,94,0.00020970097102690488,0.000468672311399132,0.773736728856593,0.581929956542121,0.9871955777391975,0.9856336805555556
2,95,0.0002105451567331329,0.0004610655305441469,0.7727895733750897,0.5959340453147888,0.9872703269675925,0.9860243055555555
2,96,0.00020539111574180424,0.00045104691525921226,0.7782958426593263,0.6074100004302131,0.9874107831790123,0.9871256510416667
2,97,0.00019493012223392725,0.00046770594781264663,0.7887234786410391,0.5874624027146234,0.9876573350694444,0.9862521701388889
2,98,0.00019477432942949235,0.0004640962288249284,0.7875824666317598,0.5886958678563435,0.9877393180941358,0.9862467447916666
2,99,0.0001904660020954907,0.0004524940450210124,0.79272580706043,0.6051894346872966,0.9879165461033951,0.9868218315972223
2,100,0.00019391736714169383,0.0004628493916243315,0.7875234403727968,0.59161323706309,0.9879189573688272,0.98701171875
2,101,0.00018862896831706166,0.00046622840454801917,0.7934704411176987,0.590578536192576,0.9880310812114198,0.9871148003472222
2,102,0.00019169339793734252,0.0004743096651509404,0.7905281094857204,0.5694800721274482,0.9880196277006172,0.9877387152777778
2,103,0.00019274441001471132,0.0004727263003587723,0.7902053406209122,0.591059868865543,0.988037712191358,0.9874674479166666
2,104,0.00018464396998751909,0.0004543397226370871,0.800332013324455,0.606534465154012,0.9881305459104939,0.9873914930555555
2,105,0.00017509529425296932,0.0004587235162034631,0.8078615095880296,0.5987053182390001,0.9883379147376543,0.987255859375
2,106,0.00016670467448420823,0.0004640899715013802,0.8158400286862879,0.5975984030299717,0.9885392554012346,0.9877007378472222
2,107,0.00016423515626229346,0.00045831422903575003,0.8183807217044595,0.6043433388074239,0.9887520495756172,0.9881618923611111
2,108,0.0001602125121280551,0.00046706580906175077,0.8224132871922152,0.5929801053471035,0.9887773678626544,0.9879123263888889
2,109,0.00016017397865653038,0.0004565587150864303,0.8224746824782572,0.6086027582486471,0.9888593508873457,0.9887803819444444
2,110,0.00015911328955553472,0.00046566344099119306,0.8234549905047005,0.5961503028869629,0.9890076437114198,0.9882486979166667
2,111,0.00015748865553177893,0.00047689196071587503,0.8254737299165608,0.5829070025020175,0.9890715422453704,0.9877170138888889
2,112,0.00015656845062039793,0.0004661327402573079,0.8256372267817274,0.5976986024114821,0.989109519675926,0.9878580729166667
2,113,0.0001535811898065731,0.00046613288577646017,0.8295551978511575,0.5977446887228224,0.9892041618441358,0.9883951822916667
2,114,0.00015158281894400716,0.0004708275373559445,0.8308016017631248,0.5921946962674459,0.9892246576003086,0.988427734375
2,115,0.00015021403669379652,0.0004729829088319093,0.8325695071691348,0.5909759799639384,0.9893301504629629,0.9884223090277777
2,116,0.0001500671642133966,0.0004721752484329045,0.8324717543743275,0.5913333018620809,0.9893494405864197,0.9883680555555555
3,1,0.15230295062065125,0.03855174034833908,-264.2727336341952,-57.470353020562065,0.0553686824845679,0.9946668836805556
3,2,0.028872627764940262,0.02057284116744995,-44.03834318702604,-30.086934322781033,0.9951244212962963,0.9954481336805555
3,3,0.016551673412322998,0.012889185920357704,-24.598207074035834,-18.26195624669393,0.995143108603395,0.9952419704861111
3,4,0.010784801095724106,0.00884440541267395,-15.484096505318158,-12.045829635196261,0.9947615258487654,0.9945421006944445
3,5,0.007718583103269339,0.006725319195538759,-10.553823126098257,-8.703900014029609,0.993725887345679,0.9933810763888888
3,6,0.005927049554884434,0.005112132057547569,-7.694682463010152,-6.283648331960042,0.9928801359953704,0.9929144965277777
3,7,0.004761870019137859,0.004345790483057499,-5.854221736060248,-5.044867372512817,0.9921453028549383,0.9919921875
3,8,0.003981117159128189,0.0038332114927470684,-4.617965954027058,-4.202527607811822,0.9919168354552469,0.988818359375
3,9,0.0034358291886746883,0.002999038202688098,-3.740576789702898,-3.061876392364502,0.990870949074074,0.9920627170138889
3,10,0.0029552788473665714,0.0030608896631747484,-3.053465065838378,-3.0451569080352785,0.9906069155092593,0.9870876736111112
3,11,0.002646457403898239,0.002698197029531002,-2.5713135301330943,-2.5496484094195897,0.9891131365740741,0.983447265625
3,12,0.0023669395595788956,0.0022769547067582607,-2.1495668211101013,-2.017474431461758,0.9874789014274692,0.9846028645833333
3,13,0.0020989554468542337,0.003177137114107609,-1.769583813202234,-2.774955156114366,0.9859417197145062,0.9805881076388889
3,14,0.001969636417925358,0.0016546398401260376,-1.53751935561498,-1.1443960825602213,0.9841374903549382,0.9860785590277777
3,15,0.0017413513269275427,0.0017072238260880113,-1.2274525161142702,-1.1572521289189657,0.9829644097222222,0.9818630642361111
3,16,0.001624283380806446,0.0017583095468580723,-1.0449309410872283,-1.1846710099114313,0.9824538242669754,0.98173828125
3,17,0.0015146250370889902,0.0015755383064970374,-0.8991555077058297,-0.9452992068396674,0.98212890625,0.9784125434027777
3,18,0.0014319695765152574,0.0015213036676868796,-0.7515321150238131,-0.8441790249612596,0.981641227816358,0.9871256510416667
3,19,0.0013662339188158512,0.0011961688287556171,-0.6742124160130819,-0.4576266354984707,0.9817425009645062,0.9867513020833333
3,20,0.001287413528189063,0.0014574555680155754,-0.5599568727575702,-0.7434351801872253,0.9815092110339506,0.9800401475694445
3,21,0.0012337530497461557,0.0015810871263965964,-0.4809030310607251,-0.8897166503800287,0.9816315827546296,0.9743706597222223
3,22,0.0012017569970339537,0.001052348525263369,-0.42705994344051973,-0.25846089124679567,0.9810775945216049,0.9838161892361111
3,23,0.001098252134397626,0.001385889365337789,-0.30101111700505384,-0.5741197930441962,0.9806700906635802,0.98388671875
3,24,0.0010779114672914147,0.0011382540687918663,-0.2722816773402838,-0.3091476413938734,0.9811258198302469,0.9806640625
3,25,0.0010336379054933786,0.0010873759165406227,-0.20771363105302976,-0.2418186134762234,0.980369888117284,0.9828396267361111
3,26,0.0009837779216468334,0.0010162175167351961,-0.1347008768423104,-0.15947186681959363,0.9807406201774691,0.9830729166666666
3,27,0.0009652128792367876,0.0008528269827365875,-0.1012466679384679,0.023407668537563747,0.9805326485339506,0.9845594618055555
3,28,0.0009486156050115824,0.0008744426304474473,-0.09182374477386475,0.007206439971923828,0.9806779272762346,0.9814236111111111
3,29,0.0008730071713216603,0.0010223997524008155,0.02228996223873562,-0.13970591492123074,0.9800720968364197,0.9820258246527778
3,30,0.0008469775202684104,0.0009953802218660712,0.055932929192060304,-0.10980967813067966,0.9800479841820988,0.980322265625
3,31,0.0008447150466963649,0.0008758564945310354,0.059970485575405165,0.02467790444691976,0.9797984182098766,0.9824381510416667
3,32,0.0008217103313654661,0.0007809002418071032,0.08402300925902378,0.1440378851360745,0.9800714940200618,0.9792371961805556
3,33,0.0008025954593904316,0.0008163979509845376,0.1329603788293438,0.05271407100889418,0.9800166377314815,0.9802625868055556
3,34,0.0007659376715309918,0.0008386184927076101,0.15297663579752416,0.09745069212383695,0.9797339168595679,0.9831814236111112
3,35,0.0007407558732666075,0.0008108660695143044,0.197452802128262,0.1149421665403578,0.9805591724537037,0.9786187065972223
3,36,0.0007224430446512997,0.0007878080359660089,0.20994013489028554,0.1537103361553616,0.9796229986496914,0.9799207899305555
3,37,0.0006962195038795471,0.0010189159074798226,0.2454591751098633,-0.08221054209603204,0.9800106095679012,0.9756781684027778
3,38,0.0006918557919561863,0.0006762209814041853,0.25008136122315017,0.2731703387366401,0.9792377989969135,0.9877549913194444
3,39,0.0006849397905170918,0.0006854452658444643,0.2598882174786226,0.26055800914764404,0.9802903163580247,0.9821397569444444
3,40,0.0006658898782916367,0.0006899521686136723,0.2901879746236919,0.2562072409523858,0.9798562885802469,0.9839084201388889
3,41,0.0006352778291329741,0.0008858861401677132,0.3144247863027785,0.061524279912312824,0.9802806712962963,0.9766221788194445
3,42,0.000669951899908483,0.0006943113985471427,0.2860571246088287,0.2691295782725016,0.9796211902006173,0.9821723090277777
3,43,0.0006070226081646979,0.0007742129964753985,0.3606925015096311,0.19359878831439548,0.9802221981095679,0.9794379340277778
3,44,0.0005955386441200972,0.0008359643979929388,0.3693981713718838,0.1060777637693617,0.9802041136188272,0.9748426649305556
3,45,0.0006110254325903952,0.0006602013600058854,0.35077287768140253,0.2910707844628228,0.9799099392361111,0.9825792100694445
3,46,0.0005807153647765517,0.000893692544195801,0.38485986818501977,0.04118316968282064,0.980201099537037,0.9822591145833334
3,47,0.0005821202066726983,0.0005905829602852464,0.38001952627558766,0.3825305779774984,0.979858699845679,0.984130859375
3,48,0.0005556846735998988,0.0007381490431725979,0.4160032627023297,0.20975963407092624,0.9809901861496914,0.9732801649305556
3,49,0.0005629343213513494,0.000721468182746321,0.4114014694720139,0.24268384906980728,0.9801179108796296,0.9805501302083334
3,50,0.0005434647318907082,0.0006792318890802562,0.43314977795989423,0.29904120630688136,0.9805603780864197,0.9823404947916666
3,51,0.0005137310363352299,0.0007347747450694442,0.458812908773069,0.24815319114261203,0.9807773919753087,0.9811252170138889
3,52,0.0005229797097854316,0.0006315826904028654,0.46081427850841006,0.34694778521855674,0.9811903211805556,0.981494140625
3,53,0.0005064129363745451,0.0005773429293185472,0.4728312713128549,0.4176308592160543,0.9808334538966049,0.9822157118055556
3,54,0.0004943978856317699,0.0006868103519082069,0.4863893242529881,0.2996022727754381,0.9806122202932098,0.9838487413194444
3,55,0.0004995128838345408,0.0005774566670879722,0.48460969071329374,0.41890819205178154,0.9811915268132716,0.9828179253472222
3,56,0.00046964624198153615,0.0005529947811737657,0.5162770484700615,0.4435950371954176,0.981397087191358,0.9821234809027778
3,57,0.0004757642454933375,0.0007572283502668142,0.5022925889050519,0.2211623085869683,0.9812108169367284,0.9834147135416667
3,58,0.000457504007499665,0.0007267399923875928,0.5246971167164084,0.24932621187633938,0.9813759886188271,0.9836100260416667
3,59,0.0004668967449106276,0.000616291887126863,0.5086712971145724,0.3919032401508755,0.981544174382716,0.9850314670138889
3,60,0.00046716994256712496,0.0005470889154821634,0.5217817540521975,0.45045172108544246,0.981444709683642,0.9842556423611111
3,61,0.00046802934957668185,0.0005685498472303152,0.5157569164111291,0.4351300464736091,0.9813675491898148,0.9841471354166667
3,62,0.00043356072274036705,0.0005959955742582679,0.5520371834437052,0.41074284315109255,0.981249397183642,0.9832139756944445
3,63,0.0004195735673420131,0.0005791791481897235,0.5699961459195172,0.4108386304643419,0.982179542824074,0.9821614583333333
3,64,0.0004012606223113835,0.0005340509815141559,0.5808146600370054,0.4624038828743829,0.9820300443672839,0.9832899305555556
3,65,0.00039975810796022415,0.0005056732334196568,0.5837565083562591,0.5022530237833659,0.9824743200231482,0.9851453993055556
3,66,0.0003789541660808027,0.0005516455858014524,0.6083448583697095,0.44555733866161773,0.9825550974151235,0.9853678385416667
3,67,0.00039685657247900963,0.0005113978404551744,0.5894606474005146,0.4981556759940253,0.9824996383101852,0.9849989149305556
3,68,0.0004003668436780572,0.0005579314893111587,0.592116873058272,0.44092936913172404,0.9820849006558642,0.9851942274305555
3,69,0.00038181827403604984,0.0004870509437751025,0.6036458871982716,0.5318001707394918,0.9826455198688272,0.9851291232638889
3,70,0.0003573190188035369,0.0005602000746876001,0.6346239694842586,0.45130938556459216,0.9826871141975309,0.9859483506944444
3,71,0.00035919397487305105,0.0006459921132773161,0.6291799190603656,0.3641307380464342,0.9826485339506172,0.9833658854166667
3,72,0.00035195203963667154,0.0005803104722872376,0.6405557594181579,0.42242777215109933,0.9831862461419754,0.9857421875
3,73,0.00034651655005291104,0.0005613749381154776,0.6416663484808839,0.45774029890696205,0.983106674382716,0.9864420572916667
3,74,0.0003631946456152946,0.0004977567004971206,0.6231480139273184,0.5238439096344842,0.9828191309799382,0.9860297309027778
3,75,0.00035689567448571324,0.0004988998989574611,0.6312192563657407,0.5065745274225871,0.9830367476851852,0.9862955729166667
3,76,0.000336256722221151,0.0005497317761182785,0.6547765113689281,0.4685977247026232,0.9833869839891975,0.9856716579861111
3,77,0.0003211780567653477,0.0007168692536652088,0.6702992162586731,0.2815241734186808,0.9838445216049383,0.9845865885416667
3,78,0.000314401084324345,0.0005055443034507334,0.6795412343225361,0.5141552620463901,0.9840705777391975,0.9871799045138889
3,79,0.0002818975190166384,0.0004961580270901322,0.7070709631766802,0.5245157453748915,0.9846661603009259,0.9876627604166667
3,80,0.00026781170163303614,0.0005306274979375303,0.7226188752386306,0.4878258970048692,0.9848988474151235,0.9880642361111112
3,81,0.0002635500277392566,0.0004898903425782919,0.7245130758226653,0.5378162913852268,0.9851520302854938,0.9880099826388888
3,82,0.0002577475388534367,0.0005243053892627358,0.7317784031232198,0.48780329359902275,0.9854166666666667,0.9871365017361111
3,83,0.00025725940940901637,0.0005354438908398151,0.731715499618907,0.4883994976679484,0.9853678385416667,0.9876681857638889
3,84,0.00024816050427034497,0.0006181825883686543,0.7426489432652791,0.40490324629677665,0.9854811680169753,0.9879611545138889
3,85,0.0002518474939279258,0.0004914023447781801,0.7382548701615981,0.5282375269465976,0.9856077594521605,0.9886067708333334
3,86,0.00023485536803491414,0.000554217491298914,0.7526748264277423,0.4663697123527527,0.9857162663966049,0.9886067708333334
3,87,0.00022880053438711911,0.0005121973808854818,0.7601182846375454,0.5138719254069858,0.9861135223765433,0.9886555989583333
3,88,0.00022112850274425,0.0005122236907482147,0.7677905680220805,0.517146995332506,0.9862696518132716,0.9892795138888889
3,89,0.00022055269801057875,0.0005036029615439475,0.7665037393569947,0.5275487449434069,0.986350429205247,0.9892198350694444
4,1,0.05883762985467911,0.028739094734191895,-92.23052631189793,-41.66041013929579,0.8913712866512346,0.9886338975694444
4,2,0.021836012601852417,0.015673521906137466,-32.81735674657939,-22.053491634792753,0.9885422694830247,0.9909450954861111
4,3,0.012515271082520485,0.009922435507178307,-18.217503653043583,-13.337117099761963,0.9904116030092592,0.9893608940972223
4,4,0.008229932747781277,0.0072445739060640335,-11.31342981479786,-9.21337269147237,0.9892554012345679,0.9858235677083333
4,5,0.006004894617944956,0.005219436250627041,-7.843015807646292,-6.291710284021166,0.9873131269290123,0.9917263454861112
4,6,0.004578531254082918,0.0041061099618673325,-5.641834607242066,-4.594807322820028,0.9860454041280864,0.9813747829861111
4,7,0.0036659303586930037,0.0031882794573903084,-4.193644769397783,-3.313569360309177,0.9840898678626543,0.9866536458333334
4,8,0.003079561982303858,0.002585190813988447,-3.277603687474757,-2.4405566533406575,0.9830451871141975,0.9934624565972222
4,9,0.0026442892849445343,0.002282768487930298,-2.6172661660630028,-1.9855882989035711,0.982763069058642,0.9893012152777778
4,10,0.002298452891409397,0.0021989592351019382,-2.083665254822484,-1.7881850997606914,0.983471378279321,0.9821451822916667
4,11,0.002018059603869915,0.0019916368182748556,-1.6770312794932614,-1.4794120033582052,0.9815345293209876,0.9799967447916667
4,12,0.001808997942134738,0.0017554842634126544,-1.357813193327115,-1.1702654838562012,0.981494743441358,0.9729058159722223
4,13,0.0016534579917788506,0.001598958857357502,-1.125019853203385,-0.9573714772860209,0.9807737750771605,0.9716851128472223
4,14,0.0015330389142036438,0.0013712486252188683,-0.9370252931559527,-0.691159086757236,0.9802360628858025,0.9877495659722222
4,15,0.0014056041836738586,0.0012519266456365585,-0.7480120878160735,-0.5038480626212226,0.9804368007330246,0.9809244791666667
4,16,0.0012983748456463218,0.0012516729766502976,-0.6082357982058584,-0.4731820715798272,0.9803439670138889,0.9764539930555556
4,17,0.0012318766675889492,0.0011336433235555887,-0.4982733922240175,-0.3146365854475233,0.9797779224537037,0.9864095052083334
4,18,0.0011646193452179432,0.001027801539748907,-0.40413262726348126,-0.17670553260379368,0.9806248794367284,0.9749728732638889
4,19,0.0010916455648839474,0.0009952036198228598,-0.30852426452401244,-0.13670642640855576,0.9797321084104939,0.9840711805555555
4,20,0.0010535249020904303,0.0009275865741074085,-0.24806505824312752,-0.036577525403764514,0.9803403501157407,0.9844835069444444
4,21,0.001011950196698308,0.000956780044361949,-0.18614105354120702,-0.0748090386390686,0.9796712239583333,0.9851128472222223
4,22,0.000954014016315341,0.0008789689745754004,-0.11349428156275808,0.027829244401719834,0.9799629870756172,0.9792805989583333
4,23,0.0009099151357077062,0.0009699633228592575,-0.049161007816408885,-0.08147674931420221,0.9803487895447531,0.9760687934027777
4,24,0.0009077791473828256,0.000900805986020714,-0.03432278412359732,0.011933216783735488,0.9798128858024692,0.9788465711805555
4,25,0.0008625524933449924,0.0007936793845146894,0.017132321257650115,0.1470655639966329,0.9798152970679013,0.9810926649305556
4,26,0.0008335936581715941,0.0009253089083358645,0.05681862904701704,0.0277964366806878,0.9798026379243827,0.9841796875
4,27,0.0008373397868126631,0.0009621468489058316,0.058084223005506724,0.002499900923834907,0.9800401475694445,0.9821017795138889
4,28,0.0007934165187180042,0.0007279841229319572,0.1152085139427656,0.24974352386262683,0.9798550829475309,0.9792209201388888
4,29,0.0007572872564196587,0.0007015608716756105,0.16626154243210214,0.2736724813779195,0.9795753761574074,0.9857367621527777
4,30,0.0007469264091923833,0.0007976500201039016,0.18026434271423905,0.15874561071395873,0.9801148967978395,0.9820095486111111
4,31,0.0007217164384201169,0.0009478660067543387,0.20778107157459966,-0.009199782212575277,0.9802113474151235,0.9734375
4,32,0.0007203995482996106,0.0007072611479088664,0.21540353901592302,0.28136110570695666,0.9795536747685185,0.9798285590277778
4,33,0.0006733590271323919,0.0008441229001618922,0.2695708168877496,0.1375960932837592,0.9795874324845679,0.9820041232638889
4,34,0.0006809396436437964,0.000683769176248461,0.26067714543990145,0.30901882118648955,0.9800208574459877,0.9809461805555556
4,35,0.0006494568660855293,0.0007006989326328039,0.3058585930753637,0.2730435490608215,0.9800720968364197,0.9805447048611111
4,36,0.0006408156477846205,0.0007220766274258494,0.3145082235336304,0.2558606637848748,0.9800558207947531,0.9760796440972223
4,37,0.0006230399012565613,0.0006665771943517029,0.33543316582102833,0.33606202602386476,0.9795705536265432,0.9806803385416667
4,38,0.0006238797213882208,0.0005956931272521615,0.3295448911042861,0.4198565853966607,0.9805392795138889,0.9811631944444444
4,39,0.0005943994037806988,0.00076060660649091,0.3671994699372186,0.23069018920262654,0.9804018373842592,0.9747016059027778
4,40,0.0005843374528922141,0.0006095664575695992,0.38213810111269536,0.4061323126157125,0.9799708236882716,0.9807996961805555
4,41,0.0005644280463457108,0.000732043175958097,0.39318146028636414,0.25282796621322634,0.9802885079089506,0.9791937934027778
4,42,0.0005865899147465825,0.0006484785117208958,0.37523468718116665,0.36257556411955094,0.9798840181327161,0.97685546875
4,43,0.000555850681848824,0.0005906589794903994,0.4126128614684682,0.4297621144188775,0.9801938657407407,0.9857855902777778
4,44,0.0005339659401215613,0.0006364568835124373,0.4392835918767953,0.37980346547232735,0.9804578993055556,0.9823947482638888
4,45,0.0005328747211024165,0.0006273499457165599,0.4354205032925547,0.39537072579065957,0.9808648003472222,0.9780110677083333
4,46,0.0005174066172912717,0.0007269678171724081,0.45591867396860947,0.28494033681021796,0.9806749131944444,0.972900390625
4,47,0.000514937681145966,0.0006753422785550356,0.46240228252646365,0.32826426559024385,0.9805706259645062,0.9796603732638889
4,48,0.0005030337488278747,0.0006903409957885742,0.46741528584633346,0.32659761243396335,0.9809305073302469,0.9807508680555556
4,49,0.0005206285859458148,0.0006256736814975739,0.45622186145664734,0.38450797133975556,0.9807822145061729,0.9806911892361111
4,50,0.0004916486795991659,0.0006357301026582718,0.49153029609609533,0.3841547277238634,0.9810890480324074,0.9787814670138889
4,51,0.0004956941120326519,0.0006618916522711515,0.4924387792010366,0.3445553925302294,0.981396484375,0.9802137586805556
4,52,0.0004492565058171749,0.000627470959443599,0.5354694569552386,0.39804628160264754,0.9816864390432098,0.9811903211805556
4,53,0.0004218486719764769,0.0005975043750368059,0.5575509813096788,0.43260447846518624,0.9819806134259259,0.9811414930555555
4,54,0.0004088006680831313,0.0006681234808638692,0.5740399696208812,0.3634566518995497,0.9822301793981482,0.9801812065972222
4,55,0.00040406271000392735,0.00060341163771227,0.577316787360627,0.4297416170438131,0.9826527536651235,0.9826117621527778
4,56,0.0003958934685215354,0.0005944884032942355,0.5836284743414984,0.44332034985224406,0.9827202690972222,0.9814073350694444
4,57,0.00039076636312529445,0.0006242227391339839,0.5935862198288058,0.40134310722351074,0.982788990162037,0.9811143663194445
4,58,0.0003843901795335114,0.0006209420971572399,0.5961077601821334,0.40714976787567136,0.9829885223765432,0.9817274305555556
4,59,0.00039216174627654254,0.0006282767280936241,0.5870760142067333,0.3901832103729248,0.9829463252314815,0.9821723090277777
4,60,0.00035846250830218196,0.0006299375672824681,0.6216775749936516,0.396471913655599,0.9832368827160494,0.9831000434027778
4,61,0.0003579367185011506,0.0005963685689494014,0.6229126279736743,0.4380841056505839,0.9836244936342593,0.9837565104166667
4,62,0.00034408841747790575,0.0006025530165061355,0.6350226552398116,0.43669773605134754,0.9837770061728395,0.9842447916666667
4,63,0.0003392414655536413,0.0005828565917909145,0.643372654914856,0.4581151869561937,0.9840422453703703,0.9832465277777778
4,64,0.0003325593424960971,0.0006045849877409637,0.6478028968528465,0.43792733881208634,0.9841772762345679,0.9828993055555556
4,65,0.0003292511682957411,0.0006072220858186483,0.6505490824028298,0.4381569107373556,0.9840567129629629,0.9851345486111112
4,66,0.0003262070822529495,0.0005978206172585487,0.654806986267184,0.4427675512101915,0.9843303915895062,0.9846137152777777
4,67,0.00031912251142784953,0.0006097193108871579,0.6620623768111806,0.4408570766448975,0.9843406394675925,0.9846028645833333
4,68,0.0003149747208226472,0.0006243567913770676,0.6649809813793794,0.42242480913798014,0.9845582561728395,0.9850911458333333
4,69,0.0003177301841787994,0.0005697899032384157,0.6613284751220986,0.47430506149927776,0.9845431857638889,0.9837999131944445
4,70,0.000308707298245281,0.0006077843718230724,0.6717631412141117,0.4355765144030253,0.9846848476080247,0.9842502170138889
4,71,0.0003103697672486305,0.0005701768677681684,0.6711536860760348,0.4780100425084432,0.9848277150848765,0.9855631510416667
4,72,0.00030131684616208076,0.0005798537749797106,0.6790987007411909,0.4778872569402059,0.984864486882716,0.9856499565972222
4,73,0.0002990716602653265,0.0005754546727985144,0.684591762960693,0.4722346279356215,0.9848608699845679,0.9862250434027777
4,74,0.0002978139673359692,0.0005804203683510423,0.6826568693290522,0.4681902925173442,0.9849060812114198,0.9862955729166667
4,75,0.00029193609952926636,0.0006114961579442024,0.6904209468099806,0.4262898564338684,0.9850857204861111,0.983984375
4,76,0.0002919301623478532,0.0006109259556978941,0.6900331269075841,0.4464002993371752,0.9850332754629629,0.98544921875
4,77,0.0002856853243429214,0.0006095942808315158,0.6973930894592661,0.4402566803826226,0.9851725260416667,0.9860297309027778
4,78,0.0002779534552246332,0.0005930087063461542,0.7047244707743326,0.453089702129364,0.9853690441743828,0.9857584635416666
4,79,0.00026866464759223163,0.0005797443445771933,0.7132805200270664,0.46973290973239473,0.9855305989583333,0.9859537760416667
4,80,0.0002631888200994581,0.0005932959611527622,0.7181952945980025,0.45672083563274807,0.98564453125,0.9857042100694444
4,81,0.0002620408486109227,0.0005854000337421894,0.7200137403276231,0.46605783833397757,0.9857452015817901,0.9856825086805555
4,82,0.0002592118689790368,0.0005925297155044973,0.7220018464841961,0.46443980667326185,0.9856939621913581,0.9864420572916667
4,83,0.0002574963727965951,0.0005974785308353603,0.7235684630311565,0.46370182964536877,0.9858476803626544,0.9867567274305555
4,84,0.0002555444953031838,0.0005907017039135098,0.7257816254356761,0.46660058233473034,0.9859555844907407,0.9864854600694445
4,85,0.0002534434897825122,0.0005815975600853562,0.728337483641542,0.47408151229222617,0.985935691550926,0.9869520399305556
4,86,0.0002479919057805091,0.0005908739985898137,0.732950038232921,0.4650546669960022,0.9860116464120371,0.9869520399305556
4,87,0.0002460938994772732,0.0005872092442587018,0.7343037743627289,0.4716490613089667,0.9860882040895061,0.9868109809027777
4,88,0.0002447651932016015,0.0005930662155151367,0.7361047101609501,0.4689890344937642,0.9861285927854938,0.9872884114583333
4,89,0.00024367912556044757,0.0005991213256493211,0.7369705696164826,0.46070100333955555,0.9862021363811728,0.9869900173611111
5,1,0.0764043927192688,0.042029280215501785,-112.51906162544533,-68.44280444251166,0.9595817660108025,0.9945583767361111
5,2,0.03177384287118912,0.02291009947657585,-48.49815894115118,-36.64069535997179,0.9939718364197531,0.9930989583333333
5,3,0.01851821318268776,0.014664975926280022,-27.244671889882028,-22.777395550409953,0.9930760513117284,0.9919053819444444
5,4,0.012318016961216927,0.01028178445994854,-17.59359162648519,-15.406918228997124,0.9923363956404321,0.9904459635416667
5,5,0.008888057433068752,0.007282915525138378,-12.239871183442482,-10.613495267762078,0.9911072530864198,0.9914442274305556
5,6,0.006765563506633043,0.005993966944515705,-8.890615813231763,-8.34915497303009,0.9895670572916667,0.9852267795138889
5,7,0.005327593069523573,0.004692952148616314,-6.700811720483097,-6.2960186613930595,0.9871220341435185,0.9839735243055555
5,8,0.004325646907091141,0.004021545872092247,-5.161203686101937,-5.1828463421927555,0.9851019965277777,0.9820258246527778
5,9,0.003587526734918356,0.0033937820699065924,-4.0620062739760785,-4.11829244295756,0.9842224874614197,0.9790635850694445
5,10,0.0030915483366698027,0.0030965195037424564,-3.302499230997062,-3.563823093308343,0.9834340036651235,0.9742241753472223
5,11,0.002711685374379158,0.0028326530009508133,-2.720638366687445,-3.12655094994439,0.9827492042824074,0.9706922743055556
5,12,0.0023969626054167747,0.0021946511697024107,-2.2395243566713217,-2.206496098306444,0.9817256221064815,0.9805881076388889
5,13,0.002109949477016926,0.002303409855812788,-1.8108110246834932,-2.22678857644399,0.9814905237268519,0.98076171875
5,14,0.0019405812490731478,0.0016993223689496517,-1.5279600327397571,-1.4882798843913607,0.9813187210648148,0.9792860243055556
5,15,0.0017271727556362748,0.0017717080190777779,-1.255793821517332,-1.4882926397853427,0.9808449074074074,0.9780110677083333
5,16,0.0016029577236622572,0.0015358009841293097,-1.050290744981648,-1.1503853705194262,0.9801878375771605,0.9757649739583333
5,17,0.0014720773324370384,0.001582128694280982,-0.88043134595141,-1.1159137222501967,0.9799051167052469,0.9785264756944444
5,18,0.0014156682882457972,0.0015882441075518727,-0.7687927569872067,-1.0847892469829983,0.9800274884259259,0.9757703993055555
5,19,0.0013506911927834153,0.0011550448834896088,-0.6551908612251282,-0.5672873828146193,0.9799436969521605,0.98076171875
5,20,0.0012206605169922113,0.0011560767889022827,-0.49181850442179925,-0.5662504633267721,0.979515697337963,0.981591796875
5,21,0.0011734951985999942,0.001088999561034143,-0.4165229301393768,-0.45242133537928264,0.979639274691358,0.9770290798611111
5,22,0.00111099099740386,0.0010078686755150557,-0.33374258515275557,-0.33442963229285344,0.9798647280092593,0.9778917100694444
5,23,0.001084379618987441,0.0009471576195210218,-0.2889840164302308,-0.2408801449669732,0.9795729648919753,0.9805013020833333
5,24,0.001028817379847169,0.0008718121680431068,-0.20501461926801706,-0.13830805884467232,0.9797471788194444,0.9827853732638889
5,25,0.0009852233342826366,0.0009329066378995776,-0.14494822893613651,-0.19099021620220608,0.9795036410108025,0.9790473090277778
5,26,0.0009361739503219724,0.000851309159770608,-0.08357890859062289,-0.07350506782531738,0.980006389853395,0.9753960503472222
5,27,0.0008928845636546612,0.0007952244486659765,-0.02938340343075034,-0.0011947274208068848,0.9795518663194445,0.9775770399305556
5,28,0.0008806518744677305,0.0008417413337156177,-0.005548283053033146,-0.06301594442791408,0.9800805362654321,0.9808648003472222
5,29,0.0008426551939919591,0.0008213433902710676,0.03988598923624298,-0.02633507914013333,0.9800841531635802,0.9773491753472222
5,30,0.0008265860960818827,0.0009085257188417017,0.07254390672401145,-0.10095555914772882,0.979811077353395,0.9721516927083333
5,31,0.0008021506946533918,0.000871348544023931,0.10302572162063034,-0.06559059884813097,0.9800425588348766,0.9729058159722223
5,32,0.0007724415045231581,0.0007391434628516436,0.14308263504946672,0.09675842656029596,0.9798237364969136,0.9789876302083333
5,33,0.000766472308896482,0.0006859550485387444,0.150687884695736,0.1449904441833496,0.9801812065972222,0.9765625
5,34,0.0007459105108864605,0.0007064269157126546,0.16816065532189828,0.15159199502733017,0.979686897183642,0.9753797743055556
5,35,0.0007265391759574413,0.0007275385432876647,0.20289004776212904,0.13682805167304146,0.9802619839891975,0.9782986111111112
5,36,0.000727445469237864,0.0007228064350783825,0.20569161941975722,0.15503397385279338,0.9801251446759259,0.9788357204861111
5,37,0.0006920426385477185,0.0007167293224483728,0.24963729837794363,0.14474911689758302,0.9804229359567901,0.97607421875
5,38,0.0006774862995371222,0.0006621125503443182,0.26255776882171633,0.21797072754965888,0.9797809365354938,0.97890625
5,39,0.0006556319422088563,0.000732273911125958,0.29719117600240824,0.15245482921600342,0.9806839554398148,0.9789767795138888
5,40,0.0006399395642802119,0.0008116764947772026,0.30912776788075763,0.09472530550426907,0.9806737075617284,0.9780653211805556
5,41,0.0006248046411201358,0.0006770127802155912,0.33254905806647406,0.1813591957092285,0.9802866994598766,0.9804524739583333
5,42,0.000621768063865602,0.0006022931775078177,0.3356048064467348,0.3107256293296814,0.9804488570601851,0.9786729600694445
5,43,0.0006016803672537208,0.0006426034960895777,0.36148626171512366,0.24191304047902426,0.9805573640046297,0.9793728298611111
5,44,0.0005963221774436533,0.0006022745510563254,0.3658102309262311,0.3104357255829705,0.9804536795910493,0.9806803385416667
5,45,0.0005673821433447301,0.0006682416424155235,0.39883549919834843,0.20705278582043118,0.981298225308642,0.98076171875
5,46,0.0005520638078451157,0.0006501892348751426,0.4144960521179953,0.25162653128306073,0.9814314477237654,0.976953125
5,47,0.0005689535173587501,0.0006092283874750137,0.3891228194589968,0.30707381698820324,0.9813892505787037,0.97666015625
5,48,0.0005354454042389989,0.0005605668411590159,0.444101596320117,0.35744848516252303,0.9813609182098766,0.9802734375
5,49,0.0005201124586164951,0.0006224746466614306,0.4493320004439648,0.2906805806689792,0.9818805459104938,0.979443359375
5,50,0.0005149884382262826,0.0005058050155639648,0.4600142686455338,0.44791211552090116,0.9816388165509259,0.9814290364583333
5,51,0.0004983253893442452,0.0005884729325771332,0.47707192809493454,0.311717865202162,0.9821662808641975,0.97998046875
5,52,0.00048787661944516003,0.000555399339646101,0.4951808686609621,0.37579458157221474,0.9821873794367284,0.9822265625
5,53,0.0004664090811274946,0.0005984215531498194,0.5127707800747435,0.31947904427846274,0.9824266975308642,0.9800455729166667
5,54,0.00047045917017385364,0.0005084879230707884,0.5089220055827388,0.4520991285641988,0.9823296440972222,0.9790418836805556
5,55,0.0004547695571091026,0.00045795299229212105,0.5318166565012049,0.5211050166024103,0.9826509452160493,0.9805067274305556
5,56,0.00045559159480035305,0.0005165533511899412,0.5277096779258162,0.431703417830997,0.9823206018518519,0.9823893229166667
5,57,0.0004508635029196739,0.00047817264567129314,0.5309703751846596,0.48789730469385784,0.9825954861111111,0.9795247395833333
5,58,0.0004325587651692331,0.0005017287330701947,0.5555295174504504,0.4610475924279955,0.9826244212962963,0.98193359375
5,59,0.0004066465771757066,0.0005080224364064634,0.5806686368989356,0.4588747249709235,0.9832326630015432,0.9824544270833333
5,60,0.0003980003239121288,0.00046301286784000695,0.5900938371081411,0.5088379118177626,0.9834346064814815,0.9824381510416667
5,61,0.0003884709149133414,0.000496596796438098,0.600153249134252,0.4485704249805874,0.983497299382716,0.9811686197916667
5,62,0.00037832651287317276,0.0005380732472985983,0.6113670901015953,0.4256403605143229,0.9838047357253087,0.9802842881944445
5,63,0.00038427874096669257,0.0004841869813390076,0.607544187851894,0.4794640196694268,0.9837046682098766,0.9832139756944445
5,64,0.0003517962759360671,0.0004760661395266652,0.6410378070525181,0.49575635062323675,0.9838933497299382,0.9843695746527777
5,65,0.00032388995168730617,0.00048118882114067674,0.6641577427769885,0.48253562053044635,0.9847378954475309,0.9845377604166666
5,66,0.00032275664852932096,0.000454240245744586,0.6665562310336549,0.5236048460006714,0.9849977092978395,0.9853298611111111
5,67,0.00031574961030855775,0.0004566941934172064,0.6755050172040492,0.5313564313782586,0.985130931712963,0.9859592013888889
5,68,0.00030432193307206035,0.0004516707267612219,0.6870565766169701,0.529175673590766,0.9853087625385802,0.9861924913194444
5,69,0.0003000038559548557,0.0004454597947187722,0.6895518270539649,0.5419405778249105,0.985450424382716,0.9845052083333333
5,70,0.00029573755455203354,0.00045730912825092673,0.6936021267631908,0.5115968624750773,0.9855064863040124,0.9863335503472223
5,71,0.0002904275606852025,0.0004232547653373331,0.701430806407222,0.5705509252018399,0.9857421875,0.9868543836805556
5,72,0.0002831161255016923,0.0004799533053301275,0.7075705279538661,0.49478356573316784,0.9857379677854938,0.9864420572916667
5,73,0.0002795353648252785,0.0004093834722880274,0.7117752579995144,0.5891589297188653,0.9858940972222222,0.9862630208333333
5,74,0.00027276965556666255,0.00047222719877026975,0.7186740018703319,0.5062977645132277,0.9862202208719136,0.9857476128472222
5,75,0.00026800110936164856,0.00042039717664010823,0.7248307070614379,0.5739865448739794,0.9861617476851852,0.9861979166666667
5,76,0.0002685390063561499,0.0005104029551148415,0.7216675859910471,0.4685294442706638,0.9861460744598766,0.9854654947916667
5,77,0.0002700897166505456,0.0004767175414599478,0.7235081812481822,0.49880295991897583,0.9861961082175926,0.9857150607638889
5,78,0.0002674081770237535,0.00041034637251868844,0.7229550511748702,0.5900636580255296,0.986329933449074,0.9864040798611111
5,79,0.00026175007224082947,0.0004511487204581499,0.7304051319758097,0.5275997598965962,0.9862491560570987,0.9871419270833334
5,80,0.0002619947772473097,0.00044189096661284566,0.7315525366936201,0.5365500397152371,0.9863395785108025,0.9855902777777777
5,81,0.00025574577739462256,0.00044198642717674375,0.7373680827058392,0.540949461195204,0.9864022714120371,0.9856825086805555
5,82,0.0002429051382932812,0.00041541410610079765,0.7496205784656383,0.5860037287076314,0.9866132571373457,0.9874294704861111
5,83,0.0002298685722053051,0.000425120146246627,0.7619324932863683,0.5698338362905714,0.9870273919753086,0.9878634982638889
5,84,0.00022000467288307846,0.0004356132703833282,0.770664691630705,0.5568513459629483,0.9872968508873456,0.9871799045138889
5,85,0.0002168043574783951,0.00044944044202566147,0.7735574123300152,0.5376694083213807,0.987330005787037,0.9875759548611112
5,86,0.0002153445384465158,0.000420383526943624,0.7745433539520076,0.5800216992696127,0.9874903549382716,0.9883029513888889
5,87,0.000213376508327201,0.0004275949322618544,0.7766371463551933,0.5658206754260593,0.9875807773919754,0.9879123263888889
5,88,0.00020853090973105282,0.0004257812979631126,0.781313709123635,0.5666311621665955,0.9876748167438272,0.9881184895833334
5,89,0.00020777384634129703,0.0004268639022484422,0.7823545985751682,0.5647361874580383,0.9877206307870371,0.9878851996527778
5,90,0.0002038798702415079,0.0004330993688199669,0.7859488192899727,0.5589999636014302,0.9878870081018518,0.9882378472222222
5,91,0.00019866996444761753,0.00042912561912089586,0.7907867493452849,0.563233404689365,0.9880093798225309,0.9881564670138889
5,92,0.00019647864974103868,0.0004260207642801106,0.7917993148167928,0.5696033159891765,0.9880708670910494,0.9881727430555556
5,93,0.00019556868937797844,0.0004360162711236626,0.7932151283746884,0.5587380091349284,0.9881076388888889,0.9883951822916667
6,1,0.14044708013534546,0.07836629450321198,-214.53618993876893,-113.66915410359701,0.0028296199845679014,0.0020290798611111113
6,2,0.06206008791923523,0.0478685200214386,-95.82611651479462,-69.28758801354303,0.36367971161265433,0.9557562934027778
6,3,0.03853823244571686,0.02987074851989746,-59.35323707674756,-42.897879642910425,0.9792076581790123,0.9933051215277777
6,4,0.02512311562895775,0.020480338484048843,-38.365449018831605,-28.946980550554063,0.9936830873842593,0.9937228732638889
6,5,0.01732678711414337,0.014807481318712234,-26.035727353154876,-20.491191874610053,0.9939302420910494,0.9931369357638888
6,6,0.012736998498439789,0.010767956264317036,-18.760413171038216,-14.558496655358208,0.993433521412037,0.9947482638888889
6,7,0.009689321741461754,0.008791670203208923,-13.80171738907143,-11.382995573679606,0.9931086033950617,0.9923394097222222
6,8,0.007700495421886444,0.0068693095818161964,-10.596418942639858,-8.651613500383165,0.9926872347608025,0.9934353298611112
6,9,0.00631308276206255,0.0059038992039859295,-8.384850078747597,-7.053280777401394,0.9918981481481481,0.9913302951388889
6,10,0.0052645038813352585,0.005121661350131035,-6.7319277698611035,-5.918174566162957,0.9913845486111111,0.988525390625
6,11,0.004543345887213945,0.004138804040849209,-5.589622114617147,-4.574594932132297,0.9898081838348766,0.9904405381944444
6,12,0.003933903761208057,0.004130133427679539,-4.659473133675846,-4.311756587028503,0.9886754918981482,0.9869737413194445
6,13,0.0035018061753362417,0.0032275684643536806,-3.9800454060236614,-3.2394383509953815,0.9869948398919753,0.9879340277777777
6,14,0.0031174279283732176,0.0031318156979978085,-3.3793108969558903,-2.9854740884568955,0.985377483603395,0.9811414930555555
6,15,0.0028052327688783407,0.0025887915398925543,-2.8880611195976353,-2.3252604166666666,0.984130859375,0.9881184895833334
6,16,0.002574554644525051,0.002459496259689331,-2.528122650841136,-2.0784032450781926,0.9838505497685185,0.9891004774305555
6,17,0.0023564728908240795,0.0022012663539499044,-2.2075187031133674,-1.7580504046546088,0.9839705102237655,0.9862684461805555
6,18,0.0021463315933942795,0.002282809466123581,-1.8870400406696177,-1.770922671424018,0.9825502748842593,0.9776746961805556
6,19,0.0019968105480074883,0.0021473299711942673,-1.6664887270809692,-1.5855770534939235,0.982421272183642,0.9781846788194445
6,20,0.0018754140473902225,0.002174487104639411,-1.494002961670911,-1.5079296165042453,0.9817214023919754,0.983544921875
6,21,0.0017660274170339108,0.0018391977064311504,-1.3104869883737447,-1.1657995581626892,0.9822319878472222,0.9787326388888888
6,22,0.0016768212663009763,0.0016225742874667048,-1.1667989177468383,-0.9272726747724745,0.9812180507330247,0.9812771267361111
6,23,0.0015588188543915749,0.0015434868400916457,-1.0240652388996547,-0.8034585356712342,0.9813934702932099,0.9783203125
6,24,0.0014537418028339744,0.0018200534395873547,-0.8673960479689233,-1.0407539751794603,0.9812475887345679,0.9722276475694445
6,25,0.0014229093212634325,0.0015443186275660992,-0.8037331662060302,-0.7556683169470892,0.9811258198302469,0.9789876302083333
6,26,0.0013372399844229221,0.0016033555148169398,-0.6897766997784744,-0.7563441422250535,0.9807424286265433,0.9772840711805556
6,27,0.0013279709964990616,0.0012723798863589764,-0.6431221848652686,-0.4438406573401557,0.9812475887345679,0.9786566840277777
6,28,0.0012154817814007401,0.0013017908204346895,-0.5122119342839276,-0.4524666786193848,0.9804482542438272,0.980859375
6,29,0.0011637096758931875,0.0012933398829773068,-0.4415145370695326,-0.41232438352372913,0.9800624517746913,0.978076171875
6,30,0.0011351907160133123,0.0011773679871112108,-0.39351333262007915,-0.2826606180932787,0.9805278260030864,0.9818576388888889
6,31,0.0010917715262621641,0.0011780348140746355,-0.3302114193822131,-0.2803517407841153,0.9803674768518519,0.9791720920138889
6,32,0.00103487609885633,0.0012558952439576387,-0.25980522794488037,-0.3244285119904412,0.9800672743055555,0.9838161892361111
6,33,0.001005204627290368,0.0012687478447332978,-0.2122464272711012,-0.32719311316808064,0.9805838879243827,0.9772135416666666
6,34,0.0009613321162760258,0.0011621883604675531,-0.15323187304131777,-0.22671486934026083,0.9804970823688272,0.9810818142361111
6,35,0.000937222852371633,0.0010870627593249083,-0.1220013087178454,-0.1365466515223185,0.980296344521605,0.9788031684027778
6,36,0.0009370693005621433,0.0010781893506646156,-0.11310262150234646,-0.11936489608552721,0.979783950617284,0.9820149739583334
6,37,0.0008942678105086088,0.0009944962803274393,-0.0583588441212972,-0.02518259286880493,0.9799726321373456,0.9787163628472222
6,38,0.0008423321414738894,0.001094571314752102,0.0016348384044788502,-0.09719404114617242,0.9801420235339506,0.9781032986111111
6,39,0.0008473830530419946,0.0009188322583213449,0.010872358010138994,0.07784038782119751,0.9800546151620371,0.9800184461805556
6,40,0.0008200003067031503,0.0008929363684728742,0.04472337107599517,0.10056347714530098,0.9805555555555555,0.9798990885416666
6,41,0.0008202780154533684,0.0009978970047086477,0.050401772245948696,0.023789752854241265,0.9803849585262345,0.9757649739583333
6,42,0.0007698241388425231,0.0009395216475240886,0.10988821409366749,0.06024605433146159,0.9804217303240741,0.9847601996527777
6,43,0.0007569430163130164,0.000837596133351326,0.1368164047782804,0.16258633931477864,0.9804440345293209,0.9743760850694444
6,44,0.0007804447668604553,0.0008991376962512732,0.11244013574388292,0.1169788916905721,0.9795283564814815,0.9761338975694445
6,45,0.0007366833160631359,0.000976022332906723,0.16337483164704877,0.03363966014650133,0.9801793981481481,0.9777777777777777
6,46,0.0006971451221033931,0.0009407426696270704,0.2036257177223394,0.09451868534088134,0.9803644627700617,0.978515625
6,47,0.0006741756806150079,0.0008973116637207568,0.2406321250362161,0.1299854901101854,0.9807050540123456,0.980859375
6,48,0.0006656594341620803,0.0007952346350066364,0.25623239867481185,0.2357635286119249,0.9805217978395062,0.9825412326388889
6,49,0.0006436097901314497,0.0008954763179644942,0.28002889568423045,0.12671473423639934,0.980419319058642,0.9781684027777777
6,50,0.0006546766962856054,0.0007489736890420318,0.2631391688629433,0.27764342758390637,0.9803825472608024,0.9816026475694445
6,51,0.0006216680048964918,0.0009099117014557123,0.3008396156040239,0.12298980686399671,0.9807309751157407,0.9775390625
6,52,0.0006136170122772455,0.0007731831283308566,0.319641422489543,0.25810114807552764,0.9807556905864198,0.9814344618055556
6,53,0.0006019599968567491,0.0008671107934787869,0.3312465567647675,0.16588560077879164,0.9811065297067901,0.9794759114583333
6,54,0.0005914419889450073,0.0008652096148580313,0.3388889842563205,0.18216319613986545,0.9811288339120371,0.9760796440972223
6,55,0.0005832012975588441,0.0009268349385820329,0.35525982350478935,0.10111106899049548,0.9809015721450617,0.9778157552083333
6,56,0.0005705500952899456,0.0007507848786190152,0.36486802733974694,0.2966512507862515,0.9815140335648148,0.9804470486111111
6,57,0.0005344920791685581,0.0007395804859697819,0.4016042072095989,0.3148259547021654,0.9814911265432099,0.9819227430555556
6,58,0.0005605543265119195,0.0007456085877493024,0.38022303537086205,0.31320728725857205,0.980787639853395,0.9824598524305556
6,59,0.0005351859144866467,0.0007774054538458586,0.4070697754989436,0.27151589658525255,0.9813892505787037,0.9788140190972222
6,60,0.0005154035752639174,0.0007429052493534982,0.43330614655106153,0.3276541974809435,0.9814145688657407,0.9819173177083333
6,61,0.000493343104608357,0.000773755309637636,0.4540543647459996,0.2687060700522529,0.9820764612268519,0.9790093315972223
6,62,0.0004946126136928797,0.0007092228624969721,0.4569274263617433,0.3487522615326775,0.981712962962963,0.980859375
6,63,0.00048763834638521075,0.0006875647231936455,0.4675126246464105,0.38313232130474517,0.9815604504243827,0.9844835069444444
6,64,0.00045961944852024317,0.0008558249683119357,0.49289528013747413,0.18153246773613824,0.9824387538580247,0.9819390190972223
6,65,0.00045366337872110307,0.0007078544585965574,0.5065262110145003,0.35929265684551664,0.9827238859953704,0.9848849826388889
6,66,0.000434289948316291,0.0008937894599512219,0.5241725522794841,0.12260405487484402,0.9824574411651235,0.9815049913194445
6,67,0.00046468188520520926,0.0007361816242337227,0.48323683974183634,0.338562281926473,0.9829601900077161,0.9800075954861112
6,68,0.0004443206707946956,0.0006514552515000105,0.5141283715212787,0.41736961205800377,0.9828565055941358,0.9831488715277777
6,69,0.00042761809891089797,0.0006556362495757639,0.5313313731440792,0.4020497096909417,0.9827793451003086,0.9825792100694445
6,70,0.0004377730656415224,0.0007588288863189518,0.5200064398624279,0.28888418939378524,0.9831814236111112,0.9836100260416667
6,71,0.0004170657484792173,0.0006451754015870392,0.5434700515535142,0.4196707699033949,0.9834092881944444,0.9837185329861111
6,72,0.0003967123629990965,0.0006898993160575628,0.5666181480443037,0.38014196422364976,0.9833809558256172,0.9824110243055556
6,73,0.0003867647610604763,0.0006620151689276099,0.5773540499769612,0.41144380039638945,0.9835087528935185,0.9836046006944444
6,74,0.00037076574517413974,0.0006895066471770406,0.5940010653601753,0.3780758433871799,0.983887924382716,0.9843804253472223
6,75,0.0003892382956109941,0.0006805191515013576,0.5682661598111376,0.4008951054679023,0.9836510175540123,0.9850206163194445
6,76,0.00037388876080513,0.0007219059043563902,0.5898500504317107,0.364645869202084,0.9839132426697531,0.9830729166666666
6,77,0.0003663760726340115,0.0006489461520686746,0.6022190086635543,0.4315662291314867,0.9836654851466049,0.98388671875
6,78,0.00035675388062372804,0.0006829116027802229,0.6108442781883994,0.38414215511745875,0.9839723186728395,0.9841145833333333
6,79,0.0003652938758023083,0.0006597344181500375,0.6042381304281729,0.40806894567277696,0.9840187355324074,0.9834581163194445
6,80,0.000338633923092857,0.0006345034926198423,0.6307008053049629,0.45412770642174616,0.9842881944444445,0.9864203559027778
6,81,0.0003127783420495689,0.0006150263361632824,0.6563273746290325,0.4588610251744588,0.9851664978780864,0.9862087673611111
6,82,0.0002937891986221075,0.0006058875005692244,0.6758400544708157,0.47412526475058664,0.9855191454475308,0.9861273871527778
6,83,0.00028913337155245245,0.000618007848970592,0.6791235498440118,0.4588916169272529,0.9856155960648149,0.9874565972222222
6,84,0.00028301228303462267,0.0006074593402445316,0.6892811477920155,0.47129553159077964,0.9858042775848765,0.9876519097222223
6,85,0.00027330993907526135,0.0006405778112821281,0.6959723313649495,0.4426326314608256,0.9860417872299383,0.9874620225694445
6,86,0.0002710876287892461,0.0006370353512465954,0.7007007975637177,0.43852584229575264,0.9862395109953703,0.9880208333333333
6,87,0.00026978805544786155,0.000642608676571399,0.6997657793539541,0.44001801013946534,0.9862919560185185,0.9876519097222223
6,88,0.00026471196906641126,0.0006544539937749505,0.7079232717737739,0.43703921635945636,0.9863160686728395,0.9873806423611111
6,89,0.00026018754579126835,0.0006504056509584188,0.7147308414365039,0.4355206595526801,0.9863220968364198,0.9879340277777777
6,90,0.0002631276729516685,0.0006216997862793505,0.7083170415442667,0.4550051795111762,0.9864143277391976,0.9887586805555556
6,91,0.00024797843070700765,0.0006034400430507958,0.7267225712905695,0.48775754504733615,0.9866277247299383,0.9886881510416666
6,92,0.0002392045280430466,0.0006111066904850304,0.7323766308066285,0.4779239018758138,0.9869044174382716,0.9887803819444444
6,93,0.00023372468422167003,0.0006224608514457941,0.7382621769551878,0.4674698750178019,0.9870225694444444,0.9888563368055555
6,94,0.00023082952247932553,0.0006307730218395591,0.7422220517087865,0.4534542573822869,0.9871238425925926,0.9887424045138888
6,95,0.00023140395933296531,0.0006090844981372356,0.7405713437516013,0.480336942937639,0.9871955777391975,0.9888780381944444
6,96,0.0002254752180306241,0.0006158303585834801,0.7466462289845502,0.4718599677085876,0.9872829861111111,0.9892903645833333
6,97,0.00022412424732465297,0.0006318577798083425,0.7483878831804535,0.45386221011479694,0.9874113859953704,0.9890733506944445
6,98,0.00022304104641079903,0.0006183608202263713,0.7494596638797242,0.465194214714898,0.9874041521990741,0.98916015625
6,99,0.0002229893289040774,0.0006269244477152824,0.7500999032715221,0.4614891860220167,0.9874101803626543,0.9891655815972222
6,100,0.0002142679295502603,0.0006342222332023084,0.757877861128913,0.4528373956680298,0.9875626929012346,0.9893717447916667
6,101,0.00021163126803003252,0.000619659258518368,0.7608349760373433,0.4689279238382975,0.9876935040509259,0.9894097222222222
6,102,0.00020872704044450074,0.0006207132828421891,0.763403809806447,0.46628524329927235,0.9877218364197531,0.9895182291666667
6,103,0.00020771649724338204,0.0006219634087756276,0.764484722967501,0.46899308231141834,0.987767650462963,0.9897081163194444
6,104,0.0002067586756311357,0.0006303816335275769,0.765690016599349,0.458087960879008,0.9877646363811728,0.9896864149305555
6,105,0.00020538741955533624,0.0006296138744801283,0.7672905633478989,0.4611139059066772,0.9878737461419753,0.9897569444444444
6,106,0.00020414117898326367,0.0006255089538171887,0.7683111486611542,0.4649306509229872,0.9878936390817902,0.9898383246527778
6,107,0.0002025497378781438,0.0006295265047810972,0.7697056007973941,0.46133069859610665,0.9879376446759259,0.9897840711805556
6,108,0.00020091718761250377,0.0006438062991946936,0.7717544270150456,0.4422078596221076,0.9879804446373457,0.9896267361111111
6,109,0.00019977183546870947,0.0006329002208076417,0.7727237676396782,0.4565602077378167,0.9879810474537037,0.9899576822916667
6,110,0.0001988602743949741,0.000638695084489882,0.7735707447852618,0.44977127181159127,0.9880829234182099,0.98974609375
6,111,0.00019818462897092104,0.0006421703146770597,0.7742712137139873,0.44531324836942887,0.9880823206018519,0.9897894965277778
7,1,0.07960613071918488,0.03092156909406185,-110.95491277671155,-48.11705173916287,0.8968364197530864,0.9908637152777777
7,2,0.0238940566778183,0.01809762790799141,-36.09109006811072,-27.577348126305473,0.9910451630015432,0.9914116753472222
7,3,0.014324279502034187,0.011250394396483898,-20.948728345941614,-16.53359007305569,0.9906153549382716,0.9895290798611112
7,4,0.009263191372156143,0.0075588226318359375,-13.07510370619503,-10.666997443305121,0.9905966676311728,0.9883626302083334
7,5,0.006608297117054462,0.005681258626282215,-8.818629376682235,-7.61108476585812,0.9891173562885802,0.9891655815972222
7,6,0.005111935548484325,0.004341635853052139,-6.42469069192439,-5.522004188431634,0.9900462962962963,0.9908474392361111
7,7,0.00410090247169137,0.003518694778904319,-4.824924857528122,-4.193404738108317,0.9896659191743827,0.9894639756944444
7,8,0.003408167976886034,0.0029530783649533987,-3.7767793478789153,-3.29920920530955,0.9878954475308642,0.9852918836805555
7,9,0.0028819898143410683,0.002704016165807843,-2.986302558875378,-2.8313018321990966,0.9856776861496913,0.9836154513888888
7,10,0.0025137141346931458,0.0022540423087775707,-2.4224629802468383,-2.173051208919949,0.984741512345679,0.98564453125
7,11,0.002249888377264142,0.0021034067030996084,-2.0128750169718708,-1.862042366133796,0.9840983072916667,0.9819769965277778
7,12,0.0020005686674267054,0.0018820820841938257,-1.6261681690628147,-1.5306238214174905,0.9829378858024691,0.9817762586805555
7,13,0.0018232811708003283,0.0015793904894962907,-1.358573348728227,-1.1200843122270372,0.9827058015046296,0.9857313368055556
7,14,0.001680887071415782,0.0014219072181731462,-1.132019293896946,-0.9215178052584331,0.9819631317515433,0.9875813802083333
7,15,0.001520060934126377,0.0014909482561051846,-0.9157323347197639,-0.900846348868476,0.9825321903935185,0.9814453125
7,16,0.0014195109251886606,0.0014738227473571897,-0.7597925449595039,-0.8551068160268995,0.9810691550925926,0.9787217881944444
7,17,0.001342671923339367,0.0016320452559739351,-0.6448584956887328,-0.9585121790568034,0.9809365354938272,0.9823025173611111
7,18,0.0012738192453980446,0.0012950950767844915,-0.5357568155100316,-0.6370940102471245,0.980517578125,0.9819769965277778
7,19,0.0011893475893884897,0.0012369074393063784,-0.4304869685643985,-0.4838409291373359,0.9814175829475309,0.9816786024305556
7,20,0.0011429758742451668,0.0013098269701004028,-0.35241986557289406,-0.5385989016956754,0.9805682146990741,0.9821234809027778
7,21,0.0010935052996501327,0.001283096382394433,-0.287086484020139,-0.48263479868570963,0.980712287808642,0.9813313802083333
7,22,0.0010404323693364859,0.0012917604763060808,-0.21201246873832044,-0.4940623031722175,0.9808605806327161,0.9763075086805556
7,23,0.001011454500257969,0.0009870562935248017,-0.1672367016474406,-0.1635740147696601,0.9802119502314814,0.9833658854166667
7,24,0.0009410075144842267,0.00101456546690315,-0.08002815261299227,-0.18881510628594292,0.9803114149305555,0.9877766927083333
7,25,0.0009733420447446406,0.0009292142931371927,-0.09582807178850528,-0.08676751852035522,0.9810112847222222,0.9820041232638889
7,26,0.0008953463402576745,0.0009106089128181338,-0.018336231620223433,-0.0663454122013516,0.9799925250771605,0.9813096788194444
7,27,0.0008682489860802889,0.0008393615717068315,0.02076542936725381,0.040107107162475585,0.9803976176697531,0.9821343315972222
7,28,0.0008304304210469127,0.0010157272918149829,0.07714625376242179,-0.13676194217469956,0.9806694878472222,0.9828233506944445
7,29,0.0007993103936314583,0.0008562571601942182,0.11237019491784367,0.02882858779695299,0.980052203896605,0.984912109375
7,30,0.0007943707751110196,0.0008011391619220376,0.11863854372942889,0.08034577899509006,0.9799195842978395,0.9815646701388889
7,31,0.0007542483508586884,0.0010766778141260147,0.17218778000937568,-0.1528966718249851,0.979954547646605,0.9772840711805556
7,32,0.000758834183216095,0.0008116588578559458,0.16569433285866256,0.09576522376802232,0.9801305700231482,0.9822102864583333
7,33,0.0007155188359320164,0.0009114810964092612,0.21124648017647826,0.01587559117211236,0.9795934606481481,0.9810112847222222
7,34,0.0006999407196417451,0.0008363376255147159,0.24372933676213393,0.06508150498072306,0.9795886381172839,0.9761338975694445
7,35,0.0006917397840879858,0.0007786995265632868,0.2531967659055451,0.14349436495039197,0.9801661361882716,0.9791124131944444
7,36,0.0006888241041451693,0.000808412441983819,0.2638298863246117,0.1222451859050327,0.9797550154320988,0.9804253472222222
7,37,0.0006596259190700948,0.0008294208673760295,0.2951892069828363,0.0937788036134508,0.9801052517361111,0.9831108940972222
7,38,0.0006633594166487455,0.0006750356405973434,0.29341756797131197,0.27169104946984185,0.9801317756558642,0.9803059895833334
7,39,0.000632729206699878,0.000713254907168448,0.3291701596460225,0.21674000819524128,0.9798382040895062,0.9844509548611111
7,40,0.0006247416604310274,0.0006446194602176547,0.33862722405680906,0.32332292397816975,0.9801124855324074,0.9822591145833334
7,41,0.000605663051828742,0.0007435053121298552,0.3526430915903162,0.19468923012415568,0.9803319106867284,0.9829481336805556
7,42,0.0005829161964356899,0.0006639854982495308,0.3867236075577912,0.2907617939843072,0.9801438319830247,0.9822699652777778
7,43,0.0005692385020665824,0.0008341206703335047,0.4015002918832096,0.12821508513556587,0.9803313078703704,0.9803765190972222
7,44,0.0005895257345400751,0.0006918552098795772,0.3815738732432142,0.2841318607330322,0.980446445794753,0.9807508680555556
7,45,0.0005696389125660062,0.0008015104685910046,0.40553850656674234,0.20139353142844307,0.9802746431327161,0.9794487847222222
7,46,0.0005463579436764121,0.0008222719188779593,0.43052370916178195,0.13390773402320014,0.9803692853009259,0.9780436197916667
7,47,0.0005418594228103757,0.0007393385749310255,0.43943236271540326,0.16109004418055217,0.9801359953703703,0.9831759982638889
7,48,0.0005378005444072187,0.0007088261190801859,0.4329229946489687,0.25697312090131974,0.9805006992669754,0.9781467013888889
7,49,0.000500114168971777,0.0007065194076858461,0.4797520285771217,0.25573665698369347,0.9804958767361112,0.9820095486111111
7,50,0.0004819480236619711,0.0006559015600942075,0.4947812833903748,0.3268849598036872,0.9810251494984568,0.9830295138888889
7,51,0.0004653033975046128,0.0006278080400079489,0.5106634376961507,0.35602602163950603,0.9816436390817901,0.98212890625
7,52,0.0004584130074363202,0.000673150469083339,0.5195730126934287,0.3147761331664191,0.9815230758101852,0.9827853732638889
7,53,0.0004505160031840205,0.0006330651813186705,0.5236397615185491,0.3460648629400465,0.9821120273919753,0.9828721788194444
7,54,0.00044386336230672896,0.0006204823148436844,0.5347755245220513,0.36750805377960205,0.9819281684027777,0.9835991753472222
7,55,0.0004287171468604356,0.000664805993437767,0.5469535880618626,0.32931426498625016,0.9822723765432099,0.9831271701388888
7,56,0.000428849714808166,0.0006352259078994393,0.5503899537486795,0.342697729004754,0.9823429060570987,0.982763671875
7,57,0.00042403541738167405,0.0006337413797155023,0.5533655559575116,0.35418296257654824,0.9825599199459877,0.9840766059027778
7,58,0.00041826951201073825,0.000682348501868546,0.5603857084556862,0.3253139164712694,0.9825852382330247,0.9844184027777778
7,59,0.0004051592550240457,0.0006200693314895034,0.5735755573084325,0.3726253734694587,0.9830132378472223,0.9830186631944444
7,60,0.00041518567013554275,0.0006078181322664022,0.5654732764503102,0.38476809395684136,0.982178940007716,0.9850368923611111
7,61,0.0003956897126045078,0.0006265942938625813,0.5841109094796357,0.36133154100841947,0.9828287760416666,0.9844997829861111
7,62,0.0003916583373211324,0.0005868267035111785,0.5866705064420347,0.4053224960962931,0.9831072771990741,0.9840928819444444
7,63,0.00039985222974792123,0.0006456021219491959,0.5805124441782633,0.3434625400437249,0.9828794126157407,0.9823079427083333
7,64,0.00037761160638183355,0.0005828032735735178,0.6015512260389917,0.4223834925227695,0.9829764660493827,0.9855034722222222
7,65,0.000366032327292487,0.0005720205372199416,0.6126002093892039,0.4264102962281969,0.9832977671682098,0.9847547743055556
7,66,0.00036570228985510767,0.0006606283714063466,0.6135819279117348,0.34595148430930245,0.9835352768132716,0.9852593315972222
7,67,0.0003593458386603743,0.0006006906623952091,0.6186880629739644,0.3922345134947035,0.983765552662037,0.98544921875
7,68,0.0003461139276623726,0.0005740553606301546,0.6338294667962157,0.41912771198484633,0.9839054060570988,0.9848849826388889
7,69,0.00033586283097974956,0.0006652567535638809,0.6453758882887569,0.3503362086084154,0.9840018566743827,0.9855143229166666
7,70,0.0003390912897884846,0.0005844681290909648,0.6392488033683211,0.41626231537924874,0.9839506172839506,0.9853135850694444
7,71,0.0003310946049168706,0.0005415430059656501,0.6537461744414436,0.4634122822019789,0.9839964313271605,0.9858995225694445
7,72,0.0003175520396325737,0.0005993598024360836,0.665631091741868,0.39878393014272057,0.984424430941358,0.9850423177083333
7,73,0.0003128458047285676,0.0005657378351315856,0.6690795692396753,0.45175888803270126,0.9843870563271605,0.9861599392361111
7,74,0.00030678039183840156,0.0006057049613445997,0.6731689276518645,0.4057543370458815,0.9844346788194445,0.9842827690972222
7,75,0.00030127904028631747,0.0005325558595359325,0.6843491264331488,0.4764583388964335,0.9845154562114198,0.9874674479166666
7,76,0.0002922301064245403,0.0005457140505313873,0.691374040974511,0.4570737494362725,0.9850194106867284,0.986328125
7,77,0.0002941132988780737,0.0006353405769914389,0.6902335062439059,0.37224081092410616,0.9848934220679012,0.9862847222222222
7,78,0.00029256538255140185,0.0005631243111565709,0.6912902185946335,0.4425699710845947,0.9850471402391975,0.9865397135416667
7,79,0.0002858951629605144,0.000620276783592999,0.700326152348224,0.39016873704062566,0.9850296585648148,0.9865939670138889
7,80,0.0002823899849317968,0.0005883451085537672,0.7044345533406293,0.41418184439341227,0.9848831741898149,0.9862196180555556
7,81,0.00029095227364450693,0.0005478687817230821,0.6948676196145422,0.45101746718088787,0.9849404417438271,0.9856879340277778
7,82,0.0002815657062456012,0.0006357092643156648,0.7034495908537028,0.37581879695256554,0.9851255063657407,0.985205078125
7,83,0.00027380441315472126,0.0005354657769203186,0.7113315209930325,0.47304027610354954,0.9851369598765433,0.9861599392361111
7,84,0.00025222901604138315,0.0005230290116742253,0.733223627820427,0.4932807140880161,0.9855999228395061,0.9871419270833334
7,85,0.0002327918482478708,0.0005350573919713497,0.7515002636261928,0.480968976020813,0.9859489535108025,0.9877495659722222
7,86,0.00022618850925937295,0.0005101171554997563,0.7577683333997374,0.5052951163715786,0.986326919367284,0.9881022135416667
7,87,0.000218071902054362,0.0005206317873671651,0.765746369626787,0.49659544229507446,0.9865071614583333,0.9883029513888889
7,88,0.00021662093058694154,0.0005225933855399489,0.7667045884662205,0.4939255661434597,0.9865198206018518,0.9890353732638889
7,89,0.00021316460333764553,0.0005260439356788993,0.7718517662566385,0.48960989846123587,0.9867320119598766,0.988134765625
7,90,0.00020855292677879333,0.0005512423813343048,0.7759935331933292,0.46704818805058795,0.986817009066358,0.98779296875
7,91,0.00021030669449828565,0.0005493685603141785,0.7733056895526839,0.47132874462339613,0.9868905526620371,0.9884114583333333
7,92,0.00020572857465595007,0.0005326052196323872,0.7793045947581162,0.48312401506635877,0.9869068287037037,0.9885850694444445
7,93,0.00020393106387928128,0.0005708062089979649,0.7813076122307483,0.4527778877152337,0.9870816454475309,0.9885416666666667
7,94,0.00020319149189163,0.0005307455430738628,0.7820386579007278,0.492571050590939,0.9870502989969135,0.9889268663194445
7,95,0.0001973265316337347,0.0005336827016435564,0.7879450825997341,0.48986026181115044,0.9873016734182098,0.9889594184027778
7,96,0.00018944518524222076,0.0005455873324535787,0.7946529990361061,0.47378906011581423,0.9873438705632716,0.989306640625
7,97,0.00018739840015769005,0.0005427497671917081,0.7960112161106534,0.48182637559043034,0.9875319492669753,0.9893283420138889
7,98,0.00018505823391024023,0.0005455983337014914,0.7991663037994762,0.4743934035301208,0.9876494984567902,0.9891438802083333
7,99,0.000183475436642766,0.000556793762370944,0.7997031388459382,0.4647552529970805,0.9876922984182098,0.9891927083333333
7,100,0.00018201139755547047,0.0005502474959939718,0.8015569196807013,0.47069420284695096,0.9877869405864198,0.9893825954861111
7,101,0.00018064610776491463,0.0005687981611117721,0.8032138912766068,0.4511704126993815,0.9878436053240741,0.98916015625
7,102,0.0001797345612430945,0.0005685180658474565,0.8038441059030133,0.45129075712627836,0.9878815827546297,0.98935546875
7,103,0.00017710617976263165,0.0005548695335164666,0.8065121635978605,0.46584865517086455,0.9879509066358024,0.9892415364583333
7,104,0.00017538387328386307,0.0005519322585314512,0.8082459541014683,0.46923964553409153,0.988014805169753,0.9894097222222222
7,105,0.00017440749797970057,0.0005524568259716034,0.8090750560348416,0.4666798750559489,0.9880696614583333,0.9895345052083333
7,106,0.00017372563888784498,0.0005568494088947773,0.8096443981300165,0.46583312617407907,0.9880738811728395,0.9894205729166666
8,1,0.082597516477108,0.0388290174305439,-131.55463982099369,-64.47811781565348,0.5328426408179012,0.9941514756944444
8,2,0.03006869927048683,0.021664146333932877,-45.40493789955422,-35.29745964474148,0.9944980951003086,0.9933973524305556
8,3,0.017404749989509583,0.013515145517885685,-25.897674099604288,-21.311494233873155,0.9930362654320988,0.9917588975694445
8,4,0.01118826400488615,0.008961335755884647,-15.861876465950482,-13.645207299126518,0.9915346498842592,0.992529296875
8,5,0.007984118536114693,0.007172497920691967,-10.770671558380126,-10.290198251936172,0.9904833381558642,0.9890679253472222
8,6,0.006161422468721867,0.005678975954651833,-7.943739386546759,-7.757171201705932,0.9886393229166667,0.9893391927083334
8,7,0.004918678663671017,0.004309515468776226,-6.0884862867402445,-5.726099263297187,0.9885597511574075,0.9867947048611111
8,8,0.004059656988829374,0.0037997630424797535,-4.776008849968145,-4.7130200915866425,0.9872353636188271,0.9879286024305556
8,9,0.0034360052086412907,0.0029328386299312115,-3.826734674712758,-3.519281103875902,0.9867163387345679,0.9909722222222223
8,10,0.0029470757581293583,0.0025281833950430155,-3.0984356812488887,-2.829253170225355,0.9860924238040123,0.9883029513888889
8,11,0.002603434259071946,0.0022360808216035366,-2.570374274106673,-2.3687653568055893,0.9852924864969136,0.98486328125
8,12,0.002341514453291893,0.0020764798391610384,-2.1812080998479586,-2.0649120012919107,0.9846914785879629,0.9803765190972222
8,13,0.00211111968383193,0.001870883395895362,-1.8178736364399946,-1.7129764848285252,0.9833532262731481,0.9854926215277777
8,14,0.0019149999134242535,0.0017287780065089464,-1.5123734126856299,-1.5158059729470148,0.983618465470679,0.9843912760416667
8,15,0.0017475984059274197,0.00164401822257787,-1.2680260028368162,-1.2859850154982673,0.9831235532407407,0.9831217447916667
8,16,0.0016368355136364698,0.001351312967017293,-1.0824458222330353,-0.9206119431389703,0.9828468605324074,0.9852810329861111
8,17,0.0014993585646152496,0.0012724717380478978,-0.9044457387041163,-0.7864516695340474,0.9829035252700618,0.9842827690972222
8,18,0.0013998213689774275,0.0014126524329185486,-0.7485991098262645,-0.8753210398885939,0.9824291087962963,0.978857421875
8,19,0.0013540803920477629,0.0011898954398930073,-0.6679059808636889,-0.5934802691141764,0.9814404899691358,0.9813259548611111
8,20,0.0012498792493715882,0.0014610697980970144,-0.5322536883530793,-0.8434423592355517,0.9823133680555556,0.9765407986111111
8,21,0.001215861295349896,0.0012315522180870175,-0.45281772598808195,-0.5888873497645061,0.9814350646219135,0.974951171875
8,22,0.0011572027578949928,0.0008930846815928817,-0.38687654336293537,-0.16779136657714844,0.981177662037037,0.9844943576388889
8,23,0.0010849351529031992,0.0010494275484234095,-0.27821499447763703,-0.3253476752175225,0.9815960165895061,0.9780436197916667
8,24,0.001048036152496934,0.000972872949205339,-0.23569207220901678,-0.21755529112286037,0.981322337962963,0.9829372829861112
8,25,0.0009976469445973635,0.0009910815861076117,-0.1671486638210438,-0.20464891725116305,0.9816683545524691,0.9802951388888889
8,26,0.0009803443681448698,0.0008197224233299494,-0.12829972446700674,-0.044504578908284506,0.9807201244212963,0.9791775173611111
8,27,0.0009471540688537061,0.0007961587398312986,-0.09222078661859771,0.031567394733428955,0.9811101466049382,0.9821940104166667
8,28,0.0008872256148606539,0.0007530908333137631,-0.011853241184611379,0.07778408924738565,0.9807767891589506,0.982568359375
8,29,0.0008591045625507832,0.0007880338816903532,0.02423133334995788,0.04320706261528863,0.9811650028935185,0.9812662760416667
8,30,0.0008561952272430062,0.0007569013396278024,0.043337644029546665,0.10925642649332683,0.9806996286651235,0.9828342013888889
8,31,0.0008112883660942316,0.0007166056893765926,0.09594448642966188,0.13342061042785644,0.981078800154321,0.9799370659722222
8,32,0.0007881605997681618,0.0008291770936921239,0.12455549446153052,0.06461230119069418,0.9810812114197531,0.9753038194444444
8,33,0.0007754834368824959,0.0007841493934392929,0.1423486394646727,0.12010936869515312,0.9809359326774691,0.9759928385416666
8,34,0.0007692180806770921,0.0006052608950994909,0.1577878291224256,0.29130776590771146,0.9806435667438271,0.9843044704861111
8,35,0.0007193612400442362,0.0007254977826960385,0.21305046670230818,0.18951794306437175,0.9810830198688272,0.9774631076388889
8,36,0.0006942159379832447,0.0007352153770625591,0.2446722960766451,0.1446069280306498,0.9807659384645062,0.9801595052083333
8,37,0.0007019184995442629,0.000557740917429328,0.2368724877451673,0.34897520144780475,0.9811607831790123,0.9823079427083333
8,38,0.000667110551148653,0.0005680731264874339,0.27786093950271606,0.34592486222585045,0.9806942033179012,0.978759765625
8,39,0.000665404717437923,0.0006032027304172516,0.2820954734896436,0.3251586543189155,0.9809594425154321,0.9768880208333334
8,40,0.0006654537282884121,0.0005756306927651167,0.2858943671356013,0.36710735691918267,0.9807785976080247,0.9821614583333333
8,41,0.0006347779417410493,0.0006306168506853282,0.31409088755831305,0.329131903913286,0.9810155044367284,0.9826117621527778
8,42,0.0006280507077462971,0.0005946141318418086,0.3258495439717799,0.31494646204842464,0.9813994984567901,0.9789930555555556
8,43,0.0006172007415443659,0.0005199115257710218,0.3305441709212315,0.4064978970421685,0.980615837191358,0.9804578993055556
8,44,0.0005997065454721451,0.0005247762892395258,0.3548226515452067,0.43677142858505247,0.9812289014274691,0.9832085503472222
8,45,0.0005791815347038209,0.0005130944191478193,0.3885294253443494,0.43156789011425445,0.9811583719135802,0.9797905815972222
8,46,0.0005705410148948431,0.000644075742457062,0.3965064769909706,0.2861049347453647,0.9811125578703703,0.9754937065972222
8,47,0.0005672796978615224,0.000533891434315592,0.3997157133655784,0.43800575600730046,0.9811107494212963,0.9803439670138889
8,48,0.0005520191043615341,0.0005409871228039265,0.42211193685178405,0.39720064931445653,0.9811674141589506,0.9817328559027778
8,49,0.0005252743139863014,0.0004637114470824599,0.4412475007551688,0.5172593805525038,0.981667148919753,0.9811903211805556
8,50,0.0005247180233709514,0.0004911671276204288,0.4517507480986324,0.46329010327657066,0.9814899209104938,0.9782063802083333
8,51,0.0005103273433633149,0.0005256081931293011,0.4609918307375025,0.4562205327881707,0.9814272280092593,0.9825412326388889
8,52,0.0004940946819260716,0.0005422205431386828,0.4848997707720156,0.4209231681293911,0.9820776668595679,0.9762098524305556
8,53,0.0005066660232841969,0.0005759969353675842,0.4678894441804768,0.4094012167718675,0.9807050540123456,0.9781467013888889
8,54,0.00048492831410840154,0.0005096847889944911,0.4935862567689684,0.4639837304751078,0.9819456500771605,0.9795952690972223
8,55,0.0004745582118630409,0.0005529613699764013,0.5095330544459967,0.4225808276070489,0.9817654079861111,0.9783148871527778
8,56,0.00048475281801074743,0.0005269373068585992,0.4956633297013648,0.4588918301794264,0.9819757908950617,0.9806749131944444
8,57,0.00046704799751751125,0.0005029808380641043,0.5131882279007524,0.48078239493899877,0.9822536892361111,0.9791449652777777
8,58,0.0004363009938970208,0.00042235368164256215,0.5438188164322465,0.5698016934924656,0.982617790316358,0.9851671006944445
8,59,0.0003953214909415692,0.00045126493205316365,0.5842028676727672,0.5352643013000489,0.9832073447145062,0.9843098958333333
8,60,0.00038427970139309764,0.00044170039473101497,0.591410889301771,0.5488051931063335,0.9835310570987654,0.9844943576388889
8,61,0.00037332111969590187,0.0004609246097970754,0.6037536172219264,0.5360429525375366,0.9837498794367284,0.9839952256944444
8,62,0.00036728393752127886,0.000502265989780426,0.6099566243312977,0.4896058956782023,0.9839096257716049,0.9837673611111111
8,63,0.0003681486123241484,0.000488613557536155,0.6119495359467871,0.5062387400203281,0.9840259693287037,0.9844184027777778
8,64,0.0003598936600610614,0.0004448501276783645,0.6163935244819264,0.5515510823991564,0.9840977044753086,0.9858506944444444
8,65,0.00035198216210119426,0.0004685796448029578,0.6300500153023519,0.534298919306861,0.9841917438271605,0.9852430555555556
8,66,0.0003513488918542862,0.0004455350572243333,0.6260202178248653,0.5652591745058696,0.9842900028935185,0.9848198784722222
8,67,0.000331164279486984,0.0004527948040049523,0.6493387136930301,0.5567019449339973,0.9844413097993827,0.9857421875
8,68,0.0003205452812835574,0.0004460440541151911,0.6592069047468679,0.5640246272087097,0.9848313319830246,0.9866590711805555
8,69,0.0003123358474113047,0.0004491307190619409,0.667159437103036,0.5586278279622395,0.984938030478395,0.9861165364583333
8,70,0.0003064663615077734,0.0004763043252751231,0.6737470004293654,0.5371302750375536,0.985129726080247,0.9856770833333334
8,71,0.0003055749402847141,0.00045114746899344027,0.6740917994652266,0.5608243624369303,0.9851592640817901,0.9863878038194445
8,72,0.00030040612909942865,0.0004635814402718097,0.6782094063582244,0.5489313695165846,0.9853063512731481,0.9858940972222222
8,73,0.00029306067153811455,0.0004656313103623688,0.6857038414036786,0.5456595606274075,0.9854871961805556,0.9864854600694445
8,74,0.00029432118753902614,0.00045013517956249416,0.6840623100598653,0.5615676244099935,0.9855287905092592,0.9873643663194445
8,75,0.0002843388938345015,0.0004753809771500528,0.693627510688923,0.5408787780337864,0.9857042100694444,0.9868435329861112
8,76,0.00028161494992673397,0.00046059739543125033,0.6955174234178331,0.555078215069241,0.9857385706018519,0.9870171440972222
8,77,0.00027665618108585477,0.0004627597227226943,0.7013195198259236,0.5538877765337626,0.9859055507330247,0.9872233072916666
8,78,0.0002739416959229857,0.00045788034913130105,0.704173763151522,0.5586150262090895,0.9859103732638889,0.9874620225694445
9,1,0.1258479207754135,0.06343376636505127,-191.86079285939533,-107.6996284061008,0.9538128134645062,0.9949544270833334
9,2,0.048039473593235016,0.035057976841926575,-73.3923678998594,-58.60552563137478,0.9950786072530864,0.9944715711805555
9,3,0.027878325432538986,0.02155432105064392,-41.927272483448924,-35.2758849673801,0.9947687596450617,0.9944227430555556
9,4,0.01802724599838257,0.014802413992583752,-26.509037962077578,-23.55252191755507,0.9945167824074074,0.9940158420138889
9,5,0.012839701026678085,0.01124386116862297,-18.32686935354162,-17.190483167436387,0.9942810812114198,0.9932996961805556
9,6,0.009863251820206642,0.008598617278039455,-13.709623273802393,-12.807397095362345,0.9939133632330247,0.9933485243055555
9,7,0.007914064452052116,0.0068437266163527966,-10.593041448239926,-9.863208039601643,0.9932882426697531,0.9925401475694444
9,8,0.0064704082906246185,0.005821792874485254,-8.428723062114951,-8.062278323703342,0.991431568287037,0.9906087239583333
9,9,0.005424832459539175,0.005141261965036392,-6.840451061578444,-6.7744803375668,0.9898992091049382,0.9883843315972223
9,10,0.004631057381629944,0.00421307235956192,-5.615899723547476,-5.440039534038967,0.9870997299382716,0.9870225694444444
9,11,0.004004244692623615,0.0036325091496109962,-4.661026758617825,-4.487688824865553,0.9853443287037037,0.9898708767361111
9,12,0.0035396553575992584,0.0034091181587427855,-3.9488964819613797,-3.993382059203254,0.9842128423996913,0.983935546875
9,13,0.003136203857138753,0.0027853422798216343,-3.339813710730753,-3.114010302225749,0.9831567081404321,0.9881239149305555
9,14,0.0028072018176317215,0.0025441439356654882,-2.8544743122877896,-2.7209705140855576,0.9824658805941358,0.9855631510416667
9,15,0.0025399355217814445,0.0024890312924981117,-2.4737840740769,-2.5074319971932306,0.9825719762731482,0.9824055989583333
9,16,0.0023450860753655434,0.0021143779158592224,-2.1544005894366607,-2.0358600086636014,0.981567081404321,0.989208984375
9,17,0.0021521684248000383,0.001892628613859415,-1.8821766061547363,-1.6900846666759914,0.9823447145061729,0.9887912326388889
9,18,0.0019707095343619585,0.001992980483919382,-1.613826200991501,-1.6959038151635064,0.9814772617669754,0.9882215711805555
9,19,0.0018697602208703756,0.0016924114897847176,-1.4603101054827372,-1.3686869978904723,0.9815640673225309,0.9855577256944444
9,20,0.001742986380122602,0.001817435142584145,-1.2680832536132247,-1.4017813563346864,0.9812674816743827,0.9842990451388889
9,21,0.001653542509302497,0.0015976567519828677,-1.1359247260623508,-1.1276370657814874,0.9810679494598765,0.9812065972222223
9,22,0.0015302980318665504,0.0016619940288364887,-0.9667504245852246,-1.1172281556659274,0.9816508728780864,0.9773817274305555
9,23,0.0014789383858442307,0.0017187823541462421,-0.8840342621744415,-1.1897979762819078,0.9810956790123457,0.9838053385416666
9,24,0.0014464176492765546,0.0013787969946861267,-0.8328844729764961,-0.7648413446214464,0.98115234375,0.979638671875
9,25,0.001326448516920209,0.0012120557948946953,-0.6628987012086092,-0.5666767477989196,0.9806984230324074,0.9858778211805556
9,26,0.0012560803443193436,0.0012596077285706997,-0.5709289477195268,-0.5684042533238729,0.9810281635802469,0.9839029947916667
9,27,0.0012186288367956877,0.0011230823583900928,-0.5019913087656469,-0.39501399331622655,0.9807653356481482,0.985888671875
9,28,0.0011493486817926168,0.0012221363140270114,-0.4266730714727331,-0.46516699261135525,0.9805127555941358,0.9847601996527777
9,29,0.0011010789312422276,0.0011516624363139272,-0.3412997980176667,-0.40429120593600804,0.9809389467592593,0.9751139322916667
9,30,0.001073706429451704,0.0010613102931529284,-0.31058644630290844,-0.28535440100563897,0.9806670765817901,0.9797200520833333
9,31,0.0011016747448593378,0.001168649410828948,-0.29897352162702584,-0.3761521750026279,0.9800974151234568,0.9834418402777778
9,32,0.00105572072789073,0.0010714140953496099,-0.25220427086323866,-0.2572636683781942,0.9805025077160494,0.9829155815972223
9,33,0.000991197070106864,0.0009942887118086219,-0.18459031037342402,-0.21441313293245104,0.9796302324459877,0.976513671875
9,34,0.0009439970599487424,0.001013191882520914,-0.1223106215029587,-0.1541050844722324,0.9801372010030864,0.98154296875
9,35,0.0009113269625231624,0.0009276990313082933,-0.07553734985398658,-0.10708456569247776,0.9805766541280864,0.9846299913194444
9,36,0.0008949958719313145,0.0010222266428172588,-0.056684575993337746,-0.2092790378464593,0.9804217303240741,0.9812934027777778
9,37,0.0008517211535945535,0.0009522871114313602,-0.0006419580659748596,-0.05968359311421712,0.9805603780864197,0.9791937934027778
9,38,0.00083162757800892,0.000799671106506139,0.02657816395347501,0.09400053686565824,0.9803029755015432,0.9816948784722223
9,39,0.0008022699039429426,0.0009191419230774045,0.060125272362320514,-9.976625442504883e-05,0.9805953414351852,0.9816297743055555
9,40,0.0007851990521885455,0.0009065975318662822,0.08720089241310403,0.014035770628187392,0.9810715663580247,0.9788736979166667
9,41,0.000777501380071044,0.0009095729328691959,0.10555089491385,0.01082800096935696,0.9803554205246914,0.9805989583333333
9,42,0.000765102100558579,0.000946145155467093,0.12721602489918837,-0.03453939093483819,0.9805537471064815,0.9807671440972222
9,43,0.000726673228200525,0.000853189209010452,0.1658040212996212,0.07763919962777031,0.9806610484182099,0.9803548177083333
9,44,0.0007055640453472733,0.0008687900844961405,0.1825421323010951,0.05273584259880914,0.9809889805169754,0.9799479166666667
9,45,0.0006948932423256338,0.0007584084523841739,0.20454297713291497,0.19847762717141046,0.9802535445601852,0.9810709635416667
9,46,0.0006765525322407484,0.0007129918085411191,0.2284440415876883,0.24666750695970324,0.9814501350308642,0.9817545572916667
9,47,0.0006462377496063709,0.0007611626642756164,0.26606075130862955,0.19188950326707627,0.9810649353780864,0.9814724392361112
9,48,0.0006515402346849442,0.0007349284715019166,0.255284787107397,0.25211516088909575,0.9812903886959876,0.9802897135416667
9,49,0.0006290137534961104,0.0007298364071175456,0.28623406842902854,0.2282732407251994,0.9811644000771605,0.9803927951388889
9,50,0.0006073471740819514,0.0007628984749317169,0.3084504282033002,0.20985360278023613,0.9812391493055556,0.9825303819444444
9,51,0.0005854277405887842,0.0006916583515703678,0.33886385361353555,0.28947947290208603,0.9814778645833333,0.9821017795138889
9,52,0.0005800325889140368,0.0007120091468095779,0.3506684053091355,0.25168988837136164,0.9816846305941358,0.9822970920138889
9,53,0.0005694333231076598,0.0008000264642760158,0.35817798376083376,0.2010195665889316,0.9816267602237654,0.9812554253472222
9,54,0.0005798581405542791,0.000772796745877713,0.3528546726262128,0.23260806534025405,0.9814573688271605,0.9798285590277778
9,55,0.0005496777594089508,0.0008167933556251228,0.3821146990046089,0.11434541940689087,0.9817485291280864,0.9788465711805555
9,56,0.000563262845389545,0.0006613596924580634,0.37059430060563264,0.3471749809053209,0.9818383487654321,0.9807345920138889
9,57,0.0005285584484227002,0.0006893450627103448,0.40712605199696106,0.26769717666837906,0.9819474585262346,0.9798231336805555
9,58,0.0005049018654972315,0.0007932882290333509,0.4404288805561301,0.23644903633329603,0.9823169849537037,0.9825520833333333
9,59,0.0005166310584172606,0.0006444272003136575,0.41696268378952406,0.33882185882992216,0.9824508101851852,0.9803927951388889
9,60,0.00047885524691082537,0.0007422439521178603,0.4618311936472669,0.2134630454911126,0.9823935426311728,0.9845648871527778
9,61,0.0004976546042598784,0.0006905058398842812,0.44128775493598277,0.29675334956910876,0.9823863088348765,0.980517578125
9,62,0.0004771363455802202,0.0006045590853318572,0.46618252448093744,0.39659029907650417,0.9827540268132716,0.9841362847222223
9,63,0.0004602767003234476,0.000610173330642283,0.48507647190564945,0.39179922342300416,0.9832296489197531,0.9835828993055555
9,64,0.0004415050789248198,0.0006580804474651814,0.5068551872983391,0.36166976425382824,0.9838023244598766,0.9826171875
9,65,0.00042598985601216555,0.0007428010576404631,0.5281811789230064,0.26582567559348214,0.9834291811342593,0.9804958767361112
9,66,0.0004227265599183738,0.0006284642731770873,0.5291350158644311,0.37558688984976873,0.9835280430169753,0.9832628038194444
9,67,0.0004044767701998353,0.0006688953726552427,0.5479748048900086,0.37096640666325886,0.9837480709876543,0.9852105034722223
9,68,0.0003949188976548612,0.0005913937347941101,0.5610576098347888,0.41531138287650216,0.9840356143904321,0.9859429253472223
9,69,0.0003994172438979149,0.0005724581424146891,0.5581852709805524,0.44618408150143096,0.9841471354166667,0.9851182725694444
9,70,0.0003779000835493207,0.0006360153784044087,0.5790431880656584,0.3830952750311957,0.9845570505401234,0.9835123697916667
9,71,0.0003993161371909082,0.0005959398113191128,0.5544215259728609,0.4253482037120395,0.983959659529321,0.9830240885416667
9,72,0.00041607642197050154,0.0006000196444801986,0.5465972008528532,0.4379037102063497,0.9835425106095679,0.9833658854166667
9,73,0.0003717740182764828,0.000547494855709374,0.5897458105911443,0.4771568364567227,0.9841025270061728,0.9841742621527778
9,74,0.00035488553112372756,0.0006166704697534442,0.6070092261573414,0.39379339615503944,0.9846619405864198,0.9842122395833334
9,75,0.0003601422067731619,0.0006780989351682365,0.6019858956336975,0.357902729511261,0.9847740644290124,0.98349609375
9,76,0.00035274465335533023,0.0005898508243262768,0.6084501604975006,0.4223463124699063,0.9848289207175925,0.9847439236111111
9,77,0.00032575876684859395,0.0005105463205836713,0.6390972870367545,0.5309042122628954,0.9853129822530864,0.9873589409722222
9,78,0.0003282974357716739,0.0005529211484827101,0.6382423590730738,0.4711651086807251,0.985352165316358,0.98525390625
9,79,0.00033057667315006256,0.0005290629342198372,0.6339431918697592,0.5094376564025879,0.9852744020061729,0.9863986545138889
9,80,0.000329769856762141,0.0005101721035316586,0.639712858788761,0.5302041053771973,0.9851960358796297,0.9875434027777777
9,81,0.0003147569950670004,0.0006013322272337973,0.6556087561595587,0.39862478839026555,0.9854950327932098,0.9861165364583333
9,82,0.00030977162532508373,0.0005444335984066129,0.6573054549134808,0.49752072758144805,0.985813922646605,0.9864420572916667
9,83,0.0002954534429591149,0.0005302641657181084,0.6779057231950171,0.5185246666272482,0.9858127170138888,0.9852593315972222
9,84,0.0002860199601855129,0.0005784140666946769,0.685702300954748,0.4469590385754903,0.9859833140432098,0.9865017361111111
9,85,0.0002873746561817825,0.0005296245799399912,0.6848029354472219,0.5138100292947557,0.986036361882716,0.9870822482638889
9,86,0.000288841751171276,0.0005450245225802064,0.6802475169852927,0.4977875418133206,0.9860273196373457,0.9857313368055556
9,87,0.0002904835273511708,0.0005121298599988222,0.6837585471294544,0.5319285657670763,0.9857861930941358,0.9869954427083333
9,88,0.00030497738043777645,0.0005503374268300831,0.6694455433774877,0.5032612813843621,0.9853889371141975,0.9846896701388889
9,89,0.0002696571173146367,0.0005058427341282368,0.7070620786996535,0.5304386271370782,0.9861189477237654,0.9866753472222223
9,90,0.0002455160429235548,0.000508861499838531,0.7296961782891074,0.5435133814811707,0.9868851273148148,0.9886610243055556
9,91,0.00022680677648168057,0.0004988550790585577,0.7497073584132724,0.5485860347747803,0.9873993296682099,0.9884657118055555
9,92,0.00022215988428797573,0.0005208746297284961,0.7524788320800404,0.5393734137217204,0.9876916956018519,0.9883517795138889
9,93,0.0002184964541811496,0.0004962911480106413,0.757588490733394,0.5520260453224182,0.9877815152391975,0.9891764322916666
9,94,0.00021468440536409616,0.0005096393288113177,0.7608624980773455,0.5518057915899489,0.9878966531635802,0.9891710069444445
9,95,0.00020798355399165303,0.0005096391541883349,0.7670767594266821,0.5458376116222805,0.9879937065972222,0.9895073784722223
9,96,0.00020312500419095159,0.0005111618083901703,0.7722903462103855,0.5356868306795756,0.9883433400848766,0.9892198350694444
9,97,0.0002014965284615755,0.000522990187164396,0.7726007513058039,0.5390458067258199,0.9884247202932098,0.9894097222222222
9,98,0.0002003982081077993,0.0005064219003543258,0.7745295061005486,0.5539835916625129,0.9884681230709876,0.98984375
9,99,0.00020223860337864608,0.0005061866831965744,0.7739306613251015,0.5614615413877699,0.988426528742284,0.9901258680555556
9,100,0.0001991046010516584,0.0005220117745921016,0.7779704672318918,0.535220370027754,0.9885898919753087,0.9898600260416667
9,101,0.0001966854906640947,0.0005416761850938201,0.7800009986500681,0.5185628520117865,0.988673683449074,0.9892903645833333
9,102,0.00019366345077287406,0.0005104536539874971,0.7839645683029551,0.5445976244078742,0.9888081114969136,0.9899576822916667
9,103,0.00018048027413897216,0.0005111381178721786,0.7961303521085669,0.5498581608136495,0.989011863425926,0.9903428819444444
9,104,0.00017380405915901065,0.0005200646119192243,0.8027087385271803,0.5444558713171217,0.989259018132716,0.9905056423611112
9,105,0.0001704954484011978,0.0005198265425860882,0.8065120133352869,0.5401945206854079,0.9893922405478395,0.9905002170138889
9,106,0.00016869028331711888,0.00052114378195256,0.8077730137624858,0.5479634245236714,0.9895079812885802,0.9907877604166667
9,107,0.000166898054885678,0.0005270149558782578,0.8092327550605491,0.5390758223003811,0.9896201051311728,0.9904513888888888
9,108,0.00016631194739602506,0.0005420424276962876,0.8101963968924534,0.5268894698884752,0.9896948543595679,0.9909071180555555
9,109,0.00016433489508926868,0.0005338838091120124,0.812444300857591,0.5359582821528117,0.9898304880401234,0.9907497829861112
9,110,0.00016117830818984658,0.0005375950713641942,0.815756842383632,0.530113595061832,0.9898992091049382,0.9907931857638889
9,111,0.00016001478070393205,0.0005409426521509886,0.8164973434106804,0.5280694325764974,0.9899769724151235,0.9908908420138889
9,112,0.00015888742927927524,0.000543363275937736,0.8179545393696538,0.5290380848778619,0.9900239920910494,0.9909016927083333
9,113,0.0001580836542416364,0.0005471111508086324,0.8187081946267022,0.5260706106821696,0.9900854793595679,0.9909233940972222
10,1,0.10322630405426025,0.05326678603887558,-161.03600225801821,-79.18446553548178,0.9574924045138888,0.9948513454861111
10,2,0.04001881927251816,0.028490496799349785,-61.75454221183871,-41.787492222256134,0.9934407552083333,0.9945203993055556
10,3,0.02285509742796421,0.01777512952685356,-34.644755621309635,-25.526021819644505,0.9934739101080247,0.9932183159722222
10,4,0.01496187224984169,0.012211654335260391,-21.88233948401463,-17.075795152452258,0.9922586323302469,0.9933539496527778
10,5,0.010806762613356113,0.009016781114041805,-15.465065866046482,-12.219591575198704,0.9915593653549383,0.9939236111111112
10,6,0.008262572810053825,0.007235619239509106,-11.36238882276747,-9.450006103515625,0.9905201099537037,0.9912923177083334
10,7,0.006574307102710009,0.006032160483300686,-8.698325521857651,-7.590368779500325,0.9892234519675925,0.9818522135416666
10,8,0.005404181778430939,0.004633708856999874,-6.930970741790018,-5.611245086457994,0.9871286651234568,0.9907172309027777
10,9,0.0045258416794240475,0.003961513750255108,-5.554017838725337,-4.6148172749413385,0.9864884741512345,0.98212890625
10,10,0.0038807103410363197,0.003525827545672655,-4.545874974462721,-3.940784600045946,0.9850387008101852,0.98046875
10,11,0.0033793977927416563,0.0030195778235793114,-3.768533886214833,-3.1937642971674602,0.9834924768518518,0.9827202690972222
10,12,0.0030224095098674297,0.0026873701717704535,-3.2127619443116364,-2.7012362506654526,0.9840127073688272,0.9778157552083333
10,13,0.0026934815105050802,0.0026433002203702927,-2.708959255689456,-2.593757666481866,0.9826533564814814,0.9810763888888889
10,14,0.0024124064948409796,0.0022440508473664522,-2.301395880145791,-2.014563348558214,0.982298900462963,0.9823947482638888
10,15,0.0021995489951223135,0.0022514325100928545,-1.9617177682158389,-1.9697810729344687,0.9823025173611111,0.9766167534722222
10,16,0.0020153080113232136,0.0018622211646288633,-1.6880090135115164,-1.4486107296413846,0.9816237461419753,0.9801161024305556
10,17,0.0018720043590292335,0.0017446877900511026,-1.4700549665792488,-1.3051670670509339,0.9818919994212963,0.9836371527777777
10,18,0.0017319328617304564,0.0016657591331750154,-1.2717081796975784,-1.1719526701503329,0.9817027150848765,0.9752658420138889
10,19,0.0016260009724646807,0.0017437266651540995,-1.1171749906775392,-1.2701070467631022,0.9810902536651235,0.9788031684027778
10,20,0.0015297611244022846,0.0013833728153258562,-0.9674245470835838,-0.7801299240854052,0.9812777295524692,0.9810872395833333
10,21,0.001420341432094574,0.0016302400035783648,-0.8155236610659846,-1.0617839495340984,0.9811722366898148,0.9711534288194444
10,22,0.0013867209199815989,0.0012301586102694273,-0.7463936674742051,-0.5784012039502462,0.9802294319058642,0.9837565104166667
10,23,0.0013026236556470394,0.001441685133613646,-0.6273667219244403,-0.7990698496500651,0.9803897810570987,0.97451171875
10,24,0.0012332123005762696,0.0010757213458418846,-0.5316226826773749,-0.3542924417389764,0.9800811390817902,0.9810004340277778
10,25,0.0011551524512469769,0.0012127417139708996,-0.42843783269693825,-0.4872945467631022,0.9803017698688271,0.9805230034722222
10,26,0.0011293746065348387,0.001068429322913289,-0.3851216192598696,-0.31908725367652047,0.9804952739197531,0.9792426215277777
10,27,0.0010736521799117327,0.0010616743238642812,-0.3034942585744976,-0.299269437789917,0.9801980854552469,0.981494140625
10,28,0.0010417260928079486,0.0010487241670489311,-0.2438021202146271,-0.29509644640816585,0.979981071566358,0.9755533854166667
10,29,0.0010019124019891024,0.0010086516849696636,-0.1973658710350225,-0.23627001841862996,0.9797550154320988,0.9841200086805556
10,30,0.0009664797689765692,0.0009925650665536523,-0.14790328314274917,-0.19169632858700222,0.9796242042824074,0.981494140625
10,31,0.0009287421125918627,0.0012722776737064123,-0.09666749194816307,-0.5017485777537029,0.9803198543595679,0.9770616319444444
10,32,0.0009193955920636654,0.001100039342418313,-0.07080417223918585,-0.3021763218773736,0.9799376687885802,0.9747124565972223
10,33,0.0008642928441986442,0.0008527684840373695,-0.01283009523226891,-0.01134565273920695,0.979761646412037,0.983447265625
10,34,0.0008339567575603724,0.0009962385520339012,0.026926280834056713,-0.1697811894946628,0.9805374710648148,0.9771430121527778
10,35,0.0008287912933155894,0.0007692718063481152,0.043493671034589225,0.09769031206766764,0.9799485194830246,0.97900390625
10,36,0.0007978412322700024,0.0009060645243152976,0.08979753741511592,-0.06619817813237508,0.9803915895061729,0.9796061197916667
10,37,0.0007718862616457045,0.0012516621500253677,0.11273786962768179,-0.41130073732799954,0.9799232011959876,0.9756727430555555
10,38,0.0007786923088133335,0.0009847020264714956,0.11374873541019581,-0.17296499808629354,0.9800630545910494,0.9762044270833333
10,39,0.000751406536437571,0.0007840483449399471,0.14595818254682752,0.10002332925796509,0.9799177758487654,0.9789822048611111
10,40,0.000724522047676146,0.0007380886236205697,0.19145266833128752,0.15819650888442993,0.9801866319444444,0.9786295572916667
10,41,0.0006907772039994597,0.0006424321909435093,0.2271991851889057,0.25907479657067195,0.9805296344521605,0.9784613715277778
10,42,0.0006684793042950332,0.0006940060993656516,0.25310964584350587,0.19465103016959295,0.9806122202932098,0.9787380642361111
10,43,0.0006806744495406747,0.000677769654430449,0.24458713016392272,0.22755257421069675,0.9805362654320988,0.978515625
10,44,0.000648605520837009,0.0006914730765856802,0.28069868867779957,0.22135136789745755,0.9805947386188272,0.9765299479166667
10,45,0.0006272154860198498,0.0007467378163710237,0.30871357520421344,0.16913070678710937,0.9808165750385802,0.9794867621527777
10,46,0.0006380795384757221,0.0006949007511138916,0.3031413696430348,0.2246507551934984,0.9808762538580247,0.9778917100694444
10,47,0.000615651544649154,0.0007426001830026507,0.3201923193754973,0.18231039577060276,0.980492862654321,0.9766167534722222
10,48,0.0006157596362754703,0.0005934936343692243,0.32852634794918106,0.33798724280463327,0.9807900511188271,0.9786024305555555
10,49,0.0005768720293417573,0.0007179498206824064,0.37049645435662915,0.20432263215382893,0.9810763888888889,0.9795844184027778
10,50,0.000585086178034544,0.0007100686198100448,0.3618023112968162,0.21211998330222237,0.981054084683642,0.9785807291666667
10,51,0.0005698268068954349,0.0006295419880189002,0.3832418246033751,0.3023584961891174,0.9807466483410494,0.9817003038194444
10,52,0.0005623976467177272,0.0005495002260431647,0.3879642093623126,0.40621157354778714,0.9814025125385802,0.9821723090277777
10,53,0.0005398734356276691,0.0006066494388505816,0.415993591149648,0.3423726717631022,0.9816201292438271,0.9787706163194444
10,54,0.0005270374240353703,0.0006341425469145179,0.4320346271550214,0.31051890320248077,0.9814103491512346,0.9771375868055555
10,55,0.0005196044803597033,0.0006244790856726468,0.4477807022907116,0.3092358430226644,0.9810878423996914,0.9821940104166667
10,56,0.000511087360791862,0.000557900290004909,0.4540494799613953,0.37888997395833335,0.9816339940200617,0.9824490017361112
10,57,0.0005149624776095152,0.0006368608446791768,0.45171071938526486,0.30033991866641574,0.9818919994212963,0.9778049045138889
10,58,0.0004903646768070757,0.0005535704549401999,0.47495451326723453,0.4022923429807027,0.9819546923225309,0.9844075520833333
10,59,0.0004719334829133004,0.0005693629500456154,0.49671985617390385,0.38503979709413316,0.9822042582947531,0.9835123697916667
10,60,0.0004655203374568373,0.0005166865303181112,0.505434642456196,0.43882688019010757,0.9822024498456791,0.9833116319444445
10,61,0.0004528420977294445,0.0005513584474101663,0.5124062872227327,0.4033904512723287,0.9822561005015432,0.9820041232638889
10,62,0.0004400378093123436,0.0005836621858179569,0.5330779155095419,0.3603694240252177,0.9826057339891975,0.9804144965277778
10,63,0.0004298306885175407,0.0006034229882061481,0.5420358357606111,0.36067707935969034,0.9828824266975309,0.9817165798611112
10,64,0.00043837184784933925,0.0005631394451484084,0.5347120223221955,0.3779877463976542,0.9827853732638889,0.9813802083333333
10,65,0.00043770024785771966,0.0005810403963550925,0.5344320531244631,0.37212881644566853,0.9827600549768518,0.9843424479166667
10,66,0.0004232225473970175,0.0005923174321651459,0.5509668557732194,0.32916649580001833,0.9831627363040123,0.9821614583333333
10,67,0.0004147119470871985,0.0004988476284779608,0.5596577289663716,0.462118481265174,0.9831024546682099,0.9838812934027777
10,68,0.00039499392732977867,0.0005621855380013585,0.5812125688717689,0.3735904097557068,0.9834786120756173,0.9816243489583333
10,69,0.00038039646460674703,0.0005138268461450934,0.5968209624290466,0.4418306999736362,0.983616657021605,0.9854166666666667
10,70,0.0003798491961788386,0.0005169613286852837,0.5970799834639938,0.4389313817024231,0.983838493441358,0.9837673611111111
10,71,0.0003665188269224018,0.000571178097743541,0.6124719491711369,0.36666960186428493,0.9837836371527777,0.9815321180555555
10,72,0.0003586148377507925,0.00050139962695539,0.6217954080781819,0.46086234516567653,0.9840627411265432,0.9840277777777777
10,73,0.0003480738087091595,0.0005086759338155389,0.6348798940211167,0.45788726541731095,0.9843098958333333,0.9839138454861112
10,74,0.0003459173603914678,0.0005270068650133908,0.6303291525369809,0.4339369151327345,0.9844618055555555,0.9835991753472222
10,75,0.00034754350781440735,0.0005019571399316192,0.6389309850739844,0.4469365159670512,0.9844786844135802,0.9832139756944445
10,76,0.00031924661016091704,0.00048621464520692825,0.6598681770725014,0.48078847328821817,0.984886791087963,0.9859266493055555
10,77,0.0002902068954426795,0.0004865951486863196,0.6928817251582204,0.48250090943442453,0.9856035397376544,0.9858072916666667
10,78,0.0002828525030054152,0.00048308633267879486,0.6991985223911427,0.48667380544874406,0.9857741367669753,0.986767578125
10,79,0.0002710753760766238,0.00047295872354879975,0.7093589791545162,0.5028478079371982,0.9860490210262346,0.9869411892361111
10,80,0.0002658796147443354,0.0004813858831766993,0.7129138041425634,0.48999933931562634,0.9862877363040123,0.9870551215277777
10,81,0.00026130350306630135,0.000500502937939018,0.7197503459306411,0.468694888220893,0.9864951051311729,0.987451171875
10,82,0.000258381012827158,0.00048046238953247666,0.7227851465896323,0.4923909968800015,0.9866030092592593,0.9879828559027778
10,83,0.0002522336726542562,0.0005071944906376302,0.7273097001476052,0.4630289011531406,0.9867054880401235,0.9870985243055556
10,84,0.00025591684971004725,0.0004830017569474876,0.7236780549273079,0.49323052565256753,0.9867953076774691,0.9874294704861111
10,85,0.00024793692864477634,0.00046207563718780875,0.7330368508527308,0.5214631133609348,0.9867820457175925,0.9878526475694445
10,86,0.00024034970556385815,0.0004926585825160146,0.741487627264894,0.48015953302383424,0.987061149691358,0.9873589409722222
10,87,0.0002437117072986439,0.0004579561355058104,0.7379459821147684,0.5210435443454319,0.9870912905092593,0.9884168836805556
10,88,0.00023588736075907946,0.0005154841346666217,0.746839948936745,0.44416241380903454,0.9872245129243827,0.9880045572916667
10,89,0.00023983203573152423,0.0004626132140401751,0.7415355544031402,0.5173631985982259,0.9871774932484568,0.98818359375
10,90,0.00023508451704401523,0.0004932010197080672,0.746201706815649,0.4784566985236274,0.9872576678240741,0.9873426649305556
10,91,0.0002355242904741317,0.00047347182407975197,0.7484105650289559,0.5024283700519138,0.9873709972993827,0.988037109375
10,92,0.00023378344485536218,0.0004569249867927283,0.7500831218413365,0.5238250957594978,0.9872709297839506,0.9877604166666667
10,93,0.0002279568579979241,0.00048462976701557636,0.7558292025401269,0.49071891572740345,0.9873842592592592,0.9870985243055556
10,94,0.0002333906595595181,0.0004659355618059635,0.7502277792235952,0.5044446362389459,0.9872323495370371,0.9876627604166667
10,95,0.00022057851310819387,0.0004932708106935024,0.7656180708496659,0.4756065434879727,0.9874559944058642,0.986669921875
10,96,0.0002234993444290012,0.0004634585347957909,0.7605075435873903,0.5156764308611552,0.9874897521219136,0.9881401909722223
10,97,0.00021791218023281544,0.00045060901902616024,0.7637483970618543,0.5317830191718207,0.987743537808642,0.9883897569444444
10,98,0.00021187620586715639,0.0004602129920385778,0.7740742626013579,0.5174693438741896,0.9877580054012346,0.9891927083333333
10,99,0.00023608337505720556,0.00044652182259596884,0.7515783034724953,0.5395235498746236,0.987326991705247,0.9871853298611111
10,100,0.00022054258442949504,0.00045341954682953656,0.7668607320314572,0.5290778809123569,0.9875319492669753,0.987744140625
10,101,0.00021057538106106222,0.00044933223398402333,0.7737408330411086,0.5325622916221618,0.9878701292438271,0.9877712673611111
10,102,0.00019910185073968023,0.00044480880023911595,0.7845436034379182,0.537204024526808,0.988014805169753,0.9888509114583334
10,103,0.00019666558364406228,0.00045071454951539636,0.7873325316994279,0.5279851158459982,0.988282455632716,0.9885416666666667
10,104,0.00019724447338376194,0.00047469750279560685,0.7879786704793389,0.49861882130304974,0.9882776331018519,0.9886067708333334
10,105,0.00019798934226855636,0.00045387865975499153,0.7864785918483028,0.5285566449165344,0.9882981288580247,0.9887532552083333
10,106,0.00020122225396335125,0.0004567367723211646,0.7823008526990443,0.5184770570860968,0.9883216386959877,0.9878092447916667
10,107,0.00019921369676012546,0.00047844916116446257,0.7853186473434354,0.496020687950982,0.9881986641589506,0.9881130642361111
10,108,0.00019132578745484352,0.0004563908150885254,0.7947830710882022,0.5314708577262031,0.9883945794753086,0.9886501736111111
10,109,0.0001840999466367066,0.00043758456013165414,0.8015858971042398,0.5470671653747559,0.9886019483024692,0.9888020833333333
10,110,0.00019182675168849528,0.00044045504182577133,0.795213136702408,0.539849493238661,0.9885067033179012,0.9896755642361111
10,111,0.000190200938959606,0.000453509041108191,0.7972369526639397,0.5354455404811436,0.9884259259259259,0.9882541232638888
10,112,0.00018560154421720654,0.0004951406735926867,0.8023389133406275,0.4831386499934726,0.9886429398148148,0.9890082465277777
10,113,0.00018273045134264976,0.0004660415288526565,0.8059268090460036,0.5128669566578336,0.9887514467592593,0.9885579427083333
10,114,0.00017798419867176563,0.0004317765706218779,0.8096740881601969,0.5565513571103414,0.9887514467592593,0.9893283420138889
10,115,0.00018212717259302735,0.00042811379535123706,0.8044528148792408,0.5688505901230706,0.9888255931712963,0.9890353732638889
10,116,0.0001861381169874221,0.00044641573913395405,0.800832798893069,0.5393452141020033,0.9888310185185185,0.9885470920138889
10,117,0.00017340145132038742,0.00048078017425723374,0.8163124511271347,0.48781375752555,0.9889889564043209,0.9890950520833334
10,118,0.00017285236390307546,0.0004581880057230592,0.8144429202432986,0.5156104551421271,0.9891028886959876,0.9899251302083333
10,119,0.00017384382954332978,0.0004396573349367827,0.8111251106968632,0.5522217180993821,0.9891921055169753,0.9887966579861112
10,120,0.00018676230683922768,0.00041646763565950096,0.80057330749653,0.5722227467430963,0.9887749565972223,0.9888400607638889
10,121,0.00017930916510522366,0.00043256254866719246,0.8106382018254127,0.5530762341287401,0.9887749565972223,0.9906032986111111
10,122,0.00016884042997844517,0.0004442042554728687,0.8198087564221135,0.5384438302781847,0.9891987364969136,0.9890896267361111
10,123,0.0001709118951112032,0.00043684052070602775,0.8163579483091096,0.5547932293679979,0.9893759645061728,0.9897732204861112
10,124,0.00017195151303894818,0.00043248338624835014,0.8158900129942246,0.562105679512024,0.9893584828317902,0.9895128038194444
10,125,0.00016520649660378695,0.0004454594454728067,0.8240870000403604,0.5393769012557136,0.9895586178626543,0.9895616319444445
10,126,0.00015991553664207458,0.00044462463119998574,0.8285126980440116,0.5439333465364244,0.9897780430169754,0.9896158854166667
10,127,0.00015768373850733042,0.0004464897501748055,0.8297061480121848,0.5383005009757148,0.9897907021604938,0.9895833333333334
10,128,0.00015326797438319772,0.0004656753735616803,0.8339919743714509,0.5193595581584507,0.9897738233024691,0.98974609375
10,129,0.00014666031347587705,0.00044824404176324606,0.8419969647018998,0.5447463777330187,0.9901053722993827,0.9900553385416667
10,130,0.00013192437472753227,0.0004334276309236884,0.8558936600331907,0.5577443665928311,0.9905309606481482,0.9906629774305555
10,131,0.00012750766472890973,0.0004409167158883065,0.8594213866893156,0.5517670498953925,0.9907949942129629,0.9906901041666667
10,132,0.00012614723527804017,0.00044553112820722163,0.8606838595719986,0.5459860020213657,0.990966194058642,0.9910590277777778
10,133,0.0001249076594831422,0.00045409874292090535,0.8618232157495287,0.5377828730477228,0.9911187065972222,0.9908040364583334
10,134,0.00012551889813039452,0.0004605544381774962,0.8608019981855227,0.525323235988617,0.9911446277006173,0.9909233940972222
10,135,0.00012433032679837197,0.00044867012184113264,0.8622116648120645,0.5417091647783915,0.9912410783179012,0.9911458333333333
10,136,0.00012335659994278103,0.00046046095667406917,0.8630260755986343,0.5295135392083062,0.9913550106095679,0.9909884982638889
10,137,0.00012008220073767006,0.0004534352628979832,0.8665141180709556,0.5376593934165107,0.9914936583719136,0.9911566840277778
10,138,0.000118380987260025,0.0004566674761008471,0.8680933057526011,0.5328553014331394,0.9915105372299383,0.9912272135416667
10,139,0.00011780020577134565,0.00045604637125506997,0.8683825907883821,0.5354487101236979,0.9916558159722222,0.9912868923611111
10,140,0.00011687080404954031,0.000461804389487952,0.8693475795380863,0.526888378461202,0.9916895736882716,0.9912434895833333
